source_file,player_id,question_id,letter,category,round_idx,answer_raw,answer_norm,valid,collision,score,round_key
Part2/outputs/answers_player1_prompt2.csv,answers_player1_prompt2,Q001,A,Animals,0,alligator,alligator,1,0,1,Q001::0
Part2/outputs/answers_player1_prompt2.csv,answers_player1_prompt2,Q001,A,Animals,1,antelope,antelope,1,0,1,Q001::1
Part2/outputs/answers_player1_prompt2.csv,answers_player1_prompt2,Q001,A,Animals,2,alligator,alligator,1,0,1,Q001::2
Part2/outputs/answers_player1_prompt2.csv,answers_player1_prompt2,Q001,A,Animals,3,alligator,alligator,1,0,1,Q001::3
Part2/outputs/answers_player1_prompt2.csv,answers_player1_prompt2,Q001,A,Animals,4,alpaca,alpaca,1,0,1,Q001::4
Part2/outputs/answers_player1_prompt2.csv,answers_player1_prompt2,Q001,A,Animals,5,alpaca,alpaca,1,1,0,Q001::5
Part2/outputs/answers_player1_prompt2.csv,answers_player1_prompt2,Q001,A,Animals,6,alpaca,alpaca,1,0,1,Q001::6
Part2/outputs/answers_player1_prompt2.csv,answers_player1_prompt2,Q001,A,Animals,7,panda,panda,1,0,1,Q001::7
Part2/outputs/answers_player1_prompt2.csv,answers_player1_prompt2,Q001,A,Animals,8,alpaca,alpaca,1,0,1,Q001::8
Part2/outputs/answers_player1_prompt2.csv,answers_player1_prompt2,Q001,A,Animals,9,alligator,alligator,1,0,1,Q001::9
Part2/outputs/answers_player1_prompt2.csv,answers_player1_prompt2,Q001,A,Animals,10,antelope,antelope,1,0,1,Q001::10
Part2/outputs/answers_player1_prompt2.csv,answers_player1_prompt2,Q001,A,Animals,11,albatross,albatross,1,0,1,Q001::11
Part2/outputs/answers_player1_prompt2.csv,answers_player1_prompt2,Q001,A,Animals,12,alpaca,alpaca,1,1,0,Q001::12
Part2/outputs/answers_player1_prompt2.csv,answers_player1_prompt2,Q001,A,Animals,13,alpaca,alpaca,1,0,1,Q001::13
Part2/outputs/answers_player1_prompt2.csv,answers_player1_prompt2,Q001,A,Animals,14,alpaca,alpaca,1,0,1,Q001::14
Part2/outputs/answers_player1_prompt2.csv,answers_player1_prompt2,Q001,A,Animals,15,alpaca,alpaca,1,0,1,Q001::15
Part2/outputs/answers_player1_prompt2.csv,answers_player1_prompt2,Q001,A,Animals,16,alpaca,alpaca,1,1,0,Q001::16
Part2/outputs/answers_player1_prompt2.csv,answers_player1_prompt2,Q001,A,Animals,17,alligator,alligator,1,0,1,Q001::17
Part2/outputs/answers_player1_prompt2.csv,answers_player1_prompt2,Q001,A,Animals,18,alpaca,alpaca,1,1,0,Q001::18
Part2/outputs/answers_player1_prompt2.csv,answers_player1_prompt2,Q001,A,Animals,19,alpaca,alpaca,1,0,1,Q001::19
Part2/outputs/answers_player1_prompt2.csv,answers_player1_prompt2,Q002,A,Jobs,0,accountant,accountant,1,1,0,Q002::0
Part2/outputs/answers_player1_prompt2.csv,answers_player1_prompt2,Q002,A,Jobs,1,accountant,accountant,1,1,0,Q002::1
Part2/outputs/answers_player1_prompt2.csv,answers_player1_prompt2,Q002,A,Jobs,2,accountant,accountant,1,1,0,Q002::2
Part2/outputs/answers_player1_prompt2.csv,answers_player1_prompt2,Q002,A,Jobs,3,accountant,accountant,1,1,0,Q002::3
Part2/outputs/answers_player1_prompt2.csv,answers_player1_prompt2,Q002,A,Jobs,4,accountant,accountant,1,1,0,Q002::4
Part2/outputs/answers_player1_prompt2.csv,answers_player1_prompt2,Q002,A,Jobs,5,accountant,accountant,1,1,0,Q002::5
Part2/outputs/answers_player1_prompt2.csv,answers_player1_prompt2,Q002,A,Jobs,6,accountant,accountant,1,1,0,Q002::6
Part2/outputs/answers_player1_prompt2.csv,answers_player1_prompt2,Q002,A,Jobs,7,autoworker,autoworker,1,0,1,Q002::7
Part2/outputs/answers_player1_prompt2.csv,answers_player1_prompt2,Q002,A,Jobs,8,accountant,accountant,1,1,0,Q002::8
Part2/outputs/answers_player1_prompt2.csv,answers_player1_prompt2,Q002,A,Jobs,9,accountant,accountant,1,1,0,Q002::9
Part2/outputs/answers_player1_prompt2.csv,answers_player1_prompt2,Q002,A,Jobs,10,accountant,accountant,1,1,0,Q002::10
Part2/outputs/answers_player1_prompt2.csv,answers_player1_prompt2,Q002,A,Jobs,11,accountant,accountant,1,1,0,Q002::11
Part2/outputs/answers_player1_prompt2.csv,answers_player1_prompt2,Q002,A,Jobs,12,accountant,accountant,1,1,0,Q002::12
Part2/outputs/answers_player1_prompt2.csv,answers_player1_prompt2,Q002,A,Jobs,13,accountant,accountant,1,0,1,Q002::13
Part2/outputs/answers_player1_prompt2.csv,answers_player1_prompt2,Q002,A,Jobs,14,accountant,accountant,1,1,0,Q002::14
Part2/outputs/answers_player1_prompt2.csv,answers_player1_prompt2,Q002,A,Jobs,15,accountant,accountant,1,1,0,Q002::15
Part2/outputs/answers_player1_prompt2.csv,answers_player1_prompt2,Q002,A,Jobs,16,accountant,accountant,1,1,0,Q002::16
Part2/outputs/answers_player1_prompt2.csv,answers_player1_prompt2,Q002,A,Jobs,17,accountant,accountant,1,1,0,Q002::17
Part2/outputs/answers_player1_prompt2.csv,answers_player1_prompt2,Q002,A,Jobs,18,accountant,accountant,1,1,0,Q002::18
Part2/outputs/answers_player1_prompt2.csv,answers_player1_prompt2,Q002,A,Jobs,19,accountant,accountant,1,1,0,Q002::19
Part2/outputs/answers_player1_prompt2.csv,answers_player1_prompt2,Q003,B,Fruits,0,blueberry,blueberry,1,1,0,Q003::0
Part2/outputs/answers_player1_prompt2.csv,answers_player1_prompt2,Q003,B,Fruits,1,blueberry,blueberry,1,1,0,Q003::1
Part2/outputs/answers_player1_prompt2.csv,answers_player1_prompt2,Q003,B,Fruits,2,blueberry,blueberry,1,1,0,Q003::2
Part2/outputs/answers_player1_prompt2.csv,answers_player1_prompt2,Q003,B,Fruits,3,blueberry,blueberry,1,1,0,Q003::3
Part2/outputs/answers_player1_prompt2.csv,answers_player1_prompt2,Q003,B,Fruits,4,blueberry,blueberry,1,1,0,Q003::4
Part2/outputs/answers_player1_prompt2.csv,answers_player1_prompt2,Q003,B,Fruits,5,banana,banana,1,0,1,Q003::5
Part2/outputs/answers_player1_prompt2.csv,answers_player1_prompt2,Q003,B,Fruits,6,blueberry,blueberry,1,1,0,Q003::6
Part2/outputs/answers_player1_prompt2.csv,answers_player1_prompt2,Q003,B,Fruits,7,blueberry,blueberry,1,1,0,Q003::7
Part2/outputs/answers_player1_prompt2.csv,answers_player1_prompt2,Q003,B,Fruits,8,blueberry,blueberry,1,1,0,Q003::8
Part2/outputs/answers_player1_prompt2.csv,answers_player1_prompt2,Q003,B,Fruits,9,blueberry,blueberry,1,0,1,Q003::9
Part2/outputs/answers_player1_prompt2.csv,answers_player1_prompt2,Q003,B,Fruits,10,blueberry,blueberry,1,0,1,Q003::10
Part2/outputs/answers_player1_prompt2.csv,answers_player1_prompt2,Q003,B,Fruits,11,blueberry,blueberry,1,1,0,Q003::11
Part2/outputs/answers_player1_prompt2.csv,answers_player1_prompt2,Q003,B,Fruits,12,blueberry,blueberry,1,1,0,Q003::12
Part2/outputs/answers_player1_prompt2.csv,answers_player1_prompt2,Q003,B,Fruits,13,blueberry,blueberry,1,1,0,Q003::13
Part2/outputs/answers_player1_prompt2.csv,answers_player1_prompt2,Q003,B,Fruits,14,blueberry,blueberry,1,1,0,Q003::14
Part2/outputs/answers_player1_prompt2.csv,answers_player1_prompt2,Q003,B,Fruits,15,banana,banana,1,0,1,Q003::15
Part2/outputs/answers_player1_prompt2.csv,answers_player1_prompt2,Q003,B,Fruits,16,blueberry,blueberry,1,1,0,Q003::16
Part2/outputs/answers_player1_prompt2.csv,answers_player1_prompt2,Q003,B,Fruits,17,blueberry,blueberry,1,1,0,Q003::17
Part2/outputs/answers_player1_prompt2.csv,answers_player1_prompt2,Q003,B,Fruits,18,blueberry,blueberry,1,1,0,Q003::18
Part2/outputs/answers_player1_prompt2.csv,answers_player1_prompt2,Q003,B,Fruits,19,blueberry,blueberry,1,1,0,Q003::19
Part2/outputs/answers_player1_prompt2.csv,answers_player1_prompt2,Q004,B,Things that are red,0,strawberry,strawberry,1,0,1,Q004::0
Part2/outputs/answers_player1_prompt2.csv,answers_player1_prompt2,Q004,B,Things that are red,1,strawberry,strawberry,1,0,1,Q004::1
Part2/outputs/answers_player1_prompt2.csv,answers_player1_prompt2,Q004,B,Things that are red,2,stop sign,stop sign,1,0,1,Q004::2
Part2/outputs/answers_player1_prompt2.csv,answers_player1_prompt2,Q004,B,Things that are red,3,strawberry,strawberry,1,0,1,Q004::3
Part2/outputs/answers_player1_prompt2.csv,answers_player1_prompt2,Q004,B,Things that are red,4,stop sign,stop sign,1,1,0,Q004::4
Part2/outputs/answers_player1_prompt2.csv,answers_player1_prompt2,Q004,B,Things that are red,5,stop sign,stop sign,1,1,0,Q004::5
Part2/outputs/answers_player1_prompt2.csv,answers_player1_prompt2,Q004,B,Things that are red,6,stop sign,stop sign,1,1,0,Q004::6
Part2/outputs/answers_player1_prompt2.csv,answers_player1_prompt2,Q004,B,Things that are red,7,strawberry,strawberry,1,0,1,Q004::7
Part2/outputs/answers_player1_prompt2.csv,answers_player1_prompt2,Q004,B,Things that are red,8,strawberry,strawberry,1,0,1,Q004::8
Part2/outputs/answers_player1_prompt2.csv,answers_player1_prompt2,Q004,B,Things that are red,9,stop sign,stop sign,1,1,0,Q004::9
Part2/outputs/answers_player1_prompt2.csv,answers_player1_prompt2,Q004,B,Things that are red,10,stop sign,stop sign,1,1,0,Q004::10
Part2/outputs/answers_player1_prompt2.csv,answers_player1_prompt2,Q004,B,Things that are red,11,stop sign,stop sign,1,1,0,Q004::11
Part2/outputs/answers_player1_prompt2.csv,answers_player1_prompt2,Q004,B,Things that are red,12,stop sign,stop sign,1,1,0,Q004::12
Part2/outputs/answers_player1_prompt2.csv,answers_player1_prompt2,Q004,B,Things that are red,13,stop sign,stop sign,1,0,1,Q004::13
Part2/outputs/answers_player1_prompt2.csv,answers_player1_prompt2,Q004,B,Things that are red,14,stop sign,stop sign,1,1,0,Q004::14
Part2/outputs/answers_player1_prompt2.csv,answers_player1_prompt2,Q004,B,Things that are red,15,stop sign,stop sign,1,1,0,Q004::15
Part2/outputs/answers_player1_prompt2.csv,answers_player1_prompt2,Q004,B,Things that are red,16,stop sign,stop sign,1,1,0,Q004::16
Part2/outputs/answers_player1_prompt2.csv,answers_player1_prompt2,Q004,B,Things that are red,17,strawberry,strawberry,1,0,1,Q004::17
Part2/outputs/answers_player1_prompt2.csv,answers_player1_prompt2,Q004,B,Things that are red,18,stop sign,stop sign,1,1,0,Q004::18
Part2/outputs/answers_player1_prompt2.csv,answers_player1_prompt2,Q004,B,Things that are red,19,stop sign,stop sign,1,1,0,Q004::19
Part2/outputs/answers_player1_prompt2.csv,answers_player1_prompt2,Q005,C,Countries,0,canada,canada,1,1,0,Q005::0
Part2/outputs/answers_player1_prompt2.csv,answers_player1_prompt2,Q005,C,Countries,1,canada,canada,1,1,0,Q005::1
Part2/outputs/answers_player1_prompt2.csv,answers_player1_prompt2,Q005,C,Countries,2,canada,canada,1,1,0,Q005::2
Part2/outputs/answers_player1_prompt2.csv,answers_player1_prompt2,Q005,C,Countries,3,canada,canada,1,1,0,Q005::3
Part2/outputs/answers_player1_prompt2.csv,answers_player1_prompt2,Q005,C,Countries,4,cuba,cuba,1,0,1,Q005::4
Part2/outputs/answers_player1_prompt2.csv,answers_player1_prompt2,Q005,C,Countries,5,canada,canada,1,1,0,Q005::5
Part2/outputs/answers_player1_prompt2.csv,answers_player1_prompt2,Q005,C,Countries,6,canada,canada,1,1,0,Q005::6
Part2/outputs/answers_player1_prompt2.csv,answers_player1_prompt2,Q005,C,Countries,7,canada,canada,1,1,0,Q005::7
Part2/outputs/answers_player1_prompt2.csv,answers_player1_prompt2,Q005,C,Countries,8,canada,canada,1,1,0,Q005::8
Part2/outputs/answers_player1_prompt2.csv,answers_player1_prompt2,Q005,C,Countries,9,canada,canada,1,1,0,Q005::9
Part2/outputs/answers_player1_prompt2.csv,answers_player1_prompt2,Q005,C,Countries,10,canada,canada,1,1,0,Q005::10
Part2/outputs/answers_player1_prompt2.csv,answers_player1_prompt2,Q005,C,Countries,11,canada,canada,1,1,0,Q005::11
Part2/outputs/answers_player1_prompt2.csv,answers_player1_prompt2,Q005,C,Countries,12,canada,canada,1,1,0,Q005::12
Part2/outputs/answers_player1_prompt2.csv,answers_player1_prompt2,Q005,C,Countries,13,congo,congo,1,0,1,Q005::13
Part2/outputs/answers_player1_prompt2.csv,answers_player1_prompt2,Q005,C,Countries,14,canada,canada,1,1,0,Q005::14
Part2/outputs/answers_player1_prompt2.csv,answers_player1_prompt2,Q005,C,Countries,15,canada,canada,1,1,0,Q005::15
Part2/outputs/answers_player1_prompt2.csv,answers_player1_prompt2,Q005,C,Countries,16,canada,canada,1,1,0,Q005::16
Part2/outputs/answers_player1_prompt2.csv,answers_player1_prompt2,Q005,C,Countries,17,canada,canada,1,1,0,Q005::17
Part2/outputs/answers_player1_prompt2.csv,answers_player1_prompt2,Q005,C,Countries,18,canada,canada,1,1,0,Q005::18
Part2/outputs/answers_player1_prompt2.csv,answers_player1_prompt2,Q005,C,Countries,19,canada,canada,1,1,0,Q005::19
Part2/outputs/answers_player1_prompt2.csv,answers_player1_prompt2,Q006,C,Board games,0,checkers,checkers,1,1,0,Q006::0
Part2/outputs/answers_player1_prompt2.csv,answers_player1_prompt2,Q006,C,Board games,1,catANESS,cataness,0,0,0,Q006::1
Part2/outputs/answers_player1_prompt2.csv,answers_player1_prompt2,Q006,C,Board games,2,catan,catan,1,0,1,Q006::2
Part2/outputs/answers_player1_prompt2.csv,answers_player1_prompt2,Q006,C,Board games,3,catan,catan,1,0,1,Q006::3
Part2/outputs/answers_player1_prompt2.csv,answers_player1_prompt2,Q006,C,Board games,4,catanus,catanus,0,0,0,Q006::4
Part2/outputs/answers_player1_prompt2.csv,answers_player1_prompt2,Q006,C,Board games,5,catan,catan,1,0,1,Q006::5
Part2/outputs/answers_player1_prompt2.csv,answers_player1_prompt2,Q006,C,Board games,6,carcassonne,carcassonne,1,1,0,Q006::6
Part2/outputs/answers_player1_prompt2.csv,answers_player1_prompt2,Q006,C,Board games,7,candy crush saga,candy crush saga,0,0,0,Q006::7
Part2/outputs/answers_player1_prompt2.csv,answers_player1_prompt2,Q006,C,Board games,8,catan,catan,1,0,1,Q006::8
Part2/outputs/answers_player1_prompt2.csv,answers_player1_prompt2,Q006,C,Board games,9,chess,chess,1,0,1,Q006::9
Part2/outputs/answers_player1_prompt2.csv,answers_player1_prompt2,Q006,C,Board games,10,chess,chess,1,1,0,Q006::10
Part2/outputs/answers_player1_prompt2.csv,answers_player1_prompt2,Q006,C,Board games,11,checkers,checkers,1,1,0,Q006::11
Part2/outputs/answers_player1_prompt2.csv,answers_player1_prompt2,Q006,C,Board games,12,catan,catan,1,0,1,Q006::12
Part2/outputs/answers_player1_prompt2.csv,answers_player1_prompt2,Q006,C,Board games,13,chess,chess,1,0,1,Q006::13
Part2/outputs/answers_player1_prompt2.csv,answers_player1_prompt2,Q006,C,Board games,14,catan,catan,1,0,1,Q006::14
Part2/outputs/answers_player1_prompt2.csv,answers_player1_prompt2,Q006,C,Board games,15,chess,chess,1,1,0,Q006::15
Part2/outputs/answers_player1_prompt2.csv,answers_player1_prompt2,Q006,C,Board games,16,carcassonne,carcassonne,1,0,1,Q006::16
Part2/outputs/answers_player1_prompt2.csv,answers_player1_prompt2,Q006,C,Board games,17,chess,chess,1,0,1,Q006::17
Part2/outputs/answers_player1_prompt2.csv,answers_player1_prompt2,Q006,C,Board games,18,catan,catan,1,0,1,Q006::18
Part2/outputs/answers_player1_prompt2.csv,answers_player1_prompt2,Q006,C,Board games,19,carcassonne,carcassonne,1,0,1,Q006::19
Part2/outputs/answers_player1_prompt2.csv,answers_player1_prompt2,Q007,D,Musical instruments,0,drum set,drum set,0,0,0,Q007::0
Part2/outputs/answers_player1_prompt2.csv,answers_player1_prompt2,Q007,D,Musical instruments,1,drum set,drum set,0,0,0,Q007::1
Part2/outputs/answers_player1_prompt2.csv,answers_player1_prompt2,Q007,D,Musical instruments,2,drum set,drum set,0,0,0,Q007::2
Part2/outputs/answers_player1_prompt2.csv,answers_player1_prompt2,Q007,D,Musical instruments,3,drum set,drum set,0,0,0,Q007::3
Part2/outputs/answers_player1_prompt2.csv,answers_player1_prompt2,Q007,D,Musical instruments,4,drum set,drum set,0,0,0,Q007::4
Part2/outputs/answers_player1_prompt2.csv,answers_player1_prompt2,Q007,D,Musical instruments,5,drum set,drum set,0,0,0,Q007::5
Part2/outputs/answers_player1_prompt2.csv,answers_player1_prompt2,Q007,D,Musical instruments,6,drum set,drum set,0,0,0,Q007::6
Part2/outputs/answers_player1_prompt2.csv,answers_player1_prompt2,Q007,D,Musical instruments,7,drum set,drum set,0,0,0,Q007::7
Part2/outputs/answers_player1_prompt2.csv,answers_player1_prompt2,Q007,D,Musical instruments,8,drum set,drum set,0,0,0,Q007::8
Part2/outputs/answers_player1_prompt2.csv,answers_player1_prompt2,Q007,D,Musical instruments,9,drum set,drum set,0,0,0,Q007::9
Part2/outputs/answers_player1_prompt2.csv,answers_player1_prompt2,Q007,D,Musical instruments,10,drumsticks,drumsticks,0,0,0,Q007::10
Part2/outputs/answers_player1_prompt2.csv,answers_player1_prompt2,Q007,D,Musical instruments,11,drum set,drum set,0,0,0,Q007::11
Part2/outputs/answers_player1_prompt2.csv,answers_player1_prompt2,Q007,D,Musical instruments,12,drum set,drum set,0,0,0,Q007::12
Part2/outputs/answers_player1_prompt2.csv,answers_player1_prompt2,Q007,D,Musical instruments,13,drum set,drum set,0,0,0,Q007::13
Part2/outputs/answers_player1_prompt2.csv,answers_player1_prompt2,Q007,D,Musical instruments,14,drum set,drum set,0,0,0,Q007::14
Part2/outputs/answers_player1_prompt2.csv,answers_player1_prompt2,Q007,D,Musical instruments,15,drum set,drum set,0,0,0,Q007::15
Part2/outputs/answers_player1_prompt2.csv,answers_player1_prompt2,Q007,D,Musical instruments,16,drum set,drum set,0,0,0,Q007::16
Part2/outputs/answers_player1_prompt2.csv,answers_player1_prompt2,Q007,D,Musical instruments,17,drum set,drum set,0,0,0,Q007::17
Part2/outputs/answers_player1_prompt2.csv,answers_player1_prompt2,Q007,D,Musical instruments,18,didgeridoo,didgeridoo,1,0,1,Q007::18
Part2/outputs/answers_player1_prompt2.csv,answers_player1_prompt2,Q007,D,Musical instruments,19,drum set,drum set,0,0,0,Q007::19
Part2/outputs/answers_player1_prompt2.csv,answers_player1_prompt2,Q008,D,Things in a bathroom,0,soap dispenser,soap dispenser,1,1,0,Q008::0
Part2/outputs/answers_player1_prompt2.csv,answers_player1_prompt2,Q008,D,Things in a bathroom,1,soap dispenser,soap dispenser,1,1,0,Q008::1
Part2/outputs/answers_player1_prompt2.csv,answers_player1_prompt2,Q008,D,Things in a bathroom,2,soap dispenser,soap dispenser,1,1,0,Q008::2
Part2/outputs/answers_player1_prompt2.csv,answers_player1_prompt2,Q008,D,Things in a bathroom,3,soap dispenser,soap dispenser,1,1,0,Q008::3
Part2/outputs/answers_player1_prompt2.csv,answers_player1_prompt2,Q008,D,Things in a bathroom,4,soap dispenser,soap dispenser,1,0,1,Q008::4
Part2/outputs/answers_player1_prompt2.csv,answers_player1_prompt2,Q008,D,Things in a bathroom,5,soap dispenser,soap dispenser,1,0,1,Q008::5
Part2/outputs/answers_player1_prompt2.csv,answers_player1_prompt2,Q008,D,Things in a bathroom,6,soap dispenser,soap dispenser,1,0,1,Q008::6
Part2/outputs/answers_player1_prompt2.csv,answers_player1_prompt2,Q008,D,Things in a bathroom,7,soap dispenser,soap dispenser,1,1,0,Q008::7
Part2/outputs/answers_player1_prompt2.csv,answers_player1_prompt2,Q008,D,Things in a bathroom,8,shampoo,shampoo,0,0,0,Q008::8
Part2/outputs/answers_player1_prompt2.csv,answers_player1_prompt2,Q008,D,Things in a bathroom,9,towel rack,towel rack,1,0,1,Q008::9
Part2/outputs/answers_player1_prompt2.csv,answers_player1_prompt2,Q008,D,Things in a bathroom,10,soap dispenser,soap dispenser,1,1,0,Q008::10
Part2/outputs/answers_player1_prompt2.csv,answers_player1_prompt2,Q008,D,Things in a bathroom,11,soap dispenser,soap dispenser,1,1,0,Q008::11
Part2/outputs/answers_player1_prompt2.csv,answers_player1_prompt2,Q008,D,Things in a bathroom,12,soap dispenser,soap dispenser,1,1,0,Q008::12
Part2/outputs/answers_player1_prompt2.csv,answers_player1_prompt2,Q008,D,Things in a bathroom,13,soap dispenser,soap dispenser,1,1,0,Q008::13
Part2/outputs/answers_player1_prompt2.csv,answers_player1_prompt2,Q008,D,Things in a bathroom,14,soap dispenser,soap dispenser,1,1,0,Q008::14
Part2/outputs/answers_player1_prompt2.csv,answers_player1_prompt2,Q008,D,Things in a bathroom,15,soap dispenser,soap dispenser,1,1,0,Q008::15
Part2/outputs/answers_player1_prompt2.csv,answers_player1_prompt2,Q008,D,Things in a bathroom,16,toothbrush,toothbrush,0,0,0,Q008::16
Part2/outputs/answers_player1_prompt2.csv,answers_player1_prompt2,Q008,D,Things in a bathroom,17,soap dispenser,soap dispenser,1,0,1,Q008::17
Part2/outputs/answers_player1_prompt2.csv,answers_player1_prompt2,Q008,D,Things in a bathroom,18,toothbrush,toothbrush,0,0,0,Q008::18
Part2/outputs/answers_player1_prompt2.csv,answers_player1_prompt2,Q008,D,Things in a bathroom,19,soap dispenser,soap dispenser,1,0,1,Q008::19
Part2/outputs/answers_player1_prompt2.csv,answers_player1_prompt2,Q009,E,Sports,0,tennis,tennis,0,0,0,Q009::0
Part2/outputs/answers_player1_prompt2.csv,answers_player1_prompt2,Q009,E,Sports,1,table tennis,table tennis,0,0,0,Q009::1
Part2/outputs/answers_player1_prompt2.csv,answers_player1_prompt2,Q009,E,Sports,2,tennis,tennis,0,0,0,Q009::2
Part2/outputs/answers_player1_prompt2.csv,answers_player1_prompt2,Q009,E,Sports,3,volley ball,volley ball,0,0,0,Q009::3
Part2/outputs/answers_player1_prompt2.csv,answers_player1_prompt2,Q009,E,Sports,4,tennis,tennis,0,0,0,Q009::4
Part2/outputs/answers_player1_prompt2.csv,answers_player1_prompt2,Q009,E,Sports,5,tennis,tennis,0,0,0,Q009::5
Part2/outputs/answers_player1_prompt2.csv,answers_player1_prompt2,Q009,E,Sports,6,volleyball,volleyball,0,0,0,Q009::6
Part2/outputs/answers_player1_prompt2.csv,answers_player1_prompt2,Q009,E,Sports,7,volley ball,volley ball,0,0,0,Q009::7
Part2/outputs/answers_player1_prompt2.csv,answers_player1_prompt2,Q009,E,Sports,8,tennis,tennis,0,0,0,Q009::8
Part2/outputs/answers_player1_prompt2.csv,answers_player1_prompt2,Q009,E,Sports,9,tennis,tennis,0,0,0,Q009::9
Part2/outputs/answers_player1_prompt2.csv,answers_player1_prompt2,Q009,E,Sports,10,tennis,tennis,0,0,0,Q009::10
Part2/outputs/answers_player1_prompt2.csv,answers_player1_prompt2,Q009,E,Sports,11,volleyball,volleyball,0,0,0,Q009::11
Part2/outputs/answers_player1_prompt2.csv,answers_player1_prompt2,Q009,E,Sports,12,tennis,tennis,0,0,0,Q009::12
Part2/outputs/answers_player1_prompt2.csv,answers_player1_prompt2,Q009,E,Sports,13,volleyball,volleyball,0,0,0,Q009::13
Part2/outputs/answers_player1_prompt2.csv,answers_player1_prompt2,Q009,E,Sports,14,tennis,tennis,0,0,0,Q009::14
Part2/outputs/answers_player1_prompt2.csv,answers_player1_prompt2,Q009,E,Sports,15,tennis,tennis,0,0,0,Q009::15
Part2/outputs/answers_player1_prompt2.csv,answers_player1_prompt2,Q009,E,Sports,16,table tennis,table tennis,0,0,0,Q009::16
Part2/outputs/answers_player1_prompt2.csv,answers_player1_prompt2,Q009,E,Sports,17,volleyball,volleyball,0,0,0,Q009::17
Part2/outputs/answers_player1_prompt2.csv,answers_player1_prompt2,Q009,E,Sports,18,volleyball,volleyball,0,0,0,Q009::18
Part2/outputs/answers_player1_prompt2.csv,answers_player1_prompt2,Q009,E,Sports,19,volleyball,volleyball,0,0,0,Q009::19
Part2/outputs/answers_player1_prompt2.csv,answers_player1_prompt2,Q010,E,Movie titles,0,eclipse,eclipse,1,0,1,Q010::0
Part2/outputs/answers_player1_prompt2.csv,answers_player1_prompt2,Q010,E,Movie titles,1,election day,election day,0,0,0,Q010::1
Part2/outputs/answers_player1_prompt2.csv,answers_player1_prompt2,Q010,E,Movie titles,2,eclipse,eclipse,1,0,1,Q010::2
Part2/outputs/answers_player1_prompt2.csv,answers_player1_prompt2,Q010,E,Movie titles,3,e validationResult,e validationresult,0,0,0,Q010::3
Part2/outputs/answers_player1_prompt2.csv,answers_player1_prompt2,Q010,E,Movie titles,4,easter moon,easter moon,0,0,0,Q010::4
Part2/outputs/answers_player1_prompt2.csv,answers_player1_prompt2,Q010,E,Movie titles,5,eternal sunshine of the spotless mind,eternal sunshine of the spotless mind,0,0,0,Q010::5
Part2/outputs/answers_player1_prompt2.csv,answers_player1_prompt2,Q010,E,Movie titles,6,eternal sunshine of the spotless mind,eternal sunshine of the spotless mind,0,0,0,Q010::6
Part2/outputs/answers_player1_prompt2.csv,answers_player1_prompt2,Q010,E,Movie titles,7,eclipse,eclipse,1,1,0,Q010::7
Part2/outputs/answers_player1_prompt2.csv,answers_player1_prompt2,Q010,E,Movie titles,8,eclipse,eclipse,1,0,1,Q010::8
Part2/outputs/answers_player1_prompt2.csv,answers_player1_prompt2,Q010,E,Movie titles,9,european dusk,european dusk,0,0,0,Q010::9
Part2/outputs/answers_player1_prompt2.csv,answers_player1_prompt2,Q010,E,Movie titles,10,election day,election day,0,0,0,Q010::10
Part2/outputs/answers_player1_prompt2.csv,answers_player1_prompt2,Q010,E,Movie titles,11,elephant gun,elephant gun,0,0,0,Q010::11
Part2/outputs/answers_player1_prompt2.csv,answers_player1_prompt2,Q010,E,Movie titles,12,electric knight,electric knight,0,0,0,Q010::12
Part2/outputs/answers_player1_prompt2.csv,answers_player1_prompt2,Q010,E,Movie titles,13,easy rider,easy rider,1,0,1,Q010::13
Part2/outputs/answers_player1_prompt2.csv,answers_player1_prompt2,Q010,E,Movie titles,14,eagle eyed,eagle eyed,0,0,0,Q010::14
Part2/outputs/answers_player1_prompt2.csv,answers_player1_prompt2,Q010,E,Movie titles,15,electricidad,electricidad,0,0,0,Q010::15
Part2/outputs/answers_player1_prompt2.csv,answers_player1_prompt2,Q010,E,Movie titles,16,elevator窈窕淑女,elevator,0,0,0,Q010::16
Part2/outputs/answers_player1_prompt2.csv,answers_player1_prompt2,Q010,E,Movie titles,17,elephant inundation,elephant inundation,0,0,0,Q010::17
Part2/outputs/answers_player1_prompt2.csv,answers_player1_prompt2,Q010,E,Movie titles,18,eclipse,eclipse,1,0,1,Q010::18
Part2/outputs/answers_player1_prompt2.csv,answers_player1_prompt2,Q010,E,Movie titles,19,eclipse,eclipse,1,0,1,Q010::19
Part2/outputs/answers_player1_prompt2.csv,answers_player1_prompt2,Q011,F,Fish,0,flounder,flounder,1,1,0,Q011::0
Part2/outputs/answers_player1_prompt2.csv,answers_player1_prompt2,Q011,F,Fish,1,flounder,flounder,1,1,0,Q011::1
Part2/outputs/answers_player1_prompt2.csv,answers_player1_prompt2,Q011,F,Fish,2,tilapia,tilapia,0,0,0,Q011::2
Part2/outputs/answers_player1_prompt2.csv,answers_player1_prompt2,Q011,F,Fish,3,flounder,flounder,1,1,0,Q011::3
Part2/outputs/answers_player1_prompt2.csv,answers_player1_prompt2,Q011,F,Fish,4,flounder,flounder,1,1,0,Q011::4
Part2/outputs/answers_player1_prompt2.csv,answers_player1_prompt2,Q011,F,Fish,5,flounder,flounder,1,1,0,Q011::5
Part2/outputs/answers_player1_prompt2.csv,answers_player1_prompt2,Q011,F,Fish,6,flounder,flounder,1,1,0,Q011::6
Part2/outputs/answers_player1_prompt2.csv,answers_player1_prompt2,Q011,F,Fish,7,flounder,flounder,1,1,0,Q011::7
Part2/outputs/answers_player1_prompt2.csv,answers_player1_prompt2,Q011,F,Fish,8,flounder,flounder,1,1,0,Q011::8
Part2/outputs/answers_player1_prompt2.csv,answers_player1_prompt2,Q011,F,Fish,9,flounder,flounder,1,1,0,Q011::9
Part2/outputs/answers_player1_prompt2.csv,answers_player1_prompt2,Q011,F,Fish,10,flounder,flounder,1,1,0,Q011::10
Part2/outputs/answers_player1_prompt2.csv,answers_player1_prompt2,Q011,F,Fish,11,flounder,flounder,1,1,0,Q011::11
Part2/outputs/answers_player1_prompt2.csv,answers_player1_prompt2,Q011,F,Fish,12,flounder,flounder,1,1,0,Q011::12
Part2/outputs/answers_player1_prompt2.csv,answers_player1_prompt2,Q011,F,Fish,13,flounder,flounder,1,1,0,Q011::13
Part2/outputs/answers_player1_prompt2.csv,answers_player1_prompt2,Q011,F,Fish,14,flounder,flounder,1,1,0,Q011::14
Part2/outputs/answers_player1_prompt2.csv,answers_player1_prompt2,Q011,F,Fish,15,flounder,flounder,1,0,1,Q011::15
Part2/outputs/answers_player1_prompt2.csv,answers_player1_prompt2,Q011,F,Fish,16,flounder,flounder,1,1,0,Q011::16
Part2/outputs/answers_player1_prompt2.csv,answers_player1_prompt2,Q011,F,Fish,17,flounder,flounder,1,1,0,Q011::17
Part2/outputs/answers_player1_prompt2.csv,answers_player1_prompt2,Q011,F,Fish,18,flounder,flounder,1,1,0,Q011::18
Part2/outputs/answers_player1_prompt2.csv,answers_player1_prompt2,Q011,F,Fish,19,flounder,flounder,1,1,0,Q011::19
Part2/outputs/answers_player1_prompt2.csv,answers_player1_prompt2,Q012,F,Things in a backpack,0,flashlight,flashlight,1,1,0,Q012::0
Part2/outputs/answers_player1_prompt2.csv,answers_player1_prompt2,Q012,F,Things in a backpack,1,water bottle,water bottle,1,0,1,Q012::1
Part2/outputs/answers_player1_prompt2.csv,answers_player1_prompt2,Q012,F,Things in a backpack,2,flashlight,flashlight,1,1,0,Q012::2
Part2/outputs/answers_player1_prompt2.csv,answers_player1_prompt2,Q012,F,Things in a backpack,3,flashlight,flashlight,1,1,0,Q012::3
Part2/outputs/answers_player1_prompt2.csv,answers_player1_prompt2,Q012,F,Things in a backpack,4,flashlight,flashlight,1,1,0,Q012::4
Part2/outputs/answers_player1_prompt2.csv,answers_player1_prompt2,Q012,F,Things in a backpack,5,flashlight,flashlight,1,1,0,Q012::5
Part2/outputs/answers_player1_prompt2.csv,answers_player1_prompt2,Q012,F,Things in a backpack,6,flashlight,flashlight,1,1,0,Q012::6
Part2/outputs/answers_player1_prompt2.csv,answers_player1_prompt2,Q012,F,Things in a backpack,7,water bottle,water bottle,1,0,1,Q012::7
Part2/outputs/answers_player1_prompt2.csv,answers_player1_prompt2,Q012,F,Things in a backpack,8,flashlight,flashlight,1,1,0,Q012::8
Part2/outputs/answers_player1_prompt2.csv,answers_player1_prompt2,Q012,F,Things in a backpack,9,flashlight,flashlight,1,1,0,Q012::9
Part2/outputs/answers_player1_prompt2.csv,answers_player1_prompt2,Q012,F,Things in a backpack,10,flashlight,flashlight,1,0,1,Q012::10
Part2/outputs/answers_player1_prompt2.csv,answers_player1_prompt2,Q012,F,Things in a backpack,11,flashlight,flashlight,1,1,0,Q012::11
Part2/outputs/answers_player1_prompt2.csv,answers_player1_prompt2,Q012,F,Things in a backpack,12,flashlight,flashlight,1,1,0,Q012::12
Part2/outputs/answers_player1_prompt2.csv,answers_player1_prompt2,Q012,F,Things in a backpack,13,flashlight,flashlight,1,1,0,Q012::13
Part2/outputs/answers_player1_prompt2.csv,answers_player1_prompt2,Q012,F,Things in a backpack,14,flashlight,flashlight,1,1,0,Q012::14
Part2/outputs/answers_player1_prompt2.csv,answers_player1_prompt2,Q012,F,Things in a backpack,15,flashlight,flashlight,1,1,0,Q012::15
Part2/outputs/answers_player1_prompt2.csv,answers_player1_prompt2,Q012,F,Things in a backpack,16,flashlight,flashlight,1,1,0,Q012::16
Part2/outputs/answers_player1_prompt2.csv,answers_player1_prompt2,Q012,F,Things in a backpack,17,flashlight,flashlight,1,1,0,Q012::17
Part2/outputs/answers_player1_prompt2.csv,answers_player1_prompt2,Q012,F,Things in a backpack,18,flashlight,flashlight,1,1,0,Q012::18
Part2/outputs/answers_player1_prompt2.csv,answers_player1_prompt2,Q012,F,Things in a backpack,19,flashlight,flashlight,1,1,0,Q012::19
Part2/outputs/answers_player1_prompt2.csv,answers_player1_prompt2,Q013,G,U.S. states,0,georgia,georgia,1,1,0,Q013::0
Part2/outputs/answers_player1_prompt2.csv,answers_player1_prompt2,Q013,G,U.S. states,1,georgia,georgia,1,1,0,Q013::1
Part2/outputs/answers_player1_prompt2.csv,answers_player1_prompt2,Q013,G,U.S. states,2,nevada,nevada,0,0,0,Q013::2
Part2/outputs/answers_player1_prompt2.csv,answers_player1_prompt2,Q013,G,U.S. states,3,georgia,georgia,1,1,0,Q013::3
Part2/outputs/answers_player1_prompt2.csv,answers_player1_prompt2,Q013,G,U.S. states,4,georgia,georgia,1,0,1,Q013::4
Part2/outputs/answers_player1_prompt2.csv,answers_player1_prompt2,Q013,G,U.S. states,5,georgia,georgia,1,1,0,Q013::5
Part2/outputs/answers_player1_prompt2.csv,answers_player1_prompt2,Q013,G,U.S. states,6,georgia,georgia,1,1,0,Q013::6
Part2/outputs/answers_player1_prompt2.csv,answers_player1_prompt2,Q013,G,U.S. states,7,georgia,georgia,1,1,0,Q013::7
Part2/outputs/answers_player1_prompt2.csv,answers_player1_prompt2,Q013,G,U.S. states,8,georgia,georgia,1,1,0,Q013::8
Part2/outputs/answers_player1_prompt2.csv,answers_player1_prompt2,Q013,G,U.S. states,9,oregon,oregon,0,0,0,Q013::9
Part2/outputs/answers_player1_prompt2.csv,answers_player1_prompt2,Q013,G,U.S. states,10,georgia,georgia,1,0,1,Q013::10
Part2/outputs/answers_player1_prompt2.csv,answers_player1_prompt2,Q013,G,U.S. states,11,georgia,georgia,1,1,0,Q013::11
Part2/outputs/answers_player1_prompt2.csv,answers_player1_prompt2,Q013,G,U.S. states,12,georgia,georgia,1,1,0,Q013::12
Part2/outputs/answers_player1_prompt2.csv,answers_player1_prompt2,Q013,G,U.S. states,13,georgia,georgia,1,1,0,Q013::13
Part2/outputs/answers_player1_prompt2.csv,answers_player1_prompt2,Q013,G,U.S. states,14,georgia,georgia,1,1,0,Q013::14
Part2/outputs/answers_player1_prompt2.csv,answers_player1_prompt2,Q013,G,U.S. states,15,georgia,georgia,1,1,0,Q013::15
Part2/outputs/answers_player1_prompt2.csv,answers_player1_prompt2,Q013,G,U.S. states,16,georgia,georgia,1,1,0,Q013::16
Part2/outputs/answers_player1_prompt2.csv,answers_player1_prompt2,Q013,G,U.S. states,17,georgia,georgia,1,0,1,Q013::17
Part2/outputs/answers_player1_prompt2.csv,answers_player1_prompt2,Q013,G,U.S. states,18,georgia,georgia,1,1,0,Q013::18
Part2/outputs/answers_player1_prompt2.csv,answers_player1_prompt2,Q013,G,U.S. states,19,georgia,georgia,1,1,0,Q013::19
Part2/outputs/answers_player1_prompt2.csv,answers_player1_prompt2,Q014,G,Foods,0,guacamole,guacamole,1,0,1,Q014::0
Part2/outputs/answers_player1_prompt2.csv,answers_player1_prompt2,Q014,G,Foods,1,grapes,grapes,1,0,1,Q014::1
Part2/outputs/answers_player1_prompt2.csv,answers_player1_prompt2,Q014,G,Foods,2,grilled cheese,grilled cheese,1,0,1,Q014::2
Part2/outputs/answers_player1_prompt2.csv,answers_player1_prompt2,Q014,G,Foods,3,guacamole,guacamole,1,0,1,Q014::3
Part2/outputs/answers_player1_prompt2.csv,answers_player1_prompt2,Q014,G,Foods,4,garlic bread,garlic bread,1,1,0,Q014::4
Part2/outputs/answers_player1_prompt2.csv,answers_player1_prompt2,Q014,G,Foods,5,guacamole,guacamole,1,0,1,Q014::5
Part2/outputs/answers_player1_prompt2.csv,answers_player1_prompt2,Q014,G,Foods,6,garlic bread,garlic bread,1,0,1,Q014::6
Part2/outputs/answers_player1_prompt2.csv,answers_player1_prompt2,Q014,G,Foods,7,grapes,grapes,1,0,1,Q014::7
Part2/outputs/answers_player1_prompt2.csv,answers_player1_prompt2,Q014,G,Foods,8,garlic bread,garlic bread,1,1,0,Q014::8
Part2/outputs/answers_player1_prompt2.csv,answers_player1_prompt2,Q014,G,Foods,9,grapefruit,grapefruit,1,0,1,Q014::9
Part2/outputs/answers_player1_prompt2.csv,answers_player1_prompt2,Q014,G,Foods,10,guacamole,guacamole,1,0,1,Q014::10
Part2/outputs/answers_player1_prompt2.csv,answers_player1_prompt2,Q014,G,Foods,11,garlic bread,garlic bread,1,0,1,Q014::11
Part2/outputs/answers_player1_prompt2.csv,answers_player1_prompt2,Q014,G,Foods,12,guacamole,guacamole,1,0,1,Q014::12
Part2/outputs/answers_player1_prompt2.csv,answers_player1_prompt2,Q014,G,Foods,13,gelato,gelato,1,0,1,Q014::13
Part2/outputs/answers_player1_prompt2.csv,answers_player1_prompt2,Q014,G,Foods,14,garlic bread,garlic bread,1,1,0,Q014::14
Part2/outputs/answers_player1_prompt2.csv,answers_player1_prompt2,Q014,G,Foods,15,garlic bread,garlic bread,1,1,0,Q014::15
Part2/outputs/answers_player1_prompt2.csv,answers_player1_prompt2,Q014,G,Foods,16,gelato,gelato,1,0,1,Q014::16
Part2/outputs/answers_player1_prompt2.csv,answers_player1_prompt2,Q014,G,Foods,17,guacamole,guacamole,1,1,0,Q014::17
Part2/outputs/answers_player1_prompt2.csv,answers_player1_prompt2,Q014,G,Foods,18,grilled cheese,grilled cheese,1,0,1,Q014::18
Part2/outputs/answers_player1_prompt2.csv,answers_player1_prompt2,Q014,G,Foods,19,guacamole,guacamole,1,0,1,Q014::19
Part2/outputs/answers_player1_prompt2.csv,answers_player1_prompt2,Q015,H,Famous scientists,0,huygens,huygens,1,0,1,Q015::0
Part2/outputs/answers_player1_prompt2.csv,answers_player1_prompt2,Q015,H,Famous scientists,1,galileo galilei,galileo galilei,0,0,0,Q015::1
Part2/outputs/answers_player1_prompt2.csv,answers_player1_prompt2,Q015,H,Famous scientists,2,galileo galilei,galileo galilei,0,0,0,Q015::2
Part2/outputs/answers_player1_prompt2.csv,answers_player1_prompt2,Q015,H,Famous scientists,3,galileo galilei,galileo galilei,0,0,0,Q015::3
Part2/outputs/answers_player1_prompt2.csv,answers_player1_prompt2,Q015,H,Famous scientists,4,galileo galilei,galileo galilei,0,0,0,Q015::4
Part2/outputs/answers_player1_prompt2.csv,answers_player1_prompt2,Q015,H,Famous scientists,5,galileo galilei,galileo galilei,0,0,0,Q015::5
Part2/outputs/answers_player1_prompt2.csv,answers_player1_prompt2,Q015,H,Famous scientists,6,huygens,huygens,1,1,0,Q015::6
Part2/outputs/answers_player1_prompt2.csv,answers_player1_prompt2,Q015,H,Famous scientists,7,hendrik hertzelsius,hendrik hertzelsius,0,0,0,Q015::7
Part2/outputs/answers_player1_prompt2.csv,answers_player1_prompt2,Q015,H,Famous scientists,8,huygens,huygens,1,0,1,Q015::8
Part2/outputs/answers_player1_prompt2.csv,answers_player1_prompt2,Q015,H,Famous scientists,9,hawking,hawking,1,0,1,Q015::9
Part2/outputs/answers_player1_prompt2.csv,answers_player1_prompt2,Q015,H,Famous scientists,10,hertz,hertz,1,0,1,Q015::10
Part2/outputs/answers_player1_prompt2.csv,answers_player1_prompt2,Q015,H,Famous scientists,11,galileo galilei,galileo galilei,0,0,0,Q015::11
Part2/outputs/answers_player1_prompt2.csv,answers_player1_prompt2,Q015,H,Famous scientists,12,galileo galilei,galileo galilei,0,0,0,Q015::12
Part2/outputs/answers_player1_prompt2.csv,answers_player1_prompt2,Q015,H,Famous scientists,13,galileo galilei,galileo galilei,0,0,0,Q015::13
Part2/outputs/answers_player1_prompt2.csv,answers_player1_prompt2,Q015,H,Famous scientists,14,galileo galilei,galileo galilei,0,0,0,Q015::14
Part2/outputs/answers_player1_prompt2.csv,answers_player1_prompt2,Q015,H,Famous scientists,15,isaac newton,isaac newton,0,0,0,Q015::15
Part2/outputs/answers_player1_prompt2.csv,answers_player1_prompt2,Q015,H,Famous scientists,16,hawking,hawking,1,0,1,Q015::16
Part2/outputs/answers_player1_prompt2.csv,answers_player1_prompt2,Q015,H,Famous scientists,17,marie curie,marie curie,0,0,0,Q015::17
Part2/outputs/answers_player1_prompt2.csv,answers_player1_prompt2,Q015,H,Famous scientists,18,hopper,hopper,0,0,0,Q015::18
Part2/outputs/answers_player1_prompt2.csv,answers_player1_prompt2,Q015,H,Famous scientists,19,galileo galilei,galileo galilei,0,0,0,Q015::19
Part2/outputs/answers_player1_prompt2.csv,answers_player1_prompt2,Q016,H,Things at the beach,0,sandcastle,sandcastle,0,0,0,Q016::0
Part2/outputs/answers_player1_prompt2.csv,answers_player1_prompt2,Q016,H,Things at the beach,1,sandcastle,sandcastle,0,0,0,Q016::1
Part2/outputs/answers_player1_prompt2.csv,answers_player1_prompt2,Q016,H,Things at the beach,2,sandcastle,sandcastle,0,0,0,Q016::2
Part2/outputs/answers_player1_prompt2.csv,answers_player1_prompt2,Q016,H,Things at the beach,3,sandcastle,sandcastle,0,0,0,Q016::3
Part2/outputs/answers_player1_prompt2.csv,answers_player1_prompt2,Q016,H,Things at the beach,4,sandcastle,sandcastle,0,0,0,Q016::4
Part2/outputs/answers_player1_prompt2.csv,answers_player1_prompt2,Q016,H,Things at the beach,5,sandcastle,sandcastle,0,0,0,Q016::5
Part2/outputs/answers_player1_prompt2.csv,answers_player1_prompt2,Q016,H,Things at the beach,6,sandcastle,sandcastle,0,0,0,Q016::6
Part2/outputs/answers_player1_prompt2.csv,answers_player1_prompt2,Q016,H,Things at the beach,7,sandcastle,sandcastle,0,0,0,Q016::7
Part2/outputs/answers_player1_prompt2.csv,answers_player1_prompt2,Q016,H,Things at the beach,8,sandcastle,sandcastle,0,0,0,Q016::8
Part2/outputs/answers_player1_prompt2.csv,answers_player1_prompt2,Q016,H,Things at the beach,9,sandcastle,sandcastle,0,0,0,Q016::9
Part2/outputs/answers_player1_prompt2.csv,answers_player1_prompt2,Q016,H,Things at the beach,10,sandcastle,sandcastle,0,0,0,Q016::10
Part2/outputs/answers_player1_prompt2.csv,answers_player1_prompt2,Q016,H,Things at the beach,11,sunhat,sunhat,1,0,1,Q016::11
Part2/outputs/answers_player1_prompt2.csv,answers_player1_prompt2,Q016,H,Things at the beach,12,sandcastle,sandcastle,0,0,0,Q016::12
Part2/outputs/answers_player1_prompt2.csv,answers_player1_prompt2,Q016,H,Things at the beach,13,sandcastle,sandcastle,0,0,0,Q016::13
Part2/outputs/answers_player1_prompt2.csv,answers_player1_prompt2,Q016,H,Things at the beach,14,sandcastle,sandcastle,0,0,0,Q016::14
Part2/outputs/answers_player1_prompt2.csv,answers_player1_prompt2,Q016,H,Things at the beach,15,sandcastle,sandcastle,0,0,0,Q016::15
Part2/outputs/answers_player1_prompt2.csv,answers_player1_prompt2,Q016,H,Things at the beach,16,sandcastle,sandcastle,0,0,0,Q016::16
Part2/outputs/answers_player1_prompt2.csv,answers_player1_prompt2,Q016,H,Things at the beach,17,sun hat,sun hat,1,0,1,Q016::17
Part2/outputs/answers_player1_prompt2.csv,answers_player1_prompt2,Q016,H,Things at the beach,18,sandcastle,sandcastle,0,0,0,Q016::18
Part2/outputs/answers_player1_prompt2.csv,answers_player1_prompt2,Q016,H,Things at the beach,19,sunhat,sunhat,1,0,1,Q016::19
Part2/outputs/answers_player1_prompt2.csv,answers_player1_prompt2,Q017,I,Cities,0,indianapolis,indianapolis,1,0,1,Q017::0
Part2/outputs/answers_player1_prompt2.csv,answers_player1_prompt2,Q017,I,Cities,1,iceland,iceland,0,0,0,Q017::1
Part2/outputs/answers_player1_prompt2.csv,answers_player1_prompt2,Q017,I,Cities,2,iceland,iceland,0,0,0,Q017::2
Part2/outputs/answers_player1_prompt2.csv,answers_player1_prompt2,Q017,I,Cities,3,indianapolis,indianapolis,1,1,0,Q017::3
Part2/outputs/answers_player1_prompt2.csv,answers_player1_prompt2,Q017,I,Cities,4,indianapolis,indianapolis,1,1,0,Q017::4
Part2/outputs/answers_player1_prompt2.csv,answers_player1_prompt2,Q017,I,Cities,5,indianapolis,indianapolis,1,0,1,Q017::5
Part2/outputs/answers_player1_prompt2.csv,answers_player1_prompt2,Q017,I,Cities,6,indianapolis,indianapolis,1,1,0,Q017::6
Part2/outputs/answers_player1_prompt2.csv,answers_player1_prompt2,Q017,I,Cities,7,indianapolis,indianapolis,1,1,0,Q017::7
Part2/outputs/answers_player1_prompt2.csv,answers_player1_prompt2,Q017,I,Cities,8,indianapolis,indianapolis,1,0,1,Q017::8
Part2/outputs/answers_player1_prompt2.csv,answers_player1_prompt2,Q017,I,Cities,9,indianapolis,indianapolis,1,1,0,Q017::9
Part2/outputs/answers_player1_prompt2.csv,answers_player1_prompt2,Q017,I,Cities,10,indianapolis,indianapolis,1,0,1,Q017::10
Part2/outputs/answers_player1_prompt2.csv,answers_player1_prompt2,Q017,I,Cities,11,indianapolis,indianapolis,1,0,1,Q017::11
Part2/outputs/answers_player1_prompt2.csv,answers_player1_prompt2,Q017,I,Cities,12,iceland,iceland,0,0,0,Q017::12
Part2/outputs/answers_player1_prompt2.csv,answers_player1_prompt2,Q017,I,Cities,13,indianapolis,indianapolis,1,0,1,Q017::13
Part2/outputs/answers_player1_prompt2.csv,answers_player1_prompt2,Q017,I,Cities,14,indianapolis,indianapolis,1,0,1,Q017::14
Part2/outputs/answers_player1_prompt2.csv,answers_player1_prompt2,Q017,I,Cities,15,istanbul,istanbul,0,0,0,Q017::15
Part2/outputs/answers_player1_prompt2.csv,answers_player1_prompt2,Q017,I,Cities,16,indianapolis,indianapolis,1,0,1,Q017::16
Part2/outputs/answers_player1_prompt2.csv,answers_player1_prompt2,Q017,I,Cities,17,indianapolis,indianapolis,1,0,1,Q017::17
Part2/outputs/answers_player1_prompt2.csv,answers_player1_prompt2,Q017,I,Cities,18,iceland,iceland,0,0,0,Q017::18
Part2/outputs/answers_player1_prompt2.csv,answers_player1_prompt2,Q017,I,Cities,19,indianapolis,indianapolis,1,1,0,Q017::19
Part2/outputs/answers_player1_prompt2.csv,answers_player1_prompt2,Q018,I,Things in a classroom,0,blackboard,blackboard,1,0,1,Q018::0
Part2/outputs/answers_player1_prompt2.csv,answers_player1_prompt2,Q018,I,Things in a classroom,1,interactive whiteboard,interactive whiteboard,1,0,1,Q018::1
Part2/outputs/answers_player1_prompt2.csv,answers_player1_prompt2,Q018,I,Things in a classroom,2,interactive whiteboard,interactive whiteboard,1,0,1,Q018::2
Part2/outputs/answers_player1_prompt2.csv,answers_player1_prompt2,Q018,I,Things in a classroom,3,whiteboard,whiteboard,1,0,1,Q018::3
Part2/outputs/answers_player1_prompt2.csv,answers_player1_prompt2,Q018,I,Things in a classroom,4,interactive whiteboard,interactive whiteboard,1,0,1,Q018::4
Part2/outputs/answers_player1_prompt2.csv,answers_player1_prompt2,Q018,I,Things in a classroom,5,interactive whiteboard,interactive whiteboard,1,0,1,Q018::5
Part2/outputs/answers_player1_prompt2.csv,answers_player1_prompt2,Q018,I,Things in a classroom,6,interactive whiteboard,interactive whiteboard,1,1,0,Q018::6
Part2/outputs/answers_player1_prompt2.csv,answers_player1_prompt2,Q018,I,Things in a classroom,7,interactive whiteboard,interactive whiteboard,1,1,0,Q018::7
Part2/outputs/answers_player1_prompt2.csv,answers_player1_prompt2,Q018,I,Things in a classroom,8,interactio-loop,interactio-loop,0,0,0,Q018::8
Part2/outputs/answers_player1_prompt2.csv,answers_player1_prompt2,Q018,I,Things in a classroom,9,interactive whiteboard,interactive whiteboard,1,0,1,Q018::9
Part2/outputs/answers_player1_prompt2.csv,answers_player1_prompt2,Q018,I,Things in a classroom,10,intextbook,intextbook,0,0,0,Q018::10
Part2/outputs/answers_player1_prompt2.csv,answers_player1_prompt2,Q018,I,Things in a classroom,11,interactive whiteboard,interactive whiteboard,1,1,0,Q018::11
Part2/outputs/answers_player1_prompt2.csv,answers_player1_prompt2,Q018,I,Things in a classroom,12,whiteboard,whiteboard,1,0,1,Q018::12
Part2/outputs/answers_player1_prompt2.csv,answers_player1_prompt2,Q018,I,Things in a classroom,13,interactive whiteboard,interactive whiteboard,1,0,1,Q018::13
Part2/outputs/answers_player1_prompt2.csv,answers_player1_prompt2,Q018,I,Things in a classroom,14,interactive whiteboard,interactive whiteboard,1,1,0,Q018::14
Part2/outputs/answers_player1_prompt2.csv,answers_player1_prompt2,Q018,I,Things in a classroom,15,interior decorator,interior decorator,0,0,0,Q018::15
Part2/outputs/answers_player1_prompt2.csv,answers_player1_prompt2,Q018,I,Things in a classroom,16,chalkboard,chalkboard,0,0,0,Q018::16
Part2/outputs/answers_player1_prompt2.csv,answers_player1_prompt2,Q018,I,Things in a classroom,17,blackboard,blackboard,1,0,1,Q018::17
Part2/outputs/answers_player1_prompt2.csv,answers_player1_prompt2,Q018,I,Things in a classroom,18,whiteboard,whiteboard,1,0,1,Q018::18
Part2/outputs/answers_player1_prompt2.csv,answers_player1_prompt2,Q018,I,Things in a classroom,19,interactboard,interactboard,1,0,1,Q018::19
Part2/outputs/answers_player1_prompt2.csv,answers_player1_prompt2,Q019,J,Car brands,0,jaguar,jaguar,1,1,0,Q019::0
Part2/outputs/answers_player1_prompt2.csv,answers_player1_prompt2,Q019,J,Car brands,1,jaguar,jaguar,1,1,0,Q019::1
Part2/outputs/answers_player1_prompt2.csv,answers_player1_prompt2,Q019,J,Car brands,2,jaguar,jaguar,1,1,0,Q019::2
Part2/outputs/answers_player1_prompt2.csv,answers_player1_prompt2,Q019,J,Car brands,3,jaguar,jaguar,1,1,0,Q019::3
Part2/outputs/answers_player1_prompt2.csv,answers_player1_prompt2,Q019,J,Car brands,4,jeep,jeep,0,0,0,Q019::4
Part2/outputs/answers_player1_prompt2.csv,answers_player1_prompt2,Q019,J,Car brands,5,jaguar,jaguar,1,1,0,Q019::5
Part2/outputs/answers_player1_prompt2.csv,answers_player1_prompt2,Q019,J,Car brands,6,jaguar,jaguar,1,1,0,Q019::6
Part2/outputs/answers_player1_prompt2.csv,answers_player1_prompt2,Q019,J,Car brands,7,jaguar,jaguar,1,1,0,Q019::7
Part2/outputs/answers_player1_prompt2.csv,answers_player1_prompt2,Q019,J,Car brands,8,jaguar,jaguar,1,1,0,Q019::8
Part2/outputs/answers_player1_prompt2.csv,answers_player1_prompt2,Q019,J,Car brands,9,jaguar,jaguar,1,1,0,Q019::9
Part2/outputs/answers_player1_prompt2.csv,answers_player1_prompt2,Q019,J,Car brands,10,jaguar,jaguar,1,1,0,Q019::10
Part2/outputs/answers_player1_prompt2.csv,answers_player1_prompt2,Q019,J,Car brands,11,jaguar,jaguar,1,1,0,Q019::11
Part2/outputs/answers_player1_prompt2.csv,answers_player1_prompt2,Q019,J,Car brands,12,jaguar,jaguar,1,1,0,Q019::12
Part2/outputs/answers_player1_prompt2.csv,answers_player1_prompt2,Q019,J,Car brands,13,jaguar,jaguar,1,1,0,Q019::13
Part2/outputs/answers_player1_prompt2.csv,answers_player1_prompt2,Q019,J,Car brands,14,jaguar,jaguar,1,1,0,Q019::14
Part2/outputs/answers_player1_prompt2.csv,answers_player1_prompt2,Q019,J,Car brands,15,jaguar,jaguar,1,1,0,Q019::15
Part2/outputs/answers_player1_prompt2.csv,answers_player1_prompt2,Q019,J,Car brands,16,jaguar,jaguar,1,1,0,Q019::16
Part2/outputs/answers_player1_prompt2.csv,answers_player1_prompt2,Q019,J,Car brands,17,jaguar,jaguar,1,1,0,Q019::17
Part2/outputs/answers_player1_prompt2.csv,answers_player1_prompt2,Q019,J,Car brands,18,jaguar,jaguar,1,1,0,Q019::18
Part2/outputs/answers_player1_prompt2.csv,answers_player1_prompt2,Q019,J,Car brands,19,jaguar,jaguar,1,1,0,Q019::19
Part2/outputs/answers_player1_prompt2.csv,answers_player1_prompt2,Q020,J,Video game titles,0,just dance,just dance,1,0,1,Q020::0
Part2/outputs/answers_player1_prompt2.csv,answers_player1_prompt2,Q020,J,Video game titles,1,just dance,just dance,1,1,0,Q020::1
Part2/outputs/answers_player1_prompt2.csv,answers_player1_prompt2,Q020,J,Video game titles,2,just dance,just dance,1,0,1,Q020::2
Part2/outputs/answers_player1_prompt2.csv,answers_player1_prompt2,Q020,J,Video game titles,3,just dance,just dance,1,0,1,Q020::3
Part2/outputs/answers_player1_prompt2.csv,answers_player1_prompt2,Q020,J,Video game titles,4,just dance,just dance,1,0,1,Q020::4
Part2/outputs/answers_player1_prompt2.csv,answers_player1_prompt2,Q020,J,Video game titles,5,just dance,just dance,1,0,1,Q020::5
Part2/outputs/answers_player1_prompt2.csv,answers_player1_prompt2,Q020,J,Video game titles,6,just dance,just dance,1,1,0,Q020::6
Part2/outputs/answers_player1_prompt2.csv,answers_player1_prompt2,Q020,J,Video game titles,7,just dance,just dance,1,0,1,Q020::7
Part2/outputs/answers_player1_prompt2.csv,answers_player1_prompt2,Q020,J,Video game titles,8,journey to the center,journey to the center,0,0,0,Q020::8
Part2/outputs/answers_player1_prompt2.csv,answers_player1_prompt2,Q020,J,Video game titles,9,journey to the center,journey to the center,0,0,0,Q020::9
Part2/outputs/answers_player1_prompt2.csv,answers_player1_prompt2,Q020,J,Video game titles,10,just cause,just cause,1,0,1,Q020::10
Part2/outputs/answers_player1_prompt2.csv,answers_player1_prompt2,Q020,J,Video game titles,11,journey to the center of the earth,journey to the center of the earth,0,0,0,Q020::11
Part2/outputs/answers_player1_prompt2.csv,answers_player1_prompt2,Q020,J,Video game titles,12,jungle hunt,jungle hunt,1,0,1,Q020::12
Part2/outputs/answers_player1_prompt2.csv,answers_player1_prompt2,Q020,J,Video game titles,13,just dance,just dance,1,0,1,Q020::13
Part2/outputs/answers_player1_prompt2.csv,answers_player1_prompt2,Q020,J,Video game titles,14,just dance,just dance,1,0,1,Q020::14
Part2/outputs/answers_player1_prompt2.csv,answers_player1_prompt2,Q020,J,Video game titles,15,just dance,just dance,1,0,1,Q020::15
Part2/outputs/answers_player1_prompt2.csv,answers_player1_prompt2,Q020,J,Video game titles,16,just dance,just dance,1,1,0,Q020::16
Part2/outputs/answers_player1_prompt2.csv,answers_player1_prompt2,Q020,J,Video game titles,17,just dance,just dance,1,0,1,Q020::17
Part2/outputs/answers_player1_prompt2.csv,answers_player1_prompt2,Q020,J,Video game titles,18,just dance,just dance,1,0,1,Q020::18
Part2/outputs/answers_player1_prompt2.csv,answers_player1_prompt2,Q020,J,Video game titles,19,journey to the center,journey to the center,0,0,0,Q020::19
Part2/outputs/answers_player1_prompt2.csv,answers_player1_prompt2,Q021,K,Superheroes,0,kal-el,kal-el,1,0,1,Q021::0
Part2/outputs/answers_player1_prompt2.csv,answers_player1_prompt2,Q021,K,Superheroes,1,kal-el,kal-el,1,0,1,Q021::1
Part2/outputs/answers_player1_prompt2.csv,answers_player1_prompt2,Q021,K,Superheroes,2,karnak,karnak,1,0,1,Q021::2
Part2/outputs/answers_player1_prompt2.csv,answers_player1_prompt2,Q021,K,Superheroes,3,deadpool,deadpool,0,0,0,Q021::3
Part2/outputs/answers_player1_prompt2.csv,answers_player1_prompt2,Q021,K,Superheroes,4,captain marvel,captain marvel,0,0,0,Q021::4
Part2/outputs/answers_player1_prompt2.csv,answers_player1_prompt2,Q021,K,Superheroes,5,kangaroo kid,kangaroo kid,0,0,0,Q021::5
Part2/outputs/answers_player1_prompt2.csv,answers_player1_prompt2,Q021,K,Superheroes,6,kickmaster ken,kickmaster ken,0,0,0,Q021::6
Part2/outputs/answers_player1_prompt2.csv,answers_player1_prompt2,Q021,K,Superheroes,7,iron man,iron man,0,0,0,Q021::7
Part2/outputs/answers_player1_prompt2.csv,answers_player1_prompt2,Q021,K,Superheroes,8,king kong,king kong,0,0,0,Q021::8
Part2/outputs/answers_player1_prompt2.csv,answers_player1_prompt2,Q021,K,Superheroes,9,superman,superman,0,0,0,Q021::9
Part2/outputs/answers_player1_prompt2.csv,answers_player1_prompt2,Q021,K,Superheroes,10,kangaroo kid,kangaroo kid,0,0,0,Q021::10
Part2/outputs/answers_player1_prompt2.csv,answers_player1_prompt2,Q021,K,Superheroes,11,spider-man,spider-man,0,0,0,Q021::11
Part2/outputs/answers_player1_prompt2.csv,answers_player1_prompt2,Q021,K,Superheroes,12,kal-el,kal-el,1,0,1,Q021::12
Part2/outputs/answers_player1_prompt2.csv,answers_player1_prompt2,Q021,K,Superheroes,13,superman katar注明出处：阿里云Qwen生成,superman katar注明出处：阿里云qwen,0,0,0,Q021::13
Part2/outputs/answers_player1_prompt2.csv,answers_player1_prompt2,Q021,K,Superheroes,14,kal-el,kal-el,1,0,1,Q021::14
Part2/outputs/answers_player1_prompt2.csv,answers_player1_prompt2,Q021,K,Superheroes,15,iron man,iron man,0,0,0,Q021::15
Part2/outputs/answers_player1_prompt2.csv,answers_player1_prompt2,Q021,K,Superheroes,16,spider-man,spider-man,0,0,0,Q021::16
Part2/outputs/answers_player1_prompt2.csv,answers_player1_prompt2,Q021,K,Superheroes,17,kal-el,kal-el,1,0,1,Q021::17
Part2/outputs/answers_player1_prompt2.csv,answers_player1_prompt2,Q021,K,Superheroes,18,kal-el,kal-el,1,1,0,Q021::18
Part2/outputs/answers_player1_prompt2.csv,answers_player1_prompt2,Q021,K,Superheroes,19,black knight,black knight,1,0,1,Q021::19
Part2/outputs/answers_player1_prompt2.csv,answers_player1_prompt2,Q022,K,Things in a grocery store,0,kiwi,kiwi,1,1,0,Q022::0
Part2/outputs/answers_player1_prompt2.csv,answers_player1_prompt2,Q022,K,Things in a grocery store,1,kiwi,kiwi,1,1,0,Q022::1
Part2/outputs/answers_player1_prompt2.csv,answers_player1_prompt2,Q022,K,Things in a grocery store,2,ketchup,ketchup,1,0,1,Q022::2
Part2/outputs/answers_player1_prompt2.csv,answers_player1_prompt2,Q022,K,Things in a grocery store,3,kiwi,kiwi,1,0,1,Q022::3
Part2/outputs/answers_player1_prompt2.csv,answers_player1_prompt2,Q022,K,Things in a grocery store,4,kiwi,kiwi,1,0,1,Q022::4
Part2/outputs/answers_player1_prompt2.csv,answers_player1_prompt2,Q022,K,Things in a grocery store,5,kiwi,kiwi,1,1,0,Q022::5
Part2/outputs/answers_player1_prompt2.csv,answers_player1_prompt2,Q022,K,Things in a grocery store,6,ketchup,ketchup,1,0,1,Q022::6
Part2/outputs/answers_player1_prompt2.csv,answers_player1_prompt2,Q022,K,Things in a grocery store,7,kiwi,kiwi,1,1,0,Q022::7
Part2/outputs/answers_player1_prompt2.csv,answers_player1_prompt2,Q022,K,Things in a grocery store,8,ketchup,ketchup,1,1,0,Q022::8
Part2/outputs/answers_player1_prompt2.csv,answers_player1_prompt2,Q022,K,Things in a grocery store,9,ketchup,ketchup,1,0,1,Q022::9
Part2/outputs/answers_player1_prompt2.csv,answers_player1_prompt2,Q022,K,Things in a grocery store,10,ketchup,ketchup,1,1,0,Q022::10
Part2/outputs/answers_player1_prompt2.csv,answers_player1_prompt2,Q022,K,Things in a grocery store,11,ketchup,ketchup,1,0,1,Q022::11
Part2/outputs/answers_player1_prompt2.csv,answers_player1_prompt2,Q022,K,Things in a grocery store,12,kiwi,kiwi,1,0,1,Q022::12
Part2/outputs/answers_player1_prompt2.csv,answers_player1_prompt2,Q022,K,Things in a grocery store,13,ketchup,ketchup,1,0,1,Q022::13
Part2/outputs/answers_player1_prompt2.csv,answers_player1_prompt2,Q022,K,Things in a grocery store,14,kiwi,kiwi,1,1,0,Q022::14
Part2/outputs/answers_player1_prompt2.csv,answers_player1_prompt2,Q022,K,Things in a grocery store,15,potato chips,potato chips,0,0,0,Q022::15
Part2/outputs/answers_player1_prompt2.csv,answers_player1_prompt2,Q022,K,Things in a grocery store,16,kiwi,kiwi,1,1,0,Q022::16
Part2/outputs/answers_player1_prompt2.csv,answers_player1_prompt2,Q022,K,Things in a grocery store,17,kiwi,kiwi,1,1,0,Q022::17
Part2/outputs/answers_player1_prompt2.csv,answers_player1_prompt2,Q022,K,Things in a grocery store,18,ketchup,ketchup,1,0,1,Q022::18
Part2/outputs/answers_player1_prompt2.csv,answers_player1_prompt2,Q022,K,Things in a grocery store,19,kiwi,kiwi,1,1,0,Q022::19
Part2/outputs/answers_player1_prompt2.csv,answers_player1_prompt2,Q023,L,Dog breeds,0,labrador retriever,labrador retriever,1,1,0,Q023::0
Part2/outputs/answers_player1_prompt2.csv,answers_player1_prompt2,Q023,L,Dog breeds,1,labrador retriever,labrador retriever,1,1,0,Q023::1
Part2/outputs/answers_player1_prompt2.csv,answers_player1_prompt2,Q023,L,Dog breeds,2,labrador retriever,labrador retriever,1,1,0,Q023::2
Part2/outputs/answers_player1_prompt2.csv,answers_player1_prompt2,Q023,L,Dog breeds,3,labrador retriever,labrador retriever,1,1,0,Q023::3
Part2/outputs/answers_player1_prompt2.csv,answers_player1_prompt2,Q023,L,Dog breeds,4,labrador retriever,labrador retriever,1,1,0,Q023::4
Part2/outputs/answers_player1_prompt2.csv,answers_player1_prompt2,Q023,L,Dog breeds,5,labrador retriever,labrador retriever,1,1,0,Q023::5
Part2/outputs/answers_player1_prompt2.csv,answers_player1_prompt2,Q023,L,Dog breeds,6,labrador retriever,labrador retriever,1,1,0,Q023::6
Part2/outputs/answers_player1_prompt2.csv,answers_player1_prompt2,Q023,L,Dog breeds,7,labrador retriever,labrador retriever,1,1,0,Q023::7
Part2/outputs/answers_player1_prompt2.csv,answers_player1_prompt2,Q023,L,Dog breeds,8,labrador retriever,labrador retriever,1,1,0,Q023::8
Part2/outputs/answers_player1_prompt2.csv,answers_player1_prompt2,Q023,L,Dog breeds,9,labrador retriever,labrador retriever,1,1,0,Q023::9
Part2/outputs/answers_player1_prompt2.csv,answers_player1_prompt2,Q023,L,Dog breeds,10,labrador retriever,labrador retriever,1,1,0,Q023::10
Part2/outputs/answers_player1_prompt2.csv,answers_player1_prompt2,Q023,L,Dog breeds,11,labrador retriever,labrador retriever,1,1,0,Q023::11
Part2/outputs/answers_player1_prompt2.csv,answers_player1_prompt2,Q023,L,Dog breeds,12,labrador retriever,labrador retriever,1,1,0,Q023::12
Part2/outputs/answers_player1_prompt2.csv,answers_player1_prompt2,Q023,L,Dog breeds,13,labrador retriever,labrador retriever,1,1,0,Q023::13
Part2/outputs/answers_player1_prompt2.csv,answers_player1_prompt2,Q023,L,Dog breeds,14,labrador retriever,labrador retriever,1,1,0,Q023::14
Part2/outputs/answers_player1_prompt2.csv,answers_player1_prompt2,Q023,L,Dog breeds,15,labrador retriever,labrador retriever,1,1,0,Q023::15
Part2/outputs/answers_player1_prompt2.csv,answers_player1_prompt2,Q023,L,Dog breeds,16,labrador retriever,labrador retriever,1,1,0,Q023::16
Part2/outputs/answers_player1_prompt2.csv,answers_player1_prompt2,Q023,L,Dog breeds,17,labrador retriever,labrador retriever,1,1,0,Q023::17
Part2/outputs/answers_player1_prompt2.csv,answers_player1_prompt2,Q023,L,Dog breeds,18,labrador retriever,labrador retriever,1,1,0,Q023::18
Part2/outputs/answers_player1_prompt2.csv,answers_player1_prompt2,Q023,L,Dog breeds,19,labrador retriever,labrador retriever,1,1,0,Q023::19
Part2/outputs/answers_player1_prompt2.csv,answers_player1_prompt2,Q024,L,Books,0,lord of flies,lord of flies,0,0,0,Q024::0
Part2/outputs/answers_player1_prompt2.csv,answers_player1_prompt2,Q024,L,Books,1,lorem ipsum,lorem ipsum,0,0,0,Q024::1
Part2/outputs/answers_player1_prompt2.csv,answers_player1_prompt2,Q024,L,Books,2,lord of flies,lord of flies,0,0,0,Q024::2
Part2/outputs/answers_player1_prompt2.csv,answers_player1_prompt2,Q024,L,Books,3,lord of the rings,lord of the rings,1,0,1,Q024::3
Part2/outputs/answers_player1_prompt2.csv,answers_player1_prompt2,Q024,L,Books,4,lovecraft'sforgettable,lovecraft'sforgettable,0,0,0,Q024::4
Part2/outputs/answers_player1_prompt2.csv,answers_player1_prompt2,Q024,L,Books,5,lord of the flies,lord of the flies,1,1,0,Q024::5
Part2/outputs/answers_player1_prompt2.csv,answers_player1_prompt2,Q024,L,Books,6,lord of the flies,lord of the flies,1,1,0,Q024::6
Part2/outputs/answers_player1_prompt2.csv,answers_player1_prompt2,Q024,L,Books,7,lord of the rings,lord of the rings,1,0,1,Q024::7
Part2/outputs/answers_player1_prompt2.csv,answers_player1_prompt2,Q024,L,Books,8,lord of flies,lord of flies,0,0,0,Q024::8
Part2/outputs/answers_player1_prompt2.csv,answers_player1_prompt2,Q024,L,Books,9,lord of flies,lord of flies,0,0,0,Q024::9
Part2/outputs/answers_player1_prompt2.csv,answers_player1_prompt2,Q024,L,Books,10,lamb to the slaughter,lamb to the slaughter,1,0,1,Q024::10
Part2/outputs/answers_player1_prompt2.csv,answers_player1_prompt2,Q024,L,Books,11,loving læsning,loving læsning,0,0,0,Q024::11
Part2/outputs/answers_player1_prompt2.csv,answers_player1_prompt2,Q024,L,Books,12,lord of the flies,lord of the flies,1,0,1,Q024::12
Part2/outputs/answers_player1_prompt2.csv,answers_player1_prompt2,Q024,L,Books,13,lord of the flies,lord of the flies,1,0,1,Q024::13
Part2/outputs/answers_player1_prompt2.csv,answers_player1_prompt2,Q024,L,Books,14,lord of the rings,lord of the rings,1,0,1,Q024::14
Part2/outputs/answers_player1_prompt2.csv,answers_player1_prompt2,Q024,L,Books,15,lord of the flies,lord of the flies,1,0,1,Q024::15
Part2/outputs/answers_player1_prompt2.csv,answers_player1_prompt2,Q024,L,Books,16,lord of the flies,lord of the flies,1,0,1,Q024::16
Part2/outputs/answers_player1_prompt2.csv,answers_player1_prompt2,Q024,L,Books,17,lorem ipsum,lorem ipsum,0,0,0,Q024::17
Part2/outputs/answers_player1_prompt2.csv,answers_player1_prompt2,Q024,L,Books,18,lord of the flies,lord of the flies,1,0,1,Q024::18
Part2/outputs/answers_player1_prompt2.csv,answers_player1_prompt2,Q024,L,Books,19,lives of tobias fasolinka,lives of tobias fasolinka,0,0,0,Q024::19
Part2/outputs/answers_player1_prompt2.csv,answers_player1_prompt2,Q025,M,Languages,0,mandarin,mandarin,1,1,0,Q025::0
Part2/outputs/answers_player1_prompt2.csv,answers_player1_prompt2,Q025,M,Languages,1,mandarin,mandarin,1,1,0,Q025::1
Part2/outputs/answers_player1_prompt2.csv,answers_player1_prompt2,Q025,M,Languages,2,mandarin,mandarin,1,1,0,Q025::2
Part2/outputs/answers_player1_prompt2.csv,answers_player1_prompt2,Q025,M,Languages,3,mandarin,mandarin,1,1,0,Q025::3
Part2/outputs/answers_player1_prompt2.csv,answers_player1_prompt2,Q025,M,Languages,4,mandarin,mandarin,1,1,0,Q025::4
Part2/outputs/answers_player1_prompt2.csv,answers_player1_prompt2,Q025,M,Languages,5,mandarin,mandarin,1,1,0,Q025::5
Part2/outputs/answers_player1_prompt2.csv,answers_player1_prompt2,Q025,M,Languages,6,mongolian,mongolian,1,1,0,Q025::6
Part2/outputs/answers_player1_prompt2.csv,answers_player1_prompt2,Q025,M,Languages,7,mandarin,mandarin,1,1,0,Q025::7
Part2/outputs/answers_player1_prompt2.csv,answers_player1_prompt2,Q025,M,Languages,8,mandarin,mandarin,1,1,0,Q025::8
Part2/outputs/answers_player1_prompt2.csv,answers_player1_prompt2,Q025,M,Languages,9,mandarin,mandarin,1,1,0,Q025::9
Part2/outputs/answers_player1_prompt2.csv,answers_player1_prompt2,Q025,M,Languages,10,mandarin,mandarin,1,1,0,Q025::10
Part2/outputs/answers_player1_prompt2.csv,answers_player1_prompt2,Q025,M,Languages,11,mongolian,mongolian,1,0,1,Q025::11
Part2/outputs/answers_player1_prompt2.csv,answers_player1_prompt2,Q025,M,Languages,12,mandarin,mandarin,1,1,0,Q025::12
Part2/outputs/answers_player1_prompt2.csv,answers_player1_prompt2,Q025,M,Languages,13,mongolian,mongolian,1,0,1,Q025::13
Part2/outputs/answers_player1_prompt2.csv,answers_player1_prompt2,Q025,M,Languages,14,mandarin,mandarin,1,0,1,Q025::14
Part2/outputs/answers_player1_prompt2.csv,answers_player1_prompt2,Q025,M,Languages,15,mandarin,mandarin,1,1,0,Q025::15
Part2/outputs/answers_player1_prompt2.csv,answers_player1_prompt2,Q025,M,Languages,16,mandarin,mandarin,1,1,0,Q025::16
Part2/outputs/answers_player1_prompt2.csv,answers_player1_prompt2,Q025,M,Languages,17,mandarin,mandarin,1,1,0,Q025::17
Part2/outputs/answers_player1_prompt2.csv,answers_player1_prompt2,Q025,M,Languages,18,mandarin,mandarin,1,1,0,Q025::18
Part2/outputs/answers_player1_prompt2.csv,answers_player1_prompt2,Q025,M,Languages,19,mandarin,mandarin,1,1,0,Q025::19
Part2/outputs/answers_player1_prompt2.csv,answers_player1_prompt2,Q026,M,Clothing items,0,jeans,jeans,0,0,0,Q026::0
Part2/outputs/answers_player1_prompt2.csv,answers_player1_prompt2,Q026,M,Clothing items,1,sweater,sweater,0,0,0,Q026::1
Part2/outputs/answers_player1_prompt2.csv,answers_player1_prompt2,Q026,M,Clothing items,2,sweater,sweater,0,0,0,Q026::2
Part2/outputs/answers_player1_prompt2.csv,answers_player1_prompt2,Q026,M,Clothing items,3,jeans,jeans,0,0,0,Q026::3
Part2/outputs/answers_player1_prompt2.csv,answers_player1_prompt2,Q026,M,Clothing items,4,sweater,sweater,0,0,0,Q026::4
Part2/outputs/answers_player1_prompt2.csv,answers_player1_prompt2,Q026,M,Clothing items,5,mittens,mittens,1,0,1,Q026::5
Part2/outputs/answers_player1_prompt2.csv,answers_player1_prompt2,Q026,M,Clothing items,6,jeans,jeans,0,0,0,Q026::6
Part2/outputs/answers_player1_prompt2.csv,answers_player1_prompt2,Q026,M,Clothing items,7,sweater,sweater,0,0,0,Q026::7
Part2/outputs/answers_player1_prompt2.csv,answers_player1_prompt2,Q026,M,Clothing items,8,socks,socks,0,0,0,Q026::8
Part2/outputs/answers_player1_prompt2.csv,answers_player1_prompt2,Q026,M,Clothing items,9,jeans,jeans,0,0,0,Q026::9
Part2/outputs/answers_player1_prompt2.csv,answers_player1_prompt2,Q026,M,Clothing items,10,jeans,jeans,0,0,0,Q026::10
Part2/outputs/answers_player1_prompt2.csv,answers_player1_prompt2,Q026,M,Clothing items,11,sweater,sweater,0,0,0,Q026::11
Part2/outputs/answers_player1_prompt2.csv,answers_player1_prompt2,Q026,M,Clothing items,12,sweater,sweater,0,0,0,Q026::12
Part2/outputs/answers_player1_prompt2.csv,answers_player1_prompt2,Q026,M,Clothing items,13,jeans,jeans,0,0,0,Q026::13
Part2/outputs/answers_player1_prompt2.csv,answers_player1_prompt2,Q026,M,Clothing items,14,jeans,jeans,0,0,0,Q026::14
Part2/outputs/answers_player1_prompt2.csv,answers_player1_prompt2,Q026,M,Clothing items,15,sweater,sweater,0,0,0,Q026::15
Part2/outputs/answers_player1_prompt2.csv,answers_player1_prompt2,Q026,M,Clothing items,16,jeans,jeans,0,0,0,Q026::16
Part2/outputs/answers_player1_prompt2.csv,answers_player1_prompt2,Q026,M,Clothing items,17,t-shirt,t-shirt,0,0,0,Q026::17
Part2/outputs/answers_player1_prompt2.csv,answers_player1_prompt2,Q026,M,Clothing items,18,mug,mug,0,0,0,Q026::18
Part2/outputs/answers_player1_prompt2.csv,answers_player1_prompt2,Q026,M,Clothing items,19,mittens,mittens,1,0,1,Q026::19
Part2/outputs/answers_player1_prompt2.csv,answers_player1_prompt2,Q027,N,Birds,0,nightingale,nightingale,1,1,0,Q027::0
Part2/outputs/answers_player1_prompt2.csv,answers_player1_prompt2,Q027,N,Birds,1,penguin,penguin,0,0,0,Q027::1
Part2/outputs/answers_player1_prompt2.csv,answers_player1_prompt2,Q027,N,Birds,2,nightingale,nightingale,1,1,0,Q027::2
Part2/outputs/answers_player1_prompt2.csv,answers_player1_prompt2,Q027,N,Birds,3,nightingale,nightingale,1,0,1,Q027::3
Part2/outputs/answers_player1_prompt2.csv,answers_player1_prompt2,Q027,N,Birds,4,nilometer pigeon,nilometer pigeon,0,0,0,Q027::4
Part2/outputs/answers_player1_prompt2.csv,answers_player1_prompt2,Q027,N,Birds,5,nightingale,nightingale,1,1,0,Q027::5
Part2/outputs/answers_player1_prompt2.csv,answers_player1_prompt2,Q027,N,Birds,6,albatross,albatross,0,0,0,Q027::6
Part2/outputs/answers_player1_prompt2.csv,answers_player1_prompt2,Q027,N,Birds,7,nightingale,nightingale,1,1,0,Q027::7
Part2/outputs/answers_player1_prompt2.csv,answers_player1_prompt2,Q027,N,Birds,8,nightingale,nightingale,1,1,0,Q027::8
Part2/outputs/answers_player1_prompt2.csv,answers_player1_prompt2,Q027,N,Birds,9,nightingale,nightingale,1,1,0,Q027::9
Part2/outputs/answers_player1_prompt2.csv,answers_player1_prompt2,Q027,N,Birds,10,nightingale,nightingale,1,1,0,Q027::10
Part2/outputs/answers_player1_prompt2.csv,answers_player1_prompt2,Q027,N,Birds,11,nightingale,nightingale,1,1,0,Q027::11
Part2/outputs/answers_player1_prompt2.csv,answers_player1_prompt2,Q027,N,Birds,12,nightingale,nightingale,1,0,1,Q027::12
Part2/outputs/answers_player1_prompt2.csv,answers_player1_prompt2,Q027,N,Birds,13,nightingale,nightingale,1,1,0,Q027::13
Part2/outputs/answers_player1_prompt2.csv,answers_player1_prompt2,Q027,N,Birds,14,nightingale,nightingale,1,0,1,Q027::14
Part2/outputs/answers_player1_prompt2.csv,answers_player1_prompt2,Q027,N,Birds,15,noah,noah,0,0,0,Q027::15
Part2/outputs/answers_player1_prompt2.csv,answers_player1_prompt2,Q027,N,Birds,16,nightingale,nightingale,1,1,0,Q027::16
Part2/outputs/answers_player1_prompt2.csv,answers_player1_prompt2,Q027,N,Birds,17,penguin,penguin,0,0,0,Q027::17
Part2/outputs/answers_player1_prompt2.csv,answers_player1_prompt2,Q027,N,Birds,18,penguin,penguin,0,0,0,Q027::18
Part2/outputs/answers_player1_prompt2.csv,answers_player1_prompt2,Q027,N,Birds,19,penguin,penguin,0,0,0,Q027::19
Part2/outputs/answers_player1_prompt2.csv,answers_player1_prompt2,Q028,N,Things in a hospital,0,nurse,nurse,1,1,0,Q028::0
Part2/outputs/answers_player1_prompt2.csv,answers_player1_prompt2,Q028,N,Things in a hospital,1,nurse,nurse,1,1,0,Q028::1
Part2/outputs/answers_player1_prompt2.csv,answers_player1_prompt2,Q028,N,Things in a hospital,2,nurse,nurse,1,1,0,Q028::2
Part2/outputs/answers_player1_prompt2.csv,answers_player1_prompt2,Q028,N,Things in a hospital,3,nurse,nurse,1,1,0,Q028::3
Part2/outputs/answers_player1_prompt2.csv,answers_player1_prompt2,Q028,N,Things in a hospital,4,nurse,nurse,1,1,0,Q028::4
Part2/outputs/answers_player1_prompt2.csv,answers_player1_prompt2,Q028,N,Things in a hospital,5,nurse,nurse,1,1,0,Q028::5
Part2/outputs/answers_player1_prompt2.csv,answers_player1_prompt2,Q028,N,Things in a hospital,6,nurse,nurse,1,1,0,Q028::6
Part2/outputs/answers_player1_prompt2.csv,answers_player1_prompt2,Q028,N,Things in a hospital,7,nurse,nurse,1,1,0,Q028::7
Part2/outputs/answers_player1_prompt2.csv,answers_player1_prompt2,Q028,N,Things in a hospital,8,nurse,nurse,1,1,0,Q028::8
Part2/outputs/answers_player1_prompt2.csv,answers_player1_prompt2,Q028,N,Things in a hospital,9,nurse,nurse,1,1,0,Q028::9
Part2/outputs/answers_player1_prompt2.csv,answers_player1_prompt2,Q028,N,Things in a hospital,10,nurse,nurse,1,1,0,Q028::10
Part2/outputs/answers_player1_prompt2.csv,answers_player1_prompt2,Q028,N,Things in a hospital,11,nurse,nurse,1,1,0,Q028::11
Part2/outputs/answers_player1_prompt2.csv,answers_player1_prompt2,Q028,N,Things in a hospital,12,nurse,nurse,1,1,0,Q028::12
Part2/outputs/answers_player1_prompt2.csv,answers_player1_prompt2,Q028,N,Things in a hospital,13,nurse,nurse,1,1,0,Q028::13
Part2/outputs/answers_player1_prompt2.csv,answers_player1_prompt2,Q028,N,Things in a hospital,14,nurse,nurse,1,1,0,Q028::14
Part2/outputs/answers_player1_prompt2.csv,answers_player1_prompt2,Q028,N,Things in a hospital,15,nurse,nurse,1,1,0,Q028::15
Part2/outputs/answers_player1_prompt2.csv,answers_player1_prompt2,Q028,N,Things in a hospital,16,nurse,nurse,1,1,0,Q028::16
Part2/outputs/answers_player1_prompt2.csv,answers_player1_prompt2,Q028,N,Things in a hospital,17,nurse,nurse,1,1,0,Q028::17
Part2/outputs/answers_player1_prompt2.csv,answers_player1_prompt2,Q028,N,Things in a hospital,18,nurse,nurse,1,1,0,Q028::18
Part2/outputs/answers_player1_prompt2.csv,answers_player1_prompt2,Q028,N,Things in a hospital,19,nurse,nurse,1,1,0,Q028::19
Part2/outputs/answers_player1_prompt2.csv,answers_player1_prompt2,Q029,O,Companies,0,oracle,oracle,1,0,1,Q029::0
Part2/outputs/answers_player1_prompt2.csv,answers_player1_prompt2,Q029,O,Companies,1,office depot,office depot,1,0,1,Q029::1
Part2/outputs/answers_player1_prompt2.csv,answers_player1_prompt2,Q029,O,Companies,2,oracle,oracle,1,0,1,Q029::2
Part2/outputs/answers_player1_prompt2.csv,answers_player1_prompt2,Q029,O,Companies,3,oracle,oracle,1,1,0,Q029::3
Part2/outputs/answers_player1_prompt2.csv,answers_player1_prompt2,Q029,O,Companies,4,office depot,office depot,1,0,1,Q029::4
Part2/outputs/answers_player1_prompt2.csv,answers_player1_prompt2,Q029,O,Companies,5,oracle,oracle,1,1,0,Q029::5
Part2/outputs/answers_player1_prompt2.csv,answers_player1_prompt2,Q029,O,Companies,6,oracle,oracle,1,1,0,Q029::6
Part2/outputs/answers_player1_prompt2.csv,answers_player1_prompt2,Q029,O,Companies,7,oracle,oracle,1,1,0,Q029::7
Part2/outputs/answers_player1_prompt2.csv,answers_player1_prompt2,Q029,O,Companies,8,oracle,oracle,1,1,0,Q029::8
Part2/outputs/answers_player1_prompt2.csv,answers_player1_prompt2,Q029,O,Companies,9,oracle,oracle,1,1,0,Q029::9
Part2/outputs/answers_player1_prompt2.csv,answers_player1_prompt2,Q029,O,Companies,10,oracle,oracle,1,1,0,Q029::10
Part2/outputs/answers_player1_prompt2.csv,answers_player1_prompt2,Q029,O,Companies,11,oracle,oracle,1,1,0,Q029::11
Part2/outputs/answers_player1_prompt2.csv,answers_player1_prompt2,Q029,O,Companies,12,oracle,oracle,1,1,0,Q029::12
Part2/outputs/answers_player1_prompt2.csv,answers_player1_prompt2,Q029,O,Companies,13,office depot,office depot,1,0,1,Q029::13
Part2/outputs/answers_player1_prompt2.csv,answers_player1_prompt2,Q029,O,Companies,14,office depot,office depot,1,0,1,Q029::14
Part2/outputs/answers_player1_prompt2.csv,answers_player1_prompt2,Q029,O,Companies,15,oracle,oracle,1,1,0,Q029::15
Part2/outputs/answers_player1_prompt2.csv,answers_player1_prompt2,Q029,O,Companies,16,oracle,oracle,1,1,0,Q029::16
Part2/outputs/answers_player1_prompt2.csv,answers_player1_prompt2,Q029,O,Companies,17,oracle,oracle,1,1,0,Q029::17
Part2/outputs/answers_player1_prompt2.csv,answers_player1_prompt2,Q029,O,Companies,18,office depot,office depot,1,0,1,Q029::18
Part2/outputs/answers_player1_prompt2.csv,answers_player1_prompt2,Q029,O,Companies,19,oracle,oracle,1,0,1,Q029::19
Part2/outputs/answers_player1_prompt2.csv,answers_player1_prompt2,Q030,O,Things in the sky,0,cloud,cloud,0,0,0,Q030::0
Part2/outputs/answers_player1_prompt2.csv,answers_player1_prompt2,Q030,O,Things in the sky,1,cloud,cloud,0,0,0,Q030::1
Part2/outputs/answers_player1_prompt2.csv,answers_player1_prompt2,Q030,O,Things in the sky,2,cloud,cloud,0,0,0,Q030::2
Part2/outputs/answers_player1_prompt2.csv,answers_player1_prompt2,Q030,O,Things in the sky,3,cloud,cloud,0,0,0,Q030::3
Part2/outputs/answers_player1_prompt2.csv,answers_player1_prompt2,Q030,O,Things in the sky,4,clouds,clouds,0,0,0,Q030::4
Part2/outputs/answers_player1_prompt2.csv,answers_player1_prompt2,Q030,O,Things in the sky,5,cloud,cloud,0,0,0,Q030::5
Part2/outputs/answers_player1_prompt2.csv,answers_player1_prompt2,Q030,O,Things in the sky,6,cloud,cloud,0,0,0,Q030::6
Part2/outputs/answers_player1_prompt2.csv,answers_player1_prompt2,Q030,O,Things in the sky,7,clouds,clouds,0,0,0,Q030::7
Part2/outputs/answers_player1_prompt2.csv,answers_player1_prompt2,Q030,O,Things in the sky,8,clouds,clouds,0,0,0,Q030::8
Part2/outputs/answers_player1_prompt2.csv,answers_player1_prompt2,Q030,O,Things in the sky,9,clouds,clouds,0,0,0,Q030::9
Part2/outputs/answers_player1_prompt2.csv,answers_player1_prompt2,Q030,O,Things in the sky,10,cloud,cloud,0,0,0,Q030::10
Part2/outputs/answers_player1_prompt2.csv,answers_player1_prompt2,Q030,O,Things in the sky,11,clouds,clouds,0,0,0,Q030::11
Part2/outputs/answers_player1_prompt2.csv,answers_player1_prompt2,Q030,O,Things in the sky,12,cloud,cloud,0,0,0,Q030::12
Part2/outputs/answers_player1_prompt2.csv,answers_player1_prompt2,Q030,O,Things in the sky,13,cloud,cloud,0,0,0,Q030::13
Part2/outputs/answers_player1_prompt2.csv,answers_player1_prompt2,Q030,O,Things in the sky,14,clouds,clouds,0,0,0,Q030::14
Part2/outputs/answers_player1_prompt2.csv,answers_player1_prompt2,Q030,O,Things in the sky,15,clouds,clouds,0,0,0,Q030::15
Part2/outputs/answers_player1_prompt2.csv,answers_player1_prompt2,Q030,O,Things in the sky,16,clouds,clouds,0,0,0,Q030::16
Part2/outputs/answers_player1_prompt2.csv,answers_player1_prompt2,Q030,O,Things in the sky,17,cloud,cloud,0,0,0,Q030::17
Part2/outputs/answers_player1_prompt2.csv,answers_player1_prompt2,Q030,O,Things in the sky,18,cloud,cloud,0,0,0,Q030::18
Part2/outputs/answers_player1_prompt2.csv,answers_player1_prompt2,Q030,O,Things in the sky,19,clouds,clouds,0,0,0,Q030::19
Part2/outputs/answers_player1_prompt2.csv,answers_player1_prompt2,Q031,P,Vegetables,0,potato,potato,1,0,1,Q031::0
Part2/outputs/answers_player1_prompt2.csv,answers_player1_prompt2,Q031,P,Vegetables,1,peas pods,peas pods,0,0,0,Q031::1
Part2/outputs/answers_player1_prompt2.csv,answers_player1_prompt2,Q031,P,Vegetables,2,peas,peas,1,0,1,Q031::2
Part2/outputs/answers_player1_prompt2.csv,answers_player1_prompt2,Q031,P,Vegetables,3,peas,peas,1,1,0,Q031::3
Part2/outputs/answers_player1_prompt2.csv,answers_player1_prompt2,Q031,P,Vegetables,4,potato,potato,1,1,0,Q031::4
Part2/outputs/answers_player1_prompt2.csv,answers_player1_prompt2,Q031,P,Vegetables,5,peas pods,peas pods,0,0,0,Q031::5
Part2/outputs/answers_player1_prompt2.csv,answers_player1_prompt2,Q031,P,Vegetables,6,pepperoni,pepperoni,0,0,0,Q031::6
Part2/outputs/answers_player1_prompt2.csv,answers_player1_prompt2,Q031,P,Vegetables,7,potato,potato,1,1,0,Q031::7
Part2/outputs/answers_player1_prompt2.csv,answers_player1_prompt2,Q031,P,Vegetables,8,potato powder,potato powder,0,0,0,Q031::8
Part2/outputs/answers_player1_prompt2.csv,answers_player1_prompt2,Q031,P,Vegetables,9,peas,peas,1,0,1,Q031::9
Part2/outputs/answers_player1_prompt2.csv,answers_player1_prompt2,Q031,P,Vegetables,10,potato,potato,1,0,1,Q031::10
Part2/outputs/answers_player1_prompt2.csv,answers_player1_prompt2,Q031,P,Vegetables,11,peas,peas,1,0,1,Q031::11
Part2/outputs/answers_player1_prompt2.csv,answers_player1_prompt2,Q031,P,Vegetables,12,peas pods,peas pods,0,0,0,Q031::12
Part2/outputs/answers_player1_prompt2.csv,answers_player1_prompt2,Q031,P,Vegetables,13,peas pods,peas pods,0,0,0,Q031::13
Part2/outputs/answers_player1_prompt2.csv,answers_player1_prompt2,Q031,P,Vegetables,14,potato,potato,1,0,1,Q031::14
Part2/outputs/answers_player1_prompt2.csv,answers_player1_prompt2,Q031,P,Vegetables,15,pepperoni,pepperoni,0,0,0,Q031::15
Part2/outputs/answers_player1_prompt2.csv,answers_player1_prompt2,Q031,P,Vegetables,16,peas pods,peas pods,0,0,0,Q031::16
Part2/outputs/answers_player1_prompt2.csv,answers_player1_prompt2,Q031,P,Vegetables,17,potato,potato,1,0,1,Q031::17
Part2/outputs/answers_player1_prompt2.csv,answers_player1_prompt2,Q031,P,Vegetables,18,potato,potato,1,0,1,Q031::18
Part2/outputs/answers_player1_prompt2.csv,answers_player1_prompt2,Q031,P,Vegetables,19,peas,peas,1,0,1,Q031::19
Part2/outputs/answers_player1_prompt2.csv,answers_player1_prompt2,Q032,P,Historical figures,0,pope john paul ii,pope john paul ii,1,0,1,Q032::0
Part2/outputs/answers_player1_prompt2.csv,answers_player1_prompt2,Q032,P,Historical figures,1,pompey,pompey,1,0,1,Q032::1
Part2/outputs/answers_player1_prompt2.csv,answers_player1_prompt2,Q032,P,Historical figures,2,plato,plato,1,0,1,Q032::2
Part2/outputs/answers_player1_prompt2.csv,answers_player1_prompt2,Q032,P,Historical figures,3,genghis mongol,genghis mongol,0,0,0,Q032::3
Part2/outputs/answers_player1_prompt2.csv,answers_player1_prompt2,Q032,P,Historical figures,4,pompey,pompey,1,1,0,Q032::4
Part2/outputs/answers_player1_prompt2.csv,answers_player1_prompt2,Q032,P,Historical figures,5,joseph pesticioni,joseph pesticioni,0,0,0,Q032::5
Part2/outputs/answers_player1_prompt2.csv,answers_player1_prompt2,Q032,P,Historical figures,6,marie curie,marie curie,0,0,0,Q032::6
Part2/outputs/answers_player1_prompt2.csv,answers_player1_prompt2,Q032,P,Historical figures,7,pizarro,pizarro,1,0,1,Q032::7
Part2/outputs/answers_player1_prompt2.csv,answers_player1_prompt2,Q032,P,Historical figures,8,napoleon bonaparte,napoleon bonaparte,1,0,1,Q032::8
Part2/outputs/answers_player1_prompt2.csv,answers_player1_prompt2,Q032,P,Historical figures,9,saladin,saladin,0,0,0,Q032::9
Part2/outputs/answers_player1_prompt2.csv,answers_player1_prompt2,Q032,P,Historical figures,10,pompey,pompey,1,0,1,Q032::10
Part2/outputs/answers_player1_prompt2.csv,answers_player1_prompt2,Q032,P,Historical figures,11,pope john paul ii,pope john paul ii,1,0,1,Q032::11
Part2/outputs/answers_player1_prompt2.csv,answers_player1_prompt2,Q032,P,Historical figures,12,paul rusesabagina,paul rusesabagina,1,0,1,Q032::12
Part2/outputs/answers_player1_prompt2.csv,answers_player1_prompt2,Q032,P,Historical figures,13,pompey,pompey,1,1,0,Q032::13
Part2/outputs/answers_player1_prompt2.csv,answers_player1_prompt2,Q032,P,Historical figures,14,peter the great,peter the great,1,1,0,Q032::14
Part2/outputs/answers_player1_prompt2.csv,answers_player1_prompt2,Q032,P,Historical figures,15,pope john paul ii,pope john paul ii,1,0,1,Q032::15
Part2/outputs/answers_player1_prompt2.csv,answers_player1_prompt2,Q032,P,Historical figures,16,pythagoras,pythagoras,1,0,1,Q032::16
Part2/outputs/answers_player1_prompt2.csv,answers_player1_prompt2,Q032,P,Historical figures,17,julius caesar,julius caesar,0,0,0,Q032::17
Part2/outputs/answers_player1_prompt2.csv,answers_player1_prompt2,Q032,P,Historical figures,18,pompey,pompey,1,1,0,Q032::18
Part2/outputs/answers_player1_prompt2.csv,answers_player1_prompt2,Q032,P,Historical figures,19,paul revere,paul revere,1,0,1,Q032::19
Part2/outputs/answers_player1_prompt2.csv,answers_player1_prompt2,Q033,Q,Words in English,0,quilt,quilt,1,1,0,Q033::0
Part2/outputs/answers_player1_prompt2.csv,answers_player1_prompt2,Q033,Q,Words in English,1,quill,quill,1,1,0,Q033::1
Part2/outputs/answers_player1_prompt2.csv,answers_player1_prompt2,Q033,Q,Words in English,2,quark,quark,1,0,1,Q033::2
Part2/outputs/answers_player1_prompt2.csv,answers_player1_prompt2,Q033,Q,Words in English,3,quilt,quilt,1,0,1,Q033::3
Part2/outputs/answers_player1_prompt2.csv,answers_player1_prompt2,Q033,Q,Words in English,4,queen,queen,1,0,1,Q033::4
Part2/outputs/answers_player1_prompt2.csv,answers_player1_prompt2,Q033,Q,Words in English,5,quill,quill,1,1,0,Q033::5
Part2/outputs/answers_player1_prompt2.csv,answers_player1_prompt2,Q033,Q,Words in English,6,quill,quill,1,0,1,Q033::6
Part2/outputs/answers_player1_prompt2.csv,answers_player1_prompt2,Q033,Q,Words in English,7,quilt,quilt,1,0,1,Q033::7
Part2/outputs/answers_player1_prompt2.csv,answers_player1_prompt2,Q033,Q,Words in English,8,quilt,quilt,1,0,1,Q033::8
Part2/outputs/answers_player1_prompt2.csv,answers_player1_prompt2,Q033,Q,Words in English,9,quartz,quartz,1,0,1,Q033::9
Part2/outputs/answers_player1_prompt2.csv,answers_player1_prompt2,Q033,Q,Words in English,10,quill,quill,1,1,0,Q033::10
Part2/outputs/answers_player1_prompt2.csv,answers_player1_prompt2,Q033,Q,Words in English,11,quill,quill,1,1,0,Q033::11
Part2/outputs/answers_player1_prompt2.csv,answers_player1_prompt2,Q033,Q,Words in English,12,quill pen,quill pen,1,0,1,Q033::12
Part2/outputs/answers_player1_prompt2.csv,answers_player1_prompt2,Q033,Q,Words in English,13,quark,quark,1,0,1,Q033::13
Part2/outputs/answers_player1_prompt2.csv,answers_player1_prompt2,Q033,Q,Words in English,14,quill,quill,1,0,1,Q033::14
Part2/outputs/answers_player1_prompt2.csv,answers_player1_prompt2,Q033,Q,Words in English,15,quill,quill,1,1,0,Q033::15
Part2/outputs/answers_player1_prompt2.csv,answers_player1_prompt2,Q033,Q,Words in English,16,quill笔,quill,1,1,0,Q033::16
Part2/outputs/answers_player1_prompt2.csv,answers_player1_prompt2,Q033,Q,Words in English,17,quilt,quilt,1,0,1,Q033::17
Part2/outputs/answers_player1_prompt2.csv,answers_player1_prompt2,Q033,Q,Words in English,18,quill,quill,1,0,1,Q033::18
Part2/outputs/answers_player1_prompt2.csv,answers_player1_prompt2,Q033,Q,Words in English,19,quill,quill,1,1,0,Q033::19
Part2/outputs/answers_player1_prompt2.csv,answers_player1_prompt2,Q034,Q,Fictional characters,0,quasimodo,quasimodo,1,1,0,Q034::0
Part2/outputs/answers_player1_prompt2.csv,answers_player1_prompt2,Q034,Q,Fictional characters,1,quasimodo,quasimodo,1,1,0,Q034::1
Part2/outputs/answers_player1_prompt2.csv,answers_player1_prompt2,Q034,Q,Fictional characters,2,quasimodo,quasimodo,1,1,0,Q034::2
Part2/outputs/answers_player1_prompt2.csv,answers_player1_prompt2,Q034,Q,Fictional characters,3,quasimodo,quasimodo,1,1,0,Q034::3
Part2/outputs/answers_player1_prompt2.csv,answers_player1_prompt2,Q034,Q,Fictional characters,4,quasimodo,quasimodo,1,1,0,Q034::4
Part2/outputs/answers_player1_prompt2.csv,answers_player1_prompt2,Q034,Q,Fictional characters,5,quasimodo,quasimodo,1,1,0,Q034::5
Part2/outputs/answers_player1_prompt2.csv,answers_player1_prompt2,Q034,Q,Fictional characters,6,quasimodo,quasimodo,1,1,0,Q034::6
Part2/outputs/answers_player1_prompt2.csv,answers_player1_prompt2,Q034,Q,Fictional characters,7,quasimodo,quasimodo,1,1,0,Q034::7
Part2/outputs/answers_player1_prompt2.csv,answers_player1_prompt2,Q034,Q,Fictional characters,8,quasimodo,quasimodo,1,1,0,Q034::8
Part2/outputs/answers_player1_prompt2.csv,answers_player1_prompt2,Q034,Q,Fictional characters,9,quasimodo,quasimodo,1,1,0,Q034::9
Part2/outputs/answers_player1_prompt2.csv,answers_player1_prompt2,Q034,Q,Fictional characters,10,quasimodo,quasimodo,1,1,0,Q034::10
Part2/outputs/answers_player1_prompt2.csv,answers_player1_prompt2,Q034,Q,Fictional characters,11,quasimodo,quasimodo,1,1,0,Q034::11
Part2/outputs/answers_player1_prompt2.csv,answers_player1_prompt2,Q034,Q,Fictional characters,12,quasimodo,quasimodo,1,1,0,Q034::12
Part2/outputs/answers_player1_prompt2.csv,answers_player1_prompt2,Q034,Q,Fictional characters,13,quasimodo,quasimodo,1,1,0,Q034::13
Part2/outputs/answers_player1_prompt2.csv,answers_player1_prompt2,Q034,Q,Fictional characters,14,quasimodo,quasimodo,1,1,0,Q034::14
Part2/outputs/answers_player1_prompt2.csv,answers_player1_prompt2,Q034,Q,Fictional characters,15,quasimodo,quasimodo,1,1,0,Q034::15
Part2/outputs/answers_player1_prompt2.csv,answers_player1_prompt2,Q034,Q,Fictional characters,16,quasimodo,quasimodo,1,1,0,Q034::16
Part2/outputs/answers_player1_prompt2.csv,answers_player1_prompt2,Q034,Q,Fictional characters,17,quasimodo,quasimodo,1,1,0,Q034::17
Part2/outputs/answers_player1_prompt2.csv,answers_player1_prompt2,Q034,Q,Fictional characters,18,quasimodo,quasimodo,1,1,0,Q034::18
Part2/outputs/answers_player1_prompt2.csv,answers_player1_prompt2,Q034,Q,Fictional characters,19,quasimodo,quasimodo,1,1,0,Q034::19
Part2/outputs/answers_player1_prompt2.csv,answers_player1_prompt2,Q035,R,Songs,0,radiohead,radiohead,0,0,0,Q035::0
Part2/outputs/answers_player1_prompt2.csv,answers_player1_prompt2,Q035,R,Songs,1,rhapsody,rhapsody,0,0,0,Q035::1
Part2/outputs/answers_player1_prompt2.csv,answers_player1_prompt2,Q035,R,Songs,2,rolling in the deep,rolling in the deep,0,0,0,Q035::2
Part2/outputs/answers_player1_prompt2.csv,answers_player1_prompt2,Q035,R,Songs,3,rhythm of the rain,rhythm of the rain,1,0,1,Q035::3
Part2/outputs/answers_player1_prompt2.csv,answers_player1_prompt2,Q035,R,Songs,4,roaring twenties song,roaring twenties song,0,0,0,Q035::4
Part2/outputs/answers_player1_prompt2.csv,answers_player1_prompt2,Q035,R,Songs,5,rhapsody,rhapsody,0,0,0,Q035::5
Part2/outputs/answers_player1_prompt2.csv,answers_player1_prompt2,Q035,R,Songs,6,rhythm of the rain,rhythm of the rain,1,0,1,Q035::6
Part2/outputs/answers_player1_prompt2.csv,answers_player1_prompt2,Q035,R,Songs,7,radiohead,radiohead,0,0,0,Q035::7
Part2/outputs/answers_player1_prompt2.csv,answers_player1_prompt2,Q035,R,Songs,8,rockin' robin,rockin' robin,1,0,1,Q035::8
Part2/outputs/answers_player1_prompt2.csv,answers_player1_prompt2,Q035,R,Songs,9,rhythm of the rain,rhythm of the rain,1,0,1,Q035::9
Part2/outputs/answers_player1_prompt2.csv,answers_player1_prompt2,Q035,R,Songs,10,raindrops keep falling on my head,raindrops keep falling on my head,0,0,0,Q035::10
Part2/outputs/answers_player1_prompt2.csv,answers_player1_prompt2,Q035,R,Songs,11,raindrops keep falling on my head,raindrops keep falling on my head,0,0,0,Q035::11
Part2/outputs/answers_player1_prompt2.csv,answers_player1_prompt2,Q035,R,Songs,12,rolling in the deep,rolling in the deep,0,0,0,Q035::12
Part2/outputs/answers_player1_prompt2.csv,answers_player1_prompt2,Q035,R,Songs,13,robin hood theme song,robin hood theme song,0,0,0,Q035::13
Part2/outputs/answers_player1_prompt2.csv,answers_player1_prompt2,Q035,R,Songs,14,rolling in the deep,rolling in the deep,0,0,0,Q035::14
Part2/outputs/answers_player1_prompt2.csv,answers_player1_prompt2,Q035,R,Songs,15,rolling in the deep,rolling in the deep,0,0,0,Q035::15
Part2/outputs/answers_player1_prompt2.csv,answers_player1_prompt2,Q035,R,Songs,16,rhythm of the rain,rhythm of the rain,1,0,1,Q035::16
Part2/outputs/answers_player1_prompt2.csv,answers_player1_prompt2,Q035,R,Songs,17,rhythm of the rain,rhythm of the rain,1,0,1,Q035::17
Part2/outputs/answers_player1_prompt2.csv,answers_player1_prompt2,Q035,R,Songs,18,raindrops keep falling on my head,raindrops keep falling on my head,0,0,0,Q035::18
Part2/outputs/answers_player1_prompt2.csv,answers_player1_prompt2,Q035,R,Songs,19,rolling in the deep,rolling in the deep,0,0,0,Q035::19
Part2/outputs/answers_player1_prompt2.csv,answers_player1_prompt2,Q036,R,Tools,0,rubber mallet,rubber mallet,1,0,1,Q036::0
Part2/outputs/answers_player1_prompt2.csv,answers_player1_prompt2,Q036,R,Tools,1,pliers,pliers,0,0,0,Q036::1
Part2/outputs/answers_player1_prompt2.csv,answers_player1_prompt2,Q036,R,Tools,2,pliers,pliers,0,0,0,Q036::2
Part2/outputs/answers_player1_prompt2.csv,answers_player1_prompt2,Q036,R,Tools,3,pliers,pliers,0,0,0,Q036::3
Part2/outputs/answers_player1_prompt2.csv,answers_player1_prompt2,Q036,R,Tools,4,rubber mallet,rubber mallet,1,0,1,Q036::4
Part2/outputs/answers_player1_prompt2.csv,answers_player1_prompt2,Q036,R,Tools,5,pliers,pliers,0,0,0,Q036::5
Part2/outputs/answers_player1_prompt2.csv,answers_player1_prompt2,Q036,R,Tools,6,pliers,pliers,0,0,0,Q036::6
Part2/outputs/answers_player1_prompt2.csv,answers_player1_prompt2,Q036,R,Tools,7,pliers,pliers,0,0,0,Q036::7
Part2/outputs/answers_player1_prompt2.csv,answers_player1_prompt2,Q036,R,Tools,8,rubber mallet,rubber mallet,1,0,1,Q036::8
Part2/outputs/answers_player1_prompt2.csv,answers_player1_prompt2,Q036,R,Tools,9,pliers,pliers,0,0,0,Q036::9
Part2/outputs/answers_player1_prompt2.csv,answers_player1_prompt2,Q036,R,Tools,10,rubber mallet,rubber mallet,1,1,0,Q036::10
Part2/outputs/answers_player1_prompt2.csv,answers_player1_prompt2,Q036,R,Tools,11,pliers,pliers,0,0,0,Q036::11
Part2/outputs/answers_player1_prompt2.csv,answers_player1_prompt2,Q036,R,Tools,12,pliers,pliers,0,0,0,Q036::12
Part2/outputs/answers_player1_prompt2.csv,answers_player1_prompt2,Q036,R,Tools,13,rubber mallet,rubber mallet,1,1,0,Q036::13
Part2/outputs/answers_player1_prompt2.csv,answers_player1_prompt2,Q036,R,Tools,14,rubber mallet,rubber mallet,1,0,1,Q036::14
Part2/outputs/answers_player1_prompt2.csv,answers_player1_prompt2,Q036,R,Tools,15,rubber mallet,rubber mallet,1,0,1,Q036::15
Part2/outputs/answers_player1_prompt2.csv,answers_player1_prompt2,Q036,R,Tools,16,rake,rake,1,1,0,Q036::16
Part2/outputs/answers_player1_prompt2.csv,answers_player1_prompt2,Q036,R,Tools,17,rubber mallet,rubber mallet,1,0,1,Q036::17
Part2/outputs/answers_player1_prompt2.csv,answers_player1_prompt2,Q036,R,Tools,18,screwdriver,screwdriver,0,0,0,Q036::18
Part2/outputs/answers_player1_prompt2.csv,answers_player1_prompt2,Q036,R,Tools,19,pliers,pliers,0,0,0,Q036::19
Part2/outputs/answers_player1_prompt2.csv,answers_player1_prompt2,Q037,S,Animals,0,squirrel,squirrel,1,1,0,Q037::0
Part2/outputs/answers_player1_prompt2.csv,answers_player1_prompt2,Q037,S,Animals,1,panda,panda,0,0,0,Q037::1
Part2/outputs/answers_player1_prompt2.csv,answers_player1_prompt2,Q037,S,Animals,2,sea lion,sea lion,1,0,1,Q037::2
Part2/outputs/answers_player1_prompt2.csv,answers_player1_prompt2,Q037,S,Animals,3,seal,seal,1,0,1,Q037::3
Part2/outputs/answers_player1_prompt2.csv,answers_player1_prompt2,Q037,S,Animals,4,panda,panda,0,0,0,Q037::4
Part2/outputs/answers_player1_prompt2.csv,answers_player1_prompt2,Q037,S,Animals,5,seal,seal,1,0,1,Q037::5
Part2/outputs/answers_player1_prompt2.csv,answers_player1_prompt2,Q037,S,Animals,6,panda,panda,0,0,0,Q037::6
Part2/outputs/answers_player1_prompt2.csv,answers_player1_prompt2,Q037,S,Animals,7,penguin,penguin,0,0,0,Q037::7
Part2/outputs/answers_player1_prompt2.csv,answers_player1_prompt2,Q037,S,Animals,8,seal,seal,1,0,1,Q037::8
Part2/outputs/answers_player1_prompt2.csv,answers_player1_prompt2,Q037,S,Animals,9,panda,panda,0,0,0,Q037::9
Part2/outputs/answers_player1_prompt2.csv,answers_player1_prompt2,Q037,S,Animals,10,seal,seal,1,1,0,Q037::10
Part2/outputs/answers_player1_prompt2.csv,answers_player1_prompt2,Q037,S,Animals,11,seal,seal,1,0,1,Q037::11
Part2/outputs/answers_player1_prompt2.csv,answers_player1_prompt2,Q037,S,Animals,12,seal,seal,1,1,0,Q037::12
Part2/outputs/answers_player1_prompt2.csv,answers_player1_prompt2,Q037,S,Animals,13,panda,panda,0,0,0,Q037::13
Part2/outputs/answers_player1_prompt2.csv,answers_player1_prompt2,Q037,S,Animals,14,panda,panda,0,0,0,Q037::14
Part2/outputs/answers_player1_prompt2.csv,answers_player1_prompt2,Q037,S,Animals,15,penguin,penguin,0,0,0,Q037::15
Part2/outputs/answers_player1_prompt2.csv,answers_player1_prompt2,Q037,S,Animals,16,panda,panda,0,0,0,Q037::16
Part2/outputs/answers_player1_prompt2.csv,answers_player1_prompt2,Q037,S,Animals,17,koala,koala,0,0,0,Q037::17
Part2/outputs/answers_player1_prompt2.csv,answers_player1_prompt2,Q037,S,Animals,18,seal,seal,1,0,1,Q037::18
Part2/outputs/answers_player1_prompt2.csv,answers_player1_prompt2,Q037,S,Animals,19,panda,panda,0,0,0,Q037::19
Part2/outputs/answers_player1_prompt2.csv,answers_player1_prompt2,Q038,S,Things in an office,0,water cooler,water cooler,1,1,0,Q038::0
Part2/outputs/answers_player1_prompt2.csv,answers_player1_prompt2,Q038,S,Things in an office,1,water cooler,water cooler,1,1,0,Q038::1
Part2/outputs/answers_player1_prompt2.csv,answers_player1_prompt2,Q038,S,Things in an office,2,scrapheap,scrapheap,0,0,0,Q038::2
Part2/outputs/answers_player1_prompt2.csv,answers_player1_prompt2,Q038,S,Things in an office,3,stapler,stapler,1,0,1,Q038::3
Part2/outputs/answers_player1_prompt2.csv,answers_player1_prompt2,Q038,S,Things in an office,4,water cooler,water cooler,1,0,1,Q038::4
Part2/outputs/answers_player1_prompt2.csv,answers_player1_prompt2,Q038,S,Things in an office,5,copier,copier,1,0,1,Q038::5
Part2/outputs/answers_player1_prompt2.csv,answers_player1_prompt2,Q038,S,Things in an office,6,water cooler,water cooler,1,1,0,Q038::6
Part2/outputs/answers_player1_prompt2.csv,answers_player1_prompt2,Q038,S,Things in an office,7,coffee machine,coffee machine,0,0,0,Q038::7
Part2/outputs/answers_player1_prompt2.csv,answers_player1_prompt2,Q038,S,Things in an office,8,copy machine,copy machine,1,0,1,Q038::8
Part2/outputs/answers_player1_prompt2.csv,answers_player1_prompt2,Q038,S,Things in an office,9,water cooler,water cooler,1,0,1,Q038::9
Part2/outputs/answers_player1_prompt2.csv,answers_player1_prompt2,Q038,S,Things in an office,10,water cooler,water cooler,1,1,0,Q038::10
Part2/outputs/answers_player1_prompt2.csv,answers_player1_prompt2,Q038,S,Things in an office,11,water cooler,water cooler,1,0,1,Q038::11
Part2/outputs/answers_player1_prompt2.csv,answers_player1_prompt2,Q038,S,Things in an office,12,copier,copier,1,0,1,Q038::12
Part2/outputs/answers_player1_prompt2.csv,answers_player1_prompt2,Q038,S,Things in an office,13,water cooler,water cooler,1,1,0,Q038::13
Part2/outputs/answers_player1_prompt2.csv,answers_player1_prompt2,Q038,S,Things in an office,14,water cooler,water cooler,1,1,0,Q038::14
Part2/outputs/answers_player1_prompt2.csv,answers_player1_prompt2,Q038,S,Things in an office,15,water cooler,water cooler,1,0,1,Q038::15
Part2/outputs/answers_player1_prompt2.csv,answers_player1_prompt2,Q038,S,Things in an office,16,water cooler,water cooler,1,0,1,Q038::16
Part2/outputs/answers_player1_prompt2.csv,answers_player1_prompt2,Q038,S,Things in an office,17,water cooler,water cooler,1,0,1,Q038::17
Part2/outputs/answers_player1_prompt2.csv,answers_player1_prompt2,Q038,S,Things in an office,18,copy machine,copy machine,1,0,1,Q038::18
Part2/outputs/answers_player1_prompt2.csv,answers_player1_prompt2,Q038,S,Things in an office,19,water cooler,water cooler,1,1,0,Q038::19
Part2/outputs/answers_player1_prompt2.csv,answers_player1_prompt2,Q039,T,Countries,0,tunisia,tunisia,1,0,1,Q039::0
Part2/outputs/answers_player1_prompt2.csv,answers_player1_prompt2,Q039,T,Countries,1,turkey,turkey,1,0,1,Q039::1
Part2/outputs/answers_player1_prompt2.csv,answers_player1_prompt2,Q039,T,Countries,2,turkey,turkey,1,0,1,Q039::2
Part2/outputs/answers_player1_prompt2.csv,answers_player1_prompt2,Q039,T,Countries,3,taiwan,taiwan,1,0,1,Q039::3
Part2/outputs/answers_player1_prompt2.csv,answers_player1_prompt2,Q039,T,Countries,4,thailand,thailand,1,0,1,Q039::4
Part2/outputs/answers_player1_prompt2.csv,answers_player1_prompt2,Q039,T,Countries,5,thailand,thailand,1,0,1,Q039::5
Part2/outputs/answers_player1_prompt2.csv,answers_player1_prompt2,Q039,T,Countries,6,tunisia,tunisia,1,0,1,Q039::6
Part2/outputs/answers_player1_prompt2.csv,answers_player1_prompt2,Q039,T,Countries,7,tunisia,tunisia,1,0,1,Q039::7
Part2/outputs/answers_player1_prompt2.csv,answers_player1_prompt2,Q039,T,Countries,8,turkey,turkey,1,0,1,Q039::8
Part2/outputs/answers_player1_prompt2.csv,answers_player1_prompt2,Q039,T,Countries,9,taiwan,taiwan,1,0,1,Q039::9
Part2/outputs/answers_player1_prompt2.csv,answers_player1_prompt2,Q039,T,Countries,10,tunisia,tunisia,1,1,0,Q039::10
Part2/outputs/answers_player1_prompt2.csv,answers_player1_prompt2,Q039,T,Countries,11,tunisia,tunisia,1,1,0,Q039::11
Part2/outputs/answers_player1_prompt2.csv,answers_player1_prompt2,Q039,T,Countries,12,taiwan,taiwan,1,0,1,Q039::12
Part2/outputs/answers_player1_prompt2.csv,answers_player1_prompt2,Q039,T,Countries,13,taiwan,taiwan,1,0,1,Q039::13
Part2/outputs/answers_player1_prompt2.csv,answers_player1_prompt2,Q039,T,Countries,14,taiwan,taiwan,1,1,0,Q039::14
Part2/outputs/answers_player1_prompt2.csv,answers_player1_prompt2,Q039,T,Countries,15,tunisia,tunisia,1,1,0,Q039::15
Part2/outputs/answers_player1_prompt2.csv,answers_player1_prompt2,Q039,T,Countries,16,taiwan,taiwan,1,0,1,Q039::16
Part2/outputs/answers_player1_prompt2.csv,answers_player1_prompt2,Q039,T,Countries,17,tanzania,tanzania,1,0,1,Q039::17
Part2/outputs/answers_player1_prompt2.csv,answers_player1_prompt2,Q039,T,Countries,18,turkey,turkey,1,0,1,Q039::18
Part2/outputs/answers_player1_prompt2.csv,answers_player1_prompt2,Q039,T,Countries,19,tunisia,tunisia,1,1,0,Q039::19
Part2/outputs/answers_player1_prompt2.csv,answers_player1_prompt2,Q040,T,TV shows,0,touch of epix,touch of epix,0,0,0,Q040::0
Part2/outputs/answers_player1_prompt2.csv,answers_player1_prompt2,Q040,T,TV shows,1,deadwood,deadwood,1,0,1,Q040::1
Part2/outputs/answers_player1_prompt2.csv,answers_player1_prompt2,Q040,T,TV shows,2,twin peaks,twin peaks,1,0,1,Q040::2
Part2/outputs/answers_player1_prompt2.csv,answers_player1_prompt2,Q040,T,TV shows,3,south park,south park,0,0,0,Q040::3
Part2/outputs/answers_player1_prompt2.csv,answers_player1_prompt2,Q040,T,TV shows,4,twin peaks,twin peaks,1,1,0,Q040::4
Part2/outputs/answers_player1_prompt2.csv,answers_player1_prompt2,Q040,T,TV shows,5,deadwood,deadwood,1,0,1,Q040::5
Part2/outputs/answers_player1_prompt2.csv,answers_player1_prompt2,Q040,T,TV shows,6,friends,friends,0,0,0,Q040::6
Part2/outputs/answers_player1_prompt2.csv,answers_player1_prompt2,Q040,T,TV shows,7,twin peaks,twin peaks,1,0,1,Q040::7
Part2/outputs/answers_player1_prompt2.csv,answers_player1_prompt2,Q040,T,TV shows,8,thirtynine shades of gray,thirtynine shades of gray,0,0,0,Q040::8
Part2/outputs/answers_player1_prompt2.csv,answers_player1_prompt2,Q040,T,TV shows,9,deadwood,deadwood,1,0,1,Q040::9
Part2/outputs/answers_player1_prompt2.csv,answers_player1_prompt2,Q040,T,TV shows,10,thirtynine,thirtynine,0,0,0,Q040::10
Part2/outputs/answers_player1_prompt2.csv,answers_player1_prompt2,Q040,T,TV shows,11,friends,friends,0,0,0,Q040::11
Part2/outputs/answers_player1_prompt2.csv,answers_player1_prompt2,Q040,T,TV shows,12,deadwood,deadwood,1,0,1,Q040::12
Part2/outputs/answers_player1_prompt2.csv,answers_player1_prompt2,Q040,T,TV shows,13,thrones,thrones,0,0,0,Q040::13
Part2/outputs/answers_player1_prompt2.csv,answers_player1_prompt2,Q040,T,TV shows,14,thirtynine summers,thirtynine summers,0,0,0,Q040::14
Part2/outputs/answers_player1_prompt2.csv,answers_player1_prompt2,Q040,T,TV shows,15,top gear,top gear,1,0,1,Q040::15
Part2/outputs/answers_player1_prompt2.csv,answers_player1_prompt2,Q040,T,TV shows,16,deadwood,deadwood,1,0,1,Q040::16
Part2/outputs/answers_player1_prompt2.csv,answers_player1_prompt2,Q040,T,TV shows,17,top gear,top gear,1,0,1,Q040::17
Part2/outputs/answers_player1_prompt2.csv,answers_player1_prompt2,Q040,T,TV shows,18,twilight,twilight,0,0,0,Q040::18
Part2/outputs/answers_player1_prompt2.csv,answers_player1_prompt2,Q040,T,TV shows,19,the tonight show,the tonight show,0,0,0,Q040::19
Part2/outputs/answers_player1_prompt2.csv,answers_player1_prompt2,Q041,U,U.S. colleges,0,uc berkeley,uc berkeley,0,0,0,Q041::0
Part2/outputs/answers_player1_prompt2.csv,answers_player1_prompt2,Q041,U,U.S. colleges,1,harvard university,harvard university,0,0,0,Q041::1
Part2/outputs/answers_player1_prompt2.csv,answers_player1_prompt2,Q041,U,U.S. colleges,2,uc berkeley,uc berkeley,0,0,0,Q041::2
Part2/outputs/answers_player1_prompt2.csv,answers_player1_prompt2,Q041,U,U.S. colleges,3,uc berkeley,uc berkeley,0,0,0,Q041::3
Part2/outputs/answers_player1_prompt2.csv,answers_player1_prompt2,Q041,U,U.S. colleges,4,uc berkeley,uc berkeley,0,0,0,Q041::4
Part2/outputs/answers_player1_prompt2.csv,answers_player1_prompt2,Q041,U,U.S. colleges,5,uc berkeley,uc berkeley,0,0,0,Q041::5
Part2/outputs/answers_player1_prompt2.csv,answers_player1_prompt2,Q041,U,U.S. colleges,6,university of michigan,university of michigan,0,0,0,Q041::6
Part2/outputs/answers_player1_prompt2.csv,answers_player1_prompt2,Q041,U,U.S. colleges,7,uc berkeley,uc berkeley,0,0,0,Q041::7
Part2/outputs/answers_player1_prompt2.csv,answers_player1_prompt2,Q041,U,U.S. colleges,8,uc berkeley,uc berkeley,0,0,0,Q041::8
Part2/outputs/answers_player1_prompt2.csv,answers_player1_prompt2,Q041,U,U.S. colleges,9,upenn,upenn,0,0,0,Q041::9
Part2/outputs/answers_player1_prompt2.csv,answers_player1_prompt2,Q041,U,U.S. colleges,10,university of colorado Boulder,university of colorado boulder,1,0,1,Q041::10
Part2/outputs/answers_player1_prompt2.csv,answers_player1_prompt2,Q041,U,U.S. colleges,11,university of maryland,university of maryland,0,0,0,Q041::11
Part2/outputs/answers_player1_prompt2.csv,answers_player1_prompt2,Q041,U,U.S. colleges,12,uc berkeley,uc berkeley,0,0,0,Q041::12
Part2/outputs/answers_player1_prompt2.csv,answers_player1_prompt2,Q041,U,U.S. colleges,13,university of colorado,university of colorado,1,0,1,Q041::13
Part2/outputs/answers_player1_prompt2.csv,answers_player1_prompt2,Q041,U,U.S. colleges,14,uc berkeley,uc berkeley,0,0,0,Q041::14
Part2/outputs/answers_player1_prompt2.csv,answers_player1_prompt2,Q041,U,U.S. colleges,15,uc berkeley,uc berkeley,0,0,0,Q041::15
Part2/outputs/answers_player1_prompt2.csv,answers_player1_prompt2,Q041,U,U.S. colleges,16,uc berkeley,uc berkeley,0,0,0,Q041::16
Part2/outputs/answers_player1_prompt2.csv,answers_player1_prompt2,Q041,U,U.S. colleges,17,uc berkeley,uc berkeley,0,0,0,Q041::17
Part2/outputs/answers_player1_prompt2.csv,answers_player1_prompt2,Q041,U,U.S. colleges,18,uc berkeley,uc berkeley,0,0,0,Q041::18
Part2/outputs/answers_player1_prompt2.csv,answers_player1_prompt2,Q041,U,U.S. colleges,19,uc berkeley,uc berkeley,0,0,0,Q041::19
Part2/outputs/answers_player1_prompt2.csv,answers_player1_prompt2,Q042,U,Things in a garage,0,roller shutter,roller shutter,0,0,0,Q042::0
Part2/outputs/answers_player1_prompt2.csv,answers_player1_prompt2,Q042,U,Things in a garage,1,toolbox,toolbox,0,0,0,Q042::1
Part2/outputs/answers_player1_prompt2.csv,answers_player1_prompt2,Q042,U,Things in a garage,2,tool box,tool box,0,0,0,Q042::2
Part2/outputs/answers_player1_prompt2.csv,answers_player1_prompt2,Q042,U,Things in a garage,3,tool box,tool box,0,0,0,Q042::3
Part2/outputs/answers_player1_prompt2.csv,answers_player1_prompt2,Q042,U,Things in a garage,4,ski,ski,0,0,0,Q042::4
Part2/outputs/answers_player1_prompt2.csv,answers_player1_prompt2,Q042,U,Things in a garage,5,utility pole,utility pole,0,0,0,Q042::5
Part2/outputs/answers_player1_prompt2.csv,answers_player1_prompt2,Q042,U,Things in a garage,6,tool box,tool box,0,0,0,Q042::6
Part2/outputs/answers_player1_prompt2.csv,answers_player1_prompt2,Q042,U,Things in a garage,7,tool box,tool box,0,0,0,Q042::7
Part2/outputs/answers_player1_prompt2.csv,answers_player1_prompt2,Q042,U,Things in a garage,8,tool box,tool box,0,0,0,Q042::8
Part2/outputs/answers_player1_prompt2.csv,answers_player1_prompt2,Q042,U,Things in a garage,9,workbench,workbench,0,0,0,Q042::9
Part2/outputs/answers_player1_prompt2.csv,answers_player1_prompt2,Q042,U,Things in a garage,10,tool box,tool box,0,0,0,Q042::10
Part2/outputs/answers_player1_prompt2.csv,answers_player1_prompt2,Q042,U,Things in a garage,11,tool box,tool box,0,0,0,Q042::11
Part2/outputs/answers_player1_prompt2.csv,answers_player1_prompt2,Q042,U,Things in a garage,12,utility pole,utility pole,0,0,0,Q042::12
Part2/outputs/answers_player1_prompt2.csv,answers_player1_prompt2,Q042,U,Things in a garage,13,umbrella,umbrella,0,0,0,Q042::13
Part2/outputs/answers_player1_prompt2.csv,answers_player1_prompt2,Q042,U,Things in a garage,14,tool box,tool box,0,0,0,Q042::14
Part2/outputs/answers_player1_prompt2.csv,answers_player1_prompt2,Q042,U,Things in a garage,15,tool box,tool box,0,0,0,Q042::15
Part2/outputs/answers_player1_prompt2.csv,answers_player1_prompt2,Q042,U,Things in a garage,16,uncle sam hat,uncle sam hat,0,0,0,Q042::16
Part2/outputs/answers_player1_prompt2.csv,answers_player1_prompt2,Q042,U,Things in a garage,17,umbrella,umbrella,0,0,0,Q042::17
Part2/outputs/answers_player1_prompt2.csv,answers_player1_prompt2,Q042,U,Things in a garage,18,utility box,utility box,1,0,1,Q042::18
Part2/outputs/answers_player1_prompt2.csv,answers_player1_prompt2,Q042,U,Things in a garage,19,bike,bike,0,0,0,Q042::19
Part2/outputs/answers_player1_prompt2.csv,answers_player1_prompt2,Q043,V,Jobs,0,voice actor,voice actor,1,0,1,Q043::0
Part2/outputs/answers_player1_prompt2.csv,answers_player1_prompt2,Q043,V,Jobs,1,valet parking,valet parking,0,0,0,Q043::1
Part2/outputs/answers_player1_prompt2.csv,answers_player1_prompt2,Q043,V,Jobs,2,vatman,vatman,0,0,0,Q043::2
Part2/outputs/answers_player1_prompt2.csv,answers_player1_prompt2,Q043,V,Jobs,3,valet parking,valet parking,0,0,0,Q043::3
Part2/outputs/answers_player1_prompt2.csv,answers_player1_prompt2,Q043,V,Jobs,4,video technician,video technician,1,0,1,Q043::4
Part2/outputs/answers_player1_prompt2.csv,answers_player1_prompt2,Q043,V,Jobs,5,vineyard manager,vineyard manager,1,0,1,Q043::5
Part2/outputs/answers_player1_prompt2.csv,answers_player1_prompt2,Q043,V,Jobs,6,veterinarian,veterinarian,1,1,0,Q043::6
Part2/outputs/answers_player1_prompt2.csv,answers_player1_prompt2,Q043,V,Jobs,7,valet parking,valet parking,0,0,0,Q043::7
Part2/outputs/answers_player1_prompt2.csv,answers_player1_prompt2,Q043,V,Jobs,8,vet,vet,1,0,1,Q043::8
Part2/outputs/answers_player1_prompt2.csv,answers_player1_prompt2,Q043,V,Jobs,9,valet parking,valet parking,0,0,0,Q043::9
Part2/outputs/answers_player1_prompt2.csv,answers_player1_prompt2,Q043,V,Jobs,10,vineyard manager,vineyard manager,1,1,0,Q043::10
Part2/outputs/answers_player1_prompt2.csv,answers_player1_prompt2,Q043,V,Jobs,11,valet parking,valet parking,0,0,0,Q043::11
Part2/outputs/answers_player1_prompt2.csv,answers_player1_prompt2,Q043,V,Jobs,12,veterinarian,veterinarian,1,0,1,Q043::12
Part2/outputs/answers_player1_prompt2.csv,answers_player1_prompt2,Q043,V,Jobs,13,valet parking,valet parking,0,0,0,Q043::13
Part2/outputs/answers_player1_prompt2.csv,answers_player1_prompt2,Q043,V,Jobs,14,video technician,video technician,1,0,1,Q043::14
Part2/outputs/answers_player1_prompt2.csv,answers_player1_prompt2,Q043,V,Jobs,15,videographer,videographer,1,0,1,Q043::15
Part2/outputs/answers_player1_prompt2.csv,answers_player1_prompt2,Q043,V,Jobs,16,valet parking,valet parking,0,0,0,Q043::16
Part2/outputs/answers_player1_prompt2.csv,answers_player1_prompt2,Q043,V,Jobs,17,videographer,videographer,1,0,1,Q043::17
Part2/outputs/answers_player1_prompt2.csv,answers_player1_prompt2,Q043,V,Jobs,18,video editor,video editor,1,0,1,Q043::18
Part2/outputs/answers_player1_prompt2.csv,answers_player1_prompt2,Q043,V,Jobs,19,valet parking,valet parking,0,0,0,Q043::19
Part2/outputs/answers_player1_prompt2.csv,answers_player1_prompt2,Q044,V,Things you wear,0,v-neck sweater,v-neck sweater,1,0,1,Q044::0
Part2/outputs/answers_player1_prompt2.csv,answers_player1_prompt2,Q044,V,Things you wear,1,vest,vest,1,1,0,Q044::1
Part2/outputs/answers_player1_prompt2.csv,answers_player1_prompt2,Q044,V,Things you wear,2,vest,vest,1,1,0,Q044::2
Part2/outputs/answers_player1_prompt2.csv,answers_player1_prompt2,Q044,V,Things you wear,3,sunglasses,sunglasses,0,0,0,Q044::3
Part2/outputs/answers_player1_prompt2.csv,answers_player1_prompt2,Q044,V,Things you wear,4,vest,vest,1,0,1,Q044::4
Part2/outputs/answers_player1_prompt2.csv,answers_player1_prompt2,Q044,V,Things you wear,5,vest,vest,1,0,1,Q044::5
Part2/outputs/answers_player1_prompt2.csv,answers_player1_prompt2,Q044,V,Things you wear,6,vest,vest,1,0,1,Q044::6
Part2/outputs/answers_player1_prompt2.csv,answers_player1_prompt2,Q044,V,Things you wear,7,sunglasses,sunglasses,0,0,0,Q044::7
Part2/outputs/answers_player1_prompt2.csv,answers_player1_prompt2,Q044,V,Things you wear,8,vest,vest,1,0,1,Q044::8
Part2/outputs/answers_player1_prompt2.csv,answers_player1_prompt2,Q044,V,Things you wear,9,sunglasses,sunglasses,0,0,0,Q044::9
Part2/outputs/answers_player1_prompt2.csv,answers_player1_prompt2,Q044,V,Things you wear,10,vest,vest,1,1,0,Q044::10
Part2/outputs/answers_player1_prompt2.csv,answers_player1_prompt2,Q044,V,Things you wear,11,sunglasses,sunglasses,0,0,0,Q044::11
Part2/outputs/answers_player1_prompt2.csv,answers_player1_prompt2,Q044,V,Things you wear,12,vest,vest,1,0,1,Q044::12
Part2/outputs/answers_player1_prompt2.csv,answers_player1_prompt2,Q044,V,Things you wear,13,necklace,necklace,0,0,0,Q044::13
Part2/outputs/answers_player1_prompt2.csv,answers_player1_prompt2,Q044,V,Things you wear,14,vest,vest,1,0,1,Q044::14
Part2/outputs/answers_player1_prompt2.csv,answers_player1_prompt2,Q044,V,Things you wear,15,socks,socks,0,0,0,Q044::15
Part2/outputs/answers_player1_prompt2.csv,answers_player1_prompt2,Q044,V,Things you wear,16,socks,socks,0,0,0,Q044::16
Part2/outputs/answers_player1_prompt2.csv,answers_player1_prompt2,Q044,V,Things you wear,17,sunglasses,sunglasses,0,0,0,Q044::17
Part2/outputs/answers_player1_prompt2.csv,answers_player1_prompt2,Q044,V,Things you wear,18,sunglasses,sunglasses,0,0,0,Q044::18
Part2/outputs/answers_player1_prompt2.csv,answers_player1_prompt2,Q044,V,Things you wear,19,necklace,necklace,0,0,0,Q044::19
Part2/outputs/answers_player1_prompt2.csv,answers_player1_prompt2,Q045,W,Cities,0,warsaw,warsaw,1,1,0,Q045::0
Part2/outputs/answers_player1_prompt2.csv,answers_player1_prompt2,Q045,W,Cities,1,warsaw,warsaw,1,1,0,Q045::1
Part2/outputs/answers_player1_prompt2.csv,answers_player1_prompt2,Q045,W,Cities,2,worcester,worcester,1,0,1,Q045::2
Part2/outputs/answers_player1_prompt2.csv,answers_player1_prompt2,Q045,W,Cities,3,warsaw,warsaw,1,0,1,Q045::3
Part2/outputs/answers_player1_prompt2.csv,answers_player1_prompt2,Q045,W,Cities,4,winnebago city,winnebago city,0,0,0,Q045::4
Part2/outputs/answers_player1_prompt2.csv,answers_player1_prompt2,Q045,W,Cities,5,waco,waco,1,0,1,Q045::5
Part2/outputs/answers_player1_prompt2.csv,answers_player1_prompt2,Q045,W,Cities,6,worcester,worcester,1,0,1,Q045::6
Part2/outputs/answers_player1_prompt2.csv,answers_player1_prompt2,Q045,W,Cities,7,wales,wales,0,0,0,Q045::7
Part2/outputs/answers_player1_prompt2.csv,answers_player1_prompt2,Q045,W,Cities,8,wuhan,wuhan,1,0,1,Q045::8
Part2/outputs/answers_player1_prompt2.csv,answers_player1_prompt2,Q045,W,Cities,9,wales,wales,0,0,0,Q045::9
Part2/outputs/answers_player1_prompt2.csv,answers_player1_prompt2,Q045,W,Cities,10,waco,waco,1,0,1,Q045::10
Part2/outputs/answers_player1_prompt2.csv,answers_player1_prompt2,Q045,W,Cities,11,warsaw,warsaw,1,1,0,Q045::11
Part2/outputs/answers_player1_prompt2.csv,answers_player1_prompt2,Q045,W,Cities,12,winnipeg,winnipeg,1,0,1,Q045::12
Part2/outputs/answers_player1_prompt2.csv,answers_player1_prompt2,Q045,W,Cities,13,winnebago city,winnebago city,0,0,0,Q045::13
Part2/outputs/answers_player1_prompt2.csv,answers_player1_prompt2,Q045,W,Cities,14,wollongong,wollongong,1,0,1,Q045::14
Part2/outputs/answers_player1_prompt2.csv,answers_player1_prompt2,Q045,W,Cities,15,winona,winona,1,0,1,Q045::15
Part2/outputs/answers_player1_prompt2.csv,answers_player1_prompt2,Q045,W,Cities,16,warsaw,warsaw,1,0,1,Q045::16
Part2/outputs/answers_player1_prompt2.csv,answers_player1_prompt2,Q045,W,Cities,17,winnipeg,winnipeg,1,0,1,Q045::17
Part2/outputs/answers_player1_prompt2.csv,answers_player1_prompt2,Q045,W,Cities,18,winona,winona,1,0,1,Q045::18
Part2/outputs/answers_player1_prompt2.csv,answers_player1_prompt2,Q045,W,Cities,19,warsaw,warsaw,1,1,0,Q045::19
Part2/outputs/answers_player1_prompt2.csv,answers_player1_prompt2,Q046,W,Things in a park,0,willow,willow,1,1,0,Q046::0
Part2/outputs/answers_player1_prompt2.csv,answers_player1_prompt2,Q046,W,Things in a park,1,willow,willow,1,1,0,Q046::1
Part2/outputs/answers_player1_prompt2.csv,answers_player1_prompt2,Q046,W,Things in a park,2,willow,willow,1,1,0,Q046::2
Part2/outputs/answers_player1_prompt2.csv,answers_player1_prompt2,Q046,W,Things in a park,3,willow,willow,1,0,1,Q046::3
Part2/outputs/answers_player1_prompt2.csv,answers_player1_prompt2,Q046,W,Things in a park,4,willow,willow,1,1,0,Q046::4
Part2/outputs/answers_player1_prompt2.csv,answers_player1_prompt2,Q046,W,Things in a park,5,willow,willow,1,1,0,Q046::5
Part2/outputs/answers_player1_prompt2.csv,answers_player1_prompt2,Q046,W,Things in a park,6,swings,swings,1,0,1,Q046::6
Part2/outputs/answers_player1_prompt2.csv,answers_player1_prompt2,Q046,W,Things in a park,7,swing set,swing set,1,0,1,Q046::7
Part2/outputs/answers_player1_prompt2.csv,answers_player1_prompt2,Q046,W,Things in a park,8,willow,willow,1,1,0,Q046::8
Part2/outputs/answers_player1_prompt2.csv,answers_player1_prompt2,Q046,W,Things in a park,9,wifi,wifi,0,0,0,Q046::9
Part2/outputs/answers_player1_prompt2.csv,answers_player1_prompt2,Q046,W,Things in a park,10,willow,willow,1,0,1,Q046::10
Part2/outputs/answers_player1_prompt2.csv,answers_player1_prompt2,Q046,W,Things in a park,11,willow,willow,1,0,1,Q046::11
Part2/outputs/answers_player1_prompt2.csv,answers_player1_prompt2,Q046,W,Things in a park,12,willow,willow,1,0,1,Q046::12
Part2/outputs/answers_player1_prompt2.csv,answers_player1_prompt2,Q046,W,Things in a park,13,willow,willow,1,1,0,Q046::13
Part2/outputs/answers_player1_prompt2.csv,answers_player1_prompt2,Q046,W,Things in a park,14,willowswing,willowswing,0,0,0,Q046::14
Part2/outputs/answers_player1_prompt2.csv,answers_player1_prompt2,Q046,W,Things in a park,15,willow,willow,1,1,0,Q046::15
Part2/outputs/answers_player1_prompt2.csv,answers_player1_prompt2,Q046,W,Things in a park,16,willow,willow,1,0,1,Q046::16
Part2/outputs/answers_player1_prompt2.csv,answers_player1_prompt2,Q046,W,Things in a park,17,willow,willow,1,1,0,Q046::17
Part2/outputs/answers_player1_prompt2.csv,answers_player1_prompt2,Q046,W,Things in a park,18,willowswing,willowswing,0,0,0,Q046::18
Part2/outputs/answers_player1_prompt2.csv,answers_player1_prompt2,Q046,W,Things in a park,19,willow,willow,1,1,0,Q046::19
Part2/outputs/answers_player1_prompt2.csv,answers_player1_prompt2,Q047,X,Brands,0,xiaomi,xiaomi,1,0,1,Q047::0
Part2/outputs/answers_player1_prompt2.csv,answers_player1_prompt2,Q047,X,Brands,1,xiaomi,xiaomi,1,0,1,Q047::1
Part2/outputs/answers_player1_prompt2.csv,answers_player1_prompt2,Q047,X,Brands,2,xbox,xbox,1,0,1,Q047::2
Part2/outputs/answers_player1_prompt2.csv,answers_player1_prompt2,Q047,X,Brands,3,xiaomi,xiaomi,1,1,0,Q047::3
Part2/outputs/answers_player1_prompt2.csv,answers_player1_prompt2,Q047,X,Brands,4,xbox,xbox,1,1,0,Q047::4
Part2/outputs/answers_player1_prompt2.csv,answers_player1_prompt2,Q047,X,Brands,5,xbox,xbox,1,0,1,Q047::5
Part2/outputs/answers_player1_prompt2.csv,answers_player1_prompt2,Q047,X,Brands,6,xerox,xerox,1,0,1,Q047::6
Part2/outputs/answers_player1_prompt2.csv,answers_player1_prompt2,Q047,X,Brands,7,xiaomi,xiaomi,1,1,0,Q047::7
Part2/outputs/answers_player1_prompt2.csv,answers_player1_prompt2,Q047,X,Brands,8,xbox,xbox,1,0,1,Q047::8
Part2/outputs/answers_player1_prompt2.csv,answers_player1_prompt2,Q047,X,Brands,9,xiaomi,xiaomi,1,0,1,Q047::9
Part2/outputs/answers_player1_prompt2.csv,answers_player1_prompt2,Q047,X,Brands,10,xiaomi,xiaomi,1,0,1,Q047::10
Part2/outputs/answers_player1_prompt2.csv,answers_player1_prompt2,Q047,X,Brands,11,xbox,xbox,1,0,1,Q047::11
Part2/outputs/answers_player1_prompt2.csv,answers_player1_prompt2,Q047,X,Brands,12,xerox,xerox,1,1,0,Q047::12
Part2/outputs/answers_player1_prompt2.csv,answers_player1_prompt2,Q047,X,Brands,13,starbucks,starbucks,0,0,0,Q047::13
Part2/outputs/answers_player1_prompt2.csv,answers_player1_prompt2,Q047,X,Brands,14,xiaomi,xiaomi,1,0,1,Q047::14
Part2/outputs/answers_player1_prompt2.csv,answers_player1_prompt2,Q047,X,Brands,15,xiaomi,xiaomi,1,1,0,Q047::15
Part2/outputs/answers_player1_prompt2.csv,answers_player1_prompt2,Q047,X,Brands,16,nike,nike,0,0,0,Q047::16
Part2/outputs/answers_player1_prompt2.csv,answers_player1_prompt2,Q047,X,Brands,17,xerox,xerox,1,0,1,Q047::17
Part2/outputs/answers_player1_prompt2.csv,answers_player1_prompt2,Q047,X,Brands,18,xerox,xerox,1,0,1,Q047::18
Part2/outputs/answers_player1_prompt2.csv,answers_player1_prompt2,Q047,X,Brands,19,xbox,xbox,1,0,1,Q047::19
Part2/outputs/answers_player1_prompt2.csv,answers_player1_prompt2,Q048,X,Words in English,0,xerox office,xerox office,0,0,0,Q048::0
Part2/outputs/answers_player1_prompt2.csv,answers_player1_prompt2,Q048,X,Words in English,1,xray,xray,1,0,1,Q048::1
Part2/outputs/answers_player1_prompt2.csv,answers_player1_prompt2,Q048,X,Words in English,2,xmas,xmas,1,0,1,Q048::2
Part2/outputs/answers_player1_prompt2.csv,answers_player1_prompt2,Q048,X,Words in English,3,xerox,xerox,1,0,1,Q048::3
Part2/outputs/answers_player1_prompt2.csv,answers_player1_prompt2,Q048,X,Words in English,4,xerox,xerox,1,0,1,Q048::4
Part2/outputs/answers_player1_prompt2.csv,answers_player1_prompt2,Q048,X,Words in English,5,xerox,xerox,1,1,0,Q048::5
Part2/outputs/answers_player1_prompt2.csv,answers_player1_prompt2,Q048,X,Words in English,6,xerox,xerox,1,1,0,Q048::6
Part2/outputs/answers_player1_prompt2.csv,answers_player1_prompt2,Q048,X,Words in English,7,xmas,xmas,1,0,1,Q048::7
Part2/outputs/answers_player1_prompt2.csv,answers_player1_prompt2,Q048,X,Words in English,8,xbox,xbox,1,1,0,Q048::8
Part2/outputs/answers_player1_prompt2.csv,answers_player1_prompt2,Q048,X,Words in English,9,xray,xray,1,1,0,Q048::9
Part2/outputs/answers_player1_prompt2.csv,answers_player1_prompt2,Q048,X,Words in English,10,xmas,xmas,1,0,1,Q048::10
Part2/outputs/answers_player1_prompt2.csv,answers_player1_prompt2,Q048,X,Words in English,11,xray,xray,1,0,1,Q048::11
Part2/outputs/answers_player1_prompt2.csv,answers_player1_prompt2,Q048,X,Words in English,12,xbox,xbox,1,1,0,Q048::12
Part2/outputs/answers_player1_prompt2.csv,answers_player1_prompt2,Q048,X,Words in English,13,xerox,xerox,1,1,0,Q048::13
Part2/outputs/answers_player1_prompt2.csv,answers_player1_prompt2,Q048,X,Words in English,14,xenon,xenon,1,0,1,Q048::14
Part2/outputs/answers_player1_prompt2.csv,answers_player1_prompt2,Q048,X,Words in English,15,xerox,xerox,1,0,1,Q048::15
Part2/outputs/answers_player1_prompt2.csv,answers_player1_prompt2,Q048,X,Words in English,16,xbox,xbox,1,1,0,Q048::16
Part2/outputs/answers_player1_prompt2.csv,answers_player1_prompt2,Q048,X,Words in English,17,xbox,xbox,1,1,0,Q048::17
Part2/outputs/answers_player1_prompt2.csv,answers_player1_prompt2,Q048,X,Words in English,18,xmas,xmas,1,0,1,Q048::18
Part2/outputs/answers_player1_prompt2.csv,answers_player1_prompt2,Q048,X,Words in English,19,xmas,xmas,1,0,1,Q048::19
Part2/outputs/answers_player1_prompt2.csv,answers_player1_prompt2,Q049,Y,Foods,0,yogurt,yogurt,1,1,0,Q049::0
Part2/outputs/answers_player1_prompt2.csv,answers_player1_prompt2,Q049,Y,Foods,1,yogurt,yogurt,1,1,0,Q049::1
Part2/outputs/answers_player1_prompt2.csv,answers_player1_prompt2,Q049,Y,Foods,2,yogurt,yogurt,1,1,0,Q049::2
Part2/outputs/answers_player1_prompt2.csv,answers_player1_prompt2,Q049,Y,Foods,3,yogurt,yogurt,1,1,0,Q049::3
Part2/outputs/answers_player1_prompt2.csv,answers_player1_prompt2,Q049,Y,Foods,4,yogurt,yogurt,1,1,0,Q049::4
Part2/outputs/answers_player1_prompt2.csv,answers_player1_prompt2,Q049,Y,Foods,5,yogurt,yogurt,1,1,0,Q049::5
Part2/outputs/answers_player1_prompt2.csv,answers_player1_prompt2,Q049,Y,Foods,6,yogurt,yogurt,1,1,0,Q049::6
Part2/outputs/answers_player1_prompt2.csv,answers_player1_prompt2,Q049,Y,Foods,7,yum yum cake,yum yum cake,0,0,0,Q049::7
Part2/outputs/answers_player1_prompt2.csv,answers_player1_prompt2,Q049,Y,Foods,8,yogurt,yogurt,1,1,0,Q049::8
Part2/outputs/answers_player1_prompt2.csv,answers_player1_prompt2,Q049,Y,Foods,9,yogurt,yogurt,1,1,0,Q049::9
Part2/outputs/answers_player1_prompt2.csv,answers_player1_prompt2,Q049,Y,Foods,10,yogurt,yogurt,1,1,0,Q049::10
Part2/outputs/answers_player1_prompt2.csv,answers_player1_prompt2,Q049,Y,Foods,11,yogurt,yogurt,1,1,0,Q049::11
Part2/outputs/answers_player1_prompt2.csv,answers_player1_prompt2,Q049,Y,Foods,12,yogurt,yogurt,1,1,0,Q049::12
Part2/outputs/answers_player1_prompt2.csv,answers_player1_prompt2,Q049,Y,Foods,13,yogurt,yogurt,1,1,0,Q049::13
Part2/outputs/answers_player1_prompt2.csv,answers_player1_prompt2,Q049,Y,Foods,14,yogurt,yogurt,1,1,0,Q049::14
Part2/outputs/answers_player1_prompt2.csv,answers_player1_prompt2,Q049,Y,Foods,15,yogurt,yogurt,1,1,0,Q049::15
Part2/outputs/answers_player1_prompt2.csv,answers_player1_prompt2,Q049,Y,Foods,16,yogurt,yogurt,1,1,0,Q049::16
Part2/outputs/answers_player1_prompt2.csv,answers_player1_prompt2,Q049,Y,Foods,17,yogurt,yogurt,1,1,0,Q049::17
Part2/outputs/answers_player1_prompt2.csv,answers_player1_prompt2,Q049,Y,Foods,18,yogurt,yogurt,1,1,0,Q049::18
Part2/outputs/answers_player1_prompt2.csv,answers_player1_prompt2,Q049,Y,Foods,19,yogurt,yogurt,1,1,0,Q049::19
Part2/outputs/answers_player1_prompt2.csv,answers_player1_prompt2,Q050,Y,Things at a party,0,yacht party,yacht party,0,0,0,Q050::0
Part2/outputs/answers_player1_prompt2.csv,answers_player1_prompt2,Q050,Y,Things at a party,1,cake,cake,0,0,0,Q050::1
Part2/outputs/answers_player1_prompt2.csv,answers_player1_prompt2,Q050,Y,Things at a party,2,cake,cake,0,0,0,Q050::2
Part2/outputs/answers_player1_prompt2.csv,answers_player1_prompt2,Q050,Y,Things at a party,3,wine,wine,0,0,0,Q050::3
Part2/outputs/answers_player1_prompt2.csv,answers_player1_prompt2,Q050,Y,Things at a party,4,champagne,champagne,0,0,0,Q050::4
Part2/outputs/answers_player1_prompt2.csv,answers_player1_prompt2,Q050,Y,Things at a party,5,yacht party,yacht party,0,0,0,Q050::5
Part2/outputs/answers_player1_prompt2.csv,answers_player1_prompt2,Q050,Y,Things at a party,6,yacht party,yacht party,0,0,0,Q050::6
Part2/outputs/answers_player1_prompt2.csv,answers_player1_prompt2,Q050,Y,Things at a party,7,yacht party,yacht party,0,0,0,Q050::7
Part2/outputs/answers_player1_prompt2.csv,answers_player1_prompt2,Q050,Y,Things at a party,8,birthday hats,birthday hats,0,0,0,Q050::8
Part2/outputs/answers_player1_prompt2.csv,answers_player1_prompt2,Q050,Y,Things at a party,9,yacht party,yacht party,0,0,0,Q050::9
Part2/outputs/answers_player1_prompt2.csv,answers_player1_prompt2,Q050,Y,Things at a party,10,popcorn,popcorn,0,0,0,Q050::10
Part2/outputs/answers_player1_prompt2.csv,answers_player1_prompt2,Q050,Y,Things at a party,11,popcorn,popcorn,0,0,0,Q050::11
Part2/outputs/answers_player1_prompt2.csv,answers_player1_prompt2,Q050,Y,Things at a party,12,yacht party,yacht party,0,0,0,Q050::12
Part2/outputs/answers_player1_prompt2.csv,answers_player1_prompt2,Q050,Y,Things at a party,13,popcorn,popcorn,0,0,0,Q050::13
Part2/outputs/answers_player1_prompt2.csv,answers_player1_prompt2,Q050,Y,Things at a party,14,yacht party,yacht party,0,0,0,Q050::14
Part2/outputs/answers_player1_prompt2.csv,answers_player1_prompt2,Q050,Y,Things at a party,15,yacht party,yacht party,0,0,0,Q050::15
Part2/outputs/answers_player1_prompt2.csv,answers_player1_prompt2,Q050,Y,Things at a party,16,yacht,yacht,0,0,0,Q050::16
Part2/outputs/answers_player1_prompt2.csv,answers_player1_prompt2,Q050,Y,Things at a party,17,popcorn,popcorn,0,0,0,Q050::17
Part2/outputs/answers_player1_prompt2.csv,answers_player1_prompt2,Q050,Y,Things at a party,18,party hat,party hat,0,0,0,Q050::18
Part2/outputs/answers_player1_prompt2.csv,answers_player1_prompt2,Q050,Y,Things at a party,19,happy hour,happy hour,0,0,0,Q050::19
Part2/outputs/answers_player1_prompt2.csv,answers_player1_prompt2,Q051,Z,Animals,0,zebra,zebra,1,1,0,Q051::0
Part2/outputs/answers_player1_prompt2.csv,answers_player1_prompt2,Q051,Z,Animals,1,zebra,zebra,1,1,0,Q051::1
Part2/outputs/answers_player1_prompt2.csv,answers_player1_prompt2,Q051,Z,Animals,2,zebra,zebra,1,0,1,Q051::2
Part2/outputs/answers_player1_prompt2.csv,answers_player1_prompt2,Q051,Z,Animals,3,zebra,zebra,1,1,0,Q051::3
Part2/outputs/answers_player1_prompt2.csv,answers_player1_prompt2,Q051,Z,Animals,4,zebra,zebra,1,0,1,Q051::4
Part2/outputs/answers_player1_prompt2.csv,answers_player1_prompt2,Q051,Z,Animals,5,zebra,zebra,1,1,0,Q051::5
Part2/outputs/answers_player1_prompt2.csv,answers_player1_prompt2,Q051,Z,Animals,6,zebra,zebra,1,1,0,Q051::6
Part2/outputs/answers_player1_prompt2.csv,answers_player1_prompt2,Q051,Z,Animals,7,zebra,zebra,1,1,0,Q051::7
Part2/outputs/answers_player1_prompt2.csv,answers_player1_prompt2,Q051,Z,Animals,8,zebra,zebra,1,1,0,Q051::8
Part2/outputs/answers_player1_prompt2.csv,answers_player1_prompt2,Q051,Z,Animals,9,zebra,zebra,1,1,0,Q051::9
Part2/outputs/answers_player1_prompt2.csv,answers_player1_prompt2,Q051,Z,Animals,10,zebra,zebra,1,1,0,Q051::10
Part2/outputs/answers_player1_prompt2.csv,answers_player1_prompt2,Q051,Z,Animals,11,zorse,zorse,1,0,1,Q051::11
Part2/outputs/answers_player1_prompt2.csv,answers_player1_prompt2,Q051,Z,Animals,12,zebra,zebra,1,0,1,Q051::12
Part2/outputs/answers_player1_prompt2.csv,answers_player1_prompt2,Q051,Z,Animals,13,zorse,zorse,1,0,1,Q051::13
Part2/outputs/answers_player1_prompt2.csv,answers_player1_prompt2,Q051,Z,Animals,14,zorse,zorse,1,0,1,Q051::14
Part2/outputs/answers_player1_prompt2.csv,answers_player1_prompt2,Q051,Z,Animals,15,zorse,zorse,1,0,1,Q051::15
Part2/outputs/answers_player1_prompt2.csv,answers_player1_prompt2,Q051,Z,Animals,16,zebra,zebra,1,1,0,Q051::16
Part2/outputs/answers_player1_prompt2.csv,answers_player1_prompt2,Q051,Z,Animals,17,zorse,zorse,1,0,1,Q051::17
Part2/outputs/answers_player1_prompt2.csv,answers_player1_prompt2,Q051,Z,Animals,18,zebra,zebra,1,1,0,Q051::18
Part2/outputs/answers_player1_prompt2.csv,answers_player1_prompt2,Q051,Z,Animals,19,zorse,zorse,1,0,1,Q051::19
Part2/outputs/answers_player1_prompt2.csv,answers_player1_prompt2,Q052,Z,Things in a zoo,0,zebra,zebra,1,1,0,Q052::0
Part2/outputs/answers_player1_prompt2.csv,answers_player1_prompt2,Q052,Z,Things in a zoo,1,zebra,zebra,1,1,0,Q052::1
Part2/outputs/answers_player1_prompt2.csv,answers_player1_prompt2,Q052,Z,Things in a zoo,2,zebra,zebra,1,1,0,Q052::2
Part2/outputs/answers_player1_prompt2.csv,answers_player1_prompt2,Q052,Z,Things in a zoo,3,zebra,zebra,1,1,0,Q052::3
Part2/outputs/answers_player1_prompt2.csv,answers_player1_prompt2,Q052,Z,Things in a zoo,4,zebra,zebra,1,1,0,Q052::4
Part2/outputs/answers_player1_prompt2.csv,answers_player1_prompt2,Q052,Z,Things in a zoo,5,zebra,zebra,1,1,0,Q052::5
Part2/outputs/answers_player1_prompt2.csv,answers_player1_prompt2,Q052,Z,Things in a zoo,6,zebra,zebra,1,1,0,Q052::6
Part2/outputs/answers_player1_prompt2.csv,answers_player1_prompt2,Q052,Z,Things in a zoo,7,zebra,zebra,1,1,0,Q052::7
Part2/outputs/answers_player1_prompt2.csv,answers_player1_prompt2,Q052,Z,Things in a zoo,8,zebra,zebra,1,1,0,Q052::8
Part2/outputs/answers_player1_prompt2.csv,answers_player1_prompt2,Q052,Z,Things in a zoo,9,zebra,zebra,1,1,0,Q052::9
Part2/outputs/answers_player1_prompt2.csv,answers_player1_prompt2,Q052,Z,Things in a zoo,10,zebra,zebra,1,1,0,Q052::10
Part2/outputs/answers_player1_prompt2.csv,answers_player1_prompt2,Q052,Z,Things in a zoo,11,zebra,zebra,1,1,0,Q052::11
Part2/outputs/answers_player1_prompt2.csv,answers_player1_prompt2,Q052,Z,Things in a zoo,12,zebra,zebra,1,1,0,Q052::12
Part2/outputs/answers_player1_prompt2.csv,answers_player1_prompt2,Q052,Z,Things in a zoo,13,zebra,zebra,1,1,0,Q052::13
Part2/outputs/answers_player1_prompt2.csv,answers_player1_prompt2,Q052,Z,Things in a zoo,14,zebra,zebra,1,1,0,Q052::14
Part2/outputs/answers_player1_prompt2.csv,answers_player1_prompt2,Q052,Z,Things in a zoo,15,zebra,zebra,1,1,0,Q052::15
Part2/outputs/answers_player1_prompt2.csv,answers_player1_prompt2,Q052,Z,Things in a zoo,16,zebra,zebra,1,1,0,Q052::16
Part2/outputs/answers_player1_prompt2.csv,answers_player1_prompt2,Q052,Z,Things in a zoo,17,zebra,zebra,1,1,0,Q052::17
Part2/outputs/answers_player1_prompt2.csv,answers_player1_prompt2,Q052,Z,Things in a zoo,18,zebra,zebra,1,0,1,Q052::18
Part2/outputs/answers_player1_prompt2.csv,answers_player1_prompt2,Q052,Z,Things in a zoo,19,zebra,zebra,1,1,0,Q052::19
Part2/outputs/answers_player1_prompt2.csv,answers_player1_prompt2,Q053,A,Things in a kitchen,0,pancake,pancake,0,0,0,Q053::0
Part2/outputs/answers_player1_prompt2.csv,answers_player1_prompt2,Q053,A,Things in a kitchen,1,spatula,spatula,1,0,1,Q053::1
Part2/outputs/answers_player1_prompt2.csv,answers_player1_prompt2,Q053,A,Things in a kitchen,2,spatula,spatula,1,0,1,Q053::2
Part2/outputs/answers_player1_prompt2.csv,answers_player1_prompt2,Q053,A,Things in a kitchen,3,microwave,microwave,1,0,1,Q053::3
Part2/outputs/answers_player1_prompt2.csv,answers_player1_prompt2,Q053,A,Things in a kitchen,4,pancake mix,pancake mix,0,0,0,Q053::4
Part2/outputs/answers_player1_prompt2.csv,answers_player1_prompt2,Q053,A,Things in a kitchen,5,pancake,pancake,0,0,0,Q053::5
Part2/outputs/answers_player1_prompt2.csv,answers_player1_prompt2,Q053,A,Things in a kitchen,6,spatula,spatula,1,0,1,Q053::6
Part2/outputs/answers_player1_prompt2.csv,answers_player1_prompt2,Q053,A,Things in a kitchen,7,pancake mix,pancake mix,0,0,0,Q053::7
Part2/outputs/answers_player1_prompt2.csv,answers_player1_prompt2,Q053,A,Things in a kitchen,8,pancake,pancake,0,0,0,Q053::8
Part2/outputs/answers_player1_prompt2.csv,answers_player1_prompt2,Q053,A,Things in a kitchen,9,microwave,microwave,1,0,1,Q053::9
Part2/outputs/answers_player1_prompt2.csv,answers_player1_prompt2,Q053,A,Things in a kitchen,10,pancake mix,pancake mix,0,0,0,Q053::10
Part2/outputs/answers_player1_prompt2.csv,answers_player1_prompt2,Q053,A,Things in a kitchen,11,pancake,pancake,0,0,0,Q053::11
Part2/outputs/answers_player1_prompt2.csv,answers_player1_prompt2,Q053,A,Things in a kitchen,12,spatula,spatula,1,1,0,Q053::12
Part2/outputs/answers_player1_prompt2.csv,answers_player1_prompt2,Q053,A,Things in a kitchen,13,spatula,spatula,1,0,1,Q053::13
Part2/outputs/answers_player1_prompt2.csv,answers_player1_prompt2,Q053,A,Things in a kitchen,14,pancake,pancake,0,0,0,Q053::14
Part2/outputs/answers_player1_prompt2.csv,answers_player1_prompt2,Q053,A,Things in a kitchen,15,pancake mix,pancake mix,0,0,0,Q053::15
Part2/outputs/answers_player1_prompt2.csv,answers_player1_prompt2,Q053,A,Things in a kitchen,16,pancake,pancake,0,0,0,Q053::16
Part2/outputs/answers_player1_prompt2.csv,answers_player1_prompt2,Q053,A,Things in a kitchen,17,blender,blender,1,0,1,Q053::17
Part2/outputs/answers_player1_prompt2.csv,answers_player1_prompt2,Q053,A,Things in a kitchen,18,pancake mix,pancake mix,0,0,0,Q053::18
Part2/outputs/answers_player1_prompt2.csv,answers_player1_prompt2,Q053,A,Things in a kitchen,19,pancake mix,pancake mix,0,0,0,Q053::19
Part2/outputs/answers_player1_prompt2.csv,answers_player1_prompt2,Q054,B,Singers,0,britney spears,britney spears,1,0,1,Q054::0
Part2/outputs/answers_player1_prompt2.csv,answers_player1_prompt2,Q054,B,Singers,1,brandy sungate,brandy sungate,0,0,0,Q054::1
Part2/outputs/answers_player1_prompt2.csv,answers_player1_prompt2,Q054,B,Singers,2,beyoncé,beyonc,0,0,0,Q054::2
Part2/outputs/answers_player1_prompt2.csv,answers_player1_prompt2,Q054,B,Singers,3,bonnie tyler,bonnie tyler,1,0,1,Q054::3
Part2/outputs/answers_player1_prompt2.csv,answers_player1_prompt2,Q054,B,Singers,4,backstreet boys,backstreet boys,1,0,1,Q054::4
Part2/outputs/answers_player1_prompt2.csv,answers_player1_prompt2,Q054,B,Singers,5,beyoncé,beyonc,0,0,0,Q054::5
Part2/outputs/answers_player1_prompt2.csv,answers_player1_prompt2,Q054,B,Singers,6,brandy nugent,brandy nugent,0,0,0,Q054::6
Part2/outputs/answers_player1_prompt2.csv,answers_player1_prompt2,Q054,B,Singers,7,backstreet boys,backstreet boys,1,0,1,Q054::7
Part2/outputs/answers_player1_prompt2.csv,answers_player1_prompt2,Q054,B,Singers,8,brandy norris,brandy norris,0,0,0,Q054::8
Part2/outputs/answers_player1_prompt2.csv,answers_player1_prompt2,Q054,B,Singers,9,brandy singer,brandy singer,1,0,1,Q054::9
Part2/outputs/answers_player1_prompt2.csv,answers_player1_prompt2,Q054,B,Singers,10,brandy singer,brandy singer,1,0,1,Q054::10
Part2/outputs/answers_player1_prompt2.csv,answers_player1_prompt2,Q054,B,Singers,11,backstreet boys,backstreet boys,1,0,1,Q054::11
Part2/outputs/answers_player1_prompt2.csv,answers_player1_prompt2,Q054,B,Singers,12,brandy norris,brandy norris,0,0,0,Q054::12
Part2/outputs/answers_player1_prompt2.csv,answers_player1_prompt2,Q054,B,Singers,13,brandy noris,brandy noris,0,0,0,Q054::13
Part2/outputs/answers_player1_prompt2.csv,answers_player1_prompt2,Q054,B,Singers,14,brandy singer,brandy singer,1,1,0,Q054::14
Part2/outputs/answers_player1_prompt2.csv,answers_player1_prompt2,Q054,B,Singers,15,brandy nugent,brandy nugent,0,0,0,Q054::15
Part2/outputs/answers_player1_prompt2.csv,answers_player1_prompt2,Q054,B,Singers,16,bob dylan,bob dylan,1,0,1,Q054::16
Part2/outputs/answers_player1_prompt2.csv,answers_player1_prompt2,Q054,B,Singers,17,bruno mars,bruno mars,1,0,1,Q054::17
Part2/outputs/answers_player1_prompt2.csv,answers_player1_prompt2,Q054,B,Singers,18,backstreet boys,backstreet boys,1,0,1,Q054::18
Part2/outputs/answers_player1_prompt2.csv,answers_player1_prompt2,Q054,B,Singers,19,beyoncé,beyonc,0,0,0,Q054::19
Part2/outputs/answers_player1_prompt2.csv,answers_player1_prompt2,Q055,C,Desserts,0,churros,churros,1,0,1,Q055::0
Part2/outputs/answers_player1_prompt2.csv,answers_player1_prompt2,Q055,C,Desserts,1,churros,churros,1,1,0,Q055::1
Part2/outputs/answers_player1_prompt2.csv,answers_player1_prompt2,Q055,C,Desserts,2,chocolate cake,chocolate cake,1,1,0,Q055::2
Part2/outputs/answers_player1_prompt2.csv,answers_player1_prompt2,Q055,C,Desserts,3,chiffon cake,chiffon cake,1,0,1,Q055::3
Part2/outputs/answers_player1_prompt2.csv,answers_player1_prompt2,Q055,C,Desserts,4,chocolate cake,chocolate cake,1,1,0,Q055::4
Part2/outputs/answers_player1_prompt2.csv,answers_player1_prompt2,Q055,C,Desserts,5,churros,churros,1,1,0,Q055::5
Part2/outputs/answers_player1_prompt2.csv,answers_player1_prompt2,Q055,C,Desserts,6,chiffon cake,chiffon cake,1,0,1,Q055::6
Part2/outputs/answers_player1_prompt2.csv,answers_player1_prompt2,Q055,C,Desserts,7,chocolate cake,chocolate cake,1,1,0,Q055::7
Part2/outputs/answers_player1_prompt2.csv,answers_player1_prompt2,Q055,C,Desserts,8,churros,churros,1,0,1,Q055::8
Part2/outputs/answers_player1_prompt2.csv,answers_player1_prompt2,Q055,C,Desserts,9,chocolate cake,chocolate cake,1,1,0,Q055::9
Part2/outputs/answers_player1_prompt2.csv,answers_player1_prompt2,Q055,C,Desserts,10,churros,churros,1,0,1,Q055::10
Part2/outputs/answers_player1_prompt2.csv,answers_player1_prompt2,Q055,C,Desserts,11,chocolate cake,chocolate cake,1,0,1,Q055::11
Part2/outputs/answers_player1_prompt2.csv,answers_player1_prompt2,Q055,C,Desserts,12,chiffon cake,chiffon cake,1,0,1,Q055::12
Part2/outputs/answers_player1_prompt2.csv,answers_player1_prompt2,Q055,C,Desserts,13,churros,churros,1,0,1,Q055::13
Part2/outputs/answers_player1_prompt2.csv,answers_player1_prompt2,Q055,C,Desserts,14,chocolate cake,chocolate cake,1,1,0,Q055::14
Part2/outputs/answers_player1_prompt2.csv,answers_player1_prompt2,Q055,C,Desserts,15,churros,churros,1,0,1,Q055::15
Part2/outputs/answers_player1_prompt2.csv,answers_player1_prompt2,Q055,C,Desserts,16,chocolate cake,chocolate cake,1,0,1,Q055::16
Part2/outputs/answers_player1_prompt2.csv,answers_player1_prompt2,Q055,C,Desserts,17,churro,churro,1,0,1,Q055::17
Part2/outputs/answers_player1_prompt2.csv,answers_player1_prompt2,Q055,C,Desserts,18,chocolate cake,chocolate cake,1,0,1,Q055::18
Part2/outputs/answers_player1_prompt2.csv,answers_player1_prompt2,Q055,C,Desserts,19,churros,churros,1,0,1,Q055::19
Part2/outputs/answers_player1_prompt2.csv,answers_player1_prompt2,Q056,D,Plants,0,daisy,daisy,1,1,0,Q056::0
Part2/outputs/answers_player1_prompt2.csv,answers_player1_prompt2,Q056,D,Plants,1,daisy,daisy,1,1,0,Q056::1
Part2/outputs/answers_player1_prompt2.csv,answers_player1_prompt2,Q056,D,Plants,2,orchid,orchid,0,0,0,Q056::2
Part2/outputs/answers_player1_prompt2.csv,answers_player1_prompt2,Q056,D,Plants,3,dahlia,dahlia,1,1,0,Q056::3
Part2/outputs/answers_player1_prompt2.csv,answers_player1_prompt2,Q056,D,Plants,4,dahlia,dahlia,1,0,1,Q056::4
Part2/outputs/answers_player1_prompt2.csv,answers_player1_prompt2,Q056,D,Plants,5,daisy,daisy,1,0,1,Q056::5
Part2/outputs/answers_player1_prompt2.csv,answers_player1_prompt2,Q056,D,Plants,6,orchid,orchid,0,0,0,Q056::6
Part2/outputs/answers_player1_prompt2.csv,answers_player1_prompt2,Q056,D,Plants,7,orchid,orchid,0,0,0,Q056::7
Part2/outputs/answers_player1_prompt2.csv,answers_player1_prompt2,Q056,D,Plants,8,dahlia,dahlia,1,0,1,Q056::8
Part2/outputs/answers_player1_prompt2.csv,answers_player1_prompt2,Q056,D,Plants,9,dandelion,dandelion,1,0,1,Q056::9
Part2/outputs/answers_player1_prompt2.csv,answers_player1_prompt2,Q056,D,Plants,10,dahlia,dahlia,1,0,1,Q056::10
Part2/outputs/answers_player1_prompt2.csv,answers_player1_prompt2,Q056,D,Plants,11,dahlia,dahlia,1,1,0,Q056::11
Part2/outputs/answers_player1_prompt2.csv,answers_player1_prompt2,Q056,D,Plants,12,daisy,daisy,1,1,0,Q056::12
Part2/outputs/answers_player1_prompt2.csv,answers_player1_prompt2,Q056,D,Plants,13,orchid,orchid,0,0,0,Q056::13
Part2/outputs/answers_player1_prompt2.csv,answers_player1_prompt2,Q056,D,Plants,14,dahlia,dahlia,1,0,1,Q056::14
Part2/outputs/answers_player1_prompt2.csv,answers_player1_prompt2,Q056,D,Plants,15,daisy,daisy,1,0,1,Q056::15
Part2/outputs/answers_player1_prompt2.csv,answers_player1_prompt2,Q056,D,Plants,16,dahlia,dahlia,1,0,1,Q056::16
Part2/outputs/answers_player1_prompt2.csv,answers_player1_prompt2,Q056,D,Plants,17,dahlia,dahlia,1,0,1,Q056::17
Part2/outputs/answers_player1_prompt2.csv,answers_player1_prompt2,Q056,D,Plants,18,dahlia,dahlia,1,0,1,Q056::18
Part2/outputs/answers_player1_prompt2.csv,answers_player1_prompt2,Q056,D,Plants,19,dahlia,dahlia,1,0,1,Q056::19
Part2/outputs/answers_player1_prompt2.csv,answers_player1_prompt2,Q057,E,Companies,0,eBay,ebay,1,1,0,Q057::0
Part2/outputs/answers_player1_prompt2.csv,answers_player1_prompt2,Q057,E,Companies,1,eBay,ebay,1,1,0,Q057::1
Part2/outputs/answers_player1_prompt2.csv,answers_player1_prompt2,Q057,E,Companies,2,eBay,ebay,1,1,0,Q057::2
Part2/outputs/answers_player1_prompt2.csv,answers_player1_prompt2,Q057,E,Companies,3,ebay,ebay,1,1,0,Q057::3
Part2/outputs/answers_player1_prompt2.csv,answers_player1_prompt2,Q057,E,Companies,4,ebay,ebay,1,0,1,Q057::4
Part2/outputs/answers_player1_prompt2.csv,answers_player1_prompt2,Q057,E,Companies,5,e.lan,e.lan,0,0,0,Q057::5
Part2/outputs/answers_player1_prompt2.csv,answers_player1_prompt2,Q057,E,Companies,6,ebay,ebay,1,1,0,Q057::6
Part2/outputs/answers_player1_prompt2.csv,answers_player1_prompt2,Q057,E,Companies,7,ebay,ebay,1,1,0,Q057::7
Part2/outputs/answers_player1_prompt2.csv,answers_player1_prompt2,Q057,E,Companies,8,ebay,ebay,1,1,0,Q057::8
Part2/outputs/answers_player1_prompt2.csv,answers_player1_prompt2,Q057,E,Companies,9,eBay,ebay,1,1,0,Q057::9
Part2/outputs/answers_player1_prompt2.csv,answers_player1_prompt2,Q057,E,Companies,10,eBay,ebay,1,0,1,Q057::10
Part2/outputs/answers_player1_prompt2.csv,answers_player1_prompt2,Q057,E,Companies,11,ebay,ebay,1,1,0,Q057::11
Part2/outputs/answers_player1_prompt2.csv,answers_player1_prompt2,Q057,E,Companies,12,eBay,ebay,1,1,0,Q057::12
Part2/outputs/answers_player1_prompt2.csv,answers_player1_prompt2,Q057,E,Companies,13,eBay,ebay,1,1,0,Q057::13
Part2/outputs/answers_player1_prompt2.csv,answers_player1_prompt2,Q057,E,Companies,14,eBay,ebay,1,1,0,Q057::14
Part2/outputs/answers_player1_prompt2.csv,answers_player1_prompt2,Q057,E,Companies,15,eBay,ebay,1,1,0,Q057::15
Part2/outputs/answers_player1_prompt2.csv,answers_player1_prompt2,Q057,E,Companies,16,ebay,ebay,1,1,0,Q057::16
Part2/outputs/answers_player1_prompt2.csv,answers_player1_prompt2,Q057,E,Companies,17,ebay,ebay,1,1,0,Q057::17
Part2/outputs/answers_player1_prompt2.csv,answers_player1_prompt2,Q057,E,Companies,18,ebay,ebay,1,0,1,Q057::18
Part2/outputs/answers_player1_prompt2.csv,answers_player1_prompt2,Q057,E,Companies,19,ebay,ebay,1,0,1,Q057::19
Part2/outputs/answers_player1_prompt2.csv,answers_player1_prompt2,Q058,F,Movie characters,0,frodo baskin,frodo baskin,0,0,0,Q058::0
Part2/outputs/answers_player1_prompt2.csv,answers_player1_prompt2,Q058,F,Movie characters,1,fred flintstone,fred flintstone,1,0,1,Q058::1
Part2/outputs/answers_player1_prompt2.csv,answers_player1_prompt2,Q058,F,Movie characters,2,fred flintstone,fred flintstone,1,1,0,Q058::2
Part2/outputs/answers_player1_prompt2.csv,answers_player1_prompt2,Q058,F,Movie characters,3,fargo<main character> wynn,fargo<main character> wynn,0,0,0,Q058::3
Part2/outputs/answers_player1_prompt2.csv,answers_player1_prompt2,Q058,F,Movie characters,4,forrest gump,forrest gump,1,1,0,Q058::4
Part2/outputs/answers_player1_prompt2.csv,answers_player1_prompt2,Q058,F,Movie characters,5,fred flintstone,fred flintstone,1,1,0,Q058::5
Part2/outputs/answers_player1_prompt2.csv,answers_player1_prompt2,Q058,F,Movie characters,6,fred flintstone,fred flintstone,1,0,1,Q058::6
Part2/outputs/answers_player1_prompt2.csv,answers_player1_prompt2,Q058,F,Movie characters,7,fred flintstone,fred flintstone,1,1,0,Q058::7
Part2/outputs/answers_player1_prompt2.csv,answers_player1_prompt2,Q058,F,Movie characters,8,frodo baggins,frodo baggins,1,0,1,Q058::8
Part2/outputs/answers_player1_prompt2.csv,answers_player1_prompt2,Q058,F,Movie characters,9,friday,friday,0,0,0,Q058::9
Part2/outputs/answers_player1_prompt2.csv,answers_player1_prompt2,Q058,F,Movie characters,10,fred flintstone,fred flintstone,1,0,1,Q058::10
Part2/outputs/answers_player1_prompt2.csv,answers_player1_prompt2,Q058,F,Movie characters,11,forrest gump,forrest gump,1,0,1,Q058::11
Part2/outputs/answers_player1_prompt2.csv,answers_player1_prompt2,Q058,F,Movie characters,12,felicity javer,felicity javer,0,0,0,Q058::12
Part2/outputs/answers_player1_prompt2.csv,answers_player1_prompt2,Q058,F,Movie characters,13,fred flintstone,fred flintstone,1,0,1,Q058::13
Part2/outputs/answers_player1_prompt2.csv,answers_player1_prompt2,Q058,F,Movie characters,14,fred flintstone,fred flintstone,1,0,1,Q058::14
Part2/outputs/answers_player1_prompt2.csv,answers_player1_prompt2,Q058,F,Movie characters,15,fred flintstone,fred flintstone,1,0,1,Q058::15
Part2/outputs/answers_player1_prompt2.csv,answers_player1_prompt2,Q058,F,Movie characters,16,fred flintstone,fred flintstone,1,1,0,Q058::16
Part2/outputs/answers_player1_prompt2.csv,answers_player1_prompt2,Q058,F,Movie characters,17,forrest gump,forrest gump,1,0,1,Q058::17
Part2/outputs/answers_player1_prompt2.csv,answers_player1_prompt2,Q058,F,Movie characters,18,fred flintstone,fred flintstone,1,1,0,Q058::18
Part2/outputs/answers_player1_prompt2.csv,answers_player1_prompt2,Q058,F,Movie characters,19,fargo<main character> wyn动机,fargo<main character> wyn,0,0,0,Q058::19
Part2/outputs/answers_player1_prompt2.csv,answers_player1_prompt2,Q059,G,Things in a toolbox,0,hammer,hammer,1,1,0,Q059::0
Part2/outputs/answers_player1_prompt2.csv,answers_player1_prompt2,Q059,G,Things in a toolbox,1,hammer,hammer,1,1,0,Q059::1
Part2/outputs/answers_player1_prompt2.csv,answers_player1_prompt2,Q059,G,Things in a toolbox,2,hammer,hammer,1,1,0,Q059::2
Part2/outputs/answers_player1_prompt2.csv,answers_player1_prompt2,Q059,G,Things in a toolbox,3,hammer gun screwdriver,hammer gun screwdriver,0,0,0,Q059::3
Part2/outputs/answers_player1_prompt2.csv,answers_player1_prompt2,Q059,G,Things in a toolbox,4,hammer,hammer,1,1,0,Q059::4
Part2/outputs/answers_player1_prompt2.csv,answers_player1_prompt2,Q059,G,Things in a toolbox,5,hammer,hammer,1,1,0,Q059::5
Part2/outputs/answers_player1_prompt2.csv,answers_player1_prompt2,Q059,G,Things in a toolbox,6,hammer,hammer,1,1,0,Q059::6
Part2/outputs/answers_player1_prompt2.csv,answers_player1_prompt2,Q059,G,Things in a toolbox,7,hammer,hammer,1,1,0,Q059::7
Part2/outputs/answers_player1_prompt2.csv,answers_player1_prompt2,Q059,G,Things in a toolbox,8,hammer,hammer,1,1,0,Q059::8
Part2/outputs/answers_player1_prompt2.csv,answers_player1_prompt2,Q059,G,Things in a toolbox,9,hammer,hammer,1,1,0,Q059::9
Part2/outputs/answers_player1_prompt2.csv,answers_player1_prompt2,Q059,G,Things in a toolbox,10,hammer,hammer,1,1,0,Q059::10
Part2/outputs/answers_player1_prompt2.csv,answers_player1_prompt2,Q059,G,Things in a toolbox,11,hammer,hammer,1,0,1,Q059::11
Part2/outputs/answers_player1_prompt2.csv,answers_player1_prompt2,Q059,G,Things in a toolbox,12,hammer,hammer,1,1,0,Q059::12
Part2/outputs/answers_player1_prompt2.csv,answers_player1_prompt2,Q059,G,Things in a toolbox,13,hammer,hammer,1,1,0,Q059::13
Part2/outputs/answers_player1_prompt2.csv,answers_player1_prompt2,Q059,G,Things in a toolbox,14,hammer,hammer,1,1,0,Q059::14
Part2/outputs/answers_player1_prompt2.csv,answers_player1_prompt2,Q059,G,Things in a toolbox,15,hammer,hammer,1,1,0,Q059::15
Part2/outputs/answers_player1_prompt2.csv,answers_player1_prompt2,Q059,G,Things in a toolbox,16,hammer,hammer,1,1,0,Q059::16
Part2/outputs/answers_player1_prompt2.csv,answers_player1_prompt2,Q059,G,Things in a toolbox,17,hammer,hammer,1,1,0,Q059::17
Part2/outputs/answers_player1_prompt2.csv,answers_player1_prompt2,Q059,G,Things in a toolbox,18,hammer gun,hammer gun,0,0,0,Q059::18
Part2/outputs/answers_player1_prompt2.csv,answers_player1_prompt2,Q059,G,Things in a toolbox,19,hammer,hammer,1,1,0,Q059::19
Part2/outputs/answers_player1_prompt2.csv,answers_player1_prompt2,Q060,H,Countries,0,honduras,honduras,1,0,1,Q060::0
Part2/outputs/answers_player1_prompt2.csv,answers_player1_prompt2,Q060,H,Countries,1,haiti,haiti,1,1,0,Q060::1
Part2/outputs/answers_player1_prompt2.csv,answers_player1_prompt2,Q060,H,Countries,2,honduras,honduras,1,1,0,Q060::2
Part2/outputs/answers_player1_prompt2.csv,answers_player1_prompt2,Q060,H,Countries,3,honduras,honduras,1,0,1,Q060::3
Part2/outputs/answers_player1_prompt2.csv,answers_player1_prompt2,Q060,H,Countries,4,hong kong,hong kong,0,0,0,Q060::4
Part2/outputs/answers_player1_prompt2.csv,answers_player1_prompt2,Q060,H,Countries,5,honduras,honduras,1,1,0,Q060::5
Part2/outputs/answers_player1_prompt2.csv,answers_player1_prompt2,Q060,H,Countries,6,hong kong,hong kong,0,0,0,Q060::6
Part2/outputs/answers_player1_prompt2.csv,answers_player1_prompt2,Q060,H,Countries,7,haiti,haiti,1,1,0,Q060::7
Part2/outputs/answers_player1_prompt2.csv,answers_player1_prompt2,Q060,H,Countries,8,haiti,haiti,1,0,1,Q060::8
Part2/outputs/answers_player1_prompt2.csv,answers_player1_prompt2,Q060,H,Countries,9,hungary,hungary,1,0,1,Q060::9
Part2/outputs/answers_player1_prompt2.csv,answers_player1_prompt2,Q060,H,Countries,10,hong kong,hong kong,0,0,0,Q060::10
Part2/outputs/answers_player1_prompt2.csv,answers_player1_prompt2,Q060,H,Countries,11,hong kong,hong kong,0,0,0,Q060::11
Part2/outputs/answers_player1_prompt2.csv,answers_player1_prompt2,Q060,H,Countries,12,haiti,haiti,1,0,1,Q060::12
Part2/outputs/answers_player1_prompt2.csv,answers_player1_prompt2,Q060,H,Countries,13,hong kong,hong kong,0,0,0,Q060::13
Part2/outputs/answers_player1_prompt2.csv,answers_player1_prompt2,Q060,H,Countries,14,honduras,honduras,1,1,0,Q060::14
Part2/outputs/answers_player1_prompt2.csv,answers_player1_prompt2,Q060,H,Countries,15,hungary,hungary,1,1,0,Q060::15
Part2/outputs/answers_player1_prompt2.csv,answers_player1_prompt2,Q060,H,Countries,16,honduras,honduras,1,0,1,Q060::16
Part2/outputs/answers_player1_prompt2.csv,answers_player1_prompt2,Q060,H,Countries,17,haiti,haiti,1,0,1,Q060::17
Part2/outputs/answers_player1_prompt2.csv,answers_player1_prompt2,Q060,H,Countries,18,honduras,honduras,1,1,0,Q060::18
Part2/outputs/answers_player1_prompt2.csv,answers_player1_prompt2,Q060,H,Countries,19,hungary,hungary,1,0,1,Q060::19
Part2/outputs/answers_player1_prompt2.csv,answers_player1_prompt2,Q061,I,Musical artists,0,ironic indie isotonic,ironic indie isotonic,0,0,0,Q061::0
Part2/outputs/answers_player1_prompt2.csv,answers_player1_prompt2,Q061,I,Musical artists,1,igor stravinsky,igor stravinsky,0,0,0,Q061::1
Part2/outputs/answers_player1_prompt2.csv,answers_player1_prompt2,Q061,I,Musical artists,2,ironic brothers,ironic brothers,0,0,0,Q061::2
Part2/outputs/answers_player1_prompt2.csv,answers_player1_prompt2,Q061,I,Musical artists,3,ironic ivans,ironic ivans,0,0,0,Q061::3
Part2/outputs/answers_player1_prompt2.csv,answers_player1_prompt2,Q061,I,Musical artists,4,ironic island,ironic island,0,0,0,Q061::4
Part2/outputs/answers_player1_prompt2.csv,answers_player1_prompt2,Q061,I,Musical artists,5,ironic iggy,ironic iggy,0,0,0,Q061::5
Part2/outputs/answers_player1_prompt2.csv,answers_player1_prompt2,Q061,I,Musical artists,6,ironic isolettes,ironic isolettes,0,0,0,Q061::6
Part2/outputs/answers_player1_prompt2.csv,answers_player1_prompt2,Q061,I,Musical artists,7,iron maiden,iron maiden,1,0,1,Q061::7
Part2/outputs/answers_player1_prompt2.csv,answers_player1_prompt2,Q061,I,Musical artists,8,ironic island,ironic island,0,0,0,Q061::8
Part2/outputs/answers_player1_prompt2.csv,answers_player1_prompt2,Q061,I,Musical artists,9,iron maiden,iron maiden,1,0,1,Q061::9
Part2/outputs/answers_player1_prompt2.csv,answers_player1_prompt2,Q061,I,Musical artists,10,iron maiden,iron maiden,1,1,0,Q061::10
Part2/outputs/answers_player1_prompt2.csv,answers_player1_prompt2,Q061,I,Musical artists,11,iron maiden,iron maiden,1,0,1,Q061::11
Part2/outputs/answers_player1_prompt2.csv,answers_player1_prompt2,Q061,I,Musical artists,12,iron maiden,iron maiden,1,1,0,Q061::12
Part2/outputs/answers_player1_prompt2.csv,answers_player1_prompt2,Q061,I,Musical artists,13,iron maiden,iron maiden,1,0,1,Q061::13
Part2/outputs/answers_player1_prompt2.csv,answers_player1_prompt2,Q061,I,Musical artists,14,ironic alice cooper,ironic alice cooper,0,0,0,Q061::14
Part2/outputs/answers_player1_prompt2.csv,answers_player1_prompt2,Q061,I,Musical artists,15,iron maiden,iron maiden,1,0,1,Q061::15
Part2/outputs/answers_player1_prompt2.csv,answers_player1_prompt2,Q061,I,Musical artists,16,ironic island,ironic island,0,0,0,Q061::16
Part2/outputs/answers_player1_prompt2.csv,answers_player1_prompt2,Q061,I,Musical artists,17,ironic iggy,ironic iggy,0,0,0,Q061::17
Part2/outputs/answers_player1_prompt2.csv,answers_player1_prompt2,Q061,I,Musical artists,18,ironic istQBIC,ironic istqbic,0,0,0,Q061::18
Part2/outputs/answers_player1_prompt2.csv,answers_player1_prompt2,Q061,I,Musical artists,19,ironic ivans,ironic ivans,0,0,0,Q061::19
Part2/outputs/answers_player1_prompt2.csv,answers_player1_prompt2,Q062,J,Things in a refrigerator,0,juice,juice,1,1,0,Q062::0
Part2/outputs/answers_player1_prompt2.csv,answers_player1_prompt2,Q062,J,Things in a refrigerator,1,juice,juice,1,1,0,Q062::1
Part2/outputs/answers_player1_prompt2.csv,answers_player1_prompt2,Q062,J,Things in a refrigerator,2,juice,juice,1,0,1,Q062::2
Part2/outputs/answers_player1_prompt2.csv,answers_player1_prompt2,Q062,J,Things in a refrigerator,3,juice,juice,1,0,1,Q062::3
Part2/outputs/answers_player1_prompt2.csv,answers_player1_prompt2,Q062,J,Things in a refrigerator,4,jam,jam,1,0,1,Q062::4
Part2/outputs/answers_player1_prompt2.csv,answers_player1_prompt2,Q062,J,Things in a refrigerator,5,juice,juice,1,0,1,Q062::5
Part2/outputs/answers_player1_prompt2.csv,answers_player1_prompt2,Q062,J,Things in a refrigerator,6,juice,juice,1,1,0,Q062::6
Part2/outputs/answers_player1_prompt2.csv,answers_player1_prompt2,Q062,J,Things in a refrigerator,7,juice,juice,1,1,0,Q062::7
Part2/outputs/answers_player1_prompt2.csv,answers_player1_prompt2,Q062,J,Things in a refrigerator,8,jelly,jelly,1,0,1,Q062::8
Part2/outputs/answers_player1_prompt2.csv,answers_player1_prompt2,Q062,J,Things in a refrigerator,9,juice,juice,1,1,0,Q062::9
Part2/outputs/answers_player1_prompt2.csv,answers_player1_prompt2,Q062,J,Things in a refrigerator,10,juice,juice,1,0,1,Q062::10
Part2/outputs/answers_player1_prompt2.csv,answers_player1_prompt2,Q062,J,Things in a refrigerator,11,juice,juice,1,0,1,Q062::11
Part2/outputs/answers_player1_prompt2.csv,answers_player1_prompt2,Q062,J,Things in a refrigerator,12,juice,juice,1,0,1,Q062::12
Part2/outputs/answers_player1_prompt2.csv,answers_player1_prompt2,Q062,J,Things in a refrigerator,13,jam,jam,1,1,0,Q062::13
Part2/outputs/answers_player1_prompt2.csv,answers_player1_prompt2,Q062,J,Things in a refrigerator,14,jello,jello,1,0,1,Q062::14
Part2/outputs/answers_player1_prompt2.csv,answers_player1_prompt2,Q062,J,Things in a refrigerator,15,juice,juice,1,1,0,Q062::15
Part2/outputs/answers_player1_prompt2.csv,answers_player1_prompt2,Q062,J,Things in a refrigerator,16,juice,juice,1,0,1,Q062::16
Part2/outputs/answers_player1_prompt2.csv,answers_player1_prompt2,Q062,J,Things in a refrigerator,17,jam,jam,1,0,1,Q062::17
Part2/outputs/answers_player1_prompt2.csv,answers_player1_prompt2,Q062,J,Things in a refrigerator,18,jam,jam,1,0,1,Q062::18
Part2/outputs/answers_player1_prompt2.csv,answers_player1_prompt2,Q062,J,Things in a refrigerator,19,juice,juice,1,1,0,Q062::19
Part2/outputs/answers_player1_prompt2.csv,answers_player1_prompt2,Q063,K,Cities,0,knoxville,knoxville,1,1,0,Q063::0
Part2/outputs/answers_player1_prompt2.csv,answers_player1_prompt2,Q063,K,Cities,1,kitchener,kitchener,1,1,0,Q063::1
Part2/outputs/answers_player1_prompt2.csv,answers_player1_prompt2,Q063,K,Cities,2,knoxville,knoxville,1,0,1,Q063::2
Part2/outputs/answers_player1_prompt2.csv,answers_player1_prompt2,Q063,K,Cities,3,knoxville,knoxville,1,1,0,Q063::3
Part2/outputs/answers_player1_prompt2.csv,answers_player1_prompt2,Q063,K,Cities,4,knoxville,knoxville,1,0,1,Q063::4
Part2/outputs/answers_player1_prompt2.csv,answers_player1_prompt2,Q063,K,Cities,5,kingston,kingston,1,0,1,Q063::5
Part2/outputs/answers_player1_prompt2.csv,answers_player1_prompt2,Q063,K,Cities,6,knoxville,knoxville,1,0,1,Q063::6
Part2/outputs/answers_player1_prompt2.csv,answers_player1_prompt2,Q063,K,Cities,7,knoxville,knoxville,1,0,1,Q063::7
Part2/outputs/answers_player1_prompt2.csv,answers_player1_prompt2,Q063,K,Cities,8,knoxville,knoxville,1,0,1,Q063::8
Part2/outputs/answers_player1_prompt2.csv,answers_player1_prompt2,Q063,K,Cities,9,knoxville,knoxville,1,1,0,Q063::9
Part2/outputs/answers_player1_prompt2.csv,answers_player1_prompt2,Q063,K,Cities,10,katmandu,katmandu,1,0,1,Q063::10
Part2/outputs/answers_player1_prompt2.csv,answers_player1_prompt2,Q063,K,Cities,11,kingston,kingston,1,0,1,Q063::11
Part2/outputs/answers_player1_prompt2.csv,answers_player1_prompt2,Q063,K,Cities,12,kitchener,kitchener,1,1,0,Q063::12
Part2/outputs/answers_player1_prompt2.csv,answers_player1_prompt2,Q063,K,Cities,13,kingston,kingston,1,0,1,Q063::13
Part2/outputs/answers_player1_prompt2.csv,answers_player1_prompt2,Q063,K,Cities,14,knoxville,knoxville,1,1,0,Q063::14
Part2/outputs/answers_player1_prompt2.csv,answers_player1_prompt2,Q063,K,Cities,15,kingston,kingston,1,0,1,Q063::15
Part2/outputs/answers_player1_prompt2.csv,answers_player1_prompt2,Q063,K,Cities,16,knoxville,knoxville,1,0,1,Q063::16
Part2/outputs/answers_player1_prompt2.csv,answers_player1_prompt2,Q063,K,Cities,17,knoxville,knoxville,1,0,1,Q063::17
Part2/outputs/answers_player1_prompt2.csv,answers_player1_prompt2,Q063,K,Cities,18,kitchener,kitchener,1,0,1,Q063::18
Part2/outputs/answers_player1_prompt2.csv,answers_player1_prompt2,Q063,K,Cities,19,katmandu,katmandu,1,0,1,Q063::19
Part2/outputs/answers_player1_prompt2.csv,answers_player1_prompt2,Q064,L,Things in a library,0,library card,library card,0,0,0,Q064::0
Part2/outputs/answers_player1_prompt2.csv,answers_player1_prompt2,Q064,L,Things in a library,1,library card,library card,0,0,0,Q064::1
Part2/outputs/answers_player1_prompt2.csv,answers_player1_prompt2,Q064,L,Things in a library,2,library card,library card,0,0,0,Q064::2
Part2/outputs/answers_player1_prompt2.csv,answers_player1_prompt2,Q064,L,Things in a library,3,bookshelf,bookshelf,1,0,1,Q064::3
Part2/outputs/answers_player1_prompt2.csv,answers_player1_prompt2,Q064,L,Things in a library,4,library card,library card,0,0,0,Q064::4
Part2/outputs/answers_player1_prompt2.csv,answers_player1_prompt2,Q064,L,Things in a library,5,library card,library card,0,0,0,Q064::5
Part2/outputs/answers_player1_prompt2.csv,answers_player1_prompt2,Q064,L,Things in a library,6,library card,library card,0,0,0,Q064::6
Part2/outputs/answers_player1_prompt2.csv,answers_player1_prompt2,Q064,L,Things in a library,7,library card,library card,0,0,0,Q064::7
Part2/outputs/answers_player1_prompt2.csv,answers_player1_prompt2,Q064,L,Things in a library,8,library card,library card,0,0,0,Q064::8
Part2/outputs/answers_player1_prompt2.csv,answers_player1_prompt2,Q064,L,Things in a library,9,library card,library card,0,0,0,Q064::9
Part2/outputs/answers_player1_prompt2.csv,answers_player1_prompt2,Q064,L,Things in a library,10,library card,library card,0,0,0,Q064::10
Part2/outputs/answers_player1_prompt2.csv,answers_player1_prompt2,Q064,L,Things in a library,11,library card,library card,0,0,0,Q064::11
Part2/outputs/answers_player1_prompt2.csv,answers_player1_prompt2,Q064,L,Things in a library,12,bookshelf,bookshelf,1,0,1,Q064::12
Part2/outputs/answers_player1_prompt2.csv,answers_player1_prompt2,Q064,L,Things in a library,13,library card,library card,0,0,0,Q064::13
Part2/outputs/answers_player1_prompt2.csv,answers_player1_prompt2,Q064,L,Things in a library,14,library card,library card,0,0,0,Q064::14
Part2/outputs/answers_player1_prompt2.csv,answers_player1_prompt2,Q064,L,Things in a library,15,library card,library card,0,0,0,Q064::15
Part2/outputs/answers_player1_prompt2.csv,answers_player1_prompt2,Q064,L,Things in a library,16,library card,library card,0,0,0,Q064::16
Part2/outputs/answers_player1_prompt2.csv,answers_player1_prompt2,Q064,L,Things in a library,17,library card,library card,0,0,0,Q064::17
Part2/outputs/answers_player1_prompt2.csv,answers_player1_prompt2,Q064,L,Things in a library,18,library card,library card,0,0,0,Q064::18
Part2/outputs/answers_player1_prompt2.csv,answers_player1_prompt2,Q064,L,Things in a library,19,library card,library card,0,0,0,Q064::19
Part2/outputs/answers_player2_prompt2.csv,answers_player2_prompt2,Q001,A,Animals,0,alpaca,alpaca,1,0,1,Q001::0
Part2/outputs/answers_player2_prompt2.csv,answers_player2_prompt2,Q001,A,Animals,1,alpaca,alpaca,1,0,1,Q001::1
Part2/outputs/answers_player2_prompt2.csv,answers_player2_prompt2,Q001,A,Animals,2,alpaca,alpaca,1,0,1,Q001::2
Part2/outputs/answers_player2_prompt2.csv,answers_player2_prompt2,Q001,A,Animals,3,alpaca,alpaca,1,0,1,Q001::3
Part2/outputs/answers_player2_prompt2.csv,answers_player2_prompt2,Q001,A,Animals,4,albatross,albatross,1,0,1,Q001::4
Part2/outputs/answers_player2_prompt2.csv,answers_player2_prompt2,Q001,A,Animals,5,alpaca,alpaca,1,1,0,Q001::5
Part2/outputs/answers_player2_prompt2.csv,answers_player2_prompt2,Q001,A,Animals,6,alligator,alligator,1,0,1,Q001::6
Part2/outputs/answers_player2_prompt2.csv,answers_player2_prompt2,Q001,A,Animals,7,alpaca,alpaca,1,0,1,Q001::7
Part2/outputs/answers_player2_prompt2.csv,answers_player2_prompt2,Q001,A,Animals,8,panda,panda,1,0,1,Q001::8
Part2/outputs/answers_player2_prompt2.csv,answers_player2_prompt2,Q001,A,Animals,9,alpaca,alpaca,1,0,1,Q001::9
Part2/outputs/answers_player2_prompt2.csv,answers_player2_prompt2,Q001,A,Animals,10,alpaca,alpaca,1,0,1,Q001::10
Part2/outputs/answers_player2_prompt2.csv,answers_player2_prompt2,Q001,A,Animals,11,antelope,antelope,1,0,1,Q001::11
Part2/outputs/answers_player2_prompt2.csv,answers_player2_prompt2,Q001,A,Animals,12,alpaca,alpaca,1,1,0,Q001::12
Part2/outputs/answers_player2_prompt2.csv,answers_player2_prompt2,Q001,A,Animals,13,antelope,antelope,1,0,1,Q001::13
Part2/outputs/answers_player2_prompt2.csv,answers_player2_prompt2,Q001,A,Animals,14,koala,koala,0,0,0,Q001::14
Part2/outputs/answers_player2_prompt2.csv,answers_player2_prompt2,Q001,A,Animals,15,panda,panda,1,0,1,Q001::15
Part2/outputs/answers_player2_prompt2.csv,answers_player2_prompt2,Q001,A,Animals,16,alpaca,alpaca,1,1,0,Q001::16
Part2/outputs/answers_player2_prompt2.csv,answers_player2_prompt2,Q001,A,Animals,17,alpaca,alpaca,1,0,1,Q001::17
Part2/outputs/answers_player2_prompt2.csv,answers_player2_prompt2,Q001,A,Animals,18,alpaca,alpaca,1,1,0,Q001::18
Part2/outputs/answers_player2_prompt2.csv,answers_player2_prompt2,Q001,A,Animals,19,panda,panda,1,0,1,Q001::19
Part2/outputs/answers_player2_prompt2.csv,answers_player2_prompt2,Q002,A,Jobs,0,accountant,accountant,1,1,0,Q002::0
Part2/outputs/answers_player2_prompt2.csv,answers_player2_prompt2,Q002,A,Jobs,1,accountant,accountant,1,1,0,Q002::1
Part2/outputs/answers_player2_prompt2.csv,answers_player2_prompt2,Q002,A,Jobs,2,accountant,accountant,1,1,0,Q002::2
Part2/outputs/answers_player2_prompt2.csv,answers_player2_prompt2,Q002,A,Jobs,3,accountant,accountant,1,1,0,Q002::3
Part2/outputs/answers_player2_prompt2.csv,answers_player2_prompt2,Q002,A,Jobs,4,accountant,accountant,1,1,0,Q002::4
Part2/outputs/answers_player2_prompt2.csv,answers_player2_prompt2,Q002,A,Jobs,5,accountant,accountant,1,1,0,Q002::5
Part2/outputs/answers_player2_prompt2.csv,answers_player2_prompt2,Q002,A,Jobs,6,accountant,accountant,1,1,0,Q002::6
Part2/outputs/answers_player2_prompt2.csv,answers_player2_prompt2,Q002,A,Jobs,7,accountant,accountant,1,0,1,Q002::7
Part2/outputs/answers_player2_prompt2.csv,answers_player2_prompt2,Q002,A,Jobs,8,accountant,accountant,1,1,0,Q002::8
Part2/outputs/answers_player2_prompt2.csv,answers_player2_prompt2,Q002,A,Jobs,9,accountant,accountant,1,1,0,Q002::9
Part2/outputs/answers_player2_prompt2.csv,answers_player2_prompt2,Q002,A,Jobs,10,accountant,accountant,1,1,0,Q002::10
Part2/outputs/answers_player2_prompt2.csv,answers_player2_prompt2,Q002,A,Jobs,11,accountant,accountant,1,1,0,Q002::11
Part2/outputs/answers_player2_prompt2.csv,answers_player2_prompt2,Q002,A,Jobs,12,accountant,accountant,1,1,0,Q002::12
Part2/outputs/answers_player2_prompt2.csv,answers_player2_prompt2,Q002,A,Jobs,13,autoworker,autoworker,1,0,1,Q002::13
Part2/outputs/answers_player2_prompt2.csv,answers_player2_prompt2,Q002,A,Jobs,14,accountant,accountant,1,1,0,Q002::14
Part2/outputs/answers_player2_prompt2.csv,answers_player2_prompt2,Q002,A,Jobs,15,accountant,accountant,1,1,0,Q002::15
Part2/outputs/answers_player2_prompt2.csv,answers_player2_prompt2,Q002,A,Jobs,16,accountant,accountant,1,1,0,Q002::16
Part2/outputs/answers_player2_prompt2.csv,answers_player2_prompt2,Q002,A,Jobs,17,accountant,accountant,1,1,0,Q002::17
Part2/outputs/answers_player2_prompt2.csv,answers_player2_prompt2,Q002,A,Jobs,18,accountant,accountant,1,1,0,Q002::18
Part2/outputs/answers_player2_prompt2.csv,answers_player2_prompt2,Q002,A,Jobs,19,accountant,accountant,1,1,0,Q002::19
Part2/outputs/answers_player2_prompt2.csv,answers_player2_prompt2,Q003,B,Fruits,0,blueberry,blueberry,1,1,0,Q003::0
Part2/outputs/answers_player2_prompt2.csv,answers_player2_prompt2,Q003,B,Fruits,1,blueberry,blueberry,1,1,0,Q003::1
Part2/outputs/answers_player2_prompt2.csv,answers_player2_prompt2,Q003,B,Fruits,2,blueberry,blueberry,1,1,0,Q003::2
Part2/outputs/answers_player2_prompt2.csv,answers_player2_prompt2,Q003,B,Fruits,3,blueberry,blueberry,1,1,0,Q003::3
Part2/outputs/answers_player2_prompt2.csv,answers_player2_prompt2,Q003,B,Fruits,4,blueberry,blueberry,1,1,0,Q003::4
Part2/outputs/answers_player2_prompt2.csv,answers_player2_prompt2,Q003,B,Fruits,5,blueberry,blueberry,1,0,1,Q003::5
Part2/outputs/answers_player2_prompt2.csv,answers_player2_prompt2,Q003,B,Fruits,6,blueberry,blueberry,1,1,0,Q003::6
Part2/outputs/answers_player2_prompt2.csv,answers_player2_prompt2,Q003,B,Fruits,7,blueberry,blueberry,1,1,0,Q003::7
Part2/outputs/answers_player2_prompt2.csv,answers_player2_prompt2,Q003,B,Fruits,8,blueberry,blueberry,1,1,0,Q003::8
Part2/outputs/answers_player2_prompt2.csv,answers_player2_prompt2,Q003,B,Fruits,9,banana,banana,1,0,1,Q003::9
Part2/outputs/answers_player2_prompt2.csv,answers_player2_prompt2,Q003,B,Fruits,10,banana,banana,1,0,1,Q003::10
Part2/outputs/answers_player2_prompt2.csv,answers_player2_prompt2,Q003,B,Fruits,11,blueberry,blueberry,1,1,0,Q003::11
Part2/outputs/answers_player2_prompt2.csv,answers_player2_prompt2,Q003,B,Fruits,12,blueberry,blueberry,1,1,0,Q003::12
Part2/outputs/answers_player2_prompt2.csv,answers_player2_prompt2,Q003,B,Fruits,13,blueberry,blueberry,1,1,0,Q003::13
Part2/outputs/answers_player2_prompt2.csv,answers_player2_prompt2,Q003,B,Fruits,14,blueberry,blueberry,1,1,0,Q003::14
Part2/outputs/answers_player2_prompt2.csv,answers_player2_prompt2,Q003,B,Fruits,15,blueberry,blueberry,1,0,1,Q003::15
Part2/outputs/answers_player2_prompt2.csv,answers_player2_prompt2,Q003,B,Fruits,16,blueberry,blueberry,1,1,0,Q003::16
Part2/outputs/answers_player2_prompt2.csv,answers_player2_prompt2,Q003,B,Fruits,17,blueberry,blueberry,1,1,0,Q003::17
Part2/outputs/answers_player2_prompt2.csv,answers_player2_prompt2,Q003,B,Fruits,18,blueberry,blueberry,1,1,0,Q003::18
Part2/outputs/answers_player2_prompt2.csv,answers_player2_prompt2,Q003,B,Fruits,19,blueberry,blueberry,1,1,0,Q003::19
Part2/outputs/answers_player2_prompt2.csv,answers_player2_prompt2,Q004,B,Things that are red,0,stop sign,stop sign,1,0,1,Q004::0
Part2/outputs/answers_player2_prompt2.csv,answers_player2_prompt2,Q004,B,Things that are red,1,stop sign,stop sign,1,0,1,Q004::1
Part2/outputs/answers_player2_prompt2.csv,answers_player2_prompt2,Q004,B,Things that are red,2,strawberry,strawberry,1,0,1,Q004::2
Part2/outputs/answers_player2_prompt2.csv,answers_player2_prompt2,Q004,B,Things that are red,3,stop sign,stop sign,1,0,1,Q004::3
Part2/outputs/answers_player2_prompt2.csv,answers_player2_prompt2,Q004,B,Things that are red,4,stop sign,stop sign,1,1,0,Q004::4
Part2/outputs/answers_player2_prompt2.csv,answers_player2_prompt2,Q004,B,Things that are red,5,stop sign,stop sign,1,1,0,Q004::5
Part2/outputs/answers_player2_prompt2.csv,answers_player2_prompt2,Q004,B,Things that are red,6,stop sign,stop sign,1,1,0,Q004::6
Part2/outputs/answers_player2_prompt2.csv,answers_player2_prompt2,Q004,B,Things that are red,7,stop sign,stop sign,1,0,1,Q004::7
Part2/outputs/answers_player2_prompt2.csv,answers_player2_prompt2,Q004,B,Things that are red,8,stop sign,stop sign,1,0,1,Q004::8
Part2/outputs/answers_player2_prompt2.csv,answers_player2_prompt2,Q004,B,Things that are red,9,stop sign,stop sign,1,1,0,Q004::9
Part2/outputs/answers_player2_prompt2.csv,answers_player2_prompt2,Q004,B,Things that are red,10,stop sign,stop sign,1,1,0,Q004::10
Part2/outputs/answers_player2_prompt2.csv,answers_player2_prompt2,Q004,B,Things that are red,11,stop sign,stop sign,1,1,0,Q004::11
Part2/outputs/answers_player2_prompt2.csv,answers_player2_prompt2,Q004,B,Things that are red,12,stop sign,stop sign,1,1,0,Q004::12
Part2/outputs/answers_player2_prompt2.csv,answers_player2_prompt2,Q004,B,Things that are red,13,red light,red light,0,0,0,Q004::13
Part2/outputs/answers_player2_prompt2.csv,answers_player2_prompt2,Q004,B,Things that are red,14,stop sign,stop sign,1,1,0,Q004::14
Part2/outputs/answers_player2_prompt2.csv,answers_player2_prompt2,Q004,B,Things that are red,15,stop sign,stop sign,1,1,0,Q004::15
Part2/outputs/answers_player2_prompt2.csv,answers_player2_prompt2,Q004,B,Things that are red,16,stop sign,stop sign,1,1,0,Q004::16
Part2/outputs/answers_player2_prompt2.csv,answers_player2_prompt2,Q004,B,Things that are red,17,red light,red light,0,0,0,Q004::17
Part2/outputs/answers_player2_prompt2.csv,answers_player2_prompt2,Q004,B,Things that are red,18,stop sign,stop sign,1,1,0,Q004::18
Part2/outputs/answers_player2_prompt2.csv,answers_player2_prompt2,Q004,B,Things that are red,19,stop sign,stop sign,1,1,0,Q004::19
Part2/outputs/answers_player2_prompt2.csv,answers_player2_prompt2,Q005,C,Countries,0,canada,canada,1,1,0,Q005::0
Part2/outputs/answers_player2_prompt2.csv,answers_player2_prompt2,Q005,C,Countries,1,canada,canada,1,1,0,Q005::1
Part2/outputs/answers_player2_prompt2.csv,answers_player2_prompt2,Q005,C,Countries,2,canada,canada,1,1,0,Q005::2
Part2/outputs/answers_player2_prompt2.csv,answers_player2_prompt2,Q005,C,Countries,3,canada,canada,1,1,0,Q005::3
Part2/outputs/answers_player2_prompt2.csv,answers_player2_prompt2,Q005,C,Countries,4,canada,canada,1,0,1,Q005::4
Part2/outputs/answers_player2_prompt2.csv,answers_player2_prompt2,Q005,C,Countries,5,canada,canada,1,1,0,Q005::5
Part2/outputs/answers_player2_prompt2.csv,answers_player2_prompt2,Q005,C,Countries,6,canada,canada,1,1,0,Q005::6
Part2/outputs/answers_player2_prompt2.csv,answers_player2_prompt2,Q005,C,Countries,7,canada,canada,1,1,0,Q005::7
Part2/outputs/answers_player2_prompt2.csv,answers_player2_prompt2,Q005,C,Countries,8,canada,canada,1,1,0,Q005::8
Part2/outputs/answers_player2_prompt2.csv,answers_player2_prompt2,Q005,C,Countries,9,canada,canada,1,1,0,Q005::9
Part2/outputs/answers_player2_prompt2.csv,answers_player2_prompt2,Q005,C,Countries,10,canada,canada,1,1,0,Q005::10
Part2/outputs/answers_player2_prompt2.csv,answers_player2_prompt2,Q005,C,Countries,11,canada,canada,1,1,0,Q005::11
Part2/outputs/answers_player2_prompt2.csv,answers_player2_prompt2,Q005,C,Countries,12,canada,canada,1,1,0,Q005::12
Part2/outputs/answers_player2_prompt2.csv,answers_player2_prompt2,Q005,C,Countries,13,canada,canada,1,0,1,Q005::13
Part2/outputs/answers_player2_prompt2.csv,answers_player2_prompt2,Q005,C,Countries,14,canada,canada,1,1,0,Q005::14
Part2/outputs/answers_player2_prompt2.csv,answers_player2_prompt2,Q005,C,Countries,15,canada,canada,1,1,0,Q005::15
Part2/outputs/answers_player2_prompt2.csv,answers_player2_prompt2,Q005,C,Countries,16,canada,canada,1,1,0,Q005::16
Part2/outputs/answers_player2_prompt2.csv,answers_player2_prompt2,Q005,C,Countries,17,canada,canada,1,1,0,Q005::17
Part2/outputs/answers_player2_prompt2.csv,answers_player2_prompt2,Q005,C,Countries,18,canada,canada,1,1,0,Q005::18
Part2/outputs/answers_player2_prompt2.csv,answers_player2_prompt2,Q005,C,Countries,19,canada,canada,1,1,0,Q005::19
Part2/outputs/answers_player2_prompt2.csv,answers_player2_prompt2,Q006,C,Board games,0,checkers,checkers,1,1,0,Q006::0
Part2/outputs/answers_player2_prompt2.csv,answers_player2_prompt2,Q006,C,Board games,1,chess,chess,1,0,1,Q006::1
Part2/outputs/answers_player2_prompt2.csv,answers_player2_prompt2,Q006,C,Board games,2,chess,chess,1,0,1,Q006::2
Part2/outputs/answers_player2_prompt2.csv,answers_player2_prompt2,Q006,C,Board games,3,chess,chess,1,0,1,Q006::3
Part2/outputs/answers_player2_prompt2.csv,answers_player2_prompt2,Q006,C,Board games,4,cluedo,cluedo,1,0,1,Q006::4
Part2/outputs/answers_player2_prompt2.csv,answers_player2_prompt2,Q006,C,Board games,5,connect Four,connect four,1,0,1,Q006::5
Part2/outputs/answers_player2_prompt2.csv,answers_player2_prompt2,Q006,C,Board games,6,carcassonne,carcassonne,1,1,0,Q006::6
Part2/outputs/answers_player2_prompt2.csv,answers_player2_prompt2,Q006,C,Board games,7,connect Four,connect four,1,0,1,Q006::7
Part2/outputs/answers_player2_prompt2.csv,answers_player2_prompt2,Q006,C,Board games,8,checkers,checkers,1,0,1,Q006::8
Part2/outputs/answers_player2_prompt2.csv,answers_player2_prompt2,Q006,C,Board games,9,catan,catan,1,0,1,Q006::9
Part2/outputs/answers_player2_prompt2.csv,answers_player2_prompt2,Q006,C,Board games,10,chess,chess,1,1,0,Q006::10
Part2/outputs/answers_player2_prompt2.csv,answers_player2_prompt2,Q006,C,Board games,11,checkers,checkers,1,1,0,Q006::11
Part2/outputs/answers_player2_prompt2.csv,answers_player2_prompt2,Q006,C,Board games,12,chess,chess,1,0,1,Q006::12
Part2/outputs/answers_player2_prompt2.csv,answers_player2_prompt2,Q006,C,Board games,13,connect Four,connect four,1,0,1,Q006::13
Part2/outputs/answers_player2_prompt2.csv,answers_player2_prompt2,Q006,C,Board games,14,chess,chess,1,0,1,Q006::14
Part2/outputs/answers_player2_prompt2.csv,answers_player2_prompt2,Q006,C,Board games,15,chess,chess,1,1,0,Q006::15
Part2/outputs/answers_player2_prompt2.csv,answers_player2_prompt2,Q006,C,Board games,16,checkers,checkers,1,0,1,Q006::16
Part2/outputs/answers_player2_prompt2.csv,answers_player2_prompt2,Q006,C,Board games,17,catan,catan,1,0,1,Q006::17
Part2/outputs/answers_player2_prompt2.csv,answers_player2_prompt2,Q006,C,Board games,18,connect Four,connect four,1,0,1,Q006::18
Part2/outputs/answers_player2_prompt2.csv,answers_player2_prompt2,Q006,C,Board games,19,chess,chess,1,0,1,Q006::19
Part2/outputs/answers_player2_prompt2.csv,answers_player2_prompt2,Q007,D,Musical instruments,0,didgeridoo,didgeridoo,1,0,1,Q007::0
Part2/outputs/answers_player2_prompt2.csv,answers_player2_prompt2,Q007,D,Musical instruments,1,didgeridoo,didgeridoo,1,0,1,Q007::1
Part2/outputs/answers_player2_prompt2.csv,answers_player2_prompt2,Q007,D,Musical instruments,2,drum set,drum set,0,0,0,Q007::2
Part2/outputs/answers_player2_prompt2.csv,answers_player2_prompt2,Q007,D,Musical instruments,3,drum set,drum set,0,0,0,Q007::3
Part2/outputs/answers_player2_prompt2.csv,answers_player2_prompt2,Q007,D,Musical instruments,4,drum set,drum set,0,0,0,Q007::4
Part2/outputs/answers_player2_prompt2.csv,answers_player2_prompt2,Q007,D,Musical instruments,5,drum set,drum set,0,0,0,Q007::5
Part2/outputs/answers_player2_prompt2.csv,answers_player2_prompt2,Q007,D,Musical instruments,6,drum set,drum set,0,0,0,Q007::6
Part2/outputs/answers_player2_prompt2.csv,answers_player2_prompt2,Q007,D,Musical instruments,7,drum set,drum set,0,0,0,Q007::7
Part2/outputs/answers_player2_prompt2.csv,answers_player2_prompt2,Q007,D,Musical instruments,8,drum set,drum set,0,0,0,Q007::8
Part2/outputs/answers_player2_prompt2.csv,answers_player2_prompt2,Q007,D,Musical instruments,9,drum,drum,1,0,1,Q007::9
Part2/outputs/answers_player2_prompt2.csv,answers_player2_prompt2,Q007,D,Musical instruments,10,drum set,drum set,0,0,0,Q007::10
Part2/outputs/answers_player2_prompt2.csv,answers_player2_prompt2,Q007,D,Musical instruments,11,drum set,drum set,0,0,0,Q007::11
Part2/outputs/answers_player2_prompt2.csv,answers_player2_prompt2,Q007,D,Musical instruments,12,didgeridoo,didgeridoo,1,0,1,Q007::12
Part2/outputs/answers_player2_prompt2.csv,answers_player2_prompt2,Q007,D,Musical instruments,13,drum set,drum set,0,0,0,Q007::13
Part2/outputs/answers_player2_prompt2.csv,answers_player2_prompt2,Q007,D,Musical instruments,14,drum set,drum set,0,0,0,Q007::14
Part2/outputs/answers_player2_prompt2.csv,answers_player2_prompt2,Q007,D,Musical instruments,15,drum set,drum set,0,0,0,Q007::15
Part2/outputs/answers_player2_prompt2.csv,answers_player2_prompt2,Q007,D,Musical instruments,16,drum set,drum set,0,0,0,Q007::16
Part2/outputs/answers_player2_prompt2.csv,answers_player2_prompt2,Q007,D,Musical instruments,17,didgeridoo,didgeridoo,1,0,1,Q007::17
Part2/outputs/answers_player2_prompt2.csv,answers_player2_prompt2,Q007,D,Musical instruments,18,drum set,drum set,0,0,0,Q007::18
Part2/outputs/answers_player2_prompt2.csv,answers_player2_prompt2,Q007,D,Musical instruments,19,drum set,drum set,0,0,0,Q007::19
Part2/outputs/answers_player2_prompt2.csv,answers_player2_prompt2,Q008,D,Things in a bathroom,0,soap dispenser,soap dispenser,1,1,0,Q008::0
Part2/outputs/answers_player2_prompt2.csv,answers_player2_prompt2,Q008,D,Things in a bathroom,1,soap dispenser,soap dispenser,1,1,0,Q008::1
Part2/outputs/answers_player2_prompt2.csv,answers_player2_prompt2,Q008,D,Things in a bathroom,2,soap dispenser,soap dispenser,1,1,0,Q008::2
Part2/outputs/answers_player2_prompt2.csv,answers_player2_prompt2,Q008,D,Things in a bathroom,3,soap dispenser,soap dispenser,1,1,0,Q008::3
Part2/outputs/answers_player2_prompt2.csv,answers_player2_prompt2,Q008,D,Things in a bathroom,4,toothbrush,toothbrush,0,0,0,Q008::4
Part2/outputs/answers_player2_prompt2.csv,answers_player2_prompt2,Q008,D,Things in a bathroom,5,toilet paper,toilet paper,1,0,1,Q008::5
Part2/outputs/answers_player2_prompt2.csv,answers_player2_prompt2,Q008,D,Things in a bathroom,6,toothbrush,toothbrush,0,0,0,Q008::6
Part2/outputs/answers_player2_prompt2.csv,answers_player2_prompt2,Q008,D,Things in a bathroom,7,soap dispenser,soap dispenser,1,1,0,Q008::7
Part2/outputs/answers_player2_prompt2.csv,answers_player2_prompt2,Q008,D,Things in a bathroom,8,soap dispenser,soap dispenser,1,0,1,Q008::8
Part2/outputs/answers_player2_prompt2.csv,answers_player2_prompt2,Q008,D,Things in a bathroom,9,soap dispenser,soap dispenser,1,0,1,Q008::9
Part2/outputs/answers_player2_prompt2.csv,answers_player2_prompt2,Q008,D,Things in a bathroom,10,soap dispenser,soap dispenser,1,1,0,Q008::10
Part2/outputs/answers_player2_prompt2.csv,answers_player2_prompt2,Q008,D,Things in a bathroom,11,soap dispenser,soap dispenser,1,1,0,Q008::11
Part2/outputs/answers_player2_prompt2.csv,answers_player2_prompt2,Q008,D,Things in a bathroom,12,soap dispenser,soap dispenser,1,1,0,Q008::12
Part2/outputs/answers_player2_prompt2.csv,answers_player2_prompt2,Q008,D,Things in a bathroom,13,soap dispenser,soap dispenser,1,1,0,Q008::13
Part2/outputs/answers_player2_prompt2.csv,answers_player2_prompt2,Q008,D,Things in a bathroom,14,soap dispenser,soap dispenser,1,1,0,Q008::14
Part2/outputs/answers_player2_prompt2.csv,answers_player2_prompt2,Q008,D,Things in a bathroom,15,soap dispenser,soap dispenser,1,1,0,Q008::15
Part2/outputs/answers_player2_prompt2.csv,answers_player2_prompt2,Q008,D,Things in a bathroom,16,toilet paper,toilet paper,1,0,1,Q008::16
Part2/outputs/answers_player2_prompt2.csv,answers_player2_prompt2,Q008,D,Things in a bathroom,17,toothbrush,toothbrush,0,0,0,Q008::17
Part2/outputs/answers_player2_prompt2.csv,answers_player2_prompt2,Q008,D,Things in a bathroom,18,toothbrush,toothbrush,0,0,0,Q008::18
Part2/outputs/answers_player2_prompt2.csv,answers_player2_prompt2,Q008,D,Things in a bathroom,19,toothpaste,toothpaste,1,0,1,Q008::19
Part2/outputs/answers_player2_prompt2.csv,answers_player2_prompt2,Q009,E,Sports,0,tennis,tennis,0,0,0,Q009::0
Part2/outputs/answers_player2_prompt2.csv,answers_player2_prompt2,Q009,E,Sports,1,volleyball,volleyball,0,0,0,Q009::1
Part2/outputs/answers_player2_prompt2.csv,answers_player2_prompt2,Q009,E,Sports,2,volleyball,volleyball,0,0,0,Q009::2
Part2/outputs/answers_player2_prompt2.csv,answers_player2_prompt2,Q009,E,Sports,3,tennis,tennis,0,0,0,Q009::3
Part2/outputs/answers_player2_prompt2.csv,answers_player2_prompt2,Q009,E,Sports,4,volleyball,volleyball,0,0,0,Q009::4
Part2/outputs/answers_player2_prompt2.csv,answers_player2_prompt2,Q009,E,Sports,5,table tennis,table tennis,0,0,0,Q009::5
Part2/outputs/answers_player2_prompt2.csv,answers_player2_prompt2,Q009,E,Sports,6,tennis,tennis,0,0,0,Q009::6
Part2/outputs/answers_player2_prompt2.csv,answers_player2_prompt2,Q009,E,Sports,7,tennis,tennis,0,0,0,Q009::7
Part2/outputs/answers_player2_prompt2.csv,answers_player2_prompt2,Q009,E,Sports,8,tennis,tennis,0,0,0,Q009::8
Part2/outputs/answers_player2_prompt2.csv,answers_player2_prompt2,Q009,E,Sports,9,tennis,tennis,0,0,0,Q009::9
Part2/outputs/answers_player2_prompt2.csv,answers_player2_prompt2,Q009,E,Sports,10,volleyball,volleyball,0,0,0,Q009::10
Part2/outputs/answers_player2_prompt2.csv,answers_player2_prompt2,Q009,E,Sports,11,volleyball,volleyball,0,0,0,Q009::11
Part2/outputs/answers_player2_prompt2.csv,answers_player2_prompt2,Q009,E,Sports,12,tennis,tennis,0,0,0,Q009::12
Part2/outputs/answers_player2_prompt2.csv,answers_player2_prompt2,Q009,E,Sports,13,tennis,tennis,0,0,0,Q009::13
Part2/outputs/answers_player2_prompt2.csv,answers_player2_prompt2,Q009,E,Sports,14,tennis,tennis,0,0,0,Q009::14
Part2/outputs/answers_player2_prompt2.csv,answers_player2_prompt2,Q009,E,Sports,15,volleyball,volleyball,0,0,0,Q009::15
Part2/outputs/answers_player2_prompt2.csv,answers_player2_prompt2,Q009,E,Sports,16,tennis,tennis,0,0,0,Q009::16
Part2/outputs/answers_player2_prompt2.csv,answers_player2_prompt2,Q009,E,Sports,17,tennis,tennis,0,0,0,Q009::17
Part2/outputs/answers_player2_prompt2.csv,answers_player2_prompt2,Q009,E,Sports,18,tennis,tennis,0,0,0,Q009::18
Part2/outputs/answers_player2_prompt2.csv,answers_player2_prompt2,Q009,E,Sports,19,volleyball,volleyball,0,0,0,Q009::19
Part2/outputs/answers_player2_prompt2.csv,answers_player2_prompt2,Q010,E,Movie titles,0,eternal sunshine of the spotless mind,eternal sunshine of the spotless mind,0,0,0,Q010::0
Part2/outputs/answers_player2_prompt2.csv,answers_player2_prompt2,Q010,E,Movie titles,1,e validationResult,e validationresult,0,0,0,Q010::1
Part2/outputs/answers_player2_prompt2.csv,answers_player2_prompt2,Q010,E,Movie titles,2,election day,election day,0,0,0,Q010::2
Part2/outputs/answers_player2_prompt2.csv,answers_player2_prompt2,Q010,E,Movie titles,3,election day,election day,0,0,0,Q010::3
Part2/outputs/answers_player2_prompt2.csv,answers_player2_prompt2,Q010,E,Movie titles,4,eclipse,eclipse,1,0,1,Q010::4
Part2/outputs/answers_player2_prompt2.csv,answers_player2_prompt2,Q010,E,Movie titles,5,election day,election day,0,0,0,Q010::5
Part2/outputs/answers_player2_prompt2.csv,answers_player2_prompt2,Q010,E,Movie titles,6,eclipse,eclipse,1,0,1,Q010::6
Part2/outputs/answers_player2_prompt2.csv,answers_player2_prompt2,Q010,E,Movie titles,7,eclipse,eclipse,1,1,0,Q010::7
Part2/outputs/answers_player2_prompt2.csv,answers_player2_prompt2,Q010,E,Movie titles,8,eternal sunshine of the spotless mind,eternal sunshine of the spotless mind,0,0,0,Q010::8
Part2/outputs/answers_player2_prompt2.csv,answers_player2_prompt2,Q010,E,Movie titles,9,everything everywhere all at once,everything everywhere all at once,1,0,1,Q010::9
Part2/outputs/answers_player2_prompt2.csv,answers_player2_prompt2,Q010,E,Movie titles,10,easter islandheads,easter islandheads,0,0,0,Q010::10
Part2/outputs/answers_player2_prompt2.csv,answers_player2_prompt2,Q010,E,Movie titles,11,eternal sunshine of the spotless mind,eternal sunshine of the spotless mind,0,0,0,Q010::11
Part2/outputs/answers_player2_prompt2.csv,answers_player2_prompt2,Q010,E,Movie titles,12,easy rider,easy rider,1,0,1,Q010::12
Part2/outputs/answers_player2_prompt2.csv,answers_player2_prompt2,Q010,E,Movie titles,13,et tu brutus,et tu brutus,0,0,0,Q010::13
Part2/outputs/answers_player2_prompt2.csv,answers_player2_prompt2,Q010,E,Movie titles,14,eclipse,eclipse,1,0,1,Q010::14
Part2/outputs/answers_player2_prompt2.csv,answers_player2_prompt2,Q010,E,Movie titles,15,election day,election day,0,0,0,Q010::15
Part2/outputs/answers_player2_prompt2.csv,answers_player2_prompt2,Q010,E,Movie titles,16,elevator euthanasia,elevator euthanasia,0,0,0,Q010::16
Part2/outputs/answers_player2_prompt2.csv,answers_player2_prompt2,Q010,E,Movie titles,17,electric emperor,electric emperor,0,0,0,Q010::17
Part2/outputs/answers_player2_prompt2.csv,answers_player2_prompt2,Q010,E,Movie titles,18,electric thunderbolt,electric thunderbolt,0,0,0,Q010::18
Part2/outputs/answers_player2_prompt2.csv,answers_player2_prompt2,Q010,E,Movie titles,19,election day,election day,0,0,0,Q010::19
Part2/outputs/answers_player2_prompt2.csv,answers_player2_prompt2,Q011,F,Fish,0,flounder,flounder,1,1,0,Q011::0
Part2/outputs/answers_player2_prompt2.csv,answers_player2_prompt2,Q011,F,Fish,1,flounder,flounder,1,1,0,Q011::1
Part2/outputs/answers_player2_prompt2.csv,answers_player2_prompt2,Q011,F,Fish,2,tilapia,tilapia,0,0,0,Q011::2
Part2/outputs/answers_player2_prompt2.csv,answers_player2_prompt2,Q011,F,Fish,3,flounder,flounder,1,1,0,Q011::3
Part2/outputs/answers_player2_prompt2.csv,answers_player2_prompt2,Q011,F,Fish,4,flounder,flounder,1,1,0,Q011::4
Part2/outputs/answers_player2_prompt2.csv,answers_player2_prompt2,Q011,F,Fish,5,flounder,flounder,1,1,0,Q011::5
Part2/outputs/answers_player2_prompt2.csv,answers_player2_prompt2,Q011,F,Fish,6,flounder,flounder,1,1,0,Q011::6
Part2/outputs/answers_player2_prompt2.csv,answers_player2_prompt2,Q011,F,Fish,7,flounder,flounder,1,1,0,Q011::7
Part2/outputs/answers_player2_prompt2.csv,answers_player2_prompt2,Q011,F,Fish,8,flounder,flounder,1,1,0,Q011::8
Part2/outputs/answers_player2_prompt2.csv,answers_player2_prompt2,Q011,F,Fish,9,flounder,flounder,1,1,0,Q011::9
Part2/outputs/answers_player2_prompt2.csv,answers_player2_prompt2,Q011,F,Fish,10,flounder,flounder,1,1,0,Q011::10
Part2/outputs/answers_player2_prompt2.csv,answers_player2_prompt2,Q011,F,Fish,11,flounder,flounder,1,1,0,Q011::11
Part2/outputs/answers_player2_prompt2.csv,answers_player2_prompt2,Q011,F,Fish,12,flounder,flounder,1,1,0,Q011::12
Part2/outputs/answers_player2_prompt2.csv,answers_player2_prompt2,Q011,F,Fish,13,flounder,flounder,1,1,0,Q011::13
Part2/outputs/answers_player2_prompt2.csv,answers_player2_prompt2,Q011,F,Fish,14,flounder,flounder,1,1,0,Q011::14
Part2/outputs/answers_player2_prompt2.csv,answers_player2_prompt2,Q011,F,Fish,15,tilapia,tilapia,0,0,0,Q011::15
Part2/outputs/answers_player2_prompt2.csv,answers_player2_prompt2,Q011,F,Fish,16,flounder,flounder,1,1,0,Q011::16
Part2/outputs/answers_player2_prompt2.csv,answers_player2_prompt2,Q011,F,Fish,17,flounder,flounder,1,1,0,Q011::17
Part2/outputs/answers_player2_prompt2.csv,answers_player2_prompt2,Q011,F,Fish,18,flounder,flounder,1,1,0,Q011::18
Part2/outputs/answers_player2_prompt2.csv,answers_player2_prompt2,Q011,F,Fish,19,flounder,flounder,1,1,0,Q011::19
Part2/outputs/answers_player2_prompt2.csv,answers_player2_prompt2,Q012,F,Things in a backpack,0,flashlight,flashlight,1,1,0,Q012::0
Part2/outputs/answers_player2_prompt2.csv,answers_player2_prompt2,Q012,F,Things in a backpack,1,flashlight,flashlight,1,0,1,Q012::1
Part2/outputs/answers_player2_prompt2.csv,answers_player2_prompt2,Q012,F,Things in a backpack,2,flashlight,flashlight,1,1,0,Q012::2
Part2/outputs/answers_player2_prompt2.csv,answers_player2_prompt2,Q012,F,Things in a backpack,3,flashlight,flashlight,1,1,0,Q012::3
Part2/outputs/answers_player2_prompt2.csv,answers_player2_prompt2,Q012,F,Things in a backpack,4,flashlight,flashlight,1,1,0,Q012::4
Part2/outputs/answers_player2_prompt2.csv,answers_player2_prompt2,Q012,F,Things in a backpack,5,flashlight,flashlight,1,1,0,Q012::5
Part2/outputs/answers_player2_prompt2.csv,answers_player2_prompt2,Q012,F,Things in a backpack,6,flashlight,flashlight,1,1,0,Q012::6
Part2/outputs/answers_player2_prompt2.csv,answers_player2_prompt2,Q012,F,Things in a backpack,7,flashlight,flashlight,1,0,1,Q012::7
Part2/outputs/answers_player2_prompt2.csv,answers_player2_prompt2,Q012,F,Things in a backpack,8,flashlight,flashlight,1,1,0,Q012::8
Part2/outputs/answers_player2_prompt2.csv,answers_player2_prompt2,Q012,F,Things in a backpack,9,flashlight,flashlight,1,1,0,Q012::9
Part2/outputs/answers_player2_prompt2.csv,answers_player2_prompt2,Q012,F,Things in a backpack,10,fanny pack,fanny pack,0,0,0,Q012::10
Part2/outputs/answers_player2_prompt2.csv,answers_player2_prompt2,Q012,F,Things in a backpack,11,flashlight,flashlight,1,1,0,Q012::11
Part2/outputs/answers_player2_prompt2.csv,answers_player2_prompt2,Q012,F,Things in a backpack,12,flashlight,flashlight,1,1,0,Q012::12
Part2/outputs/answers_player2_prompt2.csv,answers_player2_prompt2,Q012,F,Things in a backpack,13,flashlight,flashlight,1,1,0,Q012::13
Part2/outputs/answers_player2_prompt2.csv,answers_player2_prompt2,Q012,F,Things in a backpack,14,flashlight,flashlight,1,1,0,Q012::14
Part2/outputs/answers_player2_prompt2.csv,answers_player2_prompt2,Q012,F,Things in a backpack,15,flashlight,flashlight,1,1,0,Q012::15
Part2/outputs/answers_player2_prompt2.csv,answers_player2_prompt2,Q012,F,Things in a backpack,16,flashlight,flashlight,1,1,0,Q012::16
Part2/outputs/answers_player2_prompt2.csv,answers_player2_prompt2,Q012,F,Things in a backpack,17,flashlight,flashlight,1,1,0,Q012::17
Part2/outputs/answers_player2_prompt2.csv,answers_player2_prompt2,Q012,F,Things in a backpack,18,flashlight,flashlight,1,1,0,Q012::18
Part2/outputs/answers_player2_prompt2.csv,answers_player2_prompt2,Q012,F,Things in a backpack,19,flashlight,flashlight,1,1,0,Q012::19
Part2/outputs/answers_player2_prompt2.csv,answers_player2_prompt2,Q013,G,U.S. states,0,georgia,georgia,1,1,0,Q013::0
Part2/outputs/answers_player2_prompt2.csv,answers_player2_prompt2,Q013,G,U.S. states,1,georgia,georgia,1,1,0,Q013::1
Part2/outputs/answers_player2_prompt2.csv,answers_player2_prompt2,Q013,G,U.S. states,2,georgia,georgia,1,0,1,Q013::2
Part2/outputs/answers_player2_prompt2.csv,answers_player2_prompt2,Q013,G,U.S. states,3,georgia,georgia,1,1,0,Q013::3
Part2/outputs/answers_player2_prompt2.csv,answers_player2_prompt2,Q013,G,U.S. states,4,nebraska,nebraska,0,0,0,Q013::4
Part2/outputs/answers_player2_prompt2.csv,answers_player2_prompt2,Q013,G,U.S. states,5,georgia,georgia,1,1,0,Q013::5
Part2/outputs/answers_player2_prompt2.csv,answers_player2_prompt2,Q013,G,U.S. states,6,georgia,georgia,1,1,0,Q013::6
Part2/outputs/answers_player2_prompt2.csv,answers_player2_prompt2,Q013,G,U.S. states,7,georgia,georgia,1,1,0,Q013::7
Part2/outputs/answers_player2_prompt2.csv,answers_player2_prompt2,Q013,G,U.S. states,8,georgia,georgia,1,1,0,Q013::8
Part2/outputs/answers_player2_prompt2.csv,answers_player2_prompt2,Q013,G,U.S. states,9,georgia,georgia,1,0,1,Q013::9
Part2/outputs/answers_player2_prompt2.csv,answers_player2_prompt2,Q013,G,U.S. states,10,nevada,nevada,0,0,0,Q013::10
Part2/outputs/answers_player2_prompt2.csv,answers_player2_prompt2,Q013,G,U.S. states,11,georgia,georgia,1,1,0,Q013::11
Part2/outputs/answers_player2_prompt2.csv,answers_player2_prompt2,Q013,G,U.S. states,12,georgia,georgia,1,1,0,Q013::12
Part2/outputs/answers_player2_prompt2.csv,answers_player2_prompt2,Q013,G,U.S. states,13,georgia,georgia,1,1,0,Q013::13
Part2/outputs/answers_player2_prompt2.csv,answers_player2_prompt2,Q013,G,U.S. states,14,georgia,georgia,1,1,0,Q013::14
Part2/outputs/answers_player2_prompt2.csv,answers_player2_prompt2,Q013,G,U.S. states,15,georgia,georgia,1,1,0,Q013::15
Part2/outputs/answers_player2_prompt2.csv,answers_player2_prompt2,Q013,G,U.S. states,16,georgia,georgia,1,1,0,Q013::16
Part2/outputs/answers_player2_prompt2.csv,answers_player2_prompt2,Q013,G,U.S. states,17,vermont,vermont,0,0,0,Q013::17
Part2/outputs/answers_player2_prompt2.csv,answers_player2_prompt2,Q013,G,U.S. states,18,georgia,georgia,1,1,0,Q013::18
Part2/outputs/answers_player2_prompt2.csv,answers_player2_prompt2,Q013,G,U.S. states,19,georgia,georgia,1,1,0,Q013::19
Part2/outputs/answers_player2_prompt2.csv,answers_player2_prompt2,Q014,G,Foods,0,gelato,gelato,1,0,1,Q014::0
Part2/outputs/answers_player2_prompt2.csv,answers_player2_prompt2,Q014,G,Foods,1,garlic bread,garlic bread,1,0,1,Q014::1
Part2/outputs/answers_player2_prompt2.csv,answers_player2_prompt2,Q014,G,Foods,2,guacamole,guacamole,1,0,1,Q014::2
Part2/outputs/answers_player2_prompt2.csv,answers_player2_prompt2,Q014,G,Foods,3,grilled cheese,grilled cheese,1,0,1,Q014::3
Part2/outputs/answers_player2_prompt2.csv,answers_player2_prompt2,Q014,G,Foods,4,garlic bread,garlic bread,1,1,0,Q014::4
Part2/outputs/answers_player2_prompt2.csv,answers_player2_prompt2,Q014,G,Foods,5,grilled cheese,grilled cheese,1,0,1,Q014::5
Part2/outputs/answers_player2_prompt2.csv,answers_player2_prompt2,Q014,G,Foods,6,grapefruit,grapefruit,1,0,1,Q014::6
Part2/outputs/answers_player2_prompt2.csv,answers_player2_prompt2,Q014,G,Foods,7,guacamole,guacamole,1,0,1,Q014::7
Part2/outputs/answers_player2_prompt2.csv,answers_player2_prompt2,Q014,G,Foods,8,garlic bread,garlic bread,1,1,0,Q014::8
Part2/outputs/answers_player2_prompt2.csv,answers_player2_prompt2,Q014,G,Foods,9,guacamole,guacamole,1,0,1,Q014::9
Part2/outputs/answers_player2_prompt2.csv,answers_player2_prompt2,Q014,G,Foods,10,grilled cheese,grilled cheese,1,0,1,Q014::10
Part2/outputs/answers_player2_prompt2.csv,answers_player2_prompt2,Q014,G,Foods,11,grapefruit,grapefruit,1,0,1,Q014::11
Part2/outputs/answers_player2_prompt2.csv,answers_player2_prompt2,Q014,G,Foods,12,grapefruit,grapefruit,1,0,1,Q014::12
Part2/outputs/answers_player2_prompt2.csv,answers_player2_prompt2,Q014,G,Foods,13,grapefruit,grapefruit,1,0,1,Q014::13
Part2/outputs/answers_player2_prompt2.csv,answers_player2_prompt2,Q014,G,Foods,14,garlic bread,garlic bread,1,1,0,Q014::14
Part2/outputs/answers_player2_prompt2.csv,answers_player2_prompt2,Q014,G,Foods,15,garlic bread,garlic bread,1,1,0,Q014::15
Part2/outputs/answers_player2_prompt2.csv,answers_player2_prompt2,Q014,G,Foods,16,guacamole,guacamole,1,0,1,Q014::16
Part2/outputs/answers_player2_prompt2.csv,answers_player2_prompt2,Q014,G,Foods,17,guacamole,guacamole,1,1,0,Q014::17
Part2/outputs/answers_player2_prompt2.csv,answers_player2_prompt2,Q014,G,Foods,18,gelato,gelato,1,0,1,Q014::18
Part2/outputs/answers_player2_prompt2.csv,answers_player2_prompt2,Q014,G,Foods,19,grapefruit,grapefruit,1,0,1,Q014::19
Part2/outputs/answers_player2_prompt2.csv,answers_player2_prompt2,Q015,H,Famous scientists,0,hertz,hertz,1,0,1,Q015::0
Part2/outputs/answers_player2_prompt2.csv,answers_player2_prompt2,Q015,H,Famous scientists,1,galileo galilei,galileo galilei,0,0,0,Q015::1
Part2/outputs/answers_player2_prompt2.csv,answers_player2_prompt2,Q015,H,Famous scientists,2,hawking,hawking,1,0,1,Q015::2
Part2/outputs/answers_player2_prompt2.csv,answers_player2_prompt2,Q015,H,Famous scientists,3,huygens,huygens,1,0,1,Q015::3
Part2/outputs/answers_player2_prompt2.csv,answers_player2_prompt2,Q015,H,Famous scientists,4,hertz,hertz,1,0,1,Q015::4
Part2/outputs/answers_player2_prompt2.csv,answers_player2_prompt2,Q015,H,Famous scientists,5,hendrik hertzelsius,hendrik hertzelsius,0,0,0,Q015::5
Part2/outputs/answers_player2_prompt2.csv,answers_player2_prompt2,Q015,H,Famous scientists,6,huygens,huygens,1,1,0,Q015::6
Part2/outputs/answers_player2_prompt2.csv,answers_player2_prompt2,Q015,H,Famous scientists,7,huygens,huygens,1,0,1,Q015::7
Part2/outputs/answers_player2_prompt2.csv,answers_player2_prompt2,Q015,H,Famous scientists,8,hershey,hershey,0,0,0,Q015::8
Part2/outputs/answers_player2_prompt2.csv,answers_player2_prompt2,Q015,H,Famous scientists,9,huygens,huygens,1,0,1,Q015::9
Part2/outputs/answers_player2_prompt2.csv,answers_player2_prompt2,Q015,H,Famous scientists,10,huygens,huygens,1,0,1,Q015::10
Part2/outputs/answers_player2_prompt2.csv,answers_player2_prompt2,Q015,H,Famous scientists,11,huygens,huygens,1,0,1,Q015::11
Part2/outputs/answers_player2_prompt2.csv,answers_player2_prompt2,Q015,H,Famous scientists,12,hertz,hertz,1,0,1,Q015::12
Part2/outputs/answers_player2_prompt2.csv,answers_player2_prompt2,Q015,H,Famous scientists,13,hooke,hooke,1,0,1,Q015::13
Part2/outputs/answers_player2_prompt2.csv,answers_player2_prompt2,Q015,H,Famous scientists,14,galileo galilei,galileo galilei,0,0,0,Q015::14
Part2/outputs/answers_player2_prompt2.csv,answers_player2_prompt2,Q015,H,Famous scientists,15,galileo galilei,galileo galilei,0,0,0,Q015::15
Part2/outputs/answers_player2_prompt2.csv,answers_player2_prompt2,Q015,H,Famous scientists,16,hertz,hertz,1,0,1,Q015::16
Part2/outputs/answers_player2_prompt2.csv,answers_player2_prompt2,Q015,H,Famous scientists,17,huygens,huygens,1,0,1,Q015::17
Part2/outputs/answers_player2_prompt2.csv,answers_player2_prompt2,Q015,H,Famous scientists,18,hedy lamarr,hedy lamarr,0,0,0,Q015::18
Part2/outputs/answers_player2_prompt2.csv,answers_player2_prompt2,Q015,H,Famous scientists,19,galileo galilei,galileo galilei,0,0,0,Q015::19
Part2/outputs/answers_player2_prompt2.csv,answers_player2_prompt2,Q016,H,Things at the beach,0,sandcastle,sandcastle,0,0,0,Q016::0
Part2/outputs/answers_player2_prompt2.csv,answers_player2_prompt2,Q016,H,Things at the beach,1,sunhat,sunhat,1,0,1,Q016::1
Part2/outputs/answers_player2_prompt2.csv,answers_player2_prompt2,Q016,H,Things at the beach,2,sandcastle,sandcastle,0,0,0,Q016::2
Part2/outputs/answers_player2_prompt2.csv,answers_player2_prompt2,Q016,H,Things at the beach,3,sunhat,sunhat,1,0,1,Q016::3
Part2/outputs/answers_player2_prompt2.csv,answers_player2_prompt2,Q016,H,Things at the beach,4,sandcastle,sandcastle,0,0,0,Q016::4
Part2/outputs/answers_player2_prompt2.csv,answers_player2_prompt2,Q016,H,Things at the beach,5,sandcastle,sandcastle,0,0,0,Q016::5
Part2/outputs/answers_player2_prompt2.csv,answers_player2_prompt2,Q016,H,Things at the beach,6,sandcastle,sandcastle,0,0,0,Q016::6
Part2/outputs/answers_player2_prompt2.csv,answers_player2_prompt2,Q016,H,Things at the beach,7,sun hat,sun hat,1,0,1,Q016::7
Part2/outputs/answers_player2_prompt2.csv,answers_player2_prompt2,Q016,H,Things at the beach,8,sandcastle,sandcastle,0,0,0,Q016::8
Part2/outputs/answers_player2_prompt2.csv,answers_player2_prompt2,Q016,H,Things at the beach,9,sandcastle,sandcastle,0,0,0,Q016::9
Part2/outputs/answers_player2_prompt2.csv,answers_player2_prompt2,Q016,H,Things at the beach,10,sandcastle,sandcastle,0,0,0,Q016::10
Part2/outputs/answers_player2_prompt2.csv,answers_player2_prompt2,Q016,H,Things at the beach,11,sandcastle,sandcastle,0,0,0,Q016::11
Part2/outputs/answers_player2_prompt2.csv,answers_player2_prompt2,Q016,H,Things at the beach,12,sandcastle,sandcastle,0,0,0,Q016::12
Part2/outputs/answers_player2_prompt2.csv,answers_player2_prompt2,Q016,H,Things at the beach,13,sandcastle,sandcastle,0,0,0,Q016::13
Part2/outputs/answers_player2_prompt2.csv,answers_player2_prompt2,Q016,H,Things at the beach,14,hat,hat,1,0,1,Q016::14
Part2/outputs/answers_player2_prompt2.csv,answers_player2_prompt2,Q016,H,Things at the beach,15,sunhat,sunhat,1,0,1,Q016::15
Part2/outputs/answers_player2_prompt2.csv,answers_player2_prompt2,Q016,H,Things at the beach,16,sunhat,sunhat,1,0,1,Q016::16
Part2/outputs/answers_player2_prompt2.csv,answers_player2_prompt2,Q016,H,Things at the beach,17,hat,hat,1,0,1,Q016::17
Part2/outputs/answers_player2_prompt2.csv,answers_player2_prompt2,Q016,H,Things at the beach,18,sandcastle,sandcastle,0,0,0,Q016::18
Part2/outputs/answers_player2_prompt2.csv,answers_player2_prompt2,Q016,H,Things at the beach,19,sandcastle,sandcastle,0,0,0,Q016::19
Part2/outputs/answers_player2_prompt2.csv,answers_player2_prompt2,Q017,I,Cities,0,iran,iran,0,0,0,Q017::0
Part2/outputs/answers_player2_prompt2.csv,answers_player2_prompt2,Q017,I,Cities,1,inverness,inverness,1,0,1,Q017::1
Part2/outputs/answers_player2_prompt2.csv,answers_player2_prompt2,Q017,I,Cities,2,istanbul,istanbul,0,0,0,Q017::2
Part2/outputs/answers_player2_prompt2.csv,answers_player2_prompt2,Q017,I,Cities,3,indianapolis,indianapolis,1,1,0,Q017::3
Part2/outputs/answers_player2_prompt2.csv,answers_player2_prompt2,Q017,I,Cities,4,indianapolis,indianapolis,1,1,0,Q017::4
Part2/outputs/answers_player2_prompt2.csv,answers_player2_prompt2,Q017,I,Cities,5,ibiza,ibiza,0,0,0,Q017::5
Part2/outputs/answers_player2_prompt2.csv,answers_player2_prompt2,Q017,I,Cities,6,indianapolis,indianapolis,1,1,0,Q017::6
Part2/outputs/answers_player2_prompt2.csv,answers_player2_prompt2,Q017,I,Cities,7,indianapolis,indianapolis,1,1,0,Q017::7
Part2/outputs/answers_player2_prompt2.csv,answers_player2_prompt2,Q017,I,Cities,8,istanbul,istanbul,0,0,0,Q017::8
Part2/outputs/answers_player2_prompt2.csv,answers_player2_prompt2,Q017,I,Cities,9,indianapolis,indianapolis,1,1,0,Q017::9
Part2/outputs/answers_player2_prompt2.csv,answers_player2_prompt2,Q017,I,Cities,10,iceland,iceland,0,0,0,Q017::10
Part2/outputs/answers_player2_prompt2.csv,answers_player2_prompt2,Q017,I,Cities,11,iran,iran,0,0,0,Q017::11
Part2/outputs/answers_player2_prompt2.csv,answers_player2_prompt2,Q017,I,Cities,12,indianapolis,indianapolis,1,0,1,Q017::12
Part2/outputs/answers_player2_prompt2.csv,answers_player2_prompt2,Q017,I,Cities,13,icloud city,icloud city,0,0,0,Q017::13
Part2/outputs/answers_player2_prompt2.csv,answers_player2_prompt2,Q017,I,Cities,14,ikaria,ikaria,0,0,0,Q017::14
Part2/outputs/answers_player2_prompt2.csv,answers_player2_prompt2,Q017,I,Cities,15,istanbul,istanbul,0,0,0,Q017::15
Part2/outputs/answers_player2_prompt2.csv,answers_player2_prompt2,Q017,I,Cities,16,ikaria,ikaria,0,0,0,Q017::16
Part2/outputs/answers_player2_prompt2.csv,answers_player2_prompt2,Q017,I,Cities,17,iceland,iceland,0,0,0,Q017::17
Part2/outputs/answers_player2_prompt2.csv,answers_player2_prompt2,Q017,I,Cities,18,indianapolis,indianapolis,1,0,1,Q017::18
Part2/outputs/answers_player2_prompt2.csv,answers_player2_prompt2,Q017,I,Cities,19,indianapolis,indianapolis,1,1,0,Q017::19
Part2/outputs/answers_player2_prompt2.csv,answers_player2_prompt2,Q018,I,Things in a classroom,0,interactboard,interactboard,1,0,1,Q018::0
Part2/outputs/answers_player2_prompt2.csv,answers_player2_prompt2,Q018,I,Things in a classroom,1,instruction book,instruction book,1,0,1,Q018::1
Part2/outputs/answers_player2_prompt2.csv,answers_player2_prompt2,Q018,I,Things in a classroom,2,instruction book,instruction book,1,0,1,Q018::2
Part2/outputs/answers_player2_prompt2.csv,answers_player2_prompt2,Q018,I,Things in a classroom,3,interior decorator,interior decorator,0,0,0,Q018::3
Part2/outputs/answers_player2_prompt2.csv,answers_player2_prompt2,Q018,I,Things in a classroom,4,chalkboard,chalkboard,0,0,0,Q018::4
Part2/outputs/answers_player2_prompt2.csv,answers_player2_prompt2,Q018,I,Things in a classroom,5,blackboard,blackboard,1,0,1,Q018::5
Part2/outputs/answers_player2_prompt2.csv,answers_player2_prompt2,Q018,I,Things in a classroom,6,interactive whiteboard,interactive whiteboard,1,1,0,Q018::6
Part2/outputs/answers_player2_prompt2.csv,answers_player2_prompt2,Q018,I,Things in a classroom,7,interactive whiteboard,interactive whiteboard,1,1,0,Q018::7
Part2/outputs/answers_player2_prompt2.csv,answers_player2_prompt2,Q018,I,Things in a classroom,8,interactagram,interactagram,0,0,0,Q018::8
Part2/outputs/answers_player2_prompt2.csv,answers_player2_prompt2,Q018,I,Things in a classroom,9,blackboard,blackboard,1,0,1,Q018::9
Part2/outputs/answers_player2_prompt2.csv,answers_player2_prompt2,Q018,I,Things in a classroom,10,interactive whiteboard,interactive whiteboard,1,0,1,Q018::10
Part2/outputs/answers_player2_prompt2.csv,answers_player2_prompt2,Q018,I,Things in a classroom,11,interactive whiteboard,interactive whiteboard,1,1,0,Q018::11
Part2/outputs/answers_player2_prompt2.csv,answers_player2_prompt2,Q018,I,Things in a classroom,12,blackboard,blackboard,1,0,1,Q018::12
Part2/outputs/answers_player2_prompt2.csv,answers_player2_prompt2,Q018,I,Things in a classroom,13,chalkboard,chalkboard,0,0,0,Q018::13
Part2/outputs/answers_player2_prompt2.csv,answers_player2_prompt2,Q018,I,Things in a classroom,14,interactive whiteboard,interactive whiteboard,1,1,0,Q018::14
Part2/outputs/answers_player2_prompt2.csv,answers_player2_prompt2,Q018,I,Things in a classroom,15,interactometer,interactometer,0,0,0,Q018::15
Part2/outputs/answers_player2_prompt2.csv,answers_player2_prompt2,Q018,I,Things in a classroom,16,integrated circuit board,integrated circuit board,0,0,0,Q018::16
Part2/outputs/answers_player2_prompt2.csv,answers_player2_prompt2,Q018,I,Things in a classroom,17,interactive whiteboard,interactive whiteboard,1,0,1,Q018::17
Part2/outputs/answers_player2_prompt2.csv,answers_player2_prompt2,Q018,I,Things in a classroom,18,intercom,intercom,1,0,1,Q018::18
Part2/outputs/answers_player2_prompt2.csv,answers_player2_prompt2,Q018,I,Things in a classroom,19,interactometer,interactometer,0,0,0,Q018::19
Part2/outputs/answers_player2_prompt2.csv,answers_player2_prompt2,Q019,J,Car brands,0,jaguar,jaguar,1,1,0,Q019::0
Part2/outputs/answers_player2_prompt2.csv,answers_player2_prompt2,Q019,J,Car brands,1,jaguar,jaguar,1,1,0,Q019::1
Part2/outputs/answers_player2_prompt2.csv,answers_player2_prompt2,Q019,J,Car brands,2,jaguar,jaguar,1,1,0,Q019::2
Part2/outputs/answers_player2_prompt2.csv,answers_player2_prompt2,Q019,J,Car brands,3,jaguar,jaguar,1,1,0,Q019::3
Part2/outputs/answers_player2_prompt2.csv,answers_player2_prompt2,Q019,J,Car brands,4,jaguar,jaguar,1,0,1,Q019::4
Part2/outputs/answers_player2_prompt2.csv,answers_player2_prompt2,Q019,J,Car brands,5,jaguar,jaguar,1,1,0,Q019::5
Part2/outputs/answers_player2_prompt2.csv,answers_player2_prompt2,Q019,J,Car brands,6,jaguar,jaguar,1,1,0,Q019::6
Part2/outputs/answers_player2_prompt2.csv,answers_player2_prompt2,Q019,J,Car brands,7,jaguar,jaguar,1,1,0,Q019::7
Part2/outputs/answers_player2_prompt2.csv,answers_player2_prompt2,Q019,J,Car brands,8,jaguar,jaguar,1,1,0,Q019::8
Part2/outputs/answers_player2_prompt2.csv,answers_player2_prompt2,Q019,J,Car brands,9,jaguar,jaguar,1,1,0,Q019::9
Part2/outputs/answers_player2_prompt2.csv,answers_player2_prompt2,Q019,J,Car brands,10,jaguar,jaguar,1,1,0,Q019::10
Part2/outputs/answers_player2_prompt2.csv,answers_player2_prompt2,Q019,J,Car brands,11,jaguar,jaguar,1,1,0,Q019::11
Part2/outputs/answers_player2_prompt2.csv,answers_player2_prompt2,Q019,J,Car brands,12,jaguar,jaguar,1,1,0,Q019::12
Part2/outputs/answers_player2_prompt2.csv,answers_player2_prompt2,Q019,J,Car brands,13,jaguar,jaguar,1,1,0,Q019::13
Part2/outputs/answers_player2_prompt2.csv,answers_player2_prompt2,Q019,J,Car brands,14,jaguar,jaguar,1,1,0,Q019::14
Part2/outputs/answers_player2_prompt2.csv,answers_player2_prompt2,Q019,J,Car brands,15,jaguar,jaguar,1,1,0,Q019::15
Part2/outputs/answers_player2_prompt2.csv,answers_player2_prompt2,Q019,J,Car brands,16,jaguar,jaguar,1,1,0,Q019::16
Part2/outputs/answers_player2_prompt2.csv,answers_player2_prompt2,Q019,J,Car brands,17,jaguar,jaguar,1,1,0,Q019::17
Part2/outputs/answers_player2_prompt2.csv,answers_player2_prompt2,Q019,J,Car brands,18,jaguar,jaguar,1,1,0,Q019::18
Part2/outputs/answers_player2_prompt2.csv,answers_player2_prompt2,Q019,J,Car brands,19,jaguar,jaguar,1,1,0,Q019::19
Part2/outputs/answers_player2_prompt2.csv,answers_player2_prompt2,Q020,J,Video game titles,0,jungle hunt,jungle hunt,1,0,1,Q020::0
Part2/outputs/answers_player2_prompt2.csv,answers_player2_prompt2,Q020,J,Video game titles,1,just dance,just dance,1,1,0,Q020::1
Part2/outputs/answers_player2_prompt2.csv,answers_player2_prompt2,Q020,J,Video game titles,2,journey to the center,journey to the center,0,0,0,Q020::2
Part2/outputs/answers_player2_prompt2.csv,answers_player2_prompt2,Q020,J,Video game titles,3,journey to the center,journey to the center,0,0,0,Q020::3
Part2/outputs/answers_player2_prompt2.csv,answers_player2_prompt2,Q020,J,Video game titles,4,journey to the center of the earth,journey to the center of the earth,0,0,0,Q020::4
Part2/outputs/answers_player2_prompt2.csv,answers_player2_prompt2,Q020,J,Video game titles,5,journey to the center of the earth adventure,journey to the center of the earth adventure,0,0,0,Q020::5
Part2/outputs/answers_player2_prompt2.csv,answers_player2_prompt2,Q020,J,Video game titles,6,just dance,just dance,1,1,0,Q020::6
Part2/outputs/answers_player2_prompt2.csv,answers_player2_prompt2,Q020,J,Video game titles,7,journey to the center of the earth adventure,journey to the center of the earth adventure,0,0,0,Q020::7
Part2/outputs/answers_player2_prompt2.csv,answers_player2_prompt2,Q020,J,Video game titles,8,just dance,just dance,1,0,1,Q020::8
Part2/outputs/answers_player2_prompt2.csv,answers_player2_prompt2,Q020,J,Video game titles,9,just dance,just dance,1,0,1,Q020::9
Part2/outputs/answers_player2_prompt2.csv,answers_player2_prompt2,Q020,J,Video game titles,10,just dance,just dance,1,0,1,Q020::10
Part2/outputs/answers_player2_prompt2.csv,answers_player2_prompt2,Q020,J,Video game titles,11,just dance,just dance,1,0,1,Q020::11
Part2/outputs/answers_player2_prompt2.csv,answers_player2_prompt2,Q020,J,Video game titles,12,journey to the center of the earth adventure,journey to the center of the earth adventure,0,0,0,Q020::12
Part2/outputs/answers_player2_prompt2.csv,answers_player2_prompt2,Q020,J,Video game titles,13,journey to the center,journey to the center,0,0,0,Q020::13
Part2/outputs/answers_player2_prompt2.csv,answers_player2_prompt2,Q020,J,Video game titles,14,journey to the center,journey to the center,0,0,0,Q020::14
Part2/outputs/answers_player2_prompt2.csv,answers_player2_prompt2,Q020,J,Video game titles,15,journey to the center,journey to the center,0,0,0,Q020::15
Part2/outputs/answers_player2_prompt2.csv,answers_player2_prompt2,Q020,J,Video game titles,16,just dance,just dance,1,1,0,Q020::16
Part2/outputs/answers_player2_prompt2.csv,answers_player2_prompt2,Q020,J,Video game titles,17,just cause,just cause,1,0,1,Q020::17
Part2/outputs/answers_player2_prompt2.csv,answers_player2_prompt2,Q020,J,Video game titles,18,just cause,just cause,1,0,1,Q020::18
Part2/outputs/answers_player2_prompt2.csv,answers_player2_prompt2,Q020,J,Video game titles,19,journey to the west,journey to the west,0,0,0,Q020::19
Part2/outputs/answers_player2_prompt2.csv,answers_player2_prompt2,Q021,K,Superheroes,0,kang kang king kong,kang kang king kong,0,0,0,Q021::0
Part2/outputs/answers_player2_prompt2.csv,answers_player2_prompt2,Q021,K,Superheroes,1,captain america,captain america,0,0,0,Q021::1
Part2/outputs/answers_player2_prompt2.csv,answers_player2_prompt2,Q021,K,Superheroes,2,kal-ellis,kal-ellis,0,0,0,Q021::2
Part2/outputs/answers_player2_prompt2.csv,answers_player2_prompt2,Q021,K,Superheroes,3,knight rider,knight rider,0,0,0,Q021::3
Part2/outputs/answers_player2_prompt2.csv,answers_player2_prompt2,Q021,K,Superheroes,4,kal-el,kal-el,1,0,1,Q021::4
Part2/outputs/answers_player2_prompt2.csv,answers_player2_prompt2,Q021,K,Superheroes,5,deadpool,deadpool,0,0,0,Q021::5
Part2/outputs/answers_player2_prompt2.csv,answers_player2_prompt2,Q021,K,Superheroes,6,iron man,iron man,0,0,0,Q021::6
Part2/outputs/answers_player2_prompt2.csv,answers_player2_prompt2,Q021,K,Superheroes,7,kal-el,kal-el,1,0,1,Q021::7
Part2/outputs/answers_player2_prompt2.csv,answers_player2_prompt2,Q021,K,Superheroes,8,kangaroo kid,kangaroo kid,0,0,0,Q021::8
Part2/outputs/answers_player2_prompt2.csv,answers_player2_prompt2,Q021,K,Superheroes,9,kal-el,kal-el,1,0,1,Q021::9
Part2/outputs/answers_player2_prompt2.csv,answers_player2_prompt2,Q021,K,Superheroes,10,kal-el,kal-el,1,0,1,Q021::10
Part2/outputs/answers_player2_prompt2.csv,answers_player2_prompt2,Q021,K,Superheroes,11,king kong,king kong,0,0,0,Q021::11
Part2/outputs/answers_player2_prompt2.csv,answers_player2_prompt2,Q021,K,Superheroes,12,karnov,karnov,0,0,0,Q021::12
Part2/outputs/answers_player2_prompt2.csv,answers_player2_prompt2,Q021,K,Superheroes,13,kangaroo kid,kangaroo kid,0,0,0,Q021::13
Part2/outputs/answers_player2_prompt2.csv,answers_player2_prompt2,Q021,K,Superheroes,14,king kong,king kong,0,0,0,Q021::14
Part2/outputs/answers_player2_prompt2.csv,answers_player2_prompt2,Q021,K,Superheroes,15,kitty lynx,kitty lynx,0,0,0,Q021::15
Part2/outputs/answers_player2_prompt2.csv,answers_player2_prompt2,Q021,K,Superheroes,16,spider-man,spider-man,0,0,0,Q021::16
Part2/outputs/answers_player2_prompt2.csv,answers_player2_prompt2,Q021,K,Superheroes,17,king kong,king kong,0,0,0,Q021::17
Part2/outputs/answers_player2_prompt2.csv,answers_player2_prompt2,Q021,K,Superheroes,18,kal-el,kal-el,1,1,0,Q021::18
Part2/outputs/answers_player2_prompt2.csv,answers_player2_prompt2,Q021,K,Superheroes,19,deadpool,deadpool,0,0,0,Q021::19
Part2/outputs/answers_player2_prompt2.csv,answers_player2_prompt2,Q022,K,Things in a grocery store,0,kiwi,kiwi,1,1,0,Q022::0
Part2/outputs/answers_player2_prompt2.csv,answers_player2_prompt2,Q022,K,Things in a grocery store,1,kiwi,kiwi,1,1,0,Q022::1
Part2/outputs/answers_player2_prompt2.csv,answers_player2_prompt2,Q022,K,Things in a grocery store,2,kiwi,kiwi,1,0,1,Q022::2
Part2/outputs/answers_player2_prompt2.csv,answers_player2_prompt2,Q022,K,Things in a grocery store,3,ketchup,ketchup,1,0,1,Q022::3
Part2/outputs/answers_player2_prompt2.csv,answers_player2_prompt2,Q022,K,Things in a grocery store,4,ketchup,ketchup,1,0,1,Q022::4
Part2/outputs/answers_player2_prompt2.csv,answers_player2_prompt2,Q022,K,Things in a grocery store,5,kiwi,kiwi,1,1,0,Q022::5
Part2/outputs/answers_player2_prompt2.csv,answers_player2_prompt2,Q022,K,Things in a grocery store,6,potato chips,potato chips,0,0,0,Q022::6
Part2/outputs/answers_player2_prompt2.csv,answers_player2_prompt2,Q022,K,Things in a grocery store,7,kiwi,kiwi,1,1,0,Q022::7
Part2/outputs/answers_player2_prompt2.csv,answers_player2_prompt2,Q022,K,Things in a grocery store,8,ketchup,ketchup,1,1,0,Q022::8
Part2/outputs/answers_player2_prompt2.csv,answers_player2_prompt2,Q022,K,Things in a grocery store,9,kiwi,kiwi,1,0,1,Q022::9
Part2/outputs/answers_player2_prompt2.csv,answers_player2_prompt2,Q022,K,Things in a grocery store,10,ketchup,ketchup,1,1,0,Q022::10
Part2/outputs/answers_player2_prompt2.csv,answers_player2_prompt2,Q022,K,Things in a grocery store,11,kiwi,kiwi,1,0,1,Q022::11
Part2/outputs/answers_player2_prompt2.csv,answers_player2_prompt2,Q022,K,Things in a grocery store,12,ketchup,ketchup,1,0,1,Q022::12
Part2/outputs/answers_player2_prompt2.csv,answers_player2_prompt2,Q022,K,Things in a grocery store,13,kiwi,kiwi,1,0,1,Q022::13
Part2/outputs/answers_player2_prompt2.csv,answers_player2_prompt2,Q022,K,Things in a grocery store,14,kiwi,kiwi,1,1,0,Q022::14
Part2/outputs/answers_player2_prompt2.csv,answers_player2_prompt2,Q022,K,Things in a grocery store,15,kiwi,kiwi,1,0,1,Q022::15
Part2/outputs/answers_player2_prompt2.csv,answers_player2_prompt2,Q022,K,Things in a grocery store,16,kiwi,kiwi,1,1,0,Q022::16
Part2/outputs/answers_player2_prompt2.csv,answers_player2_prompt2,Q022,K,Things in a grocery store,17,kiwi,kiwi,1,1,0,Q022::17
Part2/outputs/answers_player2_prompt2.csv,answers_player2_prompt2,Q022,K,Things in a grocery store,18,kiwi,kiwi,1,0,1,Q022::18
Part2/outputs/answers_player2_prompt2.csv,answers_player2_prompt2,Q022,K,Things in a grocery store,19,kiwi,kiwi,1,1,0,Q022::19
Part2/outputs/answers_player2_prompt2.csv,answers_player2_prompt2,Q023,L,Dog breeds,0,labrador retriever,labrador retriever,1,1,0,Q023::0
Part2/outputs/answers_player2_prompt2.csv,answers_player2_prompt2,Q023,L,Dog breeds,1,labrador retriever,labrador retriever,1,1,0,Q023::1
Part2/outputs/answers_player2_prompt2.csv,answers_player2_prompt2,Q023,L,Dog breeds,2,labrador retriever,labrador retriever,1,1,0,Q023::2
Part2/outputs/answers_player2_prompt2.csv,answers_player2_prompt2,Q023,L,Dog breeds,3,labrador retriever,labrador retriever,1,1,0,Q023::3
Part2/outputs/answers_player2_prompt2.csv,answers_player2_prompt2,Q023,L,Dog breeds,4,labrador retriever,labrador retriever,1,1,0,Q023::4
Part2/outputs/answers_player2_prompt2.csv,answers_player2_prompt2,Q023,L,Dog breeds,5,labrador retriever,labrador retriever,1,1,0,Q023::5
Part2/outputs/answers_player2_prompt2.csv,answers_player2_prompt2,Q023,L,Dog breeds,6,labrador retriever,labrador retriever,1,1,0,Q023::6
Part2/outputs/answers_player2_prompt2.csv,answers_player2_prompt2,Q023,L,Dog breeds,7,labrador retriever,labrador retriever,1,1,0,Q023::7
Part2/outputs/answers_player2_prompt2.csv,answers_player2_prompt2,Q023,L,Dog breeds,8,labrador retriever,labrador retriever,1,1,0,Q023::8
Part2/outputs/answers_player2_prompt2.csv,answers_player2_prompt2,Q023,L,Dog breeds,9,labrador retriever,labrador retriever,1,1,0,Q023::9
Part2/outputs/answers_player2_prompt2.csv,answers_player2_prompt2,Q023,L,Dog breeds,10,labrador retriever,labrador retriever,1,1,0,Q023::10
Part2/outputs/answers_player2_prompt2.csv,answers_player2_prompt2,Q023,L,Dog breeds,11,labrador retriever,labrador retriever,1,1,0,Q023::11
Part2/outputs/answers_player2_prompt2.csv,answers_player2_prompt2,Q023,L,Dog breeds,12,labrador retriever,labrador retriever,1,1,0,Q023::12
Part2/outputs/answers_player2_prompt2.csv,answers_player2_prompt2,Q023,L,Dog breeds,13,labrador retriever,labrador retriever,1,1,0,Q023::13
Part2/outputs/answers_player2_prompt2.csv,answers_player2_prompt2,Q023,L,Dog breeds,14,labrador retriever,labrador retriever,1,1,0,Q023::14
Part2/outputs/answers_player2_prompt2.csv,answers_player2_prompt2,Q023,L,Dog breeds,15,labrador retriever,labrador retriever,1,1,0,Q023::15
Part2/outputs/answers_player2_prompt2.csv,answers_player2_prompt2,Q023,L,Dog breeds,16,labrador retriever,labrador retriever,1,1,0,Q023::16
Part2/outputs/answers_player2_prompt2.csv,answers_player2_prompt2,Q023,L,Dog breeds,17,labrador retriever,labrador retriever,1,1,0,Q023::17
Part2/outputs/answers_player2_prompt2.csv,answers_player2_prompt2,Q023,L,Dog breeds,18,labrador retriever,labrador retriever,1,1,0,Q023::18
Part2/outputs/answers_player2_prompt2.csv,answers_player2_prompt2,Q023,L,Dog breeds,19,labrador retriever,labrador retriever,1,1,0,Q023::19
Part2/outputs/answers_player2_prompt2.csv,answers_player2_prompt2,Q024,L,Books,0,lord of the flies,lord of the flies,1,0,1,Q024::0
Part2/outputs/answers_player2_prompt2.csv,answers_player2_prompt2,Q024,L,Books,1,lord of the flies,lord of the flies,1,0,1,Q024::1
Part2/outputs/answers_player2_prompt2.csv,answers_player2_prompt2,Q024,L,Books,2,lord of the flies,lord of the flies,1,0,1,Q024::2
Part2/outputs/answers_player2_prompt2.csv,answers_player2_prompt2,Q024,L,Books,3,lord of flies,lord of flies,0,0,0,Q024::3
Part2/outputs/answers_player2_prompt2.csv,answers_player2_prompt2,Q024,L,Books,4,lord of the rings,lord of the rings,1,0,1,Q024::4
Part2/outputs/answers_player2_prompt2.csv,answers_player2_prompt2,Q024,L,Books,5,lord of the flies,lord of the flies,1,1,0,Q024::5
Part2/outputs/answers_player2_prompt2.csv,answers_player2_prompt2,Q024,L,Books,6,lord of the flies,lord of the flies,1,1,0,Q024::6
Part2/outputs/answers_player2_prompt2.csv,answers_player2_prompt2,Q024,L,Books,7,lovecraft'sforgettablelengths,lovecraft'sforgettablelengths,0,0,0,Q024::7
Part2/outputs/answers_player2_prompt2.csv,answers_player2_prompt2,Q024,L,Books,8,lord of the rings,lord of the rings,1,0,1,Q024::8
Part2/outputs/answers_player2_prompt2.csv,answers_player2_prompt2,Q024,L,Books,9,lamb to the slaughter,lamb to the slaughter,1,0,1,Q024::9
Part2/outputs/answers_player2_prompt2.csv,answers_player2_prompt2,Q024,L,Books,10,lorem ipsum,lorem ipsum,0,0,0,Q024::10
Part2/outputs/answers_player2_prompt2.csv,answers_player2_prompt2,Q024,L,Books,11,les miserables,les miserables,1,0,1,Q024::11
Part2/outputs/answers_player2_prompt2.csv,answers_player2_prompt2,Q024,L,Books,12,loving,loving,0,0,0,Q024::12
Part2/outputs/answers_player2_prompt2.csv,answers_player2_prompt2,Q024,L,Books,13,lives of martyrs,lives of martyrs,0,0,0,Q024::13
Part2/outputs/answers_player2_prompt2.csv,answers_player2_prompt2,Q024,L,Books,14,literature,literature,0,0,0,Q024::14
Part2/outputs/answers_player2_prompt2.csv,answers_player2_prompt2,Q024,L,Books,15,lord of flies,lord of flies,0,0,0,Q024::15
Part2/outputs/answers_player2_prompt2.csv,answers_player2_prompt2,Q024,L,Books,16,lucky charms lyrics,lucky charms lyrics,0,0,0,Q024::16
Part2/outputs/answers_player2_prompt2.csv,answers_player2_prompt2,Q024,L,Books,17,lovinglevator,lovinglevator,0,0,0,Q024::17
Part2/outputs/answers_player2_prompt2.csv,answers_player2_prompt2,Q024,L,Books,18,lovingudeau,lovingudeau,0,0,0,Q024::18
Part2/outputs/answers_player2_prompt2.csv,answers_player2_prompt2,Q024,L,Books,19,lord of the flies,lord of the flies,1,0,1,Q024::19
Part2/outputs/answers_player2_prompt2.csv,answers_player2_prompt2,Q025,M,Languages,0,mandarin,mandarin,1,1,0,Q025::0
Part2/outputs/answers_player2_prompt2.csv,answers_player2_prompt2,Q025,M,Languages,1,mandarin,mandarin,1,1,0,Q025::1
Part2/outputs/answers_player2_prompt2.csv,answers_player2_prompt2,Q025,M,Languages,2,mandarin,mandarin,1,1,0,Q025::2
Part2/outputs/answers_player2_prompt2.csv,answers_player2_prompt2,Q025,M,Languages,3,mandarin,mandarin,1,1,0,Q025::3
Part2/outputs/answers_player2_prompt2.csv,answers_player2_prompt2,Q025,M,Languages,4,mandarin,mandarin,1,1,0,Q025::4
Part2/outputs/answers_player2_prompt2.csv,answers_player2_prompt2,Q025,M,Languages,5,mandarin,mandarin,1,1,0,Q025::5
Part2/outputs/answers_player2_prompt2.csv,answers_player2_prompt2,Q025,M,Languages,6,mongolian,mongolian,1,1,0,Q025::6
Part2/outputs/answers_player2_prompt2.csv,answers_player2_prompt2,Q025,M,Languages,7,mandarin,mandarin,1,1,0,Q025::7
Part2/outputs/answers_player2_prompt2.csv,answers_player2_prompt2,Q025,M,Languages,8,mandarin,mandarin,1,1,0,Q025::8
Part2/outputs/answers_player2_prompt2.csv,answers_player2_prompt2,Q025,M,Languages,9,mandarin,mandarin,1,1,0,Q025::9
Part2/outputs/answers_player2_prompt2.csv,answers_player2_prompt2,Q025,M,Languages,10,mandarin,mandarin,1,1,0,Q025::10
Part2/outputs/answers_player2_prompt2.csv,answers_player2_prompt2,Q025,M,Languages,11,mandarin,mandarin,1,0,1,Q025::11
Part2/outputs/answers_player2_prompt2.csv,answers_player2_prompt2,Q025,M,Languages,12,mandarin,mandarin,1,1,0,Q025::12
Part2/outputs/answers_player2_prompt2.csv,answers_player2_prompt2,Q025,M,Languages,13,mandarin,mandarin,1,0,1,Q025::13
Part2/outputs/answers_player2_prompt2.csv,answers_player2_prompt2,Q025,M,Languages,14,mongolian,mongolian,1,0,1,Q025::14
Part2/outputs/answers_player2_prompt2.csv,answers_player2_prompt2,Q025,M,Languages,15,mandarin,mandarin,1,1,0,Q025::15
Part2/outputs/answers_player2_prompt2.csv,answers_player2_prompt2,Q025,M,Languages,16,mandarin,mandarin,1,1,0,Q025::16
Part2/outputs/answers_player2_prompt2.csv,answers_player2_prompt2,Q025,M,Languages,17,mandarin,mandarin,1,1,0,Q025::17
Part2/outputs/answers_player2_prompt2.csv,answers_player2_prompt2,Q025,M,Languages,18,mandarin,mandarin,1,1,0,Q025::18
Part2/outputs/answers_player2_prompt2.csv,answers_player2_prompt2,Q025,M,Languages,19,mandarin,mandarin,1,1,0,Q025::19
Part2/outputs/answers_player2_prompt2.csv,answers_player2_prompt2,Q026,M,Clothing items,0,muffin mittens,muffin mittens,0,0,0,Q026::0
Part2/outputs/answers_player2_prompt2.csv,answers_player2_prompt2,Q026,M,Clothing items,1,jeans,jeans,0,0,0,Q026::1
Part2/outputs/answers_player2_prompt2.csv,answers_player2_prompt2,Q026,M,Clothing items,2,sweater,sweater,0,0,0,Q026::2
Part2/outputs/answers_player2_prompt2.csv,answers_player2_prompt2,Q026,M,Clothing items,3,sweater,sweater,0,0,0,Q026::3
Part2/outputs/answers_player2_prompt2.csv,answers_player2_prompt2,Q026,M,Clothing items,4,jeans,jeans,0,0,0,Q026::4
Part2/outputs/answers_player2_prompt2.csv,answers_player2_prompt2,Q026,M,Clothing items,5,jeans,jeans,0,0,0,Q026::5
Part2/outputs/answers_player2_prompt2.csv,answers_player2_prompt2,Q026,M,Clothing items,6,sweater,sweater,0,0,0,Q026::6
Part2/outputs/answers_player2_prompt2.csv,answers_player2_prompt2,Q026,M,Clothing items,7,jeans,jeans,0,0,0,Q026::7
Part2/outputs/answers_player2_prompt2.csv,answers_player2_prompt2,Q026,M,Clothing items,8,jeans,jeans,0,0,0,Q026::8
Part2/outputs/answers_player2_prompt2.csv,answers_player2_prompt2,Q026,M,Clothing items,9,sweatshirt,sweatshirt,1,0,1,Q026::9
Part2/outputs/answers_player2_prompt2.csv,answers_player2_prompt2,Q026,M,Clothing items,10,mug,mug,0,0,0,Q026::10
Part2/outputs/answers_player2_prompt2.csv,answers_player2_prompt2,Q026,M,Clothing items,11,mug,mug,0,0,0,Q026::11
Part2/outputs/answers_player2_prompt2.csv,answers_player2_prompt2,Q026,M,Clothing items,12,mug,mug,0,0,0,Q026::12
Part2/outputs/answers_player2_prompt2.csv,answers_player2_prompt2,Q026,M,Clothing items,13,jeans,jeans,0,0,0,Q026::13
Part2/outputs/answers_player2_prompt2.csv,answers_player2_prompt2,Q026,M,Clothing items,14,mug,mug,0,0,0,Q026::14
Part2/outputs/answers_player2_prompt2.csv,answers_player2_prompt2,Q026,M,Clothing items,15,mug,mug,0,0,0,Q026::15
Part2/outputs/answers_player2_prompt2.csv,answers_player2_prompt2,Q026,M,Clothing items,16,jeans,jeans,0,0,0,Q026::16
Part2/outputs/answers_player2_prompt2.csv,answers_player2_prompt2,Q026,M,Clothing items,17,sweatshirt,sweatshirt,1,0,1,Q026::17
Part2/outputs/answers_player2_prompt2.csv,answers_player2_prompt2,Q026,M,Clothing items,18,mug,mug,0,0,0,Q026::18
Part2/outputs/answers_player2_prompt2.csv,answers_player2_prompt2,Q026,M,Clothing items,19,moccasins,moccasins,1,0,1,Q026::19
Part2/outputs/answers_player2_prompt2.csv,answers_player2_prompt2,Q027,N,Birds,0,nightingale,nightingale,1,1,0,Q027::0
Part2/outputs/answers_player2_prompt2.csv,answers_player2_prompt2,Q027,N,Birds,1,nutcracker,nutcracker,1,0,1,Q027::1
Part2/outputs/answers_player2_prompt2.csv,answers_player2_prompt2,Q027,N,Birds,2,nightingale,nightingale,1,1,0,Q027::2
Part2/outputs/answers_player2_prompt2.csv,answers_player2_prompt2,Q027,N,Birds,3,norwegian loafa,norwegian loafa,0,0,0,Q027::3
Part2/outputs/answers_player2_prompt2.csv,answers_player2_prompt2,Q027,N,Birds,4,penguin,penguin,0,0,0,Q027::4
Part2/outputs/answers_player2_prompt2.csv,answers_player2_prompt2,Q027,N,Birds,5,nightingale,nightingale,1,1,0,Q027::5
Part2/outputs/answers_player2_prompt2.csv,answers_player2_prompt2,Q027,N,Birds,6,nightingale,nightingale,1,0,1,Q027::6
Part2/outputs/answers_player2_prompt2.csv,answers_player2_prompt2,Q027,N,Birds,7,nightingale,nightingale,1,1,0,Q027::7
Part2/outputs/answers_player2_prompt2.csv,answers_player2_prompt2,Q027,N,Birds,8,nightingale,nightingale,1,1,0,Q027::8
Part2/outputs/answers_player2_prompt2.csv,answers_player2_prompt2,Q027,N,Birds,9,nightingale,nightingale,1,1,0,Q027::9
Part2/outputs/answers_player2_prompt2.csv,answers_player2_prompt2,Q027,N,Birds,10,nightingale,nightingale,1,1,0,Q027::10
Part2/outputs/answers_player2_prompt2.csv,answers_player2_prompt2,Q027,N,Birds,11,nightingale,nightingale,1,1,0,Q027::11
Part2/outputs/answers_player2_prompt2.csv,answers_player2_prompt2,Q027,N,Birds,12,penguin,penguin,0,0,0,Q027::12
Part2/outputs/answers_player2_prompt2.csv,answers_player2_prompt2,Q027,N,Birds,13,nightingale,nightingale,1,1,0,Q027::13
Part2/outputs/answers_player2_prompt2.csv,answers_player2_prompt2,Q027,N,Birds,14,penguin,penguin,0,0,0,Q027::14
Part2/outputs/answers_player2_prompt2.csv,answers_player2_prompt2,Q027,N,Birds,15,nightingale,nightingale,1,0,1,Q027::15
Part2/outputs/answers_player2_prompt2.csv,answers_player2_prompt2,Q027,N,Birds,16,nightingale,nightingale,1,1,0,Q027::16
Part2/outputs/answers_player2_prompt2.csv,answers_player2_prompt2,Q027,N,Birds,17,nightingale,nightingale,1,0,1,Q027::17
Part2/outputs/answers_player2_prompt2.csv,answers_player2_prompt2,Q027,N,Birds,18,nightingale,nightingale,1,0,1,Q027::18
Part2/outputs/answers_player2_prompt2.csv,answers_player2_prompt2,Q027,N,Birds,19,nightingale,nightingale,1,0,1,Q027::19
Part2/outputs/answers_player2_prompt2.csv,answers_player2_prompt2,Q028,N,Things in a hospital,0,nurse,nurse,1,1,0,Q028::0
Part2/outputs/answers_player2_prompt2.csv,answers_player2_prompt2,Q028,N,Things in a hospital,1,nurse,nurse,1,1,0,Q028::1
Part2/outputs/answers_player2_prompt2.csv,answers_player2_prompt2,Q028,N,Things in a hospital,2,nurse,nurse,1,1,0,Q028::2
Part2/outputs/answers_player2_prompt2.csv,answers_player2_prompt2,Q028,N,Things in a hospital,3,nurse,nurse,1,1,0,Q028::3
Part2/outputs/answers_player2_prompt2.csv,answers_player2_prompt2,Q028,N,Things in a hospital,4,nurse,nurse,1,1,0,Q028::4
Part2/outputs/answers_player2_prompt2.csv,answers_player2_prompt2,Q028,N,Things in a hospital,5,nurse,nurse,1,1,0,Q028::5
Part2/outputs/answers_player2_prompt2.csv,answers_player2_prompt2,Q028,N,Things in a hospital,6,nurse,nurse,1,1,0,Q028::6
Part2/outputs/answers_player2_prompt2.csv,answers_player2_prompt2,Q028,N,Things in a hospital,7,nurse,nurse,1,1,0,Q028::7
Part2/outputs/answers_player2_prompt2.csv,answers_player2_prompt2,Q028,N,Things in a hospital,8,nurse,nurse,1,1,0,Q028::8
Part2/outputs/answers_player2_prompt2.csv,answers_player2_prompt2,Q028,N,Things in a hospital,9,nurse,nurse,1,1,0,Q028::9
Part2/outputs/answers_player2_prompt2.csv,answers_player2_prompt2,Q028,N,Things in a hospital,10,nurse,nurse,1,1,0,Q028::10
Part2/outputs/answers_player2_prompt2.csv,answers_player2_prompt2,Q028,N,Things in a hospital,11,nurse,nurse,1,1,0,Q028::11
Part2/outputs/answers_player2_prompt2.csv,answers_player2_prompt2,Q028,N,Things in a hospital,12,nurse,nurse,1,1,0,Q028::12
Part2/outputs/answers_player2_prompt2.csv,answers_player2_prompt2,Q028,N,Things in a hospital,13,nurse,nurse,1,1,0,Q028::13
Part2/outputs/answers_player2_prompt2.csv,answers_player2_prompt2,Q028,N,Things in a hospital,14,nurse,nurse,1,1,0,Q028::14
Part2/outputs/answers_player2_prompt2.csv,answers_player2_prompt2,Q028,N,Things in a hospital,15,nurse,nurse,1,1,0,Q028::15
Part2/outputs/answers_player2_prompt2.csv,answers_player2_prompt2,Q028,N,Things in a hospital,16,nurse,nurse,1,1,0,Q028::16
Part2/outputs/answers_player2_prompt2.csv,answers_player2_prompt2,Q028,N,Things in a hospital,17,nurse,nurse,1,1,0,Q028::17
Part2/outputs/answers_player2_prompt2.csv,answers_player2_prompt2,Q028,N,Things in a hospital,18,nurse,nurse,1,1,0,Q028::18
Part2/outputs/answers_player2_prompt2.csv,answers_player2_prompt2,Q028,N,Things in a hospital,19,nurse,nurse,1,1,0,Q028::19
Part2/outputs/answers_player2_prompt2.csv,answers_player2_prompt2,Q029,O,Companies,0,office depot,office depot,1,0,1,Q029::0
Part2/outputs/answers_player2_prompt2.csv,answers_player2_prompt2,Q029,O,Companies,1,oracle,oracle,1,0,1,Q029::1
Part2/outputs/answers_player2_prompt2.csv,answers_player2_prompt2,Q029,O,Companies,2,office depot,office depot,1,0,1,Q029::2
Part2/outputs/answers_player2_prompt2.csv,answers_player2_prompt2,Q029,O,Companies,3,oracle,oracle,1,1,0,Q029::3
Part2/outputs/answers_player2_prompt2.csv,answers_player2_prompt2,Q029,O,Companies,4,oracle,oracle,1,0,1,Q029::4
Part2/outputs/answers_player2_prompt2.csv,answers_player2_prompt2,Q029,O,Companies,5,oracle,oracle,1,1,0,Q029::5
Part2/outputs/answers_player2_prompt2.csv,answers_player2_prompt2,Q029,O,Companies,6,oracle,oracle,1,1,0,Q029::6
Part2/outputs/answers_player2_prompt2.csv,answers_player2_prompt2,Q029,O,Companies,7,oracle,oracle,1,1,0,Q029::7
Part2/outputs/answers_player2_prompt2.csv,answers_player2_prompt2,Q029,O,Companies,8,oracle,oracle,1,1,0,Q029::8
Part2/outputs/answers_player2_prompt2.csv,answers_player2_prompt2,Q029,O,Companies,9,oracle,oracle,1,1,0,Q029::9
Part2/outputs/answers_player2_prompt2.csv,answers_player2_prompt2,Q029,O,Companies,10,oracle,oracle,1,1,0,Q029::10
Part2/outputs/answers_player2_prompt2.csv,answers_player2_prompt2,Q029,O,Companies,11,oracle,oracle,1,1,0,Q029::11
Part2/outputs/answers_player2_prompt2.csv,answers_player2_prompt2,Q029,O,Companies,12,oracle,oracle,1,1,0,Q029::12
Part2/outputs/answers_player2_prompt2.csv,answers_player2_prompt2,Q029,O,Companies,13,oracle,oracle,1,0,1,Q029::13
Part2/outputs/answers_player2_prompt2.csv,answers_player2_prompt2,Q029,O,Companies,14,oracle,oracle,1,0,1,Q029::14
Part2/outputs/answers_player2_prompt2.csv,answers_player2_prompt2,Q029,O,Companies,15,oracle,oracle,1,1,0,Q029::15
Part2/outputs/answers_player2_prompt2.csv,answers_player2_prompt2,Q029,O,Companies,16,oracle,oracle,1,1,0,Q029::16
Part2/outputs/answers_player2_prompt2.csv,answers_player2_prompt2,Q029,O,Companies,17,oracle,oracle,1,1,0,Q029::17
Part2/outputs/answers_player2_prompt2.csv,answers_player2_prompt2,Q029,O,Companies,18,oracle,oracle,1,0,1,Q029::18
Part2/outputs/answers_player2_prompt2.csv,answers_player2_prompt2,Q029,O,Companies,19,office depot,office depot,1,0,1,Q029::19
Part2/outputs/answers_player2_prompt2.csv,answers_player2_prompt2,Q030,O,Things in the sky,0,clouds,clouds,0,0,0,Q030::0
Part2/outputs/answers_player2_prompt2.csv,answers_player2_prompt2,Q030,O,Things in the sky,1,clouds,clouds,0,0,0,Q030::1
Part2/outputs/answers_player2_prompt2.csv,answers_player2_prompt2,Q030,O,Things in the sky,2,clouds,clouds,0,0,0,Q030::2
Part2/outputs/answers_player2_prompt2.csv,answers_player2_prompt2,Q030,O,Things in the sky,3,clouds,clouds,0,0,0,Q030::3
Part2/outputs/answers_player2_prompt2.csv,answers_player2_prompt2,Q030,O,Things in the sky,4,cloud,cloud,0,0,0,Q030::4
Part2/outputs/answers_player2_prompt2.csv,answers_player2_prompt2,Q030,O,Things in the sky,5,clouds,clouds,0,0,0,Q030::5
Part2/outputs/answers_player2_prompt2.csv,answers_player2_prompt2,Q030,O,Things in the sky,6,cloud,cloud,0,0,0,Q030::6
Part2/outputs/answers_player2_prompt2.csv,answers_player2_prompt2,Q030,O,Things in the sky,7,clouds,clouds,0,0,0,Q030::7
Part2/outputs/answers_player2_prompt2.csv,answers_player2_prompt2,Q030,O,Things in the sky,8,cloud,cloud,0,0,0,Q030::8
Part2/outputs/answers_player2_prompt2.csv,answers_player2_prompt2,Q030,O,Things in the sky,9,clouds,clouds,0,0,0,Q030::9
Part2/outputs/answers_player2_prompt2.csv,answers_player2_prompt2,Q030,O,Things in the sky,10,cloud,cloud,0,0,0,Q030::10
Part2/outputs/answers_player2_prompt2.csv,answers_player2_prompt2,Q030,O,Things in the sky,11,cloud,cloud,0,0,0,Q030::11
Part2/outputs/answers_player2_prompt2.csv,answers_player2_prompt2,Q030,O,Things in the sky,12,clouds,clouds,0,0,0,Q030::12
Part2/outputs/answers_player2_prompt2.csv,answers_player2_prompt2,Q030,O,Things in the sky,13,cloud,cloud,0,0,0,Q030::13
Part2/outputs/answers_player2_prompt2.csv,answers_player2_prompt2,Q030,O,Things in the sky,14,cloud,cloud,0,0,0,Q030::14
Part2/outputs/answers_player2_prompt2.csv,answers_player2_prompt2,Q030,O,Things in the sky,15,cloud,cloud,0,0,0,Q030::15
Part2/outputs/answers_player2_prompt2.csv,answers_player2_prompt2,Q030,O,Things in the sky,16,cloud,cloud,0,0,0,Q030::16
Part2/outputs/answers_player2_prompt2.csv,answers_player2_prompt2,Q030,O,Things in the sky,17,cloud,cloud,0,0,0,Q030::17
Part2/outputs/answers_player2_prompt2.csv,answers_player2_prompt2,Q030,O,Things in the sky,18,clouds,clouds,0,0,0,Q030::18
Part2/outputs/answers_player2_prompt2.csv,answers_player2_prompt2,Q030,O,Things in the sky,19,clouds,clouds,0,0,0,Q030::19
Part2/outputs/answers_player2_prompt2.csv,answers_player2_prompt2,Q031,P,Vegetables,0,pepperoni peppers,pepperoni peppers,0,0,0,Q031::0
Part2/outputs/answers_player2_prompt2.csv,answers_player2_prompt2,Q031,P,Vegetables,1,potato,potato,1,0,1,Q031::1
Part2/outputs/answers_player2_prompt2.csv,answers_player2_prompt2,Q031,P,Vegetables,2,pepperoni,pepperoni,0,0,0,Q031::2
Part2/outputs/answers_player2_prompt2.csv,answers_player2_prompt2,Q031,P,Vegetables,3,peas,peas,1,1,0,Q031::3
Part2/outputs/answers_player2_prompt2.csv,answers_player2_prompt2,Q031,P,Vegetables,4,potato,potato,1,1,0,Q031::4
Part2/outputs/answers_player2_prompt2.csv,answers_player2_prompt2,Q031,P,Vegetables,5,peas,peas,1,0,1,Q031::5
Part2/outputs/answers_player2_prompt2.csv,answers_player2_prompt2,Q031,P,Vegetables,6,potato,potato,1,0,1,Q031::6
Part2/outputs/answers_player2_prompt2.csv,answers_player2_prompt2,Q031,P,Vegetables,7,potato,potato,1,1,0,Q031::7
Part2/outputs/answers_player2_prompt2.csv,answers_player2_prompt2,Q031,P,Vegetables,8,peas,peas,1,0,1,Q031::8
Part2/outputs/answers_player2_prompt2.csv,answers_player2_prompt2,Q031,P,Vegetables,9,potato,potato,1,0,1,Q031::9
Part2/outputs/answers_player2_prompt2.csv,answers_player2_prompt2,Q031,P,Vegetables,10,potato powder,potato powder,0,0,0,Q031::10
Part2/outputs/answers_player2_prompt2.csv,answers_player2_prompt2,Q031,P,Vegetables,11,potato,potato,1,0,1,Q031::11
Part2/outputs/answers_player2_prompt2.csv,answers_player2_prompt2,Q031,P,Vegetables,12,pepperoni,pepperoni,0,0,0,Q031::12
Part2/outputs/answers_player2_prompt2.csv,answers_player2_prompt2,Q031,P,Vegetables,13,pepperoni peppers,pepperoni peppers,0,0,0,Q031::13
Part2/outputs/answers_player2_prompt2.csv,answers_player2_prompt2,Q031,P,Vegetables,14,peas,peas,1,0,1,Q031::14
Part2/outputs/answers_player2_prompt2.csv,answers_player2_prompt2,Q031,P,Vegetables,15,peas,peas,1,0,1,Q031::15
Part2/outputs/answers_player2_prompt2.csv,answers_player2_prompt2,Q031,P,Vegetables,16,potato,potato,1,0,1,Q031::16
Part2/outputs/answers_player2_prompt2.csv,answers_player2_prompt2,Q031,P,Vegetables,17,peas,peas,1,0,1,Q031::17
Part2/outputs/answers_player2_prompt2.csv,answers_player2_prompt2,Q031,P,Vegetables,18,peas pods,peas pods,0,0,0,Q031::18
Part2/outputs/answers_player2_prompt2.csv,answers_player2_prompt2,Q031,P,Vegetables,19,potato,potato,1,0,1,Q031::19
Part2/outputs/answers_player2_prompt2.csv,answers_player2_prompt2,Q032,P,Historical figures,0,pompey,pompey,1,0,1,Q032::0
Part2/outputs/answers_player2_prompt2.csv,answers_player2_prompt2,Q032,P,Historical figures,1,paul revere,paul revere,1,0,1,Q032::1
Part2/outputs/answers_player2_prompt2.csv,answers_player2_prompt2,Q032,P,Historical figures,2,paul revere,paul revere,1,0,1,Q032::2
Part2/outputs/answers_player2_prompt2.csv,answers_player2_prompt2,Q032,P,Historical figures,3,peter the great,peter the great,1,0,1,Q032::3
Part2/outputs/answers_player2_prompt2.csv,answers_player2_prompt2,Q032,P,Historical figures,4,pompey,pompey,1,1,0,Q032::4
Part2/outputs/answers_player2_prompt2.csv,answers_player2_prompt2,Q032,P,Historical figures,5,pizarro,pizarro,1,0,1,Q032::5
Part2/outputs/answers_player2_prompt2.csv,answers_player2_prompt2,Q032,P,Historical figures,6,nikola tesla,nikola tesla,0,0,0,Q032::6
Part2/outputs/answers_player2_prompt2.csv,answers_player2_prompt2,Q032,P,Historical figures,7,ptolemy,ptolemy,1,0,1,Q032::7
Part2/outputs/answers_player2_prompt2.csv,answers_player2_prompt2,Q032,P,Historical figures,8,paul rusesabagina,paul rusesabagina,1,0,1,Q032::8
Part2/outputs/answers_player2_prompt2.csv,answers_player2_prompt2,Q032,P,Historical figures,9,pol Pot,pol pot,1,0,1,Q032::9
Part2/outputs/answers_player2_prompt2.csv,answers_player2_prompt2,Q032,P,Historical figures,10,pythagoras,pythagoras,1,0,1,Q032::10
Part2/outputs/answers_player2_prompt2.csv,answers_player2_prompt2,Q032,P,Historical figures,11,pompey,pompey,1,0,1,Q032::11
Part2/outputs/answers_player2_prompt2.csv,answers_player2_prompt2,Q032,P,Historical figures,12,pythagoras,pythagoras,1,0,1,Q032::12
Part2/outputs/answers_player2_prompt2.csv,answers_player2_prompt2,Q032,P,Historical figures,13,pompey,pompey,1,1,0,Q032::13
Part2/outputs/answers_player2_prompt2.csv,answers_player2_prompt2,Q032,P,Historical figures,14,peter the great,peter the great,1,1,0,Q032::14
Part2/outputs/answers_player2_prompt2.csv,answers_player2_prompt2,Q032,P,Historical figures,15,napoleon bonaparte,napoleon bonaparte,1,0,1,Q032::15
Part2/outputs/answers_player2_prompt2.csv,answers_player2_prompt2,Q032,P,Historical figures,16,paul revere,paul revere,1,0,1,Q032::16
Part2/outputs/answers_player2_prompt2.csv,answers_player2_prompt2,Q032,P,Historical figures,17,paul poitras,paul poitras,0,0,0,Q032::17
Part2/outputs/answers_player2_prompt2.csv,answers_player2_prompt2,Q032,P,Historical figures,18,pompey,pompey,1,1,0,Q032::18
Part2/outputs/answers_player2_prompt2.csv,answers_player2_prompt2,Q032,P,Historical figures,19,pope john paul ii,pope john paul ii,1,0,1,Q032::19
Part2/outputs/answers_player2_prompt2.csv,answers_player2_prompt2,Q033,Q,Words in English,0,quilt,quilt,1,1,0,Q033::0
Part2/outputs/answers_player2_prompt2.csv,answers_player2_prompt2,Q033,Q,Words in English,1,quill,quill,1,1,0,Q033::1
Part2/outputs/answers_player2_prompt2.csv,answers_player2_prompt2,Q033,Q,Words in English,2,quill笔,quill,1,0,1,Q033::2
Part2/outputs/answers_player2_prompt2.csv,answers_player2_prompt2,Q033,Q,Words in English,3,quill,quill,1,0,1,Q033::3
Part2/outputs/answers_player2_prompt2.csv,answers_player2_prompt2,Q033,Q,Words in English,4,quill pen,quill pen,1,0,1,Q033::4
Part2/outputs/answers_player2_prompt2.csv,answers_player2_prompt2,Q033,Q,Words in English,5,quill,quill,1,1,0,Q033::5
Part2/outputs/answers_player2_prompt2.csv,answers_player2_prompt2,Q033,Q,Words in English,6,quill pen,quill pen,1,0,1,Q033::6
Part2/outputs/answers_player2_prompt2.csv,answers_player2_prompt2,Q033,Q,Words in English,7,quill,quill,1,0,1,Q033::7
Part2/outputs/answers_player2_prompt2.csv,answers_player2_prompt2,Q033,Q,Words in English,8,quill,quill,1,0,1,Q033::8
Part2/outputs/answers_player2_prompt2.csv,answers_player2_prompt2,Q033,Q,Words in English,9,quill pen,quill pen,1,0,1,Q033::9
Part2/outputs/answers_player2_prompt2.csv,answers_player2_prompt2,Q033,Q,Words in English,10,quill笔,quill,1,1,0,Q033::10
Part2/outputs/answers_player2_prompt2.csv,answers_player2_prompt2,Q033,Q,Words in English,11,quill,quill,1,1,0,Q033::11
Part2/outputs/answers_player2_prompt2.csv,answers_player2_prompt2,Q033,Q,Words in English,12,quill,quill,1,0,1,Q033::12
Part2/outputs/answers_player2_prompt2.csv,answers_player2_prompt2,Q033,Q,Words in English,13,quilt,quilt,1,0,1,Q033::13
Part2/outputs/answers_player2_prompt2.csv,answers_player2_prompt2,Q033,Q,Words in English,14,quill pen,quill pen,1,0,1,Q033::14
Part2/outputs/answers_player2_prompt2.csv,answers_player2_prompt2,Q033,Q,Words in English,15,quill,quill,1,1,0,Q033::15
Part2/outputs/answers_player2_prompt2.csv,answers_player2_prompt2,Q033,Q,Words in English,16,quill,quill,1,1,0,Q033::16
Part2/outputs/answers_player2_prompt2.csv,answers_player2_prompt2,Q033,Q,Words in English,17,quill,quill,1,0,1,Q033::17
Part2/outputs/answers_player2_prompt2.csv,answers_player2_prompt2,Q033,Q,Words in English,18,quilt,quilt,1,0,1,Q033::18
Part2/outputs/answers_player2_prompt2.csv,answers_player2_prompt2,Q033,Q,Words in English,19,quill,quill,1,1,0,Q033::19
Part2/outputs/answers_player2_prompt2.csv,answers_player2_prompt2,Q034,Q,Fictional characters,0,quasimodo,quasimodo,1,1,0,Q034::0
Part2/outputs/answers_player2_prompt2.csv,answers_player2_prompt2,Q034,Q,Fictional characters,1,quasimodo,quasimodo,1,1,0,Q034::1
Part2/outputs/answers_player2_prompt2.csv,answers_player2_prompt2,Q034,Q,Fictional characters,2,quasimodo,quasimodo,1,1,0,Q034::2
Part2/outputs/answers_player2_prompt2.csv,answers_player2_prompt2,Q034,Q,Fictional characters,3,quasimodo,quasimodo,1,1,0,Q034::3
Part2/outputs/answers_player2_prompt2.csv,answers_player2_prompt2,Q034,Q,Fictional characters,4,quasimodo,quasimodo,1,1,0,Q034::4
Part2/outputs/answers_player2_prompt2.csv,answers_player2_prompt2,Q034,Q,Fictional characters,5,quasimodo,quasimodo,1,1,0,Q034::5
Part2/outputs/answers_player2_prompt2.csv,answers_player2_prompt2,Q034,Q,Fictional characters,6,quasimodo,quasimodo,1,1,0,Q034::6
Part2/outputs/answers_player2_prompt2.csv,answers_player2_prompt2,Q034,Q,Fictional characters,7,quasimodo,quasimodo,1,1,0,Q034::7
Part2/outputs/answers_player2_prompt2.csv,answers_player2_prompt2,Q034,Q,Fictional characters,8,quasimodo,quasimodo,1,1,0,Q034::8
Part2/outputs/answers_player2_prompt2.csv,answers_player2_prompt2,Q034,Q,Fictional characters,9,quasimodo,quasimodo,1,1,0,Q034::9
Part2/outputs/answers_player2_prompt2.csv,answers_player2_prompt2,Q034,Q,Fictional characters,10,quasimodo,quasimodo,1,1,0,Q034::10
Part2/outputs/answers_player2_prompt2.csv,answers_player2_prompt2,Q034,Q,Fictional characters,11,quasimodo,quasimodo,1,1,0,Q034::11
Part2/outputs/answers_player2_prompt2.csv,answers_player2_prompt2,Q034,Q,Fictional characters,12,quasimodo,quasimodo,1,1,0,Q034::12
Part2/outputs/answers_player2_prompt2.csv,answers_player2_prompt2,Q034,Q,Fictional characters,13,quasimodo,quasimodo,1,1,0,Q034::13
Part2/outputs/answers_player2_prompt2.csv,answers_player2_prompt2,Q034,Q,Fictional characters,14,quasimodo,quasimodo,1,1,0,Q034::14
Part2/outputs/answers_player2_prompt2.csv,answers_player2_prompt2,Q034,Q,Fictional characters,15,quasimodo,quasimodo,1,1,0,Q034::15
Part2/outputs/answers_player2_prompt2.csv,answers_player2_prompt2,Q034,Q,Fictional characters,16,quasimodo,quasimodo,1,1,0,Q034::16
Part2/outputs/answers_player2_prompt2.csv,answers_player2_prompt2,Q034,Q,Fictional characters,17,quasimodo,quasimodo,1,1,0,Q034::17
Part2/outputs/answers_player2_prompt2.csv,answers_player2_prompt2,Q034,Q,Fictional characters,18,quasimodo,quasimodo,1,1,0,Q034::18
Part2/outputs/answers_player2_prompt2.csv,answers_player2_prompt2,Q034,Q,Fictional characters,19,quasimodo,quasimodo,1,1,0,Q034::19
Part2/outputs/answers_player2_prompt2.csv,answers_player2_prompt2,Q035,R,Songs,0,raindrops keep falling on my head,raindrops keep falling on my head,0,0,0,Q035::0
Part2/outputs/answers_player2_prompt2.csv,answers_player2_prompt2,Q035,R,Songs,1,radiohead,radiohead,0,0,0,Q035::1
Part2/outputs/answers_player2_prompt2.csv,answers_player2_prompt2,Q035,R,Songs,2,raindrops keep falling on my head,raindrops keep falling on my head,0,0,0,Q035::2
Part2/outputs/answers_player2_prompt2.csv,answers_player2_prompt2,Q035,R,Songs,3,raindrops keep falling on my head,raindrops keep falling on my head,0,0,0,Q035::3
Part2/outputs/answers_player2_prompt2.csv,answers_player2_prompt2,Q035,R,Songs,4,radiohead,radiohead,0,0,0,Q035::4
Part2/outputs/answers_player2_prompt2.csv,answers_player2_prompt2,Q035,R,Songs,5,rockin' robin,rockin' robin,1,0,1,Q035::5
Part2/outputs/answers_player2_prompt2.csv,answers_player2_prompt2,Q035,R,Songs,6,red red wagon,red red wagon,0,0,0,Q035::6
Part2/outputs/answers_player2_prompt2.csv,answers_player2_prompt2,Q035,R,Songs,7,radiohead,radiohead,0,0,0,Q035::7
Part2/outputs/answers_player2_prompt2.csv,answers_player2_prompt2,Q035,R,Songs,8,rhythm of the rain,rhythm of the rain,1,0,1,Q035::8
Part2/outputs/answers_player2_prompt2.csv,answers_player2_prompt2,Q035,R,Songs,9,ray of sunshine,ray of sunshine,0,0,0,Q035::9
Part2/outputs/answers_player2_prompt2.csv,answers_player2_prompt2,Q035,R,Songs,10,raindrops keep falling on my head,raindrops keep falling on my head,0,0,0,Q035::10
Part2/outputs/answers_player2_prompt2.csv,answers_player2_prompt2,Q035,R,Songs,11,rhythm of the rain,rhythm of the rain,1,0,1,Q035::11
Part2/outputs/answers_player2_prompt2.csv,answers_player2_prompt2,Q035,R,Songs,12,rhapsody,rhapsody,0,0,0,Q035::12
Part2/outputs/answers_player2_prompt2.csv,answers_player2_prompt2,Q035,R,Songs,13,rhythm of the rain,rhythm of the rain,1,0,1,Q035::13
Part2/outputs/answers_player2_prompt2.csv,answers_player2_prompt2,Q035,R,Songs,14,robin hood themed song,robin hood themed song,0,0,0,Q035::14
Part2/outputs/answers_player2_prompt2.csv,answers_player2_prompt2,Q035,R,Songs,15,rhythm of the rain,rhythm of the rain,1,0,1,Q035::15
Part2/outputs/answers_player2_prompt2.csv,answers_player2_prompt2,Q035,R,Songs,16,radiohead,radiohead,0,0,0,Q035::16
Part2/outputs/answers_player2_prompt2.csv,answers_player2_prompt2,Q035,R,Songs,17,rhythm section,rhythm section,0,0,0,Q035::17
Part2/outputs/answers_player2_prompt2.csv,answers_player2_prompt2,Q035,R,Songs,18,radiohead,radiohead,0,0,0,Q035::18
Part2/outputs/answers_player2_prompt2.csv,answers_player2_prompt2,Q035,R,Songs,19,rhythms,rhythms,0,0,0,Q035::19
Part2/outputs/answers_player2_prompt2.csv,answers_player2_prompt2,Q036,R,Tools,0,pliers,pliers,0,0,0,Q036::0
Part2/outputs/answers_player2_prompt2.csv,answers_player2_prompt2,Q036,R,Tools,1,pliers,pliers,0,0,0,Q036::1
Part2/outputs/answers_player2_prompt2.csv,answers_player2_prompt2,Q036,R,Tools,2,pliers,pliers,0,0,0,Q036::2
Part2/outputs/answers_player2_prompt2.csv,answers_player2_prompt2,Q036,R,Tools,3,rubber mallet,rubber mallet,1,0,1,Q036::3
Part2/outputs/answers_player2_prompt2.csv,answers_player2_prompt2,Q036,R,Tools,4,pliers,pliers,0,0,0,Q036::4
Part2/outputs/answers_player2_prompt2.csv,answers_player2_prompt2,Q036,R,Tools,5,pliers,pliers,0,0,0,Q036::5
Part2/outputs/answers_player2_prompt2.csv,answers_player2_prompt2,Q036,R,Tools,6,pliers,pliers,0,0,0,Q036::6
Part2/outputs/answers_player2_prompt2.csv,answers_player2_prompt2,Q036,R,Tools,7,rubber mallet,rubber mallet,1,0,1,Q036::7
Part2/outputs/answers_player2_prompt2.csv,answers_player2_prompt2,Q036,R,Tools,8,rake,rake,1,0,1,Q036::8
Part2/outputs/answers_player2_prompt2.csv,answers_player2_prompt2,Q036,R,Tools,9,pliers,pliers,0,0,0,Q036::9
Part2/outputs/answers_player2_prompt2.csv,answers_player2_prompt2,Q036,R,Tools,10,rubber mallet,rubber mallet,1,1,0,Q036::10
Part2/outputs/answers_player2_prompt2.csv,answers_player2_prompt2,Q036,R,Tools,11,pliers,pliers,0,0,0,Q036::11
Part2/outputs/answers_player2_prompt2.csv,answers_player2_prompt2,Q036,R,Tools,12,pliers,pliers,0,0,0,Q036::12
Part2/outputs/answers_player2_prompt2.csv,answers_player2_prompt2,Q036,R,Tools,13,rubber mallet,rubber mallet,1,1,0,Q036::13
Part2/outputs/answers_player2_prompt2.csv,answers_player2_prompt2,Q036,R,Tools,14,pliers,pliers,0,0,0,Q036::14
Part2/outputs/answers_player2_prompt2.csv,answers_player2_prompt2,Q036,R,Tools,15,pliers,pliers,0,0,0,Q036::15
Part2/outputs/answers_player2_prompt2.csv,answers_player2_prompt2,Q036,R,Tools,16,rake,rake,1,1,0,Q036::16
Part2/outputs/answers_player2_prompt2.csv,answers_player2_prompt2,Q036,R,Tools,17,pliers,pliers,0,0,0,Q036::17
Part2/outputs/answers_player2_prompt2.csv,answers_player2_prompt2,Q036,R,Tools,18,pliers,pliers,0,0,0,Q036::18
Part2/outputs/answers_player2_prompt2.csv,answers_player2_prompt2,Q036,R,Tools,19,pliers,pliers,0,0,0,Q036::19
Part2/outputs/answers_player2_prompt2.csv,answers_player2_prompt2,Q037,S,Animals,0,squirrel,squirrel,1,1,0,Q037::0
Part2/outputs/answers_player2_prompt2.csv,answers_player2_prompt2,Q037,S,Animals,1,sea lion,sea lion,1,0,1,Q037::1
Part2/outputs/answers_player2_prompt2.csv,answers_player2_prompt2,Q037,S,Animals,2,panda,panda,0,0,0,Q037::2
Part2/outputs/answers_player2_prompt2.csv,answers_player2_prompt2,Q037,S,Animals,3,panda,panda,0,0,0,Q037::3
Part2/outputs/answers_player2_prompt2.csv,answers_player2_prompt2,Q037,S,Animals,4,polar bear,polar bear,0,0,0,Q037::4
Part2/outputs/answers_player2_prompt2.csv,answers_player2_prompt2,Q037,S,Animals,5,polar bear,polar bear,0,0,0,Q037::5
Part2/outputs/answers_player2_prompt2.csv,answers_player2_prompt2,Q037,S,Animals,6,koala,koala,0,0,0,Q037::6
Part2/outputs/answers_player2_prompt2.csv,answers_player2_prompt2,Q037,S,Animals,7,squirrel,squirrel,1,0,1,Q037::7
Part2/outputs/answers_player2_prompt2.csv,answers_player2_prompt2,Q037,S,Animals,8,polar bear,polar bear,0,0,0,Q037::8
Part2/outputs/answers_player2_prompt2.csv,answers_player2_prompt2,Q037,S,Animals,9,penguin,penguin,0,0,0,Q037::9
Part2/outputs/answers_player2_prompt2.csv,answers_player2_prompt2,Q037,S,Animals,10,seal,seal,1,1,0,Q037::10
Part2/outputs/answers_player2_prompt2.csv,answers_player2_prompt2,Q037,S,Animals,11,panda,panda,0,0,0,Q037::11
Part2/outputs/answers_player2_prompt2.csv,answers_player2_prompt2,Q037,S,Animals,12,seal,seal,1,1,0,Q037::12
Part2/outputs/answers_player2_prompt2.csv,answers_player2_prompt2,Q037,S,Animals,13,panda,panda,0,0,0,Q037::13
Part2/outputs/answers_player2_prompt2.csv,answers_player2_prompt2,Q037,S,Animals,14,panda,panda,0,0,0,Q037::14
Part2/outputs/answers_player2_prompt2.csv,answers_player2_prompt2,Q037,S,Animals,15,koala,koala,0,0,0,Q037::15
Part2/outputs/answers_player2_prompt2.csv,answers_player2_prompt2,Q037,S,Animals,16,seal,seal,1,0,1,Q037::16
Part2/outputs/answers_player2_prompt2.csv,answers_player2_prompt2,Q037,S,Animals,17,panda,panda,0,0,0,Q037::17
Part2/outputs/answers_player2_prompt2.csv,answers_player2_prompt2,Q037,S,Animals,18,panda,panda,0,0,0,Q037::18
Part2/outputs/answers_player2_prompt2.csv,answers_player2_prompt2,Q037,S,Animals,19,koala,koala,0,0,0,Q037::19
Part2/outputs/answers_player2_prompt2.csv,answers_player2_prompt2,Q038,S,Things in an office,0,water cooler,water cooler,1,1,0,Q038::0
Part2/outputs/answers_player2_prompt2.csv,answers_player2_prompt2,Q038,S,Things in an office,1,water cooler,water cooler,1,1,0,Q038::1
Part2/outputs/answers_player2_prompt2.csv,answers_player2_prompt2,Q038,S,Things in an office,2,copier,copier,1,0,1,Q038::2
Part2/outputs/answers_player2_prompt2.csv,answers_player2_prompt2,Q038,S,Things in an office,3,water cooler,water cooler,1,0,1,Q038::3
Part2/outputs/answers_player2_prompt2.csv,answers_player2_prompt2,Q038,S,Things in an office,4,supply cabinet,supply cabinet,1,0,1,Q038::4
Part2/outputs/answers_player2_prompt2.csv,answers_player2_prompt2,Q038,S,Things in an office,5,supply cabinet,supply cabinet,1,0,1,Q038::5
Part2/outputs/answers_player2_prompt2.csv,answers_player2_prompt2,Q038,S,Things in an office,6,water cooler,water cooler,1,1,0,Q038::6
Part2/outputs/answers_player2_prompt2.csv,answers_player2_prompt2,Q038,S,Things in an office,7,scroller,scroller,0,0,0,Q038::7
Part2/outputs/answers_player2_prompt2.csv,answers_player2_prompt2,Q038,S,Things in an office,8,water cooler,water cooler,1,0,1,Q038::8
Part2/outputs/answers_player2_prompt2.csv,answers_player2_prompt2,Q038,S,Things in an office,9,copier,copier,1,0,1,Q038::9
Part2/outputs/answers_player2_prompt2.csv,answers_player2_prompt2,Q038,S,Things in an office,10,water cooler,water cooler,1,1,0,Q038::10
Part2/outputs/answers_player2_prompt2.csv,answers_player2_prompt2,Q038,S,Things in an office,11,copier,copier,1,0,1,Q038::11
Part2/outputs/answers_player2_prompt2.csv,answers_player2_prompt2,Q038,S,Things in an office,12,water cooler,water cooler,1,0,1,Q038::12
Part2/outputs/answers_player2_prompt2.csv,answers_player2_prompt2,Q038,S,Things in an office,13,water cooler,water cooler,1,1,0,Q038::13
Part2/outputs/answers_player2_prompt2.csv,answers_player2_prompt2,Q038,S,Things in an office,14,water cooler,water cooler,1,1,0,Q038::14
Part2/outputs/answers_player2_prompt2.csv,answers_player2_prompt2,Q038,S,Things in an office,15,mouse,mouse,1,0,1,Q038::15
Part2/outputs/answers_player2_prompt2.csv,answers_player2_prompt2,Q038,S,Things in an office,16,stapler,stapler,1,0,1,Q038::16
Part2/outputs/answers_player2_prompt2.csv,answers_player2_prompt2,Q038,S,Things in an office,17,copier,copier,1,0,1,Q038::17
Part2/outputs/answers_player2_prompt2.csv,answers_player2_prompt2,Q038,S,Things in an office,18,water cooler,water cooler,1,0,1,Q038::18
Part2/outputs/answers_player2_prompt2.csv,answers_player2_prompt2,Q038,S,Things in an office,19,water cooler,water cooler,1,1,0,Q038::19
Part2/outputs/answers_player2_prompt2.csv,answers_player2_prompt2,Q039,T,Countries,0,tanzania,tanzania,1,0,1,Q039::0
Part2/outputs/answers_player2_prompt2.csv,answers_player2_prompt2,Q039,T,Countries,1,tunisia,tunisia,1,0,1,Q039::1
Part2/outputs/answers_player2_prompt2.csv,answers_player2_prompt2,Q039,T,Countries,2,tunisia,tunisia,1,0,1,Q039::2
Part2/outputs/answers_player2_prompt2.csv,answers_player2_prompt2,Q039,T,Countries,3,thailand,thailand,1,0,1,Q039::3
Part2/outputs/answers_player2_prompt2.csv,answers_player2_prompt2,Q039,T,Countries,4,tunisia,tunisia,1,0,1,Q039::4
Part2/outputs/answers_player2_prompt2.csv,answers_player2_prompt2,Q039,T,Countries,5,tunisia,tunisia,1,0,1,Q039::5
Part2/outputs/answers_player2_prompt2.csv,answers_player2_prompt2,Q039,T,Countries,6,turkey,turkey,1,0,1,Q039::6
Part2/outputs/answers_player2_prompt2.csv,answers_player2_prompt2,Q039,T,Countries,7,taiwan,taiwan,1,0,1,Q039::7
Part2/outputs/answers_player2_prompt2.csv,answers_player2_prompt2,Q039,T,Countries,8,tunisia,tunisia,1,0,1,Q039::8
Part2/outputs/answers_player2_prompt2.csv,answers_player2_prompt2,Q039,T,Countries,9,tanzania,tanzania,1,0,1,Q039::9
Part2/outputs/answers_player2_prompt2.csv,answers_player2_prompt2,Q039,T,Countries,10,tunisia,tunisia,1,1,0,Q039::10
Part2/outputs/answers_player2_prompt2.csv,answers_player2_prompt2,Q039,T,Countries,11,tunisia,tunisia,1,1,0,Q039::11
Part2/outputs/answers_player2_prompt2.csv,answers_player2_prompt2,Q039,T,Countries,12,turkey,turkey,1,0,1,Q039::12
Part2/outputs/answers_player2_prompt2.csv,answers_player2_prompt2,Q039,T,Countries,13,tunisia,tunisia,1,0,1,Q039::13
Part2/outputs/answers_player2_prompt2.csv,answers_player2_prompt2,Q039,T,Countries,14,taiwan,taiwan,1,1,0,Q039::14
Part2/outputs/answers_player2_prompt2.csv,answers_player2_prompt2,Q039,T,Countries,15,tunisia,tunisia,1,1,0,Q039::15
Part2/outputs/answers_player2_prompt2.csv,answers_player2_prompt2,Q039,T,Countries,16,tanzania,tanzania,1,0,1,Q039::16
Part2/outputs/answers_player2_prompt2.csv,answers_player2_prompt2,Q039,T,Countries,17,tunisia,tunisia,1,0,1,Q039::17
Part2/outputs/answers_player2_prompt2.csv,answers_player2_prompt2,Q039,T,Countries,18,tunisia,tunisia,1,0,1,Q039::18
Part2/outputs/answers_player2_prompt2.csv,answers_player2_prompt2,Q039,T,Countries,19,tunisia,tunisia,1,1,0,Q039::19
Part2/outputs/answers_player2_prompt2.csv,answers_player2_prompt2,Q040,T,TV shows,0,friends,friends,0,0,0,Q040::0
Part2/outputs/answers_player2_prompt2.csv,answers_player2_prompt2,Q040,T,TV shows,1,tiny hospital,tiny hospital,0,0,0,Q040::1
Part2/outputs/answers_player2_prompt2.csv,answers_player2_prompt2,Q040,T,TV shows,2,twilight,twilight,0,0,0,Q040::2
Part2/outputs/answers_player2_prompt2.csv,answers_player2_prompt2,Q040,T,TV shows,3,twin peaks,twin peaks,1,0,1,Q040::3
Part2/outputs/answers_player2_prompt2.csv,answers_player2_prompt2,Q040,T,TV shows,4,twin peaks,twin peaks,1,1,0,Q040::4
Part2/outputs/answers_player2_prompt2.csv,answers_player2_prompt2,Q040,T,TV shows,5,twenty-four,twenty-four,0,0,0,Q040::5
Part2/outputs/answers_player2_prompt2.csv,answers_player2_prompt2,Q040,T,TV shows,6,thirtynine shades of gray,thirtynine shades of gray,0,0,0,Q040::6
Part2/outputs/answers_player2_prompt2.csv,answers_player2_prompt2,Q040,T,TV shows,7,south park,south park,0,0,0,Q040::7
Part2/outputs/answers_player2_prompt2.csv,answers_player2_prompt2,Q040,T,TV shows,8,twilight,twilight,0,0,0,Q040::8
Part2/outputs/answers_player2_prompt2.csv,answers_player2_prompt2,Q040,T,TV shows,9,twilight saga,twilight saga,0,0,0,Q040::9
Part2/outputs/answers_player2_prompt2.csv,answers_player2_prompt2,Q040,T,TV shows,10,deadwood,deadwood,1,0,1,Q040::10
Part2/outputs/answers_player2_prompt2.csv,answers_player2_prompt2,Q040,T,TV shows,11,thrive global,thrive global,0,0,0,Q040::11
Part2/outputs/answers_player2_prompt2.csv,answers_player2_prompt2,Q040,T,TV shows,12,friends,friends,0,0,0,Q040::12
Part2/outputs/answers_player2_prompt2.csv,answers_player2_prompt2,Q040,T,TV shows,13,thirtynine shades of grey,thirtynine shades of grey,0,0,0,Q040::13
Part2/outputs/answers_player2_prompt2.csv,answers_player2_prompt2,Q040,T,TV shows,14,thirtysomething,thirtysomething,1,0,1,Q040::14
Part2/outputs/answers_player2_prompt2.csv,answers_player2_prompt2,Q040,T,TV shows,15,twin peaks,twin peaks,1,0,1,Q040::15
Part2/outputs/answers_player2_prompt2.csv,answers_player2_prompt2,Q040,T,TV shows,16,thirtynine,thirtynine,0,0,0,Q040::16
Part2/outputs/answers_player2_prompt2.csv,answers_player2_prompt2,Q040,T,TV shows,17,twilight,twilight,0,0,0,Q040::17
Part2/outputs/answers_player2_prompt2.csv,answers_player2_prompt2,Q040,T,TV shows,18,troubleshooters conquer casino costa rica,troubleshooters conquer casino costa rica,0,0,0,Q040::18
Part2/outputs/answers_player2_prompt2.csv,answers_player2_prompt2,Q040,T,TV shows,19,twilight,twilight,0,0,0,Q040::19
Part2/outputs/answers_player2_prompt2.csv,answers_player2_prompt2,Q041,U,U.S. colleges,0,union college,union college,1,0,1,Q041::0
Part2/outputs/answers_player2_prompt2.csv,answers_player2_prompt2,Q041,U,U.S. colleges,1,uc berkeley,uc berkeley,0,0,0,Q041::1
Part2/outputs/answers_player2_prompt2.csv,answers_player2_prompt2,Q041,U,U.S. colleges,2,harvard,harvard,0,0,0,Q041::2
Part2/outputs/answers_player2_prompt2.csv,answers_player2_prompt2,Q041,U,U.S. colleges,3,harvard university,harvard university,0,0,0,Q041::3
Part2/outputs/answers_player2_prompt2.csv,answers_player2_prompt2,Q041,U,U.S. colleges,4,ucdavis,ucdavis,0,0,0,Q041::4
Part2/outputs/answers_player2_prompt2.csv,answers_player2_prompt2,Q041,U,U.S. colleges,5,stanford university,stanford university,0,0,0,Q041::5
Part2/outputs/answers_player2_prompt2.csv,answers_player2_prompt2,Q041,U,U.S. colleges,6,uc berkeley,uc berkeley,0,0,0,Q041::6
Part2/outputs/answers_player2_prompt2.csv,answers_player2_prompt2,Q041,U,U.S. colleges,7,uc berkeley,uc berkeley,0,0,0,Q041::7
Part2/outputs/answers_player2_prompt2.csv,answers_player2_prompt2,Q041,U,U.S. colleges,8,university of colorado Boulder,university of colorado boulder,1,0,1,Q041::8
Part2/outputs/answers_player2_prompt2.csv,answers_player2_prompt2,Q041,U,U.S. colleges,9,university of colorado,university of colorado,1,0,1,Q041::9
Part2/outputs/answers_player2_prompt2.csv,answers_player2_prompt2,Q041,U,U.S. colleges,10,stanford university,stanford university,0,0,0,Q041::10
Part2/outputs/answers_player2_prompt2.csv,answers_player2_prompt2,Q041,U,U.S. colleges,11,uc berkeley,uc berkeley,0,0,0,Q041::11
Part2/outputs/answers_player2_prompt2.csv,answers_player2_prompt2,Q041,U,U.S. colleges,12,uc berkeley,uc berkeley,0,0,0,Q041::12
Part2/outputs/answers_player2_prompt2.csv,answers_player2_prompt2,Q041,U,U.S. colleges,13,uc berkeley,uc berkeley,0,0,0,Q041::13
Part2/outputs/answers_player2_prompt2.csv,answers_player2_prompt2,Q041,U,U.S. colleges,14,university of colorado,university of colorado,1,0,1,Q041::14
Part2/outputs/answers_player2_prompt2.csv,answers_player2_prompt2,Q041,U,U.S. colleges,15,uc berkeley,uc berkeley,0,0,0,Q041::15
Part2/outputs/answers_player2_prompt2.csv,answers_player2_prompt2,Q041,U,U.S. colleges,16,ucmeredeiselizabeth,ucmeredeiselizabeth,0,0,0,Q041::16
Part2/outputs/answers_player2_prompt2.csv,answers_player2_prompt2,Q041,U,U.S. colleges,17,uc berkeley,uc berkeley,0,0,0,Q041::17
Part2/outputs/answers_player2_prompt2.csv,answers_player2_prompt2,Q041,U,U.S. colleges,18,uc berkeley,uc berkeley,0,0,0,Q041::18
Part2/outputs/answers_player2_prompt2.csv,answers_player2_prompt2,Q041,U,U.S. colleges,19,uc berkeley,uc berkeley,0,0,0,Q041::19
Part2/outputs/answers_player2_prompt2.csv,answers_player2_prompt2,Q042,U,Things in a garage,0,utility pole,utility pole,0,0,0,Q042::0
Part2/outputs/answers_player2_prompt2.csv,answers_player2_prompt2,Q042,U,Things in a garage,1,vacuum cleaner,vacuum cleaner,1,0,1,Q042::1
Part2/outputs/answers_player2_prompt2.csv,answers_player2_prompt2,Q042,U,Things in a garage,2,unicycle,unicycle,1,0,1,Q042::2
Part2/outputs/answers_player2_prompt2.csv,answers_player2_prompt2,Q042,U,Things in a garage,3,roller coaster,roller coaster,0,0,0,Q042::3
Part2/outputs/answers_player2_prompt2.csv,answers_player2_prompt2,Q042,U,Things in a garage,4,tool box,tool box,0,0,0,Q042::4
Part2/outputs/answers_player2_prompt2.csv,answers_player2_prompt2,Q042,U,Things in a garage,5,tool box,tool box,0,0,0,Q042::5
Part2/outputs/answers_player2_prompt2.csv,answers_player2_prompt2,Q042,U,Things in a garage,6,ski,ski,0,0,0,Q042::6
Part2/outputs/answers_player2_prompt2.csv,answers_player2_prompt2,Q042,U,Things in a garage,7,utility pole,utility pole,0,0,0,Q042::7
Part2/outputs/answers_player2_prompt2.csv,answers_player2_prompt2,Q042,U,Things in a garage,8,umbrella,umbrella,0,0,0,Q042::8
Part2/outputs/answers_player2_prompt2.csv,answers_player2_prompt2,Q042,U,Things in a garage,9,garage door opener,garage door opener,1,0,1,Q042::9
Part2/outputs/answers_player2_prompt2.csv,answers_player2_prompt2,Q042,U,Things in a garage,10,utility pole,utility pole,0,0,0,Q042::10
Part2/outputs/answers_player2_prompt2.csv,answers_player2_prompt2,Q042,U,Things in a garage,11,tool box,tool box,0,0,0,Q042::11
Part2/outputs/answers_player2_prompt2.csv,answers_player2_prompt2,Q042,U,Things in a garage,12,utility pole,utility pole,0,0,0,Q042::12
Part2/outputs/answers_player2_prompt2.csv,answers_player2_prompt2,Q042,U,Things in a garage,13,tool box,tool box,0,0,0,Q042::13
Part2/outputs/answers_player2_prompt2.csv,answers_player2_prompt2,Q042,U,Things in a garage,14,tool box,tool box,0,0,0,Q042::14
Part2/outputs/answers_player2_prompt2.csv,answers_player2_prompt2,Q042,U,Things in a garage,15,tool box,tool box,0,0,0,Q042::15
Part2/outputs/answers_player2_prompt2.csv,answers_player2_prompt2,Q042,U,Things in a garage,16,vacuum cleaner,vacuum cleaner,1,0,1,Q042::16
Part2/outputs/answers_player2_prompt2.csv,answers_player2_prompt2,Q042,U,Things in a garage,17,tool belt,tool belt,0,0,0,Q042::17
Part2/outputs/answers_player2_prompt2.csv,answers_player2_prompt2,Q042,U,Things in a garage,18,snow blower,snow blower,1,0,1,Q042::18
Part2/outputs/answers_player2_prompt2.csv,answers_player2_prompt2,Q042,U,Things in a garage,19,snow shovel,snow shovel,0,0,0,Q042::19
Part2/outputs/answers_player2_prompt2.csv,answers_player2_prompt2,Q043,V,Jobs,0,vineyard manager,vineyard manager,1,0,1,Q043::0
Part2/outputs/answers_player2_prompt2.csv,answers_player2_prompt2,Q043,V,Jobs,1,video editor,video editor,1,0,1,Q043::1
Part2/outputs/answers_player2_prompt2.csv,answers_player2_prompt2,Q043,V,Jobs,2,valet parking,valet parking,0,0,0,Q043::2
Part2/outputs/answers_player2_prompt2.csv,answers_player2_prompt2,Q043,V,Jobs,3,valet parking,valet parking,0,0,0,Q043::3
Part2/outputs/answers_player2_prompt2.csv,answers_player2_prompt2,Q043,V,Jobs,4,valet parking,valet parking,0,0,0,Q043::4
Part2/outputs/answers_player2_prompt2.csv,answers_player2_prompt2,Q043,V,Jobs,5,valet parking,valet parking,0,0,0,Q043::5
Part2/outputs/answers_player2_prompt2.csv,answers_player2_prompt2,Q043,V,Jobs,6,veterinarian,veterinarian,1,1,0,Q043::6
Part2/outputs/answers_player2_prompt2.csv,answers_player2_prompt2,Q043,V,Jobs,7,videographer,videographer,1,0,1,Q043::7
Part2/outputs/answers_player2_prompt2.csv,answers_player2_prompt2,Q043,V,Jobs,8,valet parking,valet parking,0,0,0,Q043::8
Part2/outputs/answers_player2_prompt2.csv,answers_player2_prompt2,Q043,V,Jobs,9,valet parking,valet parking,0,0,0,Q043::9
Part2/outputs/answers_player2_prompt2.csv,answers_player2_prompt2,Q043,V,Jobs,10,vineyard manager,vineyard manager,1,1,0,Q043::10
Part2/outputs/answers_player2_prompt2.csv,answers_player2_prompt2,Q043,V,Jobs,11,videographer,videographer,1,0,1,Q043::11
Part2/outputs/answers_player2_prompt2.csv,answers_player2_prompt2,Q043,V,Jobs,12,vice versa consultant,vice versa consultant,0,0,0,Q043::12
Part2/outputs/answers_player2_prompt2.csv,answers_player2_prompt2,Q043,V,Jobs,13,videographer,videographer,1,0,1,Q043::13
Part2/outputs/answers_player2_prompt2.csv,answers_player2_prompt2,Q043,V,Jobs,14,valet parking,valet parking,0,0,0,Q043::14
Part2/outputs/answers_player2_prompt2.csv,answers_player2_prompt2,Q043,V,Jobs,15,video editor,video editor,1,0,1,Q043::15
Part2/outputs/answers_player2_prompt2.csv,answers_player2_prompt2,Q043,V,Jobs,16,valet parking,valet parking,0,0,0,Q043::16
Part2/outputs/answers_player2_prompt2.csv,answers_player2_prompt2,Q043,V,Jobs,17,valet parking,valet parking,0,0,0,Q043::17
Part2/outputs/answers_player2_prompt2.csv,answers_player2_prompt2,Q043,V,Jobs,18,valet parking,valet parking,0,0,0,Q043::18
Part2/outputs/answers_player2_prompt2.csv,answers_player2_prompt2,Q043,V,Jobs,19,valet parking,valet parking,0,0,0,Q043::19
Part2/outputs/answers_player2_prompt2.csv,answers_player2_prompt2,Q044,V,Things you wear,0,sneakers,sneakers,0,0,0,Q044::0
Part2/outputs/answers_player2_prompt2.csv,answers_player2_prompt2,Q044,V,Things you wear,1,vest,vest,1,1,0,Q044::1
Part2/outputs/answers_player2_prompt2.csv,answers_player2_prompt2,Q044,V,Things you wear,2,vest,vest,1,1,0,Q044::2
Part2/outputs/answers_player2_prompt2.csv,answers_player2_prompt2,Q044,V,Things you wear,3,necklace,necklace,0,0,0,Q044::3
Part2/outputs/answers_player2_prompt2.csv,answers_player2_prompt2,Q044,V,Things you wear,4,necklace,necklace,0,0,0,Q044::4
Part2/outputs/answers_player2_prompt2.csv,answers_player2_prompt2,Q044,V,Things you wear,5,necklace,necklace,0,0,0,Q044::5
Part2/outputs/answers_player2_prompt2.csv,answers_player2_prompt2,Q044,V,Things you wear,6,sunglasses,sunglasses,0,0,0,Q044::6
Part2/outputs/answers_player2_prompt2.csv,answers_player2_prompt2,Q044,V,Things you wear,7,vest,vest,1,0,1,Q044::7
Part2/outputs/answers_player2_prompt2.csv,answers_player2_prompt2,Q044,V,Things you wear,8,sunglasses,sunglasses,0,0,0,Q044::8
Part2/outputs/answers_player2_prompt2.csv,answers_player2_prompt2,Q044,V,Things you wear,9,necklace,necklace,0,0,0,Q044::9
Part2/outputs/answers_player2_prompt2.csv,answers_player2_prompt2,Q044,V,Things you wear,10,vest,vest,1,1,0,Q044::10
Part2/outputs/answers_player2_prompt2.csv,answers_player2_prompt2,Q044,V,Things you wear,11,vest,vest,1,0,1,Q044::11
Part2/outputs/answers_player2_prompt2.csv,answers_player2_prompt2,Q044,V,Things you wear,12,socks,socks,0,0,0,Q044::12
Part2/outputs/answers_player2_prompt2.csv,answers_player2_prompt2,Q044,V,Things you wear,13,sneakers,sneakers,0,0,0,Q044::13
Part2/outputs/answers_player2_prompt2.csv,answers_player2_prompt2,Q044,V,Things you wear,14,sunglasses,sunglasses,0,0,0,Q044::14
Part2/outputs/answers_player2_prompt2.csv,answers_player2_prompt2,Q044,V,Things you wear,15,vest,vest,1,0,1,Q044::15
Part2/outputs/answers_player2_prompt2.csv,answers_player2_prompt2,Q044,V,Things you wear,16,sunglasses,sunglasses,0,0,0,Q044::16
Part2/outputs/answers_player2_prompt2.csv,answers_player2_prompt2,Q044,V,Things you wear,17,vest,vest,1,0,1,Q044::17
Part2/outputs/answers_player2_prompt2.csv,answers_player2_prompt2,Q044,V,Things you wear,18,v-neck sweater,v-neck sweater,1,0,1,Q044::18
Part2/outputs/answers_player2_prompt2.csv,answers_player2_prompt2,Q044,V,Things you wear,19,vest,vest,1,0,1,Q044::19
Part2/outputs/answers_player2_prompt2.csv,answers_player2_prompt2,Q045,W,Cities,0,warsaw,warsaw,1,1,0,Q045::0
Part2/outputs/answers_player2_prompt2.csv,answers_player2_prompt2,Q045,W,Cities,1,warsaw,warsaw,1,1,0,Q045::1
Part2/outputs/answers_player2_prompt2.csv,answers_player2_prompt2,Q045,W,Cities,2,washington d.c.,washington d.c,0,0,0,Q045::2
Part2/outputs/answers_player2_prompt2.csv,answers_player2_prompt2,Q045,W,Cities,3,winnipeg,winnipeg,1,0,1,Q045::3
Part2/outputs/answers_player2_prompt2.csv,answers_player2_prompt2,Q045,W,Cities,4,waco,waco,1,0,1,Q045::4
Part2/outputs/answers_player2_prompt2.csv,answers_player2_prompt2,Q045,W,Cities,5,warsaw,warsaw,1,0,1,Q045::5
Part2/outputs/answers_player2_prompt2.csv,answers_player2_prompt2,Q045,W,Cities,6,winnipeg,winnipeg,1,0,1,Q045::6
Part2/outputs/answers_player2_prompt2.csv,answers_player2_prompt2,Q045,W,Cities,7,winnipeg,winnipeg,1,0,1,Q045::7
Part2/outputs/answers_player2_prompt2.csv,answers_player2_prompt2,Q045,W,Cities,8,warsaw,warsaw,1,0,1,Q045::8
Part2/outputs/answers_player2_prompt2.csv,answers_player2_prompt2,Q045,W,Cities,9,wollongong,wollongong,1,0,1,Q045::9
Part2/outputs/answers_player2_prompt2.csv,answers_player2_prompt2,Q045,W,Cities,10,winona,winona,1,0,1,Q045::10
Part2/outputs/answers_player2_prompt2.csv,answers_player2_prompt2,Q045,W,Cities,11,warsaw,warsaw,1,1,0,Q045::11
Part2/outputs/answers_player2_prompt2.csv,answers_player2_prompt2,Q045,W,Cities,12,wollongong,wollongong,1,0,1,Q045::12
Part2/outputs/answers_player2_prompt2.csv,answers_player2_prompt2,Q045,W,Cities,13,warsaw,warsaw,1,0,1,Q045::13
Part2/outputs/answers_player2_prompt2.csv,answers_player2_prompt2,Q045,W,Cities,14,worcester,worcester,1,0,1,Q045::14
Part2/outputs/answers_player2_prompt2.csv,answers_player2_prompt2,Q045,W,Cities,15,worcester,worcester,1,0,1,Q045::15
Part2/outputs/answers_player2_prompt2.csv,answers_player2_prompt2,Q045,W,Cities,16,windsor,windsor,1,0,1,Q045::16
Part2/outputs/answers_player2_prompt2.csv,answers_player2_prompt2,Q045,W,Cities,17,warsaw,warsaw,1,0,1,Q045::17
Part2/outputs/answers_player2_prompt2.csv,answers_player2_prompt2,Q045,W,Cities,18,wuhan,wuhan,1,0,1,Q045::18
Part2/outputs/answers_player2_prompt2.csv,answers_player2_prompt2,Q045,W,Cities,19,warsaw,warsaw,1,1,0,Q045::19
Part2/outputs/answers_player2_prompt2.csv,answers_player2_prompt2,Q046,W,Things in a park,0,willow,willow,1,1,0,Q046::0
Part2/outputs/answers_player2_prompt2.csv,answers_player2_prompt2,Q046,W,Things in a park,1,willow,willow,1,1,0,Q046::1
Part2/outputs/answers_player2_prompt2.csv,answers_player2_prompt2,Q046,W,Things in a park,2,willow,willow,1,1,0,Q046::2
Part2/outputs/answers_player2_prompt2.csv,answers_player2_prompt2,Q046,W,Things in a park,3,swing set,swing set,1,0,1,Q046::3
Part2/outputs/answers_player2_prompt2.csv,answers_player2_prompt2,Q046,W,Things in a park,4,willow,willow,1,1,0,Q046::4
Part2/outputs/answers_player2_prompt2.csv,answers_player2_prompt2,Q046,W,Things in a park,5,willow,willow,1,1,0,Q046::5
Part2/outputs/answers_player2_prompt2.csv,answers_player2_prompt2,Q046,W,Things in a park,6,willow,willow,1,0,1,Q046::6
Part2/outputs/answers_player2_prompt2.csv,answers_player2_prompt2,Q046,W,Things in a park,7,wristbands,wristbands,1,0,1,Q046::7
Part2/outputs/answers_player2_prompt2.csv,answers_player2_prompt2,Q046,W,Things in a park,8,willow,willow,1,1,0,Q046::8
Part2/outputs/answers_player2_prompt2.csv,answers_player2_prompt2,Q046,W,Things in a park,9,wifi,wifi,0,0,0,Q046::9
Part2/outputs/answers_player2_prompt2.csv,answers_player2_prompt2,Q046,W,Things in a park,10,willow tree,willow tree,1,0,1,Q046::10
Part2/outputs/answers_player2_prompt2.csv,answers_player2_prompt2,Q046,W,Things in a park,11,wiggle ropes,wiggle ropes,0,0,0,Q046::11
Part2/outputs/answers_player2_prompt2.csv,answers_player2_prompt2,Q046,W,Things in a park,12,wristband,wristband,0,0,0,Q046::12
Part2/outputs/answers_player2_prompt2.csv,answers_player2_prompt2,Q046,W,Things in a park,13,willow,willow,1,1,0,Q046::13
Part2/outputs/answers_player2_prompt2.csv,answers_player2_prompt2,Q046,W,Things in a park,14,willow,willow,1,0,1,Q046::14
Part2/outputs/answers_player2_prompt2.csv,answers_player2_prompt2,Q046,W,Things in a park,15,willow,willow,1,1,0,Q046::15
Part2/outputs/answers_player2_prompt2.csv,answers_player2_prompt2,Q046,W,Things in a park,16,swings,swings,1,0,1,Q046::16
Part2/outputs/answers_player2_prompt2.csv,answers_player2_prompt2,Q046,W,Things in a park,17,willow,willow,1,1,0,Q046::17
Part2/outputs/answers_player2_prompt2.csv,answers_player2_prompt2,Q046,W,Things in a park,18,swing set,swing set,1,0,1,Q046::18
Part2/outputs/answers_player2_prompt2.csv,answers_player2_prompt2,Q046,W,Things in a park,19,willow,willow,1,1,0,Q046::19
Part2/outputs/answers_player2_prompt2.csv,answers_player2_prompt2,Q047,X,Brands,0,xaomi,xaomi,0,0,0,Q047::0
Part2/outputs/answers_player2_prompt2.csv,answers_player2_prompt2,Q047,X,Brands,1,xerox,xerox,1,0,1,Q047::1
Part2/outputs/answers_player2_prompt2.csv,answers_player2_prompt2,Q047,X,Brands,2,xerox,xerox,1,0,1,Q047::2
Part2/outputs/answers_player2_prompt2.csv,answers_player2_prompt2,Q047,X,Brands,3,xiaomi,xiaomi,1,1,0,Q047::3
Part2/outputs/answers_player2_prompt2.csv,answers_player2_prompt2,Q047,X,Brands,4,xbox,xbox,1,1,0,Q047::4
Part2/outputs/answers_player2_prompt2.csv,answers_player2_prompt2,Q047,X,Brands,5,starbucks,starbucks,0,0,0,Q047::5
Part2/outputs/answers_player2_prompt2.csv,answers_player2_prompt2,Q047,X,Brands,6,xbox,xbox,1,0,1,Q047::6
Part2/outputs/answers_player2_prompt2.csv,answers_player2_prompt2,Q047,X,Brands,7,xiaomi,xiaomi,1,1,0,Q047::7
Part2/outputs/answers_player2_prompt2.csv,answers_player2_prompt2,Q047,X,Brands,8,starbucks,starbucks,0,0,0,Q047::8
Part2/outputs/answers_player2_prompt2.csv,answers_player2_prompt2,Q047,X,Brands,9,xbox,xbox,1,0,1,Q047::9
Part2/outputs/answers_player2_prompt2.csv,answers_player2_prompt2,Q047,X,Brands,10,xbox,xbox,1,0,1,Q047::10
Part2/outputs/answers_player2_prompt2.csv,answers_player2_prompt2,Q047,X,Brands,11,xiaomi,xiaomi,1,0,1,Q047::11
Part2/outputs/answers_player2_prompt2.csv,answers_player2_prompt2,Q047,X,Brands,12,xerox,xerox,1,1,0,Q047::12
Part2/outputs/answers_player2_prompt2.csv,answers_player2_prompt2,Q047,X,Brands,13,xiaomi,xiaomi,1,0,1,Q047::13
Part2/outputs/answers_player2_prompt2.csv,answers_player2_prompt2,Q047,X,Brands,14,max factor,max factor,0,0,0,Q047::14
Part2/outputs/answers_player2_prompt2.csv,answers_player2_prompt2,Q047,X,Brands,15,xiaomi,xiaomi,1,1,0,Q047::15
Part2/outputs/answers_player2_prompt2.csv,answers_player2_prompt2,Q047,X,Brands,16,xiaomi,xiaomi,1,0,1,Q047::16
Part2/outputs/answers_player2_prompt2.csv,answers_player2_prompt2,Q047,X,Brands,17,xbox,xbox,1,0,1,Q047::17
Part2/outputs/answers_player2_prompt2.csv,answers_player2_prompt2,Q047,X,Brands,18,xiaomi,xiaomi,1,0,1,Q047::18
Part2/outputs/answers_player2_prompt2.csv,answers_player2_prompt2,Q047,X,Brands,19,xiaomi,xiaomi,1,0,1,Q047::19
Part2/outputs/answers_player2_prompt2.csv,answers_player2_prompt2,Q048,X,Words in English,0,xbox,xbox,1,0,1,Q048::0
Part2/outputs/answers_player2_prompt2.csv,answers_player2_prompt2,Q048,X,Words in English,1,xbox,xbox,1,0,1,Q048::1
Part2/outputs/answers_player2_prompt2.csv,answers_player2_prompt2,Q048,X,Words in English,2,xray,xray,1,0,1,Q048::2
Part2/outputs/answers_player2_prompt2.csv,answers_player2_prompt2,Q048,X,Words in English,3,xmas,xmas,1,0,1,Q048::3
Part2/outputs/answers_player2_prompt2.csv,answers_player2_prompt2,Q048,X,Words in English,4,xbox,xbox,1,0,1,Q048::4
Part2/outputs/answers_player2_prompt2.csv,answers_player2_prompt2,Q048,X,Words in English,5,xerox,xerox,1,1,0,Q048::5
Part2/outputs/answers_player2_prompt2.csv,answers_player2_prompt2,Q048,X,Words in English,6,xerox,xerox,1,1,0,Q048::6
Part2/outputs/answers_player2_prompt2.csv,answers_player2_prompt2,Q048,X,Words in English,7,xerox,xerox,1,0,1,Q048::7
Part2/outputs/answers_player2_prompt2.csv,answers_player2_prompt2,Q048,X,Words in English,8,xbox,xbox,1,1,0,Q048::8
Part2/outputs/answers_player2_prompt2.csv,answers_player2_prompt2,Q048,X,Words in English,9,xray,xray,1,1,0,Q048::9
Part2/outputs/answers_player2_prompt2.csv,answers_player2_prompt2,Q048,X,Words in English,10,xray,xray,1,0,1,Q048::10
Part2/outputs/answers_player2_prompt2.csv,answers_player2_prompt2,Q048,X,Words in English,11,xerox,xerox,1,0,1,Q048::11
Part2/outputs/answers_player2_prompt2.csv,answers_player2_prompt2,Q048,X,Words in English,12,xbox,xbox,1,1,0,Q048::12
Part2/outputs/answers_player2_prompt2.csv,answers_player2_prompt2,Q048,X,Words in English,13,xerox,xerox,1,1,0,Q048::13
Part2/outputs/answers_player2_prompt2.csv,answers_player2_prompt2,Q048,X,Words in English,14,xmas party,xmas party,0,0,0,Q048::14
Part2/outputs/answers_player2_prompt2.csv,answers_player2_prompt2,Q048,X,Words in English,15,xbox,xbox,1,0,1,Q048::15
Part2/outputs/answers_player2_prompt2.csv,answers_player2_prompt2,Q048,X,Words in English,16,xbox,xbox,1,1,0,Q048::16
Part2/outputs/answers_player2_prompt2.csv,answers_player2_prompt2,Q048,X,Words in English,17,xbox,xbox,1,1,0,Q048::17
Part2/outputs/answers_player2_prompt2.csv,answers_player2_prompt2,Q048,X,Words in English,18,xbox,xbox,1,0,1,Q048::18
Part2/outputs/answers_player2_prompt2.csv,answers_player2_prompt2,Q048,X,Words in English,19,xray,xray,1,0,1,Q048::19
Part2/outputs/answers_player2_prompt2.csv,answers_player2_prompt2,Q049,Y,Foods,0,yogurt,yogurt,1,1,0,Q049::0
Part2/outputs/answers_player2_prompt2.csv,answers_player2_prompt2,Q049,Y,Foods,1,yogurt,yogurt,1,1,0,Q049::1
Part2/outputs/answers_player2_prompt2.csv,answers_player2_prompt2,Q049,Y,Foods,2,yogurt,yogurt,1,1,0,Q049::2
Part2/outputs/answers_player2_prompt2.csv,answers_player2_prompt2,Q049,Y,Foods,3,yogurt,yogurt,1,1,0,Q049::3
Part2/outputs/answers_player2_prompt2.csv,answers_player2_prompt2,Q049,Y,Foods,4,yogurt,yogurt,1,1,0,Q049::4
Part2/outputs/answers_player2_prompt2.csv,answers_player2_prompt2,Q049,Y,Foods,5,yogurt,yogurt,1,1,0,Q049::5
Part2/outputs/answers_player2_prompt2.csv,answers_player2_prompt2,Q049,Y,Foods,6,yogurt,yogurt,1,1,0,Q049::6
Part2/outputs/answers_player2_prompt2.csv,answers_player2_prompt2,Q049,Y,Foods,7,yogurt,yogurt,1,0,1,Q049::7
Part2/outputs/answers_player2_prompt2.csv,answers_player2_prompt2,Q049,Y,Foods,8,yogurt,yogurt,1,1,0,Q049::8
Part2/outputs/answers_player2_prompt2.csv,answers_player2_prompt2,Q049,Y,Foods,9,yogurt,yogurt,1,1,0,Q049::9
Part2/outputs/answers_player2_prompt2.csv,answers_player2_prompt2,Q049,Y,Foods,10,yogurt,yogurt,1,1,0,Q049::10
Part2/outputs/answers_player2_prompt2.csv,answers_player2_prompt2,Q049,Y,Foods,11,yogurt,yogurt,1,1,0,Q049::11
Part2/outputs/answers_player2_prompt2.csv,answers_player2_prompt2,Q049,Y,Foods,12,yogurt,yogurt,1,1,0,Q049::12
Part2/outputs/answers_player2_prompt2.csv,answers_player2_prompt2,Q049,Y,Foods,13,yogurt,yogurt,1,1,0,Q049::13
Part2/outputs/answers_player2_prompt2.csv,answers_player2_prompt2,Q049,Y,Foods,14,yogurt,yogurt,1,1,0,Q049::14
Part2/outputs/answers_player2_prompt2.csv,answers_player2_prompt2,Q049,Y,Foods,15,yogurt,yogurt,1,1,0,Q049::15
Part2/outputs/answers_player2_prompt2.csv,answers_player2_prompt2,Q049,Y,Foods,16,yogurt,yogurt,1,1,0,Q049::16
Part2/outputs/answers_player2_prompt2.csv,answers_player2_prompt2,Q049,Y,Foods,17,yogurt,yogurt,1,1,0,Q049::17
Part2/outputs/answers_player2_prompt2.csv,answers_player2_prompt2,Q049,Y,Foods,18,yogurt,yogurt,1,1,0,Q049::18
Part2/outputs/answers_player2_prompt2.csv,answers_player2_prompt2,Q049,Y,Foods,19,yogurt,yogurt,1,1,0,Q049::19
Part2/outputs/answers_player2_prompt2.csv,answers_player2_prompt2,Q050,Y,Things at a party,0,champagne,champagne,0,0,0,Q050::0
Part2/outputs/answers_player2_prompt2.csv,answers_player2_prompt2,Q050,Y,Things at a party,1,yummy snack,yummy snack,1,0,1,Q050::1
Part2/outputs/answers_player2_prompt2.csv,answers_player2_prompt2,Q050,Y,Things at a party,2,yacht,yacht,0,0,0,Q050::2
Part2/outputs/answers_player2_prompt2.csv,answers_player2_prompt2,Q050,Y,Things at a party,3,yacht party,yacht party,0,0,0,Q050::3
Part2/outputs/answers_player2_prompt2.csv,answers_player2_prompt2,Q050,Y,Things at a party,4,yacht party,yacht party,0,0,0,Q050::4
Part2/outputs/answers_player2_prompt2.csv,answers_player2_prompt2,Q050,Y,Things at a party,5,popcorn,popcorn,0,0,0,Q050::5
Part2/outputs/answers_player2_prompt2.csv,answers_player2_prompt2,Q050,Y,Things at a party,6,yacht party,yacht party,0,0,0,Q050::6
Part2/outputs/answers_player2_prompt2.csv,answers_player2_prompt2,Q050,Y,Things at a party,7,yacht party,yacht party,0,0,0,Q050::7
Part2/outputs/answers_player2_prompt2.csv,answers_player2_prompt2,Q050,Y,Things at a party,8,confetti,confetti,0,0,0,Q050::8
Part2/outputs/answers_player2_prompt2.csv,answers_player2_prompt2,Q050,Y,Things at a party,9,photo booth,photo booth,0,0,0,Q050::9
Part2/outputs/answers_player2_prompt2.csv,answers_player2_prompt2,Q050,Y,Things at a party,10,yummy snack,yummy snack,1,0,1,Q050::10
Part2/outputs/answers_player2_prompt2.csv,answers_player2_prompt2,Q050,Y,Things at a party,11,yacht party,yacht party,0,0,0,Q050::11
Part2/outputs/answers_player2_prompt2.csv,answers_player2_prompt2,Q050,Y,Things at a party,12,disco ball,disco ball,0,0,0,Q050::12
Part2/outputs/answers_player2_prompt2.csv,answers_player2_prompt2,Q050,Y,Things at a party,13,yacht party,yacht party,0,0,0,Q050::13
Part2/outputs/answers_player2_prompt2.csv,answers_player2_prompt2,Q050,Y,Things at a party,14,yacht party,yacht party,0,0,0,Q050::14
Part2/outputs/answers_player2_prompt2.csv,answers_player2_prompt2,Q050,Y,Things at a party,15,dance floor,dance floor,0,0,0,Q050::15
Part2/outputs/answers_player2_prompt2.csv,answers_player2_prompt2,Q050,Y,Things at a party,16,yacht party,yacht party,0,0,0,Q050::16
Part2/outputs/answers_player2_prompt2.csv,answers_player2_prompt2,Q050,Y,Things at a party,17,yacht,yacht,0,0,0,Q050::17
Part2/outputs/answers_player2_prompt2.csv,answers_player2_prompt2,Q050,Y,Things at a party,18,birthday hats,birthday hats,0,0,0,Q050::18
Part2/outputs/answers_player2_prompt2.csv,answers_player2_prompt2,Q050,Y,Things at a party,19,yacht party,yacht party,0,0,0,Q050::19
Part2/outputs/answers_player2_prompt2.csv,answers_player2_prompt2,Q051,Z,Animals,0,zebra,zebra,1,1,0,Q051::0
Part2/outputs/answers_player2_prompt2.csv,answers_player2_prompt2,Q051,Z,Animals,1,zebra,zebra,1,1,0,Q051::1
Part2/outputs/answers_player2_prompt2.csv,answers_player2_prompt2,Q051,Z,Animals,2,zoo keeper,zoo keeper,0,0,0,Q051::2
Part2/outputs/answers_player2_prompt2.csv,answers_player2_prompt2,Q051,Z,Animals,3,zebra,zebra,1,1,0,Q051::3
Part2/outputs/answers_player2_prompt2.csv,answers_player2_prompt2,Q051,Z,Animals,4,zorse,zorse,1,0,1,Q051::4
Part2/outputs/answers_player2_prompt2.csv,answers_player2_prompt2,Q051,Z,Animals,5,zebra,zebra,1,1,0,Q051::5
Part2/outputs/answers_player2_prompt2.csv,answers_player2_prompt2,Q051,Z,Animals,6,zebra,zebra,1,1,0,Q051::6
Part2/outputs/answers_player2_prompt2.csv,answers_player2_prompt2,Q051,Z,Animals,7,zebra,zebra,1,1,0,Q051::7
Part2/outputs/answers_player2_prompt2.csv,answers_player2_prompt2,Q051,Z,Animals,8,zebra,zebra,1,1,0,Q051::8
Part2/outputs/answers_player2_prompt2.csv,answers_player2_prompt2,Q051,Z,Animals,9,zebra,zebra,1,1,0,Q051::9
Part2/outputs/answers_player2_prompt2.csv,answers_player2_prompt2,Q051,Z,Animals,10,zebra,zebra,1,1,0,Q051::10
Part2/outputs/answers_player2_prompt2.csv,answers_player2_prompt2,Q051,Z,Animals,11,zebra,zebra,1,0,1,Q051::11
Part2/outputs/answers_player2_prompt2.csv,answers_player2_prompt2,Q051,Z,Animals,12,zorse,zorse,1,0,1,Q051::12
Part2/outputs/answers_player2_prompt2.csv,answers_player2_prompt2,Q051,Z,Animals,13,zebra,zebra,1,0,1,Q051::13
Part2/outputs/answers_player2_prompt2.csv,answers_player2_prompt2,Q051,Z,Animals,14,zoo snake,zoo snake,0,0,0,Q051::14
Part2/outputs/answers_player2_prompt2.csv,answers_player2_prompt2,Q051,Z,Animals,15,zebra,zebra,1,0,1,Q051::15
Part2/outputs/answers_player2_prompt2.csv,answers_player2_prompt2,Q051,Z,Animals,16,zebra,zebra,1,1,0,Q051::16
Part2/outputs/answers_player2_prompt2.csv,answers_player2_prompt2,Q051,Z,Animals,17,zebra,zebra,1,0,1,Q051::17
Part2/outputs/answers_player2_prompt2.csv,answers_player2_prompt2,Q051,Z,Animals,18,zebra,zebra,1,1,0,Q051::18
Part2/outputs/answers_player2_prompt2.csv,answers_player2_prompt2,Q051,Z,Animals,19,zebra,zebra,1,0,1,Q051::19
Part2/outputs/answers_player2_prompt2.csv,answers_player2_prompt2,Q052,Z,Things in a zoo,0,zebra,zebra,1,1,0,Q052::0
Part2/outputs/answers_player2_prompt2.csv,answers_player2_prompt2,Q052,Z,Things in a zoo,1,zebra,zebra,1,1,0,Q052::1
Part2/outputs/answers_player2_prompt2.csv,answers_player2_prompt2,Q052,Z,Things in a zoo,2,zebra,zebra,1,1,0,Q052::2
Part2/outputs/answers_player2_prompt2.csv,answers_player2_prompt2,Q052,Z,Things in a zoo,3,zebra,zebra,1,1,0,Q052::3
Part2/outputs/answers_player2_prompt2.csv,answers_player2_prompt2,Q052,Z,Things in a zoo,4,zebra,zebra,1,1,0,Q052::4
Part2/outputs/answers_player2_prompt2.csv,answers_player2_prompt2,Q052,Z,Things in a zoo,5,zebra,zebra,1,1,0,Q052::5
Part2/outputs/answers_player2_prompt2.csv,answers_player2_prompt2,Q052,Z,Things in a zoo,6,zebra,zebra,1,1,0,Q052::6
Part2/outputs/answers_player2_prompt2.csv,answers_player2_prompt2,Q052,Z,Things in a zoo,7,zebra,zebra,1,1,0,Q052::7
Part2/outputs/answers_player2_prompt2.csv,answers_player2_prompt2,Q052,Z,Things in a zoo,8,zebra,zebra,1,1,0,Q052::8
Part2/outputs/answers_player2_prompt2.csv,answers_player2_prompt2,Q052,Z,Things in a zoo,9,zebra,zebra,1,1,0,Q052::9
Part2/outputs/answers_player2_prompt2.csv,answers_player2_prompt2,Q052,Z,Things in a zoo,10,zebra,zebra,1,1,0,Q052::10
Part2/outputs/answers_player2_prompt2.csv,answers_player2_prompt2,Q052,Z,Things in a zoo,11,zebra,zebra,1,1,0,Q052::11
Part2/outputs/answers_player2_prompt2.csv,answers_player2_prompt2,Q052,Z,Things in a zoo,12,zebra,zebra,1,1,0,Q052::12
Part2/outputs/answers_player2_prompt2.csv,answers_player2_prompt2,Q052,Z,Things in a zoo,13,zebra,zebra,1,1,0,Q052::13
Part2/outputs/answers_player2_prompt2.csv,answers_player2_prompt2,Q052,Z,Things in a zoo,14,zebra,zebra,1,1,0,Q052::14
Part2/outputs/answers_player2_prompt2.csv,answers_player2_prompt2,Q052,Z,Things in a zoo,15,zebra,zebra,1,1,0,Q052::15
Part2/outputs/answers_player2_prompt2.csv,answers_player2_prompt2,Q052,Z,Things in a zoo,16,zebra,zebra,1,1,0,Q052::16
Part2/outputs/answers_player2_prompt2.csv,answers_player2_prompt2,Q052,Z,Things in a zoo,17,zebra,zebra,1,1,0,Q052::17
Part2/outputs/answers_player2_prompt2.csv,answers_player2_prompt2,Q052,Z,Things in a zoo,18,zebra enclosure,zebra enclosure,0,0,0,Q052::18
Part2/outputs/answers_player2_prompt2.csv,answers_player2_prompt2,Q052,Z,Things in a zoo,19,zebra,zebra,1,1,0,Q052::19
Part2/outputs/answers_player2_prompt2.csv,answers_player2_prompt2,Q053,A,Things in a kitchen,0,pancake,pancake,0,0,0,Q053::0
Part2/outputs/answers_player2_prompt2.csv,answers_player2_prompt2,Q053,A,Things in a kitchen,1,pancake mix,pancake mix,0,0,0,Q053::1
Part2/outputs/answers_player2_prompt2.csv,answers_player2_prompt2,Q053,A,Things in a kitchen,2,microwave oven,microwave oven,0,0,0,Q053::2
Part2/outputs/answers_player2_prompt2.csv,answers_player2_prompt2,Q053,A,Things in a kitchen,3,spatula,spatula,1,0,1,Q053::3
Part2/outputs/answers_player2_prompt2.csv,answers_player2_prompt2,Q053,A,Things in a kitchen,4,toaster,toaster,1,0,1,Q053::4
Part2/outputs/answers_player2_prompt2.csv,answers_player2_prompt2,Q053,A,Things in a kitchen,5,pancake mix,pancake mix,0,0,0,Q053::5
Part2/outputs/answers_player2_prompt2.csv,answers_player2_prompt2,Q053,A,Things in a kitchen,6,pancake,pancake,0,0,0,Q053::6
Part2/outputs/answers_player2_prompt2.csv,answers_player2_prompt2,Q053,A,Things in a kitchen,7,spatula,spatula,1,0,1,Q053::7
Part2/outputs/answers_player2_prompt2.csv,answers_player2_prompt2,Q053,A,Things in a kitchen,8,microwave,microwave,1,0,1,Q053::8
Part2/outputs/answers_player2_prompt2.csv,answers_player2_prompt2,Q053,A,Things in a kitchen,9,pancake mix,pancake mix,0,0,0,Q053::9
Part2/outputs/answers_player2_prompt2.csv,answers_player2_prompt2,Q053,A,Things in a kitchen,10,microwave,microwave,1,0,1,Q053::10
Part2/outputs/answers_player2_prompt2.csv,answers_player2_prompt2,Q053,A,Things in a kitchen,11,pancake,pancake,0,0,0,Q053::11
Part2/outputs/answers_player2_prompt2.csv,answers_player2_prompt2,Q053,A,Things in a kitchen,12,spatula,spatula,1,1,0,Q053::12
Part2/outputs/answers_player2_prompt2.csv,answers_player2_prompt2,Q053,A,Things in a kitchen,13,toaster,toaster,1,0,1,Q053::13
Part2/outputs/answers_player2_prompt2.csv,answers_player2_prompt2,Q053,A,Things in a kitchen,14,pancake mix,pancake mix,0,0,0,Q053::14
Part2/outputs/answers_player2_prompt2.csv,answers_player2_prompt2,Q053,A,Things in a kitchen,15,pancake mix,pancake mix,0,0,0,Q053::15
Part2/outputs/answers_player2_prompt2.csv,answers_player2_prompt2,Q053,A,Things in a kitchen,16,pancake,pancake,0,0,0,Q053::16
Part2/outputs/answers_player2_prompt2.csv,answers_player2_prompt2,Q053,A,Things in a kitchen,17,pancake,pancake,0,0,0,Q053::17
Part2/outputs/answers_player2_prompt2.csv,answers_player2_prompt2,Q053,A,Things in a kitchen,18,pancake mix,pancake mix,0,0,0,Q053::18
Part2/outputs/answers_player2_prompt2.csv,answers_player2_prompt2,Q053,A,Things in a kitchen,19,spatula,spatula,1,0,1,Q053::19
Part2/outputs/answers_player2_prompt2.csv,answers_player2_prompt2,Q054,B,Singers,0,bruno mars,bruno mars,1,0,1,Q054::0
Part2/outputs/answers_player2_prompt2.csv,answers_player2_prompt2,Q054,B,Singers,1,brandy singer,brandy singer,1,0,1,Q054::1
Part2/outputs/answers_player2_prompt2.csv,answers_player2_prompt2,Q054,B,Singers,2,bruno mars,bruno mars,1,0,1,Q054::2
Part2/outputs/answers_player2_prompt2.csv,answers_player2_prompt2,Q054,B,Singers,3,beyoncé,beyonc,0,0,0,Q054::3
Part2/outputs/answers_player2_prompt2.csv,answers_player2_prompt2,Q054,B,Singers,4,bonnie tyler,bonnie tyler,1,0,1,Q054::4
Part2/outputs/answers_player2_prompt2.csv,answers_player2_prompt2,Q054,B,Singers,5,beyoncé,beyonc,0,0,0,Q054::5
Part2/outputs/answers_player2_prompt2.csv,answers_player2_prompt2,Q054,B,Singers,6,brandy singer,brandy singer,1,0,1,Q054::6
Part2/outputs/answers_player2_prompt2.csv,answers_player2_prompt2,Q054,B,Singers,7,brandy nugent,brandy nugent,0,0,0,Q054::7
Part2/outputs/answers_player2_prompt2.csv,answers_player2_prompt2,Q054,B,Singers,8,beyoncé,beyonc,0,0,0,Q054::8
Part2/outputs/answers_player2_prompt2.csv,answers_player2_prompt2,Q054,B,Singers,9,beyoncé,beyonc,0,0,0,Q054::9
Part2/outputs/answers_player2_prompt2.csv,answers_player2_prompt2,Q054,B,Singers,10,beyoncé,beyonc,0,0,0,Q054::10
Part2/outputs/answers_player2_prompt2.csv,answers_player2_prompt2,Q054,B,Singers,11,britney spears,britney spears,1,0,1,Q054::11
Part2/outputs/answers_player2_prompt2.csv,answers_player2_prompt2,Q054,B,Singers,12,backstreet boys,backstreet boys,1,0,1,Q054::12
Part2/outputs/answers_player2_prompt2.csv,answers_player2_prompt2,Q054,B,Singers,13,bon jovi,bon jovi,1,0,1,Q054::13
Part2/outputs/answers_player2_prompt2.csv,answers_player2_prompt2,Q054,B,Singers,14,brandy singer,brandy singer,1,1,0,Q054::14
Part2/outputs/answers_player2_prompt2.csv,answers_player2_prompt2,Q054,B,Singers,15,backstreet boys,backstreet boys,1,0,1,Q054::15
Part2/outputs/answers_player2_prompt2.csv,answers_player2_prompt2,Q054,B,Singers,16,brandy nugent,brandy nugent,0,0,0,Q054::16
Part2/outputs/answers_player2_prompt2.csv,answers_player2_prompt2,Q054,B,Singers,17,backstreet boys,backstreet boys,1,0,1,Q054::17
Part2/outputs/answers_player2_prompt2.csv,answers_player2_prompt2,Q054,B,Singers,18,brandy singer,brandy singer,1,0,1,Q054::18
Part2/outputs/answers_player2_prompt2.csv,answers_player2_prompt2,Q054,B,Singers,19,britney spears,britney spears,1,0,1,Q054::19
Part2/outputs/answers_player2_prompt2.csv,answers_player2_prompt2,Q055,C,Desserts,0,chocolate cake,chocolate cake,1,0,1,Q055::0
Part2/outputs/answers_player2_prompt2.csv,answers_player2_prompt2,Q055,C,Desserts,1,churros,churros,1,1,0,Q055::1
Part2/outputs/answers_player2_prompt2.csv,answers_player2_prompt2,Q055,C,Desserts,2,chocolate cake,chocolate cake,1,1,0,Q055::2
Part2/outputs/answers_player2_prompt2.csv,answers_player2_prompt2,Q055,C,Desserts,3,churros,churros,1,0,1,Q055::3
Part2/outputs/answers_player2_prompt2.csv,answers_player2_prompt2,Q055,C,Desserts,4,chocolate cake,chocolate cake,1,1,0,Q055::4
Part2/outputs/answers_player2_prompt2.csv,answers_player2_prompt2,Q055,C,Desserts,5,churros,churros,1,1,0,Q055::5
Part2/outputs/answers_player2_prompt2.csv,answers_player2_prompt2,Q055,C,Desserts,6,churros,churros,1,0,1,Q055::6
Part2/outputs/answers_player2_prompt2.csv,answers_player2_prompt2,Q055,C,Desserts,7,chocolate cake,chocolate cake,1,1,0,Q055::7
Part2/outputs/answers_player2_prompt2.csv,answers_player2_prompt2,Q055,C,Desserts,8,chocolate cake,chocolate cake,1,0,1,Q055::8
Part2/outputs/answers_player2_prompt2.csv,answers_player2_prompt2,Q055,C,Desserts,9,chocolate cake,chocolate cake,1,1,0,Q055::9
Part2/outputs/answers_player2_prompt2.csv,answers_player2_prompt2,Q055,C,Desserts,10,chocolate cake,chocolate cake,1,0,1,Q055::10
Part2/outputs/answers_player2_prompt2.csv,answers_player2_prompt2,Q055,C,Desserts,11,churros,churros,1,0,1,Q055::11
Part2/outputs/answers_player2_prompt2.csv,answers_player2_prompt2,Q055,C,Desserts,12,churros,churros,1,0,1,Q055::12
Part2/outputs/answers_player2_prompt2.csv,answers_player2_prompt2,Q055,C,Desserts,13,chocolate cake,chocolate cake,1,0,1,Q055::13
Part2/outputs/answers_player2_prompt2.csv,answers_player2_prompt2,Q055,C,Desserts,14,chocolate cake,chocolate cake,1,1,0,Q055::14
Part2/outputs/answers_player2_prompt2.csv,answers_player2_prompt2,Q055,C,Desserts,15,chocolate cake,chocolate cake,1,0,1,Q055::15
Part2/outputs/answers_player2_prompt2.csv,answers_player2_prompt2,Q055,C,Desserts,16,churros,churros,1,0,1,Q055::16
Part2/outputs/answers_player2_prompt2.csv,answers_player2_prompt2,Q055,C,Desserts,17,churros,churros,1,0,1,Q055::17
Part2/outputs/answers_player2_prompt2.csv,answers_player2_prompt2,Q055,C,Desserts,18,churros,churros,1,0,1,Q055::18
Part2/outputs/answers_player2_prompt2.csv,answers_player2_prompt2,Q055,C,Desserts,19,chocolate cake,chocolate cake,1,0,1,Q055::19
Part2/outputs/answers_player2_prompt2.csv,answers_player2_prompt2,Q056,D,Plants,0,daisy,daisy,1,1,0,Q056::0
Part2/outputs/answers_player2_prompt2.csv,answers_player2_prompt2,Q056,D,Plants,1,daisy,daisy,1,1,0,Q056::1
Part2/outputs/answers_player2_prompt2.csv,answers_player2_prompt2,Q056,D,Plants,2,dahlia,dahlia,1,0,1,Q056::2
Part2/outputs/answers_player2_prompt2.csv,answers_player2_prompt2,Q056,D,Plants,3,dahlia,dahlia,1,1,0,Q056::3
Part2/outputs/answers_player2_prompt2.csv,answers_player2_prompt2,Q056,D,Plants,4,daisy,daisy,1,0,1,Q056::4
Part2/outputs/answers_player2_prompt2.csv,answers_player2_prompt2,Q056,D,Plants,5,dahlia,dahlia,1,0,1,Q056::5
Part2/outputs/answers_player2_prompt2.csv,answers_player2_prompt2,Q056,D,Plants,6,daisy,daisy,1,0,1,Q056::6
Part2/outputs/answers_player2_prompt2.csv,answers_player2_prompt2,Q056,D,Plants,7,dahlia,dahlia,1,0,1,Q056::7
Part2/outputs/answers_player2_prompt2.csv,answers_player2_prompt2,Q056,D,Plants,8,orchid,orchid,0,0,0,Q056::8
Part2/outputs/answers_player2_prompt2.csv,answers_player2_prompt2,Q056,D,Plants,9,daisy,daisy,1,0,1,Q056::9
Part2/outputs/answers_player2_prompt2.csv,answers_player2_prompt2,Q056,D,Plants,10,daisy,daisy,1,0,1,Q056::10
Part2/outputs/answers_player2_prompt2.csv,answers_player2_prompt2,Q056,D,Plants,11,dahlia,dahlia,1,1,0,Q056::11
Part2/outputs/answers_player2_prompt2.csv,answers_player2_prompt2,Q056,D,Plants,12,daisy,daisy,1,1,0,Q056::12
Part2/outputs/answers_player2_prompt2.csv,answers_player2_prompt2,Q056,D,Plants,13,daisy,daisy,1,0,1,Q056::13
Part2/outputs/answers_player2_prompt2.csv,answers_player2_prompt2,Q056,D,Plants,14,daisy,daisy,1,0,1,Q056::14
Part2/outputs/answers_player2_prompt2.csv,answers_player2_prompt2,Q056,D,Plants,15,dahlia,dahlia,1,0,1,Q056::15
Part2/outputs/answers_player2_prompt2.csv,answers_player2_prompt2,Q056,D,Plants,16,daisy,daisy,1,0,1,Q056::16
Part2/outputs/answers_player2_prompt2.csv,answers_player2_prompt2,Q056,D,Plants,17,daisy,daisy,1,0,1,Q056::17
Part2/outputs/answers_player2_prompt2.csv,answers_player2_prompt2,Q056,D,Plants,18,daisy,daisy,1,0,1,Q056::18
Part2/outputs/answers_player2_prompt2.csv,answers_player2_prompt2,Q056,D,Plants,19,daisy,daisy,1,0,1,Q056::19
Part2/outputs/answers_player2_prompt2.csv,answers_player2_prompt2,Q057,E,Companies,0,ebay,ebay,1,1,0,Q057::0
Part2/outputs/answers_player2_prompt2.csv,answers_player2_prompt2,Q057,E,Companies,1,ebay,ebay,1,1,0,Q057::1
Part2/outputs/answers_player2_prompt2.csv,answers_player2_prompt2,Q057,E,Companies,2,ebay,ebay,1,1,0,Q057::2
Part2/outputs/answers_player2_prompt2.csv,answers_player2_prompt2,Q057,E,Companies,3,ebay,ebay,1,1,0,Q057::3
Part2/outputs/answers_player2_prompt2.csv,answers_player2_prompt2,Q057,E,Companies,4,economex,economex,0,0,0,Q057::4
Part2/outputs/answers_player2_prompt2.csv,answers_player2_prompt2,Q057,E,Companies,5,ebay,ebay,1,0,1,Q057::5
Part2/outputs/answers_player2_prompt2.csv,answers_player2_prompt2,Q057,E,Companies,6,ebay,ebay,1,1,0,Q057::6
Part2/outputs/answers_player2_prompt2.csv,answers_player2_prompt2,Q057,E,Companies,7,eBay,ebay,1,1,0,Q057::7
Part2/outputs/answers_player2_prompt2.csv,answers_player2_prompt2,Q057,E,Companies,8,ebay,ebay,1,1,0,Q057::8
Part2/outputs/answers_player2_prompt2.csv,answers_player2_prompt2,Q057,E,Companies,9,ebay,ebay,1,1,0,Q057::9
Part2/outputs/answers_player2_prompt2.csv,answers_player2_prompt2,Q057,E,Companies,10,e bay,e bay,1,0,1,Q057::10
Part2/outputs/answers_player2_prompt2.csv,answers_player2_prompt2,Q057,E,Companies,11,ebay,ebay,1,1,0,Q057::11
Part2/outputs/answers_player2_prompt2.csv,answers_player2_prompt2,Q057,E,Companies,12,ebay,ebay,1,1,0,Q057::12
Part2/outputs/answers_player2_prompt2.csv,answers_player2_prompt2,Q057,E,Companies,13,ebay,ebay,1,1,0,Q057::13
Part2/outputs/answers_player2_prompt2.csv,answers_player2_prompt2,Q057,E,Companies,14,ebay,ebay,1,1,0,Q057::14
Part2/outputs/answers_player2_prompt2.csv,answers_player2_prompt2,Q057,E,Companies,15,eBay,ebay,1,1,0,Q057::15
Part2/outputs/answers_player2_prompt2.csv,answers_player2_prompt2,Q057,E,Companies,16,eBay,ebay,1,1,0,Q057::16
Part2/outputs/answers_player2_prompt2.csv,answers_player2_prompt2,Q057,E,Companies,17,ebay,ebay,1,1,0,Q057::17
Part2/outputs/answers_player2_prompt2.csv,answers_player2_prompt2,Q057,E,Companies,18,e-commerce,e-commerce,0,0,0,Q057::18
Part2/outputs/answers_player2_prompt2.csv,answers_player2_prompt2,Q057,E,Companies,19,eastman kobold,eastman kobold,0,0,0,Q057::19
Part2/outputs/answers_player2_prompt2.csv,answers_player2_prompt2,Q058,F,Movie characters,0,fred flintstone,fred flintstone,1,0,1,Q058::0
Part2/outputs/answers_player2_prompt2.csv,answers_player2_prompt2,Q058,F,Movie characters,1,forrest gump,forrest gump,1,0,1,Q058::1
Part2/outputs/answers_player2_prompt2.csv,answers_player2_prompt2,Q058,F,Movie characters,2,fred flintstone,fred flintstone,1,1,0,Q058::2
Part2/outputs/answers_player2_prompt2.csv,answers_player2_prompt2,Q058,F,Movie characters,3,fagin,fagin,1,0,1,Q058::3
Part2/outputs/answers_player2_prompt2.csv,answers_player2_prompt2,Q058,F,Movie characters,4,forrest gump,forrest gump,1,1,0,Q058::4
Part2/outputs/answers_player2_prompt2.csv,answers_player2_prompt2,Q058,F,Movie characters,5,fred flintstone,fred flintstone,1,1,0,Q058::5
Part2/outputs/answers_player2_prompt2.csv,answers_player2_prompt2,Q058,F,Movie characters,6,forrest gump,forrest gump,1,0,1,Q058::6
Part2/outputs/answers_player2_prompt2.csv,answers_player2_prompt2,Q058,F,Movie characters,7,fred flintstone,fred flintstone,1,1,0,Q058::7
Part2/outputs/answers_player2_prompt2.csv,answers_player2_prompt2,Q058,F,Movie characters,8,fred flintstone,fred flintstone,1,0,1,Q058::8
Part2/outputs/answers_player2_prompt2.csv,answers_player2_prompt2,Q058,F,Movie characters,9,fred flintstone,fred flintstone,1,0,1,Q058::9
Part2/outputs/answers_player2_prompt2.csv,answers_player2_prompt2,Q058,F,Movie characters,10,forrest gump,forrest gump,1,0,1,Q058::10
Part2/outputs/answers_player2_prompt2.csv,answers_player2_prompt2,Q058,F,Movie characters,11,frodo baggins,frodo baggins,1,0,1,Q058::11
Part2/outputs/answers_player2_prompt2.csv,answers_player2_prompt2,Q058,F,Movie characters,12,frodo baggins,frodo baggins,1,0,1,Q058::12
Part2/outputs/answers_player2_prompt2.csv,answers_player2_prompt2,Q058,F,Movie characters,13,forrest gump,forrest gump,1,0,1,Q058::13
Part2/outputs/answers_player2_prompt2.csv,answers_player2_prompt2,Q058,F,Movie characters,14,friday,friday,0,0,0,Q058::14
Part2/outputs/answers_player2_prompt2.csv,answers_player2_prompt2,Q058,F,Movie characters,15,forrest gump,forrest gump,1,0,1,Q058::15
Part2/outputs/answers_player2_prompt2.csv,answers_player2_prompt2,Q058,F,Movie characters,16,fred flintstone,fred flintstone,1,1,0,Q058::16
Part2/outputs/answers_player2_prompt2.csv,answers_player2_prompt2,Q058,F,Movie characters,17,frodo baskin,frodo baskin,0,0,0,Q058::17
Part2/outputs/answers_player2_prompt2.csv,answers_player2_prompt2,Q058,F,Movie characters,18,fred flintstone,fred flintstone,1,1,0,Q058::18
Part2/outputs/answers_player2_prompt2.csv,answers_player2_prompt2,Q058,F,Movie characters,19,forrest gump,forrest gump,1,0,1,Q058::19
Part2/outputs/answers_player2_prompt2.csv,answers_player2_prompt2,Q059,G,Things in a toolbox,0,hammer,hammer,1,1,0,Q059::0
Part2/outputs/answers_player2_prompt2.csv,answers_player2_prompt2,Q059,G,Things in a toolbox,1,hammer,hammer,1,1,0,Q059::1
Part2/outputs/answers_player2_prompt2.csv,answers_player2_prompt2,Q059,G,Things in a toolbox,2,hammer,hammer,1,1,0,Q059::2
Part2/outputs/answers_player2_prompt2.csv,answers_player2_prompt2,Q059,G,Things in a toolbox,3,hammer,hammer,1,0,1,Q059::3
Part2/outputs/answers_player2_prompt2.csv,answers_player2_prompt2,Q059,G,Things in a toolbox,4,hammer,hammer,1,1,0,Q059::4
Part2/outputs/answers_player2_prompt2.csv,answers_player2_prompt2,Q059,G,Things in a toolbox,5,hammer,hammer,1,1,0,Q059::5
Part2/outputs/answers_player2_prompt2.csv,answers_player2_prompt2,Q059,G,Things in a toolbox,6,hammer,hammer,1,1,0,Q059::6
Part2/outputs/answers_player2_prompt2.csv,answers_player2_prompt2,Q059,G,Things in a toolbox,7,hammer,hammer,1,1,0,Q059::7
Part2/outputs/answers_player2_prompt2.csv,answers_player2_prompt2,Q059,G,Things in a toolbox,8,hammer,hammer,1,1,0,Q059::8
Part2/outputs/answers_player2_prompt2.csv,answers_player2_prompt2,Q059,G,Things in a toolbox,9,hammer,hammer,1,1,0,Q059::9
Part2/outputs/answers_player2_prompt2.csv,answers_player2_prompt2,Q059,G,Things in a toolbox,10,hammer,hammer,1,1,0,Q059::10
Part2/outputs/answers_player2_prompt2.csv,answers_player2_prompt2,Q059,G,Things in a toolbox,11,hammer gun drill,hammer gun drill,0,0,0,Q059::11
Part2/outputs/answers_player2_prompt2.csv,answers_player2_prompt2,Q059,G,Things in a toolbox,12,hammer,hammer,1,1,0,Q059::12
Part2/outputs/answers_player2_prompt2.csv,answers_player2_prompt2,Q059,G,Things in a toolbox,13,hammer,hammer,1,1,0,Q059::13
Part2/outputs/answers_player2_prompt2.csv,answers_player2_prompt2,Q059,G,Things in a toolbox,14,hammer,hammer,1,1,0,Q059::14
Part2/outputs/answers_player2_prompt2.csv,answers_player2_prompt2,Q059,G,Things in a toolbox,15,hammer,hammer,1,1,0,Q059::15
Part2/outputs/answers_player2_prompt2.csv,answers_player2_prompt2,Q059,G,Things in a toolbox,16,hammer,hammer,1,1,0,Q059::16
Part2/outputs/answers_player2_prompt2.csv,answers_player2_prompt2,Q059,G,Things in a toolbox,17,hammer,hammer,1,1,0,Q059::17
Part2/outputs/answers_player2_prompt2.csv,answers_player2_prompt2,Q059,G,Things in a toolbox,18,hammer,hammer,1,0,1,Q059::18
Part2/outputs/answers_player2_prompt2.csv,answers_player2_prompt2,Q059,G,Things in a toolbox,19,hammer,hammer,1,1,0,Q059::19
Part2/outputs/answers_player2_prompt2.csv,answers_player2_prompt2,Q060,H,Countries,0,haiti,haiti,1,0,1,Q060::0
Part2/outputs/answers_player2_prompt2.csv,answers_player2_prompt2,Q060,H,Countries,1,haiti,haiti,1,1,0,Q060::1
Part2/outputs/answers_player2_prompt2.csv,answers_player2_prompt2,Q060,H,Countries,2,honduras,honduras,1,1,0,Q060::2
Part2/outputs/answers_player2_prompt2.csv,answers_player2_prompt2,Q060,H,Countries,3,haiti,haiti,1,0,1,Q060::3
Part2/outputs/answers_player2_prompt2.csv,answers_player2_prompt2,Q060,H,Countries,4,haiti,haiti,1,0,1,Q060::4
Part2/outputs/answers_player2_prompt2.csv,answers_player2_prompt2,Q060,H,Countries,5,honduras,honduras,1,1,0,Q060::5
Part2/outputs/answers_player2_prompt2.csv,answers_player2_prompt2,Q060,H,Countries,6,haiti,haiti,1,0,1,Q060::6
Part2/outputs/answers_player2_prompt2.csv,answers_player2_prompt2,Q060,H,Countries,7,haiti,haiti,1,1,0,Q060::7
Part2/outputs/answers_player2_prompt2.csv,answers_player2_prompt2,Q060,H,Countries,8,hungary,hungary,1,0,1,Q060::8
Part2/outputs/answers_player2_prompt2.csv,answers_player2_prompt2,Q060,H,Countries,9,hong kong,hong kong,0,0,0,Q060::9
Part2/outputs/answers_player2_prompt2.csv,answers_player2_prompt2,Q060,H,Countries,10,honduras,honduras,1,0,1,Q060::10
Part2/outputs/answers_player2_prompt2.csv,answers_player2_prompt2,Q060,H,Countries,11,hungary,hungary,1,0,1,Q060::11
Part2/outputs/answers_player2_prompt2.csv,answers_player2_prompt2,Q060,H,Countries,12,honduras,honduras,1,0,1,Q060::12
Part2/outputs/answers_player2_prompt2.csv,answers_player2_prompt2,Q060,H,Countries,13,haiti,haiti,1,0,1,Q060::13
Part2/outputs/answers_player2_prompt2.csv,answers_player2_prompt2,Q060,H,Countries,14,honduras,honduras,1,1,0,Q060::14
Part2/outputs/answers_player2_prompt2.csv,answers_player2_prompt2,Q060,H,Countries,15,hungary,hungary,1,1,0,Q060::15
Part2/outputs/answers_player2_prompt2.csv,answers_player2_prompt2,Q060,H,Countries,16,haiti,haiti,1,0,1,Q060::16
Part2/outputs/answers_player2_prompt2.csv,answers_player2_prompt2,Q060,H,Countries,17,hungary,hungary,1,0,1,Q060::17
Part2/outputs/answers_player2_prompt2.csv,answers_player2_prompt2,Q060,H,Countries,18,honduras,honduras,1,1,0,Q060::18
Part2/outputs/answers_player2_prompt2.csv,answers_player2_prompt2,Q060,H,Countries,19,honduras,honduras,1,0,1,Q060::19
Part2/outputs/answers_player2_prompt2.csv,answers_player2_prompt2,Q061,I,Musical artists,0,iron maiden,iron maiden,1,0,1,Q061::0
Part2/outputs/answers_player2_prompt2.csv,answers_player2_prompt2,Q061,I,Musical artists,1,iron maiden,iron maiden,1,0,1,Q061::1
Part2/outputs/answers_player2_prompt2.csv,answers_player2_prompt2,Q061,I,Musical artists,2,iron maiden,iron maiden,1,0,1,Q061::2
Part2/outputs/answers_player2_prompt2.csv,answers_player2_prompt2,Q061,I,Musical artists,3,ironic izzy,ironic izzy,0,0,0,Q061::3
Part2/outputs/answers_player2_prompt2.csv,answers_player2_prompt2,Q061,I,Musical artists,4,iron maiden,iron maiden,1,0,1,Q061::4
Part2/outputs/answers_player2_prompt2.csv,answers_player2_prompt2,Q061,I,Musical artists,5,ironic isolettes,ironic isolettes,0,0,0,Q061::5
Part2/outputs/answers_player2_prompt2.csv,answers_player2_prompt2,Q061,I,Musical artists,6,iron maiden,iron maiden,1,0,1,Q061::6
Part2/outputs/answers_player2_prompt2.csv,answers_player2_prompt2,Q061,I,Musical artists,7,ironic iggy,ironic iggy,0,0,0,Q061::7
Part2/outputs/answers_player2_prompt2.csv,answers_player2_prompt2,Q061,I,Musical artists,8,iron maiden,iron maiden,1,0,1,Q061::8
Part2/outputs/answers_player2_prompt2.csv,answers_player2_prompt2,Q061,I,Musical artists,9,ironic isolette,ironic isolette,0,0,0,Q061::9
Part2/outputs/answers_player2_prompt2.csv,answers_player2_prompt2,Q061,I,Musical artists,10,iron maiden,iron maiden,1,1,0,Q061::10
Part2/outputs/answers_player2_prompt2.csv,answers_player2_prompt2,Q061,I,Musical artists,11,ironic deaths,ironic deaths,0,0,0,Q061::11
Part2/outputs/answers_player2_prompt2.csv,answers_player2_prompt2,Q061,I,Musical artists,12,iron maiden,iron maiden,1,1,0,Q061::12
Part2/outputs/answers_player2_prompt2.csv,answers_player2_prompt2,Q061,I,Musical artists,13,ironic alice cooper,ironic alice cooper,0,0,0,Q061::13
Part2/outputs/answers_player2_prompt2.csv,answers_player2_prompt2,Q061,I,Musical artists,14,ironic brothers,ironic brothers,0,0,0,Q061::14
Part2/outputs/answers_player2_prompt2.csv,answers_player2_prompt2,Q061,I,Musical artists,15,ironic iggots,ironic iggots,0,0,0,Q061::15
Part2/outputs/answers_player2_prompt2.csv,answers_player2_prompt2,Q061,I,Musical artists,16,ironic brothers,ironic brothers,0,0,0,Q061::16
Part2/outputs/answers_player2_prompt2.csv,answers_player2_prompt2,Q061,I,Musical artists,17,iron maiden,iron maiden,1,0,1,Q061::17
Part2/outputs/answers_player2_prompt2.csv,answers_player2_prompt2,Q061,I,Musical artists,18,ironic iggy,ironic iggy,0,0,0,Q061::18
Part2/outputs/answers_player2_prompt2.csv,answers_player2_prompt2,Q061,I,Musical artists,19,ironic igguls,ironic igguls,0,0,0,Q061::19
Part2/outputs/answers_player2_prompt2.csv,answers_player2_prompt2,Q062,J,Things in a refrigerator,0,juice,juice,1,1,0,Q062::0
Part2/outputs/answers_player2_prompt2.csv,answers_player2_prompt2,Q062,J,Things in a refrigerator,1,juice,juice,1,1,0,Q062::1
Part2/outputs/answers_player2_prompt2.csv,answers_player2_prompt2,Q062,J,Things in a refrigerator,2,jam,jam,1,0,1,Q062::2
Part2/outputs/answers_player2_prompt2.csv,answers_player2_prompt2,Q062,J,Things in a refrigerator,3,jam,jam,1,0,1,Q062::3
Part2/outputs/answers_player2_prompt2.csv,answers_player2_prompt2,Q062,J,Things in a refrigerator,4,juice,juice,1,0,1,Q062::4
Part2/outputs/answers_player2_prompt2.csv,answers_player2_prompt2,Q062,J,Things in a refrigerator,5,jam jars,jam jars,1,0,1,Q062::5
Part2/outputs/answers_player2_prompt2.csv,answers_player2_prompt2,Q062,J,Things in a refrigerator,6,juice,juice,1,1,0,Q062::6
Part2/outputs/answers_player2_prompt2.csv,answers_player2_prompt2,Q062,J,Things in a refrigerator,7,juice,juice,1,1,0,Q062::7
Part2/outputs/answers_player2_prompt2.csv,answers_player2_prompt2,Q062,J,Things in a refrigerator,8,jam,jam,1,0,1,Q062::8
Part2/outputs/answers_player2_prompt2.csv,answers_player2_prompt2,Q062,J,Things in a refrigerator,9,juice,juice,1,1,0,Q062::9
Part2/outputs/answers_player2_prompt2.csv,answers_player2_prompt2,Q062,J,Things in a refrigerator,10,jam,jam,1,0,1,Q062::10
Part2/outputs/answers_player2_prompt2.csv,answers_player2_prompt2,Q062,J,Things in a refrigerator,11,jam,jam,1,0,1,Q062::11
Part2/outputs/answers_player2_prompt2.csv,answers_player2_prompt2,Q062,J,Things in a refrigerator,12,jam,jam,1,0,1,Q062::12
Part2/outputs/answers_player2_prompt2.csv,answers_player2_prompt2,Q062,J,Things in a refrigerator,13,jam,jam,1,1,0,Q062::13
Part2/outputs/answers_player2_prompt2.csv,answers_player2_prompt2,Q062,J,Things in a refrigerator,14,juice,juice,1,0,1,Q062::14
Part2/outputs/answers_player2_prompt2.csv,answers_player2_prompt2,Q062,J,Things in a refrigerator,15,juice,juice,1,1,0,Q062::15
Part2/outputs/answers_player2_prompt2.csv,answers_player2_prompt2,Q062,J,Things in a refrigerator,16,jelly,jelly,1,0,1,Q062::16
Part2/outputs/answers_player2_prompt2.csv,answers_player2_prompt2,Q062,J,Things in a refrigerator,17,juice,juice,1,0,1,Q062::17
Part2/outputs/answers_player2_prompt2.csv,answers_player2_prompt2,Q062,J,Things in a refrigerator,18,juice,juice,1,0,1,Q062::18
Part2/outputs/answers_player2_prompt2.csv,answers_player2_prompt2,Q062,J,Things in a refrigerator,19,juice,juice,1,1,0,Q062::19
Part2/outputs/answers_player2_prompt2.csv,answers_player2_prompt2,Q063,K,Cities,0,knoxville,knoxville,1,1,0,Q063::0
Part2/outputs/answers_player2_prompt2.csv,answers_player2_prompt2,Q063,K,Cities,1,kitchener,kitchener,1,1,0,Q063::1
Part2/outputs/answers_player2_prompt2.csv,answers_player2_prompt2,Q063,K,Cities,2,kayaking,kayaking,0,0,0,Q063::2
Part2/outputs/answers_player2_prompt2.csv,answers_player2_prompt2,Q063,K,Cities,3,knoxville,knoxville,1,1,0,Q063::3
Part2/outputs/answers_player2_prompt2.csv,answers_player2_prompt2,Q063,K,Cities,4,kingston,kingston,1,0,1,Q063::4
Part2/outputs/answers_player2_prompt2.csv,answers_player2_prompt2,Q063,K,Cities,5,kitchener,kitchener,1,0,1,Q063::5
Part2/outputs/answers_player2_prompt2.csv,answers_player2_prompt2,Q063,K,Cities,6,kuala lumpur,kuala lumpur,1,0,1,Q063::6
Part2/outputs/answers_player2_prompt2.csv,answers_player2_prompt2,Q063,K,Cities,7,kitchener,kitchener,1,0,1,Q063::7
Part2/outputs/answers_player2_prompt2.csv,answers_player2_prompt2,Q063,K,Cities,8,kioto,kioto,0,0,0,Q063::8
Part2/outputs/answers_player2_prompt2.csv,answers_player2_prompt2,Q063,K,Cities,9,knoxville,knoxville,1,1,0,Q063::9
Part2/outputs/answers_player2_prompt2.csv,answers_player2_prompt2,Q063,K,Cities,10,kansas city,kansas city,1,0,1,Q063::10
Part2/outputs/answers_player2_prompt2.csv,answers_player2_prompt2,Q063,K,Cities,11,kioto,kioto,0,0,0,Q063::11
Part2/outputs/answers_player2_prompt2.csv,answers_player2_prompt2,Q063,K,Cities,12,kitchener,kitchener,1,1,0,Q063::12
Part2/outputs/answers_player2_prompt2.csv,answers_player2_prompt2,Q063,K,Cities,13,kirovograd,kirovograd,1,0,1,Q063::13
Part2/outputs/answers_player2_prompt2.csv,answers_player2_prompt2,Q063,K,Cities,14,knoxville,knoxville,1,1,0,Q063::14
Part2/outputs/answers_player2_prompt2.csv,answers_player2_prompt2,Q063,K,Cities,15,kiel,kiel,1,0,1,Q063::15
Part2/outputs/answers_player2_prompt2.csv,answers_player2_prompt2,Q063,K,Cities,16,kiel,kiel,1,0,1,Q063::16
Part2/outputs/answers_player2_prompt2.csv,answers_player2_prompt2,Q063,K,Cities,17,kingston,kingston,1,0,1,Q063::17
Part2/outputs/answers_player2_prompt2.csv,answers_player2_prompt2,Q063,K,Cities,18,knoxville,knoxville,1,0,1,Q063::18
Part2/outputs/answers_player2_prompt2.csv,answers_player2_prompt2,Q063,K,Cities,19,knoxville,knoxville,1,0,1,Q063::19
Part2/outputs/answers_player2_prompt2.csv,answers_player2_prompt2,Q064,L,Things in a library,0,library card,library card,0,0,0,Q064::0
Part2/outputs/answers_player2_prompt2.csv,answers_player2_prompt2,Q064,L,Things in a library,1,library card,library card,0,0,0,Q064::1
Part2/outputs/answers_player2_prompt2.csv,answers_player2_prompt2,Q064,L,Things in a library,2,library card,library card,0,0,0,Q064::2
Part2/outputs/answers_player2_prompt2.csv,answers_player2_prompt2,Q064,L,Things in a library,3,stacked shelves,stacked shelves,0,0,0,Q064::3
Part2/outputs/answers_player2_prompt2.csv,answers_player2_prompt2,Q064,L,Things in a library,4,reference book,reference book,1,0,1,Q064::4
Part2/outputs/answers_player2_prompt2.csv,answers_player2_prompt2,Q064,L,Things in a library,5,reference book,reference book,1,0,1,Q064::5
Part2/outputs/answers_player2_prompt2.csv,answers_player2_prompt2,Q064,L,Things in a library,6,library card,library card,0,0,0,Q064::6
Part2/outputs/answers_player2_prompt2.csv,answers_player2_prompt2,Q064,L,Things in a library,7,library card,library card,0,0,0,Q064::7
Part2/outputs/answers_player2_prompt2.csv,answers_player2_prompt2,Q064,L,Things in a library,8,library card,library card,0,0,0,Q064::8
Part2/outputs/answers_player2_prompt2.csv,answers_player2_prompt2,Q064,L,Things in a library,9,stacked shelves,stacked shelves,0,0,0,Q064::9
Part2/outputs/answers_player2_prompt2.csv,answers_player2_prompt2,Q064,L,Things in a library,10,library card,library card,0,0,0,Q064::10
Part2/outputs/answers_player2_prompt2.csv,answers_player2_prompt2,Q064,L,Things in a library,11,bookshelf,bookshelf,1,0,1,Q064::11
Part2/outputs/answers_player2_prompt2.csv,answers_player2_prompt2,Q064,L,Things in a library,12,library card,library card,0,0,0,Q064::12
Part2/outputs/answers_player2_prompt2.csv,answers_player2_prompt2,Q064,L,Things in a library,13,library card,library card,0,0,0,Q064::13
Part2/outputs/answers_player2_prompt2.csv,answers_player2_prompt2,Q064,L,Things in a library,14,library card,library card,0,0,0,Q064::14
Part2/outputs/answers_player2_prompt2.csv,answers_player2_prompt2,Q064,L,Things in a library,15,library card,library card,0,0,0,Q064::15
Part2/outputs/answers_player2_prompt2.csv,answers_player2_prompt2,Q064,L,Things in a library,16,bookshelf,bookshelf,1,0,1,Q064::16
Part2/outputs/answers_player2_prompt2.csv,answers_player2_prompt2,Q064,L,Things in a library,17,stack of books,stack of books,1,0,1,Q064::17
Part2/outputs/answers_player2_prompt2.csv,answers_player2_prompt2,Q064,L,Things in a library,18,library card,library card,0,0,0,Q064::18
Part2/outputs/answers_player2_prompt2.csv,answers_player2_prompt2,Q064,L,Things in a library,19,reference book,reference book,1,0,1,Q064::19
