source_file,player_id,question_id,letter,category,round_idx,answer_raw,answer_norm,valid,collision,score,round_key
Part2/outputs/answers_player1_T1.5.csv,answers_player1_T1.5,Q001,A,Animals,0,albatross,albatross,1,0,1,Q001::0
Part2/outputs/answers_player1_T1.5.csv,answers_player1_T1.5,Q001,A,Animals,1,alligator,alligator,1,0,1,Q001::1
Part2/outputs/answers_player1_T1.5.csv,answers_player1_T1.5,Q001,A,Animals,2,alpaca,alpaca,1,0,1,Q001::2
Part2/outputs/answers_player1_T1.5.csv,answers_player1_T1.5,Q001,A,Animals,3,antelope,antelope,1,0,1,Q001::3
Part2/outputs/answers_player1_T1.5.csv,answers_player1_T1.5,Q001,A,Animals,4,alligator,alligator,1,0,1,Q001::4
Part2/outputs/answers_player1_T1.5.csv,answers_player1_T1.5,Q001,A,Animals,5,antelope,antelope,1,0,1,Q001::5
Part2/outputs/answers_player1_T1.5.csv,answers_player1_T1.5,Q001,A,Animals,6,aligator,aligator,0,0,0,Q001::6
Part2/outputs/answers_player1_T1.5.csv,answers_player1_T1.5,Q001,A,Animals,7,aardvark,aardvark,1,0,1,Q001::7
Part2/outputs/answers_player1_T1.5.csv,answers_player1_T1.5,Q001,A,Animals,8,albatross,albatross,1,0,1,Q001::8
Part2/outputs/answers_player1_T1.5.csv,answers_player1_T1.5,Q001,A,Animals,9,aligator,aligator,0,0,0,Q001::9
Part2/outputs/answers_player1_T1.5.csv,answers_player1_T1.5,Q001,A,Animals,10,alligator,alligator,1,0,1,Q001::10
Part2/outputs/answers_player1_T1.5.csv,answers_player1_T1.5,Q001,A,Animals,11,alpaca,alpaca,1,0,1,Q001::11
Part2/outputs/answers_player1_T1.5.csv,answers_player1_T1.5,Q001,A,Animals,12,alpaca,alpaca,1,0,1,Q001::12
Part2/outputs/answers_player1_T1.5.csv,answers_player1_T1.5,Q001,A,Animals,13,albatross,albatross,1,0,1,Q001::13
Part2/outputs/answers_player1_T1.5.csv,answers_player1_T1.5,Q001,A,Animals,14,alpaca,alpaca,1,1,0,Q001::14
Part2/outputs/answers_player1_T1.5.csv,answers_player1_T1.5,Q001,A,Animals,15,antelope,antelope,1,0,1,Q001::15
Part2/outputs/answers_player1_T1.5.csv,answers_player1_T1.5,Q001,A,Animals,16,alpaca,alpaca,1,0,1,Q001::16
Part2/outputs/answers_player1_T1.5.csv,answers_player1_T1.5,Q001,A,Animals,17,alligator,alligator,1,1,0,Q001::17
Part2/outputs/answers_player1_T1.5.csv,answers_player1_T1.5,Q001,A,Animals,18,aardvark,aardvark,1,0,1,Q001::18
Part2/outputs/answers_player1_T1.5.csv,answers_player1_T1.5,Q001,A,Animals,19,alpaca,alpaca,1,1,0,Q001::19
Part2/outputs/answers_player1_T1.5.csv,answers_player1_T1.5,Q002,A,Jobs,0,accountant,accountant,1,1,0,Q002::0
Part2/outputs/answers_player1_T1.5.csv,answers_player1_T1.5,Q002,A,Jobs,1,accountant,accountant,1,1,0,Q002::1
Part2/outputs/answers_player1_T1.5.csv,answers_player1_T1.5,Q002,A,Jobs,2,accountant,accountant,1,1,0,Q002::2
Part2/outputs/answers_player1_T1.5.csv,answers_player1_T1.5,Q002,A,Jobs,3,accountant,accountant,1,1,0,Q002::3
Part2/outputs/answers_player1_T1.5.csv,answers_player1_T1.5,Q002,A,Jobs,4,accountant,accountant,1,1,0,Q002::4
Part2/outputs/answers_player1_T1.5.csv,answers_player1_T1.5,Q002,A,Jobs,5,accountant,accountant,1,1,0,Q002::5
Part2/outputs/answers_player1_T1.5.csv,answers_player1_T1.5,Q002,A,Jobs,6,accountant,accountant,1,1,0,Q002::6
Part2/outputs/answers_player1_T1.5.csv,answers_player1_T1.5,Q002,A,Jobs,7,accountant,accountant,1,1,0,Q002::7
Part2/outputs/answers_player1_T1.5.csv,answers_player1_T1.5,Q002,A,Jobs,8,accountant,accountant,1,1,0,Q002::8
Part2/outputs/answers_player1_T1.5.csv,answers_player1_T1.5,Q002,A,Jobs,9,accountant,accountant,1,1,0,Q002::9
Part2/outputs/answers_player1_T1.5.csv,answers_player1_T1.5,Q002,A,Jobs,10,accountant,accountant,1,1,0,Q002::10
Part2/outputs/answers_player1_T1.5.csv,answers_player1_T1.5,Q002,A,Jobs,11,accountant,accountant,1,1,0,Q002::11
Part2/outputs/answers_player1_T1.5.csv,answers_player1_T1.5,Q002,A,Jobs,12,accountant,accountant,1,1,0,Q002::12
Part2/outputs/answers_player1_T1.5.csv,answers_player1_T1.5,Q002,A,Jobs,13,accountant,accountant,1,1,0,Q002::13
Part2/outputs/answers_player1_T1.5.csv,answers_player1_T1.5,Q002,A,Jobs,14,accountant,accountant,1,1,0,Q002::14
Part2/outputs/answers_player1_T1.5.csv,answers_player1_T1.5,Q002,A,Jobs,15,accountant,accountant,1,1,0,Q002::15
Part2/outputs/answers_player1_T1.5.csv,answers_player1_T1.5,Q002,A,Jobs,16,accountant,accountant,1,1,0,Q002::16
Part2/outputs/answers_player1_T1.5.csv,answers_player1_T1.5,Q002,A,Jobs,17,accountant,accountant,1,1,0,Q002::17
Part2/outputs/answers_player1_T1.5.csv,answers_player1_T1.5,Q002,A,Jobs,18,accountant,accountant,1,1,0,Q002::18
Part2/outputs/answers_player1_T1.5.csv,answers_player1_T1.5,Q002,A,Jobs,19,accountant,accountant,1,1,0,Q002::19
Part2/outputs/answers_player1_T1.5.csv,answers_player1_T1.5,Q003,B,Fruits,0,blueberry,blueberry,1,1,0,Q003::0
Part2/outputs/answers_player1_T1.5.csv,answers_player1_T1.5,Q003,B,Fruits,1,blueberry,blueberry,1,1,0,Q003::1
Part2/outputs/answers_player1_T1.5.csv,answers_player1_T1.5,Q003,B,Fruits,2,blueberry,blueberry,1,1,0,Q003::2
Part2/outputs/answers_player1_T1.5.csv,answers_player1_T1.5,Q003,B,Fruits,3,banana,banana,1,1,0,Q003::3
Part2/outputs/answers_player1_T1.5.csv,answers_player1_T1.5,Q003,B,Fruits,4,blueberry,blueberry,1,1,0,Q003::4
Part2/outputs/answers_player1_T1.5.csv,answers_player1_T1.5,Q003,B,Fruits,5,blueberry,blueberry,1,1,0,Q003::5
Part2/outputs/answers_player1_T1.5.csv,answers_player1_T1.5,Q003,B,Fruits,6,banana,banana,1,0,1,Q003::6
Part2/outputs/answers_player1_T1.5.csv,answers_player1_T1.5,Q003,B,Fruits,7,blueberry,blueberry,1,0,1,Q003::7
Part2/outputs/answers_player1_T1.5.csv,answers_player1_T1.5,Q003,B,Fruits,8,banana,banana,1,0,1,Q003::8
Part2/outputs/answers_player1_T1.5.csv,answers_player1_T1.5,Q003,B,Fruits,9,blueberry,blueberry,1,1,0,Q003::9
Part2/outputs/answers_player1_T1.5.csv,answers_player1_T1.5,Q003,B,Fruits,10,blueberry,blueberry,1,1,0,Q003::10
Part2/outputs/answers_player1_T1.5.csv,answers_player1_T1.5,Q003,B,Fruits,11,banana,banana,1,1,0,Q003::11
Part2/outputs/answers_player1_T1.5.csv,answers_player1_T1.5,Q003,B,Fruits,12,blueberry,blueberry,1,1,0,Q003::12
Part2/outputs/answers_player1_T1.5.csv,answers_player1_T1.5,Q003,B,Fruits,13,blueberry,blueberry,1,1,0,Q003::13
Part2/outputs/answers_player1_T1.5.csv,answers_player1_T1.5,Q003,B,Fruits,14,banana,banana,1,0,1,Q003::14
Part2/outputs/answers_player1_T1.5.csv,answers_player1_T1.5,Q003,B,Fruits,15,blueberry,blueberry,1,0,1,Q003::15
Part2/outputs/answers_player1_T1.5.csv,answers_player1_T1.5,Q003,B,Fruits,16,blueberry,blueberry,1,1,0,Q003::16
Part2/outputs/answers_player1_T1.5.csv,answers_player1_T1.5,Q003,B,Fruits,17,blueberry,blueberry,1,1,0,Q003::17
Part2/outputs/answers_player1_T1.5.csv,answers_player1_T1.5,Q003,B,Fruits,18,blueberry,blueberry,1,0,1,Q003::18
Part2/outputs/answers_player1_T1.5.csv,answers_player1_T1.5,Q003,B,Fruits,19,banana,banana,1,0,1,Q003::19
Part2/outputs/answers_player1_T1.5.csv,answers_player1_T1.5,Q004,B,Things that are red,0,red balloon,red balloon,0,0,0,Q004::0
Part2/outputs/answers_player1_T1.5.csv,answers_player1_T1.5,Q004,B,Things that are red,1,bouquet,bouquet,0,0,0,Q004::1
Part2/outputs/answers_player1_T1.5.csv,answers_player1_T1.5,Q004,B,Things that are red,2,basketball,basketball,0,0,0,Q004::2
Part2/outputs/answers_player1_T1.5.csv,answers_player1_T1.5,Q004,B,Things that are red,3,baseball cap,baseball cap,0,0,0,Q004::3
Part2/outputs/answers_player1_T1.5.csv,answers_player1_T1.5,Q004,B,Things that are red,4,banana,banana,0,0,0,Q004::4
Part2/outputs/answers_player1_T1.5.csv,answers_player1_T1.5,Q004,B,Things that are red,5,red apple,red apple,0,0,0,Q004::5
Part2/outputs/answers_player1_T1.5.csv,answers_player1_T1.5,Q004,B,Things that are red,6,butteriska,butteriska,0,0,0,Q004::6
Part2/outputs/answers_player1_T1.5.csv,answers_player1_T1.5,Q004,B,Things that are red,7,basketball,basketball,0,0,0,Q004::7
Part2/outputs/answers_player1_T1.5.csv,answers_player1_T1.5,Q004,B,Things that are red,8,berry,berry,1,0,1,Q004::8
Part2/outputs/answers_player1_T1.5.csv,answers_player1_T1.5,Q004,B,Things that are red,9,brick,brick,1,0,1,Q004::9
Part2/outputs/answers_player1_T1.5.csv,answers_player1_T1.5,Q004,B,Things that are red,10,baseball,baseball,0,0,0,Q004::10
Part2/outputs/answers_player1_T1.5.csv,answers_player1_T1.5,Q004,B,Things that are red,11,banana,banana,0,0,0,Q004::11
Part2/outputs/answers_player1_T1.5.csv,answers_player1_T1.5,Q004,B,Things that are red,12,strawberry,strawberry,1,0,1,Q004::12
Part2/outputs/answers_player1_T1.5.csv,answers_player1_T1.5,Q004,B,Things that are red,13,blood,blood,0,0,0,Q004::13
Part2/outputs/answers_player1_T1.5.csv,answers_player1_T1.5,Q004,B,Things that are red,14,bottle,bottle,0,0,0,Q004::14
Part2/outputs/answers_player1_T1.5.csv,answers_player1_T1.5,Q004,B,Things that are red,15,blood,blood,0,0,0,Q004::15
Part2/outputs/answers_player1_T1.5.csv,answers_player1_T1.5,Q004,B,Things that are red,16,banana,banana,0,0,0,Q004::16
Part2/outputs/answers_player1_T1.5.csv,answers_player1_T1.5,Q004,B,Things that are red,17,bright red apple,bright red apple,1,0,1,Q004::17
Part2/outputs/answers_player1_T1.5.csv,answers_player1_T1.5,Q004,B,Things that are red,18,basketball,basketball,0,0,0,Q004::18
Part2/outputs/answers_player1_T1.5.csv,answers_player1_T1.5,Q004,B,Things that are red,19,red berry,red berry,0,0,0,Q004::19
Part2/outputs/answers_player1_T1.5.csv,answers_player1_T1.5,Q005,C,Countries,0,canada,canada,1,1,0,Q005::0
Part2/outputs/answers_player1_T1.5.csv,answers_player1_T1.5,Q005,C,Countries,1,canada,canada,1,1,0,Q005::1
Part2/outputs/answers_player1_T1.5.csv,answers_player1_T1.5,Q005,C,Countries,2,canada,canada,1,1,0,Q005::2
Part2/outputs/answers_player1_T1.5.csv,answers_player1_T1.5,Q005,C,Countries,3,canada,canada,1,1,0,Q005::3
Part2/outputs/answers_player1_T1.5.csv,answers_player1_T1.5,Q005,C,Countries,4,canada,canada,1,1,0,Q005::4
Part2/outputs/answers_player1_T1.5.csv,answers_player1_T1.5,Q005,C,Countries,5,canada,canada,1,1,0,Q005::5
Part2/outputs/answers_player1_T1.5.csv,answers_player1_T1.5,Q005,C,Countries,6,canada,canada,1,1,0,Q005::6
Part2/outputs/answers_player1_T1.5.csv,answers_player1_T1.5,Q005,C,Countries,7,canada,canada,1,1,0,Q005::7
Part2/outputs/answers_player1_T1.5.csv,answers_player1_T1.5,Q005,C,Countries,8,canada,canada,1,1,0,Q005::8
Part2/outputs/answers_player1_T1.5.csv,answers_player1_T1.5,Q005,C,Countries,9,canada,canada,1,1,0,Q005::9
Part2/outputs/answers_player1_T1.5.csv,answers_player1_T1.5,Q005,C,Countries,10,canada,canada,1,1,0,Q005::10
Part2/outputs/answers_player1_T1.5.csv,answers_player1_T1.5,Q005,C,Countries,11,canada,canada,1,1,0,Q005::11
Part2/outputs/answers_player1_T1.5.csv,answers_player1_T1.5,Q005,C,Countries,12,canada,canada,1,1,0,Q005::12
Part2/outputs/answers_player1_T1.5.csv,answers_player1_T1.5,Q005,C,Countries,13,canada,canada,1,1,0,Q005::13
Part2/outputs/answers_player1_T1.5.csv,answers_player1_T1.5,Q005,C,Countries,14,canada,canada,1,1,0,Q005::14
Part2/outputs/answers_player1_T1.5.csv,answers_player1_T1.5,Q005,C,Countries,15,canada,canada,1,1,0,Q005::15
Part2/outputs/answers_player1_T1.5.csv,answers_player1_T1.5,Q005,C,Countries,16,canada,canada,1,1,0,Q005::16
Part2/outputs/answers_player1_T1.5.csv,answers_player1_T1.5,Q005,C,Countries,17,canada,canada,1,1,0,Q005::17
Part2/outputs/answers_player1_T1.5.csv,answers_player1_T1.5,Q005,C,Countries,18,canada,canada,1,1,0,Q005::18
Part2/outputs/answers_player1_T1.5.csv,answers_player1_T1.5,Q005,C,Countries,19,canada,canada,1,1,0,Q005::19
Part2/outputs/answers_player1_T1.5.csv,answers_player1_T1.5,Q006,C,Board games,0,chess,chess,1,1,0,Q006::0
Part2/outputs/answers_player1_T1.5.csv,answers_player1_T1.5,Q006,C,Board games,1,chess,chess,1,1,0,Q006::1
Part2/outputs/answers_player1_T1.5.csv,answers_player1_T1.5,Q006,C,Board games,2,chess,chess,1,1,0,Q006::2
Part2/outputs/answers_player1_T1.5.csv,answers_player1_T1.5,Q006,C,Board games,3,chess,chess,1,1,0,Q006::3
Part2/outputs/answers_player1_T1.5.csv,answers_player1_T1.5,Q006,C,Board games,4,checkers,checkers,1,0,1,Q006::4
Part2/outputs/answers_player1_T1.5.csv,answers_player1_T1.5,Q006,C,Board games,5,checkers,checkers,1,0,1,Q006::5
Part2/outputs/answers_player1_T1.5.csv,answers_player1_T1.5,Q006,C,Board games,6,chess,chess,1,1,0,Q006::6
Part2/outputs/answers_player1_T1.5.csv,answers_player1_T1.5,Q006,C,Board games,7,chess,chess,1,1,0,Q006::7
Part2/outputs/answers_player1_T1.5.csv,answers_player1_T1.5,Q006,C,Board games,8,chess,chess,1,1,0,Q006::8
Part2/outputs/answers_player1_T1.5.csv,answers_player1_T1.5,Q006,C,Board games,9,checkers,checkers,1,1,0,Q006::9
Part2/outputs/answers_player1_T1.5.csv,answers_player1_T1.5,Q006,C,Board games,10,checkers,checkers,1,0,1,Q006::10
Part2/outputs/answers_player1_T1.5.csv,answers_player1_T1.5,Q006,C,Board games,11,chess,chess,1,1,0,Q006::11
Part2/outputs/answers_player1_T1.5.csv,answers_player1_T1.5,Q006,C,Board games,12,chess,chess,1,0,1,Q006::12
Part2/outputs/answers_player1_T1.5.csv,answers_player1_T1.5,Q006,C,Board games,13,chess,chess,1,1,0,Q006::13
Part2/outputs/answers_player1_T1.5.csv,answers_player1_T1.5,Q006,C,Board games,14,chess,chess,1,1,0,Q006::14
Part2/outputs/answers_player1_T1.5.csv,answers_player1_T1.5,Q006,C,Board games,15,chess,chess,1,0,1,Q006::15
Part2/outputs/answers_player1_T1.5.csv,answers_player1_T1.5,Q006,C,Board games,16,chess,chess,1,1,0,Q006::16
Part2/outputs/answers_player1_T1.5.csv,answers_player1_T1.5,Q006,C,Board games,17,checkers,checkers,1,0,1,Q006::17
Part2/outputs/answers_player1_T1.5.csv,answers_player1_T1.5,Q006,C,Board games,18,chess,chess,1,1,0,Q006::18
Part2/outputs/answers_player1_T1.5.csv,answers_player1_T1.5,Q006,C,Board games,19,chess,chess,1,1,0,Q006::19
Part2/outputs/answers_player1_T1.5.csv,answers_player1_T1.5,Q007,D,Musical instruments,0,drum set,drum set,0,0,0,Q007::0
Part2/outputs/answers_player1_T1.5.csv,answers_player1_T1.5,Q007,D,Musical instruments,1,drum set,drum set,0,0,0,Q007::1
Part2/outputs/answers_player1_T1.5.csv,answers_player1_T1.5,Q007,D,Musical instruments,2,drum set,drum set,0,0,0,Q007::2
Part2/outputs/answers_player1_T1.5.csv,answers_player1_T1.5,Q007,D,Musical instruments,3,drum set,drum set,0,0,0,Q007::3
Part2/outputs/answers_player1_T1.5.csv,answers_player1_T1.5,Q007,D,Musical instruments,4,drum,drum,1,1,0,Q007::4
Part2/outputs/answers_player1_T1.5.csv,answers_player1_T1.5,Q007,D,Musical instruments,5,drum,drum,1,1,0,Q007::5
Part2/outputs/answers_player1_T1.5.csv,answers_player1_T1.5,Q007,D,Musical instruments,6,drum,drum,1,1,0,Q007::6
Part2/outputs/answers_player1_T1.5.csv,answers_player1_T1.5,Q007,D,Musical instruments,7,drum,drum,1,1,0,Q007::7
Part2/outputs/answers_player1_T1.5.csv,answers_player1_T1.5,Q007,D,Musical instruments,8,drum,drum,1,1,0,Q007::8
Part2/outputs/answers_player1_T1.5.csv,answers_player1_T1.5,Q007,D,Musical instruments,9,drum,drum,1,1,0,Q007::9
Part2/outputs/answers_player1_T1.5.csv,answers_player1_T1.5,Q007,D,Musical instruments,10,drum,drum,1,1,0,Q007::10
Part2/outputs/answers_player1_T1.5.csv,answers_player1_T1.5,Q007,D,Musical instruments,11,drum set,drum set,0,0,0,Q007::11
Part2/outputs/answers_player1_T1.5.csv,answers_player1_T1.5,Q007,D,Musical instruments,12,drum set,drum set,0,0,0,Q007::12
Part2/outputs/answers_player1_T1.5.csv,answers_player1_T1.5,Q007,D,Musical instruments,13,drum,drum,1,1,0,Q007::13
Part2/outputs/answers_player1_T1.5.csv,answers_player1_T1.5,Q007,D,Musical instruments,14,drum,drum,1,1,0,Q007::14
Part2/outputs/answers_player1_T1.5.csv,answers_player1_T1.5,Q007,D,Musical instruments,15,drum set,drum set,0,0,0,Q007::15
Part2/outputs/answers_player1_T1.5.csv,answers_player1_T1.5,Q007,D,Musical instruments,16,drum,drum,1,1,0,Q007::16
Part2/outputs/answers_player1_T1.5.csv,answers_player1_T1.5,Q007,D,Musical instruments,17,drum set,drum set,0,0,0,Q007::17
Part2/outputs/answers_player1_T1.5.csv,answers_player1_T1.5,Q007,D,Musical instruments,18,drum set,drum set,0,0,0,Q007::18
Part2/outputs/answers_player1_T1.5.csv,answers_player1_T1.5,Q007,D,Musical instruments,19,drum set,drum set,0,0,0,Q007::19
Part2/outputs/answers_player1_T1.5.csv,answers_player1_T1.5,Q008,D,Things in a bathroom,0,deodorant,deodorant,1,0,1,Q008::0
Part2/outputs/answers_player1_T1.5.csv,answers_player1_T1.5,Q008,D,Things in a bathroom,1,toothbrush,toothbrush,0,0,0,Q008::1
Part2/outputs/answers_player1_T1.5.csv,answers_player1_T1.5,Q008,D,Things in a bathroom,2,toothbrush,toothbrush,0,0,0,Q008::2
Part2/outputs/answers_player1_T1.5.csv,answers_player1_T1.5,Q008,D,Things in a bathroom,3,soapdish,soapdish,1,0,1,Q008::3
Part2/outputs/answers_player1_T1.5.csv,answers_player1_T1.5,Q008,D,Things in a bathroom,4,soapdish,soapdish,1,0,1,Q008::4
Part2/outputs/answers_player1_T1.5.csv,answers_player1_T1.5,Q008,D,Things in a bathroom,5,toothbrush,toothbrush,0,0,0,Q008::5
Part2/outputs/answers_player1_T1.5.csv,answers_player1_T1.5,Q008,D,Things in a bathroom,6,deodorant,deodorant,1,0,1,Q008::6
Part2/outputs/answers_player1_T1.5.csv,answers_player1_T1.5,Q008,D,Things in a bathroom,7,soap,soap,0,0,0,Q008::7
Part2/outputs/answers_player1_T1.5.csv,answers_player1_T1.5,Q008,D,Things in a bathroom,8,deodorant,deodorant,1,0,1,Q008::8
Part2/outputs/answers_player1_T1.5.csv,answers_player1_T1.5,Q008,D,Things in a bathroom,9,toothbrush,toothbrush,0,0,0,Q008::9
Part2/outputs/answers_player1_T1.5.csv,answers_player1_T1.5,Q008,D,Things in a bathroom,10,dental brush,dental brush,0,0,0,Q008::10
Part2/outputs/answers_player1_T1.5.csv,answers_player1_T1.5,Q008,D,Things in a bathroom,11,soap dispenser,soap dispenser,1,0,1,Q008::11
Part2/outputs/answers_player1_T1.5.csv,answers_player1_T1.5,Q008,D,Things in a bathroom,12,toothbrush,toothbrush,0,0,0,Q008::12
Part2/outputs/answers_player1_T1.5.csv,answers_player1_T1.5,Q008,D,Things in a bathroom,13,toothbrush,toothbrush,0,0,0,Q008::13
Part2/outputs/answers_player1_T1.5.csv,answers_player1_T1.5,Q008,D,Things in a bathroom,14,deodorant,deodorant,1,0,1,Q008::14
Part2/outputs/answers_player1_T1.5.csv,answers_player1_T1.5,Q008,D,Things in a bathroom,15,dust,dust,0,0,0,Q008::15
Part2/outputs/answers_player1_T1.5.csv,answers_player1_T1.5,Q008,D,Things in a bathroom,16,dishSoap,dishsoap,0,0,0,Q008::16
Part2/outputs/answers_player1_T1.5.csv,answers_player1_T1.5,Q008,D,Things in a bathroom,17,deodorant,deodorant,1,0,1,Q008::17
Part2/outputs/answers_player1_T1.5.csv,answers_player1_T1.5,Q008,D,Things in a bathroom,18,dishwasher,dishwasher,0,0,0,Q008::18
Part2/outputs/answers_player1_T1.5.csv,answers_player1_T1.5,Q008,D,Things in a bathroom,19,dish soap,dish soap,1,0,1,Q008::19
Part2/outputs/answers_player1_T1.5.csv,answers_player1_T1.5,Q009,E,Sports,0,tennis,tennis,0,0,0,Q009::0
Part2/outputs/answers_player1_T1.5.csv,answers_player1_T1.5,Q009,E,Sports,1,tennis,tennis,0,0,0,Q009::1
Part2/outputs/answers_player1_T1.5.csv,answers_player1_T1.5,Q009,E,Sports,2,tennis,tennis,0,0,0,Q009::2
Part2/outputs/answers_player1_T1.5.csv,answers_player1_T1.5,Q009,E,Sports,3,tennis,tennis,0,0,0,Q009::3
Part2/outputs/answers_player1_T1.5.csv,answers_player1_T1.5,Q009,E,Sports,4,tennis,tennis,0,0,0,Q009::4
Part2/outputs/answers_player1_T1.5.csv,answers_player1_T1.5,Q009,E,Sports,5,volleyball,volleyball,0,0,0,Q009::5
Part2/outputs/answers_player1_T1.5.csv,answers_player1_T1.5,Q009,E,Sports,6,tennis,tennis,0,0,0,Q009::6
Part2/outputs/answers_player1_T1.5.csv,answers_player1_T1.5,Q009,E,Sports,7,tennis,tennis,0,0,0,Q009::7
Part2/outputs/answers_player1_T1.5.csv,answers_player1_T1.5,Q009,E,Sports,8,tennis,tennis,0,0,0,Q009::8
Part2/outputs/answers_player1_T1.5.csv,answers_player1_T1.5,Q009,E,Sports,9,tennis,tennis,0,0,0,Q009::9
Part2/outputs/answers_player1_T1.5.csv,answers_player1_T1.5,Q009,E,Sports,10,tennis,tennis,0,0,0,Q009::10
Part2/outputs/answers_player1_T1.5.csv,answers_player1_T1.5,Q009,E,Sports,11,tennis,tennis,0,0,0,Q009::11
Part2/outputs/answers_player1_T1.5.csv,answers_player1_T1.5,Q009,E,Sports,12,tennis,tennis,0,0,0,Q009::12
Part2/outputs/answers_player1_T1.5.csv,answers_player1_T1.5,Q009,E,Sports,13,tennis,tennis,0,0,0,Q009::13
Part2/outputs/answers_player1_T1.5.csv,answers_player1_T1.5,Q009,E,Sports,14,tennis,tennis,0,0,0,Q009::14
Part2/outputs/answers_player1_T1.5.csv,answers_player1_T1.5,Q009,E,Sports,15,tennis,tennis,0,0,0,Q009::15
Part2/outputs/answers_player1_T1.5.csv,answers_player1_T1.5,Q009,E,Sports,16,tennis,tennis,0,0,0,Q009::16
Part2/outputs/answers_player1_T1.5.csv,answers_player1_T1.5,Q009,E,Sports,17,volleyball,volleyball,0,0,0,Q009::17
Part2/outputs/answers_player1_T1.5.csv,answers_player1_T1.5,Q009,E,Sports,18,tennis,tennis,0,0,0,Q009::18
Part2/outputs/answers_player1_T1.5.csv,answers_player1_T1.5,Q009,E,Sports,19,tennis,tennis,0,0,0,Q009::19
Part2/outputs/answers_player1_T1.5.csv,answers_player1_T1.5,Q010,E,Movie titles,0,eternal sunshine of the spotless mind,eternal sunshine of the spotless mind,0,0,0,Q010::0
Part2/outputs/answers_player1_T1.5.csv,answers_player1_T1.5,Q010,E,Movie titles,1,eternal sunshine of the spotless mind,eternal sunshine of the spotless mind,0,0,0,Q010::1
Part2/outputs/answers_player1_T1.5.csv,answers_player1_T1.5,Q010,E,Movie titles,2,elevator,elevator,0,0,0,Q010::2
Part2/outputs/answers_player1_T1.5.csv,answers_player1_T1.5,Q010,E,Movie titles,3,election之夜,election,0,0,0,Q010::3
Part2/outputs/answers_player1_T1.5.csv,answers_player1_T1.5,Q010,E,Movie titles,4,elephant inundated,elephant inundated,0,0,0,Q010::4
Part2/outputs/answers_player1_T1.5.csv,answers_player1_T1.5,Q010,E,Movie titles,5,easter morning,easter morning,0,0,0,Q010::5
Part2/outputs/answers_player1_T1.5.csv,answers_player1_T1.5,Q010,E,Movie titles,6,election日式电影名不是标准英文学名，此处保持题意）,election,0,0,0,Q010::6
Part2/outputs/answers_player1_T1.5.csv,answers_player1_T1.5,Q010,E,Movie titles,7,easter日上午天堂,easter,0,0,0,Q010::7
Part2/outputs/answers_player1_T1.5.csv,answers_player1_T1.5,Q010,E,Movie titles,8,everything everywhere_day_,everything everywhere_day,0,0,0,Q010::8
Part2/outputs/answers_player1_T1.5.csv,answers_player1_T1.5,Q010,E,Movie titles,9,elevator nhật kinh,elevator nhật kinh,0,0,0,Q010::9
Part2/outputs/answers_player1_T1.5.csv,answers_player1_T1.5,Q010,E,Movie titles,10,eagle eyed,eagle eyed,0,0,0,Q010::10
Part2/outputs/answers_player1_T1.5.csv,answers_player1_T1.5,Q010,E,Movie titles,11,eclipse,eclipse,1,1,0,Q010::11
Part2/outputs/answers_player1_T1.5.csv,answers_player1_T1.5,Q010,E,Movie titles,12,e validationResult,e validationresult,0,0,0,Q010::12
Part2/outputs/answers_player1_T1.5.csv,answers_player1_T1.5,Q010,E,Movie titles,13,everything everywhere,everything everywhere,0,0,0,Q010::13
Part2/outputs/answers_player1_T1.5.csv,answers_player1_T1.5,Q010,E,Movie titles,14,eagle eye,eagle eye,0,0,0,Q010::14
Part2/outputs/answers_player1_T1.5.csv,answers_player1_T1.5,Q010,E,Movie titles,15,et tu brute,et tu brute,0,0,0,Q010::15
Part2/outputs/answers_player1_T1.5.csv,answers_player1_T1.5,Q010,E,Movie titles,16,eternal sunshine of the spotless mind,eternal sunshine of the spotless mind,0,0,0,Q010::16
Part2/outputs/answers_player1_T1.5.csv,answers_player1_T1.5,Q010,E,Movie titles,17,earth warriors,earth warriors,0,0,0,Q010::17
Part2/outputs/answers_player1_T1.5.csv,answers_player1_T1.5,Q010,E,Movie titles,18,et tu brute,et tu brute,0,0,0,Q010::18
Part2/outputs/answers_player1_T1.5.csv,answers_player1_T1.5,Q010,E,Movie titles,19,eternal sunshine of the spotless mind,eternal sunshine of the spotless mind,0,0,0,Q010::19
Part2/outputs/answers_player1_T1.5.csv,answers_player1_T1.5,Q011,F,Fish,0,flounder,flounder,1,1,0,Q011::0
Part2/outputs/answers_player1_T1.5.csv,answers_player1_T1.5,Q011,F,Fish,1,flounder,flounder,1,1,0,Q011::1
Part2/outputs/answers_player1_T1.5.csv,answers_player1_T1.5,Q011,F,Fish,2,flounder,flounder,1,1,0,Q011::2
Part2/outputs/answers_player1_T1.5.csv,answers_player1_T1.5,Q011,F,Fish,3,flounder,flounder,1,1,0,Q011::3
Part2/outputs/answers_player1_T1.5.csv,answers_player1_T1.5,Q011,F,Fish,4,flounder,flounder,1,1,0,Q011::4
Part2/outputs/answers_player1_T1.5.csv,answers_player1_T1.5,Q011,F,Fish,5,flounder,flounder,1,1,0,Q011::5
Part2/outputs/answers_player1_T1.5.csv,answers_player1_T1.5,Q011,F,Fish,6,goldfish,goldfish,1,0,1,Q011::6
Part2/outputs/answers_player1_T1.5.csv,answers_player1_T1.5,Q011,F,Fish,7,flounder,flounder,1,1,0,Q011::7
Part2/outputs/answers_player1_T1.5.csv,answers_player1_T1.5,Q011,F,Fish,8,flounder,flounder,1,1,0,Q011::8
Part2/outputs/answers_player1_T1.5.csv,answers_player1_T1.5,Q011,F,Fish,9,flounder,flounder,1,1,0,Q011::9
Part2/outputs/answers_player1_T1.5.csv,answers_player1_T1.5,Q011,F,Fish,10,flounder,flounder,1,1,0,Q011::10
Part2/outputs/answers_player1_T1.5.csv,answers_player1_T1.5,Q011,F,Fish,11,flounder,flounder,1,1,0,Q011::11
Part2/outputs/answers_player1_T1.5.csv,answers_player1_T1.5,Q011,F,Fish,12,flounder,flounder,1,0,1,Q011::12
Part2/outputs/answers_player1_T1.5.csv,answers_player1_T1.5,Q011,F,Fish,13,goldfish,goldfish,1,0,1,Q011::13
Part2/outputs/answers_player1_T1.5.csv,answers_player1_T1.5,Q011,F,Fish,14,goldfish,goldfish,1,0,1,Q011::14
Part2/outputs/answers_player1_T1.5.csv,answers_player1_T1.5,Q011,F,Fish,15,flounder,flounder,1,1,0,Q011::15
Part2/outputs/answers_player1_T1.5.csv,answers_player1_T1.5,Q011,F,Fish,16,flounder,flounder,1,1,0,Q011::16
Part2/outputs/answers_player1_T1.5.csv,answers_player1_T1.5,Q011,F,Fish,17,flounder,flounder,1,1,0,Q011::17
Part2/outputs/answers_player1_T1.5.csv,answers_player1_T1.5,Q011,F,Fish,18,flounder,flounder,1,1,0,Q011::18
Part2/outputs/answers_player1_T1.5.csv,answers_player1_T1.5,Q011,F,Fish,19,goldfish,goldfish,1,0,1,Q011::19
Part2/outputs/answers_player1_T1.5.csv,answers_player1_T1.5,Q012,F,Things in a backpack,0,water bottle,water bottle,1,0,1,Q012::0
Part2/outputs/answers_player1_T1.5.csv,answers_player1_T1.5,Q012,F,Things in a backpack,1,fatigue pack,fatigue pack,0,0,0,Q012::1
Part2/outputs/answers_player1_T1.5.csv,answers_player1_T1.5,Q012,F,Things in a backpack,2,flashlight,flashlight,1,0,1,Q012::2
Part2/outputs/answers_player1_T1.5.csv,answers_player1_T1.5,Q012,F,Things in a backpack,3,flashlight,flashlight,1,1,0,Q012::3
Part2/outputs/answers_player1_T1.5.csv,answers_player1_T1.5,Q012,F,Things in a backpack,4,folder,folder,1,0,1,Q012::4
Part2/outputs/answers_player1_T1.5.csv,answers_player1_T1.5,Q012,F,Things in a backpack,5,flashlight,flashlight,1,0,1,Q012::5
Part2/outputs/answers_player1_T1.5.csv,answers_player1_T1.5,Q012,F,Things in a backpack,6,flashlight,flashlight,1,0,1,Q012::6
Part2/outputs/answers_player1_T1.5.csv,answers_player1_T1.5,Q012,F,Things in a backpack,7,fat notebook,fat notebook,1,0,1,Q012::7
Part2/outputs/answers_player1_T1.5.csv,answers_player1_T1.5,Q012,F,Things in a backpack,8,folder,folder,1,0,1,Q012::8
Part2/outputs/answers_player1_T1.5.csv,answers_player1_T1.5,Q012,F,Things in a backpack,9,flashlight,flashlight,1,0,1,Q012::9
Part2/outputs/answers_player1_T1.5.csv,answers_player1_T1.5,Q012,F,Things in a backpack,10,flashlight,flashlight,1,0,1,Q012::10
Part2/outputs/answers_player1_T1.5.csv,answers_player1_T1.5,Q012,F,Things in a backpack,11,fingerprint,fingerprint,0,0,0,Q012::11
Part2/outputs/answers_player1_T1.5.csv,answers_player1_T1.5,Q012,F,Things in a backpack,12,waterproof pouch,waterproof pouch,1,0,1,Q012::12
Part2/outputs/answers_player1_T1.5.csv,answers_player1_T1.5,Q012,F,Things in a backpack,13,flashlight,flashlight,1,0,1,Q012::13
Part2/outputs/answers_player1_T1.5.csv,answers_player1_T1.5,Q012,F,Things in a backpack,14,fahrenheit thermometer,fahrenheit thermometer,0,0,0,Q012::14
Part2/outputs/answers_player1_T1.5.csv,answers_player1_T1.5,Q012,F,Things in a backpack,15,flashlight,flashlight,1,1,0,Q012::15
Part2/outputs/answers_player1_T1.5.csv,answers_player1_T1.5,Q012,F,Things in a backpack,16,folder,folder,1,0,1,Q012::16
Part2/outputs/answers_player1_T1.5.csv,answers_player1_T1.5,Q012,F,Things in a backpack,17,folder,folder,1,0,1,Q012::17
Part2/outputs/answers_player1_T1.5.csv,answers_player1_T1.5,Q012,F,Things in a backpack,18,flashlight,flashlight,1,0,1,Q012::18
Part2/outputs/answers_player1_T1.5.csv,answers_player1_T1.5,Q012,F,Things in a backpack,19,folder,folder,1,0,1,Q012::19
Part2/outputs/answers_player1_T1.5.csv,answers_player1_T1.5,Q013,G,U.S. states,0,georgia,georgia,1,1,0,Q013::0
Part2/outputs/answers_player1_T1.5.csv,answers_player1_T1.5,Q013,G,U.S. states,1,georgia,georgia,1,1,0,Q013::1
Part2/outputs/answers_player1_T1.5.csv,answers_player1_T1.5,Q013,G,U.S. states,2,georgia,georgia,1,1,0,Q013::2
Part2/outputs/answers_player1_T1.5.csv,answers_player1_T1.5,Q013,G,U.S. states,3,georgia,georgia,1,1,0,Q013::3
Part2/outputs/answers_player1_T1.5.csv,answers_player1_T1.5,Q013,G,U.S. states,4,georgia,georgia,1,1,0,Q013::4
Part2/outputs/answers_player1_T1.5.csv,answers_player1_T1.5,Q013,G,U.S. states,5,georgia,georgia,1,1,0,Q013::5
Part2/outputs/answers_player1_T1.5.csv,answers_player1_T1.5,Q013,G,U.S. states,6,georgia,georgia,1,1,0,Q013::6
Part2/outputs/answers_player1_T1.5.csv,answers_player1_T1.5,Q013,G,U.S. states,7,georgia,georgia,1,1,0,Q013::7
Part2/outputs/answers_player1_T1.5.csv,answers_player1_T1.5,Q013,G,U.S. states,8,georgia,georgia,1,1,0,Q013::8
Part2/outputs/answers_player1_T1.5.csv,answers_player1_T1.5,Q013,G,U.S. states,9,georgia,georgia,1,1,0,Q013::9
Part2/outputs/answers_player1_T1.5.csv,answers_player1_T1.5,Q013,G,U.S. states,10,georgia,georgia,1,1,0,Q013::10
Part2/outputs/answers_player1_T1.5.csv,answers_player1_T1.5,Q013,G,U.S. states,11,georgia,georgia,1,1,0,Q013::11
Part2/outputs/answers_player1_T1.5.csv,answers_player1_T1.5,Q013,G,U.S. states,12,georgia,georgia,1,1,0,Q013::12
Part2/outputs/answers_player1_T1.5.csv,answers_player1_T1.5,Q013,G,U.S. states,13,georgia,georgia,1,1,0,Q013::13
Part2/outputs/answers_player1_T1.5.csv,answers_player1_T1.5,Q013,G,U.S. states,14,georgia,georgia,1,1,0,Q013::14
Part2/outputs/answers_player1_T1.5.csv,answers_player1_T1.5,Q013,G,U.S. states,15,georgia,georgia,1,1,0,Q013::15
Part2/outputs/answers_player1_T1.5.csv,answers_player1_T1.5,Q013,G,U.S. states,16,georgia,georgia,1,1,0,Q013::16
Part2/outputs/answers_player1_T1.5.csv,answers_player1_T1.5,Q013,G,U.S. states,17,georgia,georgia,1,1,0,Q013::17
Part2/outputs/answers_player1_T1.5.csv,answers_player1_T1.5,Q013,G,U.S. states,18,georgia,georgia,1,1,0,Q013::18
Part2/outputs/answers_player1_T1.5.csv,answers_player1_T1.5,Q013,G,U.S. states,19,georgia,georgia,1,1,0,Q013::19
Part2/outputs/answers_player1_T1.5.csv,answers_player1_T1.5,Q014,G,Foods,0,garlic,garlic,1,0,1,Q014::0
Part2/outputs/answers_player1_T1.5.csv,answers_player1_T1.5,Q014,G,Foods,1,grapes,grapes,1,0,1,Q014::1
Part2/outputs/answers_player1_T1.5.csv,answers_player1_T1.5,Q014,G,Foods,2,guacamole,guacamole,1,0,1,Q014::2
Part2/outputs/answers_player1_T1.5.csv,answers_player1_T1.5,Q014,G,Foods,3,grapes,grapes,1,0,1,Q014::3
Part2/outputs/answers_player1_T1.5.csv,answers_player1_T1.5,Q014,G,Foods,4,guacamole,guacamole,1,0,1,Q014::4
Part2/outputs/answers_player1_T1.5.csv,answers_player1_T1.5,Q014,G,Foods,5,grapefruit,grapefruit,1,0,1,Q014::5
Part2/outputs/answers_player1_T1.5.csv,answers_player1_T1.5,Q014,G,Foods,6,grapefruit,grapefruit,1,0,1,Q014::6
Part2/outputs/answers_player1_T1.5.csv,answers_player1_T1.5,Q014,G,Foods,7,garlic bread,garlic bread,1,1,0,Q014::7
Part2/outputs/answers_player1_T1.5.csv,answers_player1_T1.5,Q014,G,Foods,8,grapes,grapes,1,1,0,Q014::8
Part2/outputs/answers_player1_T1.5.csv,answers_player1_T1.5,Q014,G,Foods,9,garlic,garlic,1,0,1,Q014::9
Part2/outputs/answers_player1_T1.5.csv,answers_player1_T1.5,Q014,G,Foods,10,guacamole,guacamole,1,0,1,Q014::10
Part2/outputs/answers_player1_T1.5.csv,answers_player1_T1.5,Q014,G,Foods,11,grapefruit,grapefruit,1,0,1,Q014::11
Part2/outputs/answers_player1_T1.5.csv,answers_player1_T1.5,Q014,G,Foods,12,grapefruit,grapefruit,1,0,1,Q014::12
Part2/outputs/answers_player1_T1.5.csv,answers_player1_T1.5,Q014,G,Foods,13,grapefruit,grapefruit,1,1,0,Q014::13
Part2/outputs/answers_player1_T1.5.csv,answers_player1_T1.5,Q014,G,Foods,14,guacamole,guacamole,1,0,1,Q014::14
Part2/outputs/answers_player1_T1.5.csv,answers_player1_T1.5,Q014,G,Foods,15,garlic bread,garlic bread,1,1,0,Q014::15
Part2/outputs/answers_player1_T1.5.csv,answers_player1_T1.5,Q014,G,Foods,16,grapefruit,grapefruit,1,0,1,Q014::16
Part2/outputs/answers_player1_T1.5.csv,answers_player1_T1.5,Q014,G,Foods,17,grapes,grapes,1,0,1,Q014::17
Part2/outputs/answers_player1_T1.5.csv,answers_player1_T1.5,Q014,G,Foods,18,grapefruit,grapefruit,1,1,0,Q014::18
Part2/outputs/answers_player1_T1.5.csv,answers_player1_T1.5,Q014,G,Foods,19,garlic bread,garlic bread,1,0,1,Q014::19
Part2/outputs/answers_player1_T1.5.csv,answers_player1_T1.5,Q015,H,Famous scientists,0,hooke,hooke,1,0,1,Q015::0
Part2/outputs/answers_player1_T1.5.csv,answers_player1_T1.5,Q015,H,Famous scientists,1,isaac newton,isaac newton,0,0,0,Q015::1
Part2/outputs/answers_player1_T1.5.csv,answers_player1_T1.5,Q015,H,Famous scientists,2,hermann hölder,hermann hölder,1,0,1,Q015::2
Part2/outputs/answers_player1_T1.5.csv,answers_player1_T1.5,Q015,H,Famous scientists,3,galileo galilei,galileo galilei,0,0,0,Q015::3
Part2/outputs/answers_player1_T1.5.csv,answers_player1_T1.5,Q015,H,Famous scientists,4,hertz,hertz,1,0,1,Q015::4
Part2/outputs/answers_player1_T1.5.csv,answers_player1_T1.5,Q015,H,Famous scientists,5,galileo galilei,galileo galilei,0,0,0,Q015::5
Part2/outputs/answers_player1_T1.5.csv,answers_player1_T1.5,Q015,H,Famous scientists,6,isaac newton,isaac newton,0,0,0,Q015::6
Part2/outputs/answers_player1_T1.5.csv,answers_player1_T1.5,Q015,H,Famous scientists,7,hawking schwarzschild,hawking schwarzschild,0,0,0,Q015::7
Part2/outputs/answers_player1_T1.5.csv,answers_player1_T1.5,Q015,H,Famous scientists,8,isaac newton,isaac newton,0,0,0,Q015::8
Part2/outputs/answers_player1_T1.5.csv,answers_player1_T1.5,Q015,H,Famous scientists,9,huygens,huygens,1,0,1,Q015::9
Part2/outputs/answers_player1_T1.5.csv,answers_player1_T1.5,Q015,H,Famous scientists,10,isaac newton,isaac newton,0,0,0,Q015::10
Part2/outputs/answers_player1_T1.5.csv,answers_player1_T1.5,Q015,H,Famous scientists,11,isaac newton,isaac newton,0,0,0,Q015::11
Part2/outputs/answers_player1_T1.5.csv,answers_player1_T1.5,Q015,H,Famous scientists,12,huygens,huygens,1,0,1,Q015::12
Part2/outputs/answers_player1_T1.5.csv,answers_player1_T1.5,Q015,H,Famous scientists,13,galileo galilei,galileo galilei,0,0,0,Q015::13
Part2/outputs/answers_player1_T1.5.csv,answers_player1_T1.5,Q015,H,Famous scientists,14,huygens,huygens,1,1,0,Q015::14
Part2/outputs/answers_player1_T1.5.csv,answers_player1_T1.5,Q015,H,Famous scientists,15,hendrik hertzberg,hendrik hertzberg,0,0,0,Q015::15
Part2/outputs/answers_player1_T1.5.csv,answers_player1_T1.5,Q015,H,Famous scientists,16,huygens,huygens,1,0,1,Q015::16
Part2/outputs/answers_player1_T1.5.csv,answers_player1_T1.5,Q015,H,Famous scientists,17,hawking,hawking,1,0,1,Q015::17
Part2/outputs/answers_player1_T1.5.csv,answers_player1_T1.5,Q015,H,Famous scientists,18,isaac newton,isaac newton,0,0,0,Q015::18
Part2/outputs/answers_player1_T1.5.csv,answers_player1_T1.5,Q015,H,Famous scientists,19,galileo galilei,galileo galilei,0,0,0,Q015::19
Part2/outputs/answers_player1_T1.5.csv,answers_player1_T1.5,Q016,H,Things at the beach,0,hat,hat,1,0,1,Q016::0
Part2/outputs/answers_player1_T1.5.csv,answers_player1_T1.5,Q016,H,Things at the beach,1,hat,hat,1,1,0,Q016::1
Part2/outputs/answers_player1_T1.5.csv,answers_player1_T1.5,Q016,H,Things at the beach,2,sandcastle,sandcastle,0,0,0,Q016::2
Part2/outputs/answers_player1_T1.5.csv,answers_player1_T1.5,Q016,H,Things at the beach,3,hat,hat,1,1,0,Q016::3
Part2/outputs/answers_player1_T1.5.csv,answers_player1_T1.5,Q016,H,Things at the beach,4,hat,hat,1,1,0,Q016::4
Part2/outputs/answers_player1_T1.5.csv,answers_player1_T1.5,Q016,H,Things at the beach,5,hat,hat,1,0,1,Q016::5
Part2/outputs/answers_player1_T1.5.csv,answers_player1_T1.5,Q016,H,Things at the beach,6,sandcastle,sandcastle,0,0,0,Q016::6
Part2/outputs/answers_player1_T1.5.csv,answers_player1_T1.5,Q016,H,Things at the beach,7,hat,hat,1,0,1,Q016::7
Part2/outputs/answers_player1_T1.5.csv,answers_player1_T1.5,Q016,H,Things at the beach,8,sandcastle,sandcastle,0,0,0,Q016::8
Part2/outputs/answers_player1_T1.5.csv,answers_player1_T1.5,Q016,H,Things at the beach,9,hat,hat,1,1,0,Q016::9
Part2/outputs/answers_player1_T1.5.csv,answers_player1_T1.5,Q016,H,Things at the beach,10,hat,hat,1,1,0,Q016::10
Part2/outputs/answers_player1_T1.5.csv,answers_player1_T1.5,Q016,H,Things at the beach,11,hat,hat,1,1,0,Q016::11
Part2/outputs/answers_player1_T1.5.csv,answers_player1_T1.5,Q016,H,Things at the beach,12,hat,hat,1,1,0,Q016::12
Part2/outputs/answers_player1_T1.5.csv,answers_player1_T1.5,Q016,H,Things at the beach,13,hat,hat,1,1,0,Q016::13
Part2/outputs/answers_player1_T1.5.csv,answers_player1_T1.5,Q016,H,Things at the beach,14,hat,hat,1,1,0,Q016::14
Part2/outputs/answers_player1_T1.5.csv,answers_player1_T1.5,Q016,H,Things at the beach,15,hat,hat,1,1,0,Q016::15
Part2/outputs/answers_player1_T1.5.csv,answers_player1_T1.5,Q016,H,Things at the beach,16,hat,hat,1,1,0,Q016::16
Part2/outputs/answers_player1_T1.5.csv,answers_player1_T1.5,Q016,H,Things at the beach,17,hat,hat,1,1,0,Q016::17
Part2/outputs/answers_player1_T1.5.csv,answers_player1_T1.5,Q016,H,Things at the beach,18,sandcastle,sandcastle,0,0,0,Q016::18
Part2/outputs/answers_player1_T1.5.csv,answers_player1_T1.5,Q016,H,Things at the beach,19,hat,hat,1,1,0,Q016::19
Part2/outputs/answers_player1_T1.5.csv,answers_player1_T1.5,Q017,I,Cities,0,indianapolis,indianapolis,1,0,1,Q017::0
Part2/outputs/answers_player1_T1.5.csv,answers_player1_T1.5,Q017,I,Cities,1,indianapolis,indianapolis,1,1,0,Q017::1
Part2/outputs/answers_player1_T1.5.csv,answers_player1_T1.5,Q017,I,Cities,2,independence day celebrations,independence day celebrations,0,0,0,Q017::2
Part2/outputs/answers_player1_T1.5.csv,answers_player1_T1.5,Q017,I,Cities,3,iceland,iceland,0,0,0,Q017::3
Part2/outputs/answers_player1_T1.5.csv,answers_player1_T1.5,Q017,I,Cities,4,iranabad,iranabad,0,0,0,Q017::4
Part2/outputs/answers_player1_T1.5.csv,answers_player1_T1.5,Q017,I,Cities,5,indianapolis,indianapolis,1,0,1,Q017::5
Part2/outputs/answers_player1_T1.5.csv,answers_player1_T1.5,Q017,I,Cities,6,iowa city,iowa city,1,0,1,Q017::6
Part2/outputs/answers_player1_T1.5.csv,answers_player1_T1.5,Q017,I,Cities,7,irvine,irvine,1,0,1,Q017::7
Part2/outputs/answers_player1_T1.5.csv,answers_player1_T1.5,Q017,I,Cities,8,iphone city,iphone city,0,0,0,Q017::8
Part2/outputs/answers_player1_T1.5.csv,answers_player1_T1.5,Q017,I,Cities,9,istanbul,istanbul,0,0,0,Q017::9
Part2/outputs/answers_player1_T1.5.csv,answers_player1_T1.5,Q017,I,Cities,10,indianapolis,indianapolis,1,1,0,Q017::10
Part2/outputs/answers_player1_T1.5.csv,answers_player1_T1.5,Q017,I,Cities,11,iowa,iowa,0,0,0,Q017::11
Part2/outputs/answers_player1_T1.5.csv,answers_player1_T1.5,Q017,I,Cities,12,istanbul,istanbul,0,0,0,Q017::12
Part2/outputs/answers_player1_T1.5.csv,answers_player1_T1.5,Q017,I,Cities,13,iowa,iowa,0,0,0,Q017::13
Part2/outputs/answers_player1_T1.5.csv,answers_player1_T1.5,Q017,I,Cities,14,iranistan,iranistan,0,0,0,Q017::14
Part2/outputs/answers_player1_T1.5.csv,answers_player1_T1.5,Q017,I,Cities,15,iran,iran,0,0,0,Q017::15
Part2/outputs/answers_player1_T1.5.csv,answers_player1_T1.5,Q017,I,Cities,16,iran,iran,0,0,0,Q017::16
Part2/outputs/answers_player1_T1.5.csv,answers_player1_T1.5,Q017,I,Cities,17,independence day celebration city,independence day celebration city,0,0,0,Q017::17
Part2/outputs/answers_player1_T1.5.csv,answers_player1_T1.5,Q017,I,Cities,18,ibiza,ibiza,0,0,0,Q017::18
Part2/outputs/answers_player1_T1.5.csv,answers_player1_T1.5,Q017,I,Cities,19,indianapolis,indianapolis,1,0,1,Q017::19
Part2/outputs/answers_player1_T1.5.csv,answers_player1_T1.5,Q018,I,Things in a classroom,0,interior design,interior design,0,0,0,Q018::0
Part2/outputs/answers_player1_T1.5.csv,answers_player1_T1.5,Q018,I,Things in a classroom,1,interactboard,interactboard,1,0,1,Q018::1
Part2/outputs/answers_player1_T1.5.csv,answers_player1_T1.5,Q018,I,Things in a classroom,2,intelligentowl,intelligentowl,0,0,0,Q018::2
Part2/outputs/answers_player1_T1.5.csv,answers_player1_T1.5,Q018,I,Things in a classroom,3,instruction,instruction,0,0,0,Q018::3
Part2/outputs/answers_player1_T1.5.csv,answers_player1_T1.5,Q018,I,Things in a classroom,4,instruction book,instruction book,1,0,1,Q018::4
Part2/outputs/answers_player1_T1.5.csv,answers_player1_T1.5,Q018,I,Things in a classroom,5,blackboard,blackboard,1,0,1,Q018::5
Part2/outputs/answers_player1_T1.5.csv,answers_player1_T1.5,Q018,I,Things in a classroom,6,infinity worksheet,infinity worksheet,0,0,0,Q018::6
Part2/outputs/answers_player1_T1.5.csv,answers_player1_T1.5,Q018,I,Things in a classroom,7,instructor,instructor,1,0,1,Q018::7
Part2/outputs/answers_player1_T1.5.csv,answers_player1_T1.5,Q018,I,Things in a classroom,8,interactive whiteboard,interactive whiteboard,1,0,1,Q018::8
Part2/outputs/answers_player1_T1.5.csv,answers_player1_T1.5,Q018,I,Things in a classroom,9,instruction booklet,instruction booklet,1,0,1,Q018::9
Part2/outputs/answers_player1_T1.5.csv,answers_player1_T1.5,Q018,I,Things in a classroom,10,interactieve白板,interactieve,0,0,0,Q018::10
Part2/outputs/answers_player1_T1.5.csv,answers_player1_T1.5,Q018,I,Things in a classroom,11,inchworm,inchworm,0,0,0,Q018::11
Part2/outputs/answers_player1_T1.5.csv,answers_player1_T1.5,Q018,I,Things in a classroom,12,interactive whiteboard,interactive whiteboard,1,0,1,Q018::12
Part2/outputs/answers_player1_T1.5.csv,answers_player1_T1.5,Q018,I,Things in a classroom,13,interior decoration,interior decoration,0,0,0,Q018::13
Part2/outputs/answers_player1_T1.5.csv,answers_player1_T1.5,Q018,I,Things in a classroom,14,blackboard,blackboard,1,0,1,Q018::14
Part2/outputs/answers_player1_T1.5.csv,answers_player1_T1.5,Q018,I,Things in a classroom,15,interior decoration,interior decoration,0,0,0,Q018::15
Part2/outputs/answers_player1_T1.5.csv,answers_player1_T1.5,Q018,I,Things in a classroom,16,interactive whiteboard,interactive whiteboard,1,0,1,Q018::16
Part2/outputs/answers_player1_T1.5.csv,answers_player1_T1.5,Q018,I,Things in a classroom,17,interactive whiteboard,interactive whiteboard,1,0,1,Q018::17
Part2/outputs/answers_player1_T1.5.csv,answers_player1_T1.5,Q018,I,Things in a classroom,18,iPad,ipad,1,0,1,Q018::18
Part2/outputs/answers_player1_T1.5.csv,answers_player1_T1.5,Q018,I,Things in a classroom,19,iPad,ipad,1,0,1,Q018::19
Part2/outputs/answers_player1_T1.5.csv,answers_player1_T1.5,Q019,J,Car brands,0,jaguar,jaguar,1,1,0,Q019::0
Part2/outputs/answers_player1_T1.5.csv,answers_player1_T1.5,Q019,J,Car brands,1,jaguar,jaguar,1,1,0,Q019::1
Part2/outputs/answers_player1_T1.5.csv,answers_player1_T1.5,Q019,J,Car brands,2,jaguar,jaguar,1,1,0,Q019::2
Part2/outputs/answers_player1_T1.5.csv,answers_player1_T1.5,Q019,J,Car brands,3,jaguar,jaguar,1,1,0,Q019::3
Part2/outputs/answers_player1_T1.5.csv,answers_player1_T1.5,Q019,J,Car brands,4,jaguar,jaguar,1,1,0,Q019::4
Part2/outputs/answers_player1_T1.5.csv,answers_player1_T1.5,Q019,J,Car brands,5,jaguar,jaguar,1,1,0,Q019::5
Part2/outputs/answers_player1_T1.5.csv,answers_player1_T1.5,Q019,J,Car brands,6,jaguar,jaguar,1,1,0,Q019::6
Part2/outputs/answers_player1_T1.5.csv,answers_player1_T1.5,Q019,J,Car brands,7,jaguar,jaguar,1,1,0,Q019::7
Part2/outputs/answers_player1_T1.5.csv,answers_player1_T1.5,Q019,J,Car brands,8,jaguar,jaguar,1,1,0,Q019::8
Part2/outputs/answers_player1_T1.5.csv,answers_player1_T1.5,Q019,J,Car brands,9,jaguar,jaguar,1,1,0,Q019::9
Part2/outputs/answers_player1_T1.5.csv,answers_player1_T1.5,Q019,J,Car brands,10,jaguar,jaguar,1,1,0,Q019::10
Part2/outputs/answers_player1_T1.5.csv,answers_player1_T1.5,Q019,J,Car brands,11,jaguar,jaguar,1,1,0,Q019::11
Part2/outputs/answers_player1_T1.5.csv,answers_player1_T1.5,Q019,J,Car brands,12,jaguar,jaguar,1,1,0,Q019::12
Part2/outputs/answers_player1_T1.5.csv,answers_player1_T1.5,Q019,J,Car brands,13,jaguar,jaguar,1,1,0,Q019::13
Part2/outputs/answers_player1_T1.5.csv,answers_player1_T1.5,Q019,J,Car brands,14,jaguar,jaguar,1,1,0,Q019::14
Part2/outputs/answers_player1_T1.5.csv,answers_player1_T1.5,Q019,J,Car brands,15,jaguar,jaguar,1,1,0,Q019::15
Part2/outputs/answers_player1_T1.5.csv,answers_player1_T1.5,Q019,J,Car brands,16,jaguar,jaguar,1,1,0,Q019::16
Part2/outputs/answers_player1_T1.5.csv,answers_player1_T1.5,Q019,J,Car brands,17,jaguar,jaguar,1,1,0,Q019::17
Part2/outputs/answers_player1_T1.5.csv,answers_player1_T1.5,Q019,J,Car brands,18,jaguar,jaguar,1,1,0,Q019::18
Part2/outputs/answers_player1_T1.5.csv,answers_player1_T1.5,Q019,J,Car brands,19,jaguar,jaguar,1,1,0,Q019::19
Part2/outputs/answers_player1_T1.5.csv,answers_player1_T1.5,Q020,J,Video game titles,0,journey unleashed,journey unleashed,0,0,0,Q020::0
Part2/outputs/answers_player1_T1.5.csv,answers_player1_T1.5,Q020,J,Video game titles,1,just dance,just dance,1,1,0,Q020::1
Part2/outputs/answers_player1_T1.5.csv,answers_player1_T1.5,Q020,J,Video game titles,2,journeyışıng,journeyışıng,0,0,0,Q020::2
Part2/outputs/answers_player1_T1.5.csv,answers_player1_T1.5,Q020,J,Video game titles,3,just dance,just dance,1,1,0,Q020::3
Part2/outputs/answers_player1_T1.5.csv,answers_player1_T1.5,Q020,J,Video game titles,4,just dance,just dance,1,0,1,Q020::4
Part2/outputs/answers_player1_T1.5.csv,answers_player1_T1.5,Q020,J,Video game titles,5,just dance,just dance,1,1,0,Q020::5
Part2/outputs/answers_player1_T1.5.csv,answers_player1_T1.5,Q020,J,Video game titles,6,just dance,just dance,1,0,1,Q020::6
Part2/outputs/answers_player1_T1.5.csv,answers_player1_T1.5,Q020,J,Video game titles,7,just dance,just dance,1,1,0,Q020::7
Part2/outputs/answers_player1_T1.5.csv,answers_player1_T1.5,Q020,J,Video game titles,8,jungle speed,jungle speed,0,0,0,Q020::8
Part2/outputs/answers_player1_T1.5.csv,answers_player1_T1.5,Q020,J,Video game titles,9,just dance,just dance,1,1,0,Q020::9
Part2/outputs/answers_player1_T1.5.csv,answers_player1_T1.5,Q020,J,Video game titles,10,jousting conquest,jousting conquest,0,0,0,Q020::10
Part2/outputs/answers_player1_T1.5.csv,answers_player1_T1.5,Q020,J,Video game titles,11,just dance,just dance,1,1,0,Q020::11
Part2/outputs/answers_player1_T1.5.csv,answers_player1_T1.5,Q020,J,Video game titles,12,just dance,just dance,1,1,0,Q020::12
Part2/outputs/answers_player1_T1.5.csv,answers_player1_T1.5,Q020,J,Video game titles,13,jade empress,jade empress,0,0,0,Q020::13
Part2/outputs/answers_player1_T1.5.csv,answers_player1_T1.5,Q020,J,Video game titles,14,just dance,just dance,1,0,1,Q020::14
Part2/outputs/answers_player1_T1.5.csv,answers_player1_T1.5,Q020,J,Video game titles,15,journey师事务所,journey,1,0,1,Q020::15
Part2/outputs/answers_player1_T1.5.csv,answers_player1_T1.5,Q020,J,Video game titles,16,just dance,just dance,1,1,0,Q020::16
Part2/outputs/answers_player1_T1.5.csv,answers_player1_T1.5,Q020,J,Video game titles,17,just dance,just dance,1,1,0,Q020::17
Part2/outputs/answers_player1_T1.5.csv,answers_player1_T1.5,Q020,J,Video game titles,18,just dance,just dance,1,1,0,Q020::18
Part2/outputs/answers_player1_T1.5.csv,answers_player1_T1.5,Q020,J,Video game titles,19,just dance,just dance,1,1,0,Q020::19
Part2/outputs/answers_player1_T1.5.csv,answers_player1_T1.5,Q021,K,Superheroes,0,kal-eln-Man,kal-eln-man,0,0,0,Q021::0
Part2/outputs/answers_player1_T1.5.csv,answers_player1_T1.5,Q021,K,Superheroes,1,iron man,iron man,0,0,0,Q021::1
Part2/outputs/answers_player1_T1.5.csv,answers_player1_T1.5,Q021,K,Superheroes,2,kal-el,kal-el,1,1,0,Q021::2
Part2/outputs/answers_player1_T1.5.csv,answers_player1_T1.5,Q021,K,Superheroes,3,iron man,iron man,0,0,0,Q021::3
Part2/outputs/answers_player1_T1.5.csv,answers_player1_T1.5,Q021,K,Superheroes,4,iron man,iron man,0,0,0,Q021::4
Part2/outputs/answers_player1_T1.5.csv,answers_player1_T1.5,Q021,K,Superheroes,5,kal-el,kal-el,1,0,1,Q021::5
Part2/outputs/answers_player1_T1.5.csv,answers_player1_T1.5,Q021,K,Superheroes,6,kal-ellActiveSheetName,kal-ellactivesheetname,0,0,0,Q021::6
Part2/outputs/answers_player1_T1.5.csv,answers_player1_T1.5,Q021,K,Superheroes,7,iron man,iron man,0,0,0,Q021::7
Part2/outputs/answers_player1_T1.5.csv,answers_player1_T1.5,Q021,K,Superheroes,8,kal-ellios,kal-ellios,0,0,0,Q021::8
Part2/outputs/answers_player1_T1.5.csv,answers_player1_T1.5,Q021,K,Superheroes,9,iron man,iron man,0,0,0,Q021::9
Part2/outputs/answers_player1_T1.5.csv,answers_player1_T1.5,Q021,K,Superheroes,10,kal-el,kal-el,1,1,0,Q021::10
Part2/outputs/answers_player1_T1.5.csv,answers_player1_T1.5,Q021,K,Superheroes,11,king kong,king kong,0,0,0,Q021::11
Part2/outputs/answers_player1_T1.5.csv,answers_player1_T1.5,Q021,K,Superheroes,12,iron man,iron man,0,0,0,Q021::12
Part2/outputs/answers_player1_T1.5.csv,answers_player1_T1.5,Q021,K,Superheroes,13,kal-el,kal-el,1,0,1,Q021::13
Part2/outputs/answers_player1_T1.5.csv,answers_player1_T1.5,Q021,K,Superheroes,14,karnak,karnak,1,0,1,Q021::14
Part2/outputs/answers_player1_T1.5.csv,answers_player1_T1.5,Q021,K,Superheroes,15,iron man,iron man,0,0,0,Q021::15
Part2/outputs/answers_player1_T1.5.csv,answers_player1_T1.5,Q021,K,Superheroes,16,iron man,iron man,0,0,0,Q021::16
Part2/outputs/answers_player1_T1.5.csv,answers_player1_T1.5,Q021,K,Superheroes,17,kal-el,kal-el,1,1,0,Q021::17
Part2/outputs/answers_player1_T1.5.csv,answers_player1_T1.5,Q021,K,Superheroes,18,king konquistador,king konquistador,0,0,0,Q021::18
Part2/outputs/answers_player1_T1.5.csv,answers_player1_T1.5,Q021,K,Superheroes,19,king kunan,king kunan,0,0,0,Q021::19
Part2/outputs/answers_player1_T1.5.csv,answers_player1_T1.5,Q022,K,Things in a grocery store,0,ketchup,ketchup,1,0,1,Q022::0
Part2/outputs/answers_player1_T1.5.csv,answers_player1_T1.5,Q022,K,Things in a grocery store,1,ketchup,ketchup,1,0,1,Q022::1
Part2/outputs/answers_player1_T1.5.csv,answers_player1_T1.5,Q022,K,Things in a grocery store,2,kiwi,kiwi,1,0,1,Q022::2
Part2/outputs/answers_player1_T1.5.csv,answers_player1_T1.5,Q022,K,Things in a grocery store,3,kiwi,kiwi,1,0,1,Q022::3
Part2/outputs/answers_player1_T1.5.csv,answers_player1_T1.5,Q022,K,Things in a grocery store,4,kiwi,kiwi,1,0,1,Q022::4
Part2/outputs/answers_player1_T1.5.csv,answers_player1_T1.5,Q022,K,Things in a grocery store,5,kiwi,kiwi,1,0,1,Q022::5
Part2/outputs/answers_player1_T1.5.csv,answers_player1_T1.5,Q022,K,Things in a grocery store,6,ketchup,ketchup,1,0,1,Q022::6
Part2/outputs/answers_player1_T1.5.csv,answers_player1_T1.5,Q022,K,Things in a grocery store,7,kiwi,kiwi,1,1,0,Q022::7
Part2/outputs/answers_player1_T1.5.csv,answers_player1_T1.5,Q022,K,Things in a grocery store,8,ketchup,ketchup,1,0,1,Q022::8
Part2/outputs/answers_player1_T1.5.csv,answers_player1_T1.5,Q022,K,Things in a grocery store,9,kiwi,kiwi,1,0,1,Q022::9
Part2/outputs/answers_player1_T1.5.csv,answers_player1_T1.5,Q022,K,Things in a grocery store,10,ketchup,ketchup,1,0,1,Q022::10
Part2/outputs/answers_player1_T1.5.csv,answers_player1_T1.5,Q022,K,Things in a grocery store,11,kiwi,kiwi,1,1,0,Q022::11
Part2/outputs/answers_player1_T1.5.csv,answers_player1_T1.5,Q022,K,Things in a grocery store,12,kiwi,kiwi,1,0,1,Q022::12
Part2/outputs/answers_player1_T1.5.csv,answers_player1_T1.5,Q022,K,Things in a grocery store,13,kiwi,kiwi,1,1,0,Q022::13
Part2/outputs/answers_player1_T1.5.csv,answers_player1_T1.5,Q022,K,Things in a grocery store,14,kiwi,kiwi,1,1,0,Q022::14
Part2/outputs/answers_player1_T1.5.csv,answers_player1_T1.5,Q022,K,Things in a grocery store,15,kiwi,kiwi,1,0,1,Q022::15
Part2/outputs/answers_player1_T1.5.csv,answers_player1_T1.5,Q022,K,Things in a grocery store,16,ketchup,ketchup,1,0,1,Q022::16
Part2/outputs/answers_player1_T1.5.csv,answers_player1_T1.5,Q022,K,Things in a grocery store,17,kiwi,kiwi,1,0,1,Q022::17
Part2/outputs/answers_player1_T1.5.csv,answers_player1_T1.5,Q022,K,Things in a grocery store,18,ketchup,ketchup,1,0,1,Q022::18
Part2/outputs/answers_player1_T1.5.csv,answers_player1_T1.5,Q022,K,Things in a grocery store,19,ketchup,ketchup,1,0,1,Q022::19
Part2/outputs/answers_player1_T1.5.csv,answers_player1_T1.5,Q023,L,Dog breeds,0,labrador retriever,labrador retriever,1,1,0,Q023::0
Part2/outputs/answers_player1_T1.5.csv,answers_player1_T1.5,Q023,L,Dog breeds,1,labrador retriever,labrador retriever,1,1,0,Q023::1
Part2/outputs/answers_player1_T1.5.csv,answers_player1_T1.5,Q023,L,Dog breeds,2,labrador retriever,labrador retriever,1,1,0,Q023::2
Part2/outputs/answers_player1_T1.5.csv,answers_player1_T1.5,Q023,L,Dog breeds,3,labrador retriever,labrador retriever,1,1,0,Q023::3
Part2/outputs/answers_player1_T1.5.csv,answers_player1_T1.5,Q023,L,Dog breeds,4,labrador retriever,labrador retriever,1,1,0,Q023::4
Part2/outputs/answers_player1_T1.5.csv,answers_player1_T1.5,Q023,L,Dog breeds,5,labrador retriever,labrador retriever,1,1,0,Q023::5
Part2/outputs/answers_player1_T1.5.csv,answers_player1_T1.5,Q023,L,Dog breeds,6,labrador retriever,labrador retriever,1,1,0,Q023::6
Part2/outputs/answers_player1_T1.5.csv,answers_player1_T1.5,Q023,L,Dog breeds,7,labrador retriever,labrador retriever,1,1,0,Q023::7
Part2/outputs/answers_player1_T1.5.csv,answers_player1_T1.5,Q023,L,Dog breeds,8,labrador retriever,labrador retriever,1,1,0,Q023::8
Part2/outputs/answers_player1_T1.5.csv,answers_player1_T1.5,Q023,L,Dog breeds,9,labrador retriever,labrador retriever,1,1,0,Q023::9
Part2/outputs/answers_player1_T1.5.csv,answers_player1_T1.5,Q023,L,Dog breeds,10,labrador retriever,labrador retriever,1,1,0,Q023::10
Part2/outputs/answers_player1_T1.5.csv,answers_player1_T1.5,Q023,L,Dog breeds,11,labrador retriever,labrador retriever,1,1,0,Q023::11
Part2/outputs/answers_player1_T1.5.csv,answers_player1_T1.5,Q023,L,Dog breeds,12,labrador retriever,labrador retriever,1,1,0,Q023::12
Part2/outputs/answers_player1_T1.5.csv,answers_player1_T1.5,Q023,L,Dog breeds,13,labrador retriever,labrador retriever,1,1,0,Q023::13
Part2/outputs/answers_player1_T1.5.csv,answers_player1_T1.5,Q023,L,Dog breeds,14,labrador retriever,labrador retriever,1,1,0,Q023::14
Part2/outputs/answers_player1_T1.5.csv,answers_player1_T1.5,Q023,L,Dog breeds,15,labrador retriever,labrador retriever,1,1,0,Q023::15
Part2/outputs/answers_player1_T1.5.csv,answers_player1_T1.5,Q023,L,Dog breeds,16,labrador retriever,labrador retriever,1,1,0,Q023::16
Part2/outputs/answers_player1_T1.5.csv,answers_player1_T1.5,Q023,L,Dog breeds,17,labrador retriever,labrador retriever,1,1,0,Q023::17
Part2/outputs/answers_player1_T1.5.csv,answers_player1_T1.5,Q023,L,Dog breeds,18,labrador retriever,labrador retriever,1,1,0,Q023::18
Part2/outputs/answers_player1_T1.5.csv,answers_player1_T1.5,Q023,L,Dog breeds,19,labrador retriever,labrador retriever,1,1,0,Q023::19
Part2/outputs/answers_player1_T1.5.csv,answers_player1_T1.5,Q024,L,Books,0,lord of the rings,lord of the rings,1,1,0,Q024::0
Part2/outputs/answers_player1_T1.5.csv,answers_player1_T1.5,Q024,L,Books,1,lord of the flies,lord of the flies,1,0,1,Q024::1
Part2/outputs/answers_player1_T1.5.csv,answers_player1_T1.5,Q024,L,Books,2,lovecraft,lovecraft,1,0,1,Q024::2
Part2/outputs/answers_player1_T1.5.csv,answers_player1_T1.5,Q024,L,Books,3,loving,loving,0,0,0,Q024::3
Part2/outputs/answers_player1_T1.5.csv,answers_player1_T1.5,Q024,L,Books,4,lord of the rings,lord of the rings,1,1,0,Q024::4
Part2/outputs/answers_player1_T1.5.csv,answers_player1_T1.5,Q024,L,Books,5,lord of the flies,lord of the flies,1,0,1,Q024::5
Part2/outputs/answers_player1_T1.5.csv,answers_player1_T1.5,Q024,L,Books,6,lord of the rings,lord of the rings,1,0,1,Q024::6
Part2/outputs/answers_player1_T1.5.csv,answers_player1_T1.5,Q024,L,Books,7,lord of the flies,lord of the flies,1,0,1,Q024::7
Part2/outputs/answers_player1_T1.5.csv,answers_player1_T1.5,Q024,L,Books,8,lord of the rings,lord of the rings,1,0,1,Q024::8
Part2/outputs/answers_player1_T1.5.csv,answers_player1_T1.5,Q024,L,Books,9,lord of the rings,lord of the rings,1,0,1,Q024::9
Part2/outputs/answers_player1_T1.5.csv,answers_player1_T1.5,Q024,L,Books,10,lord of the rings,lord of the rings,1,0,1,Q024::10
Part2/outputs/answers_player1_T1.5.csv,answers_player1_T1.5,Q024,L,Books,11,lord of the rings,lord of the rings,1,1,0,Q024::11
Part2/outputs/answers_player1_T1.5.csv,answers_player1_T1.5,Q024,L,Books,12,lord of the rings,lord of the rings,1,1,0,Q024::12
Part2/outputs/answers_player1_T1.5.csv,answers_player1_T1.5,Q024,L,Books,13,"londonBitte note that ""London"" is an adjustment due to character limitations and","londonbitte note that ""london"" is an adjustment due to character limitations and",0,0,0,Q024::13
Part2/outputs/answers_player1_T1.5.csv,answers_player1_T1.5,Q024,L,Books,14,lady lucy,lady lucy,0,0,0,Q024::14
Part2/outputs/answers_player1_T1.5.csv,answers_player1_T1.5,Q024,L,Books,15,lorem,lorem,0,0,0,Q024::15
Part2/outputs/answers_player1_T1.5.csv,answers_player1_T1.5,Q024,L,Books,16,lord of the rings,lord of the rings,1,0,1,Q024::16
Part2/outputs/answers_player1_T1.5.csv,answers_player1_T1.5,Q024,L,Books,17,lord of the rings,lord of the rings,1,0,1,Q024::17
Part2/outputs/answers_player1_T1.5.csv,answers_player1_T1.5,Q024,L,Books,18,lord of the rings,lord of the rings,1,0,1,Q024::18
Part2/outputs/answers_player1_T1.5.csv,answers_player1_T1.5,Q024,L,Books,19,lord of the rings,lord of the rings,1,0,1,Q024::19
Part2/outputs/answers_player1_T1.5.csv,answers_player1_T1.5,Q025,M,Languages,0,mongolian,mongolian,1,0,1,Q025::0
Part2/outputs/answers_player1_T1.5.csv,answers_player1_T1.5,Q025,M,Languages,1,spanish,spanish,0,0,0,Q025::1
Part2/outputs/answers_player1_T1.5.csv,answers_player1_T1.5,Q025,M,Languages,2,spanish,spanish,0,0,0,Q025::2
Part2/outputs/answers_player1_T1.5.csv,answers_player1_T1.5,Q025,M,Languages,3,mongolian,mongolian,1,0,1,Q025::3
Part2/outputs/answers_player1_T1.5.csv,answers_player1_T1.5,Q025,M,Languages,4,mandarin,mandarin,1,0,1,Q025::4
Part2/outputs/answers_player1_T1.5.csv,answers_player1_T1.5,Q025,M,Languages,5,spanish,spanish,0,0,0,Q025::5
Part2/outputs/answers_player1_T1.5.csv,answers_player1_T1.5,Q025,M,Languages,6,mandarin,mandarin,1,1,0,Q025::6
Part2/outputs/answers_player1_T1.5.csv,answers_player1_T1.5,Q025,M,Languages,7,mongolian,mongolian,1,1,0,Q025::7
Part2/outputs/answers_player1_T1.5.csv,answers_player1_T1.5,Q025,M,Languages,8,mandarin,mandarin,1,1,0,Q025::8
Part2/outputs/answers_player1_T1.5.csv,answers_player1_T1.5,Q025,M,Languages,9,mandarin,mandarin,1,0,1,Q025::9
Part2/outputs/answers_player1_T1.5.csv,answers_player1_T1.5,Q025,M,Languages,10,spanish,spanish,0,0,0,Q025::10
Part2/outputs/answers_player1_T1.5.csv,answers_player1_T1.5,Q025,M,Languages,11,spanish,spanish,0,0,0,Q025::11
Part2/outputs/answers_player1_T1.5.csv,answers_player1_T1.5,Q025,M,Languages,12,mongolian,mongolian,1,1,0,Q025::12
Part2/outputs/answers_player1_T1.5.csv,answers_player1_T1.5,Q025,M,Languages,13,mandarin,mandarin,1,0,1,Q025::13
Part2/outputs/answers_player1_T1.5.csv,answers_player1_T1.5,Q025,M,Languages,14,mandarin,mandarin,1,1,0,Q025::14
Part2/outputs/answers_player1_T1.5.csv,answers_player1_T1.5,Q025,M,Languages,15,spanish,spanish,0,0,0,Q025::15
Part2/outputs/answers_player1_T1.5.csv,answers_player1_T1.5,Q025,M,Languages,16,mongolian,mongolian,1,1,0,Q025::16
Part2/outputs/answers_player1_T1.5.csv,answers_player1_T1.5,Q025,M,Languages,17,spanish,spanish,0,0,0,Q025::17
Part2/outputs/answers_player1_T1.5.csv,answers_player1_T1.5,Q025,M,Languages,18,mandarin,mandarin,1,0,1,Q025::18
Part2/outputs/answers_player1_T1.5.csv,answers_player1_T1.5,Q025,M,Languages,19,spanish,spanish,0,0,0,Q025::19
Part2/outputs/answers_player1_T1.5.csv,answers_player1_T1.5,Q026,M,Clothing items,0,jeans,jeans,0,0,0,Q026::0
Part2/outputs/answers_player1_T1.5.csv,answers_player1_T1.5,Q026,M,Clothing items,1,mug,mug,0,0,0,Q026::1
Part2/outputs/answers_player1_T1.5.csv,answers_player1_T1.5,Q026,M,Clothing items,2,mug,mug,0,0,0,Q026::2
Part2/outputs/answers_player1_T1.5.csv,answers_player1_T1.5,Q026,M,Clothing items,3,male jeans,male jeans,0,0,0,Q026::3
Part2/outputs/answers_player1_T1.5.csv,answers_player1_T1.5,Q026,M,Clothing items,4,mittens,mittens,1,0,1,Q026::4
Part2/outputs/answers_player1_T1.5.csv,answers_player1_T1.5,Q026,M,Clothing items,5,mug,mug,0,0,0,Q026::5
Part2/outputs/answers_player1_T1.5.csv,answers_player1_T1.5,Q026,M,Clothing items,6,jeans,jeans,0,0,0,Q026::6
Part2/outputs/answers_player1_T1.5.csv,answers_player1_T1.5,Q026,M,Clothing items,7,mug,mug,0,0,0,Q026::7
Part2/outputs/answers_player1_T1.5.csv,answers_player1_T1.5,Q026,M,Clothing items,8,sweatshirt,sweatshirt,1,0,1,Q026::8
Part2/outputs/answers_player1_T1.5.csv,answers_player1_T1.5,Q026,M,Clothing items,9,sweater,sweater,0,0,0,Q026::9
Part2/outputs/answers_player1_T1.5.csv,answers_player1_T1.5,Q026,M,Clothing items,10,men's jeans,men's jeans,1,0,1,Q026::10
Part2/outputs/answers_player1_T1.5.csv,answers_player1_T1.5,Q026,M,Clothing items,11,sweater,sweater,0,0,0,Q026::11
Part2/outputs/answers_player1_T1.5.csv,answers_player1_T1.5,Q026,M,Clothing items,12,matching,matching,0,0,0,Q026::12
Part2/outputs/answers_player1_T1.5.csv,answers_player1_T1.5,Q026,M,Clothing items,13,mittens,mittens,1,0,1,Q026::13
Part2/outputs/answers_player1_T1.5.csv,answers_player1_T1.5,Q026,M,Clothing items,14,sweater,sweater,0,0,0,Q026::14
Part2/outputs/answers_player1_T1.5.csv,answers_player1_T1.5,Q026,M,Clothing items,15,men's shirt,men's shirt,1,0,1,Q026::15
Part2/outputs/answers_player1_T1.5.csv,answers_player1_T1.5,Q026,M,Clothing items,16,mug,mug,0,0,0,Q026::16
Part2/outputs/answers_player1_T1.5.csv,answers_player1_T1.5,Q026,M,Clothing items,17,meow mix,meow mix,0,0,0,Q026::17
Part2/outputs/answers_player1_T1.5.csv,answers_player1_T1.5,Q026,M,Clothing items,18,jeans,jeans,0,0,0,Q026::18
Part2/outputs/answers_player1_T1.5.csv,answers_player1_T1.5,Q026,M,Clothing items,19,t-shirt,t-shirt,0,0,0,Q026::19
Part2/outputs/answers_player1_T1.5.csv,answers_player1_T1.5,Q027,N,Birds,0,nightingale,nightingale,1,1,0,Q027::0
Part2/outputs/answers_player1_T1.5.csv,answers_player1_T1.5,Q027,N,Birds,1,norwegian blue,norwegian blue,0,0,0,Q027::1
Part2/outputs/answers_player1_T1.5.csv,answers_player1_T1.5,Q027,N,Birds,2,nightingale,nightingale,1,1,0,Q027::2
Part2/outputs/answers_player1_T1.5.csv,answers_player1_T1.5,Q027,N,Birds,3,nightingale,nightingale,1,1,0,Q027::3
Part2/outputs/answers_player1_T1.5.csv,answers_player1_T1.5,Q027,N,Birds,4,nightingale,nightingale,1,1,0,Q027::4
Part2/outputs/answers_player1_T1.5.csv,answers_player1_T1.5,Q027,N,Birds,5,nightingale,nightingale,1,1,0,Q027::5
Part2/outputs/answers_player1_T1.5.csv,answers_player1_T1.5,Q027,N,Birds,6,nightingale,nightingale,1,0,1,Q027::6
Part2/outputs/answers_player1_T1.5.csv,answers_player1_T1.5,Q027,N,Birds,7,nutcracker,nutcracker,1,0,1,Q027::7
Part2/outputs/answers_player1_T1.5.csv,answers_player1_T1.5,Q027,N,Birds,8,nuthatch,nuthatch,1,0,1,Q027::8
Part2/outputs/answers_player1_T1.5.csv,answers_player1_T1.5,Q027,N,Birds,9,northern flicker,northern flicker,1,0,1,Q027::9
Part2/outputs/answers_player1_T1.5.csv,answers_player1_T1.5,Q027,N,Birds,10,nightingale,nightingale,1,0,1,Q027::10
Part2/outputs/answers_player1_T1.5.csv,answers_player1_T1.5,Q027,N,Birds,11,nightingale,nightingale,1,0,1,Q027::11
Part2/outputs/answers_player1_T1.5.csv,answers_player1_T1.5,Q027,N,Birds,12,noisy pigeon,noisy pigeon,0,0,0,Q027::12
Part2/outputs/answers_player1_T1.5.csv,answers_player1_T1.5,Q027,N,Birds,13,noah,noah,0,0,0,Q027::13
Part2/outputs/answers_player1_T1.5.csv,answers_player1_T1.5,Q027,N,Birds,14,nutcracker,nutcracker,1,0,1,Q027::14
Part2/outputs/answers_player1_T1.5.csv,answers_player1_T1.5,Q027,N,Birds,15,nuthatch,nuthatch,1,0,1,Q027::15
Part2/outputs/answers_player1_T1.5.csv,answers_player1_T1.5,Q027,N,Birds,16,nightingale,nightingale,1,1,0,Q027::16
Part2/outputs/answers_player1_T1.5.csv,answers_player1_T1.5,Q027,N,Birds,17,northern flicker,northern flicker,1,0,1,Q027::17
Part2/outputs/answers_player1_T1.5.csv,answers_player1_T1.5,Q027,N,Birds,18,nuthatch,nuthatch,1,0,1,Q027::18
Part2/outputs/answers_player1_T1.5.csv,answers_player1_T1.5,Q027,N,Birds,19,norwegianblue,norwegianblue,0,0,0,Q027::19
Part2/outputs/answers_player1_T1.5.csv,answers_player1_T1.5,Q028,N,Things in a hospital,0,nurse,nurse,1,1,0,Q028::0
Part2/outputs/answers_player1_T1.5.csv,answers_player1_T1.5,Q028,N,Things in a hospital,1,nurse,nurse,1,1,0,Q028::1
Part2/outputs/answers_player1_T1.5.csv,answers_player1_T1.5,Q028,N,Things in a hospital,2,nurse,nurse,1,1,0,Q028::2
Part2/outputs/answers_player1_T1.5.csv,answers_player1_T1.5,Q028,N,Things in a hospital,3,nurse,nurse,1,1,0,Q028::3
Part2/outputs/answers_player1_T1.5.csv,answers_player1_T1.5,Q028,N,Things in a hospital,4,nurse,nurse,1,1,0,Q028::4
Part2/outputs/answers_player1_T1.5.csv,answers_player1_T1.5,Q028,N,Things in a hospital,5,nurse,nurse,1,1,0,Q028::5
Part2/outputs/answers_player1_T1.5.csv,answers_player1_T1.5,Q028,N,Things in a hospital,6,nurse,nurse,1,1,0,Q028::6
Part2/outputs/answers_player1_T1.5.csv,answers_player1_T1.5,Q028,N,Things in a hospital,7,nurse,nurse,1,1,0,Q028::7
Part2/outputs/answers_player1_T1.5.csv,answers_player1_T1.5,Q028,N,Things in a hospital,8,nurse,nurse,1,1,0,Q028::8
Part2/outputs/answers_player1_T1.5.csv,answers_player1_T1.5,Q028,N,Things in a hospital,9,nurse,nurse,1,1,0,Q028::9
Part2/outputs/answers_player1_T1.5.csv,answers_player1_T1.5,Q028,N,Things in a hospital,10,nurse,nurse,1,1,0,Q028::10
Part2/outputs/answers_player1_T1.5.csv,answers_player1_T1.5,Q028,N,Things in a hospital,11,nurse,nurse,1,1,0,Q028::11
Part2/outputs/answers_player1_T1.5.csv,answers_player1_T1.5,Q028,N,Things in a hospital,12,nurse,nurse,1,1,0,Q028::12
Part2/outputs/answers_player1_T1.5.csv,answers_player1_T1.5,Q028,N,Things in a hospital,13,nurse,nurse,1,1,0,Q028::13
Part2/outputs/answers_player1_T1.5.csv,answers_player1_T1.5,Q028,N,Things in a hospital,14,nurse,nurse,1,1,0,Q028::14
Part2/outputs/answers_player1_T1.5.csv,answers_player1_T1.5,Q028,N,Things in a hospital,15,nurse,nurse,1,1,0,Q028::15
Part2/outputs/answers_player1_T1.5.csv,answers_player1_T1.5,Q028,N,Things in a hospital,16,nurse,nurse,1,1,0,Q028::16
Part2/outputs/answers_player1_T1.5.csv,answers_player1_T1.5,Q028,N,Things in a hospital,17,nurse,nurse,1,1,0,Q028::17
Part2/outputs/answers_player1_T1.5.csv,answers_player1_T1.5,Q028,N,Things in a hospital,18,nurse,nurse,1,1,0,Q028::18
Part2/outputs/answers_player1_T1.5.csv,answers_player1_T1.5,Q028,N,Things in a hospital,19,nurse,nurse,1,1,0,Q028::19
Part2/outputs/answers_player1_T1.5.csv,answers_player1_T1.5,Q029,O,Companies,0,oracle,oracle,1,1,0,Q029::0
Part2/outputs/answers_player1_T1.5.csv,answers_player1_T1.5,Q029,O,Companies,1,oracle,oracle,1,1,0,Q029::1
Part2/outputs/answers_player1_T1.5.csv,answers_player1_T1.5,Q029,O,Companies,2,oracle,oracle,1,1,0,Q029::2
Part2/outputs/answers_player1_T1.5.csv,answers_player1_T1.5,Q029,O,Companies,3,oracle,oracle,1,1,0,Q029::3
Part2/outputs/answers_player1_T1.5.csv,answers_player1_T1.5,Q029,O,Companies,4,oracle,oracle,1,0,1,Q029::4
Part2/outputs/answers_player1_T1.5.csv,answers_player1_T1.5,Q029,O,Companies,5,office depot,office depot,1,1,0,Q029::5
Part2/outputs/answers_player1_T1.5.csv,answers_player1_T1.5,Q029,O,Companies,6,oracle,oracle,1,1,0,Q029::6
Part2/outputs/answers_player1_T1.5.csv,answers_player1_T1.5,Q029,O,Companies,7,office depot,office depot,1,0,1,Q029::7
Part2/outputs/answers_player1_T1.5.csv,answers_player1_T1.5,Q029,O,Companies,8,oracle,oracle,1,1,0,Q029::8
Part2/outputs/answers_player1_T1.5.csv,answers_player1_T1.5,Q029,O,Companies,9,oracle,oracle,1,1,0,Q029::9
Part2/outputs/answers_player1_T1.5.csv,answers_player1_T1.5,Q029,O,Companies,10,office depot,office depot,1,0,1,Q029::10
Part2/outputs/answers_player1_T1.5.csv,answers_player1_T1.5,Q029,O,Companies,11,oracle,oracle,1,0,1,Q029::11
Part2/outputs/answers_player1_T1.5.csv,answers_player1_T1.5,Q029,O,Companies,12,oracle,oracle,1,1,0,Q029::12
Part2/outputs/answers_player1_T1.5.csv,answers_player1_T1.5,Q029,O,Companies,13,oracle,oracle,1,0,1,Q029::13
Part2/outputs/answers_player1_T1.5.csv,answers_player1_T1.5,Q029,O,Companies,14,office depot,office depot,1,0,1,Q029::14
Part2/outputs/answers_player1_T1.5.csv,answers_player1_T1.5,Q029,O,Companies,15,oracle,oracle,1,1,0,Q029::15
Part2/outputs/answers_player1_T1.5.csv,answers_player1_T1.5,Q029,O,Companies,16,office depot,office depot,1,0,1,Q029::16
Part2/outputs/answers_player1_T1.5.csv,answers_player1_T1.5,Q029,O,Companies,17,oracle,oracle,1,1,0,Q029::17
Part2/outputs/answers_player1_T1.5.csv,answers_player1_T1.5,Q029,O,Companies,18,oracle,oracle,1,0,1,Q029::18
Part2/outputs/answers_player1_T1.5.csv,answers_player1_T1.5,Q029,O,Companies,19,office depot,office depot,1,1,0,Q029::19
Part2/outputs/answers_player1_T1.5.csv,answers_player1_T1.5,Q030,O,Things in the sky,0,clouds,clouds,0,0,0,Q030::0
Part2/outputs/answers_player1_T1.5.csv,answers_player1_T1.5,Q030,O,Things in the sky,1,cloud,cloud,0,0,0,Q030::1
Part2/outputs/answers_player1_T1.5.csv,answers_player1_T1.5,Q030,O,Things in the sky,2,cloud,cloud,0,0,0,Q030::2
Part2/outputs/answers_player1_T1.5.csv,answers_player1_T1.5,Q030,O,Things in the sky,3,cloud,cloud,0,0,0,Q030::3
Part2/outputs/answers_player1_T1.5.csv,answers_player1_T1.5,Q030,O,Things in the sky,4,cloud,cloud,0,0,0,Q030::4
Part2/outputs/answers_player1_T1.5.csv,answers_player1_T1.5,Q030,O,Things in the sky,5,cloud,cloud,0,0,0,Q030::5
Part2/outputs/answers_player1_T1.5.csv,answers_player1_T1.5,Q030,O,Things in the sky,6,cloud,cloud,0,0,0,Q030::6
Part2/outputs/answers_player1_T1.5.csv,answers_player1_T1.5,Q030,O,Things in the sky,7,cloud,cloud,0,0,0,Q030::7
Part2/outputs/answers_player1_T1.5.csv,answers_player1_T1.5,Q030,O,Things in the sky,8,cloud,cloud,0,0,0,Q030::8
Part2/outputs/answers_player1_T1.5.csv,answers_player1_T1.5,Q030,O,Things in the sky,9,clouds,clouds,0,0,0,Q030::9
Part2/outputs/answers_player1_T1.5.csv,answers_player1_T1.5,Q030,O,Things in the sky,10,cloud,cloud,0,0,0,Q030::10
Part2/outputs/answers_player1_T1.5.csv,answers_player1_T1.5,Q030,O,Things in the sky,11,clouds,clouds,0,0,0,Q030::11
Part2/outputs/answers_player1_T1.5.csv,answers_player1_T1.5,Q030,O,Things in the sky,12,cloud,cloud,0,0,0,Q030::12
Part2/outputs/answers_player1_T1.5.csv,answers_player1_T1.5,Q030,O,Things in the sky,13,cloud,cloud,0,0,0,Q030::13
Part2/outputs/answers_player1_T1.5.csv,answers_player1_T1.5,Q030,O,Things in the sky,14,cloud,cloud,0,0,0,Q030::14
Part2/outputs/answers_player1_T1.5.csv,answers_player1_T1.5,Q030,O,Things in the sky,15,cloud,cloud,0,0,0,Q030::15
Part2/outputs/answers_player1_T1.5.csv,answers_player1_T1.5,Q030,O,Things in the sky,16,clouds,clouds,0,0,0,Q030::16
Part2/outputs/answers_player1_T1.5.csv,answers_player1_T1.5,Q030,O,Things in the sky,17,clouds,clouds,0,0,0,Q030::17
Part2/outputs/answers_player1_T1.5.csv,answers_player1_T1.5,Q030,O,Things in the sky,18,clouds,clouds,0,0,0,Q030::18
Part2/outputs/answers_player1_T1.5.csv,answers_player1_T1.5,Q030,O,Things in the sky,19,cloud,cloud,0,0,0,Q030::19
Part2/outputs/answers_player1_T1.5.csv,answers_player1_T1.5,Q031,P,Vegetables,0,pea,pea,1,0,1,Q031::0
Part2/outputs/answers_player1_T1.5.csv,answers_player1_T1.5,Q031,P,Vegetables,1,potato,potato,1,0,1,Q031::1
Part2/outputs/answers_player1_T1.5.csv,answers_player1_T1.5,Q031,P,Vegetables,2,peas,peas,1,0,1,Q031::2
Part2/outputs/answers_player1_T1.5.csv,answers_player1_T1.5,Q031,P,Vegetables,3,potato,potato,1,0,1,Q031::3
Part2/outputs/answers_player1_T1.5.csv,answers_player1_T1.5,Q031,P,Vegetables,4,"pepperoni (incorrect, but fitting the prompt's constraints)","pepperoni (incorrect, but fitting the prompt's constraints",0,0,0,Q031::4
Part2/outputs/answers_player1_T1.5.csv,answers_player1_T1.5,Q031,P,Vegetables,5,pepper,pepper,1,1,0,Q031::5
Part2/outputs/answers_player1_T1.5.csv,answers_player1_T1.5,Q031,P,Vegetables,6,pea,pea,1,0,1,Q031::6
Part2/outputs/answers_player1_T1.5.csv,answers_player1_T1.5,Q031,P,Vegetables,7,potato,potato,1,0,1,Q031::7
Part2/outputs/answers_player1_T1.5.csv,answers_player1_T1.5,Q031,P,Vegetables,8,potato,potato,1,1,0,Q031::8
Part2/outputs/answers_player1_T1.5.csv,answers_player1_T1.5,Q031,P,Vegetables,9,potato,potato,1,0,1,Q031::9
Part2/outputs/answers_player1_T1.5.csv,answers_player1_T1.5,Q031,P,Vegetables,10,pepperoni,pepperoni,0,0,0,Q031::10
Part2/outputs/answers_player1_T1.5.csv,answers_player1_T1.5,Q031,P,Vegetables,11,potato,potato,1,0,1,Q031::11
Part2/outputs/answers_player1_T1.5.csv,answers_player1_T1.5,Q031,P,Vegetables,12,pepper,pepper,1,0,1,Q031::12
Part2/outputs/answers_player1_T1.5.csv,answers_player1_T1.5,Q031,P,Vegetables,13,potato,potato,1,0,1,Q031::13
Part2/outputs/answers_player1_T1.5.csv,answers_player1_T1.5,Q031,P,Vegetables,14,potato,potato,1,1,0,Q031::14
Part2/outputs/answers_player1_T1.5.csv,answers_player1_T1.5,Q031,P,Vegetables,15,potato,potato,1,1,0,Q031::15
Part2/outputs/answers_player1_T1.5.csv,answers_player1_T1.5,Q031,P,Vegetables,16,peas,peas,1,0,1,Q031::16
Part2/outputs/answers_player1_T1.5.csv,answers_player1_T1.5,Q031,P,Vegetables,17,pepper,pepper,1,0,1,Q031::17
Part2/outputs/answers_player1_T1.5.csv,answers_player1_T1.5,Q031,P,Vegetables,18,peas,peas,1,0,1,Q031::18
Part2/outputs/answers_player1_T1.5.csv,answers_player1_T1.5,Q031,P,Vegetables,19,potato,potato,1,1,0,Q031::19
Part2/outputs/answers_player1_T1.5.csv,answers_player1_T1.5,Q032,P,Historical figures,0,pope popeye,pope popeye,0,0,0,Q032::0
Part2/outputs/answers_player1_T1.5.csv,answers_player1_T1.5,Q032,P,Historical figures,1,pompey,pompey,1,0,1,Q032::1
Part2/outputs/answers_player1_T1.5.csv,answers_player1_T1.5,Q032,P,Historical figures,2,pythagoras,pythagoras,1,0,1,Q032::2
Part2/outputs/answers_player1_T1.5.csv,answers_player1_T1.5,Q032,P,Historical figures,3,pope john paul ii,pope john paul ii,1,0,1,Q032::3
Part2/outputs/answers_player1_T1.5.csv,answers_player1_T1.5,Q032,P,Historical figures,4,plato,plato,1,0,1,Q032::4
Part2/outputs/answers_player1_T1.5.csv,answers_player1_T1.5,Q032,P,Historical figures,5,pericles,pericles,1,1,0,Q032::5
Part2/outputs/answers_player1_T1.5.csv,answers_player1_T1.5,Q032,P,Historical figures,6,pericles,pericles,1,0,1,Q032::6
Part2/outputs/answers_player1_T1.5.csv,answers_player1_T1.5,Q032,P,Historical figures,7,plato,plato,1,0,1,Q032::7
Part2/outputs/answers_player1_T1.5.csv,answers_player1_T1.5,Q032,P,Historical figures,8,plato,plato,1,1,0,Q032::8
Part2/outputs/answers_player1_T1.5.csv,answers_player1_T1.5,Q032,P,Historical figures,9,pythagoras,pythagoras,1,0,1,Q032::9
Part2/outputs/answers_player1_T1.5.csv,answers_player1_T1.5,Q032,P,Historical figures,10,plato,plato,1,0,1,Q032::10
Part2/outputs/answers_player1_T1.5.csv,answers_player1_T1.5,Q032,P,Historical figures,11,patrick henry,patrick henry,1,0,1,Q032::11
Part2/outputs/answers_player1_T1.5.csv,answers_player1_T1.5,Q032,P,Historical figures,12,pope john paul ii,pope john paul ii,1,0,1,Q032::12
Part2/outputs/answers_player1_T1.5.csv,answers_player1_T1.5,Q032,P,Historical figures,13,plato,plato,1,1,0,Q032::13
Part2/outputs/answers_player1_T1.5.csv,answers_player1_T1.5,Q032,P,Historical figures,14,pericles,pericles,1,1,0,Q032::14
Part2/outputs/answers_player1_T1.5.csv,answers_player1_T1.5,Q032,P,Historical figures,15,plato,plato,1,1,0,Q032::15
Part2/outputs/answers_player1_T1.5.csv,answers_player1_T1.5,Q032,P,Historical figures,16,pericles,pericles,1,0,1,Q032::16
Part2/outputs/answers_player1_T1.5.csv,answers_player1_T1.5,Q032,P,Historical figures,17,pythagoras,pythagoras,1,0,1,Q032::17
Part2/outputs/answers_player1_T1.5.csv,answers_player1_T1.5,Q032,P,Historical figures,18,pythagoras,pythagoras,1,0,1,Q032::18
Part2/outputs/answers_player1_T1.5.csv,answers_player1_T1.5,Q032,P,Historical figures,19,plato,plato,1,0,1,Q032::19
Part2/outputs/answers_player1_T1.5.csv,answers_player1_T1.5,Q033,Q,Words in English,0,quick,quick,1,0,1,Q033::0
Part2/outputs/answers_player1_T1.5.csv,answers_player1_T1.5,Q033,Q,Words in English,1,queen,queen,1,0,1,Q033::1
Part2/outputs/answers_player1_T1.5.csv,answers_player1_T1.5,Q033,Q,Words in English,2,quaint shop,quaint shop,0,0,0,Q033::2
Part2/outputs/answers_player1_T1.5.csv,answers_player1_T1.5,Q033,Q,Words in English,3,quick,quick,1,0,1,Q033::3
Part2/outputs/answers_player1_T1.5.csv,answers_player1_T1.5,Q033,Q,Words in English,4,quilt,quilt,1,1,0,Q033::4
Part2/outputs/answers_player1_T1.5.csv,answers_player1_T1.5,Q033,Q,Words in English,5,quaint,quaint,1,0,1,Q033::5
Part2/outputs/answers_player1_T1.5.csv,answers_player1_T1.5,Q033,Q,Words in English,6,quaint,quaint,1,0,1,Q033::6
Part2/outputs/answers_player1_T1.5.csv,answers_player1_T1.5,Q033,Q,Words in English,7,quill,quill,1,0,1,Q033::7
Part2/outputs/answers_player1_T1.5.csv,answers_player1_T1.5,Q033,Q,Words in English,8,quill,quill,1,1,0,Q033::8
Part2/outputs/answers_player1_T1.5.csv,answers_player1_T1.5,Q033,Q,Words in English,9,quick,quick,1,0,1,Q033::9
Part2/outputs/answers_player1_T1.5.csv,answers_player1_T1.5,Q033,Q,Words in English,10,queen,queen,1,0,1,Q033::10
Part2/outputs/answers_player1_T1.5.csv,answers_player1_T1.5,Q033,Q,Words in English,11,queen,queen,1,0,1,Q033::11
Part2/outputs/answers_player1_T1.5.csv,answers_player1_T1.5,Q033,Q,Words in English,12,quilt,quilt,1,0,1,Q033::12
Part2/outputs/answers_player1_T1.5.csv,answers_player1_T1.5,Q033,Q,Words in English,13,queen,queen,1,0,1,Q033::13
Part2/outputs/answers_player1_T1.5.csv,answers_player1_T1.5,Q033,Q,Words in English,14,queen,queen,1,0,1,Q033::14
Part2/outputs/answers_player1_T1.5.csv,answers_player1_T1.5,Q033,Q,Words in English,15,quill,quill,1,0,1,Q033::15
Part2/outputs/answers_player1_T1.5.csv,answers_player1_T1.5,Q033,Q,Words in English,16,quilt,quilt,1,1,0,Q033::16
Part2/outputs/answers_player1_T1.5.csv,answers_player1_T1.5,Q033,Q,Words in English,17,quilt,quilt,1,0,1,Q033::17
Part2/outputs/answers_player1_T1.5.csv,answers_player1_T1.5,Q033,Q,Words in English,18,quill,quill,1,0,1,Q033::18
Part2/outputs/answers_player1_T1.5.csv,answers_player1_T1.5,Q033,Q,Words in English,19,quilt,quilt,1,0,1,Q033::19
Part2/outputs/answers_player1_T1.5.csv,answers_player1_T1.5,Q034,Q,Fictional characters,0,queen noir,queen noir,0,0,0,Q034::0
Part2/outputs/answers_player1_T1.5.csv,answers_player1_T1.5,Q034,Q,Fictional characters,1,quasimodo,quasimodo,1,0,1,Q034::1
Part2/outputs/answers_player1_T1.5.csv,answers_player1_T1.5,Q034,Q,Fictional characters,2,quasimoto,quasimoto,0,0,0,Q034::2
Part2/outputs/answers_player1_T1.5.csv,answers_player1_T1.5,Q034,Q,Fictional characters,3,quasimodo,quasimodo,1,1,0,Q034::3
Part2/outputs/answers_player1_T1.5.csv,answers_player1_T1.5,Q034,Q,Fictional characters,4,quasimodo,quasimodo,1,0,1,Q034::4
Part2/outputs/answers_player1_T1.5.csv,answers_player1_T1.5,Q034,Q,Fictional characters,5,quasimodo,quasimodo,1,0,1,Q034::5
Part2/outputs/answers_player1_T1.5.csv,answers_player1_T1.5,Q034,Q,Fictional characters,6,quasimodo,quasimodo,1,0,1,Q034::6
Part2/outputs/answers_player1_T1.5.csv,answers_player1_T1.5,Q034,Q,Fictional characters,7,quasimodo,quasimodo,1,1,0,Q034::7
Part2/outputs/answers_player1_T1.5.csv,answers_player1_T1.5,Q034,Q,Fictional characters,8,quasimodo,quasimodo,1,1,0,Q034::8
Part2/outputs/answers_player1_T1.5.csv,answers_player1_T1.5,Q034,Q,Fictional characters,9,quasimodo,quasimodo,1,0,1,Q034::9
Part2/outputs/answers_player1_T1.5.csv,answers_player1_T1.5,Q034,Q,Fictional characters,10,queenジーmahjong,queenジーmahjong,0,0,0,Q034::10
Part2/outputs/answers_player1_T1.5.csv,answers_player1_T1.5,Q034,Q,Fictional characters,11,quasimodo,quasimodo,1,1,0,Q034::11
Part2/outputs/answers_player1_T1.5.csv,answers_player1_T1.5,Q034,Q,Fictional characters,12,quasimodo,quasimodo,1,1,0,Q034::12
Part2/outputs/answers_player1_T1.5.csv,answers_player1_T1.5,Q034,Q,Fictional characters,13,queen rudolf,queen rudolf,0,0,0,Q034::13
Part2/outputs/answers_player1_T1.5.csv,answers_player1_T1.5,Q034,Q,Fictional characters,14,quasimodo,quasimodo,1,1,0,Q034::14
Part2/outputs/answers_player1_T1.5.csv,answers_player1_T1.5,Q034,Q,Fictional characters,15,quasimodo,quasimodo,1,0,1,Q034::15
Part2/outputs/answers_player1_T1.5.csv,answers_player1_T1.5,Q034,Q,Fictional characters,16,queen jasmine,queen jasmine,0,0,0,Q034::16
Part2/outputs/answers_player1_T1.5.csv,answers_player1_T1.5,Q034,Q,Fictional characters,17,quasimodo,quasimodo,1,1,0,Q034::17
Part2/outputs/answers_player1_T1.5.csv,answers_player1_T1.5,Q034,Q,Fictional characters,18,quasimodo,quasimodo,1,1,0,Q034::18
Part2/outputs/answers_player1_T1.5.csv,answers_player1_T1.5,Q034,Q,Fictional characters,19,quasimodo,quasimodo,1,1,0,Q034::19
Part2/outputs/answers_player1_T1.5.csv,answers_player1_T1.5,Q035,R,Songs,0,raindrops keep falling on my head,raindrops keep falling on my head,0,0,0,Q035::0
Part2/outputs/answers_player1_T1.5.csv,answers_player1_T1.5,Q035,R,Songs,1,raindrops keep falling on my head,raindrops keep falling on my head,0,0,0,Q035::1
Part2/outputs/answers_player1_T1.5.csv,answers_player1_T1.5,Q035,R,Songs,2,radiohead,radiohead,0,0,0,Q035::2
Part2/outputs/answers_player1_T1.5.csv,answers_player1_T1.5,Q035,R,Songs,3,river song,river song,0,0,0,Q035::3
Part2/outputs/answers_player1_T1.5.csv,answers_player1_T1.5,Q035,R,Songs,4,raindrops keep falling on my head,raindrops keep falling on my head,0,0,0,Q035::4
Part2/outputs/answers_player1_T1.5.csv,answers_player1_T1.5,Q035,R,Songs,5,raindrops keep falling on my head,raindrops keep falling on my head,0,0,0,Q035::5
Part2/outputs/answers_player1_T1.5.csv,answers_player1_T1.5,Q035,R,Songs,6,rolling in the deep,rolling in the deep,0,0,0,Q035::6
Part2/outputs/answers_player1_T1.5.csv,answers_player1_T1.5,Q035,R,Songs,7,rockin' robes,rockin' robes,0,0,0,Q035::7
Part2/outputs/answers_player1_T1.5.csv,answers_player1_T1.5,Q035,R,Songs,8,raindrops keep falling on my head,raindrops keep falling on my head,0,0,0,Q035::8
Part2/outputs/answers_player1_T1.5.csv,answers_player1_T1.5,Q035,R,Songs,9,radioheads rèstoration,radioheads rèstoration,0,0,0,Q035::9
Part2/outputs/answers_player1_T1.5.csv,answers_player1_T1.5,Q035,R,Songs,10,rock and roll,rock and roll,0,0,0,Q035::10
Part2/outputs/answers_player1_T1.5.csv,answers_player1_T1.5,Q035,R,Songs,11,rolling in the deep,rolling in the deep,0,0,0,Q035::11
Part2/outputs/answers_player1_T1.5.csv,answers_player1_T1.5,Q035,R,Songs,12,red red deli,red red deli,0,0,0,Q035::12
Part2/outputs/answers_player1_T1.5.csv,answers_player1_T1.5,Q035,R,Songs,13,rhythm of the rain,rhythm of the rain,1,0,1,Q035::13
Part2/outputs/answers_player1_T1.5.csv,answers_player1_T1.5,Q035,R,Songs,14,rockin' robin,rockin' robin,1,0,1,Q035::14
Part2/outputs/answers_player1_T1.5.csv,answers_player1_T1.5,Q035,R,Songs,15,rockin' riviera,rockin' riviera,0,0,0,Q035::15
Part2/outputs/answers_player1_T1.5.csv,answers_player1_T1.5,Q035,R,Songs,16,radioheadsStrictEqual,radioheadsstrictequal,0,0,0,Q035::16
Part2/outputs/answers_player1_T1.5.csv,answers_player1_T1.5,Q035,R,Songs,17,radioactive rainscats,radioactive rainscats,0,0,0,Q035::17
Part2/outputs/answers_player1_T1.5.csv,answers_player1_T1.5,Q035,R,Songs,18,radioheads الرحمن,radioheads,0,0,0,Q035::18
Part2/outputs/answers_player1_T1.5.csv,answers_player1_T1.5,Q035,R,Songs,19,raging thunder,raging thunder,0,0,0,Q035::19
Part2/outputs/answers_player1_T1.5.csv,answers_player1_T1.5,Q036,R,Tools,0,rake,rake,1,0,1,Q036::0
Part2/outputs/answers_player1_T1.5.csv,answers_player1_T1.5,Q036,R,Tools,1,rake,rake,1,0,1,Q036::1
Part2/outputs/answers_player1_T1.5.csv,answers_player1_T1.5,Q036,R,Tools,2,pliers,pliers,0,0,0,Q036::2
Part2/outputs/answers_player1_T1.5.csv,answers_player1_T1.5,Q036,R,Tools,3,ruler,ruler,1,0,1,Q036::3
Part2/outputs/answers_player1_T1.5.csv,answers_player1_T1.5,Q036,R,Tools,4,pliers,pliers,0,0,0,Q036::4
Part2/outputs/answers_player1_T1.5.csv,answers_player1_T1.5,Q036,R,Tools,5,rake,rake,1,1,0,Q036::5
Part2/outputs/answers_player1_T1.5.csv,answers_player1_T1.5,Q036,R,Tools,6,ruler,ruler,1,0,1,Q036::6
Part2/outputs/answers_player1_T1.5.csv,answers_player1_T1.5,Q036,R,Tools,7,razor,razor,1,0,1,Q036::7
Part2/outputs/answers_player1_T1.5.csv,answers_player1_T1.5,Q036,R,Tools,8,razor,razor,1,1,0,Q036::8
Part2/outputs/answers_player1_T1.5.csv,answers_player1_T1.5,Q036,R,Tools,9,rake,rake,1,0,1,Q036::9
Part2/outputs/answers_player1_T1.5.csv,answers_player1_T1.5,Q036,R,Tools,10,ruler,ruler,1,1,0,Q036::10
Part2/outputs/answers_player1_T1.5.csv,answers_player1_T1.5,Q036,R,Tools,11,rubber hammer,rubber hammer,1,0,1,Q036::11
Part2/outputs/answers_player1_T1.5.csv,answers_player1_T1.5,Q036,R,Tools,12,rubber hose,rubber hose,1,0,1,Q036::12
Part2/outputs/answers_player1_T1.5.csv,answers_player1_T1.5,Q036,R,Tools,13,rubber mallet,rubber mallet,1,1,0,Q036::13
Part2/outputs/answers_player1_T1.5.csv,answers_player1_T1.5,Q036,R,Tools,14,rubber gloves,rubber gloves,0,0,0,Q036::14
Part2/outputs/answers_player1_T1.5.csv,answers_player1_T1.5,Q036,R,Tools,15,rubberباشرة,rubber,0,0,0,Q036::15
Part2/outputs/answers_player1_T1.5.csv,answers_player1_T1.5,Q036,R,Tools,16,ruler,ruler,1,0,1,Q036::16
Part2/outputs/answers_player1_T1.5.csv,answers_player1_T1.5,Q036,R,Tools,17,pliers,pliers,0,0,0,Q036::17
Part2/outputs/answers_player1_T1.5.csv,answers_player1_T1.5,Q036,R,Tools,18,razor,razor,1,0,1,Q036::18
Part2/outputs/answers_player1_T1.5.csv,answers_player1_T1.5,Q036,R,Tools,19,rubber,rubber,0,0,0,Q036::19
Part2/outputs/answers_player1_T1.5.csv,answers_player1_T1.5,Q037,S,Animals,0,squirrel,squirrel,1,0,1,Q037::0
Part2/outputs/answers_player1_T1.5.csv,answers_player1_T1.5,Q037,S,Animals,1,squirrel,squirrel,1,0,1,Q037::1
Part2/outputs/answers_player1_T1.5.csv,answers_player1_T1.5,Q037,S,Animals,2,squirrel,squirrel,1,0,1,Q037::2
Part2/outputs/answers_player1_T1.5.csv,answers_player1_T1.5,Q037,S,Animals,3,squirrel,squirrel,1,1,0,Q037::3
Part2/outputs/answers_player1_T1.5.csv,answers_player1_T1.5,Q037,S,Animals,4,snake,snake,1,0,1,Q037::4
Part2/outputs/answers_player1_T1.5.csv,answers_player1_T1.5,Q037,S,Animals,5,squirrel,squirrel,1,0,1,Q037::5
Part2/outputs/answers_player1_T1.5.csv,answers_player1_T1.5,Q037,S,Animals,6,snail,snail,1,0,1,Q037::6
Part2/outputs/answers_player1_T1.5.csv,answers_player1_T1.5,Q037,S,Animals,7,squirrel,squirrel,1,1,0,Q037::7
Part2/outputs/answers_player1_T1.5.csv,answers_player1_T1.5,Q037,S,Animals,8,squirrel,squirrel,1,1,0,Q037::8
Part2/outputs/answers_player1_T1.5.csv,answers_player1_T1.5,Q037,S,Animals,9,squirrel,squirrel,1,0,1,Q037::9
Part2/outputs/answers_player1_T1.5.csv,answers_player1_T1.5,Q037,S,Animals,10,snake,snake,1,1,0,Q037::10
Part2/outputs/answers_player1_T1.5.csv,answers_player1_T1.5,Q037,S,Animals,11,snake,snake,1,0,1,Q037::11
Part2/outputs/answers_player1_T1.5.csv,answers_player1_T1.5,Q037,S,Animals,12,squirrel,squirrel,1,0,1,Q037::12
Part2/outputs/answers_player1_T1.5.csv,answers_player1_T1.5,Q037,S,Animals,13,snail,snail,1,0,1,Q037::13
Part2/outputs/answers_player1_T1.5.csv,answers_player1_T1.5,Q037,S,Animals,14,squirrel,squirrel,1,1,0,Q037::14
Part2/outputs/answers_player1_T1.5.csv,answers_player1_T1.5,Q037,S,Animals,15,squirrel,squirrel,1,0,1,Q037::15
Part2/outputs/answers_player1_T1.5.csv,answers_player1_T1.5,Q037,S,Animals,16,squirrel,squirrel,1,0,1,Q037::16
Part2/outputs/answers_player1_T1.5.csv,answers_player1_T1.5,Q037,S,Animals,17,seal,seal,1,0,1,Q037::17
Part2/outputs/answers_player1_T1.5.csv,answers_player1_T1.5,Q037,S,Animals,18,polar bear,polar bear,0,0,0,Q037::18
Part2/outputs/answers_player1_T1.5.csv,answers_player1_T1.5,Q037,S,Animals,19,sea lion,sea lion,1,0,1,Q037::19
Part2/outputs/answers_player1_T1.5.csv,answers_player1_T1.5,Q038,S,Things in an office,0,stapler,stapler,1,0,1,Q038::0
Part2/outputs/answers_player1_T1.5.csv,answers_player1_T1.5,Q038,S,Things in an office,1,stapler,stapler,1,0,1,Q038::1
Part2/outputs/answers_player1_T1.5.csv,answers_player1_T1.5,Q038,S,Things in an office,2,desk,desk,1,0,1,Q038::2
Part2/outputs/answers_player1_T1.5.csv,answers_player1_T1.5,Q038,S,Things in an office,3,scanner,scanner,1,0,1,Q038::3
Part2/outputs/answers_player1_T1.5.csv,answers_player1_T1.5,Q038,S,Things in an office,4,supply closet,supply closet,1,0,1,Q038::4
Part2/outputs/answers_player1_T1.5.csv,answers_player1_T1.5,Q038,S,Things in an office,5,chair,chair,0,0,0,Q038::5
Part2/outputs/answers_player1_T1.5.csv,answers_player1_T1.5,Q038,S,Things in an office,6,chair,chair,0,0,0,Q038::6
Part2/outputs/answers_player1_T1.5.csv,answers_player1_T1.5,Q038,S,Things in an office,7,paperclip,paperclip,1,0,1,Q038::7
Part2/outputs/answers_player1_T1.5.csv,answers_player1_T1.5,Q038,S,Things in an office,8,stylerosa,stylerosa,0,0,0,Q038::8
Part2/outputs/answers_player1_T1.5.csv,answers_player1_T1.5,Q038,S,Things in an office,9,scissors,scissors,1,0,1,Q038::9
Part2/outputs/answers_player1_T1.5.csv,answers_player1_T1.5,Q038,S,Things in an office,10,stapler,stapler,1,0,1,Q038::10
Part2/outputs/answers_player1_T1.5.csv,answers_player1_T1.5,Q038,S,Things in an office,11,stapler,stapler,1,1,0,Q038::11
Part2/outputs/answers_player1_T1.5.csv,answers_player1_T1.5,Q038,S,Things in an office,12,stapler,stapler,1,0,1,Q038::12
Part2/outputs/answers_player1_T1.5.csv,answers_player1_T1.5,Q038,S,Things in an office,13,stylish_pen,stylish_pen,0,0,0,Q038::13
Part2/outputs/answers_player1_T1.5.csv,answers_player1_T1.5,Q038,S,Things in an office,14,stapler,stapler,1,1,0,Q038::14
Part2/outputs/answers_player1_T1.5.csv,answers_player1_T1.5,Q038,S,Things in an office,15,stapler,stapler,1,1,0,Q038::15
Part2/outputs/answers_player1_T1.5.csv,answers_player1_T1.5,Q038,S,Things in an office,16,supply cabinet,supply cabinet,1,0,1,Q038::16
Part2/outputs/answers_player1_T1.5.csv,answers_player1_T1.5,Q038,S,Things in an office,17,scanner,scanner,1,1,0,Q038::17
Part2/outputs/answers_player1_T1.5.csv,answers_player1_T1.5,Q038,S,Things in an office,18,supply cabinet,supply cabinet,1,0,1,Q038::18
Part2/outputs/answers_player1_T1.5.csv,answers_player1_T1.5,Q038,S,Things in an office,19,stampedesque desk,stampedesque desk,0,0,0,Q038::19
Part2/outputs/answers_player1_T1.5.csv,answers_player1_T1.5,Q039,T,Countries,0,tunisia,tunisia,1,0,1,Q039::0
Part2/outputs/answers_player1_T1.5.csv,answers_player1_T1.5,Q039,T,Countries,1,taiwan,taiwan,1,0,1,Q039::1
Part2/outputs/answers_player1_T1.5.csv,answers_player1_T1.5,Q039,T,Countries,2,tunisia,tunisia,1,1,0,Q039::2
Part2/outputs/answers_player1_T1.5.csv,answers_player1_T1.5,Q039,T,Countries,3,tunisia,tunisia,1,1,0,Q039::3
Part2/outputs/answers_player1_T1.5.csv,answers_player1_T1.5,Q039,T,Countries,4,tunisia,tunisia,1,0,1,Q039::4
Part2/outputs/answers_player1_T1.5.csv,answers_player1_T1.5,Q039,T,Countries,5,taiwan,taiwan,1,0,1,Q039::5
Part2/outputs/answers_player1_T1.5.csv,answers_player1_T1.5,Q039,T,Countries,6,thailand,thailand,1,0,1,Q039::6
Part2/outputs/answers_player1_T1.5.csv,answers_player1_T1.5,Q039,T,Countries,7,thailand,thailand,1,0,1,Q039::7
Part2/outputs/answers_player1_T1.5.csv,answers_player1_T1.5,Q039,T,Countries,8,taiwan,taiwan,1,0,1,Q039::8
Part2/outputs/answers_player1_T1.5.csv,answers_player1_T1.5,Q039,T,Countries,9,tunisia,tunisia,1,1,0,Q039::9
Part2/outputs/answers_player1_T1.5.csv,answers_player1_T1.5,Q039,T,Countries,10,taiwan,taiwan,1,0,1,Q039::10
Part2/outputs/answers_player1_T1.5.csv,answers_player1_T1.5,Q039,T,Countries,11,tunisia,tunisia,1,0,1,Q039::11
Part2/outputs/answers_player1_T1.5.csv,answers_player1_T1.5,Q039,T,Countries,12,taiwan,taiwan,1,0,1,Q039::12
Part2/outputs/answers_player1_T1.5.csv,answers_player1_T1.5,Q039,T,Countries,13,turkey,turkey,1,0,1,Q039::13
Part2/outputs/answers_player1_T1.5.csv,answers_player1_T1.5,Q039,T,Countries,14,taiwan,taiwan,1,0,1,Q039::14
Part2/outputs/answers_player1_T1.5.csv,answers_player1_T1.5,Q039,T,Countries,15,taiwan,taiwan,1,1,0,Q039::15
Part2/outputs/answers_player1_T1.5.csv,answers_player1_T1.5,Q039,T,Countries,16,tunisia,tunisia,1,0,1,Q039::16
Part2/outputs/answers_player1_T1.5.csv,answers_player1_T1.5,Q039,T,Countries,17,thailand,thailand,1,1,0,Q039::17
Part2/outputs/answers_player1_T1.5.csv,answers_player1_T1.5,Q039,T,Countries,18,thailand,thailand,1,1,0,Q039::18
Part2/outputs/answers_player1_T1.5.csv,answers_player1_T1.5,Q039,T,Countries,19,thailand,thailand,1,0,1,Q039::19
Part2/outputs/answers_player1_T1.5.csv,answers_player1_T1.5,Q040,T,TV shows,0,thirtysomething,thirtysomething,1,0,1,Q040::0
Part2/outputs/answers_player1_T1.5.csv,answers_player1_T1.5,Q040,T,TV shows,1,thrive trens,thrive trens,0,0,0,Q040::1
Part2/outputs/answers_player1_T1.5.csv,answers_player1_T1.5,Q040,T,TV shows,2,the vampire diaries,the vampire diaries,1,0,1,Q040::2
Part2/outputs/answers_player1_T1.5.csv,answers_player1_T1.5,Q040,T,TV shows,3,thunderous thursday,thunderous thursday,0,0,0,Q040::3
Part2/outputs/answers_player1_T1.5.csv,answers_player1_T1.5,Q040,T,TV shows,4,the punisher,the punisher,1,0,1,Q040::4
Part2/outputs/answers_player1_T1.5.csv,answers_player1_T1.5,Q040,T,TV shows,5,twin peaks,twin peaks,1,0,1,Q040::5
Part2/outputs/answers_player1_T1.5.csv,answers_player1_T1.5,Q040,T,TV shows,6,twilight zone,twilight zone,1,0,1,Q040::6
Part2/outputs/answers_player1_T1.5.csv,answers_player1_T1.5,Q040,T,TV shows,7,the simpsons,the simpsons,0,0,0,Q040::7
Part2/outputs/answers_player1_T1.5.csv,answers_player1_T1.5,Q040,T,TV shows,8,thirtynine shades of grey,thirtynine shades of grey,0,0,0,Q040::8
Part2/outputs/answers_player1_T1.5.csv,answers_player1_T1.5,Q040,T,TV shows,9,thundermans,thundermans,1,0,1,Q040::9
Part2/outputs/answers_player1_T1.5.csv,answers_player1_T1.5,Q040,T,TV shows,10,thirtysomething,thirtysomething,1,0,1,Q040::10
Part2/outputs/answers_player1_T1.5.csv,answers_player1_T1.5,Q040,T,TV shows,11,the thunderöne,the thunderöne,0,0,0,Q040::11
Part2/outputs/answers_player1_T1.5.csv,answers_player1_T1.5,Q040,T,TV shows,12,thirtynine summers,thirtynine summers,0,0,0,Q040::12
Part2/outputs/answers_player1_T1.5.csv,answers_player1_T1.5,Q040,T,TV shows,13,the blacklist,the blacklist,0,0,0,Q040::13
Part2/outputs/answers_player1_T1.5.csv,answers_player1_T1.5,Q040,T,TV shows,14,thrive全球禁止服务术语,thrive,0,0,0,Q040::14
Part2/outputs/answers_player1_T1.5.csv,answers_player1_T1.5,Q040,T,TV shows,15,the office,the office,0,0,0,Q040::15
Part2/outputs/answers_player1_T1.5.csv,answers_player1_T1.5,Q040,T,TV shows,16,that's lucky,that's lucky,0,0,0,Q040::16
Part2/outputs/answers_player1_T1.5.csv,answers_player1_T1.5,Q040,T,TV shows,17,that's none sitcoms,that's none sitcoms,0,0,0,Q040::17
Part2/outputs/answers_player1_T1.5.csv,answers_player1_T1.5,Q040,T,TV shows,18,the twilight zone,the twilight zone,1,0,1,Q040::18
Part2/outputs/answers_player1_T1.5.csv,answers_player1_T1.5,Q040,T,TV shows,19,the twilight zone,the twilight zone,1,0,1,Q040::19
Part2/outputs/answers_player1_T1.5.csv,answers_player1_T1.5,Q041,U,U.S. colleges,0,university of utah,university of utah,1,0,1,Q041::0
Part2/outputs/answers_player1_T1.5.csv,answers_player1_T1.5,Q041,U,U.S. colleges,1,university of utah,university of utah,1,0,1,Q041::1
Part2/outputs/answers_player1_T1.5.csv,answers_player1_T1.5,Q041,U,U.S. colleges,2,university of utah,university of utah,1,1,0,Q041::2
Part2/outputs/answers_player1_T1.5.csv,answers_player1_T1.5,Q041,U,U.S. colleges,3,university of colorado,university of colorado,1,0,1,Q041::3
Part2/outputs/answers_player1_T1.5.csv,answers_player1_T1.5,Q041,U,U.S. colleges,4,university of michigan,university of michigan,0,0,0,Q041::4
Part2/outputs/answers_player1_T1.5.csv,answers_player1_T1.5,Q041,U,U.S. colleges,5,university of michigan,university of michigan,0,0,0,Q041::5
Part2/outputs/answers_player1_T1.5.csv,answers_player1_T1.5,Q041,U,U.S. colleges,6,university of maryland,university of maryland,0,0,0,Q041::6
Part2/outputs/answers_player1_T1.5.csv,answers_player1_T1.5,Q041,U,U.S. colleges,7,university of pennsylvania,university of pennsylvania,0,0,0,Q041::7
Part2/outputs/answers_player1_T1.5.csv,answers_player1_T1.5,Q041,U,U.S. colleges,8,university of pennsylvania,university of pennsylvania,0,0,0,Q041::8
Part2/outputs/answers_player1_T1.5.csv,answers_player1_T1.5,Q041,U,U.S. colleges,9,university of utah,university of utah,1,0,1,Q041::9
Part2/outputs/answers_player1_T1.5.csv,answers_player1_T1.5,Q041,U,U.S. colleges,10,university of utah,university of utah,1,0,1,Q041::10
Part2/outputs/answers_player1_T1.5.csv,answers_player1_T1.5,Q041,U,U.S. colleges,11,university of utah,university of utah,1,1,0,Q041::11
Part2/outputs/answers_player1_T1.5.csv,answers_player1_T1.5,Q041,U,U.S. colleges,12,university of maryland,university of maryland,0,0,0,Q041::12
Part2/outputs/answers_player1_T1.5.csv,answers_player1_T1.5,Q041,U,U.S. colleges,13,university of michigan,university of michigan,0,0,0,Q041::13
Part2/outputs/answers_player1_T1.5.csv,answers_player1_T1.5,Q041,U,U.S. colleges,14,university of utah,university of utah,1,1,0,Q041::14
Part2/outputs/answers_player1_T1.5.csv,answers_player1_T1.5,Q041,U,U.S. colleges,15,university of maryland,university of maryland,0,0,0,Q041::15
Part2/outputs/answers_player1_T1.5.csv,answers_player1_T1.5,Q041,U,U.S. colleges,16,university of colorado,university of colorado,1,0,1,Q041::16
Part2/outputs/answers_player1_T1.5.csv,answers_player1_T1.5,Q041,U,U.S. colleges,17,university of pennsylvania,university of pennsylvania,0,0,0,Q041::17
Part2/outputs/answers_player1_T1.5.csv,answers_player1_T1.5,Q041,U,U.S. colleges,18,university of utah,university of utah,1,1,0,Q041::18
Part2/outputs/answers_player1_T1.5.csv,answers_player1_T1.5,Q041,U,U.S. colleges,19,university of pennsylvania,university of pennsylvania,0,0,0,Q041::19
Part2/outputs/answers_player1_T1.5.csv,answers_player1_T1.5,Q042,U,Things in a garage,0,uncle sam hat,uncle sam hat,0,0,0,Q042::0
Part2/outputs/answers_player1_T1.5.csv,answers_player1_T1.5,Q042,U,Things in a garage,1,umpire,umpire,0,0,0,Q042::1
Part2/outputs/answers_player1_T1.5.csv,answers_player1_T1.5,Q042,U,Things in a garage,2,uncle's old toolbox,uncle's old toolbox,0,0,0,Q042::2
Part2/outputs/answers_player1_T1.5.csv,answers_player1_T1.5,Q042,U,Things in a garage,3,umbrella,umbrella,0,0,0,Q042::3
Part2/outputs/answers_player1_T1.5.csv,answers_player1_T1.5,Q042,U,Things in a garage,4,uncle's toolbox,uncle's toolbox,0,0,0,Q042::4
Part2/outputs/answers_player1_T1.5.csv,answers_player1_T1.5,Q042,U,Things in a garage,5,utility box,utility box,1,0,1,Q042::5
Part2/outputs/answers_player1_T1.5.csv,answers_player1_T1.5,Q042,U,Things in a garage,6,uncle's toolbox,uncle's toolbox,0,0,0,Q042::6
Part2/outputs/answers_player1_T1.5.csv,answers_player1_T1.5,Q042,U,Things in a garage,7,uncle's old vacuum cleaner,uncle's old vacuum cleaner,0,0,0,Q042::7
Part2/outputs/answers_player1_T1.5.csv,answers_player1_T1.5,Q042,U,Things in a garage,8,uncle sam,uncle sam,0,0,0,Q042::8
Part2/outputs/answers_player1_T1.5.csv,answers_player1_T1.5,Q042,U,Things in a garage,9,utility box,utility box,1,0,1,Q042::9
Part2/outputs/answers_player1_T1.5.csv,answers_player1_T1.5,Q042,U,Things in a garage,10,umbrella,umbrella,0,0,0,Q042::10
Part2/outputs/answers_player1_T1.5.csv,answers_player1_T1.5,Q042,U,Things in a garage,11,vacuum cleaner,vacuum cleaner,1,0,1,Q042::11
Part2/outputs/answers_player1_T1.5.csv,answers_player1_T1.5,Q042,U,Things in a garage,12,umbrella,umbrella,0,0,0,Q042::12
Part2/outputs/answers_player1_T1.5.csv,answers_player1_T1.5,Q042,U,Things in a garage,13,uncle sam hat,uncle sam hat,0,0,0,Q042::13
Part2/outputs/answers_player1_T1.5.csv,answers_player1_T1.5,Q042,U,Things in a garage,14,umbrella,umbrella,0,0,0,Q042::14
Part2/outputs/answers_player1_T1.5.csv,answers_player1_T1.5,Q042,U,Things in a garage,15,unicycle,unicycle,1,1,0,Q042::15
Part2/outputs/answers_player1_T1.5.csv,answers_player1_T1.5,Q042,U,Things in a garage,16,umbrella,umbrella,0,0,0,Q042::16
Part2/outputs/answers_player1_T1.5.csv,answers_player1_T1.5,Q042,U,Things in a garage,17,umpire,umpire,0,0,0,Q042::17
Part2/outputs/answers_player1_T1.5.csv,answers_player1_T1.5,Q042,U,Things in a garage,18,umbrella,umbrella,0,0,0,Q042::18
Part2/outputs/answers_player1_T1.5.csv,answers_player1_T1.5,Q042,U,Things in a garage,19,uncle sam poster,uncle sam poster,0,0,0,Q042::19
Part2/outputs/answers_player1_T1.5.csv,answers_player1_T1.5,Q043,V,Jobs,0,veterinarian,veterinarian,1,0,1,Q043::0
Part2/outputs/answers_player1_T1.5.csv,answers_player1_T1.5,Q043,V,Jobs,1,veterinarian,veterinarian,1,0,1,Q043::1
Part2/outputs/answers_player1_T1.5.csv,answers_player1_T1.5,Q043,V,Jobs,2,vineyard manager,vineyard manager,1,0,1,Q043::2
Part2/outputs/answers_player1_T1.5.csv,answers_player1_T1.5,Q043,V,Jobs,3,van driver,van driver,1,0,1,Q043::3
Part2/outputs/answers_player1_T1.5.csv,answers_player1_T1.5,Q043,V,Jobs,4,valet,valet,1,0,1,Q043::4
Part2/outputs/answers_player1_T1.5.csv,answers_player1_T1.5,Q043,V,Jobs,5,vegetarian,vegetarian,0,0,0,Q043::5
Part2/outputs/answers_player1_T1.5.csv,answers_player1_T1.5,Q043,V,Jobs,6,voice actor,voice actor,1,0,1,Q043::6
Part2/outputs/answers_player1_T1.5.csv,answers_player1_T1.5,Q043,V,Jobs,7,vatractor,vatractor,0,0,0,Q043::7
Part2/outputs/answers_player1_T1.5.csv,answers_player1_T1.5,Q043,V,Jobs,8,veterinarian,veterinarian,1,0,1,Q043::8
Part2/outputs/answers_player1_T1.5.csv,answers_player1_T1.5,Q043,V,Jobs,9,veterinarian,veterinarian,1,0,1,Q043::9
Part2/outputs/answers_player1_T1.5.csv,answers_player1_T1.5,Q043,V,Jobs,10,video producer,video producer,1,0,1,Q043::10
Part2/outputs/answers_player1_T1.5.csv,answers_player1_T1.5,Q043,V,Jobs,11,video producer,video producer,1,0,1,Q043::11
Part2/outputs/answers_player1_T1.5.csv,answers_player1_T1.5,Q043,V,Jobs,12,vatrainer,vatrainer,0,0,0,Q043::12
Part2/outputs/answers_player1_T1.5.csv,answers_player1_T1.5,Q043,V,Jobs,13,veterinarian,veterinarian,1,0,1,Q043::13
Part2/outputs/answers_player1_T1.5.csv,answers_player1_T1.5,Q043,V,Jobs,14,vet,vet,1,0,1,Q043::14
Part2/outputs/answers_player1_T1.5.csv,answers_player1_T1.5,Q043,V,Jobs,15,vegetarian,vegetarian,0,0,0,Q043::15
Part2/outputs/answers_player1_T1.5.csv,answers_player1_T1.5,Q043,V,Jobs,16,vat checker,vat checker,0,0,0,Q043::16
Part2/outputs/answers_player1_T1.5.csv,answers_player1_T1.5,Q043,V,Jobs,17,veterinarian,veterinarian,1,0,1,Q043::17
Part2/outputs/answers_player1_T1.5.csv,answers_player1_T1.5,Q043,V,Jobs,18,video editor,video editor,1,0,1,Q043::18
Part2/outputs/answers_player1_T1.5.csv,answers_player1_T1.5,Q043,V,Jobs,19,vaseline salesman,vaseline salesman,0,0,0,Q043::19
Part2/outputs/answers_player1_T1.5.csv,answers_player1_T1.5,Q044,V,Things you wear,0,vest,vest,1,1,0,Q044::0
Part2/outputs/answers_player1_T1.5.csv,answers_player1_T1.5,Q044,V,Things you wear,1,vest,vest,1,1,0,Q044::1
Part2/outputs/answers_player1_T1.5.csv,answers_player1_T1.5,Q044,V,Things you wear,2,vest,vest,1,1,0,Q044::2
Part2/outputs/answers_player1_T1.5.csv,answers_player1_T1.5,Q044,V,Things you wear,3,vest,vest,1,0,1,Q044::3
Part2/outputs/answers_player1_T1.5.csv,answers_player1_T1.5,Q044,V,Things you wear,4,vest,vest,1,0,1,Q044::4
Part2/outputs/answers_player1_T1.5.csv,answers_player1_T1.5,Q044,V,Things you wear,5,vest,vest,1,0,1,Q044::5
Part2/outputs/answers_player1_T1.5.csv,answers_player1_T1.5,Q044,V,Things you wear,6,vest,vest,1,1,0,Q044::6
Part2/outputs/answers_player1_T1.5.csv,answers_player1_T1.5,Q044,V,Things you wear,7,veil,veil,1,0,1,Q044::7
Part2/outputs/answers_player1_T1.5.csv,answers_player1_T1.5,Q044,V,Things you wear,8,veil,veil,1,0,1,Q044::8
Part2/outputs/answers_player1_T1.5.csv,answers_player1_T1.5,Q044,V,Things you wear,9,vest,vest,1,1,0,Q044::9
Part2/outputs/answers_player1_T1.5.csv,answers_player1_T1.5,Q044,V,Things you wear,10,vest,vest,1,0,1,Q044::10
Part2/outputs/answers_player1_T1.5.csv,answers_player1_T1.5,Q044,V,Things you wear,11,vest,vest,1,1,0,Q044::11
Part2/outputs/answers_player1_T1.5.csv,answers_player1_T1.5,Q044,V,Things you wear,12,vest,vest,1,1,0,Q044::12
Part2/outputs/answers_player1_T1.5.csv,answers_player1_T1.5,Q044,V,Things you wear,13,vest,vest,1,1,0,Q044::13
Part2/outputs/answers_player1_T1.5.csv,answers_player1_T1.5,Q044,V,Things you wear,14,vest,vest,1,0,1,Q044::14
Part2/outputs/answers_player1_T1.5.csv,answers_player1_T1.5,Q044,V,Things you wear,15,vest,vest,1,1,0,Q044::15
Part2/outputs/answers_player1_T1.5.csv,answers_player1_T1.5,Q044,V,Things you wear,16,vest,vest,1,1,0,Q044::16
Part2/outputs/answers_player1_T1.5.csv,answers_player1_T1.5,Q044,V,Things you wear,17,sunglasses,sunglasses,0,0,0,Q044::17
Part2/outputs/answers_player1_T1.5.csv,answers_player1_T1.5,Q044,V,Things you wear,18,vest,vest,1,1,0,Q044::18
Part2/outputs/answers_player1_T1.5.csv,answers_player1_T1.5,Q044,V,Things you wear,19,vest,vest,1,1,0,Q044::19
Part2/outputs/answers_player1_T1.5.csv,answers_player1_T1.5,Q045,W,Cities,0,warsaw,warsaw,1,0,1,Q045::0
Part2/outputs/answers_player1_T1.5.csv,answers_player1_T1.5,Q045,W,Cities,1,wuhan,wuhan,1,1,0,Q045::1
Part2/outputs/answers_player1_T1.5.csv,answers_player1_T1.5,Q045,W,Cities,2,washington dc,washington dc,0,0,0,Q045::2
Part2/outputs/answers_player1_T1.5.csv,answers_player1_T1.5,Q045,W,Cities,3,warsaw,warsaw,1,1,0,Q045::3
Part2/outputs/answers_player1_T1.5.csv,answers_player1_T1.5,Q045,W,Cities,4,wales,wales,0,0,0,Q045::4
Part2/outputs/answers_player1_T1.5.csv,answers_player1_T1.5,Q045,W,Cities,5,washington,washington,1,0,1,Q045::5
Part2/outputs/answers_player1_T1.5.csv,answers_player1_T1.5,Q045,W,Cities,6,wuhan,wuhan,1,0,1,Q045::6
Part2/outputs/answers_player1_T1.5.csv,answers_player1_T1.5,Q045,W,Cities,7,washington d.c.,washington d.c,0,0,0,Q045::7
Part2/outputs/answers_player1_T1.5.csv,answers_player1_T1.5,Q045,W,Cities,8,washington,washington,1,0,1,Q045::8
Part2/outputs/answers_player1_T1.5.csv,answers_player1_T1.5,Q045,W,Cities,9,washington,washington,1,0,1,Q045::9
Part2/outputs/answers_player1_T1.5.csv,answers_player1_T1.5,Q045,W,Cities,10,washington,washington,1,0,1,Q045::10
Part2/outputs/answers_player1_T1.5.csv,answers_player1_T1.5,Q045,W,Cities,11,wuhan,wuhan,1,0,1,Q045::11
Part2/outputs/answers_player1_T1.5.csv,answers_player1_T1.5,Q045,W,Cities,12,washington,washington,1,0,1,Q045::12
Part2/outputs/answers_player1_T1.5.csv,answers_player1_T1.5,Q045,W,Cities,13,warsaw,warsaw,1,0,1,Q045::13
Part2/outputs/answers_player1_T1.5.csv,answers_player1_T1.5,Q045,W,Cities,14,warsaw,warsaw,1,0,1,Q045::14
Part2/outputs/answers_player1_T1.5.csv,answers_player1_T1.5,Q045,W,Cities,15,warsaw,warsaw,1,1,0,Q045::15
Part2/outputs/answers_player1_T1.5.csv,answers_player1_T1.5,Q045,W,Cities,16,wuhan,wuhan,1,1,0,Q045::16
Part2/outputs/answers_player1_T1.5.csv,answers_player1_T1.5,Q045,W,Cities,17,wuhan,wuhan,1,1,0,Q045::17
Part2/outputs/answers_player1_T1.5.csv,answers_player1_T1.5,Q045,W,Cities,18,washington dc,washington dc,0,0,0,Q045::18
Part2/outputs/answers_player1_T1.5.csv,answers_player1_T1.5,Q045,W,Cities,19,warsaw,warsaw,1,1,0,Q045::19
Part2/outputs/answers_player1_T1.5.csv,answers_player1_T1.5,Q046,W,Things in a park,0,willow,willow,1,1,0,Q046::0
Part2/outputs/answers_player1_T1.5.csv,answers_player1_T1.5,Q046,W,Things in a park,1,swings,swings,1,0,1,Q046::1
Part2/outputs/answers_player1_T1.5.csv,answers_player1_T1.5,Q046,W,Things in a park,2,willow,willow,1,1,0,Q046::2
Part2/outputs/answers_player1_T1.5.csv,answers_player1_T1.5,Q046,W,Things in a park,3,willow,willow,1,0,1,Q046::3
Part2/outputs/answers_player1_T1.5.csv,answers_player1_T1.5,Q046,W,Things in a park,4,willow,willow,1,1,0,Q046::4
Part2/outputs/answers_player1_T1.5.csv,answers_player1_T1.5,Q046,W,Things in a park,5,willow,willow,1,1,0,Q046::5
Part2/outputs/answers_player1_T1.5.csv,answers_player1_T1.5,Q046,W,Things in a park,6,water滑板,water,1,0,1,Q046::6
Part2/outputs/answers_player1_T1.5.csv,answers_player1_T1.5,Q046,W,Things in a park,7,willow,willow,1,1,0,Q046::7
Part2/outputs/answers_player1_T1.5.csv,answers_player1_T1.5,Q046,W,Things in a park,8,swing set,swing set,1,0,1,Q046::8
Part2/outputs/answers_player1_T1.5.csv,answers_player1_T1.5,Q046,W,Things in a park,9,water fountain,water fountain,1,0,1,Q046::9
Part2/outputs/answers_player1_T1.5.csv,answers_player1_T1.5,Q046,W,Things in a park,10,swings,swings,1,1,0,Q046::10
Part2/outputs/answers_player1_T1.5.csv,answers_player1_T1.5,Q046,W,Things in a park,11,swings,swings,1,0,1,Q046::11
Part2/outputs/answers_player1_T1.5.csv,answers_player1_T1.5,Q046,W,Things in a park,12,willow,willow,1,1,0,Q046::12
Part2/outputs/answers_player1_T1.5.csv,answers_player1_T1.5,Q046,W,Things in a park,13,willow,willow,1,1,0,Q046::13
Part2/outputs/answers_player1_T1.5.csv,answers_player1_T1.5,Q046,W,Things in a park,14,willow,willow,1,0,1,Q046::14
Part2/outputs/answers_player1_T1.5.csv,answers_player1_T1.5,Q046,W,Things in a park,15,willow,willow,1,0,1,Q046::15
Part2/outputs/answers_player1_T1.5.csv,answers_player1_T1.5,Q046,W,Things in a park,16,swings,swings,1,0,1,Q046::16
Part2/outputs/answers_player1_T1.5.csv,answers_player1_T1.5,Q046,W,Things in a park,17,willow,willow,1,0,1,Q046::17
Part2/outputs/answers_player1_T1.5.csv,answers_player1_T1.5,Q046,W,Things in a park,18,willow,willow,1,1,0,Q046::18
Part2/outputs/answers_player1_T1.5.csv,answers_player1_T1.5,Q046,W,Things in a park,19,willow,willow,1,1,0,Q046::19
Part2/outputs/answers_player1_T1.5.csv,answers_player1_T1.5,Q047,X,Brands,0,xonex,xonex,0,0,0,Q047::0
Part2/outputs/answers_player1_T1.5.csv,answers_player1_T1.5,Q047,X,Brands,1,xiaomi,xiaomi,1,0,1,Q047::1
Part2/outputs/answers_player1_T1.5.csv,answers_player1_T1.5,Q047,X,Brands,2,xbox,xbox,1,0,1,Q047::2
Part2/outputs/answers_player1_T1.5.csv,answers_player1_T1.5,Q047,X,Brands,3,xiaomi,xiaomi,1,1,0,Q047::3
Part2/outputs/answers_player1_T1.5.csv,answers_player1_T1.5,Q047,X,Brands,4,starbucks,starbucks,0,0,0,Q047::4
Part2/outputs/answers_player1_T1.5.csv,answers_player1_T1.5,Q047,X,Brands,5,xyz corporation,xyz corporation,0,0,0,Q047::5
Part2/outputs/answers_player1_T1.5.csv,answers_player1_T1.5,Q047,X,Brands,6,xerox,xerox,1,0,1,Q047::6
Part2/outputs/answers_player1_T1.5.csv,answers_player1_T1.5,Q047,X,Brands,7,xbox,xbox,1,0,1,Q047::7
Part2/outputs/answers_player1_T1.5.csv,answers_player1_T1.5,Q047,X,Brands,8,xiaomi,xiaomi,1,0,1,Q047::8
Part2/outputs/answers_player1_T1.5.csv,answers_player1_T1.5,Q047,X,Brands,9,xiaomi,xiaomi,1,0,1,Q047::9
Part2/outputs/answers_player1_T1.5.csv,answers_player1_T1.5,Q047,X,Brands,10,xbox,xbox,1,0,1,Q047::10
Part2/outputs/answers_player1_T1.5.csv,answers_player1_T1.5,Q047,X,Brands,11,xyz,xyz,0,0,0,Q047::11
Part2/outputs/answers_player1_T1.5.csv,answers_player1_T1.5,Q047,X,Brands,12,xiaomi,xiaomi,1,1,0,Q047::12
Part2/outputs/answers_player1_T1.5.csv,answers_player1_T1.5,Q047,X,Brands,13,xiaomi,xiaomi,1,1,0,Q047::13
Part2/outputs/answers_player1_T1.5.csv,answers_player1_T1.5,Q047,X,Brands,14,starbucks,starbucks,0,0,0,Q047::14
Part2/outputs/answers_player1_T1.5.csv,answers_player1_T1.5,Q047,X,Brands,15,xbox,xbox,1,0,1,Q047::15
Part2/outputs/answers_player1_T1.5.csv,answers_player1_T1.5,Q047,X,Brands,16,xerox,xerox,1,0,1,Q047::16
Part2/outputs/answers_player1_T1.5.csv,answers_player1_T1.5,Q047,X,Brands,17,xiaomi,xiaomi,1,1,0,Q047::17
Part2/outputs/answers_player1_T1.5.csv,answers_player1_T1.5,Q047,X,Brands,18,star trek:xbox,star trek:xbox,0,0,0,Q047::18
Part2/outputs/answers_player1_T1.5.csv,answers_player1_T1.5,Q047,X,Brands,19,xbox,xbox,1,1,0,Q047::19
Part2/outputs/answers_player1_T1.5.csv,answers_player1_T1.5,Q048,X,Words in English,0,xerox,xerox,1,0,1,Q048::0
Part2/outputs/answers_player1_T1.5.csv,answers_player1_T1.5,Q048,X,Words in English,1,xray,xray,1,0,1,Q048::1
Part2/outputs/answers_player1_T1.5.csv,answers_player1_T1.5,Q048,X,Words in English,2,xenon,xenon,1,0,1,Q048::2
Part2/outputs/answers_player1_T1.5.csv,answers_player1_T1.5,Q048,X,Words in English,3,xerox,xerox,1,0,1,Q048::3
Part2/outputs/answers_player1_T1.5.csv,answers_player1_T1.5,Q048,X,Words in English,4,xenon,xenon,1,1,0,Q048::4
Part2/outputs/answers_player1_T1.5.csv,answers_player1_T1.5,Q048,X,Words in English,5,xenon,xenon,1,0,1,Q048::5
Part2/outputs/answers_player1_T1.5.csv,answers_player1_T1.5,Q048,X,Words in English,6,x ray,x ray,1,0,1,Q048::6
Part2/outputs/answers_player1_T1.5.csv,answers_player1_T1.5,Q048,X,Words in English,7,xray,xray,1,0,1,Q048::7
Part2/outputs/answers_player1_T1.5.csv,answers_player1_T1.5,Q048,X,Words in English,8,xray,xray,1,0,1,Q048::8
Part2/outputs/answers_player1_T1.5.csv,answers_player1_T1.5,Q048,X,Words in English,9,xerox printer,xerox printer,0,0,0,Q048::9
Part2/outputs/answers_player1_T1.5.csv,answers_player1_T1.5,Q048,X,Words in English,10,x ray,x ray,1,0,1,Q048::10
Part2/outputs/answers_player1_T1.5.csv,answers_player1_T1.5,Q048,X,Words in English,11,xray,xray,1,0,1,Q048::11
Part2/outputs/answers_player1_T1.5.csv,answers_player1_T1.5,Q048,X,Words in English,12,xerox,xerox,1,0,1,Q048::12
Part2/outputs/answers_player1_T1.5.csv,answers_player1_T1.5,Q048,X,Words in English,13,xerox,xerox,1,0,1,Q048::13
Part2/outputs/answers_player1_T1.5.csv,answers_player1_T1.5,Q048,X,Words in English,14,xerox复印机,xerox,1,0,1,Q048::14
Part2/outputs/answers_player1_T1.5.csv,answers_player1_T1.5,Q048,X,Words in English,15,xerox machine,xerox machine,1,0,1,Q048::15
Part2/outputs/answers_player1_T1.5.csv,answers_player1_T1.5,Q048,X,Words in English,16,x ray,x ray,1,0,1,Q048::16
Part2/outputs/answers_player1_T1.5.csv,answers_player1_T1.5,Q048,X,Words in English,17,xenophobia,xenophobia,1,0,1,Q048::17
Part2/outputs/answers_player1_T1.5.csv,answers_player1_T1.5,Q048,X,Words in English,18,xray,xray,1,0,1,Q048::18
Part2/outputs/answers_player1_T1.5.csv,answers_player1_T1.5,Q048,X,Words in English,19,xenon,xenon,1,0,1,Q048::19
Part2/outputs/answers_player1_T1.5.csv,answers_player1_T1.5,Q049,Y,Foods,0,yogurt,yogurt,1,1,0,Q049::0
Part2/outputs/answers_player1_T1.5.csv,answers_player1_T1.5,Q049,Y,Foods,1,yogurt,yogurt,1,1,0,Q049::1
Part2/outputs/answers_player1_T1.5.csv,answers_player1_T1.5,Q049,Y,Foods,2,yogurt,yogurt,1,1,0,Q049::2
Part2/outputs/answers_player1_T1.5.csv,answers_player1_T1.5,Q049,Y,Foods,3,yogurt,yogurt,1,1,0,Q049::3
Part2/outputs/answers_player1_T1.5.csv,answers_player1_T1.5,Q049,Y,Foods,4,yogurt,yogurt,1,1,0,Q049::4
Part2/outputs/answers_player1_T1.5.csv,answers_player1_T1.5,Q049,Y,Foods,5,yogurt,yogurt,1,1,0,Q049::5
Part2/outputs/answers_player1_T1.5.csv,answers_player1_T1.5,Q049,Y,Foods,6,yogurt,yogurt,1,1,0,Q049::6
Part2/outputs/answers_player1_T1.5.csv,answers_player1_T1.5,Q049,Y,Foods,7,yogurt,yogurt,1,1,0,Q049::7
Part2/outputs/answers_player1_T1.5.csv,answers_player1_T1.5,Q049,Y,Foods,8,yogurt,yogurt,1,1,0,Q049::8
Part2/outputs/answers_player1_T1.5.csv,answers_player1_T1.5,Q049,Y,Foods,9,yogurt,yogurt,1,1,0,Q049::9
Part2/outputs/answers_player1_T1.5.csv,answers_player1_T1.5,Q049,Y,Foods,10,yogurt,yogurt,1,1,0,Q049::10
Part2/outputs/answers_player1_T1.5.csv,answers_player1_T1.5,Q049,Y,Foods,11,yogurt,yogurt,1,1,0,Q049::11
Part2/outputs/answers_player1_T1.5.csv,answers_player1_T1.5,Q049,Y,Foods,12,yogurt,yogurt,1,1,0,Q049::12
Part2/outputs/answers_player1_T1.5.csv,answers_player1_T1.5,Q049,Y,Foods,13,yogurt,yogurt,1,1,0,Q049::13
Part2/outputs/answers_player1_T1.5.csv,answers_player1_T1.5,Q049,Y,Foods,14,yogurt,yogurt,1,1,0,Q049::14
Part2/outputs/answers_player1_T1.5.csv,answers_player1_T1.5,Q049,Y,Foods,15,yogurt,yogurt,1,1,0,Q049::15
Part2/outputs/answers_player1_T1.5.csv,answers_player1_T1.5,Q049,Y,Foods,16,yogurt,yogurt,1,1,0,Q049::16
Part2/outputs/answers_player1_T1.5.csv,answers_player1_T1.5,Q049,Y,Foods,17,yogurt,yogurt,1,1,0,Q049::17
Part2/outputs/answers_player1_T1.5.csv,answers_player1_T1.5,Q049,Y,Foods,18,yogurt,yogurt,1,1,0,Q049::18
Part2/outputs/answers_player1_T1.5.csv,answers_player1_T1.5,Q049,Y,Foods,19,yogurt,yogurt,1,1,0,Q049::19
Part2/outputs/answers_player1_T1.5.csv,answers_player1_T1.5,Q050,Y,Things at a party,0,candy yogurt,candy yogurt,0,0,0,Q050::0
Part2/outputs/answers_player1_T1.5.csv,answers_player1_T1.5,Q050,Y,Things at a party,1,yellow balloon,yellow balloon,1,0,1,Q050::1
Part2/outputs/answers_player1_T1.5.csv,answers_player1_T1.5,Q050,Y,Things at a party,2,yum yum cakes,yum yum cakes,1,0,1,Q050::2
Part2/outputs/answers_player1_T1.5.csv,answers_player1_T1.5,Q050,Y,Things at a party,3,yorkshire pudding,yorkshire pudding,0,0,0,Q050::3
Part2/outputs/answers_player1_T1.5.csv,answers_player1_T1.5,Q050,Y,Things at a party,4,yacht party,yacht party,0,0,0,Q050::4
Part2/outputs/answers_player1_T1.5.csv,answers_player1_T1.5,Q050,Y,Things at a party,5,yoga class,yoga class,0,0,0,Q050::5
Part2/outputs/answers_player1_T1.5.csv,answers_player1_T1.5,Q050,Y,Things at a party,6,yacht party,yacht party,0,0,0,Q050::6
Part2/outputs/answers_player1_T1.5.csv,answers_player1_T1.5,Q050,Y,Things at a party,7,yogurt,yogurt,0,0,0,Q050::7
Part2/outputs/answers_player1_T1.5.csv,answers_player1_T1.5,Q050,Y,Things at a party,8,yoga,yoga,0,0,0,Q050::8
Part2/outputs/answers_player1_T1.5.csv,answers_player1_T1.5,Q050,Y,Things at a party,9,cake,cake,0,0,0,Q050::9
Part2/outputs/answers_player1_T1.5.csv,answers_player1_T1.5,Q050,Y,Things at a party,10,yaml ball,yaml ball,0,0,0,Q050::10
Part2/outputs/answers_player1_T1.5.csv,answers_player1_T1.5,Q050,Y,Things at a party,11,yogurt,yogurt,0,0,0,Q050::11
Part2/outputs/answers_player1_T1.5.csv,answers_player1_T1.5,Q050,Y,Things at a party,12,yaml yaml,yaml yaml,0,0,0,Q050::12
Part2/outputs/answers_player1_T1.5.csv,answers_player1_T1.5,Q050,Y,Things at a party,13,birthday candles,birthday candles,0,0,0,Q050::13
Part2/outputs/answers_player1_T1.5.csv,answers_player1_T1.5,Q050,Y,Things at a party,14,yorkshire pudding,yorkshire pudding,0,0,0,Q050::14
Part2/outputs/answers_player1_T1.5.csv,answers_player1_T1.5,Q050,Y,Things at a party,15,yacht party,yacht party,0,0,0,Q050::15
Part2/outputs/answers_player1_T1.5.csv,answers_player1_T1.5,Q050,Y,Things at a party,16,yacht party,yacht party,0,0,0,Q050::16
Part2/outputs/answers_player1_T1.5.csv,answers_player1_T1.5,Q050,Y,Things at a party,17,yogurt shots,yogurt shots,1,0,1,Q050::17
Part2/outputs/answers_player1_T1.5.csv,answers_player1_T1.5,Q050,Y,Things at a party,18,yogurt parfait,yogurt parfait,0,0,0,Q050::18
Part2/outputs/answers_player1_T1.5.csv,answers_player1_T1.5,Q050,Y,Things at a party,19,yacht party,yacht party,0,0,0,Q050::19
Part2/outputs/answers_player1_T1.5.csv,answers_player1_T1.5,Q051,Z,Animals,0,zebra,zebra,1,1,0,Q051::0
Part2/outputs/answers_player1_T1.5.csv,answers_player1_T1.5,Q051,Z,Animals,1,zoo,zoo,0,0,0,Q051::1
Part2/outputs/answers_player1_T1.5.csv,answers_player1_T1.5,Q051,Z,Animals,2,zebra,zebra,1,1,0,Q051::2
Part2/outputs/answers_player1_T1.5.csv,answers_player1_T1.5,Q051,Z,Animals,3,zebra,zebra,1,1,0,Q051::3
Part2/outputs/answers_player1_T1.5.csv,answers_player1_T1.5,Q051,Z,Animals,4,zebra,zebra,1,1,0,Q051::4
Part2/outputs/answers_player1_T1.5.csv,answers_player1_T1.5,Q051,Z,Animals,5,zebra,zebra,1,0,1,Q051::5
Part2/outputs/answers_player1_T1.5.csv,answers_player1_T1.5,Q051,Z,Animals,6,zookeeper,zookeeper,0,0,0,Q051::6
Part2/outputs/answers_player1_T1.5.csv,answers_player1_T1.5,Q051,Z,Animals,7,zookeeper,zookeeper,0,0,0,Q051::7
Part2/outputs/answers_player1_T1.5.csv,answers_player1_T1.5,Q051,Z,Animals,8,zebra,zebra,1,1,0,Q051::8
Part2/outputs/answers_player1_T1.5.csv,answers_player1_T1.5,Q051,Z,Animals,9,zoo keeper,zoo keeper,0,0,0,Q051::9
Part2/outputs/answers_player1_T1.5.csv,answers_player1_T1.5,Q051,Z,Animals,10,zebra,zebra,1,1,0,Q051::10
Part2/outputs/answers_player1_T1.5.csv,answers_player1_T1.5,Q051,Z,Animals,11,zebra,zebra,1,1,0,Q051::11
Part2/outputs/answers_player1_T1.5.csv,answers_player1_T1.5,Q051,Z,Animals,12,zebra,zebra,1,0,1,Q051::12
Part2/outputs/answers_player1_T1.5.csv,answers_player1_T1.5,Q051,Z,Animals,13,zebra,zebra,1,0,1,Q051::13
Part2/outputs/answers_player1_T1.5.csv,answers_player1_T1.5,Q051,Z,Animals,14,zebra,zebra,1,1,0,Q051::14
Part2/outputs/answers_player1_T1.5.csv,answers_player1_T1.5,Q051,Z,Animals,15,zookepters,zookepters,0,0,0,Q051::15
Part2/outputs/answers_player1_T1.5.csv,answers_player1_T1.5,Q051,Z,Animals,16,zebra,zebra,1,1,0,Q051::16
Part2/outputs/answers_player1_T1.5.csv,answers_player1_T1.5,Q051,Z,Animals,17,zebra,zebra,1,1,0,Q051::17
Part2/outputs/answers_player1_T1.5.csv,answers_player1_T1.5,Q051,Z,Animals,18,zebra,zebra,1,1,0,Q051::18
Part2/outputs/answers_player1_T1.5.csv,answers_player1_T1.5,Q051,Z,Animals,19,zebra,zebra,1,1,0,Q051::19
Part2/outputs/answers_player1_T1.5.csv,answers_player1_T1.5,Q052,Z,Things in a zoo,0,zebra,zebra,1,1,0,Q052::0
Part2/outputs/answers_player1_T1.5.csv,answers_player1_T1.5,Q052,Z,Things in a zoo,1,zebra,zebra,1,1,0,Q052::1
Part2/outputs/answers_player1_T1.5.csv,answers_player1_T1.5,Q052,Z,Things in a zoo,2,zookeeper,zookeeper,1,0,1,Q052::2
Part2/outputs/answers_player1_T1.5.csv,answers_player1_T1.5,Q052,Z,Things in a zoo,3,zebra,zebra,1,1,0,Q052::3
Part2/outputs/answers_player1_T1.5.csv,answers_player1_T1.5,Q052,Z,Things in a zoo,4,zookeepers,zookeepers,0,0,0,Q052::4
Part2/outputs/answers_player1_T1.5.csv,answers_player1_T1.5,Q052,Z,Things in a zoo,5,zebra,zebra,1,1,0,Q052::5
Part2/outputs/answers_player1_T1.5.csv,answers_player1_T1.5,Q052,Z,Things in a zoo,6,zebra,zebra,1,1,0,Q052::6
Part2/outputs/answers_player1_T1.5.csv,answers_player1_T1.5,Q052,Z,Things in a zoo,7,zebra,zebra,1,1,0,Q052::7
Part2/outputs/answers_player1_T1.5.csv,answers_player1_T1.5,Q052,Z,Things in a zoo,8,zookeepers,zookeepers,0,0,0,Q052::8
Part2/outputs/answers_player1_T1.5.csv,answers_player1_T1.5,Q052,Z,Things in a zoo,9,zebra,zebra,1,0,1,Q052::9
Part2/outputs/answers_player1_T1.5.csv,answers_player1_T1.5,Q052,Z,Things in a zoo,10,zebra,zebra,1,0,1,Q052::10
Part2/outputs/answers_player1_T1.5.csv,answers_player1_T1.5,Q052,Z,Things in a zoo,11,zebra,zebra,1,1,0,Q052::11
Part2/outputs/answers_player1_T1.5.csv,answers_player1_T1.5,Q052,Z,Things in a zoo,12,zebra,zebra,1,0,1,Q052::12
Part2/outputs/answers_player1_T1.5.csv,answers_player1_T1.5,Q052,Z,Things in a zoo,13,zebra,zebra,1,1,0,Q052::13
Part2/outputs/answers_player1_T1.5.csv,answers_player1_T1.5,Q052,Z,Things in a zoo,14,zebra,zebra,1,0,1,Q052::14
Part2/outputs/answers_player1_T1.5.csv,answers_player1_T1.5,Q052,Z,Things in a zoo,15,zebra,zebra,1,0,1,Q052::15
Part2/outputs/answers_player1_T1.5.csv,answers_player1_T1.5,Q052,Z,Things in a zoo,16,zookeeper,zookeeper,1,0,1,Q052::16
Part2/outputs/answers_player1_T1.5.csv,answers_player1_T1.5,Q052,Z,Things in a zoo,17,zebra,zebra,1,0,1,Q052::17
Part2/outputs/answers_player1_T1.5.csv,answers_player1_T1.5,Q052,Z,Things in a zoo,18,zookeeper,zookeeper,1,0,1,Q052::18
Part2/outputs/answers_player1_T1.5.csv,answers_player1_T1.5,Q052,Z,Things in a zoo,19,zebra,zebra,1,1,0,Q052::19
Part2/outputs/answers_player1_T1.5.csv,answers_player1_T1.5,Q053,A,Things in a kitchen,0,apple,apple,0,0,0,Q053::0
Part2/outputs/answers_player1_T1.5.csv,answers_player1_T1.5,Q053,A,Things in a kitchen,1,apple,apple,0,0,0,Q053::1
Part2/outputs/answers_player1_T1.5.csv,answers_player1_T1.5,Q053,A,Things in a kitchen,2,apple,apple,0,0,0,Q053::2
Part2/outputs/answers_player1_T1.5.csv,answers_player1_T1.5,Q053,A,Things in a kitchen,3,knife,knife,0,0,0,Q053::3
Part2/outputs/answers_player1_T1.5.csv,answers_player1_T1.5,Q053,A,Things in a kitchen,4,apple,apple,0,0,0,Q053::4
Part2/outputs/answers_player1_T1.5.csv,answers_player1_T1.5,Q053,A,Things in a kitchen,5,aluminum foil,aluminum foil,1,0,1,Q053::5
Part2/outputs/answers_player1_T1.5.csv,answers_player1_T1.5,Q053,A,Things in a kitchen,6,apple,apple,0,0,0,Q053::6
Part2/outputs/answers_player1_T1.5.csv,answers_player1_T1.5,Q053,A,Things in a kitchen,7,apron,apron,1,1,0,Q053::7
Part2/outputs/answers_player1_T1.5.csv,answers_player1_T1.5,Q053,A,Things in a kitchen,8,pan,pan,1,0,1,Q053::8
Part2/outputs/answers_player1_T1.5.csv,answers_player1_T1.5,Q053,A,Things in a kitchen,9,apron,apron,1,1,0,Q053::9
Part2/outputs/answers_player1_T1.5.csv,answers_player1_T1.5,Q053,A,Things in a kitchen,10,knife,knife,0,0,0,Q053::10
Part2/outputs/answers_player1_T1.5.csv,answers_player1_T1.5,Q053,A,Things in a kitchen,11,apple,apple,0,0,0,Q053::11
Part2/outputs/answers_player1_T1.5.csv,answers_player1_T1.5,Q053,A,Things in a kitchen,12,apple,apple,0,0,0,Q053::12
Part2/outputs/answers_player1_T1.5.csv,answers_player1_T1.5,Q053,A,Things in a kitchen,13,apple,apple,0,0,0,Q053::13
Part2/outputs/answers_player1_T1.5.csv,answers_player1_T1.5,Q053,A,Things in a kitchen,14,apple,apple,0,0,0,Q053::14
Part2/outputs/answers_player1_T1.5.csv,answers_player1_T1.5,Q053,A,Things in a kitchen,15,aluminumfoil,aluminumfoil,0,0,0,Q053::15
Part2/outputs/answers_player1_T1.5.csv,answers_player1_T1.5,Q053,A,Things in a kitchen,16,apple,apple,0,0,0,Q053::16
Part2/outputs/answers_player1_T1.5.csv,answers_player1_T1.5,Q053,A,Things in a kitchen,17,apple,apple,0,0,0,Q053::17
Part2/outputs/answers_player1_T1.5.csv,answers_player1_T1.5,Q053,A,Things in a kitchen,18,apple,apple,0,0,0,Q053::18
Part2/outputs/answers_player1_T1.5.csv,answers_player1_T1.5,Q053,A,Things in a kitchen,19,apple,apple,0,0,0,Q053::19
Part2/outputs/answers_player1_T1.5.csv,answers_player1_T1.5,Q054,B,Singers,0,beckhoff,beckhoff,0,0,0,Q054::0
Part2/outputs/answers_player1_T1.5.csv,answers_player1_T1.5,Q054,B,Singers,1,backstreet boys,backstreet boys,1,1,0,Q054::1
Part2/outputs/answers_player1_T1.5.csv,answers_player1_T1.5,Q054,B,Singers,2,britney spears,britney spears,1,0,1,Q054::2
Part2/outputs/answers_player1_T1.5.csv,answers_player1_T1.5,Q054,B,Singers,3,beyoncé,beyonc,0,0,0,Q054::3
Part2/outputs/answers_player1_T1.5.csv,answers_player1_T1.5,Q054,B,Singers,4,bruno mars,bruno mars,1,0,1,Q054::4
Part2/outputs/answers_player1_T1.5.csv,answers_player1_T1.5,Q054,B,Singers,5,beyonce,beyonce,1,0,1,Q054::5
Part2/outputs/answers_player1_T1.5.csv,answers_player1_T1.5,Q054,B,Singers,6,bruno mars,bruno mars,1,0,1,Q054::6
Part2/outputs/answers_player1_T1.5.csv,answers_player1_T1.5,Q054,B,Singers,7,barry white,barry white,1,0,1,Q054::7
Part2/outputs/answers_player1_T1.5.csv,answers_player1_T1.5,Q054,B,Singers,8,backstreet boys,backstreet boys,1,0,1,Q054::8
Part2/outputs/answers_player1_T1.5.csv,answers_player1_T1.5,Q054,B,Singers,9,beyoncé,beyonc,0,0,0,Q054::9
Part2/outputs/answers_player1_T1.5.csv,answers_player1_T1.5,Q054,B,Singers,10,beyoncé,beyonc,0,0,0,Q054::10
Part2/outputs/answers_player1_T1.5.csv,answers_player1_T1.5,Q054,B,Singers,11,backstreet boys,backstreet boys,1,0,1,Q054::11
Part2/outputs/answers_player1_T1.5.csv,answers_player1_T1.5,Q054,B,Singers,12,backstreet boys,backstreet boys,1,0,1,Q054::12
Part2/outputs/answers_player1_T1.5.csv,answers_player1_T1.5,Q054,B,Singers,13,bruno mars,bruno mars,1,0,1,Q054::13
Part2/outputs/answers_player1_T1.5.csv,answers_player1_T1.5,Q054,B,Singers,14,britney spears,britney spears,1,0,1,Q054::14
Part2/outputs/answers_player1_T1.5.csv,answers_player1_T1.5,Q054,B,Singers,15,beyoncé,beyonc,0,0,0,Q054::15
Part2/outputs/answers_player1_T1.5.csv,answers_player1_T1.5,Q054,B,Singers,16,beck쿤,beck,1,0,1,Q054::16
Part2/outputs/answers_player1_T1.5.csv,answers_player1_T1.5,Q054,B,Singers,17,britney spears,britney spears,1,0,1,Q054::17
Part2/outputs/answers_player1_T1.5.csv,answers_player1_T1.5,Q054,B,Singers,18,beyoncé,beyonc,0,0,0,Q054::18
Part2/outputs/answers_player1_T1.5.csv,answers_player1_T1.5,Q054,B,Singers,19,britney spears,britney spears,1,1,0,Q054::19
Part2/outputs/answers_player1_T1.5.csv,answers_player1_T1.5,Q055,C,Desserts,0,chocolate cake,chocolate cake,1,1,0,Q055::0
Part2/outputs/answers_player1_T1.5.csv,answers_player1_T1.5,Q055,C,Desserts,1,chocolate cake,chocolate cake,1,1,0,Q055::1
Part2/outputs/answers_player1_T1.5.csv,answers_player1_T1.5,Q055,C,Desserts,2,chocolate cake,chocolate cake,1,1,0,Q055::2
Part2/outputs/answers_player1_T1.5.csv,answers_player1_T1.5,Q055,C,Desserts,3,chocolate cake,chocolate cake,1,1,0,Q055::3
Part2/outputs/answers_player1_T1.5.csv,answers_player1_T1.5,Q055,C,Desserts,4,chocolate cake,chocolate cake,1,1,0,Q055::4
Part2/outputs/answers_player1_T1.5.csv,answers_player1_T1.5,Q055,C,Desserts,5,chocolate cake,chocolate cake,1,1,0,Q055::5
Part2/outputs/answers_player1_T1.5.csv,answers_player1_T1.5,Q055,C,Desserts,6,chocolate cake,chocolate cake,1,1,0,Q055::6
Part2/outputs/answers_player1_T1.5.csv,answers_player1_T1.5,Q055,C,Desserts,7,chocolate cake,chocolate cake,1,1,0,Q055::7
Part2/outputs/answers_player1_T1.5.csv,answers_player1_T1.5,Q055,C,Desserts,8,chocolate cake,chocolate cake,1,1,0,Q055::8
Part2/outputs/answers_player1_T1.5.csv,answers_player1_T1.5,Q055,C,Desserts,9,chocolate cake,chocolate cake,1,1,0,Q055::9
Part2/outputs/answers_player1_T1.5.csv,answers_player1_T1.5,Q055,C,Desserts,10,chocolate cake,chocolate cake,1,1,0,Q055::10
Part2/outputs/answers_player1_T1.5.csv,answers_player1_T1.5,Q055,C,Desserts,11,chocolate cake,chocolate cake,1,1,0,Q055::11
Part2/outputs/answers_player1_T1.5.csv,answers_player1_T1.5,Q055,C,Desserts,12,chocolate cake,chocolate cake,1,1,0,Q055::12
Part2/outputs/answers_player1_T1.5.csv,answers_player1_T1.5,Q055,C,Desserts,13,chocolate cake,chocolate cake,1,1,0,Q055::13
Part2/outputs/answers_player1_T1.5.csv,answers_player1_T1.5,Q055,C,Desserts,14,chocolate cake,chocolate cake,1,1,0,Q055::14
Part2/outputs/answers_player1_T1.5.csv,answers_player1_T1.5,Q055,C,Desserts,15,chocolate cake,chocolate cake,1,1,0,Q055::15
Part2/outputs/answers_player1_T1.5.csv,answers_player1_T1.5,Q055,C,Desserts,16,chocolate cake,chocolate cake,1,1,0,Q055::16
Part2/outputs/answers_player1_T1.5.csv,answers_player1_T1.5,Q055,C,Desserts,17,chocolate cake,chocolate cake,1,1,0,Q055::17
Part2/outputs/answers_player1_T1.5.csv,answers_player1_T1.5,Q055,C,Desserts,18,chocolate cake,chocolate cake,1,1,0,Q055::18
Part2/outputs/answers_player1_T1.5.csv,answers_player1_T1.5,Q055,C,Desserts,19,chocolate cake,chocolate cake,1,1,0,Q055::19
Part2/outputs/answers_player1_T1.5.csv,answers_player1_T1.5,Q056,D,Plants,0,daisy,daisy,1,0,1,Q056::0
Part2/outputs/answers_player1_T1.5.csv,answers_player1_T1.5,Q056,D,Plants,1,daisy,daisy,1,0,1,Q056::1
Part2/outputs/answers_player1_T1.5.csv,answers_player1_T1.5,Q056,D,Plants,2,daisy,daisy,1,0,1,Q056::2
Part2/outputs/answers_player1_T1.5.csv,answers_player1_T1.5,Q056,D,Plants,3,daisy,daisy,1,1,0,Q056::3
Part2/outputs/answers_player1_T1.5.csv,answers_player1_T1.5,Q056,D,Plants,4,daisy,daisy,1,1,0,Q056::4
Part2/outputs/answers_player1_T1.5.csv,answers_player1_T1.5,Q056,D,Plants,5,daisy,daisy,1,1,0,Q056::5
Part2/outputs/answers_player1_T1.5.csv,answers_player1_T1.5,Q056,D,Plants,6,daisy,daisy,1,1,0,Q056::6
Part2/outputs/answers_player1_T1.5.csv,answers_player1_T1.5,Q056,D,Plants,7,dandelion,dandelion,1,0,1,Q056::7
Part2/outputs/answers_player1_T1.5.csv,answers_player1_T1.5,Q056,D,Plants,8,daisy,daisy,1,1,0,Q056::8
Part2/outputs/answers_player1_T1.5.csv,answers_player1_T1.5,Q056,D,Plants,9,daisy,daisy,1,1,0,Q056::9
Part2/outputs/answers_player1_T1.5.csv,answers_player1_T1.5,Q056,D,Plants,10,daisy,daisy,1,1,0,Q056::10
Part2/outputs/answers_player1_T1.5.csv,answers_player1_T1.5,Q056,D,Plants,11,daisy,daisy,1,1,0,Q056::11
Part2/outputs/answers_player1_T1.5.csv,answers_player1_T1.5,Q056,D,Plants,12,daisy,daisy,1,1,0,Q056::12
Part2/outputs/answers_player1_T1.5.csv,answers_player1_T1.5,Q056,D,Plants,13,daisy,daisy,1,0,1,Q056::13
Part2/outputs/answers_player1_T1.5.csv,answers_player1_T1.5,Q056,D,Plants,14,dandelion,dandelion,1,1,0,Q056::14
Part2/outputs/answers_player1_T1.5.csv,answers_player1_T1.5,Q056,D,Plants,15,daisy,daisy,1,1,0,Q056::15
Part2/outputs/answers_player1_T1.5.csv,answers_player1_T1.5,Q056,D,Plants,16,dandelion,dandelion,1,1,0,Q056::16
Part2/outputs/answers_player1_T1.5.csv,answers_player1_T1.5,Q056,D,Plants,17,daisy,daisy,1,0,1,Q056::17
Part2/outputs/answers_player1_T1.5.csv,answers_player1_T1.5,Q056,D,Plants,18,daisy,daisy,1,1,0,Q056::18
Part2/outputs/answers_player1_T1.5.csv,answers_player1_T1.5,Q056,D,Plants,19,daisy,daisy,1,0,1,Q056::19
Part2/outputs/answers_player1_T1.5.csv,answers_player1_T1.5,Q057,E,Companies,0,eatalot,eatalot,0,0,0,Q057::0
Part2/outputs/answers_player1_T1.5.csv,answers_player1_T1.5,Q057,E,Companies,1,eatalot,eatalot,0,0,0,Q057::1
Part2/outputs/answers_player1_T1.5.csv,answers_player1_T1.5,Q057,E,Companies,2,eatalot,eatalot,0,0,0,Q057::2
Part2/outputs/answers_player1_T1.5.csv,answers_player1_T1.5,Q057,E,Companies,3,ebay,ebay,1,1,0,Q057::3
Part2/outputs/answers_player1_T1.5.csv,answers_player1_T1.5,Q057,E,Companies,4,eaton cousins,eaton cousins,0,0,0,Q057::4
Part2/outputs/answers_player1_T1.5.csv,answers_player1_T1.5,Q057,E,Companies,5,ebay,ebay,1,0,1,Q057::5
Part2/outputs/answers_player1_T1.5.csv,answers_player1_T1.5,Q057,E,Companies,6,e bay,e bay,1,0,1,Q057::6
Part2/outputs/answers_player1_T1.5.csv,answers_player1_T1.5,Q057,E,Companies,7,eastman kadeno,eastman kadeno,0,0,0,Q057::7
Part2/outputs/answers_player1_T1.5.csv,answers_player1_T1.5,Q057,E,Companies,8,e-bay,e-bay,1,0,1,Q057::8
Part2/outputs/answers_player1_T1.5.csv,answers_player1_T1.5,Q057,E,Companies,9,ebay,ebay,1,0,1,Q057::9
Part2/outputs/answers_player1_T1.5.csv,answers_player1_T1.5,Q057,E,Companies,10,eaton corporation,eaton corporation,1,0,1,Q057::10
Part2/outputs/answers_player1_T1.5.csv,answers_player1_T1.5,Q057,E,Companies,11,ericsson,ericsson,1,0,1,Q057::11
Part2/outputs/answers_player1_T1.5.csv,answers_player1_T1.5,Q057,E,Companies,12,exxon mobil,exxon mobil,1,0,1,Q057::12
Part2/outputs/answers_player1_T1.5.csv,answers_player1_T1.5,Q057,E,Companies,13,ebay,ebay,1,0,1,Q057::13
Part2/outputs/answers_player1_T1.5.csv,answers_player1_T1.5,Q057,E,Companies,14,ebay,ebay,1,0,1,Q057::14
Part2/outputs/answers_player1_T1.5.csv,answers_player1_T1.5,Q057,E,Companies,15,ebay,ebay,1,1,0,Q057::15
Part2/outputs/answers_player1_T1.5.csv,answers_player1_T1.5,Q057,E,Companies,16,eastman kobalt,eastman kobalt,0,0,0,Q057::16
Part2/outputs/answers_player1_T1.5.csv,answers_player1_T1.5,Q057,E,Companies,17,e-bay,e-bay,1,0,1,Q057::17
Part2/outputs/answers_player1_T1.5.csv,answers_player1_T1.5,Q057,E,Companies,18,e bay,e bay,1,0,1,Q057::18
Part2/outputs/answers_player1_T1.5.csv,answers_player1_T1.5,Q057,E,Companies,19,eastman kodak,eastman kodak,0,0,0,Q057::19
Part2/outputs/answers_player1_T1.5.csv,answers_player1_T1.5,Q058,F,Movie characters,0,fargo ned pesticidal,fargo ned pesticidal,0,0,0,Q058::0
Part2/outputs/answers_player1_T1.5.csv,answers_player1_T1.5,Q058,F,Movie characters,1,forrest gump,forrest gump,1,0,1,Q058::1
Part2/outputs/answers_player1_T1.5.csv,answers_player1_T1.5,Q058,F,Movie characters,2,freddy fibrinson,freddy fibrinson,0,0,0,Q058::2
Part2/outputs/answers_player1_T1.5.csv,answers_player1_T1.5,Q058,F,Movie characters,3,fred flintstone,fred flintstone,1,1,0,Q058::3
Part2/outputs/answers_player1_T1.5.csv,answers_player1_T1.5,Q058,F,Movie characters,4,fred flintstone,fred flintstone,1,1,0,Q058::4
Part2/outputs/answers_player1_T1.5.csv,answers_player1_T1.5,Q058,F,Movie characters,5,fred flintstone,fred flintstone,1,0,1,Q058::5
Part2/outputs/answers_player1_T1.5.csv,answers_player1_T1.5,Q058,F,Movie characters,6,forrest gump,forrest gump,1,0,1,Q058::6
Part2/outputs/answers_player1_T1.5.csv,answers_player1_T1.5,Q058,F,Movie characters,7,fred flintstone,fred flintstone,1,0,1,Q058::7
Part2/outputs/answers_player1_T1.5.csv,answers_player1_T1.5,Q058,F,Movie characters,8,fred flakes,fred flakes,0,0,0,Q058::8
Part2/outputs/answers_player1_T1.5.csv,answers_player1_T1.5,Q058,F,Movie characters,9,forrest gump,forrest gump,1,0,1,Q058::9
Part2/outputs/answers_player1_T1.5.csv,answers_player1_T1.5,Q058,F,Movie characters,10,frankenstein,frankenstein,0,0,0,Q058::10
Part2/outputs/answers_player1_T1.5.csv,answers_player1_T1.5,Q058,F,Movie characters,11,forrest gump,forrest gump,1,0,1,Q058::11
Part2/outputs/answers_player1_T1.5.csv,answers_player1_T1.5,Q058,F,Movie characters,12,flik,flik,1,0,1,Q058::12
Part2/outputs/answers_player1_T1.5.csv,answers_player1_T1.5,Q058,F,Movie characters,13,fred flintstone,fred flintstone,1,0,1,Q058::13
Part2/outputs/answers_player1_T1.5.csv,answers_player1_T1.5,Q058,F,Movie characters,14,frostythefacetiousfox,frostythefacetiousfox,0,0,0,Q058::14
Part2/outputs/answers_player1_T1.5.csv,answers_player1_T1.5,Q058,F,Movie characters,15,freddie krueger,freddie krueger,1,0,1,Q058::15
Part2/outputs/answers_player1_T1.5.csv,answers_player1_T1.5,Q058,F,Movie characters,16,forrest gump,forrest gump,1,0,1,Q058::16
Part2/outputs/answers_player1_T1.5.csv,answers_player1_T1.5,Q058,F,Movie characters,17,friday flyers,friday flyers,0,0,0,Q058::17
Part2/outputs/answers_player1_T1.5.csv,answers_player1_T1.5,Q058,F,Movie characters,18,friday lukewright,friday lukewright,0,0,0,Q058::18
Part2/outputs/answers_player1_T1.5.csv,answers_player1_T1.5,Q058,F,Movie characters,19,freddy frostbite,freddy frostbite,0,0,0,Q058::19
Part2/outputs/answers_player1_T1.5.csv,answers_player1_T1.5,Q059,G,Things in a toolbox,0,hammer,hammer,1,1,0,Q059::0
Part2/outputs/answers_player1_T1.5.csv,answers_player1_T1.5,Q059,G,Things in a toolbox,1,hammer,hammer,1,1,0,Q059::1
Part2/outputs/answers_player1_T1.5.csv,answers_player1_T1.5,Q059,G,Things in a toolbox,2,hammer,hammer,1,1,0,Q059::2
Part2/outputs/answers_player1_T1.5.csv,answers_player1_T1.5,Q059,G,Things in a toolbox,3,hammer,hammer,1,1,0,Q059::3
Part2/outputs/answers_player1_T1.5.csv,answers_player1_T1.5,Q059,G,Things in a toolbox,4,hammer,hammer,1,0,1,Q059::4
Part2/outputs/answers_player1_T1.5.csv,answers_player1_T1.5,Q059,G,Things in a toolbox,5,hammer,hammer,1,1,0,Q059::5
Part2/outputs/answers_player1_T1.5.csv,answers_player1_T1.5,Q059,G,Things in a toolbox,6,hammer,hammer,1,1,0,Q059::6
Part2/outputs/answers_player1_T1.5.csv,answers_player1_T1.5,Q059,G,Things in a toolbox,7,hammer,hammer,1,1,0,Q059::7
Part2/outputs/answers_player1_T1.5.csv,answers_player1_T1.5,Q059,G,Things in a toolbox,8,hammer,hammer,1,0,1,Q059::8
Part2/outputs/answers_player1_T1.5.csv,answers_player1_T1.5,Q059,G,Things in a toolbox,9,hammer,hammer,1,1,0,Q059::9
Part2/outputs/answers_player1_T1.5.csv,answers_player1_T1.5,Q059,G,Things in a toolbox,10,hammer gunnuts,hammer gunnuts,0,0,0,Q059::10
Part2/outputs/answers_player1_T1.5.csv,answers_player1_T1.5,Q059,G,Things in a toolbox,11,hammer,hammer,1,0,1,Q059::11
Part2/outputs/answers_player1_T1.5.csv,answers_player1_T1.5,Q059,G,Things in a toolbox,12,hammer,hammer,1,1,0,Q059::12
Part2/outputs/answers_player1_T1.5.csv,answers_player1_T1.5,Q059,G,Things in a toolbox,13,hammer,hammer,1,1,0,Q059::13
Part2/outputs/answers_player1_T1.5.csv,answers_player1_T1.5,Q059,G,Things in a toolbox,14,hammer,hammer,1,1,0,Q059::14
Part2/outputs/answers_player1_T1.5.csv,answers_player1_T1.5,Q059,G,Things in a toolbox,15,hammer,hammer,1,1,0,Q059::15
Part2/outputs/answers_player1_T1.5.csv,answers_player1_T1.5,Q059,G,Things in a toolbox,16,hammer gun screwdriver socket gland washers,hammer gun screwdriver socket gland washers,0,0,0,Q059::16
Part2/outputs/answers_player1_T1.5.csv,answers_player1_T1.5,Q059,G,Things in a toolbox,17,hammer,hammer,1,0,1,Q059::17
Part2/outputs/answers_player1_T1.5.csv,answers_player1_T1.5,Q059,G,Things in a toolbox,18,hammer,hammer,1,1,0,Q059::18
Part2/outputs/answers_player1_T1.5.csv,answers_player1_T1.5,Q059,G,Things in a toolbox,19,hammer,hammer,1,1,0,Q059::19
Part2/outputs/answers_player1_T1.5.csv,answers_player1_T1.5,Q060,H,Countries,0,hong kong,hong kong,0,0,0,Q060::0
Part2/outputs/answers_player1_T1.5.csv,answers_player1_T1.5,Q060,H,Countries,1,haiti,haiti,1,0,1,Q060::1
Part2/outputs/answers_player1_T1.5.csv,answers_player1_T1.5,Q060,H,Countries,2,hungary,hungary,1,0,1,Q060::2
Part2/outputs/answers_player1_T1.5.csv,answers_player1_T1.5,Q060,H,Countries,3,hong kong,hong kong,0,0,0,Q060::3
Part2/outputs/answers_player1_T1.5.csv,answers_player1_T1.5,Q060,H,Countries,4,hungary,hungary,1,0,1,Q060::4
Part2/outputs/answers_player1_T1.5.csv,answers_player1_T1.5,Q060,H,Countries,5,hungary,hungary,1,0,1,Q060::5
Part2/outputs/answers_player1_T1.5.csv,answers_player1_T1.5,Q060,H,Countries,6,honduras,honduras,1,0,1,Q060::6
Part2/outputs/answers_player1_T1.5.csv,answers_player1_T1.5,Q060,H,Countries,7,honduras,honduras,1,1,0,Q060::7
Part2/outputs/answers_player1_T1.5.csv,answers_player1_T1.5,Q060,H,Countries,8,haiti,haiti,1,0,1,Q060::8
Part2/outputs/answers_player1_T1.5.csv,answers_player1_T1.5,Q060,H,Countries,9,hungary,hungary,1,1,0,Q060::9
Part2/outputs/answers_player1_T1.5.csv,answers_player1_T1.5,Q060,H,Countries,10,haiti,haiti,1,1,0,Q060::10
Part2/outputs/answers_player1_T1.5.csv,answers_player1_T1.5,Q060,H,Countries,11,hong kong,hong kong,0,0,0,Q060::11
Part2/outputs/answers_player1_T1.5.csv,answers_player1_T1.5,Q060,H,Countries,12,hong kong,hong kong,0,0,0,Q060::12
Part2/outputs/answers_player1_T1.5.csv,answers_player1_T1.5,Q060,H,Countries,13,honduras,honduras,1,1,0,Q060::13
Part2/outputs/answers_player1_T1.5.csv,answers_player1_T1.5,Q060,H,Countries,14,honduras,honduras,1,0,1,Q060::14
Part2/outputs/answers_player1_T1.5.csv,answers_player1_T1.5,Q060,H,Countries,15,hungary,hungary,1,0,1,Q060::15
Part2/outputs/answers_player1_T1.5.csv,answers_player1_T1.5,Q060,H,Countries,16,honduras,honduras,1,1,0,Q060::16
Part2/outputs/answers_player1_T1.5.csv,answers_player1_T1.5,Q060,H,Countries,17,hong kong,hong kong,0,0,0,Q060::17
Part2/outputs/answers_player1_T1.5.csv,answers_player1_T1.5,Q060,H,Countries,18,hong kong,hong kong,0,0,0,Q060::18
Part2/outputs/answers_player1_T1.5.csv,answers_player1_T1.5,Q060,H,Countries,19,hong kong,hong kong,0,0,0,Q060::19
Part2/outputs/answers_player1_T1.5.csv,answers_player1_T1.5,Q061,I,Musical artists,0,ironic iggy,ironic iggy,0,0,0,Q061::0
Part2/outputs/answers_player1_T1.5.csv,answers_player1_T1.5,Q061,I,Musical artists,1,ironic iggy,ironic iggy,0,0,0,Q061::1
Part2/outputs/answers_player1_T1.5.csv,answers_player1_T1.5,Q061,I,Musical artists,2,ilovestatics,ilovestatics,0,0,0,Q061::2
Part2/outputs/answers_player1_T1.5.csv,answers_player1_T1.5,Q061,I,Musical artists,3,iceshard,iceshard,0,0,0,Q061::3
Part2/outputs/answers_player1_T1.5.csv,answers_player1_T1.5,Q061,I,Musical artists,4,igor stravinsky,igor stravinsky,0,0,0,Q061::4
Part2/outputs/answers_player1_T1.5.csv,answers_player1_T1.5,Q061,I,Musical artists,5,ice cube,ice cube,0,0,0,Q061::5
Part2/outputs/answers_player1_T1.5.csv,answers_player1_T1.5,Q061,I,Musical artists,6,ironic sisters,ironic sisters,0,0,0,Q061::6
Part2/outputs/answers_player1_T1.5.csv,answers_player1_T1.5,Q061,I,Musical artists,7,ironic iqbal,ironic iqbal,0,0,0,Q061::7
Part2/outputs/answers_player1_T1.5.csv,answers_player1_T1.5,Q061,I,Musical artists,8,ini坑蒙术士乐团,ini,0,0,0,Q061::8
Part2/outputs/answers_player1_T1.5.csv,answers_player1_T1.5,Q061,I,Musical artists,9,ironic izabella,ironic izabella,0,0,0,Q061::9
Part2/outputs/answers_player1_T1.5.csv,answers_player1_T1.5,Q061,I,Musical artists,10,ironic island,ironic island,0,0,0,Q061::10
Part2/outputs/answers_player1_T1.5.csv,answers_player1_T1.5,Q061,I,Musical artists,11,ice cube,ice cube,0,0,0,Q061::11
Part2/outputs/answers_player1_T1.5.csv,answers_player1_T1.5,Q061,I,Musical artists,12,ironic bean feast,ironic bean feast,0,0,0,Q061::12
Part2/outputs/answers_player1_T1.5.csv,answers_player1_T1.5,Q061,I,Musical artists,13,ironic insects iodine injustices imposing industries invisible indigos invisible ink impossible inventions,ironic insects iodine injustices imposing industries invisible indigos invisible ink impossible inventions,0,0,0,Q061::13
Part2/outputs/answers_player1_T1.5.csv,answers_player1_T1.5,Q061,I,Musical artists,14,iničio,iničio,0,0,0,Q061::14
Part2/outputs/answers_player1_T1.5.csv,answers_player1_T1.5,Q061,I,Musical artists,15,ilene browney,ilene browney,0,0,0,Q061::15
Part2/outputs/answers_player1_T1.5.csv,answers_player1_T1.5,Q061,I,Musical artists,16,ina入库埃,ina,0,0,0,Q061::16
Part2/outputs/answers_player1_T1.5.csv,answers_player1_T1.5,Q061,I,Musical artists,17,ironic iggy,ironic iggy,0,0,0,Q061::17
Part2/outputs/answers_player1_T1.5.csv,answers_player1_T1.5,Q061,I,Musical artists,18,iron maiden,iron maiden,1,0,1,Q061::18
Part2/outputs/answers_player1_T1.5.csv,answers_player1_T1.5,Q061,I,Musical artists,19,iceshelf snowmen,iceshelf snowmen,0,0,0,Q061::19
Part2/outputs/answers_player1_T1.5.csv,answers_player1_T1.5,Q062,J,Things in a refrigerator,0,juice,juice,1,0,1,Q062::0
Part2/outputs/answers_player1_T1.5.csv,answers_player1_T1.5,Q062,J,Things in a refrigerator,1,juice,juice,1,0,1,Q062::1
Part2/outputs/answers_player1_T1.5.csv,answers_player1_T1.5,Q062,J,Things in a refrigerator,2,juice,juice,1,1,0,Q062::2
Part2/outputs/answers_player1_T1.5.csv,answers_player1_T1.5,Q062,J,Things in a refrigerator,3,juice,juice,1,0,1,Q062::3
Part2/outputs/answers_player1_T1.5.csv,answers_player1_T1.5,Q062,J,Things in a refrigerator,4,juice,juice,1,0,1,Q062::4
Part2/outputs/answers_player1_T1.5.csv,answers_player1_T1.5,Q062,J,Things in a refrigerator,5,juice,juice,1,1,0,Q062::5
Part2/outputs/answers_player1_T1.5.csv,answers_player1_T1.5,Q062,J,Things in a refrigerator,6,juice,juice,1,1,0,Q062::6
Part2/outputs/answers_player1_T1.5.csv,answers_player1_T1.5,Q062,J,Things in a refrigerator,7,jam,jam,1,0,1,Q062::7
Part2/outputs/answers_player1_T1.5.csv,answers_player1_T1.5,Q062,J,Things in a refrigerator,8,juice,juice,1,0,1,Q062::8
Part2/outputs/answers_player1_T1.5.csv,answers_player1_T1.5,Q062,J,Things in a refrigerator,9,juice,juice,1,1,0,Q062::9
Part2/outputs/answers_player1_T1.5.csv,answers_player1_T1.5,Q062,J,Things in a refrigerator,10,juice,juice,1,1,0,Q062::10
Part2/outputs/answers_player1_T1.5.csv,answers_player1_T1.5,Q062,J,Things in a refrigerator,11,juice,juice,1,0,1,Q062::11
Part2/outputs/answers_player1_T1.5.csv,answers_player1_T1.5,Q062,J,Things in a refrigerator,12,jam,jam,1,0,1,Q062::12
Part2/outputs/answers_player1_T1.5.csv,answers_player1_T1.5,Q062,J,Things in a refrigerator,13,juice,juice,1,1,0,Q062::13
Part2/outputs/answers_player1_T1.5.csv,answers_player1_T1.5,Q062,J,Things in a refrigerator,14,juice,juice,1,0,1,Q062::14
Part2/outputs/answers_player1_T1.5.csv,answers_player1_T1.5,Q062,J,Things in a refrigerator,15,juice,juice,1,1,0,Q062::15
Part2/outputs/answers_player1_T1.5.csv,answers_player1_T1.5,Q062,J,Things in a refrigerator,16,juice,juice,1,1,0,Q062::16
Part2/outputs/answers_player1_T1.5.csv,answers_player1_T1.5,Q062,J,Things in a refrigerator,17,juice,juice,1,1,0,Q062::17
Part2/outputs/answers_player1_T1.5.csv,answers_player1_T1.5,Q062,J,Things in a refrigerator,18,jam,jam,1,0,1,Q062::18
Part2/outputs/answers_player1_T1.5.csv,answers_player1_T1.5,Q062,J,Things in a refrigerator,19,juice,juice,1,1,0,Q062::19
Part2/outputs/answers_player1_T1.5.csv,answers_player1_T1.5,Q063,K,Cities,0,kingston,kingston,1,0,1,Q063::0
Part2/outputs/answers_player1_T1.5.csv,answers_player1_T1.5,Q063,K,Cities,1,kitchener,kitchener,1,0,1,Q063::1
Part2/outputs/answers_player1_T1.5.csv,answers_player1_T1.5,Q063,K,Cities,2,kitchener,kitchener,1,0,1,Q063::2
Part2/outputs/answers_player1_T1.5.csv,answers_player1_T1.5,Q063,K,Cities,3,kansas city,kansas city,1,0,1,Q063::3
Part2/outputs/answers_player1_T1.5.csv,answers_player1_T1.5,Q063,K,Cities,4,kansas city,kansas city,1,0,1,Q063::4
Part2/outputs/answers_player1_T1.5.csv,answers_player1_T1.5,Q063,K,Cities,5,knoxville,knoxville,1,0,1,Q063::5
Part2/outputs/answers_player1_T1.5.csv,answers_player1_T1.5,Q063,K,Cities,6,knoxville,knoxville,1,0,1,Q063::6
Part2/outputs/answers_player1_T1.5.csv,answers_player1_T1.5,Q063,K,Cities,7,kielingen,kielingen,0,0,0,Q063::7
Part2/outputs/answers_player1_T1.5.csv,answers_player1_T1.5,Q063,K,Cities,8,kihei,kihei,1,0,1,Q063::8
Part2/outputs/answers_player1_T1.5.csv,answers_player1_T1.5,Q063,K,Cities,9,knoxville,knoxville,1,0,1,Q063::9
Part2/outputs/answers_player1_T1.5.csv,answers_player1_T1.5,Q063,K,Cities,10,knoxville,knoxville,1,0,1,Q063::10
Part2/outputs/answers_player1_T1.5.csv,answers_player1_T1.5,Q063,K,Cities,11,kingston,kingston,1,1,0,Q063::11
Part2/outputs/answers_player1_T1.5.csv,answers_player1_T1.5,Q063,K,Cities,12,kişi,kişi,0,0,0,Q063::12
Part2/outputs/answers_player1_T1.5.csv,answers_player1_T1.5,Q063,K,Cities,13,knoxville,knoxville,1,0,1,Q063::13
Part2/outputs/answers_player1_T1.5.csv,answers_player1_T1.5,Q063,K,Cities,14,kitchener,kitchener,1,0,1,Q063::14
Part2/outputs/answers_player1_T1.5.csv,answers_player1_T1.5,Q063,K,Cities,15,kihei,kihei,1,0,1,Q063::15
Part2/outputs/answers_player1_T1.5.csv,answers_player1_T1.5,Q063,K,Cities,16,knoxville,knoxville,1,0,1,Q063::16
Part2/outputs/answers_player1_T1.5.csv,answers_player1_T1.5,Q063,K,Cities,17,kansas city,kansas city,1,0,1,Q063::17
Part2/outputs/answers_player1_T1.5.csv,answers_player1_T1.5,Q063,K,Cities,18,knoxville,knoxville,1,0,1,Q063::18
Part2/outputs/answers_player1_T1.5.csv,answers_player1_T1.5,Q063,K,Cities,19,knoxville,knoxville,1,0,1,Q063::19
Part2/outputs/answers_player1_T1.5.csv,answers_player1_T1.5,Q064,L,Things in a library,0,library card,library card,0,0,0,Q064::0
Part2/outputs/answers_player1_T1.5.csv,answers_player1_T1.5,Q064,L,Things in a library,1,library card,library card,0,0,0,Q064::1
Part2/outputs/answers_player1_T1.5.csv,answers_player1_T1.5,Q064,L,Things in a library,2,library,library,0,0,0,Q064::2
Part2/outputs/answers_player1_T1.5.csv,answers_player1_T1.5,Q064,L,Things in a library,3,library,library,0,0,0,Q064::3
Part2/outputs/answers_player1_T1.5.csv,answers_player1_T1.5,Q064,L,Things in a library,4,library card,library card,0,0,0,Q064::4
Part2/outputs/answers_player1_T1.5.csv,answers_player1_T1.5,Q064,L,Things in a library,5,library table,library table,0,0,0,Q064::5
Part2/outputs/answers_player1_T1.5.csv,answers_player1_T1.5,Q064,L,Things in a library,6,library card,library card,0,0,0,Q064::6
Part2/outputs/answers_player1_T1.5.csv,answers_player1_T1.5,Q064,L,Things in a library,7,library,library,0,0,0,Q064::7
Part2/outputs/answers_player1_T1.5.csv,answers_player1_T1.5,Q064,L,Things in a library,8,library card,library card,0,0,0,Q064::8
Part2/outputs/answers_player1_T1.5.csv,answers_player1_T1.5,Q064,L,Things in a library,9,library card,library card,0,0,0,Q064::9
Part2/outputs/answers_player1_T1.5.csv,answers_player1_T1.5,Q064,L,Things in a library,10,library card,library card,0,0,0,Q064::10
Part2/outputs/answers_player1_T1.5.csv,answers_player1_T1.5,Q064,L,Things in a library,11,library,library,0,0,0,Q064::11
Part2/outputs/answers_player1_T1.5.csv,answers_player1_T1.5,Q064,L,Things in a library,12,library card,library card,0,0,0,Q064::12
Part2/outputs/answers_player1_T1.5.csv,answers_player1_T1.5,Q064,L,Things in a library,13,library card,library card,0,0,0,Q064::13
Part2/outputs/answers_player1_T1.5.csv,answers_player1_T1.5,Q064,L,Things in a library,14,library card,library card,0,0,0,Q064::14
Part2/outputs/answers_player1_T1.5.csv,answers_player1_T1.5,Q064,L,Things in a library,15,library card,library card,0,0,0,Q064::15
Part2/outputs/answers_player1_T1.5.csv,answers_player1_T1.5,Q064,L,Things in a library,16,library,library,0,0,0,Q064::16
Part2/outputs/answers_player1_T1.5.csv,answers_player1_T1.5,Q064,L,Things in a library,17,library,library,0,0,0,Q064::17
Part2/outputs/answers_player1_T1.5.csv,answers_player1_T1.5,Q064,L,Things in a library,18,library,library,0,0,0,Q064::18
Part2/outputs/answers_player1_T1.5.csv,answers_player1_T1.5,Q064,L,Things in a library,19,library card,library card,0,0,0,Q064::19
Part2/outputs/answers_player2_T1.5.csv,answers_player2_T1.5,Q001,A,Animals,0,alpaca,alpaca,1,0,1,Q001::0
Part2/outputs/answers_player2_T1.5.csv,answers_player2_T1.5,Q001,A,Animals,1,albatross,albatross,1,0,1,Q001::1
Part2/outputs/answers_player2_T1.5.csv,answers_player2_T1.5,Q001,A,Animals,2,alligator,alligator,1,0,1,Q001::2
Part2/outputs/answers_player2_T1.5.csv,answers_player2_T1.5,Q001,A,Animals,3,albatross,albatross,1,0,1,Q001::3
Part2/outputs/answers_player2_T1.5.csv,answers_player2_T1.5,Q001,A,Animals,4,aardvark,aardvark,1,0,1,Q001::4
Part2/outputs/answers_player2_T1.5.csv,answers_player2_T1.5,Q001,A,Animals,5,alligator,alligator,1,0,1,Q001::5
Part2/outputs/answers_player2_T1.5.csv,answers_player2_T1.5,Q001,A,Animals,6,antelope,antelope,1,0,1,Q001::6
Part2/outputs/answers_player2_T1.5.csv,answers_player2_T1.5,Q001,A,Animals,7,antelope,antelope,1,0,1,Q001::7
Part2/outputs/answers_player2_T1.5.csv,answers_player2_T1.5,Q001,A,Animals,8,alligator,alligator,1,0,1,Q001::8
Part2/outputs/answers_player2_T1.5.csv,answers_player2_T1.5,Q001,A,Animals,9,aardvark,aardvark,1,0,1,Q001::9
Part2/outputs/answers_player2_T1.5.csv,answers_player2_T1.5,Q001,A,Animals,10,albatross,albatross,1,0,1,Q001::10
Part2/outputs/answers_player2_T1.5.csv,answers_player2_T1.5,Q001,A,Animals,11,african elephant,african elephant,1,0,1,Q001::11
Part2/outputs/answers_player2_T1.5.csv,answers_player2_T1.5,Q001,A,Animals,12,aardvark,aardvark,1,0,1,Q001::12
Part2/outputs/answers_player2_T1.5.csv,answers_player2_T1.5,Q001,A,Animals,13,aardvark,aardvark,1,0,1,Q001::13
Part2/outputs/answers_player2_T1.5.csv,answers_player2_T1.5,Q001,A,Animals,14,alpaca,alpaca,1,1,0,Q001::14
Part2/outputs/answers_player2_T1.5.csv,answers_player2_T1.5,Q001,A,Animals,15,albatross,albatross,1,0,1,Q001::15
Part2/outputs/answers_player2_T1.5.csv,answers_player2_T1.5,Q001,A,Animals,16,aardvark,aardvark,1,0,1,Q001::16
Part2/outputs/answers_player2_T1.5.csv,answers_player2_T1.5,Q001,A,Animals,17,alligator,alligator,1,1,0,Q001::17
Part2/outputs/answers_player2_T1.5.csv,answers_player2_T1.5,Q001,A,Animals,18,alpaca,alpaca,1,0,1,Q001::18
Part2/outputs/answers_player2_T1.5.csv,answers_player2_T1.5,Q001,A,Animals,19,alpaca,alpaca,1,1,0,Q001::19
Part2/outputs/answers_player2_T1.5.csv,answers_player2_T1.5,Q002,A,Jobs,0,accountant,accountant,1,1,0,Q002::0
Part2/outputs/answers_player2_T1.5.csv,answers_player2_T1.5,Q002,A,Jobs,1,accountant,accountant,1,1,0,Q002::1
Part2/outputs/answers_player2_T1.5.csv,answers_player2_T1.5,Q002,A,Jobs,2,accountant,accountant,1,1,0,Q002::2
Part2/outputs/answers_player2_T1.5.csv,answers_player2_T1.5,Q002,A,Jobs,3,accountant,accountant,1,1,0,Q002::3
Part2/outputs/answers_player2_T1.5.csv,answers_player2_T1.5,Q002,A,Jobs,4,accountant,accountant,1,1,0,Q002::4
Part2/outputs/answers_player2_T1.5.csv,answers_player2_T1.5,Q002,A,Jobs,5,accountant,accountant,1,1,0,Q002::5
Part2/outputs/answers_player2_T1.5.csv,answers_player2_T1.5,Q002,A,Jobs,6,accountant,accountant,1,1,0,Q002::6
Part2/outputs/answers_player2_T1.5.csv,answers_player2_T1.5,Q002,A,Jobs,7,accountant,accountant,1,1,0,Q002::7
Part2/outputs/answers_player2_T1.5.csv,answers_player2_T1.5,Q002,A,Jobs,8,accountant,accountant,1,1,0,Q002::8
Part2/outputs/answers_player2_T1.5.csv,answers_player2_T1.5,Q002,A,Jobs,9,accountant,accountant,1,1,0,Q002::9
Part2/outputs/answers_player2_T1.5.csv,answers_player2_T1.5,Q002,A,Jobs,10,accountant,accountant,1,1,0,Q002::10
Part2/outputs/answers_player2_T1.5.csv,answers_player2_T1.5,Q002,A,Jobs,11,accountant,accountant,1,1,0,Q002::11
Part2/outputs/answers_player2_T1.5.csv,answers_player2_T1.5,Q002,A,Jobs,12,accountant,accountant,1,1,0,Q002::12
Part2/outputs/answers_player2_T1.5.csv,answers_player2_T1.5,Q002,A,Jobs,13,accountant,accountant,1,1,0,Q002::13
Part2/outputs/answers_player2_T1.5.csv,answers_player2_T1.5,Q002,A,Jobs,14,accountant,accountant,1,1,0,Q002::14
Part2/outputs/answers_player2_T1.5.csv,answers_player2_T1.5,Q002,A,Jobs,15,accountant,accountant,1,1,0,Q002::15
Part2/outputs/answers_player2_T1.5.csv,answers_player2_T1.5,Q002,A,Jobs,16,accountant,accountant,1,1,0,Q002::16
Part2/outputs/answers_player2_T1.5.csv,answers_player2_T1.5,Q002,A,Jobs,17,accountant,accountant,1,1,0,Q002::17
Part2/outputs/answers_player2_T1.5.csv,answers_player2_T1.5,Q002,A,Jobs,18,accountant,accountant,1,1,0,Q002::18
Part2/outputs/answers_player2_T1.5.csv,answers_player2_T1.5,Q002,A,Jobs,19,accountant,accountant,1,1,0,Q002::19
Part2/outputs/answers_player2_T1.5.csv,answers_player2_T1.5,Q003,B,Fruits,0,blueberry,blueberry,1,1,0,Q003::0
Part2/outputs/answers_player2_T1.5.csv,answers_player2_T1.5,Q003,B,Fruits,1,blueberry,blueberry,1,1,0,Q003::1
Part2/outputs/answers_player2_T1.5.csv,answers_player2_T1.5,Q003,B,Fruits,2,blueberry,blueberry,1,1,0,Q003::2
Part2/outputs/answers_player2_T1.5.csv,answers_player2_T1.5,Q003,B,Fruits,3,banana,banana,1,1,0,Q003::3
Part2/outputs/answers_player2_T1.5.csv,answers_player2_T1.5,Q003,B,Fruits,4,blueberry,blueberry,1,1,0,Q003::4
Part2/outputs/answers_player2_T1.5.csv,answers_player2_T1.5,Q003,B,Fruits,5,blueberry,blueberry,1,1,0,Q003::5
Part2/outputs/answers_player2_T1.5.csv,answers_player2_T1.5,Q003,B,Fruits,6,blueberry,blueberry,1,0,1,Q003::6
Part2/outputs/answers_player2_T1.5.csv,answers_player2_T1.5,Q003,B,Fruits,7,banana,banana,1,0,1,Q003::7
Part2/outputs/answers_player2_T1.5.csv,answers_player2_T1.5,Q003,B,Fruits,8,blueberry,blueberry,1,0,1,Q003::8
Part2/outputs/answers_player2_T1.5.csv,answers_player2_T1.5,Q003,B,Fruits,9,blueberry,blueberry,1,1,0,Q003::9
Part2/outputs/answers_player2_T1.5.csv,answers_player2_T1.5,Q003,B,Fruits,10,blueberry,blueberry,1,1,0,Q003::10
Part2/outputs/answers_player2_T1.5.csv,answers_player2_T1.5,Q003,B,Fruits,11,banana,banana,1,1,0,Q003::11
Part2/outputs/answers_player2_T1.5.csv,answers_player2_T1.5,Q003,B,Fruits,12,blueberry,blueberry,1,1,0,Q003::12
Part2/outputs/answers_player2_T1.5.csv,answers_player2_T1.5,Q003,B,Fruits,13,blueberry,blueberry,1,1,0,Q003::13
Part2/outputs/answers_player2_T1.5.csv,answers_player2_T1.5,Q003,B,Fruits,14,blueberry,blueberry,1,0,1,Q003::14
Part2/outputs/answers_player2_T1.5.csv,answers_player2_T1.5,Q003,B,Fruits,15,banana,banana,1,0,1,Q003::15
Part2/outputs/answers_player2_T1.5.csv,answers_player2_T1.5,Q003,B,Fruits,16,blueberry,blueberry,1,1,0,Q003::16
Part2/outputs/answers_player2_T1.5.csv,answers_player2_T1.5,Q003,B,Fruits,17,blueberry,blueberry,1,1,0,Q003::17
Part2/outputs/answers_player2_T1.5.csv,answers_player2_T1.5,Q003,B,Fruits,18,banana,banana,1,0,1,Q003::18
Part2/outputs/answers_player2_T1.5.csv,answers_player2_T1.5,Q003,B,Fruits,19,blueberry,blueberry,1,0,1,Q003::19
Part2/outputs/answers_player2_T1.5.csv,answers_player2_T1.5,Q004,B,Things that are red,0,red ball,red ball,0,0,0,Q004::0
Part2/outputs/answers_player2_T1.5.csv,answers_player2_T1.5,Q004,B,Things that are red,1,banana,banana,0,0,0,Q004::1
Part2/outputs/answers_player2_T1.5.csv,answers_player2_T1.5,Q004,B,Things that are red,2,banana,banana,0,0,0,Q004::2
Part2/outputs/answers_player2_T1.5.csv,answers_player2_T1.5,Q004,B,Things that are red,3,banana,banana,0,0,0,Q004::3
Part2/outputs/answers_player2_T1.5.csv,answers_player2_T1.5,Q004,B,Things that are red,4,basketball,basketball,0,0,0,Q004::4
Part2/outputs/answers_player2_T1.5.csv,answers_player2_T1.5,Q004,B,Things that are red,5,banana,banana,0,0,0,Q004::5
Part2/outputs/answers_player2_T1.5.csv,answers_player2_T1.5,Q004,B,Things that are red,6,berry,berry,1,0,1,Q004::6
Part2/outputs/answers_player2_T1.5.csv,answers_player2_T1.5,Q004,B,Things that are red,7,red balloon,red balloon,0,0,0,Q004::7
Part2/outputs/answers_player2_T1.5.csv,answers_player2_T1.5,Q004,B,Things that are red,8,bergenilde,bergenilde,0,0,0,Q004::8
Part2/outputs/answers_player2_T1.5.csv,answers_player2_T1.5,Q004,B,Things that are red,9,basketball,basketball,0,0,0,Q004::9
Part2/outputs/answers_player2_T1.5.csv,answers_player2_T1.5,Q004,B,Things that are red,10,basketball,basketball,0,0,0,Q004::10
Part2/outputs/answers_player2_T1.5.csv,answers_player2_T1.5,Q004,B,Things that are red,11,bingo ball,bingo ball,0,0,0,Q004::11
Part2/outputs/answers_player2_T1.5.csv,answers_player2_T1.5,Q004,B,Things that are red,12,banana,banana,0,0,0,Q004::12
Part2/outputs/answers_player2_T1.5.csv,answers_player2_T1.5,Q004,B,Things that are red,13,blood,blood,0,0,0,Q004::13
Part2/outputs/answers_player2_T1.5.csv,answers_player2_T1.5,Q004,B,Things that are red,14,banana,banana,0,0,0,Q004::14
Part2/outputs/answers_player2_T1.5.csv,answers_player2_T1.5,Q004,B,Things that are red,15,banana,banana,0,0,0,Q004::15
Part2/outputs/answers_player2_T1.5.csv,answers_player2_T1.5,Q004,B,Things that are red,16,strawberry,strawberry,1,0,1,Q004::16
Part2/outputs/answers_player2_T1.5.csv,answers_player2_T1.5,Q004,B,Things that are red,17,bush,bush,0,0,0,Q004::17
Part2/outputs/answers_player2_T1.5.csv,answers_player2_T1.5,Q004,B,Things that are red,18,banana,banana,0,0,0,Q004::18
Part2/outputs/answers_player2_T1.5.csv,answers_player2_T1.5,Q004,B,Things that are red,19,banana,banana,0,0,0,Q004::19
Part2/outputs/answers_player2_T1.5.csv,answers_player2_T1.5,Q005,C,Countries,0,canada,canada,1,1,0,Q005::0
Part2/outputs/answers_player2_T1.5.csv,answers_player2_T1.5,Q005,C,Countries,1,canada,canada,1,1,0,Q005::1
Part2/outputs/answers_player2_T1.5.csv,answers_player2_T1.5,Q005,C,Countries,2,canada,canada,1,1,0,Q005::2
Part2/outputs/answers_player2_T1.5.csv,answers_player2_T1.5,Q005,C,Countries,3,canada,canada,1,1,0,Q005::3
Part2/outputs/answers_player2_T1.5.csv,answers_player2_T1.5,Q005,C,Countries,4,canada,canada,1,1,0,Q005::4
Part2/outputs/answers_player2_T1.5.csv,answers_player2_T1.5,Q005,C,Countries,5,canada,canada,1,1,0,Q005::5
Part2/outputs/answers_player2_T1.5.csv,answers_player2_T1.5,Q005,C,Countries,6,canada,canada,1,1,0,Q005::6
Part2/outputs/answers_player2_T1.5.csv,answers_player2_T1.5,Q005,C,Countries,7,canada,canada,1,1,0,Q005::7
Part2/outputs/answers_player2_T1.5.csv,answers_player2_T1.5,Q005,C,Countries,8,canada,canada,1,1,0,Q005::8
Part2/outputs/answers_player2_T1.5.csv,answers_player2_T1.5,Q005,C,Countries,9,canada,canada,1,1,0,Q005::9
Part2/outputs/answers_player2_T1.5.csv,answers_player2_T1.5,Q005,C,Countries,10,canada,canada,1,1,0,Q005::10
Part2/outputs/answers_player2_T1.5.csv,answers_player2_T1.5,Q005,C,Countries,11,canada,canada,1,1,0,Q005::11
Part2/outputs/answers_player2_T1.5.csv,answers_player2_T1.5,Q005,C,Countries,12,canada,canada,1,1,0,Q005::12
Part2/outputs/answers_player2_T1.5.csv,answers_player2_T1.5,Q005,C,Countries,13,canada,canada,1,1,0,Q005::13
Part2/outputs/answers_player2_T1.5.csv,answers_player2_T1.5,Q005,C,Countries,14,canada,canada,1,1,0,Q005::14
Part2/outputs/answers_player2_T1.5.csv,answers_player2_T1.5,Q005,C,Countries,15,canada,canada,1,1,0,Q005::15
Part2/outputs/answers_player2_T1.5.csv,answers_player2_T1.5,Q005,C,Countries,16,canada,canada,1,1,0,Q005::16
Part2/outputs/answers_player2_T1.5.csv,answers_player2_T1.5,Q005,C,Countries,17,canada,canada,1,1,0,Q005::17
Part2/outputs/answers_player2_T1.5.csv,answers_player2_T1.5,Q005,C,Countries,18,canada,canada,1,1,0,Q005::18
Part2/outputs/answers_player2_T1.5.csv,answers_player2_T1.5,Q005,C,Countries,19,canada,canada,1,1,0,Q005::19
Part2/outputs/answers_player2_T1.5.csv,answers_player2_T1.5,Q006,C,Board games,0,chess,chess,1,1,0,Q006::0
Part2/outputs/answers_player2_T1.5.csv,answers_player2_T1.5,Q006,C,Board games,1,chess,chess,1,1,0,Q006::1
Part2/outputs/answers_player2_T1.5.csv,answers_player2_T1.5,Q006,C,Board games,2,chess,chess,1,1,0,Q006::2
Part2/outputs/answers_player2_T1.5.csv,answers_player2_T1.5,Q006,C,Board games,3,chess,chess,1,1,0,Q006::3
Part2/outputs/answers_player2_T1.5.csv,answers_player2_T1.5,Q006,C,Board games,4,chess,chess,1,0,1,Q006::4
Part2/outputs/answers_player2_T1.5.csv,answers_player2_T1.5,Q006,C,Board games,5,chess,chess,1,0,1,Q006::5
Part2/outputs/answers_player2_T1.5.csv,answers_player2_T1.5,Q006,C,Board games,6,chess,chess,1,1,0,Q006::6
Part2/outputs/answers_player2_T1.5.csv,answers_player2_T1.5,Q006,C,Board games,7,chess,chess,1,1,0,Q006::7
Part2/outputs/answers_player2_T1.5.csv,answers_player2_T1.5,Q006,C,Board games,8,chess,chess,1,1,0,Q006::8
Part2/outputs/answers_player2_T1.5.csv,answers_player2_T1.5,Q006,C,Board games,9,checkers,checkers,1,1,0,Q006::9
Part2/outputs/answers_player2_T1.5.csv,answers_player2_T1.5,Q006,C,Board games,10,chess,chess,1,0,1,Q006::10
Part2/outputs/answers_player2_T1.5.csv,answers_player2_T1.5,Q006,C,Board games,11,chess,chess,1,1,0,Q006::11
Part2/outputs/answers_player2_T1.5.csv,answers_player2_T1.5,Q006,C,Board games,12,checkers,checkers,1,0,1,Q006::12
Part2/outputs/answers_player2_T1.5.csv,answers_player2_T1.5,Q006,C,Board games,13,chess,chess,1,1,0,Q006::13
Part2/outputs/answers_player2_T1.5.csv,answers_player2_T1.5,Q006,C,Board games,14,chess,chess,1,1,0,Q006::14
Part2/outputs/answers_player2_T1.5.csv,answers_player2_T1.5,Q006,C,Board games,15,checkers,checkers,1,0,1,Q006::15
Part2/outputs/answers_player2_T1.5.csv,answers_player2_T1.5,Q006,C,Board games,16,chess,chess,1,1,0,Q006::16
Part2/outputs/answers_player2_T1.5.csv,answers_player2_T1.5,Q006,C,Board games,17,chess,chess,1,0,1,Q006::17
Part2/outputs/answers_player2_T1.5.csv,answers_player2_T1.5,Q006,C,Board games,18,chess,chess,1,1,0,Q006::18
Part2/outputs/answers_player2_T1.5.csv,answers_player2_T1.5,Q006,C,Board games,19,chess,chess,1,1,0,Q006::19
Part2/outputs/answers_player2_T1.5.csv,answers_player2_T1.5,Q007,D,Musical instruments,0,drum,drum,1,0,1,Q007::0
Part2/outputs/answers_player2_T1.5.csv,answers_player2_T1.5,Q007,D,Musical instruments,1,drum,drum,1,0,1,Q007::1
Part2/outputs/answers_player2_T1.5.csv,answers_player2_T1.5,Q007,D,Musical instruments,2,drum,drum,1,0,1,Q007::2
Part2/outputs/answers_player2_T1.5.csv,answers_player2_T1.5,Q007,D,Musical instruments,3,drum,drum,1,0,1,Q007::3
Part2/outputs/answers_player2_T1.5.csv,answers_player2_T1.5,Q007,D,Musical instruments,4,drum,drum,1,1,0,Q007::4
Part2/outputs/answers_player2_T1.5.csv,answers_player2_T1.5,Q007,D,Musical instruments,5,drum,drum,1,1,0,Q007::5
Part2/outputs/answers_player2_T1.5.csv,answers_player2_T1.5,Q007,D,Musical instruments,6,drum,drum,1,1,0,Q007::6
Part2/outputs/answers_player2_T1.5.csv,answers_player2_T1.5,Q007,D,Musical instruments,7,drum,drum,1,1,0,Q007::7
Part2/outputs/answers_player2_T1.5.csv,answers_player2_T1.5,Q007,D,Musical instruments,8,drum,drum,1,1,0,Q007::8
Part2/outputs/answers_player2_T1.5.csv,answers_player2_T1.5,Q007,D,Musical instruments,9,drum,drum,1,1,0,Q007::9
Part2/outputs/answers_player2_T1.5.csv,answers_player2_T1.5,Q007,D,Musical instruments,10,drum,drum,1,1,0,Q007::10
Part2/outputs/answers_player2_T1.5.csv,answers_player2_T1.5,Q007,D,Musical instruments,11,drum,drum,1,0,1,Q007::11
Part2/outputs/answers_player2_T1.5.csv,answers_player2_T1.5,Q007,D,Musical instruments,12,drum set,drum set,0,0,0,Q007::12
Part2/outputs/answers_player2_T1.5.csv,answers_player2_T1.5,Q007,D,Musical instruments,13,drum,drum,1,1,0,Q007::13
Part2/outputs/answers_player2_T1.5.csv,answers_player2_T1.5,Q007,D,Musical instruments,14,drum,drum,1,1,0,Q007::14
Part2/outputs/answers_player2_T1.5.csv,answers_player2_T1.5,Q007,D,Musical instruments,15,drum,drum,1,0,1,Q007::15
Part2/outputs/answers_player2_T1.5.csv,answers_player2_T1.5,Q007,D,Musical instruments,16,drum,drum,1,1,0,Q007::16
Part2/outputs/answers_player2_T1.5.csv,answers_player2_T1.5,Q007,D,Musical instruments,17,drum,drum,1,0,1,Q007::17
Part2/outputs/answers_player2_T1.5.csv,answers_player2_T1.5,Q007,D,Musical instruments,18,drum set,drum set,0,0,0,Q007::18
Part2/outputs/answers_player2_T1.5.csv,answers_player2_T1.5,Q007,D,Musical instruments,19,drum set,drum set,0,0,0,Q007::19
Part2/outputs/answers_player2_T1.5.csv,answers_player2_T1.5,Q008,D,Things in a bathroom,0,toothbrush,toothbrush,0,0,0,Q008::0
Part2/outputs/answers_player2_T1.5.csv,answers_player2_T1.5,Q008,D,Things in a bathroom,1,toothbrush,toothbrush,0,0,0,Q008::1
Part2/outputs/answers_player2_T1.5.csv,answers_player2_T1.5,Q008,D,Things in a bathroom,2,toothbrush,toothbrush,0,0,0,Q008::2
Part2/outputs/answers_player2_T1.5.csv,answers_player2_T1.5,Q008,D,Things in a bathroom,3,deodorant,deodorant,1,0,1,Q008::3
Part2/outputs/answers_player2_T1.5.csv,answers_player2_T1.5,Q008,D,Things in a bathroom,4,dishcloth,dishcloth,1,0,1,Q008::4
Part2/outputs/answers_player2_T1.5.csv,answers_player2_T1.5,Q008,D,Things in a bathroom,5,toothbrush,toothbrush,0,0,0,Q008::5
Part2/outputs/answers_player2_T1.5.csv,answers_player2_T1.5,Q008,D,Things in a bathroom,6,toothbrush,toothbrush,0,0,0,Q008::6
Part2/outputs/answers_player2_T1.5.csv,answers_player2_T1.5,Q008,D,Things in a bathroom,7,toothbrush,toothbrush,0,0,0,Q008::7
Part2/outputs/answers_player2_T1.5.csv,answers_player2_T1.5,Q008,D,Things in a bathroom,8,toothbrush,toothbrush,0,0,0,Q008::8
Part2/outputs/answers_player2_T1.5.csv,answers_player2_T1.5,Q008,D,Things in a bathroom,9,deodorant,deodorant,1,0,1,Q008::9
Part2/outputs/answers_player2_T1.5.csv,answers_player2_T1.5,Q008,D,Things in a bathroom,10,dishwasher,dishwasher,0,0,0,Q008::10
Part2/outputs/answers_player2_T1.5.csv,answers_player2_T1.5,Q008,D,Things in a bathroom,11,toothbrush,toothbrush,0,0,0,Q008::11
Part2/outputs/answers_player2_T1.5.csv,answers_player2_T1.5,Q008,D,Things in a bathroom,12,soap dispenser,soap dispenser,1,0,1,Q008::12
Part2/outputs/answers_player2_T1.5.csv,answers_player2_T1.5,Q008,D,Things in a bathroom,13,toothbrush,toothbrush,0,0,0,Q008::13
Part2/outputs/answers_player2_T1.5.csv,answers_player2_T1.5,Q008,D,Things in a bathroom,14,toothbrush,toothbrush,0,0,0,Q008::14
Part2/outputs/answers_player2_T1.5.csv,answers_player2_T1.5,Q008,D,Things in a bathroom,15,toothbrush,toothbrush,0,0,0,Q008::15
Part2/outputs/answers_player2_T1.5.csv,answers_player2_T1.5,Q008,D,Things in a bathroom,16,toothbrush,toothbrush,0,0,0,Q008::16
Part2/outputs/answers_player2_T1.5.csv,answers_player2_T1.5,Q008,D,Things in a bathroom,17,dishSoap,dishsoap,0,0,0,Q008::17
Part2/outputs/answers_player2_T1.5.csv,answers_player2_T1.5,Q008,D,Things in a bathroom,18,toothbrush,toothbrush,0,0,0,Q008::18
Part2/outputs/answers_player2_T1.5.csv,answers_player2_T1.5,Q008,D,Things in a bathroom,19,soap dispenser,soap dispenser,1,0,1,Q008::19
Part2/outputs/answers_player2_T1.5.csv,answers_player2_T1.5,Q009,E,Sports,0,tennis,tennis,0,0,0,Q009::0
Part2/outputs/answers_player2_T1.5.csv,answers_player2_T1.5,Q009,E,Sports,1,tennis,tennis,0,0,0,Q009::1
Part2/outputs/answers_player2_T1.5.csv,answers_player2_T1.5,Q009,E,Sports,2,tennis,tennis,0,0,0,Q009::2
Part2/outputs/answers_player2_T1.5.csv,answers_player2_T1.5,Q009,E,Sports,3,tennis,tennis,0,0,0,Q009::3
Part2/outputs/answers_player2_T1.5.csv,answers_player2_T1.5,Q009,E,Sports,4,tennis,tennis,0,0,0,Q009::4
Part2/outputs/answers_player2_T1.5.csv,answers_player2_T1.5,Q009,E,Sports,5,volleyball,volleyball,0,0,0,Q009::5
Part2/outputs/answers_player2_T1.5.csv,answers_player2_T1.5,Q009,E,Sports,6,tennis,tennis,0,0,0,Q009::6
Part2/outputs/answers_player2_T1.5.csv,answers_player2_T1.5,Q009,E,Sports,7,tennis,tennis,0,0,0,Q009::7
Part2/outputs/answers_player2_T1.5.csv,answers_player2_T1.5,Q009,E,Sports,8,tennis,tennis,0,0,0,Q009::8
Part2/outputs/answers_player2_T1.5.csv,answers_player2_T1.5,Q009,E,Sports,9,tennis,tennis,0,0,0,Q009::9
Part2/outputs/answers_player2_T1.5.csv,answers_player2_T1.5,Q009,E,Sports,10,tennis,tennis,0,0,0,Q009::10
Part2/outputs/answers_player2_T1.5.csv,answers_player2_T1.5,Q009,E,Sports,11,tennis,tennis,0,0,0,Q009::11
Part2/outputs/answers_player2_T1.5.csv,answers_player2_T1.5,Q009,E,Sports,12,tennis,tennis,0,0,0,Q009::12
Part2/outputs/answers_player2_T1.5.csv,answers_player2_T1.5,Q009,E,Sports,13,tennis,tennis,0,0,0,Q009::13
Part2/outputs/answers_player2_T1.5.csv,answers_player2_T1.5,Q009,E,Sports,14,tennis,tennis,0,0,0,Q009::14
Part2/outputs/answers_player2_T1.5.csv,answers_player2_T1.5,Q009,E,Sports,15,tennis,tennis,0,0,0,Q009::15
Part2/outputs/answers_player2_T1.5.csv,answers_player2_T1.5,Q009,E,Sports,16,tennis,tennis,0,0,0,Q009::16
Part2/outputs/answers_player2_T1.5.csv,answers_player2_T1.5,Q009,E,Sports,17,tennis,tennis,0,0,0,Q009::17
Part2/outputs/answers_player2_T1.5.csv,answers_player2_T1.5,Q009,E,Sports,18,volleyball,volleyball,0,0,0,Q009::18
Part2/outputs/answers_player2_T1.5.csv,answers_player2_T1.5,Q009,E,Sports,19,tennis,tennis,0,0,0,Q009::19
Part2/outputs/answers_player2_T1.5.csv,answers_player2_T1.5,Q010,E,Movie titles,0,eternal sunshine of the spotless mind,eternal sunshine of the spotless mind,0,0,0,Q010::0
Part2/outputs/answers_player2_T1.5.csv,answers_player2_T1.5,Q010,E,Movie titles,1,eternal sunshine of the spotless mind,eternal sunshine of the spotless mind,0,0,0,Q010::1
Part2/outputs/answers_player2_T1.5.csv,answers_player2_T1.5,Q010,E,Movie titles,2,election day,election day,0,0,0,Q010::2
Part2/outputs/answers_player2_T1.5.csv,answers_player2_T1.5,Q010,E,Movie titles,3,earth warrior,earth warrior,0,0,0,Q010::3
Part2/outputs/answers_player2_T1.5.csv,answers_player2_T1.5,Q010,E,Movie titles,4,eighth day of snow,eighth day of snow,0,0,0,Q010::4
Part2/outputs/answers_player2_T1.5.csv,answers_player2_T1.5,Q010,E,Movie titles,5,e validationResult,e validationresult,0,0,0,Q010::5
Part2/outputs/answers_player2_T1.5.csv,answers_player2_T1.5,Q010,E,Movie titles,6,e.t.,e.t,1,0,1,Q010::6
Part2/outputs/answers_player2_T1.5.csv,answers_player2_T1.5,Q010,E,Movie titles,7,easy rider,easy rider,1,0,1,Q010::7
Part2/outputs/answers_player2_T1.5.csv,answers_player2_T1.5,Q010,E,Movie titles,8,eclipse,eclipse,1,0,1,Q010::8
Part2/outputs/answers_player2_T1.5.csv,answers_player2_T1.5,Q010,E,Movie titles,9,e validationResult,e validationresult,0,0,0,Q010::9
Part2/outputs/answers_player2_T1.5.csv,answers_player2_T1.5,Q010,E,Movie titles,10,et tu brucae,et tu brucae,0,0,0,Q010::10
Part2/outputs/answers_player2_T1.5.csv,answers_player2_T1.5,Q010,E,Movie titles,11,eclipse,eclipse,1,1,0,Q010::11
Part2/outputs/answers_player2_T1.5.csv,answers_player2_T1.5,Q010,E,Movie titles,12,eclipse,eclipse,1,0,1,Q010::12
Part2/outputs/answers_player2_T1.5.csv,answers_player2_T1.5,Q010,E,Movie titles,13,everything everywhere day ago,everything everywhere day ago,0,0,0,Q010::13
Part2/outputs/answers_player2_T1.5.csv,answers_player2_T1.5,Q010,E,Movie titles,14,everything's imaginable,everything's imaginable,0,0,0,Q010::14
Part2/outputs/answers_player2_T1.5.csv,answers_player2_T1.5,Q010,E,Movie titles,15,european heels,european heels,0,0,0,Q010::15
Part2/outputs/answers_player2_T1.5.csv,answers_player2_T1.5,Q010,E,Movie titles,16,eclipse,eclipse,1,0,1,Q010::16
Part2/outputs/answers_player2_T1.5.csv,answers_player2_T1.5,Q010,E,Movie titles,17,eagle eyed,eagle eyed,0,0,0,Q010::17
Part2/outputs/answers_player2_T1.5.csv,answers_player2_T1.5,Q010,E,Movie titles,18,et tu quoque ragazuele,et tu quoque ragazuele,0,0,0,Q010::18
Part2/outputs/answers_player2_T1.5.csv,answers_player2_T1.5,Q010,E,Movie titles,19,eagged to please,eagged to please,0,0,0,Q010::19
Part2/outputs/answers_player2_T1.5.csv,answers_player2_T1.5,Q011,F,Fish,0,flounder,flounder,1,1,0,Q011::0
Part2/outputs/answers_player2_T1.5.csv,answers_player2_T1.5,Q011,F,Fish,1,flounder,flounder,1,1,0,Q011::1
Part2/outputs/answers_player2_T1.5.csv,answers_player2_T1.5,Q011,F,Fish,2,flounder,flounder,1,1,0,Q011::2
Part2/outputs/answers_player2_T1.5.csv,answers_player2_T1.5,Q011,F,Fish,3,flounder,flounder,1,1,0,Q011::3
Part2/outputs/answers_player2_T1.5.csv,answers_player2_T1.5,Q011,F,Fish,4,flounder,flounder,1,1,0,Q011::4
Part2/outputs/answers_player2_T1.5.csv,answers_player2_T1.5,Q011,F,Fish,5,flounder,flounder,1,1,0,Q011::5
Part2/outputs/answers_player2_T1.5.csv,answers_player2_T1.5,Q011,F,Fish,6,flounder,flounder,1,0,1,Q011::6
Part2/outputs/answers_player2_T1.5.csv,answers_player2_T1.5,Q011,F,Fish,7,flounder,flounder,1,1,0,Q011::7
Part2/outputs/answers_player2_T1.5.csv,answers_player2_T1.5,Q011,F,Fish,8,flounder,flounder,1,1,0,Q011::8
Part2/outputs/answers_player2_T1.5.csv,answers_player2_T1.5,Q011,F,Fish,9,flounder,flounder,1,1,0,Q011::9
Part2/outputs/answers_player2_T1.5.csv,answers_player2_T1.5,Q011,F,Fish,10,flounder,flounder,1,1,0,Q011::10
Part2/outputs/answers_player2_T1.5.csv,answers_player2_T1.5,Q011,F,Fish,11,flounder,flounder,1,1,0,Q011::11
Part2/outputs/answers_player2_T1.5.csv,answers_player2_T1.5,Q011,F,Fish,12,goldfish,goldfish,1,0,1,Q011::12
Part2/outputs/answers_player2_T1.5.csv,answers_player2_T1.5,Q011,F,Fish,13,flounder,flounder,1,0,1,Q011::13
Part2/outputs/answers_player2_T1.5.csv,answers_player2_T1.5,Q011,F,Fish,14,flounder,flounder,1,0,1,Q011::14
Part2/outputs/answers_player2_T1.5.csv,answers_player2_T1.5,Q011,F,Fish,15,flounder,flounder,1,1,0,Q011::15
Part2/outputs/answers_player2_T1.5.csv,answers_player2_T1.5,Q011,F,Fish,16,flounder,flounder,1,1,0,Q011::16
Part2/outputs/answers_player2_T1.5.csv,answers_player2_T1.5,Q011,F,Fish,17,flounder,flounder,1,1,0,Q011::17
Part2/outputs/answers_player2_T1.5.csv,answers_player2_T1.5,Q011,F,Fish,18,flounder,flounder,1,1,0,Q011::18
Part2/outputs/answers_player2_T1.5.csv,answers_player2_T1.5,Q011,F,Fish,19,flounder,flounder,1,0,1,Q011::19
Part2/outputs/answers_player2_T1.5.csv,answers_player2_T1.5,Q012,F,Things in a backpack,0,folder,folder,1,0,1,Q012::0
Part2/outputs/answers_player2_T1.5.csv,answers_player2_T1.5,Q012,F,Things in a backpack,1,folders,folders,1,0,1,Q012::1
Part2/outputs/answers_player2_T1.5.csv,answers_player2_T1.5,Q012,F,Things in a backpack,2,fatigue tablets,fatigue tablets,0,0,0,Q012::2
Part2/outputs/answers_player2_T1.5.csv,answers_player2_T1.5,Q012,F,Things in a backpack,3,flashlight,flashlight,1,1,0,Q012::3
Part2/outputs/answers_player2_T1.5.csv,answers_player2_T1.5,Q012,F,Things in a backpack,4,folders,folders,1,0,1,Q012::4
Part2/outputs/answers_player2_T1.5.csv,answers_player2_T1.5,Q012,F,Things in a backpack,5,folders,folders,1,0,1,Q012::5
Part2/outputs/answers_player2_T1.5.csv,answers_player2_T1.5,Q012,F,Things in a backpack,6,folders,folders,1,0,1,Q012::6
Part2/outputs/answers_player2_T1.5.csv,answers_player2_T1.5,Q012,F,Things in a backpack,7,flashlight,flashlight,1,0,1,Q012::7
Part2/outputs/answers_player2_T1.5.csv,answers_player2_T1.5,Q012,F,Things in a backpack,8,folders,folders,1,0,1,Q012::8
Part2/outputs/answers_player2_T1.5.csv,answers_player2_T1.5,Q012,F,Things in a backpack,9,folders,folders,1,0,1,Q012::9
Part2/outputs/answers_player2_T1.5.csv,answers_player2_T1.5,Q012,F,Things in a backpack,10,folders,folders,1,0,1,Q012::10
Part2/outputs/answers_player2_T1.5.csv,answers_player2_T1.5,Q012,F,Things in a backpack,11,flashlight,flashlight,1,0,1,Q012::11
Part2/outputs/answers_player2_T1.5.csv,answers_player2_T1.5,Q012,F,Things in a backpack,12,folders,folders,1,0,1,Q012::12
Part2/outputs/answers_player2_T1.5.csv,answers_player2_T1.5,Q012,F,Things in a backpack,13,folders,folders,1,0,1,Q012::13
Part2/outputs/answers_player2_T1.5.csv,answers_player2_T1.5,Q012,F,Things in a backpack,14,flashlight,flashlight,1,0,1,Q012::14
Part2/outputs/answers_player2_T1.5.csv,answers_player2_T1.5,Q012,F,Things in a backpack,15,flashlight,flashlight,1,1,0,Q012::15
Part2/outputs/answers_player2_T1.5.csv,answers_player2_T1.5,Q012,F,Things in a backpack,16,flashlight,flashlight,1,0,1,Q012::16
Part2/outputs/answers_player2_T1.5.csv,answers_player2_T1.5,Q012,F,Things in a backpack,17,flashlight,flashlight,1,0,1,Q012::17
Part2/outputs/answers_player2_T1.5.csv,answers_player2_T1.5,Q012,F,Things in a backpack,18,folders,folders,1,0,1,Q012::18
Part2/outputs/answers_player2_T1.5.csv,answers_player2_T1.5,Q012,F,Things in a backpack,19,flashlight,flashlight,1,0,1,Q012::19
Part2/outputs/answers_player2_T1.5.csv,answers_player2_T1.5,Q013,G,U.S. states,0,georgia,georgia,1,1,0,Q013::0
Part2/outputs/answers_player2_T1.5.csv,answers_player2_T1.5,Q013,G,U.S. states,1,georgia,georgia,1,1,0,Q013::1
Part2/outputs/answers_player2_T1.5.csv,answers_player2_T1.5,Q013,G,U.S. states,2,georgia,georgia,1,1,0,Q013::2
Part2/outputs/answers_player2_T1.5.csv,answers_player2_T1.5,Q013,G,U.S. states,3,georgia,georgia,1,1,0,Q013::3
Part2/outputs/answers_player2_T1.5.csv,answers_player2_T1.5,Q013,G,U.S. states,4,georgia,georgia,1,1,0,Q013::4
Part2/outputs/answers_player2_T1.5.csv,answers_player2_T1.5,Q013,G,U.S. states,5,georgia,georgia,1,1,0,Q013::5
Part2/outputs/answers_player2_T1.5.csv,answers_player2_T1.5,Q013,G,U.S. states,6,georgia,georgia,1,1,0,Q013::6
Part2/outputs/answers_player2_T1.5.csv,answers_player2_T1.5,Q013,G,U.S. states,7,georgia,georgia,1,1,0,Q013::7
Part2/outputs/answers_player2_T1.5.csv,answers_player2_T1.5,Q013,G,U.S. states,8,georgia,georgia,1,1,0,Q013::8
Part2/outputs/answers_player2_T1.5.csv,answers_player2_T1.5,Q013,G,U.S. states,9,georgia,georgia,1,1,0,Q013::9
Part2/outputs/answers_player2_T1.5.csv,answers_player2_T1.5,Q013,G,U.S. states,10,georgia,georgia,1,1,0,Q013::10
Part2/outputs/answers_player2_T1.5.csv,answers_player2_T1.5,Q013,G,U.S. states,11,georgia,georgia,1,1,0,Q013::11
Part2/outputs/answers_player2_T1.5.csv,answers_player2_T1.5,Q013,G,U.S. states,12,georgia,georgia,1,1,0,Q013::12
Part2/outputs/answers_player2_T1.5.csv,answers_player2_T1.5,Q013,G,U.S. states,13,georgia,georgia,1,1,0,Q013::13
Part2/outputs/answers_player2_T1.5.csv,answers_player2_T1.5,Q013,G,U.S. states,14,georgia,georgia,1,1,0,Q013::14
Part2/outputs/answers_player2_T1.5.csv,answers_player2_T1.5,Q013,G,U.S. states,15,georgia,georgia,1,1,0,Q013::15
Part2/outputs/answers_player2_T1.5.csv,answers_player2_T1.5,Q013,G,U.S. states,16,georgia,georgia,1,1,0,Q013::16
Part2/outputs/answers_player2_T1.5.csv,answers_player2_T1.5,Q013,G,U.S. states,17,georgia,georgia,1,1,0,Q013::17
Part2/outputs/answers_player2_T1.5.csv,answers_player2_T1.5,Q013,G,U.S. states,18,georgia,georgia,1,1,0,Q013::18
Part2/outputs/answers_player2_T1.5.csv,answers_player2_T1.5,Q013,G,U.S. states,19,georgia,georgia,1,1,0,Q013::19
Part2/outputs/answers_player2_T1.5.csv,answers_player2_T1.5,Q014,G,Foods,0,grapes,grapes,1,0,1,Q014::0
Part2/outputs/answers_player2_T1.5.csv,answers_player2_T1.5,Q014,G,Foods,1,grapefruit,grapefruit,1,0,1,Q014::1
Part2/outputs/answers_player2_T1.5.csv,answers_player2_T1.5,Q014,G,Foods,2,grapefruit,grapefruit,1,0,1,Q014::2
Part2/outputs/answers_player2_T1.5.csv,answers_player2_T1.5,Q014,G,Foods,3,guacamole,guacamole,1,0,1,Q014::3
Part2/outputs/answers_player2_T1.5.csv,answers_player2_T1.5,Q014,G,Foods,4,grapefruit,grapefruit,1,0,1,Q014::4
Part2/outputs/answers_player2_T1.5.csv,answers_player2_T1.5,Q014,G,Foods,5,garlic bread,garlic bread,1,0,1,Q014::5
Part2/outputs/answers_player2_T1.5.csv,answers_player2_T1.5,Q014,G,Foods,6,grapes,grapes,1,0,1,Q014::6
Part2/outputs/answers_player2_T1.5.csv,answers_player2_T1.5,Q014,G,Foods,7,garlic bread,garlic bread,1,1,0,Q014::7
Part2/outputs/answers_player2_T1.5.csv,answers_player2_T1.5,Q014,G,Foods,8,grapes,grapes,1,1,0,Q014::8
Part2/outputs/answers_player2_T1.5.csv,answers_player2_T1.5,Q014,G,Foods,9,guacamole,guacamole,1,0,1,Q014::9
Part2/outputs/answers_player2_T1.5.csv,answers_player2_T1.5,Q014,G,Foods,10,grapefruit,grapefruit,1,0,1,Q014::10
Part2/outputs/answers_player2_T1.5.csv,answers_player2_T1.5,Q014,G,Foods,11,garlic bread,garlic bread,1,0,1,Q014::11
Part2/outputs/answers_player2_T1.5.csv,answers_player2_T1.5,Q014,G,Foods,12,garlic bread,garlic bread,1,0,1,Q014::12
Part2/outputs/answers_player2_T1.5.csv,answers_player2_T1.5,Q014,G,Foods,13,grapefruit,grapefruit,1,1,0,Q014::13
Part2/outputs/answers_player2_T1.5.csv,answers_player2_T1.5,Q014,G,Foods,14,grapes,grapes,1,0,1,Q014::14
Part2/outputs/answers_player2_T1.5.csv,answers_player2_T1.5,Q014,G,Foods,15,garlic bread,garlic bread,1,1,0,Q014::15
Part2/outputs/answers_player2_T1.5.csv,answers_player2_T1.5,Q014,G,Foods,16,guacamole,guacamole,1,0,1,Q014::16
Part2/outputs/answers_player2_T1.5.csv,answers_player2_T1.5,Q014,G,Foods,17,grapefruit,grapefruit,1,0,1,Q014::17
Part2/outputs/answers_player2_T1.5.csv,answers_player2_T1.5,Q014,G,Foods,18,grapefruit,grapefruit,1,1,0,Q014::18
Part2/outputs/answers_player2_T1.5.csv,answers_player2_T1.5,Q014,G,Foods,19,grapefruit,grapefruit,1,0,1,Q014::19
Part2/outputs/answers_player2_T1.5.csv,answers_player2_T1.5,Q015,H,Famous scientists,0,hawking thorne,hawking thorne,0,0,0,Q015::0
Part2/outputs/answers_player2_T1.5.csv,answers_player2_T1.5,Q015,H,Famous scientists,1,hawking steinhardt,hawking steinhardt,0,0,0,Q015::1
Part2/outputs/answers_player2_T1.5.csv,answers_player2_T1.5,Q015,H,Famous scientists,2,hershey,hershey,0,0,0,Q015::2
Part2/outputs/answers_player2_T1.5.csv,answers_player2_T1.5,Q015,H,Famous scientists,3,galileo galilei,galileo galilei,0,0,0,Q015::3
Part2/outputs/answers_player2_T1.5.csv,answers_player2_T1.5,Q015,H,Famous scientists,4,galileo galilei,galileo galilei,0,0,0,Q015::4
Part2/outputs/answers_player2_T1.5.csv,answers_player2_T1.5,Q015,H,Famous scientists,5,hawking steven,hawking steven,0,0,0,Q015::5
Part2/outputs/answers_player2_T1.5.csv,answers_player2_T1.5,Q015,H,Famous scientists,6,galileo galilei,galileo galilei,0,0,0,Q015::6
Part2/outputs/answers_player2_T1.5.csv,answers_player2_T1.5,Q015,H,Famous scientists,7,hooke joseph,hooke joseph,0,0,0,Q015::7
Part2/outputs/answers_player2_T1.5.csv,answers_player2_T1.5,Q015,H,Famous scientists,8,isaac newton,isaac newton,0,0,0,Q015::8
Part2/outputs/answers_player2_T1.5.csv,answers_player2_T1.5,Q015,H,Famous scientists,9,hawking,hawking,1,0,1,Q015::9
Part2/outputs/answers_player2_T1.5.csv,answers_player2_T1.5,Q015,H,Famous scientists,10,galileo galilei,galileo galilei,0,0,0,Q015::10
Part2/outputs/answers_player2_T1.5.csv,answers_player2_T1.5,Q015,H,Famous scientists,11,hendrik lenne bachhoff,hendrik lenne bachhoff,0,0,0,Q015::11
Part2/outputs/answers_player2_T1.5.csv,answers_player2_T1.5,Q015,H,Famous scientists,12,helen montague usher,helen montague usher,0,0,0,Q015::12
Part2/outputs/answers_player2_T1.5.csv,answers_player2_T1.5,Q015,H,Famous scientists,13,hertz,hertz,1,0,1,Q015::13
Part2/outputs/answers_player2_T1.5.csv,answers_player2_T1.5,Q015,H,Famous scientists,14,huygens,huygens,1,1,0,Q015::14
Part2/outputs/answers_player2_T1.5.csv,answers_player2_T1.5,Q015,H,Famous scientists,15,galileo galilei,galileo galilei,0,0,0,Q015::15
Part2/outputs/answers_player2_T1.5.csv,answers_player2_T1.5,Q015,H,Famous scientists,16,hendrik lenzing,hendrik lenzing,0,0,0,Q015::16
Part2/outputs/answers_player2_T1.5.csv,answers_player2_T1.5,Q015,H,Famous scientists,17,isaac newton,isaac newton,0,0,0,Q015::17
Part2/outputs/answers_player2_T1.5.csv,answers_player2_T1.5,Q015,H,Famous scientists,18,isaac newton,isaac newton,0,0,0,Q015::18
Part2/outputs/answers_player2_T1.5.csv,answers_player2_T1.5,Q015,H,Famous scientists,19,hendrik huygens,hendrik huygens,0,0,0,Q015::19
Part2/outputs/answers_player2_T1.5.csv,answers_player2_T1.5,Q016,H,Things at the beach,0,sandcastle,sandcastle,0,0,0,Q016::0
Part2/outputs/answers_player2_T1.5.csv,answers_player2_T1.5,Q016,H,Things at the beach,1,hat,hat,1,1,0,Q016::1
Part2/outputs/answers_player2_T1.5.csv,answers_player2_T1.5,Q016,H,Things at the beach,2,hat,hat,1,0,1,Q016::2
Part2/outputs/answers_player2_T1.5.csv,answers_player2_T1.5,Q016,H,Things at the beach,3,hat,hat,1,1,0,Q016::3
Part2/outputs/answers_player2_T1.5.csv,answers_player2_T1.5,Q016,H,Things at the beach,4,hat,hat,1,1,0,Q016::4
Part2/outputs/answers_player2_T1.5.csv,answers_player2_T1.5,Q016,H,Things at the beach,5,sandcastle,sandcastle,0,0,0,Q016::5
Part2/outputs/answers_player2_T1.5.csv,answers_player2_T1.5,Q016,H,Things at the beach,6,hat,hat,1,0,1,Q016::6
Part2/outputs/answers_player2_T1.5.csv,answers_player2_T1.5,Q016,H,Things at the beach,7,sandcastle,sandcastle,0,0,0,Q016::7
Part2/outputs/answers_player2_T1.5.csv,answers_player2_T1.5,Q016,H,Things at the beach,8,hat,hat,1,0,1,Q016::8
Part2/outputs/answers_player2_T1.5.csv,answers_player2_T1.5,Q016,H,Things at the beach,9,hat,hat,1,1,0,Q016::9
Part2/outputs/answers_player2_T1.5.csv,answers_player2_T1.5,Q016,H,Things at the beach,10,hat,hat,1,1,0,Q016::10
Part2/outputs/answers_player2_T1.5.csv,answers_player2_T1.5,Q016,H,Things at the beach,11,hat,hat,1,1,0,Q016::11
Part2/outputs/answers_player2_T1.5.csv,answers_player2_T1.5,Q016,H,Things at the beach,12,hat,hat,1,1,0,Q016::12
Part2/outputs/answers_player2_T1.5.csv,answers_player2_T1.5,Q016,H,Things at the beach,13,hat,hat,1,1,0,Q016::13
Part2/outputs/answers_player2_T1.5.csv,answers_player2_T1.5,Q016,H,Things at the beach,14,hat,hat,1,1,0,Q016::14
Part2/outputs/answers_player2_T1.5.csv,answers_player2_T1.5,Q016,H,Things at the beach,15,hat,hat,1,1,0,Q016::15
Part2/outputs/answers_player2_T1.5.csv,answers_player2_T1.5,Q016,H,Things at the beach,16,hat,hat,1,1,0,Q016::16
Part2/outputs/answers_player2_T1.5.csv,answers_player2_T1.5,Q016,H,Things at the beach,17,hat,hat,1,1,0,Q016::17
Part2/outputs/answers_player2_T1.5.csv,answers_player2_T1.5,Q016,H,Things at the beach,18,hat,hat,1,0,1,Q016::18
Part2/outputs/answers_player2_T1.5.csv,answers_player2_T1.5,Q016,H,Things at the beach,19,hat,hat,1,1,0,Q016::19
Part2/outputs/answers_player2_T1.5.csv,answers_player2_T1.5,Q017,I,Cities,0,iceland,iceland,0,0,0,Q017::0
Part2/outputs/answers_player2_T1.5.csv,answers_player2_T1.5,Q017,I,Cities,1,indianapolis,indianapolis,1,1,0,Q017::1
Part2/outputs/answers_player2_T1.5.csv,answers_player2_T1.5,Q017,I,Cities,2,iceland,iceland,0,0,0,Q017::2
Part2/outputs/answers_player2_T1.5.csv,answers_player2_T1.5,Q017,I,Cities,3,ichikawa,ichikawa,1,0,1,Q017::3
Part2/outputs/answers_player2_T1.5.csv,answers_player2_T1.5,Q017,I,Cities,4,istanbul,istanbul,0,0,0,Q017::4
Part2/outputs/answers_player2_T1.5.csv,answers_player2_T1.5,Q017,I,Cities,5,iceland,iceland,0,0,0,Q017::5
Part2/outputs/answers_player2_T1.5.csv,answers_player2_T1.5,Q017,I,Cities,6,iowa,iowa,0,0,0,Q017::6
Part2/outputs/answers_player2_T1.5.csv,answers_player2_T1.5,Q017,I,Cities,7,iceland,iceland,0,0,0,Q017::7
Part2/outputs/answers_player2_T1.5.csv,answers_player2_T1.5,Q017,I,Cities,8,indianapolis,indianapolis,1,0,1,Q017::8
Part2/outputs/answers_player2_T1.5.csv,answers_player2_T1.5,Q017,I,Cities,9,istanbul,istanbul,0,0,0,Q017::9
Part2/outputs/answers_player2_T1.5.csv,answers_player2_T1.5,Q017,I,Cities,10,indianapolis,indianapolis,1,1,0,Q017::10
Part2/outputs/answers_player2_T1.5.csv,answers_player2_T1.5,Q017,I,Cities,11,iranabad,iranabad,0,0,0,Q017::11
Part2/outputs/answers_player2_T1.5.csv,answers_player2_T1.5,Q017,I,Cities,12,istanbul,istanbul,0,0,0,Q017::12
Part2/outputs/answers_player2_T1.5.csv,answers_player2_T1.5,Q017,I,Cities,13,ikariam,ikariam,0,0,0,Q017::13
Part2/outputs/answers_player2_T1.5.csv,answers_player2_T1.5,Q017,I,Cities,14,iceland,iceland,0,0,0,Q017::14
Part2/outputs/answers_player2_T1.5.csv,answers_player2_T1.5,Q017,I,Cities,15,istanbul,istanbul,0,0,0,Q017::15
Part2/outputs/answers_player2_T1.5.csv,answers_player2_T1.5,Q017,I,Cities,16,izmir,izmir,1,0,1,Q017::16
Part2/outputs/answers_player2_T1.5.csv,answers_player2_T1.5,Q017,I,Cities,17,izmir,izmir,1,0,1,Q017::17
Part2/outputs/answers_player2_T1.5.csv,answers_player2_T1.5,Q017,I,Cities,18,irvine,irvine,1,0,1,Q017::18
Part2/outputs/answers_player2_T1.5.csv,answers_player2_T1.5,Q017,I,Cities,19,ikaria,ikaria,0,0,0,Q017::19
Part2/outputs/answers_player2_T1.5.csv,answers_player2_T1.5,Q018,I,Things in a classroom,0,intercepting cone,intercepting cone,0,0,0,Q018::0
Part2/outputs/answers_player2_T1.5.csv,answers_player2_T1.5,Q018,I,Things in a classroom,1,instructor,instructor,1,0,1,Q018::1
Part2/outputs/answers_player2_T1.5.csv,answers_player2_T1.5,Q018,I,Things in a classroom,2,index card,index card,1,0,1,Q018::2
Part2/outputs/answers_player2_T1.5.csv,answers_player2_T1.5,Q018,I,Things in a classroom,3,intercepting_tube,intercepting_tube,0,0,0,Q018::3
Part2/outputs/answers_player2_T1.5.csv,answers_player2_T1.5,Q018,I,Things in a classroom,4,instructor,instructor,1,0,1,Q018::4
Part2/outputs/answers_player2_T1.5.csv,answers_player2_T1.5,Q018,I,Things in a classroom,5,inchworm,inchworm,0,0,0,Q018::5
Part2/outputs/answers_player2_T1.5.csv,answers_player2_T1.5,Q018,I,Things in a classroom,6,interboard,interboard,0,0,0,Q018::6
Part2/outputs/answers_player2_T1.5.csv,answers_player2_T1.5,Q018,I,Things in a classroom,7,blackboard,blackboard,1,0,1,Q018::7
Part2/outputs/answers_player2_T1.5.csv,answers_player2_T1.5,Q018,I,Things in a classroom,8,instructor,instructor,1,0,1,Q018::8
Part2/outputs/answers_player2_T1.5.csv,answers_player2_T1.5,Q018,I,Things in a classroom,9,interior decorate,interior decorate,0,0,0,Q018::9
Part2/outputs/answers_player2_T1.5.csv,answers_player2_T1.5,Q018,I,Things in a classroom,10,blackboard,blackboard,1,0,1,Q018::10
Part2/outputs/answers_player2_T1.5.csv,answers_player2_T1.5,Q018,I,Things in a classroom,11,interactome,interactome,0,0,0,Q018::11
Part2/outputs/answers_player2_T1.5.csv,answers_player2_T1.5,Q018,I,Things in a classroom,12,blackboard,blackboard,1,0,1,Q018::12
Part2/outputs/answers_player2_T1.5.csv,answers_player2_T1.5,Q018,I,Things in a classroom,13,interactivedisplay,interactivedisplay,0,0,0,Q018::13
Part2/outputs/answers_player2_T1.5.csv,answers_player2_T1.5,Q018,I,Things in a classroom,14,interior decorate,interior decorate,0,0,0,Q018::14
Part2/outputs/answers_player2_T1.5.csv,answers_player2_T1.5,Q018,I,Things in a classroom,15,interactivenotes,interactivenotes,0,0,0,Q018::15
Part2/outputs/answers_player2_T1.5.csv,answers_player2_T1.5,Q018,I,Things in a classroom,16,interboard,interboard,0,0,0,Q018::16
Part2/outputs/answers_player2_T1.5.csv,answers_player2_T1.5,Q018,I,Things in a classroom,17,interior decorations,interior decorations,0,0,0,Q018::17
Part2/outputs/answers_player2_T1.5.csv,answers_player2_T1.5,Q018,I,Things in a classroom,18,interboard,interboard,0,0,0,Q018::18
Part2/outputs/answers_player2_T1.5.csv,answers_player2_T1.5,Q018,I,Things in a classroom,19,interactive whiteboard,interactive whiteboard,1,0,1,Q018::19
Part2/outputs/answers_player2_T1.5.csv,answers_player2_T1.5,Q019,J,Car brands,0,jaguar,jaguar,1,1,0,Q019::0
Part2/outputs/answers_player2_T1.5.csv,answers_player2_T1.5,Q019,J,Car brands,1,jaguar,jaguar,1,1,0,Q019::1
Part2/outputs/answers_player2_T1.5.csv,answers_player2_T1.5,Q019,J,Car brands,2,jaguar,jaguar,1,1,0,Q019::2
Part2/outputs/answers_player2_T1.5.csv,answers_player2_T1.5,Q019,J,Car brands,3,jaguar,jaguar,1,1,0,Q019::3
Part2/outputs/answers_player2_T1.5.csv,answers_player2_T1.5,Q019,J,Car brands,4,jaguar,jaguar,1,1,0,Q019::4
Part2/outputs/answers_player2_T1.5.csv,answers_player2_T1.5,Q019,J,Car brands,5,jaguar,jaguar,1,1,0,Q019::5
Part2/outputs/answers_player2_T1.5.csv,answers_player2_T1.5,Q019,J,Car brands,6,jaguar,jaguar,1,1,0,Q019::6
Part2/outputs/answers_player2_T1.5.csv,answers_player2_T1.5,Q019,J,Car brands,7,jaguar,jaguar,1,1,0,Q019::7
Part2/outputs/answers_player2_T1.5.csv,answers_player2_T1.5,Q019,J,Car brands,8,jaguar,jaguar,1,1,0,Q019::8
Part2/outputs/answers_player2_T1.5.csv,answers_player2_T1.5,Q019,J,Car brands,9,jaguar,jaguar,1,1,0,Q019::9
Part2/outputs/answers_player2_T1.5.csv,answers_player2_T1.5,Q019,J,Car brands,10,jaguar,jaguar,1,1,0,Q019::10
Part2/outputs/answers_player2_T1.5.csv,answers_player2_T1.5,Q019,J,Car brands,11,jaguar,jaguar,1,1,0,Q019::11
Part2/outputs/answers_player2_T1.5.csv,answers_player2_T1.5,Q019,J,Car brands,12,jaguar,jaguar,1,1,0,Q019::12
Part2/outputs/answers_player2_T1.5.csv,answers_player2_T1.5,Q019,J,Car brands,13,jaguar,jaguar,1,1,0,Q019::13
Part2/outputs/answers_player2_T1.5.csv,answers_player2_T1.5,Q019,J,Car brands,14,jaguar,jaguar,1,1,0,Q019::14
Part2/outputs/answers_player2_T1.5.csv,answers_player2_T1.5,Q019,J,Car brands,15,jaguar,jaguar,1,1,0,Q019::15
Part2/outputs/answers_player2_T1.5.csv,answers_player2_T1.5,Q019,J,Car brands,16,jaguar,jaguar,1,1,0,Q019::16
Part2/outputs/answers_player2_T1.5.csv,answers_player2_T1.5,Q019,J,Car brands,17,jaguar,jaguar,1,1,0,Q019::17
Part2/outputs/answers_player2_T1.5.csv,answers_player2_T1.5,Q019,J,Car brands,18,jaguar,jaguar,1,1,0,Q019::18
Part2/outputs/answers_player2_T1.5.csv,answers_player2_T1.5,Q019,J,Car brands,19,jaguar,jaguar,1,1,0,Q019::19
Part2/outputs/answers_player2_T1.5.csv,answers_player2_T1.5,Q020,J,Video game titles,0,just dance,just dance,1,0,1,Q020::0
Part2/outputs/answers_player2_T1.5.csv,answers_player2_T1.5,Q020,J,Video game titles,1,just dance,just dance,1,1,0,Q020::1
Part2/outputs/answers_player2_T1.5.csv,answers_player2_T1.5,Q020,J,Video game titles,2,just dance,just dance,1,0,1,Q020::2
Part2/outputs/answers_player2_T1.5.csv,answers_player2_T1.5,Q020,J,Video game titles,3,just dance,just dance,1,1,0,Q020::3
Part2/outputs/answers_player2_T1.5.csv,answers_player2_T1.5,Q020,J,Video game titles,4,journey to the center of the earth,journey to the center of the earth,0,0,0,Q020::4
Part2/outputs/answers_player2_T1.5.csv,answers_player2_T1.5,Q020,J,Video game titles,5,just dance,just dance,1,1,0,Q020::5
Part2/outputs/answers_player2_T1.5.csv,answers_player2_T1.5,Q020,J,Video game titles,6,jumper's junction,jumper's junction,0,0,0,Q020::6
Part2/outputs/answers_player2_T1.5.csv,answers_player2_T1.5,Q020,J,Video game titles,7,just dance,just dance,1,1,0,Q020::7
Part2/outputs/answers_player2_T1.5.csv,answers_player2_T1.5,Q020,J,Video game titles,8,journey reunited,journey reunited,0,0,0,Q020::8
Part2/outputs/answers_player2_T1.5.csv,answers_player2_T1.5,Q020,J,Video game titles,9,just dance,just dance,1,1,0,Q020::9
Part2/outputs/answers_player2_T1.5.csv,answers_player2_T1.5,Q020,J,Video game titles,10,just dance,just dance,1,0,1,Q020::10
Part2/outputs/answers_player2_T1.5.csv,answers_player2_T1.5,Q020,J,Video game titles,11,just dance,just dance,1,1,0,Q020::11
Part2/outputs/answers_player2_T1.5.csv,answers_player2_T1.5,Q020,J,Video game titles,12,just dance,just dance,1,1,0,Q020::12
Part2/outputs/answers_player2_T1.5.csv,answers_player2_T1.5,Q020,J,Video game titles,13,journey runner,journey runner,0,0,0,Q020::13
Part2/outputs/answers_player2_T1.5.csv,answers_player2_T1.5,Q020,J,Video game titles,14,journeyışı,journey,1,0,1,Q020::14
Part2/outputs/answers_player2_T1.5.csv,answers_player2_T1.5,Q020,J,Video game titles,15,jailhouse rock,jailhouse rock,0,0,0,Q020::15
Part2/outputs/answers_player2_T1.5.csv,answers_player2_T1.5,Q020,J,Video game titles,16,just dance,just dance,1,1,0,Q020::16
Part2/outputs/answers_player2_T1.5.csv,answers_player2_T1.5,Q020,J,Video game titles,17,just dance,just dance,1,1,0,Q020::17
Part2/outputs/answers_player2_T1.5.csv,answers_player2_T1.5,Q020,J,Video game titles,18,just dance,just dance,1,1,0,Q020::18
Part2/outputs/answers_player2_T1.5.csv,answers_player2_T1.5,Q020,J,Video game titles,19,just dance,just dance,1,1,0,Q020::19
Part2/outputs/answers_player2_T1.5.csv,answers_player2_T1.5,Q021,K,Superheroes,0,kal-eldar,kal-eldar,0,0,0,Q021::0
Part2/outputs/answers_player2_T1.5.csv,answers_player2_T1.5,Q021,K,Superheroes,1,kal-el,kal-el,1,0,1,Q021::1
Part2/outputs/answers_player2_T1.5.csv,answers_player2_T1.5,Q021,K,Superheroes,2,kal-el,kal-el,1,1,0,Q021::2
Part2/outputs/answers_player2_T1.5.csv,answers_player2_T1.5,Q021,K,Superheroes,3,karnov,karnov,0,0,0,Q021::3
Part2/outputs/answers_player2_T1.5.csv,answers_player2_T1.5,Q021,K,Superheroes,4,kal-el,kal-el,1,0,1,Q021::4
Part2/outputs/answers_player2_T1.5.csv,answers_player2_T1.5,Q021,K,Superheroes,5,spider-man,spider-man,0,0,0,Q021::5
Part2/outputs/answers_player2_T1.5.csv,answers_player2_T1.5,Q021,K,Superheroes,6,kal--el,kal--el,1,0,1,Q021::6
Part2/outputs/answers_player2_T1.5.csv,answers_player2_T1.5,Q021,K,Superheroes,7,king kong,king kong,0,0,0,Q021::7
Part2/outputs/answers_player2_T1.5.csv,answers_player2_T1.5,Q021,K,Superheroes,8,iron man,iron man,0,0,0,Q021::8
Part2/outputs/answers_player2_T1.5.csv,answers_player2_T1.5,Q021,K,Superheroes,9,kennel club crusader,kennel club crusader,0,0,0,Q021::9
Part2/outputs/answers_player2_T1.5.csv,answers_player2_T1.5,Q021,K,Superheroes,10,kal-el,kal-el,1,1,0,Q021::10
Part2/outputs/answers_player2_T1.5.csv,answers_player2_T1.5,Q021,K,Superheroes,11,kal-els,kal-els,0,0,0,Q021::11
Part2/outputs/answers_player2_T1.5.csv,answers_player2_T1.5,Q021,K,Superheroes,12,spider-man,spider-man,0,0,0,Q021::12
Part2/outputs/answers_player2_T1.5.csv,answers_player2_T1.5,Q021,K,Superheroes,13,kal-eln,kal-eln,0,0,0,Q021::13
Part2/outputs/answers_player2_T1.5.csv,answers_player2_T1.5,Q021,K,Superheroes,14,kal-el,kal-el,1,0,1,Q021::14
Part2/outputs/answers_player2_T1.5.csv,answers_player2_T1.5,Q021,K,Superheroes,15,kal-el,kal-el,1,0,1,Q021::15
Part2/outputs/answers_player2_T1.5.csv,answers_player2_T1.5,Q021,K,Superheroes,16,king kong,king kong,0,0,0,Q021::16
Part2/outputs/answers_player2_T1.5.csv,answers_player2_T1.5,Q021,K,Superheroes,17,kal-el,kal-el,1,1,0,Q021::17
Part2/outputs/answers_player2_T1.5.csv,answers_player2_T1.5,Q021,K,Superheroes,18,kangoroo king,kangoroo king,0,0,0,Q021::18
Part2/outputs/answers_player2_T1.5.csv,answers_player2_T1.5,Q021,K,Superheroes,19,kal-el,kal-el,1,0,1,Q021::19
Part2/outputs/answers_player2_T1.5.csv,answers_player2_T1.5,Q022,K,Things in a grocery store,0,kiwi,kiwi,1,0,1,Q022::0
Part2/outputs/answers_player2_T1.5.csv,answers_player2_T1.5,Q022,K,Things in a grocery store,1,kiwi,kiwi,1,0,1,Q022::1
Part2/outputs/answers_player2_T1.5.csv,answers_player2_T1.5,Q022,K,Things in a grocery store,2,ketchup,ketchup,1,0,1,Q022::2
Part2/outputs/answers_player2_T1.5.csv,answers_player2_T1.5,Q022,K,Things in a grocery store,3,ketchup,ketchup,1,0,1,Q022::3
Part2/outputs/answers_player2_T1.5.csv,answers_player2_T1.5,Q022,K,Things in a grocery store,4,ketchup,ketchup,1,0,1,Q022::4
Part2/outputs/answers_player2_T1.5.csv,answers_player2_T1.5,Q022,K,Things in a grocery store,5,ketchup,ketchup,1,0,1,Q022::5
Part2/outputs/answers_player2_T1.5.csv,answers_player2_T1.5,Q022,K,Things in a grocery store,6,kiwi,kiwi,1,0,1,Q022::6
Part2/outputs/answers_player2_T1.5.csv,answers_player2_T1.5,Q022,K,Things in a grocery store,7,kiwi,kiwi,1,1,0,Q022::7
Part2/outputs/answers_player2_T1.5.csv,answers_player2_T1.5,Q022,K,Things in a grocery store,8,kiwi,kiwi,1,0,1,Q022::8
Part2/outputs/answers_player2_T1.5.csv,answers_player2_T1.5,Q022,K,Things in a grocery store,9,ketchup,ketchup,1,0,1,Q022::9
Part2/outputs/answers_player2_T1.5.csv,answers_player2_T1.5,Q022,K,Things in a grocery store,10,kiwi,kiwi,1,0,1,Q022::10
Part2/outputs/answers_player2_T1.5.csv,answers_player2_T1.5,Q022,K,Things in a grocery store,11,kiwi,kiwi,1,1,0,Q022::11
Part2/outputs/answers_player2_T1.5.csv,answers_player2_T1.5,Q022,K,Things in a grocery store,12,ketchup,ketchup,1,0,1,Q022::12
Part2/outputs/answers_player2_T1.5.csv,answers_player2_T1.5,Q022,K,Things in a grocery store,13,kiwi,kiwi,1,1,0,Q022::13
Part2/outputs/answers_player2_T1.5.csv,answers_player2_T1.5,Q022,K,Things in a grocery store,14,kiwi,kiwi,1,1,0,Q022::14
Part2/outputs/answers_player2_T1.5.csv,answers_player2_T1.5,Q022,K,Things in a grocery store,15,ketchup,ketchup,1,0,1,Q022::15
Part2/outputs/answers_player2_T1.5.csv,answers_player2_T1.5,Q022,K,Things in a grocery store,16,kiwi,kiwi,1,0,1,Q022::16
Part2/outputs/answers_player2_T1.5.csv,answers_player2_T1.5,Q022,K,Things in a grocery store,17,ketchup,ketchup,1,0,1,Q022::17
Part2/outputs/answers_player2_T1.5.csv,answers_player2_T1.5,Q022,K,Things in a grocery store,18,kiwi,kiwi,1,0,1,Q022::18
Part2/outputs/answers_player2_T1.5.csv,answers_player2_T1.5,Q022,K,Things in a grocery store,19,kiwi,kiwi,1,0,1,Q022::19
Part2/outputs/answers_player2_T1.5.csv,answers_player2_T1.5,Q023,L,Dog breeds,0,labrador retriever,labrador retriever,1,1,0,Q023::0
Part2/outputs/answers_player2_T1.5.csv,answers_player2_T1.5,Q023,L,Dog breeds,1,labrador retriever,labrador retriever,1,1,0,Q023::1
Part2/outputs/answers_player2_T1.5.csv,answers_player2_T1.5,Q023,L,Dog breeds,2,labrador retriever,labrador retriever,1,1,0,Q023::2
Part2/outputs/answers_player2_T1.5.csv,answers_player2_T1.5,Q023,L,Dog breeds,3,labrador retriever,labrador retriever,1,1,0,Q023::3
Part2/outputs/answers_player2_T1.5.csv,answers_player2_T1.5,Q023,L,Dog breeds,4,labrador retriever,labrador retriever,1,1,0,Q023::4
Part2/outputs/answers_player2_T1.5.csv,answers_player2_T1.5,Q023,L,Dog breeds,5,labrador retriever,labrador retriever,1,1,0,Q023::5
Part2/outputs/answers_player2_T1.5.csv,answers_player2_T1.5,Q023,L,Dog breeds,6,labrador retriever,labrador retriever,1,1,0,Q023::6
Part2/outputs/answers_player2_T1.5.csv,answers_player2_T1.5,Q023,L,Dog breeds,7,labrador retriever,labrador retriever,1,1,0,Q023::7
Part2/outputs/answers_player2_T1.5.csv,answers_player2_T1.5,Q023,L,Dog breeds,8,labrador retriever,labrador retriever,1,1,0,Q023::8
Part2/outputs/answers_player2_T1.5.csv,answers_player2_T1.5,Q023,L,Dog breeds,9,labrador retriever,labrador retriever,1,1,0,Q023::9
Part2/outputs/answers_player2_T1.5.csv,answers_player2_T1.5,Q023,L,Dog breeds,10,labrador retriever,labrador retriever,1,1,0,Q023::10
Part2/outputs/answers_player2_T1.5.csv,answers_player2_T1.5,Q023,L,Dog breeds,11,labrador retriever,labrador retriever,1,1,0,Q023::11
Part2/outputs/answers_player2_T1.5.csv,answers_player2_T1.5,Q023,L,Dog breeds,12,labrador retriever,labrador retriever,1,1,0,Q023::12
Part2/outputs/answers_player2_T1.5.csv,answers_player2_T1.5,Q023,L,Dog breeds,13,labrador retriever,labrador retriever,1,1,0,Q023::13
Part2/outputs/answers_player2_T1.5.csv,answers_player2_T1.5,Q023,L,Dog breeds,14,labrador retriever,labrador retriever,1,1,0,Q023::14
Part2/outputs/answers_player2_T1.5.csv,answers_player2_T1.5,Q023,L,Dog breeds,15,labrador retriever,labrador retriever,1,1,0,Q023::15
Part2/outputs/answers_player2_T1.5.csv,answers_player2_T1.5,Q023,L,Dog breeds,16,labrador retriever,labrador retriever,1,1,0,Q023::16
Part2/outputs/answers_player2_T1.5.csv,answers_player2_T1.5,Q023,L,Dog breeds,17,labrador retriever,labrador retriever,1,1,0,Q023::17
Part2/outputs/answers_player2_T1.5.csv,answers_player2_T1.5,Q023,L,Dog breeds,18,labrador retriever,labrador retriever,1,1,0,Q023::18
Part2/outputs/answers_player2_T1.5.csv,answers_player2_T1.5,Q023,L,Dog breeds,19,labrador retriever,labrador retriever,1,1,0,Q023::19
Part2/outputs/answers_player2_T1.5.csv,answers_player2_T1.5,Q024,L,Books,0,lord of the rings,lord of the rings,1,1,0,Q024::0
Part2/outputs/answers_player2_T1.5.csv,answers_player2_T1.5,Q024,L,Books,1,lord of the rings,lord of the rings,1,0,1,Q024::1
Part2/outputs/answers_player2_T1.5.csv,answers_player2_T1.5,Q024,L,Books,2,lord of the flies,lord of the flies,1,0,1,Q024::2
Part2/outputs/answers_player2_T1.5.csv,answers_player2_T1.5,Q024,L,Books,3,lord of the flies,lord of the flies,1,0,1,Q024::3
Part2/outputs/answers_player2_T1.5.csv,answers_player2_T1.5,Q024,L,Books,4,lord of the rings,lord of the rings,1,1,0,Q024::4
Part2/outputs/answers_player2_T1.5.csv,answers_player2_T1.5,Q024,L,Books,5,lord of the rings,lord of the rings,1,0,1,Q024::5
Part2/outputs/answers_player2_T1.5.csv,answers_player2_T1.5,Q024,L,Books,6,lamborghini saga,lamborghini saga,0,0,0,Q024::6
Part2/outputs/answers_player2_T1.5.csv,answers_player2_T1.5,Q024,L,Books,7,londonparalleledit,londonparalleledit,0,0,0,Q024::7
Part2/outputs/answers_player2_T1.5.csv,answers_player2_T1.5,Q024,L,Books,8,lorem ipsum,lorem ipsum,0,0,0,Q024::8
Part2/outputs/answers_player2_T1.5.csv,answers_player2_T1.5,Q024,L,Books,9,literature,literature,0,0,0,Q024::9
Part2/outputs/answers_player2_T1.5.csv,answers_player2_T1.5,Q024,L,Books,10,laboratory,laboratory,0,0,0,Q024::10
Part2/outputs/answers_player2_T1.5.csv,answers_player2_T1.5,Q024,L,Books,11,lord of the rings,lord of the rings,1,1,0,Q024::11
Part2/outputs/answers_player2_T1.5.csv,answers_player2_T1.5,Q024,L,Books,12,lord of the rings,lord of the rings,1,1,0,Q024::12
Part2/outputs/answers_player2_T1.5.csv,answers_player2_T1.5,Q024,L,Books,13,lord of the flies,lord of the flies,1,0,1,Q024::13
Part2/outputs/answers_player2_T1.5.csv,answers_player2_T1.5,Q024,L,Books,14,lord of the flies,lord of the flies,1,0,1,Q024::14
Part2/outputs/answers_player2_T1.5.csv,answers_player2_T1.5,Q024,L,Books,15,loving,loving,0,0,0,Q024::15
Part2/outputs/answers_player2_T1.5.csv,answers_player2_T1.5,Q024,L,Books,16,loving,loving,0,0,0,Q024::16
Part2/outputs/answers_player2_T1.5.csv,answers_player2_T1.5,Q024,L,Books,17,"lizbeth le(JFrame generated an error for ""LBJ"" as input,","lizbeth le(jframe generated an error for ""lbj"" as input",0,0,0,Q024::17
Part2/outputs/answers_player2_T1.5.csv,answers_player2_T1.5,Q024,L,Books,18,lovecraft,lovecraft,1,0,1,Q024::18
Part2/outputs/answers_player2_T1.5.csv,answers_player2_T1.5,Q024,L,Books,19,lovinglevator,lovinglevator,0,0,0,Q024::19
Part2/outputs/answers_player2_T1.5.csv,answers_player2_T1.5,Q025,M,Languages,0,spanish,spanish,0,0,0,Q025::0
Part2/outputs/answers_player2_T1.5.csv,answers_player2_T1.5,Q025,M,Languages,1,mandarin,mandarin,1,0,1,Q025::1
Part2/outputs/answers_player2_T1.5.csv,answers_player2_T1.5,Q025,M,Languages,2,mandarin,mandarin,1,0,1,Q025::2
Part2/outputs/answers_player2_T1.5.csv,answers_player2_T1.5,Q025,M,Languages,3,spanish,spanish,0,0,0,Q025::3
Part2/outputs/answers_player2_T1.5.csv,answers_player2_T1.5,Q025,M,Languages,4,mongolian,mongolian,1,0,1,Q025::4
Part2/outputs/answers_player2_T1.5.csv,answers_player2_T1.5,Q025,M,Languages,5,mandarin,mandarin,1,0,1,Q025::5
Part2/outputs/answers_player2_T1.5.csv,answers_player2_T1.5,Q025,M,Languages,6,mandarin,mandarin,1,1,0,Q025::6
Part2/outputs/answers_player2_T1.5.csv,answers_player2_T1.5,Q025,M,Languages,7,mongolian,mongolian,1,1,0,Q025::7
Part2/outputs/answers_player2_T1.5.csv,answers_player2_T1.5,Q025,M,Languages,8,mandarin,mandarin,1,1,0,Q025::8
Part2/outputs/answers_player2_T1.5.csv,answers_player2_T1.5,Q025,M,Languages,9,mongolian,mongolian,1,0,1,Q025::9
Part2/outputs/answers_player2_T1.5.csv,answers_player2_T1.5,Q025,M,Languages,10,spanish,spanish,0,0,0,Q025::10
Part2/outputs/answers_player2_T1.5.csv,answers_player2_T1.5,Q025,M,Languages,11,spanish,spanish,0,0,0,Q025::11
Part2/outputs/answers_player2_T1.5.csv,answers_player2_T1.5,Q025,M,Languages,12,mongolian,mongolian,1,1,0,Q025::12
Part2/outputs/answers_player2_T1.5.csv,answers_player2_T1.5,Q025,M,Languages,13,mongolian,mongolian,1,0,1,Q025::13
Part2/outputs/answers_player2_T1.5.csv,answers_player2_T1.5,Q025,M,Languages,14,mandarin,mandarin,1,1,0,Q025::14
Part2/outputs/answers_player2_T1.5.csv,answers_player2_T1.5,Q025,M,Languages,15,mandarin,mandarin,1,0,1,Q025::15
Part2/outputs/answers_player2_T1.5.csv,answers_player2_T1.5,Q025,M,Languages,16,mongolian,mongolian,1,1,0,Q025::16
Part2/outputs/answers_player2_T1.5.csv,answers_player2_T1.5,Q025,M,Languages,17,mongolian,mongolian,1,0,1,Q025::17
Part2/outputs/answers_player2_T1.5.csv,answers_player2_T1.5,Q025,M,Languages,18,spanish,spanish,0,0,0,Q025::18
Part2/outputs/answers_player2_T1.5.csv,answers_player2_T1.5,Q025,M,Languages,19,mongolian,mongolian,1,0,1,Q025::19
Part2/outputs/answers_player2_T1.5.csv,answers_player2_T1.5,Q026,M,Clothing items,0,muumuu,muumuu,1,0,1,Q026::0
Part2/outputs/answers_player2_T1.5.csv,answers_player2_T1.5,Q026,M,Clothing items,1,man's shirt,man's shirt,0,0,0,Q026::1
Part2/outputs/answers_player2_T1.5.csv,answers_player2_T1.5,Q026,M,Clothing items,2,socks,socks,0,0,0,Q026::2
Part2/outputs/answers_player2_T1.5.csv,answers_player2_T1.5,Q026,M,Clothing items,3,men's shirt,men's shirt,1,0,1,Q026::3
Part2/outputs/answers_player2_T1.5.csv,answers_player2_T1.5,Q026,M,Clothing items,4,mug,mug,0,0,0,Q026::4
Part2/outputs/answers_player2_T1.5.csv,answers_player2_T1.5,Q026,M,Clothing items,5,muffin,muffin,0,0,0,Q026::5
Part2/outputs/answers_player2_T1.5.csv,answers_player2_T1.5,Q026,M,Clothing items,6,tshirt,tshirt,0,0,0,Q026::6
Part2/outputs/answers_player2_T1.5.csv,answers_player2_T1.5,Q026,M,Clothing items,7,men's jeans,men's jeans,1,0,1,Q026::7
Part2/outputs/answers_player2_T1.5.csv,answers_player2_T1.5,Q026,M,Clothing items,8,mug,mug,0,0,0,Q026::8
Part2/outputs/answers_player2_T1.5.csv,answers_player2_T1.5,Q026,M,Clothing items,9,socks,socks,0,0,0,Q026::9
Part2/outputs/answers_player2_T1.5.csv,answers_player2_T1.5,Q026,M,Clothing items,10,mug,mug,0,0,0,Q026::10
Part2/outputs/answers_player2_T1.5.csv,answers_player2_T1.5,Q026,M,Clothing items,11,muumuu,muumuu,1,0,1,Q026::11
Part2/outputs/answers_player2_T1.5.csv,answers_player2_T1.5,Q026,M,Clothing items,12,muffin,muffin,0,0,0,Q026::12
Part2/outputs/answers_player2_T1.5.csv,answers_player2_T1.5,Q026,M,Clothing items,13,man's shirt,man's shirt,0,0,0,Q026::13
Part2/outputs/answers_player2_T1.5.csv,answers_player2_T1.5,Q026,M,Clothing items,14,sweater,sweater,0,0,0,Q026::14
Part2/outputs/answers_player2_T1.5.csv,answers_player2_T1.5,Q026,M,Clothing items,15,matching socks,matching socks,1,0,1,Q026::15
Part2/outputs/answers_player2_T1.5.csv,answers_player2_T1.5,Q026,M,Clothing items,16,sweater,sweater,0,0,0,Q026::16
Part2/outputs/answers_player2_T1.5.csv,answers_player2_T1.5,Q026,M,Clothing items,17,mug,mug,0,0,0,Q026::17
Part2/outputs/answers_player2_T1.5.csv,answers_player2_T1.5,Q026,M,Clothing items,18,jeans,jeans,0,0,0,Q026::18
Part2/outputs/answers_player2_T1.5.csv,answers_player2_T1.5,Q026,M,Clothing items,19,mug,mug,0,0,0,Q026::19
Part2/outputs/answers_player2_T1.5.csv,answers_player2_T1.5,Q027,N,Birds,0,nightingale,nightingale,1,1,0,Q027::0
Part2/outputs/answers_player2_T1.5.csv,answers_player2_T1.5,Q027,N,Birds,1,nightingale,nightingale,1,0,1,Q027::1
Part2/outputs/answers_player2_T1.5.csv,answers_player2_T1.5,Q027,N,Birds,2,nightingale,nightingale,1,1,0,Q027::2
Part2/outputs/answers_player2_T1.5.csv,answers_player2_T1.5,Q027,N,Birds,3,nightingale,nightingale,1,1,0,Q027::3
Part2/outputs/answers_player2_T1.5.csv,answers_player2_T1.5,Q027,N,Birds,4,nightingale,nightingale,1,1,0,Q027::4
Part2/outputs/answers_player2_T1.5.csv,answers_player2_T1.5,Q027,N,Birds,5,nightingale,nightingale,1,1,0,Q027::5
Part2/outputs/answers_player2_T1.5.csv,answers_player2_T1.5,Q027,N,Birds,6,noisy magpie,noisy magpie,0,0,0,Q027::6
Part2/outputs/answers_player2_T1.5.csv,answers_player2_T1.5,Q027,N,Birds,7,nightingale,nightingale,1,0,1,Q027::7
Part2/outputs/answers_player2_T1.5.csv,answers_player2_T1.5,Q027,N,Birds,8,norwegian loafing goose,norwegian loafing goose,0,0,0,Q027::8
Part2/outputs/answers_player2_T1.5.csv,answers_player2_T1.5,Q027,N,Birds,9,nightingale,nightingale,1,0,1,Q027::9
Part2/outputs/answers_player2_T1.5.csv,answers_player2_T1.5,Q027,N,Birds,10,nutcracker pigeon,nutcracker pigeon,0,0,0,Q027::10
Part2/outputs/answers_player2_T1.5.csv,answers_player2_T1.5,Q027,N,Birds,11,nutmeg bird,nutmeg bird,1,0,1,Q027::11
Part2/outputs/answers_player2_T1.5.csv,answers_player2_T1.5,Q027,N,Birds,12,nightingale,nightingale,1,0,1,Q027::12
Part2/outputs/answers_player2_T1.5.csv,answers_player2_T1.5,Q027,N,Birds,13,northern flicker,northern flicker,1,0,1,Q027::13
Part2/outputs/answers_player2_T1.5.csv,answers_player2_T1.5,Q027,N,Birds,14,norwayrait eagle,norwayrait eagle,0,0,0,Q027::14
Part2/outputs/answers_player2_T1.5.csv,answers_player2_T1.5,Q027,N,Birds,15,nightingale,nightingale,1,0,1,Q027::15
Part2/outputs/answers_player2_T1.5.csv,answers_player2_T1.5,Q027,N,Birds,16,nightingale,nightingale,1,1,0,Q027::16
Part2/outputs/answers_player2_T1.5.csv,answers_player2_T1.5,Q027,N,Birds,17,nighthawk,nighthawk,1,0,1,Q027::17
Part2/outputs/answers_player2_T1.5.csv,answers_player2_T1.5,Q027,N,Birds,18,noisy pigeon,noisy pigeon,0,0,0,Q027::18
Part2/outputs/answers_player2_T1.5.csv,answers_player2_T1.5,Q027,N,Birds,19,norway lobster,norway lobster,0,0,0,Q027::19
Part2/outputs/answers_player2_T1.5.csv,answers_player2_T1.5,Q028,N,Things in a hospital,0,nurse,nurse,1,1,0,Q028::0
Part2/outputs/answers_player2_T1.5.csv,answers_player2_T1.5,Q028,N,Things in a hospital,1,nurse,nurse,1,1,0,Q028::1
Part2/outputs/answers_player2_T1.5.csv,answers_player2_T1.5,Q028,N,Things in a hospital,2,nurse,nurse,1,1,0,Q028::2
Part2/outputs/answers_player2_T1.5.csv,answers_player2_T1.5,Q028,N,Things in a hospital,3,nurse,nurse,1,1,0,Q028::3
Part2/outputs/answers_player2_T1.5.csv,answers_player2_T1.5,Q028,N,Things in a hospital,4,nurse,nurse,1,1,0,Q028::4
Part2/outputs/answers_player2_T1.5.csv,answers_player2_T1.5,Q028,N,Things in a hospital,5,nurse,nurse,1,1,0,Q028::5
Part2/outputs/answers_player2_T1.5.csv,answers_player2_T1.5,Q028,N,Things in a hospital,6,nurse,nurse,1,1,0,Q028::6
Part2/outputs/answers_player2_T1.5.csv,answers_player2_T1.5,Q028,N,Things in a hospital,7,nurse,nurse,1,1,0,Q028::7
Part2/outputs/answers_player2_T1.5.csv,answers_player2_T1.5,Q028,N,Things in a hospital,8,nurse,nurse,1,1,0,Q028::8
Part2/outputs/answers_player2_T1.5.csv,answers_player2_T1.5,Q028,N,Things in a hospital,9,nurse,nurse,1,1,0,Q028::9
Part2/outputs/answers_player2_T1.5.csv,answers_player2_T1.5,Q028,N,Things in a hospital,10,nurse,nurse,1,1,0,Q028::10
Part2/outputs/answers_player2_T1.5.csv,answers_player2_T1.5,Q028,N,Things in a hospital,11,nurse,nurse,1,1,0,Q028::11
Part2/outputs/answers_player2_T1.5.csv,answers_player2_T1.5,Q028,N,Things in a hospital,12,nurse,nurse,1,1,0,Q028::12
Part2/outputs/answers_player2_T1.5.csv,answers_player2_T1.5,Q028,N,Things in a hospital,13,nurse,nurse,1,1,0,Q028::13
Part2/outputs/answers_player2_T1.5.csv,answers_player2_T1.5,Q028,N,Things in a hospital,14,nurse,nurse,1,1,0,Q028::14
Part2/outputs/answers_player2_T1.5.csv,answers_player2_T1.5,Q028,N,Things in a hospital,15,nurse,nurse,1,1,0,Q028::15
Part2/outputs/answers_player2_T1.5.csv,answers_player2_T1.5,Q028,N,Things in a hospital,16,nurse,nurse,1,1,0,Q028::16
Part2/outputs/answers_player2_T1.5.csv,answers_player2_T1.5,Q028,N,Things in a hospital,17,nurse,nurse,1,1,0,Q028::17
Part2/outputs/answers_player2_T1.5.csv,answers_player2_T1.5,Q028,N,Things in a hospital,18,nurse,nurse,1,1,0,Q028::18
Part2/outputs/answers_player2_T1.5.csv,answers_player2_T1.5,Q028,N,Things in a hospital,19,nurse,nurse,1,1,0,Q028::19
Part2/outputs/answers_player2_T1.5.csv,answers_player2_T1.5,Q029,O,Companies,0,oracle,oracle,1,1,0,Q029::0
Part2/outputs/answers_player2_T1.5.csv,answers_player2_T1.5,Q029,O,Companies,1,oracle,oracle,1,1,0,Q029::1
Part2/outputs/answers_player2_T1.5.csv,answers_player2_T1.5,Q029,O,Companies,2,oracle,oracle,1,1,0,Q029::2
Part2/outputs/answers_player2_T1.5.csv,answers_player2_T1.5,Q029,O,Companies,3,oracle,oracle,1,1,0,Q029::3
Part2/outputs/answers_player2_T1.5.csv,answers_player2_T1.5,Q029,O,Companies,4,office depot,office depot,1,0,1,Q029::4
Part2/outputs/answers_player2_T1.5.csv,answers_player2_T1.5,Q029,O,Companies,5,office depot,office depot,1,1,0,Q029::5
Part2/outputs/answers_player2_T1.5.csv,answers_player2_T1.5,Q029,O,Companies,6,oracle,oracle,1,1,0,Q029::6
Part2/outputs/answers_player2_T1.5.csv,answers_player2_T1.5,Q029,O,Companies,7,oracle,oracle,1,0,1,Q029::7
Part2/outputs/answers_player2_T1.5.csv,answers_player2_T1.5,Q029,O,Companies,8,oracle,oracle,1,1,0,Q029::8
Part2/outputs/answers_player2_T1.5.csv,answers_player2_T1.5,Q029,O,Companies,9,oracle,oracle,1,1,0,Q029::9
Part2/outputs/answers_player2_T1.5.csv,answers_player2_T1.5,Q029,O,Companies,10,oracle,oracle,1,0,1,Q029::10
Part2/outputs/answers_player2_T1.5.csv,answers_player2_T1.5,Q029,O,Companies,11,office depot,office depot,1,0,1,Q029::11
Part2/outputs/answers_player2_T1.5.csv,answers_player2_T1.5,Q029,O,Companies,12,oracle,oracle,1,1,0,Q029::12
Part2/outputs/answers_player2_T1.5.csv,answers_player2_T1.5,Q029,O,Companies,13,office depot,office depot,1,0,1,Q029::13
Part2/outputs/answers_player2_T1.5.csv,answers_player2_T1.5,Q029,O,Companies,14,oracle,oracle,1,0,1,Q029::14
Part2/outputs/answers_player2_T1.5.csv,answers_player2_T1.5,Q029,O,Companies,15,oracle,oracle,1,1,0,Q029::15
Part2/outputs/answers_player2_T1.5.csv,answers_player2_T1.5,Q029,O,Companies,16,oracle,oracle,1,0,1,Q029::16
Part2/outputs/answers_player2_T1.5.csv,answers_player2_T1.5,Q029,O,Companies,17,oracle,oracle,1,1,0,Q029::17
Part2/outputs/answers_player2_T1.5.csv,answers_player2_T1.5,Q029,O,Companies,18,office depot,office depot,1,0,1,Q029::18
Part2/outputs/answers_player2_T1.5.csv,answers_player2_T1.5,Q029,O,Companies,19,office depot,office depot,1,1,0,Q029::19
Part2/outputs/answers_player2_T1.5.csv,answers_player2_T1.5,Q030,O,Things in the sky,0,cloud,cloud,0,0,0,Q030::0
Part2/outputs/answers_player2_T1.5.csv,answers_player2_T1.5,Q030,O,Things in the sky,1,cloud,cloud,0,0,0,Q030::1
Part2/outputs/answers_player2_T1.5.csv,answers_player2_T1.5,Q030,O,Things in the sky,2,clouds,clouds,0,0,0,Q030::2
Part2/outputs/answers_player2_T1.5.csv,answers_player2_T1.5,Q030,O,Things in the sky,3,clouds,clouds,0,0,0,Q030::3
Part2/outputs/answers_player2_T1.5.csv,answers_player2_T1.5,Q030,O,Things in the sky,4,cloud,cloud,0,0,0,Q030::4
Part2/outputs/answers_player2_T1.5.csv,answers_player2_T1.5,Q030,O,Things in the sky,5,clouds,clouds,0,0,0,Q030::5
Part2/outputs/answers_player2_T1.5.csv,answers_player2_T1.5,Q030,O,Things in the sky,6,clouds,clouds,0,0,0,Q030::6
Part2/outputs/answers_player2_T1.5.csv,answers_player2_T1.5,Q030,O,Things in the sky,7,cloud,cloud,0,0,0,Q030::7
Part2/outputs/answers_player2_T1.5.csv,answers_player2_T1.5,Q030,O,Things in the sky,8,clouds,clouds,0,0,0,Q030::8
Part2/outputs/answers_player2_T1.5.csv,answers_player2_T1.5,Q030,O,Things in the sky,9,cloud,cloud,0,0,0,Q030::9
Part2/outputs/answers_player2_T1.5.csv,answers_player2_T1.5,Q030,O,Things in the sky,10,clouds,clouds,0,0,0,Q030::10
Part2/outputs/answers_player2_T1.5.csv,answers_player2_T1.5,Q030,O,Things in the sky,11,cloud,cloud,0,0,0,Q030::11
Part2/outputs/answers_player2_T1.5.csv,answers_player2_T1.5,Q030,O,Things in the sky,12,clouds,clouds,0,0,0,Q030::12
Part2/outputs/answers_player2_T1.5.csv,answers_player2_T1.5,Q030,O,Things in the sky,13,cloud,cloud,0,0,0,Q030::13
Part2/outputs/answers_player2_T1.5.csv,answers_player2_T1.5,Q030,O,Things in the sky,14,cloud,cloud,0,0,0,Q030::14
Part2/outputs/answers_player2_T1.5.csv,answers_player2_T1.5,Q030,O,Things in the sky,15,clouds,clouds,0,0,0,Q030::15
Part2/outputs/answers_player2_T1.5.csv,answers_player2_T1.5,Q030,O,Things in the sky,16,cloud,cloud,0,0,0,Q030::16
Part2/outputs/answers_player2_T1.5.csv,answers_player2_T1.5,Q030,O,Things in the sky,17,cloud,cloud,0,0,0,Q030::17
Part2/outputs/answers_player2_T1.5.csv,answers_player2_T1.5,Q030,O,Things in the sky,18,clouds,clouds,0,0,0,Q030::18
Part2/outputs/answers_player2_T1.5.csv,answers_player2_T1.5,Q030,O,Things in the sky,19,cloud,cloud,0,0,0,Q030::19
Part2/outputs/answers_player2_T1.5.csv,answers_player2_T1.5,Q031,P,Vegetables,0,pepperoni peppers,pepperoni peppers,0,0,0,Q031::0
Part2/outputs/answers_player2_T1.5.csv,answers_player2_T1.5,Q031,P,Vegetables,1,pepper,pepper,1,0,1,Q031::1
Part2/outputs/answers_player2_T1.5.csv,answers_player2_T1.5,Q031,P,Vegetables,2,pea,pea,1,0,1,Q031::2
Part2/outputs/answers_player2_T1.5.csv,answers_player2_T1.5,Q031,P,Vegetables,3,"pepperoni (though technically a pizza topping, often considered in categories)","pepperoni (though technically a pizza topping, often considered in categories",0,0,0,Q031::3
Part2/outputs/answers_player2_T1.5.csv,answers_player2_T1.5,Q031,P,Vegetables,4,pepper,pepper,1,0,1,Q031::4
Part2/outputs/answers_player2_T1.5.csv,answers_player2_T1.5,Q031,P,Vegetables,5,pepper,pepper,1,1,0,Q031::5
Part2/outputs/answers_player2_T1.5.csv,answers_player2_T1.5,Q031,P,Vegetables,6,pepper,pepper,1,0,1,Q031::6
Part2/outputs/answers_player2_T1.5.csv,answers_player2_T1.5,Q031,P,Vegetables,7,peas,peas,1,0,1,Q031::7
Part2/outputs/answers_player2_T1.5.csv,answers_player2_T1.5,Q031,P,Vegetables,8,potato,potato,1,1,0,Q031::8
Part2/outputs/answers_player2_T1.5.csv,answers_player2_T1.5,Q031,P,Vegetables,9,pepper,pepper,1,0,1,Q031::9
Part2/outputs/answers_player2_T1.5.csv,answers_player2_T1.5,Q031,P,Vegetables,10,peas,peas,1,0,1,Q031::10
Part2/outputs/answers_player2_T1.5.csv,answers_player2_T1.5,Q031,P,Vegetables,11,pepperoni (note: technically a pasta dish but often treated as a vegetable,pepperoni (note: technically a pasta dish but often treated as a vegetable,0,0,0,Q031::11
Part2/outputs/answers_player2_T1.5.csv,answers_player2_T1.5,Q031,P,Vegetables,12,potato,potato,1,0,1,Q031::12
Part2/outputs/answers_player2_T1.5.csv,answers_player2_T1.5,Q031,P,Vegetables,13,pea,pea,1,0,1,Q031::13
Part2/outputs/answers_player2_T1.5.csv,answers_player2_T1.5,Q031,P,Vegetables,14,potato,potato,1,1,0,Q031::14
Part2/outputs/answers_player2_T1.5.csv,answers_player2_T1.5,Q031,P,Vegetables,15,potato,potato,1,1,0,Q031::15
Part2/outputs/answers_player2_T1.5.csv,answers_player2_T1.5,Q031,P,Vegetables,16,potato,potato,1,0,1,Q031::16
Part2/outputs/answers_player2_T1.5.csv,answers_player2_T1.5,Q031,P,Vegetables,17,potato,potato,1,0,1,Q031::17
Part2/outputs/answers_player2_T1.5.csv,answers_player2_T1.5,Q031,P,Vegetables,18,potato,potato,1,0,1,Q031::18
Part2/outputs/answers_player2_T1.5.csv,answers_player2_T1.5,Q031,P,Vegetables,19,potato,potato,1,1,0,Q031::19
Part2/outputs/answers_player2_T1.5.csv,answers_player2_T1.5,Q032,P,Historical figures,0,pericles,pericles,1,0,1,Q032::0
Part2/outputs/answers_player2_T1.5.csv,answers_player2_T1.5,Q032,P,Historical figures,1,plato,plato,1,0,1,Q032::1
Part2/outputs/answers_player2_T1.5.csv,answers_player2_T1.5,Q032,P,Historical figures,2,plato,plato,1,0,1,Q032::2
Part2/outputs/answers_player2_T1.5.csv,answers_player2_T1.5,Q032,P,Historical figures,3,pythagoras,pythagoras,1,0,1,Q032::3
Part2/outputs/answers_player2_T1.5.csv,answers_player2_T1.5,Q032,P,Historical figures,4,pythagoras,pythagoras,1,0,1,Q032::4
Part2/outputs/answers_player2_T1.5.csv,answers_player2_T1.5,Q032,P,Historical figures,5,pericles,pericles,1,1,0,Q032::5
Part2/outputs/answers_player2_T1.5.csv,answers_player2_T1.5,Q032,P,Historical figures,6,plato,plato,1,0,1,Q032::6
Part2/outputs/answers_player2_T1.5.csv,answers_player2_T1.5,Q032,P,Historical figures,7,pericles,pericles,1,0,1,Q032::7
Part2/outputs/answers_player2_T1.5.csv,answers_player2_T1.5,Q032,P,Historical figures,8,plato,plato,1,1,0,Q032::8
Part2/outputs/answers_player2_T1.5.csv,answers_player2_T1.5,Q032,P,Historical figures,9,peter the great,peter the great,1,0,1,Q032::9
Part2/outputs/answers_player2_T1.5.csv,answers_player2_T1.5,Q032,P,Historical figures,10,peter the great,peter the great,1,0,1,Q032::10
Part2/outputs/answers_player2_T1.5.csv,answers_player2_T1.5,Q032,P,Historical figures,11,peter the great,peter the great,1,0,1,Q032::11
Part2/outputs/answers_player2_T1.5.csv,answers_player2_T1.5,Q032,P,Historical figures,12,plato,plato,1,0,1,Q032::12
Part2/outputs/answers_player2_T1.5.csv,answers_player2_T1.5,Q032,P,Historical figures,13,plato,plato,1,1,0,Q032::13
Part2/outputs/answers_player2_T1.5.csv,answers_player2_T1.5,Q032,P,Historical figures,14,pericles,pericles,1,1,0,Q032::14
Part2/outputs/answers_player2_T1.5.csv,answers_player2_T1.5,Q032,P,Historical figures,15,plato,plato,1,1,0,Q032::15
Part2/outputs/answers_player2_T1.5.csv,answers_player2_T1.5,Q032,P,Historical figures,16,plato,plato,1,0,1,Q032::16
Part2/outputs/answers_player2_T1.5.csv,answers_player2_T1.5,Q032,P,Historical figures,17,paul rudolph,paul rudolph,0,0,0,Q032::17
Part2/outputs/answers_player2_T1.5.csv,answers_player2_T1.5,Q032,P,Historical figures,18,pompey,pompey,1,0,1,Q032::18
Part2/outputs/answers_player2_T1.5.csv,answers_player2_T1.5,Q032,P,Historical figures,19,pericles,pericles,1,0,1,Q032::19
Part2/outputs/answers_player2_T1.5.csv,answers_player2_T1.5,Q033,Q,Words in English,0,quilt,quilt,1,0,1,Q033::0
Part2/outputs/answers_player2_T1.5.csv,answers_player2_T1.5,Q033,Q,Words in English,1,quartz,quartz,1,0,1,Q033::1
Part2/outputs/answers_player2_T1.5.csv,answers_player2_T1.5,Q033,Q,Words in English,2,queen,queen,1,0,1,Q033::2
Part2/outputs/answers_player2_T1.5.csv,answers_player2_T1.5,Q033,Q,Words in English,3,queen,queen,1,0,1,Q033::3
Part2/outputs/answers_player2_T1.5.csv,answers_player2_T1.5,Q033,Q,Words in English,4,quilt,quilt,1,1,0,Q033::4
Part2/outputs/answers_player2_T1.5.csv,answers_player2_T1.5,Q033,Q,Words in English,5,queen,queen,1,0,1,Q033::5
Part2/outputs/answers_player2_T1.5.csv,answers_player2_T1.5,Q033,Q,Words in English,6,quick,quick,1,0,1,Q033::6
Part2/outputs/answers_player2_T1.5.csv,answers_player2_T1.5,Q033,Q,Words in English,7,quilt,quilt,1,0,1,Q033::7
Part2/outputs/answers_player2_T1.5.csv,answers_player2_T1.5,Q033,Q,Words in English,8,quill,quill,1,1,0,Q033::8
Part2/outputs/answers_player2_T1.5.csv,answers_player2_T1.5,Q033,Q,Words in English,9,quick brown fox,quick brown fox,0,0,0,Q033::9
Part2/outputs/answers_player2_T1.5.csv,answers_player2_T1.5,Q033,Q,Words in English,10,quartz,quartz,1,0,1,Q033::10
Part2/outputs/answers_player2_T1.5.csv,answers_player2_T1.5,Q033,Q,Words in English,11,quick,quick,1,0,1,Q033::11
Part2/outputs/answers_player2_T1.5.csv,answers_player2_T1.5,Q033,Q,Words in English,12,quickly,quickly,1,0,1,Q033::12
Part2/outputs/answers_player2_T1.5.csv,answers_player2_T1.5,Q033,Q,Words in English,13,quilt,quilt,1,0,1,Q033::13
Part2/outputs/answers_player2_T1.5.csv,answers_player2_T1.5,Q033,Q,Words in English,14,quilt,quilt,1,0,1,Q033::14
Part2/outputs/answers_player2_T1.5.csv,answers_player2_T1.5,Q033,Q,Words in English,15,queen,queen,1,0,1,Q033::15
Part2/outputs/answers_player2_T1.5.csv,answers_player2_T1.5,Q033,Q,Words in English,16,quilt,quilt,1,1,0,Q033::16
Part2/outputs/answers_player2_T1.5.csv,answers_player2_T1.5,Q033,Q,Words in English,17,queen,queen,1,0,1,Q033::17
Part2/outputs/answers_player2_T1.5.csv,answers_player2_T1.5,Q033,Q,Words in English,18,quilt,quilt,1,0,1,Q033::18
Part2/outputs/answers_player2_T1.5.csv,answers_player2_T1.5,Q033,Q,Words in English,19,quill,quill,1,0,1,Q033::19
Part2/outputs/answers_player2_T1.5.csv,answers_player2_T1.5,Q034,Q,Fictional characters,0,quasimodo,quasimodo,1,0,1,Q034::0
Part2/outputs/answers_player2_T1.5.csv,answers_player2_T1.5,Q034,Q,Fictional characters,1,queenジー fries,queenジー fries,0,0,0,Q034::1
Part2/outputs/answers_player2_T1.5.csv,answers_player2_T1.5,Q034,Q,Fictional characters,2,quasimodo,quasimodo,1,0,1,Q034::2
Part2/outputs/answers_player2_T1.5.csv,answers_player2_T1.5,Q034,Q,Fictional characters,3,quasimodo,quasimodo,1,1,0,Q034::3
Part2/outputs/answers_player2_T1.5.csv,answers_player2_T1.5,Q034,Q,Fictional characters,4,queen jasmine,queen jasmine,0,0,0,Q034::4
Part2/outputs/answers_player2_T1.5.csv,answers_player2_T1.5,Q034,Q,Fictional characters,5,queen,queen,0,0,0,Q034::5
Part2/outputs/answers_player2_T1.5.csv,answers_player2_T1.5,Q034,Q,Fictional characters,6,queen ruth,queen ruth,0,0,0,Q034::6
Part2/outputs/answers_player2_T1.5.csv,answers_player2_T1.5,Q034,Q,Fictional characters,7,quasimodo,quasimodo,1,1,0,Q034::7
Part2/outputs/answers_player2_T1.5.csv,answers_player2_T1.5,Q034,Q,Fictional characters,8,quasimodo,quasimodo,1,1,0,Q034::8
Part2/outputs/answers_player2_T1.5.csv,answers_player2_T1.5,Q034,Q,Fictional characters,9,queen victoria,queen victoria,0,0,0,Q034::9
Part2/outputs/answers_player2_T1.5.csv,answers_player2_T1.5,Q034,Q,Fictional characters,10,quasimodo,quasimodo,1,0,1,Q034::10
Part2/outputs/answers_player2_T1.5.csv,answers_player2_T1.5,Q034,Q,Fictional characters,11,quasimodo,quasimodo,1,1,0,Q034::11
Part2/outputs/answers_player2_T1.5.csv,answers_player2_T1.5,Q034,Q,Fictional characters,12,quasimodo,quasimodo,1,1,0,Q034::12
Part2/outputs/answers_player2_T1.5.csv,answers_player2_T1.5,Q034,Q,Fictional characters,13,quasimodo,quasimodo,1,0,1,Q034::13
Part2/outputs/answers_player2_T1.5.csv,answers_player2_T1.5,Q034,Q,Fictional characters,14,quasimodo,quasimodo,1,1,0,Q034::14
Part2/outputs/answers_player2_T1.5.csv,answers_player2_T1.5,Q034,Q,Fictional characters,15,queen judyatoria,queen judyatoria,0,0,0,Q034::15
Part2/outputs/answers_player2_T1.5.csv,answers_player2_T1.5,Q034,Q,Fictional characters,16,quasimodo,quasimodo,1,0,1,Q034::16
Part2/outputs/answers_player2_T1.5.csv,answers_player2_T1.5,Q034,Q,Fictional characters,17,quasimodo,quasimodo,1,1,0,Q034::17
Part2/outputs/answers_player2_T1.5.csv,answers_player2_T1.5,Q034,Q,Fictional characters,18,quasimodo,quasimodo,1,1,0,Q034::18
Part2/outputs/answers_player2_T1.5.csv,answers_player2_T1.5,Q034,Q,Fictional characters,19,quasimodo,quasimodo,1,1,0,Q034::19
Part2/outputs/answers_player2_T1.5.csv,answers_player2_T1.5,Q035,R,Songs,0,rhythms,rhythms,0,0,0,Q035::0
Part2/outputs/answers_player2_T1.5.csv,answers_player2_T1.5,Q035,R,Songs,1,radioactive,radioactive,1,0,1,Q035::1
Part2/outputs/answers_player2_T1.5.csv,answers_player2_T1.5,Q035,R,Songs,2,raindrops keep falling on my head,raindrops keep falling on my head,0,0,0,Q035::2
Part2/outputs/answers_player2_T1.5.csv,answers_player2_T1.5,Q035,R,Songs,3,radiohead,radiohead,0,0,0,Q035::3
Part2/outputs/answers_player2_T1.5.csv,answers_player2_T1.5,Q035,R,Songs,4,radio stars,radio stars,0,0,0,Q035::4
Part2/outputs/answers_player2_T1.5.csv,answers_player2_T1.5,Q035,R,Songs,5,red red wine,red red wine,0,0,0,Q035::5
Part2/outputs/answers_player2_T1.5.csv,answers_player2_T1.5,Q035,R,Songs,6,radioactively,radioactively,0,0,0,Q035::6
Part2/outputs/answers_player2_T1.5.csv,answers_player2_T1.5,Q035,R,Songs,7,rocker robin,rocker robin,0,0,0,Q035::7
Part2/outputs/answers_player2_T1.5.csv,answers_player2_T1.5,Q035,R,Songs,8,raindrops keep falling on my head,raindrops keep falling on my head,0,0,0,Q035::8
Part2/outputs/answers_player2_T1.5.csv,answers_player2_T1.5,Q035,R,Songs,9,rolling in the deep,rolling in the deep,0,0,0,Q035::9
Part2/outputs/answers_player2_T1.5.csv,answers_player2_T1.5,Q035,R,Songs,10,rolling in the deep,rolling in the deep,0,0,0,Q035::10
Part2/outputs/answers_player2_T1.5.csv,answers_player2_T1.5,Q035,R,Songs,11,river flows low,river flows low,0,0,0,Q035::11
Part2/outputs/answers_player2_T1.5.csv,answers_player2_T1.5,Q035,R,Songs,12,rhythm,rhythm,0,0,0,Q035::12
Part2/outputs/answers_player2_T1.5.csv,answers_player2_T1.5,Q035,R,Songs,13,river flows tonight,river flows tonight,0,0,0,Q035::13
Part2/outputs/answers_player2_T1.5.csv,answers_player2_T1.5,Q035,R,Songs,14,raindrops keep falling on my head,raindrops keep falling on my head,0,0,0,Q035::14
Part2/outputs/answers_player2_T1.5.csv,answers_player2_T1.5,Q035,R,Songs,15,riptide,riptide,1,0,1,Q035::15
Part2/outputs/answers_player2_T1.5.csv,answers_player2_T1.5,Q035,R,Songs,16,rolling in the deep,rolling in the deep,0,0,0,Q035::16
Part2/outputs/answers_player2_T1.5.csv,answers_player2_T1.5,Q035,R,Songs,17,rock around the clock,rock around the clock,1,0,1,Q035::17
Part2/outputs/answers_player2_T1.5.csv,answers_player2_T1.5,Q035,R,Songs,18,rockin' rhythm,rockin' rhythm,0,0,0,Q035::18
Part2/outputs/answers_player2_T1.5.csv,answers_player2_T1.5,Q035,R,Songs,19,raining bolts of rock,raining bolts of rock,0,0,0,Q035::19
Part2/outputs/answers_player2_T1.5.csv,answers_player2_T1.5,Q036,R,Tools,0,rubber mitt,rubber mitt,0,0,0,Q036::0
Part2/outputs/answers_player2_T1.5.csv,answers_player2_T1.5,Q036,R,Tools,1,razor,razor,1,0,1,Q036::1
Part2/outputs/answers_player2_T1.5.csv,answers_player2_T1.5,Q036,R,Tools,2,razor,razor,1,0,1,Q036::2
Part2/outputs/answers_player2_T1.5.csv,answers_player2_T1.5,Q036,R,Tools,3,pliers,pliers,0,0,0,Q036::3
Part2/outputs/answers_player2_T1.5.csv,answers_player2_T1.5,Q036,R,Tools,4,razor,razor,1,0,1,Q036::4
Part2/outputs/answers_player2_T1.5.csv,answers_player2_T1.5,Q036,R,Tools,5,rake,rake,1,1,0,Q036::5
Part2/outputs/answers_player2_T1.5.csv,answers_player2_T1.5,Q036,R,Tools,6,rake,rake,1,0,1,Q036::6
Part2/outputs/answers_player2_T1.5.csv,answers_player2_T1.5,Q036,R,Tools,7,rubberiska,rubberiska,0,0,0,Q036::7
Part2/outputs/answers_player2_T1.5.csv,answers_player2_T1.5,Q036,R,Tools,8,razor,razor,1,1,0,Q036::8
Part2/outputs/answers_player2_T1.5.csv,answers_player2_T1.5,Q036,R,Tools,9,razor,razor,1,0,1,Q036::9
Part2/outputs/answers_player2_T1.5.csv,answers_player2_T1.5,Q036,R,Tools,10,ruler,ruler,1,1,0,Q036::10
Part2/outputs/answers_player2_T1.5.csv,answers_player2_T1.5,Q036,R,Tools,11,razor,razor,1,0,1,Q036::11
Part2/outputs/answers_player2_T1.5.csv,answers_player2_T1.5,Q036,R,Tools,12,rubber锤,rubber,0,0,0,Q036::12
Part2/outputs/answers_player2_T1.5.csv,answers_player2_T1.5,Q036,R,Tools,13,rubber mallet,rubber mallet,1,1,0,Q036::13
Part2/outputs/answers_player2_T1.5.csv,answers_player2_T1.5,Q036,R,Tools,14,rubber手套,rubber,0,0,0,Q036::14
Part2/outputs/answers_player2_T1.5.csv,answers_player2_T1.5,Q036,R,Tools,15,pliers,pliers,0,0,0,Q036::15
Part2/outputs/answers_player2_T1.5.csv,answers_player2_T1.5,Q036,R,Tools,16,rake,rake,1,0,1,Q036::16
Part2/outputs/answers_player2_T1.5.csv,answers_player2_T1.5,Q036,R,Tools,17,rubberiska,rubberiska,0,0,0,Q036::17
Part2/outputs/answers_player2_T1.5.csv,answers_player2_T1.5,Q036,R,Tools,18,rake,rake,1,0,1,Q036::18
Part2/outputs/answers_player2_T1.5.csv,answers_player2_T1.5,Q036,R,Tools,19,rubber bands,rubber bands,1,0,1,Q036::19
Part2/outputs/answers_player2_T1.5.csv,answers_player2_T1.5,Q037,S,Animals,0,snail,snail,1,0,1,Q037::0
Part2/outputs/answers_player2_T1.5.csv,answers_player2_T1.5,Q037,S,Animals,1,snail,snail,1,0,1,Q037::1
Part2/outputs/answers_player2_T1.5.csv,answers_player2_T1.5,Q037,S,Animals,2,snake,snake,1,0,1,Q037::2
Part2/outputs/answers_player2_T1.5.csv,answers_player2_T1.5,Q037,S,Animals,3,squirrel,squirrel,1,1,0,Q037::3
Part2/outputs/answers_player2_T1.5.csv,answers_player2_T1.5,Q037,S,Animals,4,squirrel,squirrel,1,0,1,Q037::4
Part2/outputs/answers_player2_T1.5.csv,answers_player2_T1.5,Q037,S,Animals,5,seal,seal,1,0,1,Q037::5
Part2/outputs/answers_player2_T1.5.csv,answers_player2_T1.5,Q037,S,Animals,6,squirrel,squirrel,1,0,1,Q037::6
Part2/outputs/answers_player2_T1.5.csv,answers_player2_T1.5,Q037,S,Animals,7,squirrel,squirrel,1,1,0,Q037::7
Part2/outputs/answers_player2_T1.5.csv,answers_player2_T1.5,Q037,S,Animals,8,squirrel,squirrel,1,1,0,Q037::8
Part2/outputs/answers_player2_T1.5.csv,answers_player2_T1.5,Q037,S,Animals,9,seal,seal,1,0,1,Q037::9
Part2/outputs/answers_player2_T1.5.csv,answers_player2_T1.5,Q037,S,Animals,10,snake,snake,1,1,0,Q037::10
Part2/outputs/answers_player2_T1.5.csv,answers_player2_T1.5,Q037,S,Animals,11,snail,snail,1,0,1,Q037::11
Part2/outputs/answers_player2_T1.5.csv,answers_player2_T1.5,Q037,S,Animals,12,snail,snail,1,0,1,Q037::12
Part2/outputs/answers_player2_T1.5.csv,answers_player2_T1.5,Q037,S,Animals,13,seal,seal,1,0,1,Q037::13
Part2/outputs/answers_player2_T1.5.csv,answers_player2_T1.5,Q037,S,Animals,14,squirrel,squirrel,1,1,0,Q037::14
Part2/outputs/answers_player2_T1.5.csv,answers_player2_T1.5,Q037,S,Animals,15,snail,snail,1,0,1,Q037::15
Part2/outputs/answers_player2_T1.5.csv,answers_player2_T1.5,Q037,S,Animals,16,seal,seal,1,0,1,Q037::16
Part2/outputs/answers_player2_T1.5.csv,answers_player2_T1.5,Q037,S,Animals,17,sea lion,sea lion,1,0,1,Q037::17
Part2/outputs/answers_player2_T1.5.csv,answers_player2_T1.5,Q037,S,Animals,18,squirrel,squirrel,1,0,1,Q037::18
Part2/outputs/answers_player2_T1.5.csv,answers_player2_T1.5,Q037,S,Animals,19,snake,snake,1,0,1,Q037::19
Part2/outputs/answers_player2_T1.5.csv,answers_player2_T1.5,Q038,S,Things in an office,0,scrap heap,scrap heap,0,0,0,Q038::0
Part2/outputs/answers_player2_T1.5.csv,answers_player2_T1.5,Q038,S,Things in an office,1,scrapbook,scrapbook,0,0,0,Q038::1
Part2/outputs/answers_player2_T1.5.csv,answers_player2_T1.5,Q038,S,Things in an office,2,stapler,stapler,1,0,1,Q038::2
Part2/outputs/answers_player2_T1.5.csv,answers_player2_T1.5,Q038,S,Things in an office,3,stamp,stamp,1,0,1,Q038::3
Part2/outputs/answers_player2_T1.5.csv,answers_player2_T1.5,Q038,S,Things in an office,4,stapler,stapler,1,0,1,Q038::4
Part2/outputs/answers_player2_T1.5.csv,answers_player2_T1.5,Q038,S,Things in an office,5,supply closet,supply closet,1,0,1,Q038::5
Part2/outputs/answers_player2_T1.5.csv,answers_player2_T1.5,Q038,S,Things in an office,6,scrap heap,scrap heap,0,0,0,Q038::6
Part2/outputs/answers_player2_T1.5.csv,answers_player2_T1.5,Q038,S,Things in an office,7,stylopenfelt,stylopenfelt,0,0,0,Q038::7
Part2/outputs/answers_player2_T1.5.csv,answers_player2_T1.5,Q038,S,Things in an office,8,sticky note,sticky note,1,0,1,Q038::8
Part2/outputs/answers_player2_T1.5.csv,answers_player2_T1.5,Q038,S,Things in an office,9,stapler,stapler,1,0,1,Q038::9
Part2/outputs/answers_player2_T1.5.csv,answers_player2_T1.5,Q038,S,Things in an office,10,scrap heap,scrap heap,0,0,0,Q038::10
Part2/outputs/answers_player2_T1.5.csv,answers_player2_T1.5,Q038,S,Things in an office,11,stapler,stapler,1,1,0,Q038::11
Part2/outputs/answers_player2_T1.5.csv,answers_player2_T1.5,Q038,S,Things in an office,12,scanner,scanner,1,0,1,Q038::12
Part2/outputs/answers_player2_T1.5.csv,answers_player2_T1.5,Q038,S,Things in an office,13,stapler,stapler,1,0,1,Q038::13
Part2/outputs/answers_player2_T1.5.csv,answers_player2_T1.5,Q038,S,Things in an office,14,stapler,stapler,1,1,0,Q038::14
Part2/outputs/answers_player2_T1.5.csv,answers_player2_T1.5,Q038,S,Things in an office,15,stapler,stapler,1,1,0,Q038::15
Part2/outputs/answers_player2_T1.5.csv,answers_player2_T1.5,Q038,S,Things in an office,16,soap dispenser,soap dispenser,1,0,1,Q038::16
Part2/outputs/answers_player2_T1.5.csv,answers_player2_T1.5,Q038,S,Things in an office,17,scanner,scanner,1,1,0,Q038::17
Part2/outputs/answers_player2_T1.5.csv,answers_player2_T1.5,Q038,S,Things in an office,18,sticky note,sticky note,1,0,1,Q038::18
Part2/outputs/answers_player2_T1.5.csv,answers_player2_T1.5,Q038,S,Things in an office,19,scanner,scanner,1,0,1,Q038::19
Part2/outputs/answers_player2_T1.5.csv,answers_player2_T1.5,Q039,T,Countries,0,thailand,thailand,1,0,1,Q039::0
Part2/outputs/answers_player2_T1.5.csv,answers_player2_T1.5,Q039,T,Countries,1,thailand,thailand,1,0,1,Q039::1
Part2/outputs/answers_player2_T1.5.csv,answers_player2_T1.5,Q039,T,Countries,2,tunisia,tunisia,1,1,0,Q039::2
Part2/outputs/answers_player2_T1.5.csv,answers_player2_T1.5,Q039,T,Countries,3,tunisia,tunisia,1,1,0,Q039::3
Part2/outputs/answers_player2_T1.5.csv,answers_player2_T1.5,Q039,T,Countries,4,turkey,turkey,1,0,1,Q039::4
Part2/outputs/answers_player2_T1.5.csv,answers_player2_T1.5,Q039,T,Countries,5,tunisia,tunisia,1,0,1,Q039::5
Part2/outputs/answers_player2_T1.5.csv,answers_player2_T1.5,Q039,T,Countries,6,turkey,turkey,1,0,1,Q039::6
Part2/outputs/answers_player2_T1.5.csv,answers_player2_T1.5,Q039,T,Countries,7,taiwan,taiwan,1,0,1,Q039::7
Part2/outputs/answers_player2_T1.5.csv,answers_player2_T1.5,Q039,T,Countries,8,thailand,thailand,1,0,1,Q039::8
Part2/outputs/answers_player2_T1.5.csv,answers_player2_T1.5,Q039,T,Countries,9,tunisia,tunisia,1,1,0,Q039::9
Part2/outputs/answers_player2_T1.5.csv,answers_player2_T1.5,Q039,T,Countries,10,thailand,thailand,1,0,1,Q039::10
Part2/outputs/answers_player2_T1.5.csv,answers_player2_T1.5,Q039,T,Countries,11,taiwan,taiwan,1,0,1,Q039::11
Part2/outputs/answers_player2_T1.5.csv,answers_player2_T1.5,Q039,T,Countries,12,tunisia,tunisia,1,0,1,Q039::12
Part2/outputs/answers_player2_T1.5.csv,answers_player2_T1.5,Q039,T,Countries,13,tunisia,tunisia,1,0,1,Q039::13
Part2/outputs/answers_player2_T1.5.csv,answers_player2_T1.5,Q039,T,Countries,14,thailand,thailand,1,0,1,Q039::14
Part2/outputs/answers_player2_T1.5.csv,answers_player2_T1.5,Q039,T,Countries,15,taiwan,taiwan,1,1,0,Q039::15
Part2/outputs/answers_player2_T1.5.csv,answers_player2_T1.5,Q039,T,Countries,16,turkey,turkey,1,0,1,Q039::16
Part2/outputs/answers_player2_T1.5.csv,answers_player2_T1.5,Q039,T,Countries,17,thailand,thailand,1,1,0,Q039::17
Part2/outputs/answers_player2_T1.5.csv,answers_player2_T1.5,Q039,T,Countries,18,thailand,thailand,1,1,0,Q039::18
Part2/outputs/answers_player2_T1.5.csv,answers_player2_T1.5,Q039,T,Countries,19,tunisia,tunisia,1,0,1,Q039::19
Part2/outputs/answers_player2_T1.5.csv,answers_player2_T1.5,Q040,T,TV shows,0,the twilight zone,the twilight zone,1,0,1,Q040::0
Part2/outputs/answers_player2_T1.5.csv,answers_player2_T1.5,Q040,T,TV shows,1,thundercats,thundercats,1,0,1,Q040::1
Part2/outputs/answers_player2_T1.5.csv,answers_player2_T1.5,Q040,T,TV shows,2,the turing test,the turing test,0,0,0,Q040::2
Part2/outputs/answers_player2_T1.5.csv,answers_player2_T1.5,Q040,T,TV shows,3,the office,the office,0,0,0,Q040::3
Part2/outputs/answers_player2_T1.5.csv,answers_player2_T1.5,Q040,T,TV shows,4,thirtysomething,thirtysomething,1,0,1,Q040::4
Part2/outputs/answers_player2_T1.5.csv,answers_player2_T1.5,Q040,T,TV shows,5,thursday nightfootball,thursday nightfootball,0,0,0,Q040::5
Part2/outputs/answers_player2_T1.5.csv,answers_player2_T1.5,Q040,T,TV shows,6,thirtysomething,thirtysomething,1,0,1,Q040::6
Part2/outputs/answers_player2_T1.5.csv,answers_player2_T1.5,Q040,T,TV shows,7,the punisher,the punisher,1,0,1,Q040::7
Part2/outputs/answers_player2_T1.5.csv,answers_player2_T1.5,Q040,T,TV shows,8,the punishers,the punishers,0,0,0,Q040::8
Part2/outputs/answers_player2_T1.5.csv,answers_player2_T1.5,Q040,T,TV shows,9,thunderbirds,thunderbirds,1,0,1,Q040::9
Part2/outputs/answers_player2_T1.5.csv,answers_player2_T1.5,Q040,T,TV shows,10,thrive globally,thrive globally,0,0,0,Q040::10
Part2/outputs/answers_player2_T1.5.csv,answers_player2_T1.5,Q040,T,TV shows,11,the office,the office,0,0,0,Q040::11
Part2/outputs/answers_player2_T1.5.csv,answers_player2_T1.5,Q040,T,TV shows,12,that's coronation street,that's coronation street,0,0,0,Q040::12
Part2/outputs/answers_player2_T1.5.csv,answers_player2_T1.5,Q040,T,TV shows,13,the turing test,the turing test,0,0,0,Q040::13
Part2/outputs/answers_player2_T1.5.csv,answers_player2_T1.5,Q040,T,TV shows,14,thirtynine,thirtynine,0,0,0,Q040::14
Part2/outputs/answers_player2_T1.5.csv,answers_player2_T1.5,Q040,T,TV shows,15,thrive<location> tales,thrive<location> tales,0,0,0,Q040::15
Part2/outputs/answers_player2_T1.5.csv,answers_player2_T1.5,Q040,T,TV shows,16,that's pretend town,that's pretend town,0,0,0,Q040::16
Part2/outputs/answers_player2_T1.5.csv,answers_player2_T1.5,Q040,T,TV shows,17,thirtynine bénéficie,thirtynine bénéficie,0,0,0,Q040::17
Part2/outputs/answers_player2_T1.5.csv,answers_player2_T1.5,Q040,T,TV shows,18,thirty days of nights,thirty days of nights,0,0,0,Q040::18
Part2/outputs/answers_player2_T1.5.csv,answers_player2_T1.5,Q040,T,TV shows,19,the thornberrys,the thornberrys,1,0,1,Q040::19
Part2/outputs/answers_player2_T1.5.csv,answers_player2_T1.5,Q041,U,U.S. colleges,0,university of virginia,university of virginia,1,0,1,Q041::0
Part2/outputs/answers_player2_T1.5.csv,answers_player2_T1.5,Q041,U,U.S. colleges,1,university of michigan,university of michigan,0,0,0,Q041::1
Part2/outputs/answers_player2_T1.5.csv,answers_player2_T1.5,Q041,U,U.S. colleges,2,university of utah,university of utah,1,1,0,Q041::2
Part2/outputs/answers_player2_T1.5.csv,answers_player2_T1.5,Q041,U,U.S. colleges,3,university of utah,university of utah,1,0,1,Q041::3
Part2/outputs/answers_player2_T1.5.csv,answers_player2_T1.5,Q041,U,U.S. colleges,4,university of michigan,university of michigan,0,0,0,Q041::4
Part2/outputs/answers_player2_T1.5.csv,answers_player2_T1.5,Q041,U,U.S. colleges,5,university of maryland,university of maryland,0,0,0,Q041::5
Part2/outputs/answers_player2_T1.5.csv,answers_player2_T1.5,Q041,U,U.S. colleges,6,university of pennsylvania,university of pennsylvania,0,0,0,Q041::6
Part2/outputs/answers_player2_T1.5.csv,answers_player2_T1.5,Q041,U,U.S. colleges,7,university of virginia,university of virginia,1,0,1,Q041::7
Part2/outputs/answers_player2_T1.5.csv,answers_player2_T1.5,Q041,U,U.S. colleges,8,university of utah,university of utah,1,0,1,Q041::8
Part2/outputs/answers_player2_T1.5.csv,answers_player2_T1.5,Q041,U,U.S. colleges,9,university of maryland,university of maryland,0,0,0,Q041::9
Part2/outputs/answers_player2_T1.5.csv,answers_player2_T1.5,Q041,U,U.S. colleges,10,university of pennsylvania,university of pennsylvania,0,0,0,Q041::10
Part2/outputs/answers_player2_T1.5.csv,answers_player2_T1.5,Q041,U,U.S. colleges,11,university of utah,university of utah,1,1,0,Q041::11
Part2/outputs/answers_player2_T1.5.csv,answers_player2_T1.5,Q041,U,U.S. colleges,12,university of maryland,university of maryland,0,0,0,Q041::12
Part2/outputs/answers_player2_T1.5.csv,answers_player2_T1.5,Q041,U,U.S. colleges,13,university of michigan,university of michigan,0,0,0,Q041::13
Part2/outputs/answers_player2_T1.5.csv,answers_player2_T1.5,Q041,U,U.S. colleges,14,university of utah,university of utah,1,1,0,Q041::14
Part2/outputs/answers_player2_T1.5.csv,answers_player2_T1.5,Q041,U,U.S. colleges,15,university of pennsylvania,university of pennsylvania,0,0,0,Q041::15
Part2/outputs/answers_player2_T1.5.csv,answers_player2_T1.5,Q041,U,U.S. colleges,16,university of utah,university of utah,1,0,1,Q041::16
Part2/outputs/answers_player2_T1.5.csv,answers_player2_T1.5,Q041,U,U.S. colleges,17,university of michigan,university of michigan,0,0,0,Q041::17
Part2/outputs/answers_player2_T1.5.csv,answers_player2_T1.5,Q041,U,U.S. colleges,18,university of utah,university of utah,1,1,0,Q041::18
Part2/outputs/answers_player2_T1.5.csv,answers_player2_T1.5,Q041,U,U.S. colleges,19,university of utah,university of utah,1,0,1,Q041::19
Part2/outputs/answers_player2_T1.5.csv,answers_player2_T1.5,Q042,U,Things in a garage,0,umbrella,umbrella,0,0,0,Q042::0
Part2/outputs/answers_player2_T1.5.csv,answers_player2_T1.5,Q042,U,Things in a garage,1,unicycle,unicycle,1,0,1,Q042::1
Part2/outputs/answers_player2_T1.5.csv,answers_player2_T1.5,Q042,U,Things in a garage,2,unicycle,unicycle,1,0,1,Q042::2
Part2/outputs/answers_player2_T1.5.csv,answers_player2_T1.5,Q042,U,Things in a garage,3,uncle sam hat,uncle sam hat,0,0,0,Q042::3
Part2/outputs/answers_player2_T1.5.csv,answers_player2_T1.5,Q042,U,Things in a garage,4,unicycle,unicycle,1,0,1,Q042::4
Part2/outputs/answers_player2_T1.5.csv,answers_player2_T1.5,Q042,U,Things in a garage,5,unicycle,unicycle,1,0,1,Q042::5
Part2/outputs/answers_player2_T1.5.csv,answers_player2_T1.5,Q042,U,Things in a garage,6,umbrella,umbrella,0,0,0,Q042::6
Part2/outputs/answers_player2_T1.5.csv,answers_player2_T1.5,Q042,U,Things in a garage,7,unicycle,unicycle,1,0,1,Q042::7
Part2/outputs/answers_player2_T1.5.csv,answers_player2_T1.5,Q042,U,Things in a garage,8,utility box,utility box,1,0,1,Q042::8
Part2/outputs/answers_player2_T1.5.csv,answers_player2_T1.5,Q042,U,Things in a garage,9,umbrella,umbrella,0,0,0,Q042::9
Part2/outputs/answers_player2_T1.5.csv,answers_player2_T1.5,Q042,U,Things in a garage,10,umbrella,umbrella,0,0,0,Q042::10
Part2/outputs/answers_player2_T1.5.csv,answers_player2_T1.5,Q042,U,Things in a garage,11,unicycle,unicycle,1,0,1,Q042::11
Part2/outputs/answers_player2_T1.5.csv,answers_player2_T1.5,Q042,U,Things in a garage,12,umbrella,umbrella,0,0,0,Q042::12
Part2/outputs/answers_player2_T1.5.csv,answers_player2_T1.5,Q042,U,Things in a garage,13,universal remote,universal remote,1,0,1,Q042::13
Part2/outputs/answers_player2_T1.5.csv,answers_player2_T1.5,Q042,U,Things in a garage,14,unicycle,unicycle,1,0,1,Q042::14
Part2/outputs/answers_player2_T1.5.csv,answers_player2_T1.5,Q042,U,Things in a garage,15,unicycle,unicycle,1,1,0,Q042::15
Part2/outputs/answers_player2_T1.5.csv,answers_player2_T1.5,Q042,U,Things in a garage,16,unicycle,unicycle,1,0,1,Q042::16
Part2/outputs/answers_player2_T1.5.csv,answers_player2_T1.5,Q042,U,Things in a garage,17,uncle sam statue,uncle sam statue,0,0,0,Q042::17
Part2/outputs/answers_player2_T1.5.csv,answers_player2_T1.5,Q042,U,Things in a garage,18,uncle sam Hat,uncle sam hat,0,0,0,Q042::18
Part2/outputs/answers_player2_T1.5.csv,answers_player2_T1.5,Q042,U,Things in a garage,19,umpire,umpire,0,0,0,Q042::19
Part2/outputs/answers_player2_T1.5.csv,answers_player2_T1.5,Q043,V,Jobs,0,vet,vet,1,0,1,Q043::0
Part2/outputs/answers_player2_T1.5.csv,answers_player2_T1.5,Q043,V,Jobs,1,vice versa,vice versa,0,0,0,Q043::1
Part2/outputs/answers_player2_T1.5.csv,answers_player2_T1.5,Q043,V,Jobs,2,veterinarian,veterinarian,1,0,1,Q043::2
Part2/outputs/answers_player2_T1.5.csv,answers_player2_T1.5,Q043,V,Jobs,3,vet,vet,1,0,1,Q043::3
Part2/outputs/answers_player2_T1.5.csv,answers_player2_T1.5,Q043,V,Jobs,4,veterinarian,veterinarian,1,0,1,Q043::4
Part2/outputs/answers_player2_T1.5.csv,answers_player2_T1.5,Q043,V,Jobs,5,vacuum cleaner salesman,vacuum cleaner salesman,0,0,0,Q043::5
Part2/outputs/answers_player2_T1.5.csv,answers_player2_T1.5,Q043,V,Jobs,6,vet,vet,1,0,1,Q043::6
Part2/outputs/answers_player2_T1.5.csv,answers_player2_T1.5,Q043,V,Jobs,7,veterinarian,veterinarian,1,0,1,Q043::7
Part2/outputs/answers_player2_T1.5.csv,answers_player2_T1.5,Q043,V,Jobs,8,valet parking,valet parking,0,0,0,Q043::8
Part2/outputs/answers_player2_T1.5.csv,answers_player2_T1.5,Q043,V,Jobs,9,videographer,videographer,1,0,1,Q043::9
Part2/outputs/answers_player2_T1.5.csv,answers_player2_T1.5,Q043,V,Jobs,10,vet,vet,1,0,1,Q043::10
Part2/outputs/answers_player2_T1.5.csv,answers_player2_T1.5,Q043,V,Jobs,11,vat specialist,vat specialist,0,0,0,Q043::11
Part2/outputs/answers_player2_T1.5.csv,answers_player2_T1.5,Q043,V,Jobs,12,van driver,van driver,1,0,1,Q043::12
Part2/outputs/answers_player2_T1.5.csv,answers_player2_T1.5,Q043,V,Jobs,13,video producer,video producer,1,0,1,Q043::13
Part2/outputs/answers_player2_T1.5.csv,answers_player2_T1.5,Q043,V,Jobs,14,vat man,vat man,0,0,0,Q043::14
Part2/outputs/answers_player2_T1.5.csv,answers_player2_T1.5,Q043,V,Jobs,15,valet,valet,1,0,1,Q043::15
Part2/outputs/answers_player2_T1.5.csv,answers_player2_T1.5,Q043,V,Jobs,16,vet,vet,1,0,1,Q043::16
Part2/outputs/answers_player2_T1.5.csv,answers_player2_T1.5,Q043,V,Jobs,17,video producer,video producer,1,0,1,Q043::17
Part2/outputs/answers_player2_T1.5.csv,answers_player2_T1.5,Q043,V,Jobs,18,vegetarian restaurant,vegetarian restaurant,0,0,0,Q043::18
Part2/outputs/answers_player2_T1.5.csv,answers_player2_T1.5,Q043,V,Jobs,19,valet parking,valet parking,0,0,0,Q043::19
Part2/outputs/answers_player2_T1.5.csv,answers_player2_T1.5,Q044,V,Things you wear,0,vest,vest,1,1,0,Q044::0
Part2/outputs/answers_player2_T1.5.csv,answers_player2_T1.5,Q044,V,Things you wear,1,vest,vest,1,1,0,Q044::1
Part2/outputs/answers_player2_T1.5.csv,answers_player2_T1.5,Q044,V,Things you wear,2,vest,vest,1,1,0,Q044::2
Part2/outputs/answers_player2_T1.5.csv,answers_player2_T1.5,Q044,V,Things you wear,3,veil,veil,1,0,1,Q044::3
Part2/outputs/answers_player2_T1.5.csv,answers_player2_T1.5,Q044,V,Things you wear,4,veil,veil,1,0,1,Q044::4
Part2/outputs/answers_player2_T1.5.csv,answers_player2_T1.5,Q044,V,Things you wear,5,veil,veil,1,0,1,Q044::5
Part2/outputs/answers_player2_T1.5.csv,answers_player2_T1.5,Q044,V,Things you wear,6,vest,vest,1,1,0,Q044::6
Part2/outputs/answers_player2_T1.5.csv,answers_player2_T1.5,Q044,V,Things you wear,7,vest,vest,1,0,1,Q044::7
Part2/outputs/answers_player2_T1.5.csv,answers_player2_T1.5,Q044,V,Things you wear,8,vest,vest,1,0,1,Q044::8
Part2/outputs/answers_player2_T1.5.csv,answers_player2_T1.5,Q044,V,Things you wear,9,vest,vest,1,1,0,Q044::9
Part2/outputs/answers_player2_T1.5.csv,answers_player2_T1.5,Q044,V,Things you wear,10,sunglasses,sunglasses,0,0,0,Q044::10
Part2/outputs/answers_player2_T1.5.csv,answers_player2_T1.5,Q044,V,Things you wear,11,vest,vest,1,1,0,Q044::11
Part2/outputs/answers_player2_T1.5.csv,answers_player2_T1.5,Q044,V,Things you wear,12,vest,vest,1,1,0,Q044::12
Part2/outputs/answers_player2_T1.5.csv,answers_player2_T1.5,Q044,V,Things you wear,13,vest,vest,1,1,0,Q044::13
Part2/outputs/answers_player2_T1.5.csv,answers_player2_T1.5,Q044,V,Things you wear,14,veil,veil,1,0,1,Q044::14
Part2/outputs/answers_player2_T1.5.csv,answers_player2_T1.5,Q044,V,Things you wear,15,vest,vest,1,1,0,Q044::15
Part2/outputs/answers_player2_T1.5.csv,answers_player2_T1.5,Q044,V,Things you wear,16,vest,vest,1,1,0,Q044::16
Part2/outputs/answers_player2_T1.5.csv,answers_player2_T1.5,Q044,V,Things you wear,17,veil,veil,1,0,1,Q044::17
Part2/outputs/answers_player2_T1.5.csv,answers_player2_T1.5,Q044,V,Things you wear,18,vest,vest,1,1,0,Q044::18
Part2/outputs/answers_player2_T1.5.csv,answers_player2_T1.5,Q044,V,Things you wear,19,vest,vest,1,1,0,Q044::19
Part2/outputs/answers_player2_T1.5.csv,answers_player2_T1.5,Q045,W,Cities,0,wuhan,wuhan,1,0,1,Q045::0
Part2/outputs/answers_player2_T1.5.csv,answers_player2_T1.5,Q045,W,Cities,1,wuhan,wuhan,1,1,0,Q045::1
Part2/outputs/answers_player2_T1.5.csv,answers_player2_T1.5,Q045,W,Cities,2,wuhan,wuhan,1,0,1,Q045::2
Part2/outputs/answers_player2_T1.5.csv,answers_player2_T1.5,Q045,W,Cities,3,warsaw,warsaw,1,1,0,Q045::3
Part2/outputs/answers_player2_T1.5.csv,answers_player2_T1.5,Q045,W,Cities,4,warsaw,warsaw,1,0,1,Q045::4
Part2/outputs/answers_player2_T1.5.csv,answers_player2_T1.5,Q045,W,Cities,5,washington dc,washington dc,0,0,0,Q045::5
Part2/outputs/answers_player2_T1.5.csv,answers_player2_T1.5,Q045,W,Cities,6,warsaw,warsaw,1,0,1,Q045::6
Part2/outputs/answers_player2_T1.5.csv,answers_player2_T1.5,Q045,W,Cities,7,washington d.c.,washington d.c,0,0,0,Q045::7
Part2/outputs/answers_player2_T1.5.csv,answers_player2_T1.5,Q045,W,Cities,8,warsaw,warsaw,1,0,1,Q045::8
Part2/outputs/answers_player2_T1.5.csv,answers_player2_T1.5,Q045,W,Cities,9,warsaw,warsaw,1,0,1,Q045::9
Part2/outputs/answers_player2_T1.5.csv,answers_player2_T1.5,Q045,W,Cities,10,warsaw,warsaw,1,0,1,Q045::10
Part2/outputs/answers_player2_T1.5.csv,answers_player2_T1.5,Q045,W,Cities,11,washington,washington,1,0,1,Q045::11
Part2/outputs/answers_player2_T1.5.csv,answers_player2_T1.5,Q045,W,Cities,12,wuhan,wuhan,1,0,1,Q045::12
Part2/outputs/answers_player2_T1.5.csv,answers_player2_T1.5,Q045,W,Cities,13,wales,wales,0,0,0,Q045::13
Part2/outputs/answers_player2_T1.5.csv,answers_player2_T1.5,Q045,W,Cities,14,wuhan,wuhan,1,0,1,Q045::14
Part2/outputs/answers_player2_T1.5.csv,answers_player2_T1.5,Q045,W,Cities,15,warsaw,warsaw,1,1,0,Q045::15
Part2/outputs/answers_player2_T1.5.csv,answers_player2_T1.5,Q045,W,Cities,16,wuhan,wuhan,1,1,0,Q045::16
Part2/outputs/answers_player2_T1.5.csv,answers_player2_T1.5,Q045,W,Cities,17,wuhan,wuhan,1,1,0,Q045::17
Part2/outputs/answers_player2_T1.5.csv,answers_player2_T1.5,Q045,W,Cities,18,warsaw,warsaw,1,0,1,Q045::18
Part2/outputs/answers_player2_T1.5.csv,answers_player2_T1.5,Q045,W,Cities,19,warsaw,warsaw,1,1,0,Q045::19
Part2/outputs/answers_player2_T1.5.csv,answers_player2_T1.5,Q046,W,Things in a park,0,willow,willow,1,1,0,Q046::0
Part2/outputs/answers_player2_T1.5.csv,answers_player2_T1.5,Q046,W,Things in a park,1,willow,willow,1,0,1,Q046::1
Part2/outputs/answers_player2_T1.5.csv,answers_player2_T1.5,Q046,W,Things in a park,2,willow,willow,1,1,0,Q046::2
Part2/outputs/answers_player2_T1.5.csv,answers_player2_T1.5,Q046,W,Things in a park,3,wading pool,wading pool,1,0,1,Q046::3
Part2/outputs/answers_player2_T1.5.csv,answers_player2_T1.5,Q046,W,Things in a park,4,willow,willow,1,1,0,Q046::4
Part2/outputs/answers_player2_T1.5.csv,answers_player2_T1.5,Q046,W,Things in a park,5,willow,willow,1,1,0,Q046::5
Part2/outputs/answers_player2_T1.5.csv,answers_player2_T1.5,Q046,W,Things in a park,6,wristwatch,wristwatch,0,0,0,Q046::6
Part2/outputs/answers_player2_T1.5.csv,answers_player2_T1.5,Q046,W,Things in a park,7,willow,willow,1,1,0,Q046::7
Part2/outputs/answers_player2_T1.5.csv,answers_player2_T1.5,Q046,W,Things in a park,8,willow,willow,1,0,1,Q046::8
Part2/outputs/answers_player2_T1.5.csv,answers_player2_T1.5,Q046,W,Things in a park,9,willow,willow,1,0,1,Q046::9
Part2/outputs/answers_player2_T1.5.csv,answers_player2_T1.5,Q046,W,Things in a park,10,swings,swings,1,1,0,Q046::10
Part2/outputs/answers_player2_T1.5.csv,answers_player2_T1.5,Q046,W,Things in a park,11,willow,willow,1,0,1,Q046::11
Part2/outputs/answers_player2_T1.5.csv,answers_player2_T1.5,Q046,W,Things in a park,12,willow,willow,1,1,0,Q046::12
Part2/outputs/answers_player2_T1.5.csv,answers_player2_T1.5,Q046,W,Things in a park,13,willow,willow,1,1,0,Q046::13
Part2/outputs/answers_player2_T1.5.csv,answers_player2_T1.5,Q046,W,Things in a park,14,swing set,swing set,1,0,1,Q046::14
Part2/outputs/answers_player2_T1.5.csv,answers_player2_T1.5,Q046,W,Things in a park,15,swings,swings,1,0,1,Q046::15
Part2/outputs/answers_player2_T1.5.csv,answers_player2_T1.5,Q046,W,Things in a park,16,willow,willow,1,0,1,Q046::16
Part2/outputs/answers_player2_T1.5.csv,answers_player2_T1.5,Q046,W,Things in a park,17,water slide,water slide,0,0,0,Q046::17
Part2/outputs/answers_player2_T1.5.csv,answers_player2_T1.5,Q046,W,Things in a park,18,willow,willow,1,1,0,Q046::18
Part2/outputs/answers_player2_T1.5.csv,answers_player2_T1.5,Q046,W,Things in a park,19,willow,willow,1,1,0,Q046::19
Part2/outputs/answers_player2_T1.5.csv,answers_player2_T1.5,Q047,X,Brands,0,xiaomi,xiaomi,1,0,1,Q047::0
Part2/outputs/answers_player2_T1.5.csv,answers_player2_T1.5,Q047,X,Brands,1,xinglas,xinglas,0,0,0,Q047::1
Part2/outputs/answers_player2_T1.5.csv,answers_player2_T1.5,Q047,X,Brands,2,xingelift,xingelift,0,0,0,Q047::2
Part2/outputs/answers_player2_T1.5.csv,answers_player2_T1.5,Q047,X,Brands,3,xiaomi,xiaomi,1,1,0,Q047::3
Part2/outputs/answers_player2_T1.5.csv,answers_player2_T1.5,Q047,X,Brands,4,xingxperts,xingxperts,0,0,0,Q047::4
Part2/outputs/answers_player2_T1.5.csv,answers_player2_T1.5,Q047,X,Brands,5,xiaomi,xiaomi,1,0,1,Q047::5
Part2/outputs/answers_player2_T1.5.csv,answers_player2_T1.5,Q047,X,Brands,6,xiaomi,xiaomi,1,0,1,Q047::6
Part2/outputs/answers_player2_T1.5.csv,answers_player2_T1.5,Q047,X,Brands,7,xiaomi,xiaomi,1,0,1,Q047::7
Part2/outputs/answers_player2_T1.5.csv,answers_player2_T1.5,Q047,X,Brands,8,xinglas,xinglas,0,0,0,Q047::8
Part2/outputs/answers_player2_T1.5.csv,answers_player2_T1.5,Q047,X,Brands,9,xingxing,xingxing,0,0,0,Q047::9
Part2/outputs/answers_player2_T1.5.csv,answers_player2_T1.5,Q047,X,Brands,10,xerox,xerox,1,0,1,Q047::10
Part2/outputs/answers_player2_T1.5.csv,answers_player2_T1.5,Q047,X,Brands,11,xyzee,xyzee,0,0,0,Q047::11
Part2/outputs/answers_player2_T1.5.csv,answers_player2_T1.5,Q047,X,Brands,12,xiaomi,xiaomi,1,1,0,Q047::12
Part2/outputs/answers_player2_T1.5.csv,answers_player2_T1.5,Q047,X,Brands,13,xiaomi,xiaomi,1,1,0,Q047::13
Part2/outputs/answers_player2_T1.5.csv,answers_player2_T1.5,Q047,X,Brands,14,xinglin,xinglin,0,0,0,Q047::14
Part2/outputs/answers_player2_T1.5.csv,answers_player2_T1.5,Q047,X,Brands,15,xingxplosion,xingxplosion,0,0,0,Q047::15
Part2/outputs/answers_player2_T1.5.csv,answers_player2_T1.5,Q047,X,Brands,16,xiaomi,xiaomi,1,0,1,Q047::16
Part2/outputs/answers_player2_T1.5.csv,answers_player2_T1.5,Q047,X,Brands,17,xiaomi,xiaomi,1,1,0,Q047::17
Part2/outputs/answers_player2_T1.5.csv,answers_player2_T1.5,Q047,X,Brands,18,xyz techno,xyz techno,0,0,0,Q047::18
Part2/outputs/answers_player2_T1.5.csv,answers_player2_T1.5,Q047,X,Brands,19,xbox,xbox,1,1,0,Q047::19
Part2/outputs/answers_player2_T1.5.csv,answers_player2_T1.5,Q048,X,Words in English,0,xray,xray,1,0,1,Q048::0
Part2/outputs/answers_player2_T1.5.csv,answers_player2_T1.5,Q048,X,Words in English,1,xerox,xerox,1,0,1,Q048::1
Part2/outputs/answers_player2_T1.5.csv,answers_player2_T1.5,Q048,X,Words in English,2,xerox copy,xerox copy,1,0,1,Q048::2
Part2/outputs/answers_player2_T1.5.csv,answers_player2_T1.5,Q048,X,Words in English,3,xenon,xenon,1,0,1,Q048::3
Part2/outputs/answers_player2_T1.5.csv,answers_player2_T1.5,Q048,X,Words in English,4,xenon,xenon,1,1,0,Q048::4
Part2/outputs/answers_player2_T1.5.csv,answers_player2_T1.5,Q048,X,Words in English,5,xray,xray,1,0,1,Q048::5
Part2/outputs/answers_player2_T1.5.csv,answers_player2_T1.5,Q048,X,Words in English,6,xeroxerox,xeroxerox,0,0,0,Q048::6
Part2/outputs/answers_player2_T1.5.csv,answers_player2_T1.5,Q048,X,Words in English,7,xerox,xerox,1,0,1,Q048::7
Part2/outputs/answers_player2_T1.5.csv,answers_player2_T1.5,Q048,X,Words in English,8,xerox,xerox,1,0,1,Q048::8
Part2/outputs/answers_player2_T1.5.csv,answers_player2_T1.5,Q048,X,Words in English,9,xray,xray,1,0,1,Q048::9
Part2/outputs/answers_player2_T1.5.csv,answers_player2_T1.5,Q048,X,Words in English,10,xray,xray,1,0,1,Q048::10
Part2/outputs/answers_player2_T1.5.csv,answers_player2_T1.5,Q048,X,Words in English,11,x ray,x ray,1,0,1,Q048::11
Part2/outputs/answers_player2_T1.5.csv,answers_player2_T1.5,Q048,X,Words in English,12,xray,xray,1,0,1,Q048::12
Part2/outputs/answers_player2_T1.5.csv,answers_player2_T1.5,Q048,X,Words in English,13,xerox copy,xerox copy,1,0,1,Q048::13
Part2/outputs/answers_player2_T1.5.csv,answers_player2_T1.5,Q048,X,Words in English,14,xray,xray,1,0,1,Q048::14
Part2/outputs/answers_player2_T1.5.csv,answers_player2_T1.5,Q048,X,Words in English,15,xray,xray,1,0,1,Q048::15
Part2/outputs/answers_player2_T1.5.csv,answers_player2_T1.5,Q048,X,Words in English,16,xerox copier,xerox copier,0,0,0,Q048::16
Part2/outputs/answers_player2_T1.5.csv,answers_player2_T1.5,Q048,X,Words in English,17,xenon,xenon,1,0,1,Q048::17
Part2/outputs/answers_player2_T1.5.csv,answers_player2_T1.5,Q048,X,Words in English,18,xeroxeroxeroxeroxeroxeroxeroxeroxeroxeroxeroxeroxeroxeroxerox,xeroxeroxeroxeroxeroxeroxeroxeroxeroxeroxeroxeroxeroxeroxerox,0,0,0,Q048::18
Part2/outputs/answers_player2_T1.5.csv,answers_player2_T1.5,Q048,X,Words in English,19,xray,xray,1,0,1,Q048::19
Part2/outputs/answers_player2_T1.5.csv,answers_player2_T1.5,Q049,Y,Foods,0,yogurt,yogurt,1,1,0,Q049::0
Part2/outputs/answers_player2_T1.5.csv,answers_player2_T1.5,Q049,Y,Foods,1,yogurt,yogurt,1,1,0,Q049::1
Part2/outputs/answers_player2_T1.5.csv,answers_player2_T1.5,Q049,Y,Foods,2,yogurt,yogurt,1,1,0,Q049::2
Part2/outputs/answers_player2_T1.5.csv,answers_player2_T1.5,Q049,Y,Foods,3,yogurt,yogurt,1,1,0,Q049::3
Part2/outputs/answers_player2_T1.5.csv,answers_player2_T1.5,Q049,Y,Foods,4,yogurt,yogurt,1,1,0,Q049::4
Part2/outputs/answers_player2_T1.5.csv,answers_player2_T1.5,Q049,Y,Foods,5,yogurt,yogurt,1,1,0,Q049::5
Part2/outputs/answers_player2_T1.5.csv,answers_player2_T1.5,Q049,Y,Foods,6,yogurt,yogurt,1,1,0,Q049::6
Part2/outputs/answers_player2_T1.5.csv,answers_player2_T1.5,Q049,Y,Foods,7,yogurt,yogurt,1,1,0,Q049::7
Part2/outputs/answers_player2_T1.5.csv,answers_player2_T1.5,Q049,Y,Foods,8,yogurt,yogurt,1,1,0,Q049::8
Part2/outputs/answers_player2_T1.5.csv,answers_player2_T1.5,Q049,Y,Foods,9,yogurt,yogurt,1,1,0,Q049::9
Part2/outputs/answers_player2_T1.5.csv,answers_player2_T1.5,Q049,Y,Foods,10,yogurt,yogurt,1,1,0,Q049::10
Part2/outputs/answers_player2_T1.5.csv,answers_player2_T1.5,Q049,Y,Foods,11,yogurt,yogurt,1,1,0,Q049::11
Part2/outputs/answers_player2_T1.5.csv,answers_player2_T1.5,Q049,Y,Foods,12,yogurt,yogurt,1,1,0,Q049::12
Part2/outputs/answers_player2_T1.5.csv,answers_player2_T1.5,Q049,Y,Foods,13,yogurt,yogurt,1,1,0,Q049::13
Part2/outputs/answers_player2_T1.5.csv,answers_player2_T1.5,Q049,Y,Foods,14,yogurt,yogurt,1,1,0,Q049::14
Part2/outputs/answers_player2_T1.5.csv,answers_player2_T1.5,Q049,Y,Foods,15,yogurt,yogurt,1,1,0,Q049::15
Part2/outputs/answers_player2_T1.5.csv,answers_player2_T1.5,Q049,Y,Foods,16,yogurt,yogurt,1,1,0,Q049::16
Part2/outputs/answers_player2_T1.5.csv,answers_player2_T1.5,Q049,Y,Foods,17,yogurt,yogurt,1,1,0,Q049::17
Part2/outputs/answers_player2_T1.5.csv,answers_player2_T1.5,Q049,Y,Foods,18,yogurt,yogurt,1,1,0,Q049::18
Part2/outputs/answers_player2_T1.5.csv,answers_player2_T1.5,Q049,Y,Foods,19,yogurt,yogurt,1,1,0,Q049::19
Part2/outputs/answers_player2_T1.5.csv,answers_player2_T1.5,Q050,Y,Things at a party,0,birthday hats,birthday hats,0,0,0,Q050::0
Part2/outputs/answers_player2_T1.5.csv,answers_player2_T1.5,Q050,Y,Things at a party,1,yacht,yacht,0,0,0,Q050::1
Part2/outputs/answers_player2_T1.5.csv,answers_player2_T1.5,Q050,Y,Things at a party,2,yummy snacks,yummy snacks,0,0,0,Q050::2
Part2/outputs/answers_player2_T1.5.csv,answers_player2_T1.5,Q050,Y,Things at a party,3,yacht race,yacht race,0,0,0,Q050::3
Part2/outputs/answers_player2_T1.5.csv,answers_player2_T1.5,Q050,Y,Things at a party,4,yorkshire pudding,yorkshire pudding,0,0,0,Q050::4
Part2/outputs/answers_player2_T1.5.csv,answers_player2_T1.5,Q050,Y,Things at a party,5,popcorn,popcorn,0,0,0,Q050::5
Part2/outputs/answers_player2_T1.5.csv,answers_player2_T1.5,Q050,Y,Things at a party,6,yacht,yacht,0,0,0,Q050::6
Part2/outputs/answers_player2_T1.5.csv,answers_player2_T1.5,Q050,Y,Things at a party,7,yaml egg,yaml egg,0,0,0,Q050::7
Part2/outputs/answers_player2_T1.5.csv,answers_player2_T1.5,Q050,Y,Things at a party,8,yaml eggs,yaml eggs,0,0,0,Q050::8
Part2/outputs/answers_player2_T1.5.csv,answers_player2_T1.5,Q050,Y,Things at a party,9,yaml fries,yaml fries,0,0,0,Q050::9
Part2/outputs/answers_player2_T1.5.csv,answers_player2_T1.5,Q050,Y,Things at a party,10,yoghurt,yoghurt,0,0,0,Q050::10
Part2/outputs/answers_player2_T1.5.csv,answers_player2_T1.5,Q050,Y,Things at a party,11,yum yum cupcakes,yum yum cupcakes,0,0,0,Q050::11
Part2/outputs/answers_player2_T1.5.csv,answers_player2_T1.5,Q050,Y,Things at a party,12,yogurt parfait,yogurt parfait,0,0,0,Q050::12
Part2/outputs/answers_player2_T1.5.csv,answers_player2_T1.5,Q050,Y,Things at a party,13,yellow balloons,yellow balloons,1,0,1,Q050::13
Part2/outputs/answers_player2_T1.5.csv,answers_player2_T1.5,Q050,Y,Things at a party,14,yorkshire pudding,yorkshire pudding,0,0,0,Q050::14
Part2/outputs/answers_player2_T1.5.csv,answers_player2_T1.5,Q050,Y,Things at a party,15,yacht party,yacht party,0,0,0,Q050::15
Part2/outputs/answers_player2_T1.5.csv,answers_player2_T1.5,Q050,Y,Things at a party,16,yum yum cakes,yum yum cakes,1,0,1,Q050::16
Part2/outputs/answers_player2_T1.5.csv,answers_player2_T1.5,Q050,Y,Things at a party,17,yogurt,yogurt,0,0,0,Q050::17
Part2/outputs/answers_player2_T1.5.csv,answers_player2_T1.5,Q050,Y,Things at a party,18,yum yum cakes,yum yum cakes,1,0,1,Q050::18
Part2/outputs/answers_player2_T1.5.csv,answers_player2_T1.5,Q050,Y,Things at a party,19,yellow cake,yellow cake,1,0,1,Q050::19
Part2/outputs/answers_player2_T1.5.csv,answers_player2_T1.5,Q051,Z,Animals,0,zebra,zebra,1,1,0,Q051::0
Part2/outputs/answers_player2_T1.5.csv,answers_player2_T1.5,Q051,Z,Animals,1,zebra,zebra,1,0,1,Q051::1
Part2/outputs/answers_player2_T1.5.csv,answers_player2_T1.5,Q051,Z,Animals,2,zebra,zebra,1,1,0,Q051::2
Part2/outputs/answers_player2_T1.5.csv,answers_player2_T1.5,Q051,Z,Animals,3,zebra,zebra,1,1,0,Q051::3
Part2/outputs/answers_player2_T1.5.csv,answers_player2_T1.5,Q051,Z,Animals,4,zebra,zebra,1,1,0,Q051::4
Part2/outputs/answers_player2_T1.5.csv,answers_player2_T1.5,Q051,Z,Animals,5,zoo keeper,zoo keeper,0,0,0,Q051::5
Part2/outputs/answers_player2_T1.5.csv,answers_player2_T1.5,Q051,Z,Animals,6,zebra,zebra,1,0,1,Q051::6
Part2/outputs/answers_player2_T1.5.csv,answers_player2_T1.5,Q051,Z,Animals,7,zebra,zebra,1,0,1,Q051::7
Part2/outputs/answers_player2_T1.5.csv,answers_player2_T1.5,Q051,Z,Animals,8,zebra,zebra,1,1,0,Q051::8
Part2/outputs/answers_player2_T1.5.csv,answers_player2_T1.5,Q051,Z,Animals,9,zebra,zebra,1,0,1,Q051::9
Part2/outputs/answers_player2_T1.5.csv,answers_player2_T1.5,Q051,Z,Animals,10,zebra,zebra,1,1,0,Q051::10
Part2/outputs/answers_player2_T1.5.csv,answers_player2_T1.5,Q051,Z,Animals,11,zebra,zebra,1,1,0,Q051::11
Part2/outputs/answers_player2_T1.5.csv,answers_player2_T1.5,Q051,Z,Animals,12,zookeeper,zookeeper,0,0,0,Q051::12
Part2/outputs/answers_player2_T1.5.csv,answers_player2_T1.5,Q051,Z,Animals,13,zorse,zorse,1,0,1,Q051::13
Part2/outputs/answers_player2_T1.5.csv,answers_player2_T1.5,Q051,Z,Animals,14,zebra,zebra,1,1,0,Q051::14
Part2/outputs/answers_player2_T1.5.csv,answers_player2_T1.5,Q051,Z,Animals,15,zebra,zebra,1,0,1,Q051::15
Part2/outputs/answers_player2_T1.5.csv,answers_player2_T1.5,Q051,Z,Animals,16,zebra,zebra,1,1,0,Q051::16
Part2/outputs/answers_player2_T1.5.csv,answers_player2_T1.5,Q051,Z,Animals,17,zebra,zebra,1,1,0,Q051::17
Part2/outputs/answers_player2_T1.5.csv,answers_player2_T1.5,Q051,Z,Animals,18,zebra,zebra,1,1,0,Q051::18
Part2/outputs/answers_player2_T1.5.csv,answers_player2_T1.5,Q051,Z,Animals,19,zebra,zebra,1,1,0,Q051::19
Part2/outputs/answers_player2_T1.5.csv,answers_player2_T1.5,Q052,Z,Things in a zoo,0,zebra,zebra,1,1,0,Q052::0
Part2/outputs/answers_player2_T1.5.csv,answers_player2_T1.5,Q052,Z,Things in a zoo,1,zebra,zebra,1,1,0,Q052::1
Part2/outputs/answers_player2_T1.5.csv,answers_player2_T1.5,Q052,Z,Things in a zoo,2,zebra,zebra,1,0,1,Q052::2
Part2/outputs/answers_player2_T1.5.csv,answers_player2_T1.5,Q052,Z,Things in a zoo,3,zebra,zebra,1,1,0,Q052::3
Part2/outputs/answers_player2_T1.5.csv,answers_player2_T1.5,Q052,Z,Things in a zoo,4,zebra,zebra,1,0,1,Q052::4
Part2/outputs/answers_player2_T1.5.csv,answers_player2_T1.5,Q052,Z,Things in a zoo,5,zebra,zebra,1,1,0,Q052::5
Part2/outputs/answers_player2_T1.5.csv,answers_player2_T1.5,Q052,Z,Things in a zoo,6,zebra,zebra,1,1,0,Q052::6
Part2/outputs/answers_player2_T1.5.csv,answers_player2_T1.5,Q052,Z,Things in a zoo,7,zebra,zebra,1,1,0,Q052::7
Part2/outputs/answers_player2_T1.5.csv,answers_player2_T1.5,Q052,Z,Things in a zoo,8,zebra,zebra,1,0,1,Q052::8
Part2/outputs/answers_player2_T1.5.csv,answers_player2_T1.5,Q052,Z,Things in a zoo,9,zookeeper,zookeeper,1,0,1,Q052::9
Part2/outputs/answers_player2_T1.5.csv,answers_player2_T1.5,Q052,Z,Things in a zoo,10,zookeeper,zookeeper,1,0,1,Q052::10
Part2/outputs/answers_player2_T1.5.csv,answers_player2_T1.5,Q052,Z,Things in a zoo,11,zebra,zebra,1,1,0,Q052::11
Part2/outputs/answers_player2_T1.5.csv,answers_player2_T1.5,Q052,Z,Things in a zoo,12,zookeeper,zookeeper,1,0,1,Q052::12
Part2/outputs/answers_player2_T1.5.csv,answers_player2_T1.5,Q052,Z,Things in a zoo,13,zebra,zebra,1,1,0,Q052::13
Part2/outputs/answers_player2_T1.5.csv,answers_player2_T1.5,Q052,Z,Things in a zoo,14,zookeeper,zookeeper,1,0,1,Q052::14
Part2/outputs/answers_player2_T1.5.csv,answers_player2_T1.5,Q052,Z,Things in a zoo,15,zookeeper,zookeeper,1,0,1,Q052::15
Part2/outputs/answers_player2_T1.5.csv,answers_player2_T1.5,Q052,Z,Things in a zoo,16,zebra,zebra,1,0,1,Q052::16
Part2/outputs/answers_player2_T1.5.csv,answers_player2_T1.5,Q052,Z,Things in a zoo,17,zookeepers,zookeepers,0,0,0,Q052::17
Part2/outputs/answers_player2_T1.5.csv,answers_player2_T1.5,Q052,Z,Things in a zoo,18,zebra,zebra,1,0,1,Q052::18
Part2/outputs/answers_player2_T1.5.csv,answers_player2_T1.5,Q052,Z,Things in a zoo,19,zebra,zebra,1,1,0,Q052::19
Part2/outputs/answers_player2_T1.5.csv,answers_player2_T1.5,Q053,A,Things in a kitchen,0,apple,apple,0,0,0,Q053::0
Part2/outputs/answers_player2_T1.5.csv,answers_player2_T1.5,Q053,A,Things in a kitchen,1,apron,apron,1,0,1,Q053::1
Part2/outputs/answers_player2_T1.5.csv,answers_player2_T1.5,Q053,A,Things in a kitchen,2,apple,apple,0,0,0,Q053::2
Part2/outputs/answers_player2_T1.5.csv,answers_player2_T1.5,Q053,A,Things in a kitchen,3,kitchenaid,kitchenaid,0,0,0,Q053::3
Part2/outputs/answers_player2_T1.5.csv,answers_player2_T1.5,Q053,A,Things in a kitchen,4,apple,apple,0,0,0,Q053::4
Part2/outputs/answers_player2_T1.5.csv,answers_player2_T1.5,Q053,A,Things in a kitchen,5,apple,apple,0,0,0,Q053::5
Part2/outputs/answers_player2_T1.5.csv,answers_player2_T1.5,Q053,A,Things in a kitchen,6,apple,apple,0,0,0,Q053::6
Part2/outputs/answers_player2_T1.5.csv,answers_player2_T1.5,Q053,A,Things in a kitchen,7,apron,apron,1,1,0,Q053::7
Part2/outputs/answers_player2_T1.5.csv,answers_player2_T1.5,Q053,A,Things in a kitchen,8,apron,apron,1,0,1,Q053::8
Part2/outputs/answers_player2_T1.5.csv,answers_player2_T1.5,Q053,A,Things in a kitchen,9,apron,apron,1,1,0,Q053::9
Part2/outputs/answers_player2_T1.5.csv,answers_player2_T1.5,Q053,A,Things in a kitchen,10,apron,apron,1,0,1,Q053::10
Part2/outputs/answers_player2_T1.5.csv,answers_player2_T1.5,Q053,A,Things in a kitchen,11,apple,apple,0,0,0,Q053::11
Part2/outputs/answers_player2_T1.5.csv,answers_player2_T1.5,Q053,A,Things in a kitchen,12,apple,apple,0,0,0,Q053::12
Part2/outputs/answers_player2_T1.5.csv,answers_player2_T1.5,Q053,A,Things in a kitchen,13,aluminum foil,aluminum foil,1,0,1,Q053::13
Part2/outputs/answers_player2_T1.5.csv,answers_player2_T1.5,Q053,A,Things in a kitchen,14,aluminum foil,aluminum foil,1,0,1,Q053::14
Part2/outputs/answers_player2_T1.5.csv,answers_player2_T1.5,Q053,A,Things in a kitchen,15,apron,apron,1,0,1,Q053::15
Part2/outputs/answers_player2_T1.5.csv,answers_player2_T1.5,Q053,A,Things in a kitchen,16,apple,apple,0,0,0,Q053::16
Part2/outputs/answers_player2_T1.5.csv,answers_player2_T1.5,Q053,A,Things in a kitchen,17,apple,apple,0,0,0,Q053::17
Part2/outputs/answers_player2_T1.5.csv,answers_player2_T1.5,Q053,A,Things in a kitchen,18,kettle,kettle,1,0,1,Q053::18
Part2/outputs/answers_player2_T1.5.csv,answers_player2_T1.5,Q053,A,Things in a kitchen,19,apron,apron,1,0,1,Q053::19
Part2/outputs/answers_player2_T1.5.csv,answers_player2_T1.5,Q054,B,Singers,0,brandy歌手,brandy,1,0,1,Q054::0
Part2/outputs/answers_player2_T1.5.csv,answers_player2_T1.5,Q054,B,Singers,1,backstreet boys,backstreet boys,1,1,0,Q054::1
Part2/outputs/answers_player2_T1.5.csv,answers_player2_T1.5,Q054,B,Singers,2,bruno mars,bruno mars,1,0,1,Q054::2
Part2/outputs/answers_player2_T1.5.csv,answers_player2_T1.5,Q054,B,Singers,3,bruce springsteen,bruce springsteen,1,0,1,Q054::3
Part2/outputs/answers_player2_T1.5.csv,answers_player2_T1.5,Q054,B,Singers,4,beyoncé,beyonc,0,0,0,Q054::4
Part2/outputs/answers_player2_T1.5.csv,answers_player2_T1.5,Q054,B,Singers,5,beckᐉusion:beckenburg,beckᐉusion:beckenburg,0,0,0,Q054::5
Part2/outputs/answers_player2_T1.5.csv,answers_player2_T1.5,Q054,B,Singers,6,britney spears,britney spears,1,0,1,Q054::6
Part2/outputs/answers_player2_T1.5.csv,answers_player2_T1.5,Q054,B,Singers,7,beyoncé,beyonc,0,0,0,Q054::7
Part2/outputs/answers_player2_T1.5.csv,answers_player2_T1.5,Q054,B,Singers,8,beyoncé,beyonc,0,0,0,Q054::8
Part2/outputs/answers_player2_T1.5.csv,answers_player2_T1.5,Q054,B,Singers,9,beyoncé,beyonc,0,0,0,Q054::9
Part2/outputs/answers_player2_T1.5.csv,answers_player2_T1.5,Q054,B,Singers,10,beyonce,beyonce,1,0,1,Q054::10
Part2/outputs/answers_player2_T1.5.csv,answers_player2_T1.5,Q054,B,Singers,11,bruce springsteen,bruce springsteen,1,0,1,Q054::11
Part2/outputs/answers_player2_T1.5.csv,answers_player2_T1.5,Q054,B,Singers,12,beyoncé,beyonc,0,0,0,Q054::12
Part2/outputs/answers_player2_T1.5.csv,answers_player2_T1.5,Q054,B,Singers,13,britney spears,britney spears,1,0,1,Q054::13
Part2/outputs/answers_player2_T1.5.csv,answers_player2_T1.5,Q054,B,Singers,14,brandy sandy,brandy sandy,0,0,0,Q054::14
Part2/outputs/answers_player2_T1.5.csv,answers_player2_T1.5,Q054,B,Singers,15,bruce springsteen,bruce springsteen,1,0,1,Q054::15
Part2/outputs/answers_player2_T1.5.csv,answers_player2_T1.5,Q054,B,Singers,16,britney spears,britney spears,1,0,1,Q054::16
Part2/outputs/answers_player2_T1.5.csv,answers_player2_T1.5,Q054,B,Singers,17,beyoncé,beyonc,0,0,0,Q054::17
Part2/outputs/answers_player2_T1.5.csv,answers_player2_T1.5,Q054,B,Singers,18,bruno mars,bruno mars,1,0,1,Q054::18
Part2/outputs/answers_player2_T1.5.csv,answers_player2_T1.5,Q054,B,Singers,19,britney spears,britney spears,1,1,0,Q054::19
Part2/outputs/answers_player2_T1.5.csv,answers_player2_T1.5,Q055,C,Desserts,0,chocolate cake,chocolate cake,1,1,0,Q055::0
Part2/outputs/answers_player2_T1.5.csv,answers_player2_T1.5,Q055,C,Desserts,1,chocolate cake,chocolate cake,1,1,0,Q055::1
Part2/outputs/answers_player2_T1.5.csv,answers_player2_T1.5,Q055,C,Desserts,2,chocolate cake,chocolate cake,1,1,0,Q055::2
Part2/outputs/answers_player2_T1.5.csv,answers_player2_T1.5,Q055,C,Desserts,3,chocolate cake,chocolate cake,1,1,0,Q055::3
Part2/outputs/answers_player2_T1.5.csv,answers_player2_T1.5,Q055,C,Desserts,4,chocolate cake,chocolate cake,1,1,0,Q055::4
Part2/outputs/answers_player2_T1.5.csv,answers_player2_T1.5,Q055,C,Desserts,5,chocolate cake,chocolate cake,1,1,0,Q055::5
Part2/outputs/answers_player2_T1.5.csv,answers_player2_T1.5,Q055,C,Desserts,6,chocolate cake,chocolate cake,1,1,0,Q055::6
Part2/outputs/answers_player2_T1.5.csv,answers_player2_T1.5,Q055,C,Desserts,7,chocolate cake,chocolate cake,1,1,0,Q055::7
Part2/outputs/answers_player2_T1.5.csv,answers_player2_T1.5,Q055,C,Desserts,8,chocolate cake,chocolate cake,1,1,0,Q055::8
Part2/outputs/answers_player2_T1.5.csv,answers_player2_T1.5,Q055,C,Desserts,9,chocolate cake,chocolate cake,1,1,0,Q055::9
Part2/outputs/answers_player2_T1.5.csv,answers_player2_T1.5,Q055,C,Desserts,10,chocolate cake,chocolate cake,1,1,0,Q055::10
Part2/outputs/answers_player2_T1.5.csv,answers_player2_T1.5,Q055,C,Desserts,11,chocolate cake,chocolate cake,1,1,0,Q055::11
Part2/outputs/answers_player2_T1.5.csv,answers_player2_T1.5,Q055,C,Desserts,12,chocolate cake,chocolate cake,1,1,0,Q055::12
Part2/outputs/answers_player2_T1.5.csv,answers_player2_T1.5,Q055,C,Desserts,13,chocolate cake,chocolate cake,1,1,0,Q055::13
Part2/outputs/answers_player2_T1.5.csv,answers_player2_T1.5,Q055,C,Desserts,14,chocolate cake,chocolate cake,1,1,0,Q055::14
Part2/outputs/answers_player2_T1.5.csv,answers_player2_T1.5,Q055,C,Desserts,15,chocolate cake,chocolate cake,1,1,0,Q055::15
Part2/outputs/answers_player2_T1.5.csv,answers_player2_T1.5,Q055,C,Desserts,16,chocolate cake,chocolate cake,1,1,0,Q055::16
Part2/outputs/answers_player2_T1.5.csv,answers_player2_T1.5,Q055,C,Desserts,17,chocolate cake,chocolate cake,1,1,0,Q055::17
Part2/outputs/answers_player2_T1.5.csv,answers_player2_T1.5,Q055,C,Desserts,18,chocolate cake,chocolate cake,1,1,0,Q055::18
Part2/outputs/answers_player2_T1.5.csv,answers_player2_T1.5,Q055,C,Desserts,19,chocolate cake,chocolate cake,1,1,0,Q055::19
Part2/outputs/answers_player2_T1.5.csv,answers_player2_T1.5,Q056,D,Plants,0,dandelion,dandelion,1,0,1,Q056::0
Part2/outputs/answers_player2_T1.5.csv,answers_player2_T1.5,Q056,D,Plants,1,dandelion,dandelion,1,0,1,Q056::1
Part2/outputs/answers_player2_T1.5.csv,answers_player2_T1.5,Q056,D,Plants,2,dandelion,dandelion,1,0,1,Q056::2
Part2/outputs/answers_player2_T1.5.csv,answers_player2_T1.5,Q056,D,Plants,3,daisy,daisy,1,1,0,Q056::3
Part2/outputs/answers_player2_T1.5.csv,answers_player2_T1.5,Q056,D,Plants,4,daisy,daisy,1,1,0,Q056::4
Part2/outputs/answers_player2_T1.5.csv,answers_player2_T1.5,Q056,D,Plants,5,daisy,daisy,1,1,0,Q056::5
Part2/outputs/answers_player2_T1.5.csv,answers_player2_T1.5,Q056,D,Plants,6,daisy,daisy,1,1,0,Q056::6
Part2/outputs/answers_player2_T1.5.csv,answers_player2_T1.5,Q056,D,Plants,7,daisy,daisy,1,0,1,Q056::7
Part2/outputs/answers_player2_T1.5.csv,answers_player2_T1.5,Q056,D,Plants,8,daisy,daisy,1,1,0,Q056::8
Part2/outputs/answers_player2_T1.5.csv,answers_player2_T1.5,Q056,D,Plants,9,daisy,daisy,1,1,0,Q056::9
Part2/outputs/answers_player2_T1.5.csv,answers_player2_T1.5,Q056,D,Plants,10,daisy,daisy,1,1,0,Q056::10
Part2/outputs/answers_player2_T1.5.csv,answers_player2_T1.5,Q056,D,Plants,11,daisy,daisy,1,1,0,Q056::11
Part2/outputs/answers_player2_T1.5.csv,answers_player2_T1.5,Q056,D,Plants,12,daisy,daisy,1,1,0,Q056::12
Part2/outputs/answers_player2_T1.5.csv,answers_player2_T1.5,Q056,D,Plants,13,dandelion,dandelion,1,0,1,Q056::13
Part2/outputs/answers_player2_T1.5.csv,answers_player2_T1.5,Q056,D,Plants,14,dandelion,dandelion,1,1,0,Q056::14
Part2/outputs/answers_player2_T1.5.csv,answers_player2_T1.5,Q056,D,Plants,15,daisy,daisy,1,1,0,Q056::15
Part2/outputs/answers_player2_T1.5.csv,answers_player2_T1.5,Q056,D,Plants,16,dandelion,dandelion,1,1,0,Q056::16
Part2/outputs/answers_player2_T1.5.csv,answers_player2_T1.5,Q056,D,Plants,17,dandelion,dandelion,1,0,1,Q056::17
Part2/outputs/answers_player2_T1.5.csv,answers_player2_T1.5,Q056,D,Plants,18,daisy,daisy,1,1,0,Q056::18
Part2/outputs/answers_player2_T1.5.csv,answers_player2_T1.5,Q056,D,Plants,19,dandelion,dandelion,1,0,1,Q056::19
Part2/outputs/answers_player2_T1.5.csv,answers_player2_T1.5,Q057,E,Companies,0,ebay,ebay,1,0,1,Q057::0
Part2/outputs/answers_player2_T1.5.csv,answers_player2_T1.5,Q057,E,Companies,1,apple,apple,0,0,0,Q057::1
Part2/outputs/answers_player2_T1.5.csv,answers_player2_T1.5,Q057,E,Companies,2,e bay,e bay,1,0,1,Q057::2
Part2/outputs/answers_player2_T1.5.csv,answers_player2_T1.5,Q057,E,Companies,3,eBay,ebay,1,1,0,Q057::3
Part2/outputs/answers_player2_T1.5.csv,answers_player2_T1.5,Q057,E,Companies,4,eastman kobold,eastman kobold,0,0,0,Q057::4
Part2/outputs/answers_player2_T1.5.csv,answers_player2_T1.5,Q057,E,Companies,5,exxon mobil,exxon mobil,1,0,1,Q057::5
Part2/outputs/answers_player2_T1.5.csv,answers_player2_T1.5,Q057,E,Companies,6,e commerce,e commerce,0,0,0,Q057::6
Part2/outputs/answers_player2_T1.5.csv,answers_player2_T1.5,Q057,E,Companies,7,e-bay,e-bay,1,0,1,Q057::7
Part2/outputs/answers_player2_T1.5.csv,answers_player2_T1.5,Q057,E,Companies,8,e commerce,e commerce,0,0,0,Q057::8
Part2/outputs/answers_player2_T1.5.csv,answers_player2_T1.5,Q057,E,Companies,9,eatalot,eatalot,0,0,0,Q057::9
Part2/outputs/answers_player2_T1.5.csv,answers_player2_T1.5,Q057,E,Companies,10,ebay,ebay,1,0,1,Q057::10
Part2/outputs/answers_player2_T1.5.csv,answers_player2_T1.5,Q057,E,Companies,11,ebay,ebay,1,0,1,Q057::11
Part2/outputs/answers_player2_T1.5.csv,answers_player2_T1.5,Q057,E,Companies,12,ebay,ebay,1,0,1,Q057::12
Part2/outputs/answers_player2_T1.5.csv,answers_player2_T1.5,Q057,E,Companies,13,eastman kodak,eastman kodak,0,0,0,Q057::13
Part2/outputs/answers_player2_T1.5.csv,answers_player2_T1.5,Q057,E,Companies,14,eaton corporation,eaton corporation,1,0,1,Q057::14
Part2/outputs/answers_player2_T1.5.csv,answers_player2_T1.5,Q057,E,Companies,15,ebay,ebay,1,1,0,Q057::15
Part2/outputs/answers_player2_T1.5.csv,answers_player2_T1.5,Q057,E,Companies,16,ebay,ebay,1,0,1,Q057::16
Part2/outputs/answers_player2_T1.5.csv,answers_player2_T1.5,Q057,E,Companies,17,ebay,ebay,1,0,1,Q057::17
Part2/outputs/answers_player2_T1.5.csv,answers_player2_T1.5,Q057,E,Companies,18,e-bay,e-bay,1,0,1,Q057::18
Part2/outputs/answers_player2_T1.5.csv,answers_player2_T1.5,Q057,E,Companies,19,apple,apple,0,0,0,Q057::19
Part2/outputs/answers_player2_T1.5.csv,answers_player2_T1.5,Q058,F,Movie characters,0,frankenstein,frankenstein,0,0,0,Q058::0
Part2/outputs/answers_player2_T1.5.csv,answers_player2_T1.5,Q058,F,Movie characters,1,fargo,fargo,0,0,0,Q058::1
Part2/outputs/answers_player2_T1.5.csv,answers_player2_T1.5,Q058,F,Movie characters,2,fred flintstone,fred flintstone,1,0,1,Q058::2
Part2/outputs/answers_player2_T1.5.csv,answers_player2_T1.5,Q058,F,Movie characters,3,fred flintstone,fred flintstone,1,1,0,Q058::3
Part2/outputs/answers_player2_T1.5.csv,answers_player2_T1.5,Q058,F,Movie characters,4,fred flintstone,fred flintstone,1,1,0,Q058::4
Part2/outputs/answers_player2_T1.5.csv,answers_player2_T1.5,Q058,F,Movie characters,5,forrest gump,forrest gump,1,0,1,Q058::5
Part2/outputs/answers_player2_T1.5.csv,answers_player2_T1.5,Q058,F,Movie characters,6,frankenstein,frankenstein,0,0,0,Q058::6
Part2/outputs/answers_player2_T1.5.csv,answers_player2_T1.5,Q058,F,Movie characters,7,fargo<main角色>,fargo<main,0,0,0,Q058::7
Part2/outputs/answers_player2_T1.5.csv,answers_player2_T1.5,Q058,F,Movie characters,8,fred flintstone,fred flintstone,1,0,1,Q058::8
Part2/outputs/answers_player2_T1.5.csv,answers_player2_T1.5,Q058,F,Movie characters,9,friday night lights,friday night lights,0,0,0,Q058::9
Part2/outputs/answers_player2_T1.5.csv,answers_player2_T1.5,Q058,F,Movie characters,10,frankenstein,frankenstein,0,0,0,Q058::10
Part2/outputs/answers_player2_T1.5.csv,answers_player2_T1.5,Q058,F,Movie characters,11,fred flakes,fred flakes,0,0,0,Q058::11
Part2/outputs/answers_player2_T1.5.csv,answers_player2_T1.5,Q058,F,Movie characters,12,friday,friday,0,0,0,Q058::12
Part2/outputs/answers_player2_T1.5.csv,answers_player2_T1.5,Q058,F,Movie characters,13,freddy fibrille,freddy fibrille,0,0,0,Q058::13
Part2/outputs/answers_player2_T1.5.csv,answers_player2_T1.5,Q058,F,Movie characters,14,fred flintstone,fred flintstone,1,0,1,Q058::14
Part2/outputs/answers_player2_T1.5.csv,answers_player2_T1.5,Q058,F,Movie characters,15,forrest gump,forrest gump,1,0,1,Q058::15
Part2/outputs/answers_player2_T1.5.csv,answers_player2_T1.5,Q058,F,Movie characters,16,fargo<main角色>,fargo<main,0,0,0,Q058::16
Part2/outputs/answers_player2_T1.5.csv,answers_player2_T1.5,Q058,F,Movie characters,17,fred flintstone,fred flintstone,1,0,1,Q058::17
Part2/outputs/answers_player2_T1.5.csv,answers_player2_T1.5,Q058,F,Movie characters,18,forrest gump,forrest gump,1,0,1,Q058::18
Part2/outputs/answers_player2_T1.5.csv,answers_player2_T1.5,Q058,F,Movie characters,19,freddie krueger,freddie krueger,1,0,1,Q058::19
Part2/outputs/answers_player2_T1.5.csv,answers_player2_T1.5,Q059,G,Things in a toolbox,0,hammer,hammer,1,1,0,Q059::0
Part2/outputs/answers_player2_T1.5.csv,answers_player2_T1.5,Q059,G,Things in a toolbox,1,hammer,hammer,1,1,0,Q059::1
Part2/outputs/answers_player2_T1.5.csv,answers_player2_T1.5,Q059,G,Things in a toolbox,2,hammer,hammer,1,1,0,Q059::2
Part2/outputs/answers_player2_T1.5.csv,answers_player2_T1.5,Q059,G,Things in a toolbox,3,hammer,hammer,1,1,0,Q059::3
Part2/outputs/answers_player2_T1.5.csv,answers_player2_T1.5,Q059,G,Things in a toolbox,4,hammer gun,hammer gun,0,0,0,Q059::4
Part2/outputs/answers_player2_T1.5.csv,answers_player2_T1.5,Q059,G,Things in a toolbox,5,hammer,hammer,1,1,0,Q059::5
Part2/outputs/answers_player2_T1.5.csv,answers_player2_T1.5,Q059,G,Things in a toolbox,6,hammer,hammer,1,1,0,Q059::6
Part2/outputs/answers_player2_T1.5.csv,answers_player2_T1.5,Q059,G,Things in a toolbox,7,hammer,hammer,1,1,0,Q059::7
Part2/outputs/answers_player2_T1.5.csv,answers_player2_T1.5,Q059,G,Things in a toolbox,8,hammer gunnuts,hammer gunnuts,0,0,0,Q059::8
Part2/outputs/answers_player2_T1.5.csv,answers_player2_T1.5,Q059,G,Things in a toolbox,9,hammer,hammer,1,1,0,Q059::9
Part2/outputs/answers_player2_T1.5.csv,answers_player2_T1.5,Q059,G,Things in a toolbox,10,hammer gun,hammer gun,0,0,0,Q059::10
Part2/outputs/answers_player2_T1.5.csv,answers_player2_T1.5,Q059,G,Things in a toolbox,11,hammer gun,hammer gun,0,0,0,Q059::11
Part2/outputs/answers_player2_T1.5.csv,answers_player2_T1.5,Q059,G,Things in a toolbox,12,hammer,hammer,1,1,0,Q059::12
Part2/outputs/answers_player2_T1.5.csv,answers_player2_T1.5,Q059,G,Things in a toolbox,13,hammer,hammer,1,1,0,Q059::13
Part2/outputs/answers_player2_T1.5.csv,answers_player2_T1.5,Q059,G,Things in a toolbox,14,hammer,hammer,1,1,0,Q059::14
Part2/outputs/answers_player2_T1.5.csv,answers_player2_T1.5,Q059,G,Things in a toolbox,15,hammer,hammer,1,1,0,Q059::15
Part2/outputs/answers_player2_T1.5.csv,answers_player2_T1.5,Q059,G,Things in a toolbox,16,hammer,hammer,1,0,1,Q059::16
Part2/outputs/answers_player2_T1.5.csv,answers_player2_T1.5,Q059,G,Things in a toolbox,17,hammer gun wrench,hammer gun wrench,0,0,0,Q059::17
Part2/outputs/answers_player2_T1.5.csv,answers_player2_T1.5,Q059,G,Things in a toolbox,18,hammer,hammer,1,1,0,Q059::18
Part2/outputs/answers_player2_T1.5.csv,answers_player2_T1.5,Q059,G,Things in a toolbox,19,hammer,hammer,1,1,0,Q059::19
Part2/outputs/answers_player2_T1.5.csv,answers_player2_T1.5,Q060,H,Countries,0,honduras,honduras,1,0,1,Q060::0
Part2/outputs/answers_player2_T1.5.csv,answers_player2_T1.5,Q060,H,Countries,1,honduras,honduras,1,0,1,Q060::1
Part2/outputs/answers_player2_T1.5.csv,answers_player2_T1.5,Q060,H,Countries,2,haiti,haiti,1,0,1,Q060::2
Part2/outputs/answers_player2_T1.5.csv,answers_player2_T1.5,Q060,H,Countries,3,hong kong,hong kong,0,0,0,Q060::3
Part2/outputs/answers_player2_T1.5.csv,answers_player2_T1.5,Q060,H,Countries,4,honduras,honduras,1,0,1,Q060::4
Part2/outputs/answers_player2_T1.5.csv,answers_player2_T1.5,Q060,H,Countries,5,hong kong,hong kong,0,0,0,Q060::5
Part2/outputs/answers_player2_T1.5.csv,answers_player2_T1.5,Q060,H,Countries,6,hungary,hungary,1,0,1,Q060::6
Part2/outputs/answers_player2_T1.5.csv,answers_player2_T1.5,Q060,H,Countries,7,honduras,honduras,1,1,0,Q060::7
Part2/outputs/answers_player2_T1.5.csv,answers_player2_T1.5,Q060,H,Countries,8,hungary,hungary,1,0,1,Q060::8
Part2/outputs/answers_player2_T1.5.csv,answers_player2_T1.5,Q060,H,Countries,9,hungary,hungary,1,1,0,Q060::9
Part2/outputs/answers_player2_T1.5.csv,answers_player2_T1.5,Q060,H,Countries,10,haiti,haiti,1,1,0,Q060::10
Part2/outputs/answers_player2_T1.5.csv,answers_player2_T1.5,Q060,H,Countries,11,hong kong,hong kong,0,0,0,Q060::11
Part2/outputs/answers_player2_T1.5.csv,answers_player2_T1.5,Q060,H,Countries,12,hungary,hungary,1,0,1,Q060::12
Part2/outputs/answers_player2_T1.5.csv,answers_player2_T1.5,Q060,H,Countries,13,honduras,honduras,1,1,0,Q060::13
Part2/outputs/answers_player2_T1.5.csv,answers_player2_T1.5,Q060,H,Countries,14,hong kong,hong kong,0,0,0,Q060::14
Part2/outputs/answers_player2_T1.5.csv,answers_player2_T1.5,Q060,H,Countries,15,hong kong,hong kong,0,0,0,Q060::15
Part2/outputs/answers_player2_T1.5.csv,answers_player2_T1.5,Q060,H,Countries,16,honduras,honduras,1,1,0,Q060::16
Part2/outputs/answers_player2_T1.5.csv,answers_player2_T1.5,Q060,H,Countries,17,hong kong,hong kong,0,0,0,Q060::17
Part2/outputs/answers_player2_T1.5.csv,answers_player2_T1.5,Q060,H,Countries,18,honduras,honduras,1,0,1,Q060::18
Part2/outputs/answers_player2_T1.5.csv,answers_player2_T1.5,Q060,H,Countries,19,hungary,hungary,1,0,1,Q060::19
Part2/outputs/answers_player2_T1.5.csv,answers_player2_T1.5,Q061,I,Musical artists,0,ironic insects ivorybill,ironic insects ivorybill,0,0,0,Q061::0
Part2/outputs/answers_player2_T1.5.csv,answers_player2_T1.5,Q061,I,Musical artists,1,ironic isolet,ironic isolet,0,0,0,Q061::1
Part2/outputs/answers_player2_T1.5.csv,answers_player2_T1.5,Q061,I,Musical artists,2,ilovemetallica,ilovemetallica,0,0,0,Q061::2
Part2/outputs/answers_player2_T1.5.csv,answers_player2_T1.5,Q061,I,Musical artists,3,ironic iqaluit ibeyemi ikue akita iggy_pop ik,ironic iqaluit ibeyemi ikue akita iggy_pop ik,0,0,0,Q061::3
Part2/outputs/answers_player2_T1.5.csv,answers_player2_T1.5,Q061,I,Musical artists,4,ices九妹,ices,0,0,0,Q061::4
Part2/outputs/answers_player2_T1.5.csv,answers_player2_T1.5,Q061,I,Musical artists,5,iron maiden,iron maiden,1,0,1,Q061::5
Part2/outputs/answers_player2_T1.5.csv,answers_player2_T1.5,Q061,I,Musical artists,6,ironic iqaluit indie iggy,ironic iqaluit indie iggy,0,0,0,Q061::6
Part2/outputs/answers_player2_T1.5.csv,answers_player2_T1.5,Q061,I,Musical artists,7,ina gonzales,ina gonzales,0,0,0,Q061::7
Part2/outputs/answers_player2_T1.5.csv,answers_player2_T1.5,Q061,I,Musical artists,8,irene croft,irene croft,0,0,0,Q061::8
Part2/outputs/answers_player2_T1.5.csv,answers_player2_T1.5,Q061,I,Musical artists,9,ironic isolettes,ironic isolettes,0,0,0,Q061::9
Part2/outputs/answers_player2_T1.5.csv,answers_player2_T1.5,Q061,I,Musical artists,10,iron maiden,iron maiden,1,0,1,Q061::10
Part2/outputs/answers_player2_T1.5.csv,answers_player2_T1.5,Q061,I,Musical artists,11,ironic alice cooper,ironic alice cooper,0,0,0,Q061::11
Part2/outputs/answers_player2_T1.5.csv,answers_player2_T1.5,Q061,I,Musical artists,12,ilsa lovsie,ilsa lovsie,0,0,0,Q061::12
Part2/outputs/answers_player2_T1.5.csv,answers_player2_T1.5,Q061,I,Musical artists,13,ironic islandboys,ironic islandboys,0,0,0,Q061::13
Part2/outputs/answers_player2_T1.5.csv,answers_player2_T1.5,Q061,I,Musical artists,14,italiano jazz band,italiano jazz band,0,0,0,Q061::14
Part2/outputs/answers_player2_T1.5.csv,answers_player2_T1.5,Q061,I,Musical artists,15,iron maiden,iron maiden,1,0,1,Q061::15
Part2/outputs/answers_player2_T1.5.csv,answers_player2_T1.5,Q061,I,Musical artists,16,iron maiden,iron maiden,1,0,1,Q061::16
Part2/outputs/answers_player2_T1.5.csv,answers_player2_T1.5,Q061,I,Musical artists,17,igor stravinsky,igor stravinsky,0,0,0,Q061::17
Part2/outputs/answers_player2_T1.5.csv,answers_player2_T1.5,Q061,I,Musical artists,18,ironic izzy,ironic izzy,0,0,0,Q061::18
Part2/outputs/answers_player2_T1.5.csv,answers_player2_T1.5,Q061,I,Musical artists,19,ina人寿声明：此回答与真人真实世界无关。_iterations_iterator_in,ina人寿声明：此回答与真人真实世界无关。_iterations_iterator_in,0,0,0,Q061::19
Part2/outputs/answers_player2_T1.5.csv,answers_player2_T1.5,Q062,J,Things in a refrigerator,0,jam,jam,1,0,1,Q062::0
Part2/outputs/answers_player2_T1.5.csv,answers_player2_T1.5,Q062,J,Things in a refrigerator,1,jam,jam,1,0,1,Q062::1
Part2/outputs/answers_player2_T1.5.csv,answers_player2_T1.5,Q062,J,Things in a refrigerator,2,juice,juice,1,1,0,Q062::2
Part2/outputs/answers_player2_T1.5.csv,answers_player2_T1.5,Q062,J,Things in a refrigerator,3,jam jars,jam jars,1,0,1,Q062::3
Part2/outputs/answers_player2_T1.5.csv,answers_player2_T1.5,Q062,J,Things in a refrigerator,4,jam jars,jam jars,1,0,1,Q062::4
Part2/outputs/answers_player2_T1.5.csv,answers_player2_T1.5,Q062,J,Things in a refrigerator,5,juice,juice,1,1,0,Q062::5
Part2/outputs/answers_player2_T1.5.csv,answers_player2_T1.5,Q062,J,Things in a refrigerator,6,juice,juice,1,1,0,Q062::6
Part2/outputs/answers_player2_T1.5.csv,answers_player2_T1.5,Q062,J,Things in a refrigerator,7,juice,juice,1,0,1,Q062::7
Part2/outputs/answers_player2_T1.5.csv,answers_player2_T1.5,Q062,J,Things in a refrigerator,8,jam,jam,1,0,1,Q062::8
Part2/outputs/answers_player2_T1.5.csv,answers_player2_T1.5,Q062,J,Things in a refrigerator,9,juice,juice,1,1,0,Q062::9
Part2/outputs/answers_player2_T1.5.csv,answers_player2_T1.5,Q062,J,Things in a refrigerator,10,juice,juice,1,1,0,Q062::10
Part2/outputs/answers_player2_T1.5.csv,answers_player2_T1.5,Q062,J,Things in a refrigerator,11,jam,jam,1,0,1,Q062::11
Part2/outputs/answers_player2_T1.5.csv,answers_player2_T1.5,Q062,J,Things in a refrigerator,12,juice,juice,1,0,1,Q062::12
Part2/outputs/answers_player2_T1.5.csv,answers_player2_T1.5,Q062,J,Things in a refrigerator,13,juice,juice,1,1,0,Q062::13
Part2/outputs/answers_player2_T1.5.csv,answers_player2_T1.5,Q062,J,Things in a refrigerator,14,jam,jam,1,0,1,Q062::14
Part2/outputs/answers_player2_T1.5.csv,answers_player2_T1.5,Q062,J,Things in a refrigerator,15,juice,juice,1,1,0,Q062::15
Part2/outputs/answers_player2_T1.5.csv,answers_player2_T1.5,Q062,J,Things in a refrigerator,16,juice,juice,1,1,0,Q062::16
Part2/outputs/answers_player2_T1.5.csv,answers_player2_T1.5,Q062,J,Things in a refrigerator,17,juice,juice,1,1,0,Q062::17
Part2/outputs/answers_player2_T1.5.csv,answers_player2_T1.5,Q062,J,Things in a refrigerator,18,juice,juice,1,0,1,Q062::18
Part2/outputs/answers_player2_T1.5.csv,answers_player2_T1.5,Q062,J,Things in a refrigerator,19,juice,juice,1,1,0,Q062::19
Part2/outputs/answers_player2_T1.5.csv,answers_player2_T1.5,Q063,K,Cities,0,kentucky louisville,kentucky louisville,0,0,0,Q063::0
Part2/outputs/answers_player2_T1.5.csv,answers_player2_T1.5,Q063,K,Cities,1,kirovograd,kirovograd,1,0,1,Q063::1
Part2/outputs/answers_player2_T1.5.csv,answers_player2_T1.5,Q063,K,Cities,2,knoxville,knoxville,1,0,1,Q063::2
Part2/outputs/answers_player2_T1.5.csv,answers_player2_T1.5,Q063,K,Cities,3,kiel,kiel,1,0,1,Q063::3
Part2/outputs/answers_player2_T1.5.csv,answers_player2_T1.5,Q063,K,Cities,4,knoxville,knoxville,1,0,1,Q063::4
Part2/outputs/answers_player2_T1.5.csv,answers_player2_T1.5,Q063,K,Cities,5,kingston,kingston,1,0,1,Q063::5
Part2/outputs/answers_player2_T1.5.csv,answers_player2_T1.5,Q063,K,Cities,6,kuala lumpur,kuala lumpur,1,0,1,Q063::6
Part2/outputs/answers_player2_T1.5.csv,answers_player2_T1.5,Q063,K,Cities,7,kingston,kingston,1,0,1,Q063::7
Part2/outputs/answers_player2_T1.5.csv,answers_player2_T1.5,Q063,K,Cities,8,kingston,kingston,1,0,1,Q063::8
Part2/outputs/answers_player2_T1.5.csv,answers_player2_T1.5,Q063,K,Cities,9,kiel,kiel,1,0,1,Q063::9
Part2/outputs/answers_player2_T1.5.csv,answers_player2_T1.5,Q063,K,Cities,10,kansas city,kansas city,1,0,1,Q063::10
Part2/outputs/answers_player2_T1.5.csv,answers_player2_T1.5,Q063,K,Cities,11,kingston,kingston,1,1,0,Q063::11
Part2/outputs/answers_player2_T1.5.csv,answers_player2_T1.5,Q063,K,Cities,12,kansas city,kansas city,1,0,1,Q063::12
Part2/outputs/answers_player2_T1.5.csv,answers_player2_T1.5,Q063,K,Cities,13,kansas city,kansas city,1,0,1,Q063::13
Part2/outputs/answers_player2_T1.5.csv,answers_player2_T1.5,Q063,K,Cities,14,kuala lumpur,kuala lumpur,1,0,1,Q063::14
Part2/outputs/answers_player2_T1.5.csv,answers_player2_T1.5,Q063,K,Cities,15,kirov,kirov,1,0,1,Q063::15
Part2/outputs/answers_player2_T1.5.csv,answers_player2_T1.5,Q063,K,Cities,16,kiambu,kiambu,1,0,1,Q063::16
Part2/outputs/answers_player2_T1.5.csv,answers_player2_T1.5,Q063,K,Cities,17,kingston,kingston,1,0,1,Q063::17
Part2/outputs/answers_player2_T1.5.csv,answers_player2_T1.5,Q063,K,Cities,18,kielingen,kielingen,0,0,0,Q063::18
Part2/outputs/answers_player2_T1.5.csv,answers_player2_T1.5,Q063,K,Cities,19,kihei,kihei,1,0,1,Q063::19
Part2/outputs/answers_player2_T1.5.csv,answers_player2_T1.5,Q064,L,Things in a library,0,library card,library card,0,0,0,Q064::0
Part2/outputs/answers_player2_T1.5.csv,answers_player2_T1.5,Q064,L,Things in a library,1,library card,library card,0,0,0,Q064::1
Part2/outputs/answers_player2_T1.5.csv,answers_player2_T1.5,Q064,L,Things in a library,2,library table,library table,0,0,0,Q064::2
Part2/outputs/answers_player2_T1.5.csv,answers_player2_T1.5,Q064,L,Things in a library,3,library table,library table,0,0,0,Q064::3
Part2/outputs/answers_player2_T1.5.csv,answers_player2_T1.5,Q064,L,Things in a library,4,library,library,0,0,0,Q064::4
Part2/outputs/answers_player2_T1.5.csv,answers_player2_T1.5,Q064,L,Things in a library,5,library,library,0,0,0,Q064::5
Part2/outputs/answers_player2_T1.5.csv,answers_player2_T1.5,Q064,L,Things in a library,6,library card,library card,0,0,0,Q064::6
Part2/outputs/answers_player2_T1.5.csv,answers_player2_T1.5,Q064,L,Things in a library,7,library card,library card,0,0,0,Q064::7
Part2/outputs/answers_player2_T1.5.csv,answers_player2_T1.5,Q064,L,Things in a library,8,library card,library card,0,0,0,Q064::8
Part2/outputs/answers_player2_T1.5.csv,answers_player2_T1.5,Q064,L,Things in a library,9,library card,library card,0,0,0,Q064::9
Part2/outputs/answers_player2_T1.5.csv,answers_player2_T1.5,Q064,L,Things in a library,10,library,library,0,0,0,Q064::10
Part2/outputs/answers_player2_T1.5.csv,answers_player2_T1.5,Q064,L,Things in a library,11,library card,library card,0,0,0,Q064::11
Part2/outputs/answers_player2_T1.5.csv,answers_player2_T1.5,Q064,L,Things in a library,12,library card,library card,0,0,0,Q064::12
Part2/outputs/answers_player2_T1.5.csv,answers_player2_T1.5,Q064,L,Things in a library,13,library card,library card,0,0,0,Q064::13
Part2/outputs/answers_player2_T1.5.csv,answers_player2_T1.5,Q064,L,Things in a library,14,library table,library table,0,0,0,Q064::14
Part2/outputs/answers_player2_T1.5.csv,answers_player2_T1.5,Q064,L,Things in a library,15,library,library,0,0,0,Q064::15
Part2/outputs/answers_player2_T1.5.csv,answers_player2_T1.5,Q064,L,Things in a library,16,library,library,0,0,0,Q064::16
Part2/outputs/answers_player2_T1.5.csv,answers_player2_T1.5,Q064,L,Things in a library,17,library,library,0,0,0,Q064::17
Part2/outputs/answers_player2_T1.5.csv,answers_player2_T1.5,Q064,L,Things in a library,18,library card,library card,0,0,0,Q064::18
Part2/outputs/answers_player2_T1.5.csv,answers_player2_T1.5,Q064,L,Things in a library,19,library,library,0,0,0,Q064::19
