question_id,letter,category,round_idx,answer,model,player_id,temperature,top_k,prompt_id
Q001,A,Animals,0,antelope,mistral:7b,mistral_7b,1.5,40,crossmodel_mistral_T1.5_p1
Q001,A,Animals,1,antelope,mistral:7b,mistral_7b,1.5,40,crossmodel_mistral_T1.5_p1
Q001,A,Animals,2,antelope,mistral:7b,mistral_7b,1.5,40,crossmodel_mistral_T1.5_p1
Q001,A,Animals,3,albatross,mistral:7b,mistral_7b,1.5,40,crossmodel_mistral_T1.5_p1
Q001,A,Animals,4,aardvark,mistral:7b,mistral_7b,1.5,40,crossmodel_mistral_T1.5_p1
Q001,A,Animals,5,albatross,mistral:7b,mistral_7b,1.5,40,crossmodel_mistral_T1.5_p1
Q001,A,Animals,6,antelope,mistral:7b,mistral_7b,1.5,40,crossmodel_mistral_T1.5_p1
Q001,A,Animals,7,anteater,mistral:7b,mistral_7b,1.5,40,crossmodel_mistral_T1.5_p1
Q001,A,Animals,8,anteater,mistral:7b,mistral_7b,1.5,40,crossmodel_mistral_T1.5_p1
Q001,A,Animals,9,anteater,mistral:7b,mistral_7b,1.5,40,crossmodel_mistral_T1.5_p1
Q001,A,Animals,10,antelope,mistral:7b,mistral_7b,1.5,40,crossmodel_mistral_T1.5_p1
Q001,A,Animals,11,aardvark,mistral:7b,mistral_7b,1.5,40,crossmodel_mistral_T1.5_p1
Q001,A,Animals,12,armadillo,mistral:7b,mistral_7b,1.5,40,crossmodel_mistral_T1.5_p1
Q001,A,Animals,13,american alligator,mistral:7b,mistral_7b,1.5,40,crossmodel_mistral_T1.5_p1
Q001,A,Animals,14,antelope,mistral:7b,mistral_7b,1.5,40,crossmodel_mistral_T1.5_p1
Q001,A,Animals,15,albatross,mistral:7b,mistral_7b,1.5,40,crossmodel_mistral_T1.5_p1
Q001,A,Animals,16,armadillo,mistral:7b,mistral_7b,1.5,40,crossmodel_mistral_T1.5_p1
Q001,A,Animals,17,applebat,mistral:7b,mistral_7b,1.5,40,crossmodel_mistral_T1.5_p1
Q001,A,Animals,18,aardvark,mistral:7b,mistral_7b,1.5,40,crossmodel_mistral_T1.5_p1
Q001,A,Animals,19,american alligator,mistral:7b,mistral_7b,1.5,40,crossmodel_mistral_T1.5_p1
Q002,A,Jobs,0,architect assistant,mistral:7b,mistral_7b,1.5,40,crossmodel_mistral_T1.5_p1
Q002,A,Jobs,1,actor,mistral:7b,mistral_7b,1.5,40,crossmodel_mistral_T1.5_p1
Q002,A,Jobs,2,airline-attendant,mistral:7b,mistral_7b,1.5,40,crossmodel_mistral_T1.5_p1
Q002,A,Jobs,3,"actor
assistant
architect
artist
animator
arche",mistral:7b,mistral_7b,1.5,40,crossmodel_mistral_T1.5_p1
Q002,A,Jobs,4,apricot farmer,mistral:7b,mistral_7b,1.5,40,crossmodel_mistral_T1.5_p1
Q002,A,Jobs,5,animal caretaker,mistral:7b,mistral_7b,1.5,40,crossmodel_mistral_T1.5_p1
Q002,A,Jobs,6,agricultural assistant,mistral:7b,mistral_7b,1.5,40,crossmodel_mistral_T1.5_p1
Q002,A,Jobs,7,airline-pilot,mistral:7b,mistral_7b,1.5,40,crossmodel_mistral_T1.5_p1
Q002,A,Jobs,8,aircraft assembler,mistral:7b,mistral_7b,1.5,40,crossmodel_mistral_T1.5_p1
Q002,A,Jobs,9,"actor, architect, artist, astronaut, athlete",mistral:7b,mistral_7b,1.5,40,crossmodel_mistral_T1.5_p1
Q002,A,Jobs,10,architect assistant,mistral:7b,mistral_7b,1.5,40,crossmodel_mistral_T1.5_p1
Q002,A,Jobs,11,architect assistant,mistral:7b,mistral_7b,1.5,40,crossmodel_mistral_T1.5_p1
Q002,A,Jobs,12,aircraft assembly worker,mistral:7b,mistral_7b,1.5,40,crossmodel_mistral_T1.5_p1
Q002,A,Jobs,13,actor,mistral:7b,mistral_7b,1.5,40,crossmodel_mistral_T1.5_p1
Q002,A,Jobs,14,architect assistant,mistral:7b,mistral_7b,1.5,40,crossmodel_mistral_T1.5_p1
Q002,A,Jobs,15,architect assistant,mistral:7b,mistral_7b,1.5,40,crossmodel_mistral_T1.5_p1
Q002,A,Jobs,16,animal attendant,mistral:7b,mistral_7b,1.5,40,crossmodel_mistral_T1.5_p1
Q002,A,Jobs,17,architect assistant,mistral:7b,mistral_7b,1.5,40,crossmodel_mistral_T1.5_p1
Q002,A,Jobs,18,archaeologist assistant,mistral:7b,mistral_7b,1.5,40,crossmodel_mistral_T1.5_p1
Q002,A,Jobs,19,architect assistant,mistral:7b,mistral_7b,1.5,40,crossmodel_mistral_T1.5_p1
Q003,B,Fruits,0,blueberry,mistral:7b,mistral_7b,1.5,40,crossmodel_mistral_T1.5_p1
Q003,B,Fruits,1,blueberry,mistral:7b,mistral_7b,1.5,40,crossmodel_mistral_T1.5_p1
Q003,B,Fruits,2,blueberry,mistral:7b,mistral_7b,1.5,40,crossmodel_mistral_T1.5_p1
Q003,B,Fruits,3,blueberry,mistral:7b,mistral_7b,1.5,40,crossmodel_mistral_T1.5_p1
Q003,B,Fruits,4,blueberry,mistral:7b,mistral_7b,1.5,40,crossmodel_mistral_T1.5_p1
Q003,B,Fruits,5,blueberry,mistral:7b,mistral_7b,1.5,40,crossmodel_mistral_T1.5_p1
Q003,B,Fruits,6,blueberry,mistral:7b,mistral_7b,1.5,40,crossmodel_mistral_T1.5_p1
Q003,B,Fruits,7,blueberry,mistral:7b,mistral_7b,1.5,40,crossmodel_mistral_T1.5_p1
Q003,B,Fruits,8,blueberry,mistral:7b,mistral_7b,1.5,40,crossmodel_mistral_T1.5_p1
Q003,B,Fruits,9,blueberry,mistral:7b,mistral_7b,1.5,40,crossmodel_mistral_T1.5_p1
Q003,B,Fruits,10,blueberry,mistral:7b,mistral_7b,1.5,40,crossmodel_mistral_T1.5_p1
Q003,B,Fruits,11,blueberry,mistral:7b,mistral_7b,1.5,40,crossmodel_mistral_T1.5_p1
Q003,B,Fruits,12,blueberry,mistral:7b,mistral_7b,1.5,40,crossmodel_mistral_T1.5_p1
Q003,B,Fruits,13,blueberry,mistral:7b,mistral_7b,1.5,40,crossmodel_mistral_T1.5_p1
Q003,B,Fruits,14,blueberry,mistral:7b,mistral_7b,1.5,40,crossmodel_mistral_T1.5_p1
Q003,B,Fruits,15,blueberry,mistral:7b,mistral_7b,1.5,40,crossmodel_mistral_T1.5_p1
Q003,B,Fruits,16,blueberry,mistral:7b,mistral_7b,1.5,40,crossmodel_mistral_T1.5_p1
Q003,B,Fruits,17,blueberry,mistral:7b,mistral_7b,1.5,40,crossmodel_mistral_T1.5_p1
Q003,B,Fruits,18,blueberry,mistral:7b,mistral_7b,1.5,40,crossmodel_mistral_T1.5_p1
Q003,B,Fruits,19,blueberry,mistral:7b,mistral_7b,1.5,40,crossmodel_mistral_T1.5_p1
Q004,B,Things that are red,0,bricks,mistral:7b,mistral_7b,1.5,40,crossmodel_mistral_T1.5_p1
Q004,B,Things that are red,1,brick,mistral:7b,mistral_7b,1.5,40,crossmodel_mistral_T1.5_p1
Q004,B,Things that are red,2,brick,mistral:7b,mistral_7b,1.5,40,crossmodel_mistral_T1.5_p1
Q004,B,Things that are red,3,brick,mistral:7b,mistral_7b,1.5,40,crossmodel_mistral_T1.5_p1
Q004,B,Things that are red,4,brick,mistral:7b,mistral_7b,1.5,40,crossmodel_mistral_T1.5_p1
Q004,B,Things that are red,5,brick,mistral:7b,mistral_7b,1.5,40,crossmodel_mistral_T1.5_p1
Q004,B,Things that are red,6,brick,mistral:7b,mistral_7b,1.5,40,crossmodel_mistral_T1.5_p1
Q004,B,Things that are red,7,"brick

However, I'd like to note that there are numerous",mistral:7b,mistral_7b,1.5,40,crossmodel_mistral_T1.5_p1
Q004,B,Things that are red,8,"brick

For future reference, I'm just an AI and don'",mistral:7b,mistral_7b,1.5,40,crossmodel_mistral_T1.5_p1
Q004,B,Things that are red,9,firetruck,mistral:7b,mistral_7b,1.5,40,crossmodel_mistral_T1.5_p1
Q004,B,Things that are red,10,firetruck,mistral:7b,mistral_7b,1.5,40,crossmodel_mistral_T1.5_p1
Q004,B,Things that are red,11,firetruck,mistral:7b,mistral_7b,1.5,40,crossmodel_mistral_T1.5_p1
Q004,B,Things that are red,12,brick,mistral:7b,mistral_7b,1.5,40,crossmodel_mistral_T1.5_p1
Q004,B,Things that are red,13,brick,mistral:7b,mistral_7b,1.5,40,crossmodel_mistral_T1.5_p1
Q004,B,Things that are red,14,brick,mistral:7b,mistral_7b,1.5,40,crossmodel_mistral_T1.5_p1
Q004,B,Things that are red,15,brick (house),mistral:7b,mistral_7b,1.5,40,crossmodel_mistral_T1.5_p1
Q004,B,Things that are red,16,brick,mistral:7b,mistral_7b,1.5,40,crossmodel_mistral_T1.5_p1
Q004,B,Things that are red,17,brick,mistral:7b,mistral_7b,1.5,40,crossmodel_mistral_T1.5_p1
Q004,B,Things that are red,18,brick,mistral:7b,mistral_7b,1.5,40,crossmodel_mistral_T1.5_p1
Q004,B,Things that are red,19,"brick

Note: Just to clarify, Brick is a common,",mistral:7b,mistral_7b,1.5,40,crossmodel_mistral_T1.5_p1
Q005,C,Countries,0,canada,mistral:7b,mistral_7b,1.5,40,crossmodel_mistral_T1.5_p1
Q005,C,Countries,1,canada,mistral:7b,mistral_7b,1.5,40,crossmodel_mistral_T1.5_p1
Q005,C,Countries,2,costa rica,mistral:7b,mistral_7b,1.5,40,crossmodel_mistral_T1.5_p1
Q005,C,Countries,3,canada,mistral:7b,mistral_7b,1.5,40,crossmodel_mistral_T1.5_p1
Q005,C,Countries,4,canada,mistral:7b,mistral_7b,1.5,40,crossmodel_mistral_T1.5_p1
Q005,C,Countries,5,canada,mistral:7b,mistral_7b,1.5,40,crossmodel_mistral_T1.5_p1
Q005,C,Countries,6,canada,mistral:7b,mistral_7b,1.5,40,crossmodel_mistral_T1.5_p1
Q005,C,Countries,7,canada,mistral:7b,mistral_7b,1.5,40,crossmodel_mistral_T1.5_p1
Q005,C,Countries,8,czechia,mistral:7b,mistral_7b,1.5,40,crossmodel_mistral_T1.5_p1
Q005,C,Countries,9,canada,mistral:7b,mistral_7b,1.5,40,crossmodel_mistral_T1.5_p1
Q005,C,Countries,10,canada,mistral:7b,mistral_7b,1.5,40,crossmodel_mistral_T1.5_p1
Q005,C,Countries,11,canada,mistral:7b,mistral_7b,1.5,40,crossmodel_mistral_T1.5_p1
Q005,C,Countries,12,canada,mistral:7b,mistral_7b,1.5,40,crossmodel_mistral_T1.5_p1
Q005,C,Countries,13,czechia,mistral:7b,mistral_7b,1.5,40,crossmodel_mistral_T1.5_p1
Q005,C,Countries,14,canada,mistral:7b,mistral_7b,1.5,40,crossmodel_mistral_T1.5_p1
Q005,C,Countries,15,canada,mistral:7b,mistral_7b,1.5,40,crossmodel_mistral_T1.5_p1
Q005,C,Countries,16,canada,mistral:7b,mistral_7b,1.5,40,crossmodel_mistral_T1.5_p1
Q005,C,Countries,17,canada,mistral:7b,mistral_7b,1.5,40,crossmodel_mistral_T1.5_p1
Q005,C,Countries,18,canada,mistral:7b,mistral_7b,1.5,40,crossmodel_mistral_T1.5_p1
Q005,C,Countries,19,canada,mistral:7b,mistral_7b,1.5,40,crossmodel_mistral_T1.5_p1
Q006,C,Board games,0,cleristics,mistral:7b,mistral_7b,1.5,40,crossmodel_mistral_T1.5_p1
Q006,C,Board games,1,charade-chase,mistral:7b,mistral_7b,1.5,40,crossmodel_mistral_T1.5_p1
Q006,C,Board games,2,cluedo,mistral:7b,mistral_7b,1.5,40,crossmodel_mistral_T1.5_p1
Q006,C,Board games,3,"Clue-master

Note: ""Cluedo"" was initially considered",mistral:7b,mistral_7b,1.5,40,crossmodel_mistral_T1.5_p1
Q006,C,Board games,4,clue-carnage,mistral:7b,mistral_7b,1.5,40,crossmodel_mistral_T1.5_p1
Q006,C,Board games,5,"cluedo

For more accurate responses, please provide additional context or specific",mistral:7b,mistral_7b,1.5,40,crossmodel_mistral_T1.5_p1
Q006,C,Board games,6,cluedo,mistral:7b,mistral_7b,1.5,40,crossmodel_mistral_T1.5_p1
Q006,C,Board games,7,cluedo,mistral:7b,mistral_7b,1.5,40,crossmodel_mistral_T1.5_p1
Q006,C,Board games,8,chinese checkers,mistral:7b,mistral_7b,1.5,40,crossmodel_mistral_T1.5_p1
Q006,C,Board games,9,Cluedo,mistral:7b,mistral_7b,1.5,40,crossmodel_mistral_T1.5_p1
Q006,C,Board games,10,cluedo,mistral:7b,mistral_7b,1.5,40,crossmodel_mistral_T1.5_p1
Q006,C,Board games,11,clerks & cluedo,mistral:7b,mistral_7b,1.5,40,crossmodel_mistral_T1.5_p1
Q006,C,Board games,12,"cluedo

Explanation: Clue/Cluedo is",mistral:7b,mistral_7b,1.5,40,crossmodel_mistral_T1.5_p1
Q006,C,Board games,13,cluedo,mistral:7b,mistral_7b,1.5,40,crossmodel_mistral_T1.5_p1
Q006,C,Board games,14,cluedo,mistral:7b,mistral_7b,1.5,40,crossmodel_mistral_T1.5_p1
Q006,C,Board games,15,cluecarft,mistral:7b,mistral_7b,1.5,40,crossmodel_mistral_T1.5_p1
Q006,C,Board games,16,clerks & clues,mistral:7b,mistral_7b,1.5,40,crossmodel_mistral_T1.5_p1
Q006,C,Board games,17,clue-cat-and-mice,mistral:7b,mistral_7b,1.5,40,crossmodel_mistral_T1.5_p1
Q006,C,Board games,18,clockwork-maze,mistral:7b,mistral_7b,1.5,40,crossmodel_mistral_T1.5_p1
Q006,C,Board games,19,cluedo,mistral:7b,mistral_7b,1.5,40,crossmodel_mistral_T1.5_p1
Q007,D,Musical instruments,0,didgeridoo,mistral:7b,mistral_7b,1.5,40,crossmodel_mistral_T1.5_p1
Q007,D,Musical instruments,1,didgeridoo,mistral:7b,mistral_7b,1.5,40,crossmodel_mistral_T1.5_p1
Q007,D,Musical instruments,2,drumset,mistral:7b,mistral_7b,1.5,40,crossmodel_mistral_T1.5_p1
Q007,D,Musical instruments,3,didgeridoo,mistral:7b,mistral_7b,1.5,40,crossmodel_mistral_T1.5_p1
Q007,D,Musical instruments,4,didgeridoo,mistral:7b,mistral_7b,1.5,40,crossmodel_mistral_T1.5_p1
Q007,D,Musical instruments,5,didgeridoo,mistral:7b,mistral_7b,1.5,40,crossmodel_mistral_T1.5_p1
Q007,D,Musical instruments,6,didgeridoo,mistral:7b,mistral_7b,1.5,40,crossmodel_mistral_T1.5_p1
Q007,D,Musical instruments,7,didgeridoo,mistral:7b,mistral_7b,1.5,40,crossmodel_mistral_T1.5_p1
Q007,D,Musical instruments,8,didgeridoo,mistral:7b,mistral_7b,1.5,40,crossmodel_mistral_T1.5_p1
Q007,D,Musical instruments,9,didgeridoo,mistral:7b,mistral_7b,1.5,40,crossmodel_mistral_T1.5_p1
Q007,D,Musical instruments,10,didgeridoo,mistral:7b,mistral_7b,1.5,40,crossmodel_mistral_T1.5_p1
Q007,D,Musical instruments,11,didgeridoo,mistral:7b,mistral_7b,1.5,40,crossmodel_mistral_T1.5_p1
Q007,D,Musical instruments,12,didgeridoo,mistral:7b,mistral_7b,1.5,40,crossmodel_mistral_T1.5_p1
Q007,D,Musical instruments,13,didgeridoo,mistral:7b,mistral_7b,1.5,40,crossmodel_mistral_T1.5_p1
Q007,D,Musical instruments,14,didgeridoo,mistral:7b,mistral_7b,1.5,40,crossmodel_mistral_T1.5_p1
Q007,D,Musical instruments,15,drumset,mistral:7b,mistral_7b,1.5,40,crossmodel_mistral_T1.5_p1
Q007,D,Musical instruments,16,didgeridoo,mistral:7b,mistral_7b,1.5,40,crossmodel_mistral_T1.5_p1
Q007,D,Musical instruments,17,didgeridoo,mistral:7b,mistral_7b,1.5,40,crossmodel_mistral_T1.5_p1
Q007,D,Musical instruments,18,didgeridoo,mistral:7b,mistral_7b,1.5,40,crossmodel_mistral_T1.5_p1
Q007,D,Musical instruments,19,didgeridoo,mistral:7b,mistral_7b,1.5,40,crossmodel_mistral_T1.5_p1
Q008,D,Things in a bathroom,0,toothpaste dispenser,mistral:7b,mistral_7b,1.5,40,crossmodel_mistral_T1.5_p1
Q008,D,Things in a bathroom,1,dispenser,mistral:7b,mistral_7b,1.5,40,crossmodel_mistral_T1.5_p1
Q008,D,Things in a bathroom,2,deodorant,mistral:7b,mistral_7b,1.5,40,crossmodel_mistral_T1.5_p1
Q008,D,Things in a bathroom,3,toothbrush drawer,mistral:7b,mistral_7b,1.5,40,crossmodel_mistral_T1.5_p1
Q008,D,Things in a bathroom,4,deodorant,mistral:7b,mistral_7b,1.5,40,crossmodel_mistral_T1.5_p1
Q008,D,Things in a bathroom,5,toothbrush holder,mistral:7b,mistral_7b,1.5,40,crossmodel_mistral_T1.5_p1
Q008,D,Things in a bathroom,6,dentifrice,mistral:7b,mistral_7b,1.5,40,crossmodel_mistral_T1.5_p1
Q008,D,Things in a bathroom,7,dental floss,mistral:7b,mistral_7b,1.5,40,crossmodel_mistral_T1.5_p1
Q008,D,Things in a bathroom,8,dishrag,mistral:7b,mistral_7b,1.5,40,crossmodel_mistral_T1.5_p1
Q008,D,Things in a bathroom,9,dish rack,mistral:7b,mistral_7b,1.5,40,crossmodel_mistral_T1.5_p1
Q008,D,Things in a bathroom,10,dish rack,mistral:7b,mistral_7b,1.5,40,crossmodel_mistral_T1.5_p1
Q008,D,Things in a bathroom,11,dish rack,mistral:7b,mistral_7b,1.5,40,crossmodel_mistral_T1.5_p1
Q008,D,Things in a bathroom,12,dental floss,mistral:7b,mistral_7b,1.5,40,crossmodel_mistral_T1.5_p1
Q008,D,Things in a bathroom,13,shower curtain door,mistral:7b,mistral_7b,1.5,40,crossmodel_mistral_T1.5_p1
Q008,D,Things in a bathroom,14,dish rack,mistral:7b,mistral_7b,1.5,40,crossmodel_mistral_T1.5_p1
Q008,D,Things in a bathroom,15,dish rack,mistral:7b,mistral_7b,1.5,40,crossmodel_mistral_T1.5_p1
Q008,D,Things in a bathroom,16,toothbrush drawer,mistral:7b,mistral_7b,1.5,40,crossmodel_mistral_T1.5_p1
Q008,D,Things in a bathroom,17,dish soap,mistral:7b,mistral_7b,1.5,40,crossmodel_mistral_T1.5_p1
Q008,D,Things in a bathroom,18,dish soap,mistral:7b,mistral_7b,1.5,40,crossmodel_mistral_T1.5_p1
Q008,D,Things in a bathroom,19,detergentdispenserdoor,mistral:7b,mistral_7b,1.5,40,crossmodel_mistral_T1.5_p1
Q009,E,Sports,0,extreme skiing,mistral:7b,mistral_7b,1.5,40,crossmodel_mistral_T1.5_p1
Q009,E,Sports,1,extreme skiing,mistral:7b,mistral_7b,1.5,40,crossmodel_mistral_T1.5_p1
Q009,E,Sports,2,european athletics championships,mistral:7b,mistral_7b,1.5,40,crossmodel_mistral_T1.5_p1
Q009,E,Sports,3,extreme ebiking,mistral:7b,mistral_7b,1.5,40,crossmodel_mistral_T1.5_p1
Q009,E,Sports,4,extreme skateboarding,mistral:7b,mistral_7b,1.5,40,crossmodel_mistral_T1.5_p1
Q009,E,Sports,5,extreme endurance race,mistral:7b,mistral_7b,1.5,40,crossmodel_mistral_T1.5_p1
Q009,E,Sports,6,equestrian,mistral:7b,mistral_7b,1.5,40,crossmodel_mistral_T1.5_p1
Q009,E,Sports,7,european-handball,mistral:7b,mistral_7b,1.5,40,crossmodel_mistral_T1.5_p1
Q009,E,Sports,8,equestrian event,mistral:7b,mistral_7b,1.5,40,crossmodel_mistral_T1.5_p1
Q009,E,Sports,9,extreme ebiking,mistral:7b,mistral_7b,1.5,40,crossmodel_mistral_T1.5_p1
Q009,E,Sports,10,extreme skating,mistral:7b,mistral_7b,1.5,40,crossmodel_mistral_T1.5_p1
Q009,E,Sports,11,extreme enduro,mistral:7b,mistral_7b,1.5,40,crossmodel_mistral_T1.5_p1
Q009,E,Sports,12,extremist skiing equipment,mistral:7b,mistral_7b,1.5,40,crossmodel_mistral_T1.5_p1
Q009,E,Sports,13,extreme snowboarding,mistral:7b,mistral_7b,1.5,40,crossmodel_mistral_T1.5_p1
Q009,E,Sports,14,extreme-elevation-skiing,mistral:7b,mistral_7b,1.5,40,crossmodel_mistral_T1.5_p1
Q009,E,Sports,15,extreme skiing,mistral:7b,mistral_7b,1.5,40,crossmodel_mistral_T1.5_p1
Q009,E,Sports,16,extremist's equestrian event,mistral:7b,mistral_7b,1.5,40,crossmodel_mistral_T1.5_p1
Q009,E,Sports,17,ultimate frisbee,mistral:7b,mistral_7b,1.5,40,crossmodel_mistral_T1.5_p1
Q009,E,Sports,18,ultimate frisbee,mistral:7b,mistral_7b,1.5,40,crossmodel_mistral_T1.5_p1
Q009,E,Sports,19,extreme ebiking,mistral:7b,mistral_7b,1.5,40,crossmodel_mistral_T1.5_p1
Q010,E,Movie titles,0,emily in paris,mistral:7b,mistral_7b,1.5,40,crossmodel_mistral_T1.5_p1
Q010,E,Movie titles,1,empire strikes back,mistral:7b,mistral_7b,1.5,40,crossmodel_mistral_T1.5_p1
Q010,E,Movie titles,2,empire strike back,mistral:7b,mistral_7b,1.5,40,crossmodel_mistral_T1.5_p1
Q010,E,Movie titles,3,eastwood's ghost,mistral:7b,mistral_7b,1.5,40,crossmodel_mistral_T1.5_p1
Q010,E,Movie titles,4,enchantment under the sea,mistral:7b,mistral_7b,1.5,40,crossmodel_mistral_T1.5_p1
Q010,E,Movie titles,5,enemy of the state,mistral:7b,mistral_7b,1.5,40,crossmodel_mistral_T1.5_p1
Q010,E,Movie titles,6,easy rider,mistral:7b,mistral_7b,1.5,40,crossmodel_mistral_T1.5_p1
Q010,E,Movie titles,7,"eastwood's granite

(The correct title from Scatterg",mistral:7b,mistral_7b,1.5,40,crossmodel_mistral_T1.5_p1
Q010,E,Movie titles,8,einstein-rocks,mistral:7b,mistral_7b,1.5,40,crossmodel_mistral_T1.5_p1
Q010,E,Movie titles,9,emperor's new groove,mistral:7b,mistral_7b,1.5,40,crossmodel_mistral_T1.5_p1
Q010,E,Movie titles,10,enemy of the state,mistral:7b,mistral_7b,1.5,40,crossmodel_mistral_T1.5_p1
Q010,E,Movie titles,11,e.t.theextraterrestrial,mistral:7b,mistral_7b,1.5,40,crossmodel_mistral_T1.5_p1
Q010,E,Movie titles,12,enemy at the gates,mistral:7b,mistral_7b,1.5,40,crossmodel_mistral_T1.5_p1
Q010,E,Movie titles,13,eternal sunshine of the spotless mind,mistral:7b,mistral_7b,1.5,40,crossmodel_mistral_T1.5_p1
Q010,E,Movie titles,14,enchantment under the sea,mistral:7b,mistral_7b,1.5,40,crossmodel_mistral_T1.5_p1
Q010,E,Movie titles,15,emperor's new groove,mistral:7b,mistral_7b,1.5,40,crossmodel_mistral_T1.5_p1
Q010,E,Movie titles,16,echoes of paradise,mistral:7b,mistral_7b,1.5,40,crossmodel_mistral_T1.5_p1
Q010,E,Movie titles,17,easy rider,mistral:7b,mistral_7b,1.5,40,crossmodel_mistral_T1.5_p1
Q010,E,Movie titles,18,emperor's new groove,mistral:7b,mistral_7b,1.5,40,crossmodel_mistral_T1.5_p1
Q010,E,Movie titles,19,empathy's price,mistral:7b,mistral_7b,1.5,40,crossmodel_mistral_T1.5_p1
Q011,F,Fish,0,flounder,mistral:7b,mistral_7b,1.5,40,crossmodel_mistral_T1.5_p1
Q011,F,Fish,1,flounder,mistral:7b,mistral_7b,1.5,40,crossmodel_mistral_T1.5_p1
Q011,F,Fish,2,flounderfish,mistral:7b,mistral_7b,1.5,40,crossmodel_mistral_T1.5_p1
Q011,F,Fish,3,flounderfish,mistral:7b,mistral_7b,1.5,40,crossmodel_mistral_T1.5_p1
Q011,F,Fish,4,flounder,mistral:7b,mistral_7b,1.5,40,crossmodel_mistral_T1.5_p1
Q011,F,Fish,5,flounder,mistral:7b,mistral_7b,1.5,40,crossmodel_mistral_T1.5_p1
Q011,F,Fish,6,flounder,mistral:7b,mistral_7b,1.5,40,crossmodel_mistral_T1.5_p1
Q011,F,Fish,7,flounder,mistral:7b,mistral_7b,1.5,40,crossmodel_mistral_T1.5_p1
Q011,F,Fish,8,flounderfish,mistral:7b,mistral_7b,1.5,40,crossmodel_mistral_T1.5_p1
Q011,F,Fish,9,flounder,mistral:7b,mistral_7b,1.5,40,crossmodel_mistral_T1.5_p1
Q011,F,Fish,10,flounder,mistral:7b,mistral_7b,1.5,40,crossmodel_mistral_T1.5_p1
Q011,F,Fish,11,flounder,mistral:7b,mistral_7b,1.5,40,crossmodel_mistral_T1.5_p1
Q011,F,Fish,12,flounderfish,mistral:7b,mistral_7b,1.5,40,crossmodel_mistral_T1.5_p1
Q011,F,Fish,13,flounder,mistral:7b,mistral_7b,1.5,40,crossmodel_mistral_T1.5_p1
Q011,F,Fish,14,flounder,mistral:7b,mistral_7b,1.5,40,crossmodel_mistral_T1.5_p1
Q011,F,Fish,15,flounder,mistral:7b,mistral_7b,1.5,40,crossmodel_mistral_T1.5_p1
Q011,F,Fish,16,flounder,mistral:7b,mistral_7b,1.5,40,crossmodel_mistral_T1.5_p1
Q011,F,Fish,17,flounder,mistral:7b,mistral_7b,1.5,40,crossmodel_mistral_T1.5_p1
Q011,F,Fish,18,flounder,mistral:7b,mistral_7b,1.5,40,crossmodel_mistral_T1.5_p1
Q011,F,Fish,19,flounder,mistral:7b,mistral_7b,1.5,40,crossmodel_mistral_T1.5_p1
Q012,F,Things in a backpack,0,"flask, flashlight",mistral:7b,mistral_7b,1.5,40,crossmodel_mistral_T1.5_p1
Q012,F,Things in a backpack,1,flashlight folder first aid kit,mistral:7b,mistral_7b,1.5,40,crossmodel_mistral_T1.5_p1
Q012,F,Things in a backpack,2,flask,mistral:7b,mistral_7b,1.5,40,crossmodel_mistral_T1.5_p1
Q012,F,Things in a backpack,3,"flashlight, first-aid-kit, foldable-waterbottle",mistral:7b,mistral_7b,1.5,40,crossmodel_mistral_T1.5_p1
Q012,F,Things in a backpack,4,flashlightfolderfirstaidkitfontflexiblewaterbottlefoldablechair,mistral:7b,mistral_7b,1.5,40,crossmodel_mistral_T1.5_p1
Q012,F,Things in a backpack,5,flask,mistral:7b,mistral_7b,1.5,40,crossmodel_mistral_T1.5_p1
Q012,F,Things in a backpack,6,flashlight,mistral:7b,mistral_7b,1.5,40,crossmodel_mistral_T1.5_p1
Q012,F,Things in a backpack,7,"flashlight, first-aid-kit, food-bar, foldable-",mistral:7b,mistral_7b,1.5,40,crossmodel_mistral_T1.5_p1
Q012,F,Things in a backpack,8,"flashlight, first-aid-kit, foldable-backpack, fitness",mistral:7b,mistral_7b,1.5,40,crossmodel_mistral_T1.5_p1
Q012,F,Things in a backpack,9,flashlightfanny packfirst aid kitfolding chairfolder fanfoldable backpack,mistral:7b,mistral_7b,1.5,40,crossmodel_mistral_T1.5_p1
Q012,F,Things in a backpack,10,flashlight-first-aid-kit,mistral:7b,mistral_7b,1.5,40,crossmodel_mistral_T1.5_p1
Q012,F,Things in a backpack,11,"flask, first aid kit, flashlight",mistral:7b,mistral_7b,1.5,40,crossmodel_mistral_T1.5_p1
Q012,F,Things in a backpack,12,flashlight,mistral:7b,mistral_7b,1.5,40,crossmodel_mistral_T1.5_p1
Q012,F,Things in a backpack,13,flashlight,mistral:7b,mistral_7b,1.5,40,crossmodel_mistral_T1.5_p1
Q012,F,Things in a backpack,14,flashlight,mistral:7b,mistral_7b,1.5,40,crossmodel_mistral_T1.5_p1
Q012,F,Things in a backpack,15,flaskfleecefoodfoilfirstaidkitfoldableumbrell,mistral:7b,mistral_7b,1.5,40,crossmodel_mistral_T1.5_p1
Q012,F,Things in a backpack,16,flashlight (and batteries),mistral:7b,mistral_7b,1.5,40,crossmodel_mistral_T1.5_p1
Q012,F,Things in a backpack,17,flashlightfanwaterbottlefruitfood,mistral:7b,mistral_7b,1.5,40,crossmodel_mistral_T1.5_p1
Q012,F,Things in a backpack,18,flashlight_fuel,mistral:7b,mistral_7b,1.5,40,crossmodel_mistral_T1.5_p1
Q012,F,Things in a backpack,19,flashlight folder firstaidkit fruits snacks water bottle font pens,mistral:7b,mistral_7b,1.5,40,crossmodel_mistral_T1.5_p1
Q013,G,U.S. states,0,granite-gov,mistral:7b,mistral_7b,1.5,40,crossmodel_mistral_T1.5_p1
Q013,G,U.S. states,1,grand canyon state,mistral:7b,mistral_7b,1.5,40,crossmodel_mistral_T1.5_p1
Q013,G,U.S. states,2,california (g),mistral:7b,mistral_7b,1.5,40,crossmodel_mistral_T1.5_p1
Q013,G,U.S. states,3,georgia (spelling corrected per your instructions),mistral:7b,mistral_7b,1.5,40,crossmodel_mistral_T1.5_p1
Q013,G,U.S. states,4,gorgonia bay (Alaska),mistral:7b,mistral_7b,1.5,40,crossmodel_mistral_T1.5_p1
Q013,G,U.S. states,5,grays-harbor,mistral:7b,mistral_7b,1.5,40,crossmodel_mistral_T1.5_p1
Q013,G,U.S. states,6,gibraltar (incorrect as it is not a U.S,mistral:7b,mistral_7b,1.5,40,crossmodel_mistral_T1.5_p1
Q013,G,U.S. states,7,grand canyon state (arizona),mistral:7b,mistral_7b,1.5,40,crossmodel_mistral_T1.5_p1
Q013,G,U.S. states,8,georgia (for the state),mistral:7b,mistral_7b,1.5,40,crossmodel_mistral_T1.5_p1
Q013,G,U.S. states,9,georgia,mistral:7b,mistral_7b,1.5,40,crossmodel_mistral_T1.5_p1
Q013,G,U.S. states,10,grand canyon state (az),mistral:7b,mistral_7b,1.5,40,crossmodel_mistral_T1.5_p1
Q013,G,U.S. states,11,grand canyon state,mistral:7b,mistral_7b,1.5,40,crossmodel_mistral_T1.5_p1
Q013,G,U.S. states,12,granite (arkansas),mistral:7b,mistral_7b,1.5,40,crossmodel_mistral_T1.5_p1
Q013,G,U.S. states,13,"granite-gravity (Grand, Iowa)",mistral:7b,mistral_7b,1.5,40,crossmodel_mistral_T1.5_p1
Q013,G,U.S. states,14,granite (north carolina),mistral:7b,mistral_7b,1.5,40,crossmodel_mistral_T1.5_p1
Q013,G,U.S. states,15,georgia,mistral:7b,mistral_7b,1.5,40,crossmodel_mistral_T1.5_p1
Q013,G,U.S. states,16,georgia,mistral:7b,mistral_7b,1.5,40,crossmodel_mistral_T1.5_p1
Q013,G,U.S. states,17,georgia,mistral:7b,mistral_7b,1.5,40,crossmodel_mistral_T1.5_p1
Q013,G,U.S. states,18,georgia,mistral:7b,mistral_7b,1.5,40,crossmodel_mistral_T1.5_p1
Q013,G,U.S. states,19,granite-governor,mistral:7b,mistral_7b,1.5,40,crossmodel_mistral_T1.5_p1
Q014,G,Foods,0,granola bar,mistral:7b,mistral_7b,1.5,40,crossmodel_mistral_T1.5_p1
Q014,G,Foods,1,grass-fed-goat-cheese,mistral:7b,mistral_7b,1.5,40,crossmodel_mistral_T1.5_p1
Q014,G,Foods,2,grapefruit,mistral:7b,mistral_7b,1.5,40,crossmodel_mistral_T1.5_p1
Q014,G,Foods,3,gorgonzola cheese,mistral:7b,mistral_7b,1.5,40,crossmodel_mistral_T1.5_p1
Q014,G,Foods,4,granola bar,mistral:7b,mistral_7b,1.5,40,crossmodel_mistral_T1.5_p1
Q014,G,Foods,5,gourmet cheesecake,mistral:7b,mistral_7b,1.5,40,crossmodel_mistral_T1.5_p1
Q014,G,Foods,6,grilled cheese sandwich,mistral:7b,mistral_7b,1.5,40,crossmodel_mistral_T1.5_p1
Q014,G,Foods,7,grilled cheese,mistral:7b,mistral_7b,1.5,40,crossmodel_mistral_T1.5_p1
Q014,G,Foods,8,gourmet guacamole,mistral:7b,mistral_7b,1.5,40,crossmodel_mistral_T1.5_p1
Q014,G,Foods,9,grass-fed steak,mistral:7b,mistral_7b,1.5,40,crossmodel_mistral_T1.5_p1
Q014,G,Foods,10,grits and granola,mistral:7b,mistral_7b,1.5,40,crossmodel_mistral_T1.5_p1
Q014,G,Foods,11,"grits (Grits is a common, category-appropriate food starting",mistral:7b,mistral_7b,1.5,40,crossmodel_mistral_T1.5_p1
Q014,G,Foods,12,grapefruit,mistral:7b,mistral_7b,1.5,40,crossmodel_mistral_T1.5_p1
Q014,G,Foods,13,gorgonzola cheese,mistral:7b,mistral_7b,1.5,40,crossmodel_mistral_T1.5_p1
Q014,G,Foods,14,gorgonzola,mistral:7b,mistral_7b,1.5,40,crossmodel_mistral_T1.5_p1
Q014,G,Foods,15,grits,mistral:7b,mistral_7b,1.5,40,crossmodel_mistral_T1.5_p1
Q014,G,Foods,16,grilled cheese garlic bread guacamole gourmet gelato,mistral:7b,mistral_7b,1.5,40,crossmodel_mistral_T1.5_p1
Q014,G,Foods,17,garlic soup,mistral:7b,mistral_7b,1.5,40,crossmodel_mistral_T1.5_p1
Q014,G,Foods,18,grilled cheese sandwich,mistral:7b,mistral_7b,1.5,40,crossmodel_mistral_T1.5_p1
Q014,G,Foods,19,gorgonzola cheese,mistral:7b,mistral_7b,1.5,40,crossmodel_mistral_T1.5_p1
Q015,H,Famous scientists,0,helmholtz,mistral:7b,mistral_7b,1.5,40,crossmodel_mistral_T1.5_p1
Q015,H,Famous scientists,1,heisenberg,mistral:7b,mistral_7b,1.5,40,crossmodel_mistral_T1.5_p1
Q015,H,Famous scientists,2,edwin hubble,mistral:7b,mistral_7b,1.5,40,crossmodel_mistral_T1.5_p1
Q015,H,Famous scientists,3,herodotus (he was not a famous scientist but a historian who is often,mistral:7b,mistral_7b,1.5,40,crossmodel_mistral_T1.5_p1
Q015,H,Famous scientists,4,galileo,mistral:7b,mistral_7b,1.5,40,crossmodel_mistral_T1.5_p1
Q015,H,Famous scientists,5,Archimedes,mistral:7b,mistral_7b,1.5,40,crossmodel_mistral_T1.5_p1
Q015,H,Famous scientists,6,heisenberg,mistral:7b,mistral_7b,1.5,40,crossmodel_mistral_T1.5_p1
Q015,H,Famous scientists,7,Albert hubble,mistral:7b,mistral_7b,1.5,40,crossmodel_mistral_T1.5_p1
Q015,H,Famous scientists,8,hawking stephens,mistral:7b,mistral_7b,1.5,40,crossmodel_mistral_T1.5_p1
Q015,H,Famous scientists,9,hugo de vries,mistral:7b,mistral_7b,1.5,40,crossmodel_mistral_T1.5_p1
Q015,H,Famous scientists,10,hubble edwin,mistral:7b,mistral_7b,1.5,40,crossmodel_mistral_T1.5_p1
Q015,H,Famous scientists,11,henri poincaré,mistral:7b,mistral_7b,1.5,40,crossmodel_mistral_T1.5_p1
Q015,H,Famous scientists,12,hubble edwin,mistral:7b,mistral_7b,1.5,40,crossmodel_mistral_T1.5_p1
Q015,H,Famous scientists,13,albert hoffman,mistral:7b,mistral_7b,1.5,40,crossmodel_mistral_T1.5_p1
Q015,H,Famous scientists,14,henry davies (hawking),mistral:7b,mistral_7b,1.5,40,crossmodel_mistral_T1.5_p1
Q015,H,Famous scientists,15,isaac newton,mistral:7b,mistral_7b,1.5,40,crossmodel_mistral_T1.5_p1
Q015,H,Famous scientists,16,henry hubble,mistral:7b,mistral_7b,1.5,40,crossmodel_mistral_T1.5_p1
Q015,H,Famous scientists,17,hugo de vries,mistral:7b,mistral_7b,1.5,40,crossmodel_mistral_T1.5_p1
Q015,H,Famous scientists,18,Galileo galilei,mistral:7b,mistral_7b,1.5,40,crossmodel_mistral_T1.5_p1
Q015,H,Famous scientists,19,henri poincaré,mistral:7b,mistral_7b,1.5,40,crossmodel_mistral_T1.5_p1
Q016,H,Things at the beach,0,seashells (hawaiian),mistral:7b,mistral_7b,1.5,40,crossmodel_mistral_T1.5_p1
Q016,H,Things at the beach,1,hammerhead shark,mistral:7b,mistral_7b,1.5,40,crossmodel_mistral_T1.5_p1
Q016,H,Things at the beach,2,hammerhead shark,mistral:7b,mistral_7b,1.5,40,crossmodel_mistral_T1.5_p1
Q016,H,Things at the beach,3,seashells (h)ardware,mistral:7b,mistral_7b,1.5,40,crossmodel_mistral_T1.5_p1
Q016,H,Things at the beach,4,harbor-seal,mistral:7b,mistral_7b,1.5,40,crossmodel_mistral_T1.5_p1
Q016,H,Things at the beach,5,hockey stick (handheld surf version),mistral:7b,mistral_7b,1.5,40,crossmodel_mistral_T1.5_p1
Q016,H,Things at the beach,6,hammock,mistral:7b,mistral_7b,1.5,40,crossmodel_mistral_T1.5_p1
Q016,H,Things at the beach,7,harbour sandals,mistral:7b,mistral_7b,1.5,40,crossmodel_mistral_T1.5_p1
Q016,H,Things at the beach,8,seashells (hawaiian),mistral:7b,mistral_7b,1.5,40,crossmodel_mistral_T1.5_p1
Q016,H,Things at the beach,9,hammock,mistral:7b,mistral_7b,1.5,40,crossmodel_mistral_T1.5_p1
Q016,H,Things at the beach,10,seashells (hyphen removed),mistral:7b,mistral_7b,1.5,40,crossmodel_mistral_T1.5_p1
Q016,H,Things at the beach,11,seashells (hopefully 'hat' didn't come to mind,mistral:7b,mistral_7b,1.5,40,crossmodel_mistral_T1.5_p1
Q016,H,Things at the beach,12,hammock,mistral:7b,mistral_7b,1.5,40,crossmodel_mistral_T1.5_p1
Q016,H,Things at the beach,13,hammock,mistral:7b,mistral_7b,1.5,40,crossmodel_mistral_T1.5_p1
Q016,H,Things at the beach,14,shell,mistral:7b,mistral_7b,1.5,40,crossmodel_mistral_T1.5_p1
Q016,H,Things at the beach,15,hammerhead shark,mistral:7b,mistral_7b,1.5,40,crossmodel_mistral_T1.5_p1
Q016,H,Things at the beach,16,harp seal,mistral:7b,mistral_7b,1.5,40,crossmodel_mistral_T1.5_p1
Q016,H,Things at the beach,17,hammock,mistral:7b,mistral_7b,1.5,40,crossmodel_mistral_T1.5_p1
Q016,H,Things at the beach,18,hammock,mistral:7b,mistral_7b,1.5,40,crossmodel_mistral_T1.5_p1
Q016,H,Things at the beach,19,hermit crab,mistral:7b,mistral_7b,1.5,40,crossmodel_mistral_T1.5_p1
Q017,I,Cities,0,indiaopolis,mistral:7b,mistral_7b,1.5,40,crossmodel_mistral_T1.5_p1
Q017,I,Cities,1,indianapolis,mistral:7b,mistral_7b,1.5,40,crossmodel_mistral_T1.5_p1
Q017,I,Cities,2,indianapolis,mistral:7b,mistral_7b,1.5,40,crossmodel_mistral_T1.5_p1
Q017,I,Cities,3,indianaapolis,mistral:7b,mistral_7b,1.5,40,crossmodel_mistral_T1.5_p1
Q017,I,Cities,4,innsbruck,mistral:7b,mistral_7b,1.5,40,crossmodel_mistral_T1.5_p1
Q017,I,Cities,5,islamabad,mistral:7b,mistral_7b,1.5,40,crossmodel_mistral_T1.5_p1
Q017,I,Cities,6,indianapolis,mistral:7b,mistral_7b,1.5,40,crossmodel_mistral_T1.5_p1
Q017,I,Cities,7,indianapolis,mistral:7b,mistral_7b,1.5,40,crossmodel_mistral_T1.5_p1
Q017,I,Cities,8,istanbul,mistral:7b,mistral_7b,1.5,40,crossmodel_mistral_T1.5_p1
Q017,I,Cities,9,istanbul,mistral:7b,mistral_7b,1.5,40,crossmodel_mistral_T1.5_p1
Q017,I,Cities,10,ibiza,mistral:7b,mistral_7b,1.5,40,crossmodel_mistral_T1.5_p1
Q017,I,Cities,11,islamabad,mistral:7b,mistral_7b,1.5,40,crossmodel_mistral_T1.5_p1
Q017,I,Cities,12,"isla

(Answer: Isla, referring to an island city",mistral:7b,mistral_7b,1.5,40,crossmodel_mistral_T1.5_p1
Q017,I,Cities,13,indiafield,mistral:7b,mistral_7b,1.5,40,crossmodel_mistral_T1.5_p1
Q017,I,Cities,14,irkutsk,mistral:7b,mistral_7b,1.5,40,crossmodel_mistral_T1.5_p1
Q017,I,Cities,15,islamabad,mistral:7b,mistral_7b,1.5,40,crossmodel_mistral_T1.5_p1
Q017,I,Cities,16,isla Vista,mistral:7b,mistral_7b,1.5,40,crossmodel_mistral_T1.5_p1
Q017,I,Cities,17,indianapolis,mistral:7b,mistral_7b,1.5,40,crossmodel_mistral_T1.5_p1
Q017,I,Cities,18,islamabad,mistral:7b,mistral_7b,1.5,40,crossmodel_mistral_T1.5_p1
Q017,I,Cities,19,ibiza,mistral:7b,mistral_7b,1.5,40,crossmodel_mistral_T1.5_p1
Q018,I,Things in a classroom,0,desk lamp,mistral:7b,mistral_7b,1.5,40,crossmodel_mistral_T1.5_p1
Q018,I,Things in a classroom,1,blackboard,mistral:7b,mistral_7b,1.5,40,crossmodel_mistral_T1.5_p1
Q018,I,Things in a classroom,2,blackboard,mistral:7b,mistral_7b,1.5,40,crossmodel_mistral_T1.5_p1
Q018,I,Things in a classroom,3,blackboard,mistral:7b,mistral_7b,1.5,40,crossmodel_mistral_T1.5_p1
Q018,I,Things in a classroom,4,blackboard,mistral:7b,mistral_7b,1.5,40,crossmodel_mistral_T1.5_p1
Q018,I,Things in a classroom,5,desk chair eraser ruler notebook blackboard,mistral:7b,mistral_7b,1.5,40,crossmodel_mistral_T1.5_p1
Q018,I,Things in a classroom,6,index card,mistral:7b,mistral_7b,1.5,40,crossmodel_mistral_T1.5_p1
Q018,I,Things in a classroom,7,index card,mistral:7b,mistral_7b,1.5,40,crossmodel_mistral_T1.5_p1
Q018,I,Things in a classroom,8,interactive whiteboard,mistral:7b,mistral_7b,1.5,40,crossmodel_mistral_T1.5_p1
Q018,I,Things in a classroom,9,inkwell,mistral:7b,mistral_7b,1.5,40,crossmodel_mistral_T1.5_p1
Q018,I,Things in a classroom,10,"desk lamp

Here is some more context to help explain my response: The",mistral:7b,mistral_7b,1.5,40,crossmodel_mistral_T1.5_p1
Q018,I,Things in a classroom,11,chalkboard,mistral:7b,mistral_7b,1.5,40,crossmodel_mistral_T1.5_p1
Q018,I,Things in a classroom,12,blackboard,mistral:7b,mistral_7b,1.5,40,crossmodel_mistral_T1.5_p1
Q018,I,Things in a classroom,13,desk chair blackboard eraser ruler marker pencil,mistral:7b,mistral_7b,1.5,40,crossmodel_mistral_T1.5_p1
Q018,I,Things in a classroom,14,interim (used to denote a substitute teacher),mistral:7b,mistral_7b,1.5,40,crossmodel_mistral_T1.5_p1
Q018,I,Things in a classroom,15,chalkboard,mistral:7b,mistral_7b,1.5,40,crossmodel_mistral_T1.5_p1
Q018,I,Things in a classroom,16,chalkboard,mistral:7b,mistral_7b,1.5,40,crossmodel_mistral_T1.5_p1
Q018,I,Things in a classroom,17,desk lamp,mistral:7b,mistral_7b,1.5,40,crossmodel_mistral_T1.5_p1
Q018,I,Things in a classroom,18,blackboard,mistral:7b,mistral_7b,1.5,40,crossmodel_mistral_T1.5_p1
Q018,I,Things in a classroom,19,blackboard,mistral:7b,mistral_7b,1.5,40,crossmodel_mistral_T1.5_p1
Q019,J,Car brands,0,jaguar,mistral:7b,mistral_7b,1.5,40,crossmodel_mistral_T1.5_p1
Q019,J,Car brands,1,jaguar,mistral:7b,mistral_7b,1.5,40,crossmodel_mistral_T1.5_p1
Q019,J,Car brands,2,jaguar,mistral:7b,mistral_7b,1.5,40,crossmodel_mistral_T1.5_p1
Q019,J,Car brands,3,jaguar,mistral:7b,mistral_7b,1.5,40,crossmodel_mistral_T1.5_p1
Q019,J,Car brands,4,jaguar,mistral:7b,mistral_7b,1.5,40,crossmodel_mistral_T1.5_p1
Q019,J,Car brands,5,jaguar,mistral:7b,mistral_7b,1.5,40,crossmodel_mistral_T1.5_p1
Q019,J,Car brands,6,jaguar,mistral:7b,mistral_7b,1.5,40,crossmodel_mistral_T1.5_p1
Q019,J,Car brands,7,jaguar,mistral:7b,mistral_7b,1.5,40,crossmodel_mistral_T1.5_p1
Q019,J,Car brands,8,jaguar,mistral:7b,mistral_7b,1.5,40,crossmodel_mistral_T1.5_p1
Q019,J,Car brands,9,jaguar,mistral:7b,mistral_7b,1.5,40,crossmodel_mistral_T1.5_p1
Q019,J,Car brands,10,jaguar,mistral:7b,mistral_7b,1.5,40,crossmodel_mistral_T1.5_p1
Q019,J,Car brands,11,jaguar,mistral:7b,mistral_7b,1.5,40,crossmodel_mistral_T1.5_p1
Q019,J,Car brands,12,jaguar,mistral:7b,mistral_7b,1.5,40,crossmodel_mistral_T1.5_p1
Q019,J,Car brands,13,jaguar,mistral:7b,mistral_7b,1.5,40,crossmodel_mistral_T1.5_p1
Q019,J,Car brands,14,jaguar,mistral:7b,mistral_7b,1.5,40,crossmodel_mistral_T1.5_p1
Q019,J,Car brands,15,jaguar,mistral:7b,mistral_7b,1.5,40,crossmodel_mistral_T1.5_p1
Q019,J,Car brands,16,jaguar,mistral:7b,mistral_7b,1.5,40,crossmodel_mistral_T1.5_p1
Q019,J,Car brands,17,jaguar,mistral:7b,mistral_7b,1.5,40,crossmodel_mistral_T1.5_p1
Q019,J,Car brands,18,jaguar,mistral:7b,mistral_7b,1.5,40,crossmodel_mistral_T1.5_p1
Q019,J,Car brands,19,jaguar,mistral:7b,mistral_7b,1.5,40,crossmodel_mistral_T1.5_p1
Q020,J,Video game titles,0,jigsaw puzzle paradox junction joust journey justice jurassic jump,mistral:7b,mistral_7b,1.5,40,crossmodel_mistral_T1.5_p1
Q020,J,Video game titles,1,jetset_junction,mistral:7b,mistral_7b,1.5,40,crossmodel_mistral_T1.5_p1
Q020,J,Video game titles,2,jazz jackrabbit,mistral:7b,mistral_7b,1.5,40,crossmodel_mistral_T1.5_p1
Q020,J,Video game titles,3,juggernaut jackal,mistral:7b,mistral_7b,1.5,40,crossmodel_mistral_T1.5_p1
Q020,J,Video game titles,4,"jamestown

(Answer refers to a popular video game of the",mistral:7b,mistral_7b,1.5,40,crossmodel_mistral_T1.5_p1
Q020,J,Video game titles,5,jackal_juncture,mistral:7b,mistral_7b,1.5,40,crossmodel_mistral_T1.5_p1
Q020,J,Video game titles,6,jawbreaker,mistral:7b,mistral_7b,1.5,40,crossmodel_mistral_T1.5_p1
Q020,J,Video game titles,7,jetsetters jungle juice jawbreaker jewel thief,mistral:7b,mistral_7b,1.5,40,crossmodel_mistral_T1.5_p1
Q020,J,Video game titles,8,jamestown,mistral:7b,mistral_7b,1.5,40,crossmodel_mistral_T1.5_p1
Q020,J,Video game titles,9,junglefighter,mistral:7b,mistral_7b,1.5,40,crossmodel_mistral_T1.5_p1
Q020,J,Video game titles,10,jackal_jumped_jackpot,mistral:7b,mistral_7b,1.5,40,crossmodel_mistral_T1.5_p1
Q020,J,Video game titles,11,"jamestown

Here are some additional answers to demonstrate variety:
-",mistral:7b,mistral_7b,1.5,40,crossmodel_mistral_T1.5_p1
Q020,J,Video game titles,12,jetsetter's revenge,mistral:7b,mistral_7b,1.5,40,crossmodel_mistral_T1.5_p1
Q020,J,Video game titles,13,"jamestown

Explanation: Jamestown is a vertical shoot",mistral:7b,mistral_7b,1.5,40,crossmodel_mistral_T1.5_p1
Q020,J,Video game titles,14,jetset_juno,mistral:7b,mistral_7b,1.5,40,crossmodel_mistral_T1.5_p1
Q020,J,Video game titles,15,jewels-match-3,mistral:7b,mistral_7b,1.5,40,crossmodel_mistral_T1.5_p1
Q020,J,Video game titles,16,jetsetters junkyard jumpstart,mistral:7b,mistral_7b,1.5,40,crossmodel_mistral_T1.5_p1
Q020,J,Video game titles,17,jazzjackrabbit,mistral:7b,mistral_7b,1.5,40,crossmodel_mistral_T1.5_p1
Q020,J,Video game titles,18,"jawbreaker

(Here, I have given a common video game title",mistral:7b,mistral_7b,1.5,40,crossmodel_mistral_T1.5_p1
Q020,J,Video game titles,19,jewel_jam,mistral:7b,mistral_7b,1.5,40,crossmodel_mistral_T1.5_p1
Q021,K,Superheroes,0,kryptonian (Superman),mistral:7b,mistral_7b,1.5,40,crossmodel_mistral_T1.5_p1
Q021,K,Superheroes,1,kryptonian,mistral:7b,mistral_7b,1.5,40,crossmodel_mistral_T1.5_p1
Q021,K,Superheroes,2,kryptonian,mistral:7b,mistral_7b,1.5,40,crossmodel_mistral_T1.5_p1
Q021,K,Superheroes,3,kryptonian,mistral:7b,mistral_7b,1.5,40,crossmodel_mistral_T1.5_p1
Q021,K,Superheroes,4,knightrider,mistral:7b,mistral_7b,1.5,40,crossmodel_mistral_T1.5_p1
Q021,K,Superheroes,5,knightmare,mistral:7b,mistral_7b,1.5,40,crossmodel_mistral_T1.5_p1
Q021,K,Superheroes,6,kryptonian,mistral:7b,mistral_7b,1.5,40,crossmodel_mistral_T1.5_p1
Q021,K,Superheroes,7,kryptonian,mistral:7b,mistral_7b,1.5,40,crossmodel_mistral_T1.5_p1
Q021,K,Superheroes,8,knightrider,mistral:7b,mistral_7b,1.5,40,crossmodel_mistral_T1.5_p1
Q021,K,Superheroes,9,kryptonian,mistral:7b,mistral_7b,1.5,40,crossmodel_mistral_T1.5_p1
Q021,K,Superheroes,10,knightmare,mistral:7b,mistral_7b,1.5,40,crossmodel_mistral_T1.5_p1
Q021,K,Superheroes,11,kryptonian Clark,mistral:7b,mistral_7b,1.5,40,crossmodel_mistral_T1.5_p1
Q021,K,Superheroes,12,kryptonian,mistral:7b,mistral_7b,1.5,40,crossmodel_mistral_T1.5_p1
Q021,K,Superheroes,13,kryptonian,mistral:7b,mistral_7b,1.5,40,crossmodel_mistral_T1.5_p1
Q021,K,Superheroes,14,kryptonian (Superman),mistral:7b,mistral_7b,1.5,40,crossmodel_mistral_T1.5_p1
Q021,K,Superheroes,15,knight-rider,mistral:7b,mistral_7b,1.5,40,crossmodel_mistral_T1.5_p1
Q021,K,Superheroes,16,knightmare,mistral:7b,mistral_7b,1.5,40,crossmodel_mistral_T1.5_p1
Q021,K,Superheroes,17,kryptonianman,mistral:7b,mistral_7b,1.5,40,crossmodel_mistral_T1.5_p1
Q021,K,Superheroes,18,kryptonian,mistral:7b,mistral_7b,1.5,40,crossmodel_mistral_T1.5_p1
Q021,K,Superheroes,19,kryptonianman,mistral:7b,mistral_7b,1.5,40,crossmodel_mistral_T1.5_p1
Q022,K,Things in a grocery store,0,kiwifruit,mistral:7b,mistral_7b,1.5,40,crossmodel_mistral_T1.5_p1
Q022,K,Things in a grocery store,1,kiwi,mistral:7b,mistral_7b,1.5,40,crossmodel_mistral_T1.5_p1
Q022,K,Things in a grocery store,2,kielbasa,mistral:7b,mistral_7b,1.5,40,crossmodel_mistral_T1.5_p1
Q022,K,Things in a grocery store,3,ketchup,mistral:7b,mistral_7b,1.5,40,crossmodel_mistral_T1.5_p1
Q022,K,Things in a grocery store,4,ketchup,mistral:7b,mistral_7b,1.5,40,crossmodel_mistral_T1.5_p1
Q022,K,Things in a grocery store,5,kiwi,mistral:7b,mistral_7b,1.5,40,crossmodel_mistral_T1.5_p1
Q022,K,Things in a grocery store,6,kiwi,mistral:7b,mistral_7b,1.5,40,crossmodel_mistral_T1.5_p1
Q022,K,Things in a grocery store,7,kiwi,mistral:7b,mistral_7b,1.5,40,crossmodel_mistral_T1.5_p1
Q022,K,Things in a grocery store,8,kiwifruit,mistral:7b,mistral_7b,1.5,40,crossmodel_mistral_T1.5_p1
Q022,K,Things in a grocery store,9,kiwi,mistral:7b,mistral_7b,1.5,40,crossmodel_mistral_T1.5_p1
Q022,K,Things in a grocery store,10,kiwifruit,mistral:7b,mistral_7b,1.5,40,crossmodel_mistral_T1.5_p1
Q022,K,Things in a grocery store,11,ketchup,mistral:7b,mistral_7b,1.5,40,crossmodel_mistral_T1.5_p1
Q022,K,Things in a grocery store,12,ketchup,mistral:7b,mistral_7b,1.5,40,crossmodel_mistral_T1.5_p1
Q022,K,Things in a grocery store,13,kiwi,mistral:7b,mistral_7b,1.5,40,crossmodel_mistral_T1.5_p1
Q022,K,Things in a grocery store,14,kiwifruit,mistral:7b,mistral_7b,1.5,40,crossmodel_mistral_T1.5_p1
Q022,K,Things in a grocery store,15,kiwi,mistral:7b,mistral_7b,1.5,40,crossmodel_mistral_T1.5_p1
Q022,K,Things in a grocery store,16,kiwi,mistral:7b,mistral_7b,1.5,40,crossmodel_mistral_T1.5_p1
Q022,K,Things in a grocery store,17,ketchup,mistral:7b,mistral_7b,1.5,40,crossmodel_mistral_T1.5_p1
Q022,K,Things in a grocery store,18,kiwifruit,mistral:7b,mistral_7b,1.5,40,crossmodel_mistral_T1.5_p1
Q022,K,Things in a grocery store,19,kiwi,mistral:7b,mistral_7b,1.5,40,crossmodel_mistral_T1.5_p1
Q023,L,Dog breeds,0,laboratory-hound,mistral:7b,mistral_7b,1.5,40,crossmodel_mistral_T1.5_p1
Q023,L,Dog breeds,1,lhasa apso,mistral:7b,mistral_7b,1.5,40,crossmodel_mistral_T1.5_p1
Q023,L,Dog breeds,2,leonberger,mistral:7b,mistral_7b,1.5,40,crossmodel_mistral_T1.5_p1
Q023,L,Dog breeds,3,lhasa apso,mistral:7b,mistral_7b,1.5,40,crossmodel_mistral_T1.5_p1
Q023,L,Dog breeds,4,spaniel lurcher,mistral:7b,mistral_7b,1.5,40,crossmodel_mistral_T1.5_p1
Q023,L,Dog breeds,5,labrador retriever,mistral:7b,mistral_7b,1.5,40,crossmodel_mistral_T1.5_p1
Q023,L,Dog breeds,6,labrador retriever,mistral:7b,mistral_7b,1.5,40,crossmodel_mistral_T1.5_p1
Q023,L,Dog breeds,7,basset-hound,mistral:7b,mistral_7b,1.5,40,crossmodel_mistral_T1.5_p1
Q023,L,Dog breeds,8,leonberger,mistral:7b,mistral_7b,1.5,40,crossmodel_mistral_T1.5_p1
Q023,L,Dog breeds,9,lhasa apso,mistral:7b,mistral_7b,1.5,40,crossmodel_mistral_T1.5_p1
Q023,L,Dog breeds,10,lhasa apso,mistral:7b,mistral_7b,1.5,40,crossmodel_mistral_T1.5_p1
Q023,L,Dog breeds,11,labrador retriever,mistral:7b,mistral_7b,1.5,40,crossmodel_mistral_T1.5_p1
Q023,L,Dog breeds,12,labrador retriever,mistral:7b,mistral_7b,1.5,40,crossmodel_mistral_T1.5_p1
Q023,L,Dog breeds,13,leonberger,mistral:7b,mistral_7b,1.5,40,crossmodel_mistral_T1.5_p1
Q023,L,Dog breeds,14,bloodhound (or sometimes Labrador for variation),mistral:7b,mistral_7b,1.5,40,crossmodel_mistral_T1.5_p1
Q023,L,Dog breeds,15,lhasa apso,mistral:7b,mistral_7b,1.5,40,crossmodel_mistral_T1.5_p1
Q023,L,Dog breeds,16,labrador retriever,mistral:7b,mistral_7b,1.5,40,crossmodel_mistral_T1.5_p1
Q023,L,Dog breeds,17,lhasa apso,mistral:7b,mistral_7b,1.5,40,crossmodel_mistral_T1.5_p1
Q023,L,Dog breeds,18,lhasa apso,mistral:7b,mistral_7b,1.5,40,crossmodel_mistral_T1.5_p1
Q023,L,Dog breeds,19,lhasa apso,mistral:7b,mistral_7b,1.5,40,crossmodel_mistral_T1.5_p1
Q024,L,Books,0,lost symbols,mistral:7b,mistral_7b,1.5,40,crossmodel_mistral_T1.5_p1
Q024,L,Books,1,little women,mistral:7b,mistral_7b,1.5,40,crossmodel_mistral_T1.5_p1
Q024,L,Books,2,little women,mistral:7b,mistral_7b,1.5,40,crossmodel_mistral_T1.5_p1
Q024,L,Books,3,labyrinth loss,mistral:7b,mistral_7b,1.5,40,crossmodel_mistral_T1.5_p1
Q024,L,Books,4,library books,mistral:7b,mistral_7b,1.5,40,crossmodel_mistral_T1.5_p1
Q024,L,Books,5,library books,mistral:7b,mistral_7b,1.5,40,crossmodel_mistral_T1.5_p1
Q024,L,Books,6,library lionheart,mistral:7b,mistral_7b,1.5,40,crossmodel_mistral_T1.5_p1
Q024,L,Books,7,library book,mistral:7b,mistral_7b,1.5,40,crossmodel_mistral_T1.5_p1
Q024,L,Books,8,lord of the rings,mistral:7b,mistral_7b,1.5,40,crossmodel_mistral_T1.5_p1
Q024,L,Books,9,lords-of-the-rings,mistral:7b,mistral_7b,1.5,40,crossmodel_mistral_T1.5_p1
Q024,L,Books,10,little women,mistral:7b,mistral_7b,1.5,40,crossmodel_mistral_T1.5_p1
Q024,L,Books,11,lemon-lover's guidebook,mistral:7b,mistral_7b,1.5,40,crossmodel_mistral_T1.5_p1
Q024,L,Books,12,libraries,mistral:7b,mistral_7b,1.5,40,crossmodel_mistral_T1.5_p1
Q024,L,Books,13,library lions,mistral:7b,mistral_7b,1.5,40,crossmodel_mistral_T1.5_p1
Q024,L,Books,14,library books,mistral:7b,mistral_7b,1.5,40,crossmodel_mistral_T1.5_p1
Q024,L,Books,15,lemon-sky (a children's book by Paul Fleischman),mistral:7b,mistral_7b,1.5,40,crossmodel_mistral_T1.5_p1
Q024,L,Books,16,lavender blue dresses,mistral:7b,mistral_7b,1.5,40,crossmodel_mistral_T1.5_p1
Q024,L,Books,17,library lions,mistral:7b,mistral_7b,1.5,40,crossmodel_mistral_T1.5_p1
Q024,L,Books,18,library lending,mistral:7b,mistral_7b,1.5,40,crossmodel_mistral_T1.5_p1
Q024,L,Books,19,little women,mistral:7b,mistral_7b,1.5,40,crossmodel_mistral_T1.5_p1
Q025,M,Languages,0,mandarin chinese,mistral:7b,mistral_7b,1.5,40,crossmodel_mistral_T1.5_p1
Q025,M,Languages,1,martian,mistral:7b,mistral_7b,1.5,40,crossmodel_mistral_T1.5_p1
Q025,M,Languages,2,manchu,mistral:7b,mistral_7b,1.5,40,crossmodel_mistral_T1.5_p1
Q025,M,Languages,3,spanish,mistral:7b,mistral_7b,1.5,40,crossmodel_mistral_T1.5_p1
Q025,M,Languages,4,mandarin chinese,mistral:7b,mistral_7b,1.5,40,crossmodel_mistral_T1.5_p1
Q025,M,Languages,5,"mayan

Explanation: Maya is a language from the May",mistral:7b,mistral_7b,1.5,40,crossmodel_mistral_T1.5_p1
Q025,M,Languages,6,manchu-mandarin,mistral:7b,mistral_7b,1.5,40,crossmodel_mistral_T1.5_p1
Q025,M,Languages,7,mayan,mistral:7b,mistral_7b,1.5,40,crossmodel_mistral_T1.5_p1
Q025,M,Languages,8,spanish,mistral:7b,mistral_7b,1.5,40,crossmodel_mistral_T1.5_p1
Q025,M,Languages,9,martinique-creole,mistral:7b,mistral_7b,1.5,40,crossmodel_mistral_T1.5_p1
Q025,M,Languages,10,mandarin chinese,mistral:7b,mistral_7b,1.5,40,crossmodel_mistral_T1.5_p1
Q025,M,Languages,11,mandarin,mistral:7b,mistral_7b,1.5,40,crossmodel_mistral_T1.5_p1
Q025,M,Languages,12,macedonian,mistral:7b,mistral_7b,1.5,40,crossmodel_mistral_T1.5_p1
Q025,M,Languages,13,medieval latin,mistral:7b,mistral_7b,1.5,40,crossmodel_mistral_T1.5_p1
Q025,M,Languages,14,mayan,mistral:7b,mistral_7b,1.5,40,crossmodel_mistral_T1.5_p1
Q025,M,Languages,15,spanish,mistral:7b,mistral_7b,1.5,40,crossmodel_mistral_T1.5_p1
Q025,M,Languages,16,martinique-creole-french,mistral:7b,mistral_7b,1.5,40,crossmodel_mistral_T1.5_p1
Q025,M,Languages,17,mandarin chinese,mistral:7b,mistral_7b,1.5,40,crossmodel_mistral_T1.5_p1
Q025,M,Languages,18,mandarin,mistral:7b,mistral_7b,1.5,40,crossmodel_mistral_T1.5_p1
Q025,M,Languages,19,manchu,mistral:7b,mistral_7b,1.5,40,crossmodel_mistral_T1.5_p1
Q026,M,Clothing items,0,mackintosh raincoat,mistral:7b,mistral_7b,1.5,40,crossmodel_mistral_T1.5_p1
Q026,M,Clothing items,1,mackintosh raincoat,mistral:7b,mistral_7b,1.5,40,crossmodel_mistral_T1.5_p1
Q026,M,Clothing items,2,mockingbird hat,mistral:7b,mistral_7b,1.5,40,crossmodel_mistral_T1.5_p1
Q026,M,Clothing items,3,mockingbird hat,mistral:7b,mistral_7b,1.5,40,crossmodel_mistral_T1.5_p1
Q026,M,Clothing items,4,mockingbird shirt,mistral:7b,mistral_7b,1.5,40,crossmodel_mistral_T1.5_p1
Q026,M,Clothing items,5,merino mittens,mistral:7b,mistral_7b,1.5,40,crossmodel_mistral_T1.5_p1
Q026,M,Clothing items,6,maracuja dress,mistral:7b,mistral_7b,1.5,40,crossmodel_mistral_T1.5_p1
Q026,M,Clothing items,7,moccasins,mistral:7b,mistral_7b,1.5,40,crossmodel_mistral_T1.5_p1
Q026,M,Clothing items,8,marine boots,mistral:7b,mistral_7b,1.5,40,crossmodel_mistral_T1.5_p1
Q026,M,Clothing items,9,merino mule,mistral:7b,mistral_7b,1.5,40,crossmodel_mistral_T1.5_p1
Q026,M,Clothing items,10,mockingjay pin (from The Hunger Games),mistral:7b,mistral_7b,1.5,40,crossmodel_mistral_T1.5_p1
Q026,M,Clothing items,11,mockingbird shirt,mistral:7b,mistral_7b,1.5,40,crossmodel_mistral_T1.5_p1
Q026,M,Clothing items,12,magenta mesh moccasins,mistral:7b,mistral_7b,1.5,40,crossmodel_mistral_T1.5_p1
Q026,M,Clothing items,13,mary jane shoe,mistral:7b,mistral_7b,1.5,40,crossmodel_mistral_T1.5_p1
Q026,M,Clothing items,14,denim jacket,mistral:7b,mistral_7b,1.5,40,crossmodel_mistral_T1.5_p1
Q026,M,Clothing items,15,mint green maxi dress,mistral:7b,mistral_7b,1.5,40,crossmodel_mistral_T1.5_p1
Q026,M,Clothing items,16,merino mare's mask,mistral:7b,mistral_7b,1.5,40,crossmodel_mistral_T1.5_p1
Q026,M,Clothing items,17,mackintosh,mistral:7b,mistral_7b,1.5,40,crossmodel_mistral_T1.5_p1
Q026,M,Clothing items,18,mannequin mesh top,mistral:7b,mistral_7b,1.5,40,crossmodel_mistral_T1.5_p1
Q026,M,Clothing items,19,denim jacket,mistral:7b,mistral_7b,1.5,40,crossmodel_mistral_T1.5_p1
Q027,N,Birds,0,nightingale,mistral:7b,mistral_7b,1.5,40,crossmodel_mistral_T1.5_p1
Q027,N,Birds,1,nightingale,mistral:7b,mistral_7b,1.5,40,crossmodel_mistral_T1.5_p1
Q027,N,Birds,2,northern Cardinal,mistral:7b,mistral_7b,1.5,40,crossmodel_mistral_T1.5_p1
Q027,N,Birds,3,nightingale,mistral:7b,mistral_7b,1.5,40,crossmodel_mistral_T1.5_p1
Q027,N,Birds,4,nightingale,mistral:7b,mistral_7b,1.5,40,crossmodel_mistral_T1.5_p1
Q027,N,Birds,5,nightingale,mistral:7b,mistral_7b,1.5,40,crossmodel_mistral_T1.5_p1
Q027,N,Birds,6,nightingale,mistral:7b,mistral_7b,1.5,40,crossmodel_mistral_T1.5_p1
Q027,N,Birds,7,northern cardinal,mistral:7b,mistral_7b,1.5,40,crossmodel_mistral_T1.5_p1
Q027,N,Birds,8,nightingale,mistral:7b,mistral_7b,1.5,40,crossmodel_mistral_T1.5_p1
Q027,N,Birds,9,nightingale,mistral:7b,mistral_7b,1.5,40,crossmodel_mistral_T1.5_p1
Q027,N,Birds,10,nightingale,mistral:7b,mistral_7b,1.5,40,crossmodel_mistral_T1.5_p1
Q027,N,Birds,11,nightingale,mistral:7b,mistral_7b,1.5,40,crossmodel_mistral_T1.5_p1
Q027,N,Birds,12,nightingale,mistral:7b,mistral_7b,1.5,40,crossmodel_mistral_T1.5_p1
Q027,N,Birds,13,northern mockingbird,mistral:7b,mistral_7b,1.5,40,crossmodel_mistral_T1.5_p1
Q027,N,Birds,14,nightingale,mistral:7b,mistral_7b,1.5,40,crossmodel_mistral_T1.5_p1
Q027,N,Birds,15,nightingale,mistral:7b,mistral_7b,1.5,40,crossmodel_mistral_T1.5_p1
Q027,N,Birds,16,northern mockingbird,mistral:7b,mistral_7b,1.5,40,crossmodel_mistral_T1.5_p1
Q027,N,Birds,17,nightingale,mistral:7b,mistral_7b,1.5,40,crossmodel_mistral_T1.5_p1
Q027,N,Birds,18,nightingale,mistral:7b,mistral_7b,1.5,40,crossmodel_mistral_T1.5_p1
Q027,N,Birds,19,northern mockingbird,mistral:7b,mistral_7b,1.5,40,crossmodel_mistral_T1.5_p1
Q028,N,Things in a hospital,0,nasalcanula,mistral:7b,mistral_7b,1.5,40,crossmodel_mistral_T1.5_p1
Q028,N,Things in a hospital,1,nursingstation,mistral:7b,mistral_7b,1.5,40,crossmodel_mistral_T1.5_p1
Q028,N,Things in a hospital,2,nasal cannula,mistral:7b,mistral_7b,1.5,40,crossmodel_mistral_T1.5_p1
Q028,N,Things in a hospital,3,nursetable,mistral:7b,mistral_7b,1.5,40,crossmodel_mistral_T1.5_p1
Q028,N,Things in a hospital,4,nasal cannula,mistral:7b,mistral_7b,1.5,40,crossmodel_mistral_T1.5_p1
Q028,N,Things in a hospital,5,nurse's station,mistral:7b,mistral_7b,1.5,40,crossmodel_mistral_T1.5_p1
Q028,N,Things in a hospital,6,nurse's station,mistral:7b,mistral_7b,1.5,40,crossmodel_mistral_T1.5_p1
Q028,N,Things in a hospital,7,nebulizer,mistral:7b,mistral_7b,1.5,40,crossmodel_mistral_T1.5_p1
Q028,N,Things in a hospital,8,nursing station,mistral:7b,mistral_7b,1.5,40,crossmodel_mistral_T1.5_p1
Q028,N,Things in a hospital,9,nebulizer,mistral:7b,mistral_7b,1.5,40,crossmodel_mistral_T1.5_p1
Q028,N,Things in a hospital,10,nursery,mistral:7b,mistral_7b,1.5,40,crossmodel_mistral_T1.5_p1
Q028,N,Things in a hospital,11,nebulizer,mistral:7b,mistral_7b,1.5,40,crossmodel_mistral_T1.5_p1
Q028,N,Things in a hospital,12,nebulizer,mistral:7b,mistral_7b,1.5,40,crossmodel_mistral_T1.5_p1
Q028,N,Things in a hospital,13,nursing station,mistral:7b,mistral_7b,1.5,40,crossmodel_mistral_T1.5_p1
Q028,N,Things in a hospital,14,nitrogenmask,mistral:7b,mistral_7b,1.5,40,crossmodel_mistral_T1.5_p1
Q028,N,Things in a hospital,15,nasal cannula,mistral:7b,mistral_7b,1.5,40,crossmodel_mistral_T1.5_p1
Q028,N,Things in a hospital,16,nurse's station,mistral:7b,mistral_7b,1.5,40,crossmodel_mistral_T1.5_p1
Q028,N,Things in a hospital,17,nursingstation,mistral:7b,mistral_7b,1.5,40,crossmodel_mistral_T1.5_p1
Q028,N,Things in a hospital,18,nurse's station,mistral:7b,mistral_7b,1.5,40,crossmodel_mistral_T1.5_p1
Q028,N,Things in a hospital,19,nurses' station,mistral:7b,mistral_7b,1.5,40,crossmodel_mistral_T1.5_p1
Q029,O,Companies,0,olayan (Olam International),mistral:7b,mistral_7b,1.5,40,crossmodel_mistral_T1.5_p1
Q029,O,Companies,1,oracle,mistral:7b,mistral_7b,1.5,40,crossmodel_mistral_T1.5_p1
Q029,O,Companies,2,orangebrands,mistral:7b,mistral_7b,1.5,40,crossmodel_mistral_T1.5_p1
Q029,O,Companies,3,oracle,mistral:7b,mistral_7b,1.5,40,crossmodel_mistral_T1.5_p1
Q029,O,Companies,4,orangegrove-oils,mistral:7b,mistral_7b,1.5,40,crossmodel_mistral_T1.5_p1
Q029,O,Companies,5,orangegrove-oils,mistral:7b,mistral_7b,1.5,40,crossmodel_mistral_T1.5_p1
Q029,O,Companies,6,oracle,mistral:7b,mistral_7b,1.5,40,crossmodel_mistral_T1.5_p1
Q029,O,Companies,7,oracle,mistral:7b,mistral_7b,1.5,40,crossmodel_mistral_T1.5_p1
Q029,O,Companies,8,oracle corp,mistral:7b,mistral_7b,1.5,40,crossmodel_mistral_T1.5_p1
Q029,O,Companies,9,oracle corp,mistral:7b,mistral_7b,1.5,40,crossmodel_mistral_T1.5_p1
Q029,O,Companies,10,olay (oliver wine co.),mistral:7b,mistral_7b,1.5,40,crossmodel_mistral_T1.5_p1
Q029,O,Companies,11,orangegrove,mistral:7b,mistral_7b,1.5,40,crossmodel_mistral_T1.5_p1
Q029,O,Companies,12,oracle,mistral:7b,mistral_7b,1.5,40,crossmodel_mistral_T1.5_p1
Q029,O,Companies,13,orangebrands,mistral:7b,mistral_7b,1.5,40,crossmodel_mistral_T1.5_p1
Q029,O,Companies,14,orangegrove-oils,mistral:7b,mistral_7b,1.5,40,crossmodel_mistral_T1.5_p1
Q029,O,Companies,15,orbitzonline,mistral:7b,mistral_7b,1.5,40,crossmodel_mistral_T1.5_p1
Q029,O,Companies,16,oracle corp,mistral:7b,mistral_7b,1.5,40,crossmodel_mistral_T1.5_p1
Q029,O,Companies,17,oracle,mistral:7b,mistral_7b,1.5,40,crossmodel_mistral_T1.5_p1
Q029,O,Companies,18,oraclecorp,mistral:7b,mistral_7b,1.5,40,crossmodel_mistral_T1.5_p1
Q029,O,Companies,19,"orangebrand

Note: OrangeBrand is a fictional company name that",mistral:7b,mistral_7b,1.5,40,crossmodel_mistral_T1.5_p1
Q030,O,Things in the sky,0,orion constellation,mistral:7b,mistral_7b,1.5,40,crossmodel_mistral_T1.5_p1
Q030,O,Things in the sky,1,orange (orbiting satellite),mistral:7b,mistral_7b,1.5,40,crossmodel_mistral_T1.5_p1
Q030,O,Things in the sky,2,opticsatellite,mistral:7b,mistral_7b,1.5,40,crossmodel_mistral_T1.5_p1
Q030,O,Things in the sky,3,Orion constellation,mistral:7b,mistral_7b,1.5,40,crossmodel_mistral_T1.5_p1
Q030,O,Things in the sky,4,Orion constellation,mistral:7b,mistral_7b,1.5,40,crossmodel_mistral_T1.5_p1
Q030,O,Things in the sky,5,owl,mistral:7b,mistral_7b,1.5,40,crossmodel_mistral_T1.5_p1
Q030,O,Things in the sky,6,"orange

(Note: The answer 'Orion' would be valid if",mistral:7b,mistral_7b,1.5,40,crossmodel_mistral_T1.5_p1
Q030,O,Things in the sky,7,"owl, orbit, comet",mistral:7b,mistral_7b,1.5,40,crossmodel_mistral_T1.5_p1
Q030,O,Things in the sky,8,asteroid,mistral:7b,mistral_7b,1.5,40,crossmodel_mistral_T1.5_p1
Q030,O,Things in the sky,9,orionconstellation,mistral:7b,mistral_7b,1.5,40,crossmodel_mistral_T1.5_p1
Q030,O,Things in the sky,10,orbiting asteroid,mistral:7b,mistral_7b,1.5,40,crossmodel_mistral_T1.5_p1
Q030,O,Things in the sky,11,orbiting satellite,mistral:7b,mistral_7b,1.5,40,crossmodel_mistral_T1.5_p1
Q030,O,Things in the sky,12,orbiting satellite,mistral:7b,mistral_7b,1.5,40,crossmodel_mistral_T1.5_p1
Q030,O,Things in the sky,13,"orange

(For clarification: Although an ""orbit"" starts with",mistral:7b,mistral_7b,1.5,40,crossmodel_mistral_T1.5_p1
Q030,O,Things in the sky,14,orion constellation,mistral:7b,mistral_7b,1.5,40,crossmodel_mistral_T1.5_p1
Q030,O,Things in the sky,15,"owl, asteroid, octopus (though unlikely, but it fits",mistral:7b,mistral_7b,1.5,40,crossmodel_mistral_T1.5_p1
Q030,O,Things in the sky,16,orion constellation,mistral:7b,mistral_7b,1.5,40,crossmodel_mistral_T1.5_p1
Q030,O,Things in the sky,17,orion constellation,mistral:7b,mistral_7b,1.5,40,crossmodel_mistral_T1.5_p1
Q030,O,Things in the sky,18,orionconstellation,mistral:7b,mistral_7b,1.5,40,crossmodel_mistral_T1.5_p1
Q030,O,Things in the sky,19,Orion constellation,mistral:7b,mistral_7b,1.5,40,crossmodel_mistral_T1.5_p1
Q031,P,Vegetables,0,pear,mistral:7b,mistral_7b,1.5,40,crossmodel_mistral_T1.5_p1
Q031,P,Vegetables,1,purple peppers,mistral:7b,mistral_7b,1.5,40,crossmodel_mistral_T1.5_p1
Q031,P,Vegetables,2,purple peppers,mistral:7b,mistral_7b,1.5,40,crossmodel_mistral_T1.5_p1
Q031,P,Vegetables,3,pepper,mistral:7b,mistral_7b,1.5,40,crossmodel_mistral_T1.5_p1
Q031,P,Vegetables,4,peas,mistral:7b,mistral_7b,1.5,40,crossmodel_mistral_T1.5_p1
Q031,P,Vegetables,5,pearplantpotato,mistral:7b,mistral_7b,1.5,40,crossmodel_mistral_T1.5_p1
Q031,P,Vegetables,6,purple pepper,mistral:7b,mistral_7b,1.5,40,crossmodel_mistral_T1.5_p1
Q031,P,Vegetables,7,purple potato,mistral:7b,mistral_7b,1.5,40,crossmodel_mistral_T1.5_p1
Q031,P,Vegetables,8,pear,mistral:7b,mistral_7b,1.5,40,crossmodel_mistral_T1.5_p1
Q031,P,Vegetables,9,"pear

However, in Scattergories, answers should be unique to",mistral:7b,mistral_7b,1.5,40,crossmodel_mistral_T1.5_p1
Q031,P,Vegetables,10,pearplantainpumpkin,mistral:7b,mistral_7b,1.5,40,crossmodel_mistral_T1.5_p1
Q031,P,Vegetables,11,peapod,mistral:7b,mistral_7b,1.5,40,crossmodel_mistral_T1.5_p1
Q031,P,Vegetables,12,purple pepper,mistral:7b,mistral_7b,1.5,40,crossmodel_mistral_T1.5_p1
Q031,P,Vegetables,13,pepper,mistral:7b,mistral_7b,1.5,40,crossmodel_mistral_T1.5_p1
Q031,P,Vegetables,14,purple pepper,mistral:7b,mistral_7b,1.5,40,crossmodel_mistral_T1.5_p1
Q031,P,Vegetables,15,pepper,mistral:7b,mistral_7b,1.5,40,crossmodel_mistral_T1.5_p1
Q031,P,Vegetables,16,purple potato,mistral:7b,mistral_7b,1.5,40,crossmodel_mistral_T1.5_p1
Q031,P,Vegetables,17,purple potato,mistral:7b,mistral_7b,1.5,40,crossmodel_mistral_T1.5_p1
Q031,P,Vegetables,18,purple potato,mistral:7b,mistral_7b,1.5,40,crossmodel_mistral_T1.5_p1
Q031,P,Vegetables,19,purple pepper,mistral:7b,mistral_7b,1.5,40,crossmodel_mistral_T1.5_p1
Q032,P,Historical figures,0,ponce de leon,mistral:7b,mistral_7b,1.5,40,crossmodel_mistral_T1.5_p1
Q032,P,Historical figures,1,patton george,mistral:7b,mistral_7b,1.5,40,crossmodel_mistral_T1.5_p1
Q032,P,Historical figures,2,pyrrhus,mistral:7b,mistral_7b,1.5,40,crossmodel_mistral_T1.5_p1
Q032,P,Historical figures,3,pyrrhus,mistral:7b,mistral_7b,1.5,40,crossmodel_mistral_T1.5_p1
Q032,P,Historical figures,4,pyrrhus,mistral:7b,mistral_7b,1.5,40,crossmodel_mistral_T1.5_p1
Q032,P,Historical figures,5,pyrrhus,mistral:7b,mistral_7b,1.5,40,crossmodel_mistral_T1.5_p1
Q032,P,Historical figures,6,pyrrhus,mistral:7b,mistral_7b,1.5,40,crossmodel_mistral_T1.5_p1
Q032,P,Historical figures,7,pythagoras,mistral:7b,mistral_7b,1.5,40,crossmodel_mistral_T1.5_p1
Q032,P,Historical figures,8,pythagoras,mistral:7b,mistral_7b,1.5,40,crossmodel_mistral_T1.5_p1
Q032,P,Historical figures,9,ptolemy i,mistral:7b,mistral_7b,1.5,40,crossmodel_mistral_T1.5_p1
Q032,P,Historical figures,10,pyrrhus,mistral:7b,mistral_7b,1.5,40,crossmodel_mistral_T1.5_p1
Q032,P,Historical figures,11,pythagoras,mistral:7b,mistral_7b,1.5,40,crossmodel_mistral_T1.5_p1
Q032,P,Historical figures,12,pythagoras,mistral:7b,mistral_7b,1.5,40,crossmodel_mistral_T1.5_p1
Q032,P,Historical figures,13,pyrrhus,mistral:7b,mistral_7b,1.5,40,crossmodel_mistral_T1.5_p1
Q032,P,Historical figures,14,pythagoras,mistral:7b,mistral_7b,1.5,40,crossmodel_mistral_T1.5_p1
Q032,P,Historical figures,15,pythagoras,mistral:7b,mistral_7b,1.5,40,crossmodel_mistral_T1.5_p1
Q032,P,Historical figures,16,peter the great,mistral:7b,mistral_7b,1.5,40,crossmodel_mistral_T1.5_p1
Q032,P,Historical figures,17,pythagoras,mistral:7b,mistral_7b,1.5,40,crossmodel_mistral_T1.5_p1
Q032,P,Historical figures,18,pyrrhus,mistral:7b,mistral_7b,1.5,40,crossmodel_mistral_T1.5_p1
Q032,P,Historical figures,19,pythagoras,mistral:7b,mistral_7b,1.5,40,crossmodel_mistral_T1.5_p1
Q033,Q,Words in English,0,quokka,mistral:7b,mistral_7b,1.5,40,crossmodel_mistral_T1.5_p1
Q033,Q,Words in English,1,quiche,mistral:7b,mistral_7b,1.5,40,crossmodel_mistral_T1.5_p1
Q033,Q,Words in English,2,quill pen,mistral:7b,mistral_7b,1.5,40,crossmodel_mistral_T1.5_p1
Q033,Q,Words in English,3,quicksilver,mistral:7b,mistral_7b,1.5,40,crossmodel_mistral_T1.5_p1
Q033,Q,Words in English,4,quokka,mistral:7b,mistral_7b,1.5,40,crossmodel_mistral_T1.5_p1
Q033,Q,Words in English,5,quiet queen queenie quickquilt qwerty,mistral:7b,mistral_7b,1.5,40,crossmodel_mistral_T1.5_p1
Q033,Q,Words in English,6,quicksand,mistral:7b,mistral_7b,1.5,40,crossmodel_mistral_T1.5_p1
Q033,Q,Words in English,7,quokka,mistral:7b,mistral_7b,1.5,40,crossmodel_mistral_T1.5_p1
Q033,Q,Words in English,8,quicksand,mistral:7b,mistral_7b,1.5,40,crossmodel_mistral_T1.5_p1
Q033,Q,Words in English,9,quiche,mistral:7b,mistral_7b,1.5,40,crossmodel_mistral_T1.5_p1
Q033,Q,Words in English,10,quiche,mistral:7b,mistral_7b,1.5,40,crossmodel_mistral_T1.5_p1
Q033,Q,Words in English,11,quadruped,mistral:7b,mistral_7b,1.5,40,crossmodel_mistral_T1.5_p1
Q033,Q,Words in English,12,quilted clothing,mistral:7b,mistral_7b,1.5,40,crossmodel_mistral_T1.5_p1
Q033,Q,Words in English,13,quill,mistral:7b,mistral_7b,1.5,40,crossmodel_mistral_T1.5_p1
Q033,Q,Words in English,14,quail,mistral:7b,mistral_7b,1.5,40,crossmodel_mistral_T1.5_p1
Q033,Q,Words in English,15,quartz,mistral:7b,mistral_7b,1.5,40,crossmodel_mistral_T1.5_p1
Q033,Q,Words in English,16,quince,mistral:7b,mistral_7b,1.5,40,crossmodel_mistral_T1.5_p1
Q033,Q,Words in English,17,quiche,mistral:7b,mistral_7b,1.5,40,crossmodel_mistral_T1.5_p1
Q033,Q,Words in English,18,quokka,mistral:7b,mistral_7b,1.5,40,crossmodel_mistral_T1.5_p1
Q033,Q,Words in English,19,quinoa,mistral:7b,mistral_7b,1.5,40,crossmodel_mistral_T1.5_p1
Q034,Q,Fictional characters,0,quicksilver (mercury from Harry Potter),mistral:7b,mistral_7b,1.5,40,crossmodel_mistral_T1.5_p1
Q034,Q,Fictional characters,1,quasimodo,mistral:7b,mistral_7b,1.5,40,crossmodel_mistral_T1.5_p1
Q034,Q,Fictional characters,2,quetzalcoatl,mistral:7b,mistral_7b,1.5,40,crossmodel_mistral_T1.5_p1
Q034,Q,Fictional characters,3,quorra,mistral:7b,mistral_7b,1.5,40,crossmodel_mistral_T1.5_p1
Q034,Q,Fictional characters,4,quasimodo,mistral:7b,mistral_7b,1.5,40,crossmodel_mistral_T1.5_p1
Q034,Q,Fictional characters,5,quasimodo,mistral:7b,mistral_7b,1.5,40,crossmodel_mistral_T1.5_p1
Q034,Q,Fictional characters,6,quidditch knuttle,mistral:7b,mistral_7b,1.5,40,crossmodel_mistral_T1.5_p1
Q034,Q,Fictional characters,7,quasimodo,mistral:7b,mistral_7b,1.5,40,crossmodel_mistral_T1.5_p1
Q034,Q,Fictional characters,8,quasimodo,mistral:7b,mistral_7b,1.5,40,crossmodel_mistral_T1.5_p1
Q034,Q,Fictional characters,9,quicksilver (from Harry Potter),mistral:7b,mistral_7b,1.5,40,crossmodel_mistral_T1.5_p1
Q034,Q,Fictional characters,10,quorra,mistral:7b,mistral_7b,1.5,40,crossmodel_mistral_T1.5_p1
Q034,Q,Fictional characters,11,quasimodo,mistral:7b,mistral_7b,1.5,40,crossmodel_mistral_T1.5_p1
Q034,Q,Fictional characters,12,quorra,mistral:7b,mistral_7b,1.5,40,crossmodel_mistral_T1.5_p1
Q034,Q,Fictional characters,13,quasimodo,mistral:7b,mistral_7b,1.5,40,crossmodel_mistral_T1.5_p1
Q034,Q,Fictional characters,14,quicksilver (from Harry Potter),mistral:7b,mistral_7b,1.5,40,crossmodel_mistral_T1.5_p1
Q034,Q,Fictional characters,15,quasimodo,mistral:7b,mistral_7b,1.5,40,crossmodel_mistral_T1.5_p1
Q034,Q,Fictional characters,16,quasimodo,mistral:7b,mistral_7b,1.5,40,crossmodel_mistral_T1.5_p1
Q034,Q,Fictional characters,17,quicksilver (from Harry Potter),mistral:7b,mistral_7b,1.5,40,crossmodel_mistral_T1.5_p1
Q034,Q,Fictional characters,18,quorra,mistral:7b,mistral_7b,1.5,40,crossmodel_mistral_T1.5_p1
Q034,Q,Fictional characters,19,quixote,mistral:7b,mistral_7b,1.5,40,crossmodel_mistral_T1.5_p1
Q035,R,Songs,0,rollercoaster_roller_coaster,mistral:7b,mistral_7b,1.5,40,crossmodel_mistral_T1.5_p1
Q035,R,Songs,1,rolling in the deep,mistral:7b,mistral_7b,1.5,40,crossmodel_mistral_T1.5_p1
Q035,R,Songs,2,rolling in the deep,mistral:7b,mistral_7b,1.5,40,crossmodel_mistral_T1.5_p1
Q035,R,Songs,3,red red wine,mistral:7b,mistral_7b,1.5,40,crossmodel_mistral_T1.5_p1
Q035,R,Songs,4,rollercoaster_time,mistral:7b,mistral_7b,1.5,40,crossmodel_mistral_T1.5_p1
Q035,R,Songs,5,red red wine,mistral:7b,mistral_7b,1.5,40,crossmodel_mistral_T1.5_p1
Q035,R,Songs,6,red red wine,mistral:7b,mistral_7b,1.5,40,crossmodel_mistral_T1.5_p1
Q035,R,Songs,7,red red wagon,mistral:7b,mistral_7b,1.5,40,crossmodel_mistral_T1.5_p1
Q035,R,Songs,8,red red wine,mistral:7b,mistral_7b,1.5,40,crossmodel_mistral_T1.5_p1
Q035,R,Songs,9,red red wine,mistral:7b,mistral_7b,1.5,40,crossmodel_mistral_T1.5_p1
Q035,R,Songs,10,red red wagon,mistral:7b,mistral_7b,1.5,40,crossmodel_mistral_T1.5_p1
Q035,R,Songs,11,red red wine,mistral:7b,mistral_7b,1.5,40,crossmodel_mistral_T1.5_p1
Q035,R,Songs,12,red red wine,mistral:7b,mistral_7b,1.5,40,crossmodel_mistral_T1.5_p1
Q035,R,Songs,13,rolling in the deep,mistral:7b,mistral_7b,1.5,40,crossmodel_mistral_T1.5_p1
Q035,R,Songs,14,rolling in the deep,mistral:7b,mistral_7b,1.5,40,crossmodel_mistral_T1.5_p1
Q035,R,Songs,15,rolling in the deep,mistral:7b,mistral_7b,1.5,40,crossmodel_mistral_T1.5_p1
Q035,R,Songs,16,red red wine,mistral:7b,mistral_7b,1.5,40,crossmodel_mistral_T1.5_p1
Q035,R,Songs,17,rolling in the deep,mistral:7b,mistral_7b,1.5,40,crossmodel_mistral_T1.5_p1
Q035,R,Songs,18,rolling in the deep,mistral:7b,mistral_7b,1.5,40,crossmodel_mistral_T1.5_p1
Q035,R,Songs,19,rollercoaster ride (song by Eurovision artist Lordi),mistral:7b,mistral_7b,1.5,40,crossmodel_mistral_T1.5_p1
Q036,R,Tools,0,ruler,mistral:7b,mistral_7b,1.5,40,crossmodel_mistral_T1.5_p1
Q036,R,Tools,1,rake,mistral:7b,mistral_7b,1.5,40,crossmodel_mistral_T1.5_p1
Q036,R,Tools,2,rusty saw,mistral:7b,mistral_7b,1.5,40,crossmodel_mistral_T1.5_p1
Q036,R,Tools,3,rotary hammer,mistral:7b,mistral_7b,1.5,40,crossmodel_mistral_T1.5_p1
Q036,R,Tools,4,rake,mistral:7b,mistral_7b,1.5,40,crossmodel_mistral_T1.5_p1
Q036,R,Tools,5,rotary hammer,mistral:7b,mistral_7b,1.5,40,crossmodel_mistral_T1.5_p1
Q036,R,Tools,6,rotary drill,mistral:7b,mistral_7b,1.5,40,crossmodel_mistral_T1.5_p1
Q036,R,Tools,7,rivet saw,mistral:7b,mistral_7b,1.5,40,crossmodel_mistral_T1.5_p1
Q036,R,Tools,8,rake,mistral:7b,mistral_7b,1.5,40,crossmodel_mistral_T1.5_p1
Q036,R,Tools,9,rake,mistral:7b,mistral_7b,1.5,40,crossmodel_mistral_T1.5_p1
Q036,R,Tools,10,rotary hammer,mistral:7b,mistral_7b,1.5,40,crossmodel_mistral_T1.5_p1
Q036,R,Tools,11,rusty rake,mistral:7b,mistral_7b,1.5,40,crossmodel_mistral_T1.5_p1
Q036,R,Tools,12,riving saw,mistral:7b,mistral_7b,1.5,40,crossmodel_mistral_T1.5_p1
Q036,R,Tools,13,rake,mistral:7b,mistral_7b,1.5,40,crossmodel_mistral_T1.5_p1
Q036,R,Tools,14,ratchet wrench,mistral:7b,mistral_7b,1.5,40,crossmodel_mistral_T1.5_p1
Q036,R,Tools,15,ratchet wrench,mistral:7b,mistral_7b,1.5,40,crossmodel_mistral_T1.5_p1
Q036,R,Tools,16,rake,mistral:7b,mistral_7b,1.5,40,crossmodel_mistral_T1.5_p1
Q036,R,Tools,17,rake,mistral:7b,mistral_7b,1.5,40,crossmodel_mistral_T1.5_p1
Q036,R,Tools,18,rake,mistral:7b,mistral_7b,1.5,40,crossmodel_mistral_T1.5_p1
Q036,R,Tools,19,rag wrench,mistral:7b,mistral_7b,1.5,40,crossmodel_mistral_T1.5_p1
Q037,S,Animals,0,sea otter,mistral:7b,mistral_7b,1.5,40,crossmodel_mistral_T1.5_p1
Q037,S,Animals,1,starfish,mistral:7b,mistral_7b,1.5,40,crossmodel_mistral_T1.5_p1
Q037,S,Animals,2,shark spider snake salamander sea turtle squirrel star,mistral:7b,mistral_7b,1.5,40,crossmodel_mistral_T1.5_p1
Q037,S,Animals,3,seagull,mistral:7b,mistral_7b,1.5,40,crossmodel_mistral_T1.5_p1
Q037,S,Animals,4,starfish,mistral:7b,mistral_7b,1.5,40,crossmodel_mistral_T1.5_p1
Q037,S,Animals,5,starfish,mistral:7b,mistral_7b,1.5,40,crossmodel_mistral_T1.5_p1
Q037,S,Animals,6,sea sloth,mistral:7b,mistral_7b,1.5,40,crossmodel_mistral_T1.5_p1
Q037,S,Animals,7,starfish,mistral:7b,mistral_7b,1.5,40,crossmodel_mistral_T1.5_p1
Q037,S,Animals,8,sea slug,mistral:7b,mistral_7b,1.5,40,crossmodel_mistral_T1.5_p1
Q037,S,Animals,9,starfish,mistral:7b,mistral_7b,1.5,40,crossmodel_mistral_T1.5_p1
Q037,S,Animals,10,shark,mistral:7b,mistral_7b,1.5,40,crossmodel_mistral_T1.5_p1
Q037,S,Animals,11,snow leopard,mistral:7b,mistral_7b,1.5,40,crossmodel_mistral_T1.5_p1
Q037,S,Animals,12,snow leopard,mistral:7b,mistral_7b,1.5,40,crossmodel_mistral_T1.5_p1
Q037,S,Animals,13,sea snake,mistral:7b,mistral_7b,1.5,40,crossmodel_mistral_T1.5_p1
Q037,S,Animals,14,starfish,mistral:7b,mistral_7b,1.5,40,crossmodel_mistral_T1.5_p1
Q037,S,Animals,15,starfish,mistral:7b,mistral_7b,1.5,40,crossmodel_mistral_T1.5_p1
Q037,S,Animals,16,shark,mistral:7b,mistral_7b,1.5,40,crossmodel_mistral_T1.5_p1
Q037,S,Animals,17,sea snake,mistral:7b,mistral_7b,1.5,40,crossmodel_mistral_T1.5_p1
Q037,S,Animals,18,shark,mistral:7b,mistral_7b,1.5,40,crossmodel_mistral_T1.5_p1
Q037,S,Animals,19,sea turtle,mistral:7b,mistral_7b,1.5,40,crossmodel_mistral_T1.5_p1
Q038,S,Things in an office,0,stapler,mistral:7b,mistral_7b,1.5,40,crossmodel_mistral_T1.5_p1
Q038,S,Things in an office,1,stapler,mistral:7b,mistral_7b,1.5,40,crossmodel_mistral_T1.5_p1
Q038,S,Things in an office,2,stapler,mistral:7b,mistral_7b,1.5,40,crossmodel_mistral_T1.5_p1
Q038,S,Things in an office,3,stapler,mistral:7b,mistral_7b,1.5,40,crossmodel_mistral_T1.5_p1
Q038,S,Things in an office,4,stapler,mistral:7b,mistral_7b,1.5,40,crossmodel_mistral_T1.5_p1
Q038,S,Things in an office,5,stapler,mistral:7b,mistral_7b,1.5,40,crossmodel_mistral_T1.5_p1
Q038,S,Things in an office,6,stapler,mistral:7b,mistral_7b,1.5,40,crossmodel_mistral_T1.5_p1
Q038,S,Things in an office,7,stapler,mistral:7b,mistral_7b,1.5,40,crossmodel_mistral_T1.5_p1
Q038,S,Things in an office,8,stapler,mistral:7b,mistral_7b,1.5,40,crossmodel_mistral_T1.5_p1
Q038,S,Things in an office,9,stapler,mistral:7b,mistral_7b,1.5,40,crossmodel_mistral_T1.5_p1
Q038,S,Things in an office,10,stapler,mistral:7b,mistral_7b,1.5,40,crossmodel_mistral_T1.5_p1
Q038,S,Things in an office,11,stapler,mistral:7b,mistral_7b,1.5,40,crossmodel_mistral_T1.5_p1
Q038,S,Things in an office,12,stapler,mistral:7b,mistral_7b,1.5,40,crossmodel_mistral_T1.5_p1
Q038,S,Things in an office,13,stapler,mistral:7b,mistral_7b,1.5,40,crossmodel_mistral_T1.5_p1
Q038,S,Things in an office,14,stapler,mistral:7b,mistral_7b,1.5,40,crossmodel_mistral_T1.5_p1
Q038,S,Things in an office,15,stapler,mistral:7b,mistral_7b,1.5,40,crossmodel_mistral_T1.5_p1
Q038,S,Things in an office,16,stapler,mistral:7b,mistral_7b,1.5,40,crossmodel_mistral_T1.5_p1
Q038,S,Things in an office,17,stapler,mistral:7b,mistral_7b,1.5,40,crossmodel_mistral_T1.5_p1
Q038,S,Things in an office,18,stapler,mistral:7b,mistral_7b,1.5,40,crossmodel_mistral_T1.5_p1
Q038,S,Things in an office,19,stapler,mistral:7b,mistral_7b,1.5,40,crossmodel_mistral_T1.5_p1
Q039,T,Countries,0,taiwan,mistral:7b,mistral_7b,1.5,40,crossmodel_mistral_T1.5_p1
Q039,T,Countries,1,tunisia,mistral:7b,mistral_7b,1.5,40,crossmodel_mistral_T1.5_p1
Q039,T,Countries,2,timor-leste,mistral:7b,mistral_7b,1.5,40,crossmodel_mistral_T1.5_p1
Q039,T,Countries,3,tanzania,mistral:7b,mistral_7b,1.5,40,crossmodel_mistral_T1.5_p1
Q039,T,Countries,4,timor-leste,mistral:7b,mistral_7b,1.5,40,crossmodel_mistral_T1.5_p1
Q039,T,Countries,5,timor-leste,mistral:7b,mistral_7b,1.5,40,crossmodel_mistral_T1.5_p1
Q039,T,Countries,6,turkey (Turkey is a country located in Europe and Asia),mistral:7b,mistral_7b,1.5,40,crossmodel_mistral_T1.5_p1
Q039,T,Countries,7,turkey,mistral:7b,mistral_7b,1.5,40,crossmodel_mistral_T1.5_p1
Q039,T,Countries,8,turkey,mistral:7b,mistral_7b,1.5,40,crossmodel_mistral_T1.5_p1
Q039,T,Countries,9,tanzania,mistral:7b,mistral_7b,1.5,40,crossmodel_mistral_T1.5_p1
Q039,T,Countries,10,timor-leste,mistral:7b,mistral_7b,1.5,40,crossmodel_mistral_T1.5_p1
Q039,T,Countries,11,timor-leste,mistral:7b,mistral_7b,1.5,40,crossmodel_mistral_T1.5_p1
Q039,T,Countries,12,tunisia,mistral:7b,mistral_7b,1.5,40,crossmodel_mistral_T1.5_p1
Q039,T,Countries,13,timor-leste,mistral:7b,mistral_7b,1.5,40,crossmodel_mistral_T1.5_p1
Q039,T,Countries,14,timor-leste,mistral:7b,mistral_7b,1.5,40,crossmodel_mistral_T1.5_p1
Q039,T,Countries,15,turkey,mistral:7b,mistral_7b,1.5,40,crossmodel_mistral_T1.5_p1
Q039,T,Countries,16,turkey,mistral:7b,mistral_7b,1.5,40,crossmodel_mistral_T1.5_p1
Q039,T,Countries,17,taiwan,mistral:7b,mistral_7b,1.5,40,crossmodel_mistral_T1.5_p1
Q039,T,Countries,18,timor-leste,mistral:7b,mistral_7b,1.5,40,crossmodel_mistral_T1.5_p1
Q039,T,Countries,19,timor-leste,mistral:7b,mistral_7b,1.5,40,crossmodel_mistral_T1.5_p1
Q040,T,TV shows,0,the twilight zone,mistral:7b,mistral_7b,1.5,40,crossmodel_mistral_T1.5_p1
Q040,T,TV shows,1,"the twisteds

I picked The Twilight Zone as it is a",mistral:7b,mistral_7b,1.5,40,crossmodel_mistral_T1.5_p1
Q040,T,TV shows,2,the simpsons,mistral:7b,mistral_7b,1.5,40,crossmodel_mistral_T1.5_p1
Q040,T,TV shows,3,the twilight zone,mistral:7b,mistral_7b,1.5,40,crossmodel_mistral_T1.5_p1
Q040,T,TV shows,4,the Office (US),mistral:7b,mistral_7b,1.5,40,crossmodel_mistral_T1.5_p1
Q040,T,TV shows,5,the twilight zone,mistral:7b,mistral_7b,1.5,40,crossmodel_mistral_T1.5_p1
Q040,T,TV shows,6,the twilight zone,mistral:7b,mistral_7b,1.5,40,crossmodel_mistral_T1.5_p1
Q040,T,TV shows,7,the twist (tv series),mistral:7b,mistral_7b,1.5,40,crossmodel_mistral_T1.5_p1
Q040,T,TV shows,8,the twilight zone,mistral:7b,mistral_7b,1.5,40,crossmodel_mistral_T1.5_p1
Q040,T,TV shows,9,the twilight zone,mistral:7b,mistral_7b,1.5,40,crossmodel_mistral_T1.5_p1
Q040,T,TV shows,10,the twilight zone,mistral:7b,mistral_7b,1.5,40,crossmodel_mistral_T1.5_p1
Q040,T,TV shows,11,the-off,mistral:7b,mistral_7b,1.5,40,crossmodel_mistral_T1.5_p1
Q040,T,TV shows,12,the twilight zone,mistral:7b,mistral_7b,1.5,40,crossmodel_mistral_T1.5_p1
Q040,T,TV shows,13,the flintstones,mistral:7b,mistral_7b,1.5,40,crossmodel_mistral_T1.5_p1
Q040,T,TV shows,14,the twilight zone,mistral:7b,mistral_7b,1.5,40,crossmodel_mistral_T1.5_p1
Q040,T,TV shows,15,the-off,mistral:7b,mistral_7b,1.5,40,crossmodel_mistral_T1.5_p1
Q040,T,TV shows,16,the office (u.s.),mistral:7b,mistral_7b,1.5,40,crossmodel_mistral_T1.5_p1
Q040,T,TV shows,17,the twilight zone,mistral:7b,mistral_7b,1.5,40,crossmodel_mistral_T1.5_p1
Q040,T,TV shows,18,the twilight zone,mistral:7b,mistral_7b,1.5,40,crossmodel_mistral_T1.5_p1
Q040,T,TV shows,19,the twilight zone,mistral:7b,mistral_7b,1.5,40,crossmodel_mistral_T1.5_p1
Q041,U,U.S. colleges,0,university of utah,mistral:7b,mistral_7b,1.5,40,crossmodel_mistral_T1.5_p1
Q041,U,U.S. colleges,1,university of utah,mistral:7b,mistral_7b,1.5,40,crossmodel_mistral_T1.5_p1
Q041,U,U.S. colleges,2,university of utah,mistral:7b,mistral_7b,1.5,40,crossmodel_mistral_T1.5_p1
Q041,U,U.S. colleges,3,university of utah,mistral:7b,mistral_7b,1.5,40,crossmodel_mistral_T1.5_p1
Q041,U,U.S. colleges,4,university of utah,mistral:7b,mistral_7b,1.5,40,crossmodel_mistral_T1.5_p1
Q041,U,U.S. colleges,5,university of utah,mistral:7b,mistral_7b,1.5,40,crossmodel_mistral_T1.5_p1
Q041,U,U.S. colleges,6,university of utah,mistral:7b,mistral_7b,1.5,40,crossmodel_mistral_T1.5_p1
Q041,U,U.S. colleges,7,university of utah,mistral:7b,mistral_7b,1.5,40,crossmodel_mistral_T1.5_p1
Q041,U,U.S. colleges,8,university of utah,mistral:7b,mistral_7b,1.5,40,crossmodel_mistral_T1.5_p1
Q041,U,U.S. colleges,9,university of utah,mistral:7b,mistral_7b,1.5,40,crossmodel_mistral_T1.5_p1
Q041,U,U.S. colleges,10,urban-utah,mistral:7b,mistral_7b,1.5,40,crossmodel_mistral_T1.5_p1
Q041,U,U.S. colleges,11,university of utah,mistral:7b,mistral_7b,1.5,40,crossmodel_mistral_T1.5_p1
Q041,U,U.S. colleges,12,university of utah,mistral:7b,mistral_7b,1.5,40,crossmodel_mistral_T1.5_p1
Q041,U,U.S. colleges,13,university of utah,mistral:7b,mistral_7b,1.5,40,crossmodel_mistral_T1.5_p1
Q041,U,U.S. colleges,14,university of utah,mistral:7b,mistral_7b,1.5,40,crossmodel_mistral_T1.5_p1
Q041,U,U.S. colleges,15,university of utah,mistral:7b,mistral_7b,1.5,40,crossmodel_mistral_T1.5_p1
Q041,U,U.S. colleges,16,university of utah,mistral:7b,mistral_7b,1.5,40,crossmodel_mistral_T1.5_p1
Q041,U,U.S. colleges,17,university of utah,mistral:7b,mistral_7b,1.5,40,crossmodel_mistral_T1.5_p1
Q041,U,U.S. colleges,18,university of utah,mistral:7b,mistral_7b,1.5,40,crossmodel_mistral_T1.5_p1
Q041,U,U.S. colleges,19,university of utah,mistral:7b,mistral_7b,1.5,40,crossmodel_mistral_T1.5_p1
Q042,U,Things in a garage,0,utility cart,mistral:7b,mistral_7b,1.5,40,crossmodel_mistral_T1.5_p1
Q042,U,Things in a garage,1,umbrella jack stand wheelbarrow utensils,mistral:7b,mistral_7b,1.5,40,crossmodel_mistral_T1.5_p1
Q042,U,Things in a garage,2,universal union,mistral:7b,mistral_7b,1.5,40,crossmodel_mistral_T1.5_p1
Q042,U,Things in a garage,3,utility bike,mistral:7b,mistral_7b,1.5,40,crossmodel_mistral_T1.5_p1
Q042,U,Things in a garage,4,utility cart,mistral:7b,mistral_7b,1.5,40,crossmodel_mistral_T1.5_p1
Q042,U,Things in a garage,5,upholstery hammer,mistral:7b,mistral_7b,1.5,40,crossmodel_mistral_T1.5_p1
Q042,U,Things in a garage,6,utility cart,mistral:7b,mistral_7b,1.5,40,crossmodel_mistral_T1.5_p1
Q042,U,Things in a garage,7,utility cart,mistral:7b,mistral_7b,1.5,40,crossmodel_mistral_T1.5_p1
Q042,U,Things in a garage,8,utility shovel,mistral:7b,mistral_7b,1.5,40,crossmodel_mistral_T1.5_p1
Q042,U,Things in a garage,9,utility bike,mistral:7b,mistral_7b,1.5,40,crossmodel_mistral_T1.5_p1
Q042,U,Things in a garage,10,utility vehicle,mistral:7b,mistral_7b,1.5,40,crossmodel_mistral_T1.5_p1
Q042,U,Things in a garage,11,universal joint,mistral:7b,mistral_7b,1.5,40,crossmodel_mistral_T1.5_p1
Q042,U,Things in a garage,12,utility vehicle,mistral:7b,mistral_7b,1.5,40,crossmodel_mistral_T1.5_p1
Q042,U,Things in a garage,13,utility bike,mistral:7b,mistral_7b,1.5,40,crossmodel_mistral_T1.5_p1
Q042,U,Things in a garage,14,universaltireultrasoniccleanerusbboxutilityknife,mistral:7b,mistral_7b,1.5,40,crossmodel_mistral_T1.5_p1
Q042,U,Things in a garage,15,utility belt,mistral:7b,mistral_7b,1.5,40,crossmodel_mistral_T1.5_p1
Q042,U,Things in a garage,16,utility bike,mistral:7b,mistral_7b,1.5,40,crossmodel_mistral_T1.5_p1
Q042,U,Things in a garage,17,utility bike,mistral:7b,mistral_7b,1.5,40,crossmodel_mistral_T1.5_p1
Q042,U,Things in a garage,18,utensilrack,mistral:7b,mistral_7b,1.5,40,crossmodel_mistral_T1.5_p1
Q042,U,Things in a garage,19,universal solvent,mistral:7b,mistral_7b,1.5,40,crossmodel_mistral_T1.5_p1
Q043,V,Jobs,0,veterinarian,mistral:7b,mistral_7b,1.5,40,crossmodel_mistral_T1.5_p1
Q043,V,Jobs,1,veterinarian,mistral:7b,mistral_7b,1.5,40,crossmodel_mistral_T1.5_p1
Q043,V,Jobs,2,veterinarian,mistral:7b,mistral_7b,1.5,40,crossmodel_mistral_T1.5_p1
Q043,V,Jobs,3,veterinarian,mistral:7b,mistral_7b,1.5,40,crossmodel_mistral_T1.5_p1
Q043,V,Jobs,4,veterinarian,mistral:7b,mistral_7b,1.5,40,crossmodel_mistral_T1.5_p1
Q043,V,Jobs,5,veterinarian,mistral:7b,mistral_7b,1.5,40,crossmodel_mistral_T1.5_p1
Q043,V,Jobs,6,veterinarian,mistral:7b,mistral_7b,1.5,40,crossmodel_mistral_T1.5_p1
Q043,V,Jobs,7,veterinarian,mistral:7b,mistral_7b,1.5,40,crossmodel_mistral_T1.5_p1
Q043,V,Jobs,8,veterinarian,mistral:7b,mistral_7b,1.5,40,crossmodel_mistral_T1.5_p1
Q043,V,Jobs,9,veterinarian,mistral:7b,mistral_7b,1.5,40,crossmodel_mistral_T1.5_p1
Q043,V,Jobs,10,veterinarian,mistral:7b,mistral_7b,1.5,40,crossmodel_mistral_T1.5_p1
Q043,V,Jobs,11,veterinarian,mistral:7b,mistral_7b,1.5,40,crossmodel_mistral_T1.5_p1
Q043,V,Jobs,12,veterinarian,mistral:7b,mistral_7b,1.5,40,crossmodel_mistral_T1.5_p1
Q043,V,Jobs,13,veterinarian,mistral:7b,mistral_7b,1.5,40,crossmodel_mistral_T1.5_p1
Q043,V,Jobs,14,veterinarian,mistral:7b,mistral_7b,1.5,40,crossmodel_mistral_T1.5_p1
Q043,V,Jobs,15,veterinarian,mistral:7b,mistral_7b,1.5,40,crossmodel_mistral_T1.5_p1
Q043,V,Jobs,16,veterinarian,mistral:7b,mistral_7b,1.5,40,crossmodel_mistral_T1.5_p1
Q043,V,Jobs,17,veterinarian,mistral:7b,mistral_7b,1.5,40,crossmodel_mistral_T1.5_p1
Q043,V,Jobs,18,veterinarian,mistral:7b,mistral_7b,1.5,40,crossmodel_mistral_T1.5_p1
Q043,V,Jobs,19,veterinarian,mistral:7b,mistral_7b,1.5,40,crossmodel_mistral_T1.5_p1
Q044,V,Things you wear,0,velvet vest,mistral:7b,mistral_7b,1.5,40,crossmodel_mistral_T1.5_p1
Q044,V,Things you wear,1,violet scarf,mistral:7b,mistral_7b,1.5,40,crossmodel_mistral_T1.5_p1
Q044,V,Things you wear,2,velvet vest,mistral:7b,mistral_7b,1.5,40,crossmodel_mistral_T1.5_p1
Q044,V,Things you wear,3,v-establishment,mistral:7b,mistral_7b,1.5,40,crossmodel_mistral_T1.5_p1
Q044,V,Things you wear,4,vest,mistral:7b,mistral_7b,1.5,40,crossmodel_mistral_T1.5_p1
Q044,V,Things you wear,5,viking helmet,mistral:7b,mistral_7b,1.5,40,crossmodel_mistral_T1.5_p1
Q044,V,Things you wear,6,velvet vest,mistral:7b,mistral_7b,1.5,40,crossmodel_mistral_T1.5_p1
Q044,V,Things you wear,7,viking helmet,mistral:7b,mistral_7b,1.5,40,crossmodel_mistral_T1.5_p1
Q044,V,Things you wear,8,velvet vest,mistral:7b,mistral_7b,1.5,40,crossmodel_mistral_T1.5_p1
Q044,V,Things you wear,9,velvet vest,mistral:7b,mistral_7b,1.5,40,crossmodel_mistral_T1.5_p1
Q044,V,Things you wear,10,violet scarf,mistral:7b,mistral_7b,1.5,40,crossmodel_mistral_T1.5_p1
Q044,V,Things you wear,11,velvet vest,mistral:7b,mistral_7b,1.5,40,crossmodel_mistral_T1.5_p1
Q044,V,Things you wear,12,velvet vest,mistral:7b,mistral_7b,1.5,40,crossmodel_mistral_T1.5_p1
Q044,V,Things you wear,13,velvet vest,mistral:7b,mistral_7b,1.5,40,crossmodel_mistral_T1.5_p1
Q044,V,Things you wear,14,vest,mistral:7b,mistral_7b,1.5,40,crossmodel_mistral_T1.5_p1
Q044,V,Things you wear,15,vest (or vests),mistral:7b,mistral_7b,1.5,40,crossmodel_mistral_T1.5_p1
Q044,V,Things you wear,16,velvet vest,mistral:7b,mistral_7b,1.5,40,crossmodel_mistral_T1.5_p1
Q044,V,Things you wear,17,velvet vest,mistral:7b,mistral_7b,1.5,40,crossmodel_mistral_T1.5_p1
Q044,V,Things you wear,18,velvet vest,mistral:7b,mistral_7b,1.5,40,crossmodel_mistral_T1.5_p1
Q044,V,Things you wear,19,velvet vest,mistral:7b,mistral_7b,1.5,40,crossmodel_mistral_T1.5_p1
Q045,W,Cities,0,wisconsin-dells,mistral:7b,mistral_7b,1.5,40,crossmodel_mistral_T1.5_p1
Q045,W,Cities,1,washington-dc,mistral:7b,mistral_7b,1.5,40,crossmodel_mistral_T1.5_p1
Q045,W,Cities,2,waterloo,mistral:7b,mistral_7b,1.5,40,crossmodel_mistral_T1.5_p1
Q045,W,Cities,3,waynesboro,mistral:7b,mistral_7b,1.5,40,crossmodel_mistral_T1.5_p1
Q045,W,Cities,4,"wayne (Wayne, Pennsylvania)",mistral:7b,mistral_7b,1.5,40,crossmodel_mistral_T1.5_p1
Q045,W,Cities,5,washington-dc,mistral:7b,mistral_7b,1.5,40,crossmodel_mistral_T1.5_p1
Q045,W,Cities,6,wichita,mistral:7b,mistral_7b,1.5,40,crossmodel_mistral_T1.5_p1
Q045,W,Cities,7,westminster (London),mistral:7b,mistral_7b,1.5,40,crossmodel_mistral_T1.5_p1
Q045,W,Cities,8,winnipeg,mistral:7b,mistral_7b,1.5,40,crossmodel_mistral_T1.5_p1
Q045,W,Cities,9,wellington,mistral:7b,mistral_7b,1.5,40,crossmodel_mistral_T1.5_p1
Q045,W,Cities,10,whitehorse,mistral:7b,mistral_7b,1.5,40,crossmodel_mistral_T1.5_p1
Q045,W,Cities,11,wyomingchester,mistral:7b,mistral_7b,1.5,40,crossmodel_mistral_T1.5_p1
Q045,W,Cities,12,winnipeg,mistral:7b,mistral_7b,1.5,40,crossmodel_mistral_T1.5_p1
Q045,W,Cities,13,winnipeg,mistral:7b,mistral_7b,1.5,40,crossmodel_mistral_T1.5_p1
Q045,W,Cities,14,wellington,mistral:7b,mistral_7b,1.5,40,crossmodel_mistral_T1.5_p1
Q045,W,Cities,15,welches (Switzerland),mistral:7b,mistral_7b,1.5,40,crossmodel_mistral_T1.5_p1
Q045,W,Cities,16,windhoek,mistral:7b,mistral_7b,1.5,40,crossmodel_mistral_T1.5_p1
Q045,W,Cities,17,washington d.c.,mistral:7b,mistral_7b,1.5,40,crossmodel_mistral_T1.5_p1
Q045,W,Cities,18,whistler,mistral:7b,mistral_7b,1.5,40,crossmodel_mistral_T1.5_p1
Q045,W,Cities,19,worcester,mistral:7b,mistral_7b,1.5,40,crossmodel_mistral_T1.5_p1
Q046,W,Things in a park,0,wisteria arch,mistral:7b,mistral_7b,1.5,40,crossmodel_mistral_T1.5_p1
Q046,W,Things in a park,1,water fountain,mistral:7b,mistral_7b,1.5,40,crossmodel_mistral_T1.5_p1
Q046,W,Things in a park,2,willow tree,mistral:7b,mistral_7b,1.5,40,crossmodel_mistral_T1.5_p1
Q046,W,Things in a park,3,wisteria,mistral:7b,mistral_7b,1.5,40,crossmodel_mistral_T1.5_p1
Q046,W,Things in a park,4,water fountain,mistral:7b,mistral_7b,1.5,40,crossmodel_mistral_T1.5_p1
Q046,W,Things in a park,5,water fountain,mistral:7b,mistral_7b,1.5,40,crossmodel_mistral_T1.5_p1
Q046,W,Things in a park,6,waterfall-willow,mistral:7b,mistral_7b,1.5,40,crossmodel_mistral_T1.5_p1
Q046,W,Things in a park,7,waterfall,mistral:7b,mistral_7b,1.5,40,crossmodel_mistral_T1.5_p1
Q046,W,Things in a park,8,willow tree,mistral:7b,mistral_7b,1.5,40,crossmodel_mistral_T1.5_p1
Q046,W,Things in a park,9,willow_tree,mistral:7b,mistral_7b,1.5,40,crossmodel_mistral_T1.5_p1
Q046,W,Things in a park,10,waterfall walnut wagon wheel wrought-iron bench weathered woodway walk,mistral:7b,mistral_7b,1.5,40,crossmodel_mistral_T1.5_p1
Q046,W,Things in a park,11,willow tree,mistral:7b,mistral_7b,1.5,40,crossmodel_mistral_T1.5_p1
Q046,W,Things in a park,12,wading pool,mistral:7b,mistral_7b,1.5,40,crossmodel_mistral_T1.5_p1
Q046,W,Things in a park,13,"waterwell (for ""water feature"")",mistral:7b,mistral_7b,1.5,40,crossmodel_mistral_T1.5_p1
Q046,W,Things in a park,14,willow_tree,mistral:7b,mistral_7b,1.5,40,crossmodel_mistral_T1.5_p1
Q046,W,Things in a park,15,wading pool,mistral:7b,mistral_7b,1.5,40,crossmodel_mistral_T1.5_p1
Q046,W,Things in a park,16,wickerbench,mistral:7b,mistral_7b,1.5,40,crossmodel_mistral_T1.5_p1
Q046,W,Things in a park,17,willow tree,mistral:7b,mistral_7b,1.5,40,crossmodel_mistral_T1.5_p1
Q046,W,Things in a park,18,willow-tree,mistral:7b,mistral_7b,1.5,40,crossmodel_mistral_T1.5_p1
Q046,W,Things in a park,19,willow_tree,mistral:7b,mistral_7b,1.5,40,crossmodel_mistral_T1.5_p1
Q047,X,Brands,0,xerox,mistral:7b,mistral_7b,1.5,40,crossmodel_mistral_T1.5_p1
Q047,X,Brands,1,xerox (photocopier brand),mistral:7b,mistral_7b,1.5,40,crossmodel_mistral_T1.5_p1
Q047,X,Brands,2,xerox (a well-known brand for office equipment and document solutions),mistral:7b,mistral_7b,1.5,40,crossmodel_mistral_T1.5_p1
Q047,X,Brands,3,"xbox

Explanation: XBOX is a well-known brand",mistral:7b,mistral_7b,1.5,40,crossmodel_mistral_T1.5_p1
Q047,X,Brands,4,xerox,mistral:7b,mistral_7b,1.5,40,crossmodel_mistral_T1.5_p1
Q047,X,Brands,5,xbox,mistral:7b,mistral_7b,1.5,40,crossmodel_mistral_T1.5_p1
Q047,X,Brands,6,xerox,mistral:7b,mistral_7b,1.5,40,crossmodel_mistral_T1.5_p1
Q047,X,Brands,7,xbox,mistral:7b,mistral_7b,1.5,40,crossmodel_mistral_T1.5_p1
Q047,X,Brands,8,xerox (photocopier),mistral:7b,mistral_7b,1.5,40,crossmodel_mistral_T1.5_p1
Q047,X,Brands,9,xbox,mistral:7b,mistral_7b,1.5,40,crossmodel_mistral_T1.5_p1
Q047,X,Brands,10,xbox,mistral:7b,mistral_7b,1.5,40,crossmodel_mistral_T1.5_p1
Q047,X,Brands,11,xerox,mistral:7b,mistral_7b,1.5,40,crossmodel_mistral_T1.5_p1
Q047,X,Brands,12,xerox,mistral:7b,mistral_7b,1.5,40,crossmodel_mistral_T1.5_p1
Q047,X,Brands,13,xerox,mistral:7b,mistral_7b,1.5,40,crossmodel_mistral_T1.5_p1
Q047,X,Brands,14,xbox,mistral:7b,mistral_7b,1.5,40,crossmodel_mistral_T1.5_p1
Q047,X,Brands,15,"xbox

Explanation: XBOX is a brand of video game",mistral:7b,mistral_7b,1.5,40,crossmodel_mistral_T1.5_p1
Q047,X,Brands,16,xerox,mistral:7b,mistral_7b,1.5,40,crossmodel_mistral_T1.5_p1
Q047,X,Brands,17,xbox,mistral:7b,mistral_7b,1.5,40,crossmodel_mistral_T1.5_p1
Q047,X,Brands,18,xbox (Microsoft gaming console),mistral:7b,mistral_7b,1.5,40,crossmodel_mistral_T1.5_p1
Q047,X,Brands,19,xbox,mistral:7b,mistral_7b,1.5,40,crossmodel_mistral_T1.5_p1
Q048,X,Words in English,0,xylophone,mistral:7b,mistral_7b,1.5,40,crossmodel_mistral_T1.5_p1
Q048,X,Words in English,1,xylophone,mistral:7b,mistral_7b,1.5,40,crossmodel_mistral_T1.5_p1
Q048,X,Words in English,2,xylophone,mistral:7b,mistral_7b,1.5,40,crossmodel_mistral_T1.5_p1
Q048,X,Words in English,3,xylophone,mistral:7b,mistral_7b,1.5,40,crossmodel_mistral_T1.5_p1
Q048,X,Words in English,4,xylophone,mistral:7b,mistral_7b,1.5,40,crossmodel_mistral_T1.5_p1
Q048,X,Words in English,5,xylophone,mistral:7b,mistral_7b,1.5,40,crossmodel_mistral_T1.5_p1
Q048,X,Words in English,6,xylophone,mistral:7b,mistral_7b,1.5,40,crossmodel_mistral_T1.5_p1
Q048,X,Words in English,7,xylophone,mistral:7b,mistral_7b,1.5,40,crossmodel_mistral_T1.5_p1
Q048,X,Words in English,8,xylophone,mistral:7b,mistral_7b,1.5,40,crossmodel_mistral_T1.5_p1
Q048,X,Words in English,9,xylophone,mistral:7b,mistral_7b,1.5,40,crossmodel_mistral_T1.5_p1
Q048,X,Words in English,10,xylophone,mistral:7b,mistral_7b,1.5,40,crossmodel_mistral_T1.5_p1
Q048,X,Words in English,11,xylophone,mistral:7b,mistral_7b,1.5,40,crossmodel_mistral_T1.5_p1
Q048,X,Words in English,12,xylophone,mistral:7b,mistral_7b,1.5,40,crossmodel_mistral_T1.5_p1
Q048,X,Words in English,13,xylophone,mistral:7b,mistral_7b,1.5,40,crossmodel_mistral_T1.5_p1
Q048,X,Words in English,14,xylophone,mistral:7b,mistral_7b,1.5,40,crossmodel_mistral_T1.5_p1
Q048,X,Words in English,15,xylophone,mistral:7b,mistral_7b,1.5,40,crossmodel_mistral_T1.5_p1
Q048,X,Words in English,16,xylophone,mistral:7b,mistral_7b,1.5,40,crossmodel_mistral_T1.5_p1
Q048,X,Words in English,17,xylophone,mistral:7b,mistral_7b,1.5,40,crossmodel_mistral_T1.5_p1
Q048,X,Words in English,18,xylophone,mistral:7b,mistral_7b,1.5,40,crossmodel_mistral_T1.5_p1
Q048,X,Words in English,19,xylophone,mistral:7b,mistral_7b,1.5,40,crossmodel_mistral_T1.5_p1
Q049,Y,Foods,0,yam fritters,mistral:7b,mistral_7b,1.5,40,crossmodel_mistral_T1.5_p1
Q049,Y,Foods,1,yellowbell pepper,mistral:7b,mistral_7b,1.5,40,crossmodel_mistral_T1.5_p1
Q049,Y,Foods,2,yam cake,mistral:7b,mistral_7b,1.5,40,crossmodel_mistral_T1.5_p1
Q049,Y,Foods,3,yellow yolk,mistral:7b,mistral_7b,1.5,40,crossmodel_mistral_T1.5_p1
Q049,Y,Foods,4,yam fritter,mistral:7b,mistral_7b,1.5,40,crossmodel_mistral_T1.5_p1
Q049,Y,Foods,5,yam fritter,mistral:7b,mistral_7b,1.5,40,crossmodel_mistral_T1.5_p1
Q049,Y,Foods,6,yellowfin tuna,mistral:7b,mistral_7b,1.5,40,crossmodel_mistral_T1.5_p1
Q049,Y,Foods,7,yogurt,mistral:7b,mistral_7b,1.5,40,crossmodel_mistral_T1.5_p1
Q049,Y,Foods,8,yogurt,mistral:7b,mistral_7b,1.5,40,crossmodel_mistral_T1.5_p1
Q049,Y,Foods,9,yogurt,mistral:7b,mistral_7b,1.5,40,crossmodel_mistral_T1.5_p1
Q049,Y,Foods,10,yogurt,mistral:7b,mistral_7b,1.5,40,crossmodel_mistral_T1.5_p1
Q049,Y,Foods,11,yam fritters,mistral:7b,mistral_7b,1.5,40,crossmodel_mistral_T1.5_p1
Q049,Y,Foods,12,yogurt,mistral:7b,mistral_7b,1.5,40,crossmodel_mistral_T1.5_p1
Q049,Y,Foods,13,yellow bell pepper,mistral:7b,mistral_7b,1.5,40,crossmodel_mistral_T1.5_p1
Q049,Y,Foods,14,yam fritters,mistral:7b,mistral_7b,1.5,40,crossmodel_mistral_T1.5_p1
Q049,Y,Foods,15,yellow bell pepper,mistral:7b,mistral_7b,1.5,40,crossmodel_mistral_T1.5_p1
Q049,Y,Foods,16,yellow bell pepper,mistral:7b,mistral_7b,1.5,40,crossmodel_mistral_T1.5_p1
Q049,Y,Foods,17,yogurt,mistral:7b,mistral_7b,1.5,40,crossmodel_mistral_T1.5_p1
Q049,Y,Foods,18,yam fritters,mistral:7b,mistral_7b,1.5,40,crossmodel_mistral_T1.5_p1
Q049,Y,Foods,19,yam fritters,mistral:7b,mistral_7b,1.5,40,crossmodel_mistral_T1.5_p1
Q050,Y,Things at a party,0,yacht cocktail,mistral:7b,mistral_7b,1.5,40,crossmodel_mistral_T1.5_p1
Q050,Y,Things at a party,1,yak appetizer,mistral:7b,mistral_7b,1.5,40,crossmodel_mistral_T1.5_p1
Q050,Y,Things at a party,2,yellow balloons,mistral:7b,mistral_7b,1.5,40,crossmodel_mistral_T1.5_p1
Q050,Y,Things at a party,3,yellow balloons,mistral:7b,mistral_7b,1.5,40,crossmodel_mistral_T1.5_p1
Q050,Y,Things at a party,4,yacht party,mistral:7b,mistral_7b,1.5,40,crossmodel_mistral_T1.5_p1
Q050,Y,Things at a party,5,yellow balloons,mistral:7b,mistral_7b,1.5,40,crossmodel_mistral_T1.5_p1
Q050,Y,Things at a party,6,yakitori,mistral:7b,mistral_7b,1.5,40,crossmodel_mistral_T1.5_p1
Q050,Y,Things at a party,7,yakitos,mistral:7b,mistral_7b,1.5,40,crossmodel_mistral_T1.5_p1
Q050,Y,Things at a party,8,yellow balloon,mistral:7b,mistral_7b,1.5,40,crossmodel_mistral_T1.5_p1
Q050,Y,Things at a party,9,yellow balloons,mistral:7b,mistral_7b,1.5,40,crossmodel_mistral_T1.5_p1
Q050,Y,Things at a party,10,yakittyinflatables,mistral:7b,mistral_7b,1.5,40,crossmodel_mistral_T1.5_p1
Q050,Y,Things at a party,11,yak costume,mistral:7b,mistral_7b,1.5,40,crossmodel_mistral_T1.5_p1
Q050,Y,Things at a party,12,yakety-york-guitar,mistral:7b,mistral_7b,1.5,40,crossmodel_mistral_T1.5_p1
Q050,Y,Things at a party,13,yak-Appetizer,mistral:7b,mistral_7b,1.5,40,crossmodel_mistral_T1.5_p1
Q050,Y,Things at a party,14,yard drinks,mistral:7b,mistral_7b,1.5,40,crossmodel_mistral_T1.5_p1
Q050,Y,Things at a party,15,yellow balloons,mistral:7b,mistral_7b,1.5,40,crossmodel_mistral_T1.5_p1
Q050,Y,Things at a party,16,yard-decoration,mistral:7b,mistral_7b,1.5,40,crossmodel_mistral_T1.5_p1
Q050,Y,Things at a party,17,yakkov's hat,mistral:7b,mistral_7b,1.5,40,crossmodel_mistral_T1.5_p1
Q050,Y,Things at a party,18,yakitori,mistral:7b,mistral_7b,1.5,40,crossmodel_mistral_T1.5_p1
Q050,Y,Things at a party,19,yellow balloons,mistral:7b,mistral_7b,1.5,40,crossmodel_mistral_T1.5_p1
Q051,Z,Animals,0,zebra,mistral:7b,mistral_7b,1.5,40,crossmodel_mistral_T1.5_p1
Q051,Z,Animals,1,zebra,mistral:7b,mistral_7b,1.5,40,crossmodel_mistral_T1.5_p1
Q051,Z,Animals,2,zebra,mistral:7b,mistral_7b,1.5,40,crossmodel_mistral_T1.5_p1
Q051,Z,Animals,3,zebra,mistral:7b,mistral_7b,1.5,40,crossmodel_mistral_T1.5_p1
Q051,Z,Animals,4,zebra,mistral:7b,mistral_7b,1.5,40,crossmodel_mistral_T1.5_p1
Q051,Z,Animals,5,zebra,mistral:7b,mistral_7b,1.5,40,crossmodel_mistral_T1.5_p1
Q051,Z,Animals,6,zebra,mistral:7b,mistral_7b,1.5,40,crossmodel_mistral_T1.5_p1
Q051,Z,Animals,7,zebra,mistral:7b,mistral_7b,1.5,40,crossmodel_mistral_T1.5_p1
Q051,Z,Animals,8,zebra,mistral:7b,mistral_7b,1.5,40,crossmodel_mistral_T1.5_p1
Q051,Z,Animals,9,zebra,mistral:7b,mistral_7b,1.5,40,crossmodel_mistral_T1.5_p1
Q051,Z,Animals,10,zebra,mistral:7b,mistral_7b,1.5,40,crossmodel_mistral_T1.5_p1
Q051,Z,Animals,11,zebra,mistral:7b,mistral_7b,1.5,40,crossmodel_mistral_T1.5_p1
Q051,Z,Animals,12,zebra,mistral:7b,mistral_7b,1.5,40,crossmodel_mistral_T1.5_p1
Q051,Z,Animals,13,zebra,mistral:7b,mistral_7b,1.5,40,crossmodel_mistral_T1.5_p1
Q051,Z,Animals,14,zebra,mistral:7b,mistral_7b,1.5,40,crossmodel_mistral_T1.5_p1
Q051,Z,Animals,15,zebra,mistral:7b,mistral_7b,1.5,40,crossmodel_mistral_T1.5_p1
Q051,Z,Animals,16,zebra,mistral:7b,mistral_7b,1.5,40,crossmodel_mistral_T1.5_p1
Q051,Z,Animals,17,zebra,mistral:7b,mistral_7b,1.5,40,crossmodel_mistral_T1.5_p1
Q051,Z,Animals,18,zebra,mistral:7b,mistral_7b,1.5,40,crossmodel_mistral_T1.5_p1
Q051,Z,Animals,19,zebra,mistral:7b,mistral_7b,1.5,40,crossmodel_mistral_T1.5_p1
Q052,Z,Things in a zoo,0,zebra,mistral:7b,mistral_7b,1.5,40,crossmodel_mistral_T1.5_p1
Q052,Z,Things in a zoo,1,zebra,mistral:7b,mistral_7b,1.5,40,crossmodel_mistral_T1.5_p1
Q052,Z,Things in a zoo,2,zebra,mistral:7b,mistral_7b,1.5,40,crossmodel_mistral_T1.5_p1
Q052,Z,Things in a zoo,3,zebra,mistral:7b,mistral_7b,1.5,40,crossmodel_mistral_T1.5_p1
Q052,Z,Things in a zoo,4,zebra,mistral:7b,mistral_7b,1.5,40,crossmodel_mistral_T1.5_p1
Q052,Z,Things in a zoo,5,zebra,mistral:7b,mistral_7b,1.5,40,crossmodel_mistral_T1.5_p1
Q052,Z,Things in a zoo,6,zebra,mistral:7b,mistral_7b,1.5,40,crossmodel_mistral_T1.5_p1
Q052,Z,Things in a zoo,7,zebra,mistral:7b,mistral_7b,1.5,40,crossmodel_mistral_T1.5_p1
Q052,Z,Things in a zoo,8,zebra,mistral:7b,mistral_7b,1.5,40,crossmodel_mistral_T1.5_p1
Q052,Z,Things in a zoo,9,zebra,mistral:7b,mistral_7b,1.5,40,crossmodel_mistral_T1.5_p1
Q052,Z,Things in a zoo,10,zebra,mistral:7b,mistral_7b,1.5,40,crossmodel_mistral_T1.5_p1
Q052,Z,Things in a zoo,11,zebra,mistral:7b,mistral_7b,1.5,40,crossmodel_mistral_T1.5_p1
Q052,Z,Things in a zoo,12,zebra,mistral:7b,mistral_7b,1.5,40,crossmodel_mistral_T1.5_p1
Q052,Z,Things in a zoo,13,zebra,mistral:7b,mistral_7b,1.5,40,crossmodel_mistral_T1.5_p1
Q052,Z,Things in a zoo,14,zebra,mistral:7b,mistral_7b,1.5,40,crossmodel_mistral_T1.5_p1
Q052,Z,Things in a zoo,15,zebra,mistral:7b,mistral_7b,1.5,40,crossmodel_mistral_T1.5_p1
Q052,Z,Things in a zoo,16,zebra,mistral:7b,mistral_7b,1.5,40,crossmodel_mistral_T1.5_p1
Q052,Z,Things in a zoo,17,zebra,mistral:7b,mistral_7b,1.5,40,crossmodel_mistral_T1.5_p1
Q052,Z,Things in a zoo,18,zebra,mistral:7b,mistral_7b,1.5,40,crossmodel_mistral_T1.5_p1
Q052,Z,Things in a zoo,19,zebra,mistral:7b,mistral_7b,1.5,40,crossmodel_mistral_T1.5_p1
Q053,A,Things in a kitchen,0,"apron aid

Note: This response is designed to fit within the rules",mistral:7b,mistral_7b,1.5,40,crossmodel_mistral_T1.5_p1
Q053,A,Things in a kitchen,1,apron aid,mistral:7b,mistral_7b,1.5,40,crossmodel_mistral_T1.5_p1
Q053,A,Things in a kitchen,2,apron avocado,mistral:7b,mistral_7b,1.5,40,crossmodel_mistral_T1.5_p1
Q053,A,Things in a kitchen,3,appliancerack,mistral:7b,mistral_7b,1.5,40,crossmodel_mistral_T1.5_p1
Q053,A,Things in a kitchen,4,"apple juice

Just to clarify, the given example would be written as",mistral:7b,mistral_7b,1.5,40,crossmodel_mistral_T1.5_p1
Q053,A,Things in a kitchen,5,apron,mistral:7b,mistral_7b,1.5,40,crossmodel_mistral_T1.5_p1
Q053,A,Things in a kitchen,6,apron,mistral:7b,mistral_7b,1.5,40,crossmodel_mistral_T1.5_p1
Q053,A,Things in a kitchen,7,"apron

Reminder: The goal of Scattergories is to",mistral:7b,mistral_7b,1.5,40,crossmodel_mistral_T1.5_p1
Q053,A,Things in a kitchen,8,apron,mistral:7b,mistral_7b,1.5,40,crossmodel_mistral_T1.5_p1
Q053,A,Things in a kitchen,9,apron hook,mistral:7b,mistral_7b,1.5,40,crossmodel_mistral_T1.5_p1
Q053,A,Things in a kitchen,10,apron hook,mistral:7b,mistral_7b,1.5,40,crossmodel_mistral_T1.5_p1
Q053,A,Things in a kitchen,11,apron,mistral:7b,mistral_7b,1.5,40,crossmodel_mistral_T1.5_p1
Q053,A,Things in a kitchen,12,apron hook,mistral:7b,mistral_7b,1.5,40,crossmodel_mistral_T1.5_p1
Q053,A,Things in a kitchen,13,apron hook,mistral:7b,mistral_7b,1.5,40,crossmodel_mistral_T1.5_p1
Q053,A,Things in a kitchen,14,"apron

Reminder: Scattergories answers are unique per person",mistral:7b,mistral_7b,1.5,40,crossmodel_mistral_T1.5_p1
Q053,A,Things in a kitchen,15,"apron aid

Note: This answer includes both ""apron"" starting",mistral:7b,mistral_7b,1.5,40,crossmodel_mistral_T1.5_p1
Q053,A,Things in a kitchen,16,appliance rack,mistral:7b,mistral_7b,1.5,40,crossmodel_mistral_T1.5_p1
Q053,A,Things in a kitchen,17,apron hook,mistral:7b,mistral_7b,1.5,40,crossmodel_mistral_T1.5_p1
Q053,A,Things in a kitchen,18,apron,mistral:7b,mistral_7b,1.5,40,crossmodel_mistral_T1.5_p1
Q053,A,Things in a kitchen,19,apron anchor axe,mistral:7b,mistral_7b,1.5,40,crossmodel_mistral_T1.5_p1
Q054,B,Singers,0,barbra streisand,mistral:7b,mistral_7b,1.5,40,crossmodel_mistral_T1.5_p1
Q054,B,Singers,1,barbra streisand,mistral:7b,mistral_7b,1.5,40,crossmodel_mistral_T1.5_p1
Q054,B,Singers,2,beyonce,mistral:7b,mistral_7b,1.5,40,crossmodel_mistral_T1.5_p1
Q054,B,Singers,3,beyonce,mistral:7b,mistral_7b,1.5,40,crossmodel_mistral_T1.5_p1
Q054,B,Singers,4,barbra streisand,mistral:7b,mistral_7b,1.5,40,crossmodel_mistral_T1.5_p1
Q054,B,Singers,5,barbra streisand,mistral:7b,mistral_7b,1.5,40,crossmodel_mistral_T1.5_p1
Q054,B,Singers,6,badley-king,mistral:7b,mistral_7b,1.5,40,crossmodel_mistral_T1.5_p1
Q054,B,Singers,7,bobby brown,mistral:7b,mistral_7b,1.5,40,crossmodel_mistral_T1.5_p1
Q054,B,Singers,8,barbra streisand,mistral:7b,mistral_7b,1.5,40,crossmodel_mistral_T1.5_p1
Q054,B,Singers,9,barbra streisand,mistral:7b,mistral_7b,1.5,40,crossmodel_mistral_T1.5_p1
Q054,B,Singers,10,barbra streisand,mistral:7b,mistral_7b,1.5,40,crossmodel_mistral_T1.5_p1
Q054,B,Singers,11,beatles,mistral:7b,mistral_7b,1.5,40,crossmodel_mistral_T1.5_p1
Q054,B,Singers,12,billie eilish,mistral:7b,mistral_7b,1.5,40,crossmodel_mistral_T1.5_p1
Q054,B,Singers,13,barbra streisand,mistral:7b,mistral_7b,1.5,40,crossmodel_mistral_T1.5_p1
Q054,B,Singers,14,barbra streisand,mistral:7b,mistral_7b,1.5,40,crossmodel_mistral_T1.5_p1
Q054,B,Singers,15,barbra streisand,mistral:7b,mistral_7b,1.5,40,crossmodel_mistral_T1.5_p1
Q054,B,Singers,16,bobby brown,mistral:7b,mistral_7b,1.5,40,crossmodel_mistral_T1.5_p1
Q054,B,Singers,17,bono,mistral:7b,mistral_7b,1.5,40,crossmodel_mistral_T1.5_p1
Q054,B,Singers,18,"badu

(Answer: Erykah Badu)",mistral:7b,mistral_7b,1.5,40,crossmodel_mistral_T1.5_p1
Q054,B,Singers,19,billie eilish,mistral:7b,mistral_7b,1.5,40,crossmodel_mistral_T1.5_p1
Q055,C,Desserts,0,chocolate cake,mistral:7b,mistral_7b,1.5,40,crossmodel_mistral_T1.5_p1
Q055,C,Desserts,1,chocolate cake,mistral:7b,mistral_7b,1.5,40,crossmodel_mistral_T1.5_p1
Q055,C,Desserts,2,chocolate cake,mistral:7b,mistral_7b,1.5,40,crossmodel_mistral_T1.5_p1
Q055,C,Desserts,3,chocolate cake,mistral:7b,mistral_7b,1.5,40,crossmodel_mistral_T1.5_p1
Q055,C,Desserts,4,chocolate cake,mistral:7b,mistral_7b,1.5,40,crossmodel_mistral_T1.5_p1
Q055,C,Desserts,5,chocolate cake,mistral:7b,mistral_7b,1.5,40,crossmodel_mistral_T1.5_p1
Q055,C,Desserts,6,chocolate cake,mistral:7b,mistral_7b,1.5,40,crossmodel_mistral_T1.5_p1
Q055,C,Desserts,7,chocolate cake,mistral:7b,mistral_7b,1.5,40,crossmodel_mistral_T1.5_p1
Q055,C,Desserts,8,chocolate cake,mistral:7b,mistral_7b,1.5,40,crossmodel_mistral_T1.5_p1
Q055,C,Desserts,9,chocolate cake,mistral:7b,mistral_7b,1.5,40,crossmodel_mistral_T1.5_p1
Q055,C,Desserts,10,chocolate cake,mistral:7b,mistral_7b,1.5,40,crossmodel_mistral_T1.5_p1
Q055,C,Desserts,11,chocolate cake,mistral:7b,mistral_7b,1.5,40,crossmodel_mistral_T1.5_p1
Q055,C,Desserts,12,chocolate cake,mistral:7b,mistral_7b,1.5,40,crossmodel_mistral_T1.5_p1
Q055,C,Desserts,13,chocolate cake,mistral:7b,mistral_7b,1.5,40,crossmodel_mistral_T1.5_p1
Q055,C,Desserts,14,chocolate cake,mistral:7b,mistral_7b,1.5,40,crossmodel_mistral_T1.5_p1
Q055,C,Desserts,15,chocolate cake,mistral:7b,mistral_7b,1.5,40,crossmodel_mistral_T1.5_p1
Q055,C,Desserts,16,chocolate cake,mistral:7b,mistral_7b,1.5,40,crossmodel_mistral_T1.5_p1
Q055,C,Desserts,17,chocolate cake,mistral:7b,mistral_7b,1.5,40,crossmodel_mistral_T1.5_p1
Q055,C,Desserts,18,chocolate cake,mistral:7b,mistral_7b,1.5,40,crossmodel_mistral_T1.5_p1
Q055,C,Desserts,19,chocolate cake,mistral:7b,mistral_7b,1.5,40,crossmodel_mistral_T1.5_p1
Q056,D,Plants,0,dandelion,mistral:7b,mistral_7b,1.5,40,crossmodel_mistral_T1.5_p1
Q056,D,Plants,1,dandelion,mistral:7b,mistral_7b,1.5,40,crossmodel_mistral_T1.5_p1
Q056,D,Plants,2,dandelion,mistral:7b,mistral_7b,1.5,40,crossmodel_mistral_T1.5_p1
Q056,D,Plants,3,dandelion,mistral:7b,mistral_7b,1.5,40,crossmodel_mistral_T1.5_p1
Q056,D,Plants,4,dandelion,mistral:7b,mistral_7b,1.5,40,crossmodel_mistral_T1.5_p1
Q056,D,Plants,5,daisy,mistral:7b,mistral_7b,1.5,40,crossmodel_mistral_T1.5_p1
Q056,D,Plants,6,dandelion,mistral:7b,mistral_7b,1.5,40,crossmodel_mistral_T1.5_p1
Q056,D,Plants,7,daffodil,mistral:7b,mistral_7b,1.5,40,crossmodel_mistral_T1.5_p1
Q056,D,Plants,8,daisy,mistral:7b,mistral_7b,1.5,40,crossmodel_mistral_T1.5_p1
Q056,D,Plants,9,daffodil,mistral:7b,mistral_7b,1.5,40,crossmodel_mistral_T1.5_p1
Q056,D,Plants,10,daffodil,mistral:7b,mistral_7b,1.5,40,crossmodel_mistral_T1.5_p1
Q056,D,Plants,11,daisy,mistral:7b,mistral_7b,1.5,40,crossmodel_mistral_T1.5_p1
Q056,D,Plants,12,dandelion,mistral:7b,mistral_7b,1.5,40,crossmodel_mistral_T1.5_p1
Q056,D,Plants,13,daisy,mistral:7b,mistral_7b,1.5,40,crossmodel_mistral_T1.5_p1
Q056,D,Plants,14,daisy,mistral:7b,mistral_7b,1.5,40,crossmodel_mistral_T1.5_p1
Q056,D,Plants,15,dandelion,mistral:7b,mistral_7b,1.5,40,crossmodel_mistral_T1.5_p1
Q056,D,Plants,16,dandelion,mistral:7b,mistral_7b,1.5,40,crossmodel_mistral_T1.5_p1
Q056,D,Plants,17,dandelion,mistral:7b,mistral_7b,1.5,40,crossmodel_mistral_T1.5_p1
Q056,D,Plants,18,dandelion,mistral:7b,mistral_7b,1.5,40,crossmodel_mistral_T1.5_p1
Q056,D,Plants,19,daisy,mistral:7b,mistral_7b,1.5,40,crossmodel_mistral_T1.5_p1
Q057,E,Companies,0,electronic arts,mistral:7b,mistral_7b,1.5,40,crossmodel_mistral_T1.5_p1
Q057,E,Companies,1,eastern-airlines,mistral:7b,mistral_7b,1.5,40,crossmodel_mistral_T1.5_p1
Q057,E,Companies,2,echoairlines,mistral:7b,mistral_7b,1.5,40,crossmodel_mistral_T1.5_p1
Q057,E,Companies,3,eastman-kodak,mistral:7b,mistral_7b,1.5,40,crossmodel_mistral_T1.5_p1
Q057,E,Companies,4,easyjet,mistral:7b,mistral_7b,1.5,40,crossmodel_mistral_T1.5_p1
Q057,E,Companies,5,esto-energy,mistral:7b,mistral_7b,1.5,40,crossmodel_mistral_T1.5_p1
Q057,E,Companies,6,easterleigh,mistral:7b,mistral_7b,1.5,40,crossmodel_mistral_T1.5_p1
Q057,E,Companies,7,ericsson,mistral:7b,mistral_7b,1.5,40,crossmodel_mistral_T1.5_p1
Q057,E,Companies,8,easyjet,mistral:7b,mistral_7b,1.5,40,crossmodel_mistral_T1.5_p1
Q057,E,Companies,9,ericsson,mistral:7b,mistral_7b,1.5,40,crossmodel_mistral_T1.5_p1
Q057,E,Companies,10,echo (software),mistral:7b,mistral_7b,1.5,40,crossmodel_mistral_T1.5_p1
Q057,E,Companies,11,electronic Arts,mistral:7b,mistral_7b,1.5,40,crossmodel_mistral_T1.5_p1
Q057,E,Companies,12,easyjet,mistral:7b,mistral_7b,1.5,40,crossmodel_mistral_T1.5_p1
Q057,E,Companies,13,einsteinnozia,mistral:7b,mistral_7b,1.5,40,crossmodel_mistral_T1.5_p1
Q057,E,Companies,14,eBay,mistral:7b,mistral_7b,1.5,40,crossmodel_mistral_T1.5_p1
Q057,E,Companies,15,echo starbucks,mistral:7b,mistral_7b,1.5,40,crossmodel_mistral_T1.5_p1
Q057,E,Companies,16,easterleigh-elec,mistral:7b,mistral_7b,1.5,40,crossmodel_mistral_T1.5_p1
Q057,E,Companies,17,eBay,mistral:7b,mistral_7b,1.5,40,crossmodel_mistral_T1.5_p1
Q057,E,Companies,18,apple Inc.,mistral:7b,mistral_7b,1.5,40,crossmodel_mistral_T1.5_p1
Q057,E,Companies,19,elephantelectronicseurope,mistral:7b,mistral_7b,1.5,40,crossmodel_mistral_T1.5_p1
Q058,F,Movie characters,0,fantastic-mr-fox,mistral:7b,mistral_7b,1.5,40,crossmodel_mistral_T1.5_p1
Q058,F,Movie characters,1,forrest gump,mistral:7b,mistral_7b,1.5,40,crossmodel_mistral_T1.5_p1
Q058,F,Movie characters,2,forrest gump,mistral:7b,mistral_7b,1.5,40,crossmodel_mistral_T1.5_p1
Q058,F,Movie characters,3,frodo baggas,mistral:7b,mistral_7b,1.5,40,crossmodel_mistral_T1.5_p1
Q058,F,Movie characters,4,forrest gump,mistral:7b,mistral_7b,1.5,40,crossmodel_mistral_T1.5_p1
Q058,F,Movie characters,5,forest-gump,mistral:7b,mistral_7b,1.5,40,crossmodel_mistral_T1.5_p1
Q058,F,Movie characters,6,forrest gump,mistral:7b,mistral_7b,1.5,40,crossmodel_mistral_T1.5_p1
Q058,F,Movie characters,7,forrest gump,mistral:7b,mistral_7b,1.5,40,crossmodel_mistral_T1.5_p1
Q058,F,Movie characters,8,forrest gump,mistral:7b,mistral_7b,1.5,40,crossmodel_mistral_T1.5_p1
Q058,F,Movie characters,9,ferris bueller,mistral:7b,mistral_7b,1.5,40,crossmodel_mistral_T1.5_p1
Q058,F,Movie characters,10,fantasia-fox,mistral:7b,mistral_7b,1.5,40,crossmodel_mistral_T1.5_p1
Q058,F,Movie characters,11,forrest gump,mistral:7b,mistral_7b,1.5,40,crossmodel_mistral_T1.5_p1
Q058,F,Movie characters,12,forrest gump,mistral:7b,mistral_7b,1.5,40,crossmodel_mistral_T1.5_p1
Q058,F,Movie characters,13,forrest gump,mistral:7b,mistral_7b,1.5,40,crossmodel_mistral_T1.5_p1
Q058,F,Movie characters,14,forester_sawyer,mistral:7b,mistral_7b,1.5,40,crossmodel_mistral_T1.5_p1
Q058,F,Movie characters,15,forrest gump,mistral:7b,mistral_7b,1.5,40,crossmodel_mistral_T1.5_p1
Q058,F,Movie characters,16,forrest gump,mistral:7b,mistral_7b,1.5,40,crossmodel_mistral_T1.5_p1
Q058,F,Movie characters,17,forrest gump,mistral:7b,mistral_7b,1.5,40,crossmodel_mistral_T1.5_p1
Q058,F,Movie characters,18,forrest gump,mistral:7b,mistral_7b,1.5,40,crossmodel_mistral_T1.5_p1
Q058,F,Movie characters,19,forester (from Jurassic Park),mistral:7b,mistral_7b,1.5,40,crossmodel_mistral_T1.5_p1
Q059,G,Things in a toolbox,0,"allen wrench

This answer is suitable because it meets the requirements of",mistral:7b,mistral_7b,1.5,40,crossmodel_mistral_T1.5_p1
Q059,G,Things in a toolbox,1,hammer grip,mistral:7b,mistral_7b,1.5,40,crossmodel_mistral_T1.5_p1
Q059,G,Things in a toolbox,2,hammer gauge wrench pliers screwdriver grip tape,mistral:7b,mistral_7b,1.5,40,crossmodel_mistral_T1.5_p1
Q059,G,Things in a toolbox,3,nail grip,mistral:7b,mistral_7b,1.5,40,crossmodel_mistral_T1.5_p1
Q059,G,Things in a toolbox,4,gluegun,mistral:7b,mistral_7b,1.5,40,crossmodel_mistral_T1.5_p1
Q059,G,Things in a toolbox,5,Phillips screwdriver,mistral:7b,mistral_7b,1.5,40,crossmodel_mistral_T1.5_p1
Q059,G,Things in a toolbox,6,gripper wrench,mistral:7b,mistral_7b,1.5,40,crossmodel_mistral_T1.5_p1
Q059,G,Things in a toolbox,7,allen wrench gauge hammer pliers screwdriver tape measure wrench,mistral:7b,mistral_7b,1.5,40,crossmodel_mistral_T1.5_p1
Q059,G,Things in a toolbox,8,socket wrench,mistral:7b,mistral_7b,1.5,40,crossmodel_mistral_T1.5_p1
Q059,G,Things in a toolbox,9,socket wrench,mistral:7b,mistral_7b,1.5,40,crossmodel_mistral_T1.5_p1
Q059,G,Things in a toolbox,10,"wrench, grip, gasket, gloves, gauge",mistral:7b,mistral_7b,1.5,40,crossmodel_mistral_T1.5_p1
Q059,G,Things in a toolbox,11,allen wrench,mistral:7b,mistral_7b,1.5,40,crossmodel_mistral_T1.5_p1
Q059,G,Things in a toolbox,12,hammer gauge grease gun wrench gaff tape grip pliers guage set,mistral:7b,mistral_7b,1.5,40,crossmodel_mistral_T1.5_p1
Q059,G,Things in a toolbox,13,nail file,mistral:7b,mistral_7b,1.5,40,crossmodel_mistral_T1.5_p1
Q059,G,Things in a toolbox,14,allen wrench screwdriver pliers hammer nails tape measure level file wrench,mistral:7b,mistral_7b,1.5,40,crossmodel_mistral_T1.5_p1
Q059,G,Things in a toolbox,15,screwdriver,mistral:7b,mistral_7b,1.5,40,crossmodel_mistral_T1.5_p1
Q059,G,Things in a toolbox,16,"pliers, screwdriver, wrench, gauge, tape measure, gasket",mistral:7b,mistral_7b,1.5,40,crossmodel_mistral_T1.5_p1
Q059,G,Things in a toolbox,17,socket wrench,mistral:7b,mistral_7b,1.5,40,crossmodel_mistral_T1.5_p1
Q059,G,Things in a toolbox,18,"screwdriver

Here is an example of a valid Scattergories answer",mistral:7b,mistral_7b,1.5,40,crossmodel_mistral_T1.5_p1
Q059,G,Things in a toolbox,19,g clamp,mistral:7b,mistral_7b,1.5,40,crossmodel_mistral_T1.5_p1
Q060,H,Countries,0,haiti,mistral:7b,mistral_7b,1.5,40,crossmodel_mistral_T1.5_p1
Q060,H,Countries,1,helios (Greek god of the sun),mistral:7b,mistral_7b,1.5,40,crossmodel_mistral_T1.5_p1
Q060,H,Countries,2,holy see,mistral:7b,mistral_7b,1.5,40,crossmodel_mistral_T1.5_p1
Q060,H,Countries,3,helvetica (Switzerland),mistral:7b,mistral_7b,1.5,40,crossmodel_mistral_T1.5_p1
Q060,H,Countries,4,hectorite island (Greenland),mistral:7b,mistral_7b,1.5,40,crossmodel_mistral_T1.5_p1
Q060,H,Countries,5,holland (Answer: netherlands),mistral:7b,mistral_7b,1.5,40,crossmodel_mistral_T1.5_p1
Q060,H,Countries,6,hector island,mistral:7b,mistral_7b,1.5,40,crossmodel_mistral_T1.5_p1
Q060,H,Countries,7,haiti,mistral:7b,mistral_7b,1.5,40,crossmodel_mistral_T1.5_p1
Q060,H,Countries,8,holland (Netherlands),mistral:7b,mistral_7b,1.5,40,crossmodel_mistral_T1.5_p1
Q060,H,Countries,9,hectoria (Holy See - Vatican City is not appropriate),mistral:7b,mistral_7b,1.5,40,crossmodel_mistral_T1.5_p1
Q060,H,Countries,10,helvetica (Switzerland),mistral:7b,mistral_7b,1.5,40,crossmodel_mistral_T1.5_p1
Q060,H,Countries,11,hawaii,mistral:7b,mistral_7b,1.5,40,crossmodel_mistral_T1.5_p1
Q060,H,Countries,12,haoli (Hawaii - USA),mistral:7b,mistral_7b,1.5,40,crossmodel_mistral_T1.5_p1
Q060,H,Countries,13,holy see,mistral:7b,mistral_7b,1.5,40,crossmodel_mistral_T1.5_p1
Q060,H,Countries,14,haïti,mistral:7b,mistral_7b,1.5,40,crossmodel_mistral_T1.5_p1
Q060,H,Countries,15,haiti,mistral:7b,mistral_7b,1.5,40,crossmodel_mistral_T1.5_p1
Q060,H,Countries,16,haiti,mistral:7b,mistral_7b,1.5,40,crossmodel_mistral_T1.5_p1
Q060,H,Countries,17,hector Island,mistral:7b,mistral_7b,1.5,40,crossmodel_mistral_T1.5_p1
Q060,H,Countries,18,hector island,mistral:7b,mistral_7b,1.5,40,crossmodel_mistral_T1.5_p1
Q060,H,Countries,19,hawaii,mistral:7b,mistral_7b,1.5,40,crossmodel_mistral_T1.5_p1
Q061,I,Musical artists,0,india aria,mistral:7b,mistral_7b,1.5,40,crossmodel_mistral_T1.5_p1
Q061,I,Musical artists,1,ice-cream-tees,mistral:7b,mistral_7b,1.5,40,crossmodel_mistral_T1.5_p1
Q061,I,Musical artists,2,ice-cube,mistral:7b,mistral_7b,1.5,40,crossmodel_mistral_T1.5_p1
Q061,I,Musical artists,3,ice-t,mistral:7b,mistral_7b,1.5,40,crossmodel_mistral_T1.5_p1
Q061,I,Musical artists,4,india aria,mistral:7b,mistral_7b,1.5,40,crossmodel_mistral_T1.5_p1
Q061,I,Musical artists,5,ice-cube,mistral:7b,mistral_7b,1.5,40,crossmodel_mistral_T1.5_p1
Q061,I,Musical artists,6,iris dement,mistral:7b,mistral_7b,1.5,40,crossmodel_mistral_T1.5_p1
Q061,I,Musical artists,7,ice-cube,mistral:7b,mistral_7b,1.5,40,crossmodel_mistral_T1.5_p1
Q061,I,Musical artists,8,irish radios,mistral:7b,mistral_7b,1.5,40,crossmodel_mistral_T1.5_p1
Q061,I,Musical artists,9,ice-t,mistral:7b,mistral_7b,1.5,40,crossmodel_mistral_T1.5_p1
Q061,I,Musical artists,10,india aria,mistral:7b,mistral_7b,1.5,40,crossmodel_mistral_T1.5_p1
Q061,I,Musical artists,11,ice-t,mistral:7b,mistral_7b,1.5,40,crossmodel_mistral_T1.5_p1
Q061,I,Musical artists,12,ice-cube,mistral:7b,mistral_7b,1.5,40,crossmodel_mistral_T1.5_p1
Q061,I,Musical artists,13,indigo girls,mistral:7b,mistral_7b,1.5,40,crossmodel_mistral_T1.5_p1
Q061,I,Musical artists,14,indigo girls,mistral:7b,mistral_7b,1.5,40,crossmodel_mistral_T1.5_p1
Q061,I,Musical artists,15,ira gershwin,mistral:7b,mistral_7b,1.5,40,crossmodel_mistral_T1.5_p1
Q061,I,Musical artists,16,"ironski (Iron Maiden, Ki: Theory)",mistral:7b,mistral_7b,1.5,40,crossmodel_mistral_T1.5_p1
Q061,I,Musical artists,17,ira gershwin,mistral:7b,mistral_7b,1.5,40,crossmodel_mistral_T1.5_p1
Q061,I,Musical artists,18,indigo girls,mistral:7b,mistral_7b,1.5,40,crossmodel_mistral_T1.5_p1
Q061,I,Musical artists,19,ice-nine (band),mistral:7b,mistral_7b,1.5,40,crossmodel_mistral_T1.5_p1
Q062,J,Things in a refrigerator,0,"juice, jam, jelly",mistral:7b,mistral_7b,1.5,40,crossmodel_mistral_T1.5_p1
Q062,J,Things in a refrigerator,1,juice box,mistral:7b,mistral_7b,1.5,40,crossmodel_mistral_T1.5_p1
Q062,J,Things in a refrigerator,2,juice jar,mistral:7b,mistral_7b,1.5,40,crossmodel_mistral_T1.5_p1
Q062,J,Things in a refrigerator,3,juicebox,mistral:7b,mistral_7b,1.5,40,crossmodel_mistral_T1.5_p1
Q062,J,Things in a refrigerator,4,juices,mistral:7b,mistral_7b,1.5,40,crossmodel_mistral_T1.5_p1
Q062,J,Things in a refrigerator,5,juicebox,mistral:7b,mistral_7b,1.5,40,crossmodel_mistral_T1.5_p1
Q062,J,Things in a refrigerator,6,juice jello jam,mistral:7b,mistral_7b,1.5,40,crossmodel_mistral_T1.5_p1
Q062,J,Things in a refrigerator,7,juice box,mistral:7b,mistral_7b,1.5,40,crossmodel_mistral_T1.5_p1
Q062,J,Things in a refrigerator,8,juice box,mistral:7b,mistral_7b,1.5,40,crossmodel_mistral_T1.5_p1
Q062,J,Things in a refrigerator,9,juice jelly jam,mistral:7b,mistral_7b,1.5,40,crossmodel_mistral_T1.5_p1
Q062,J,Things in a refrigerator,10,juice jug,mistral:7b,mistral_7b,1.5,40,crossmodel_mistral_T1.5_p1
Q062,J,Things in a refrigerator,11,"juice, jams, juicebox, jar, jelly, yogurt",mistral:7b,mistral_7b,1.5,40,crossmodel_mistral_T1.5_p1
Q062,J,Things in a refrigerator,12,juice jug,mistral:7b,mistral_7b,1.5,40,crossmodel_mistral_T1.5_p1
Q062,J,Things in a refrigerator,13,juice jug,mistral:7b,mistral_7b,1.5,40,crossmodel_mistral_T1.5_p1
Q062,J,Things in a refrigerator,14,juice jar,mistral:7b,mistral_7b,1.5,40,crossmodel_mistral_T1.5_p1
Q062,J,Things in a refrigerator,15,juice box,mistral:7b,mistral_7b,1.5,40,crossmodel_mistral_T1.5_p1
Q062,J,Things in a refrigerator,16,juice box,mistral:7b,mistral_7b,1.5,40,crossmodel_mistral_T1.5_p1
Q062,J,Things in a refrigerator,17,juice jug,mistral:7b,mistral_7b,1.5,40,crossmodel_mistral_T1.5_p1
Q062,J,Things in a refrigerator,18,juice jar,mistral:7b,mistral_7b,1.5,40,crossmodel_mistral_T1.5_p1
Q062,J,Things in a refrigerator,19,"juice jug

[I'm a chat model, I don't",mistral:7b,mistral_7b,1.5,40,crossmodel_mistral_T1.5_p1
Q063,K,Cities,0,kyoto,mistral:7b,mistral_7b,1.5,40,crossmodel_mistral_T1.5_p1
Q063,K,Cities,1,kansas_city,mistral:7b,mistral_7b,1.5,40,crossmodel_mistral_T1.5_p1
Q063,K,Cities,2,kathmandu,mistral:7b,mistral_7b,1.5,40,crossmodel_mistral_T1.5_p1
Q063,K,Cities,3,kansas-city,mistral:7b,mistral_7b,1.5,40,crossmodel_mistral_T1.5_p1
Q063,K,Cities,4,kiev,mistral:7b,mistral_7b,1.5,40,crossmodel_mistral_T1.5_p1
Q063,K,Cities,5,kansas-city,mistral:7b,mistral_7b,1.5,40,crossmodel_mistral_T1.5_p1
Q063,K,Cities,6,kathmandu,mistral:7b,mistral_7b,1.5,40,crossmodel_mistral_T1.5_p1
Q063,K,Cities,7,kuala lumpur,mistral:7b,mistral_7b,1.5,40,crossmodel_mistral_T1.5_p1
Q063,K,Cities,8,kansas_city,mistral:7b,mistral_7b,1.5,40,crossmodel_mistral_T1.5_p1
Q063,K,Cities,9,kansas-city,mistral:7b,mistral_7b,1.5,40,crossmodel_mistral_T1.5_p1
Q063,K,Cities,10,kyoto,mistral:7b,mistral_7b,1.5,40,crossmodel_mistral_T1.5_p1
Q063,K,Cities,11,kiev,mistral:7b,mistral_7b,1.5,40,crossmodel_mistral_T1.5_p1
Q063,K,Cities,12,kansas-city,mistral:7b,mistral_7b,1.5,40,crossmodel_mistral_T1.5_p1
Q063,K,Cities,13,kansas_city,mistral:7b,mistral_7b,1.5,40,crossmodel_mistral_T1.5_p1
Q063,K,Cities,14,kyoto,mistral:7b,mistral_7b,1.5,40,crossmodel_mistral_T1.5_p1
Q063,K,Cities,15,kansas-city,mistral:7b,mistral_7b,1.5,40,crossmodel_mistral_T1.5_p1
Q063,K,Cities,16,kyoto,mistral:7b,mistral_7b,1.5,40,crossmodel_mistral_T1.5_p1
Q063,K,Cities,17,kansas_city,mistral:7b,mistral_7b,1.5,40,crossmodel_mistral_T1.5_p1
Q063,K,Cities,18,kansas_city,mistral:7b,mistral_7b,1.5,40,crossmodel_mistral_T1.5_p1
Q063,K,Cities,19,kiev,mistral:7b,mistral_7b,1.5,40,crossmodel_mistral_T1.5_p1
Q064,L,Things in a library,0,"bookcase

Here are some other possibilities for more obscure or less-",mistral:7b,mistral_7b,1.5,40,crossmodel_mistral_T1.5_p1
Q064,L,Things in a library,1,bookcase ladders literary maps library laptop,mistral:7b,mistral_7b,1.5,40,crossmodel_mistral_T1.5_p1
Q064,L,Things in a library,2,library ladder,mistral:7b,mistral_7b,1.5,40,crossmodel_mistral_T1.5_p1
Q064,L,Things in a library,3,leatherbound ledger,mistral:7b,mistral_7b,1.5,40,crossmodel_mistral_T1.5_p1
Q064,L,Things in a library,4,bookshelf,mistral:7b,mistral_7b,1.5,40,crossmodel_mistral_T1.5_p1
Q064,L,Things in a library,5,library bookshelf,mistral:7b,mistral_7b,1.5,40,crossmodel_mistral_T1.5_p1
Q064,L,Things in a library,6,bookcase lamp desk shelf chair books,mistral:7b,mistral_7b,1.5,40,crossmodel_mistral_T1.5_p1
Q064,L,Things in a library,7,bookshelf,mistral:7b,mistral_7b,1.5,40,crossmodel_mistral_T1.5_p1
Q064,L,Things in a library,8,bookcase ladders library table,mistral:7b,mistral_7b,1.5,40,crossmodel_mistral_T1.5_p1
Q064,L,Things in a library,9,bookcartliftchair ladderledge magazine desk,mistral:7b,mistral_7b,1.5,40,crossmodel_mistral_T1.5_p1
Q064,L,Things in a library,10,bookcase ladders library sign lantern lamp,mistral:7b,mistral_7b,1.5,40,crossmodel_mistral_T1.5_p1
Q064,L,Things in a library,11,bookcart ladders magazines desk chairs table,mistral:7b,mistral_7b,1.5,40,crossmodel_mistral_T1.5_p1
Q064,L,Things in a library,12,"bookstands, ladders",mistral:7b,mistral_7b,1.5,40,crossmodel_mistral_T1.5_p1
Q064,L,Things in a library,13,bookcart,mistral:7b,mistral_7b,1.5,40,crossmodel_mistral_T1.5_p1
Q064,L,Things in a library,14,library ladder,mistral:7b,mistral_7b,1.5,40,crossmodel_mistral_T1.5_p1
Q064,L,Things in a library,15,bookstands,mistral:7b,mistral_7b,1.5,40,crossmodel_mistral_T1.5_p1
Q064,L,Things in a library,16,leatherbound books,mistral:7b,mistral_7b,1.5,40,crossmodel_mistral_T1.5_p1
Q064,L,Things in a library,17,library bookshelf,mistral:7b,mistral_7b,1.5,40,crossmodel_mistral_T1.5_p1
Q064,L,Things in a library,18,bookshelf,mistral:7b,mistral_7b,1.5,40,crossmodel_mistral_T1.5_p1
Q064,L,Things in a library,19,bookshelf (library ladder not applicable as it doesn't start with ',mistral:7b,mistral_7b,1.5,40,crossmodel_mistral_T1.5_p1
