source_file,player_id,question_id,letter,category,round_idx,answer_raw,answer_norm,valid,collision,score,round_key
Part3/outputs/answers_qwen25_7b_T1.5.csv,answers_qwen25_7b_T1.5,Q001,A,Animals,0,aardvark,aardvark,1,0,1,Q001::0
Part3/outputs/answers_qwen25_7b_T1.5.csv,answers_qwen25_7b_T1.5,Q001,A,Animals,1,antelope,antelope,1,1,0,Q001::1
Part3/outputs/answers_qwen25_7b_T1.5.csv,answers_qwen25_7b_T1.5,Q001,A,Animals,2,alpaca,alpaca,1,0,1,Q001::2
Part3/outputs/answers_qwen25_7b_T1.5.csv,answers_qwen25_7b_T1.5,Q001,A,Animals,3,antelope,antelope,1,0,1,Q001::3
Part3/outputs/answers_qwen25_7b_T1.5.csv,answers_qwen25_7b_T1.5,Q001,A,Animals,4,alligator,alligator,1,0,1,Q001::4
Part3/outputs/answers_qwen25_7b_T1.5.csv,answers_qwen25_7b_T1.5,Q001,A,Animals,5,albatross,albatross,1,1,0,Q001::5
Part3/outputs/answers_qwen25_7b_T1.5.csv,answers_qwen25_7b_T1.5,Q001,A,Animals,6,alpaca,alpaca,1,0,1,Q001::6
Part3/outputs/answers_qwen25_7b_T1.5.csv,answers_qwen25_7b_T1.5,Q001,A,Animals,7,aardvark,aardvark,1,0,1,Q001::7
Part3/outputs/answers_qwen25_7b_T1.5.csv,answers_qwen25_7b_T1.5,Q001,A,Animals,8,aligator,aligator,0,0,0,Q001::8
Part3/outputs/answers_qwen25_7b_T1.5.csv,answers_qwen25_7b_T1.5,Q001,A,Animals,9,alpaca,alpaca,1,0,1,Q001::9
Part3/outputs/answers_qwen25_7b_T1.5.csv,answers_qwen25_7b_T1.5,Q001,A,Animals,10,alpaca,alpaca,1,0,1,Q001::10
Part3/outputs/answers_qwen25_7b_T1.5.csv,answers_qwen25_7b_T1.5,Q001,A,Animals,11,antelope,antelope,1,0,1,Q001::11
Part3/outputs/answers_qwen25_7b_T1.5.csv,answers_qwen25_7b_T1.5,Q001,A,Animals,12,alpaca,alpaca,1,0,1,Q001::12
Part3/outputs/answers_qwen25_7b_T1.5.csv,answers_qwen25_7b_T1.5,Q001,A,Animals,13,alpaca,alpaca,1,0,1,Q001::13
Part3/outputs/answers_qwen25_7b_T1.5.csv,answers_qwen25_7b_T1.5,Q001,A,Animals,14,aligator,aligator,0,0,0,Q001::14
Part3/outputs/answers_qwen25_7b_T1.5.csv,answers_qwen25_7b_T1.5,Q001,A,Animals,15,alpaca,alpaca,1,0,1,Q001::15
Part3/outputs/answers_qwen25_7b_T1.5.csv,answers_qwen25_7b_T1.5,Q001,A,Animals,16,aardvark,aardvark,1,0,1,Q001::16
Part3/outputs/answers_qwen25_7b_T1.5.csv,answers_qwen25_7b_T1.5,Q001,A,Animals,17,albatross,albatross,1,0,1,Q001::17
Part3/outputs/answers_qwen25_7b_T1.5.csv,answers_qwen25_7b_T1.5,Q001,A,Animals,18,alligator,alligator,1,0,1,Q001::18
Part3/outputs/answers_qwen25_7b_T1.5.csv,answers_qwen25_7b_T1.5,Q001,A,Animals,19,alpaca,alpaca,1,0,1,Q001::19
Part3/outputs/answers_qwen25_7b_T1.5.csv,answers_qwen25_7b_T1.5,Q002,A,Jobs,0,accountant,accountant,1,0,1,Q002::0
Part3/outputs/answers_qwen25_7b_T1.5.csv,answers_qwen25_7b_T1.5,Q002,A,Jobs,1,accountant,accountant,1,0,1,Q002::1
Part3/outputs/answers_qwen25_7b_T1.5.csv,answers_qwen25_7b_T1.5,Q002,A,Jobs,2,accountant,accountant,1,0,1,Q002::2
Part3/outputs/answers_qwen25_7b_T1.5.csv,answers_qwen25_7b_T1.5,Q002,A,Jobs,3,accountant,accountant,1,0,1,Q002::3
Part3/outputs/answers_qwen25_7b_T1.5.csv,answers_qwen25_7b_T1.5,Q002,A,Jobs,4,accountant,accountant,1,0,1,Q002::4
Part3/outputs/answers_qwen25_7b_T1.5.csv,answers_qwen25_7b_T1.5,Q002,A,Jobs,5,accountant,accountant,1,0,1,Q002::5
Part3/outputs/answers_qwen25_7b_T1.5.csv,answers_qwen25_7b_T1.5,Q002,A,Jobs,6,accountant,accountant,1,0,1,Q002::6
Part3/outputs/answers_qwen25_7b_T1.5.csv,answers_qwen25_7b_T1.5,Q002,A,Jobs,7,accountant,accountant,1,0,1,Q002::7
Part3/outputs/answers_qwen25_7b_T1.5.csv,answers_qwen25_7b_T1.5,Q002,A,Jobs,8,accountant,accountant,1,0,1,Q002::8
Part3/outputs/answers_qwen25_7b_T1.5.csv,answers_qwen25_7b_T1.5,Q002,A,Jobs,9,accountant,accountant,1,0,1,Q002::9
Part3/outputs/answers_qwen25_7b_T1.5.csv,answers_qwen25_7b_T1.5,Q002,A,Jobs,10,accountant,accountant,1,0,1,Q002::10
Part3/outputs/answers_qwen25_7b_T1.5.csv,answers_qwen25_7b_T1.5,Q002,A,Jobs,11,accountant,accountant,1,0,1,Q002::11
Part3/outputs/answers_qwen25_7b_T1.5.csv,answers_qwen25_7b_T1.5,Q002,A,Jobs,12,accountant,accountant,1,0,1,Q002::12
Part3/outputs/answers_qwen25_7b_T1.5.csv,answers_qwen25_7b_T1.5,Q002,A,Jobs,13,accountant,accountant,1,0,1,Q002::13
Part3/outputs/answers_qwen25_7b_T1.5.csv,answers_qwen25_7b_T1.5,Q002,A,Jobs,14,accountant,accountant,1,0,1,Q002::14
Part3/outputs/answers_qwen25_7b_T1.5.csv,answers_qwen25_7b_T1.5,Q002,A,Jobs,15,accountant,accountant,1,0,1,Q002::15
Part3/outputs/answers_qwen25_7b_T1.5.csv,answers_qwen25_7b_T1.5,Q002,A,Jobs,16,accountant,accountant,1,0,1,Q002::16
Part3/outputs/answers_qwen25_7b_T1.5.csv,answers_qwen25_7b_T1.5,Q002,A,Jobs,17,accountant,accountant,1,0,1,Q002::17
Part3/outputs/answers_qwen25_7b_T1.5.csv,answers_qwen25_7b_T1.5,Q002,A,Jobs,18,accountant,accountant,1,0,1,Q002::18
Part3/outputs/answers_qwen25_7b_T1.5.csv,answers_qwen25_7b_T1.5,Q002,A,Jobs,19,accountant,accountant,1,0,1,Q002::19
Part3/outputs/answers_qwen25_7b_T1.5.csv,answers_qwen25_7b_T1.5,Q003,B,Fruits,0,banana,banana,1,0,1,Q003::0
Part3/outputs/answers_qwen25_7b_T1.5.csv,answers_qwen25_7b_T1.5,Q003,B,Fruits,1,blueberry,blueberry,1,1,0,Q003::1
Part3/outputs/answers_qwen25_7b_T1.5.csv,answers_qwen25_7b_T1.5,Q003,B,Fruits,2,banana,banana,1,0,1,Q003::2
Part3/outputs/answers_qwen25_7b_T1.5.csv,answers_qwen25_7b_T1.5,Q003,B,Fruits,3,blueberry,blueberry,1,1,0,Q003::3
Part3/outputs/answers_qwen25_7b_T1.5.csv,answers_qwen25_7b_T1.5,Q003,B,Fruits,4,banana,banana,1,0,1,Q003::4
Part3/outputs/answers_qwen25_7b_T1.5.csv,answers_qwen25_7b_T1.5,Q003,B,Fruits,5,blueberry,blueberry,1,1,0,Q003::5
Part3/outputs/answers_qwen25_7b_T1.5.csv,answers_qwen25_7b_T1.5,Q003,B,Fruits,6,blueberry,blueberry,1,1,0,Q003::6
Part3/outputs/answers_qwen25_7b_T1.5.csv,answers_qwen25_7b_T1.5,Q003,B,Fruits,7,blueberry,blueberry,1,1,0,Q003::7
Part3/outputs/answers_qwen25_7b_T1.5.csv,answers_qwen25_7b_T1.5,Q003,B,Fruits,8,blueberry,blueberry,1,1,0,Q003::8
Part3/outputs/answers_qwen25_7b_T1.5.csv,answers_qwen25_7b_T1.5,Q003,B,Fruits,9,blueberry,blueberry,1,1,0,Q003::9
Part3/outputs/answers_qwen25_7b_T1.5.csv,answers_qwen25_7b_T1.5,Q003,B,Fruits,10,blueberry,blueberry,1,1,0,Q003::10
Part3/outputs/answers_qwen25_7b_T1.5.csv,answers_qwen25_7b_T1.5,Q003,B,Fruits,11,banana,banana,1,0,1,Q003::11
Part3/outputs/answers_qwen25_7b_T1.5.csv,answers_qwen25_7b_T1.5,Q003,B,Fruits,12,blueberry,blueberry,1,1,0,Q003::12
Part3/outputs/answers_qwen25_7b_T1.5.csv,answers_qwen25_7b_T1.5,Q003,B,Fruits,13,banana,banana,1,0,1,Q003::13
Part3/outputs/answers_qwen25_7b_T1.5.csv,answers_qwen25_7b_T1.5,Q003,B,Fruits,14,blueberry,blueberry,1,1,0,Q003::14
Part3/outputs/answers_qwen25_7b_T1.5.csv,answers_qwen25_7b_T1.5,Q003,B,Fruits,15,blueberry,blueberry,1,1,0,Q003::15
Part3/outputs/answers_qwen25_7b_T1.5.csv,answers_qwen25_7b_T1.5,Q003,B,Fruits,16,blueberry,blueberry,1,1,0,Q003::16
Part3/outputs/answers_qwen25_7b_T1.5.csv,answers_qwen25_7b_T1.5,Q003,B,Fruits,17,blueberry,blueberry,1,1,0,Q003::17
Part3/outputs/answers_qwen25_7b_T1.5.csv,answers_qwen25_7b_T1.5,Q003,B,Fruits,18,blueberry,blueberry,1,1,0,Q003::18
Part3/outputs/answers_qwen25_7b_T1.5.csv,answers_qwen25_7b_T1.5,Q003,B,Fruits,19,banana,banana,1,0,1,Q003::19
Part3/outputs/answers_qwen25_7b_T1.5.csv,answers_qwen25_7b_T1.5,Q004,B,Things that are red,0,stop sign,stop sign,1,0,1,Q004::0
Part3/outputs/answers_qwen25_7b_T1.5.csv,answers_qwen25_7b_T1.5,Q004,B,Things that are red,1,baseball bat,baseball bat,0,0,0,Q004::1
Part3/outputs/answers_qwen25_7b_T1.5.csv,answers_qwen25_7b_T1.5,Q004,B,Things that are red,2,banana,banana,0,0,0,Q004::2
Part3/outputs/answers_qwen25_7b_T1.5.csv,answers_qwen25_7b_T1.5,Q004,B,Things that are red,3,red balloon,red balloon,0,0,0,Q004::3
Part3/outputs/answers_qwen25_7b_T1.5.csv,answers_qwen25_7b_T1.5,Q004,B,Things that are red,4,strawberry,strawberry,1,0,1,Q004::4
Part3/outputs/answers_qwen25_7b_T1.5.csv,answers_qwen25_7b_T1.5,Q004,B,Things that are red,5,banana,banana,0,0,0,Q004::5
Part3/outputs/answers_qwen25_7b_T1.5.csv,answers_qwen25_7b_T1.5,Q004,B,Things that are red,6,banana,banana,0,0,0,Q004::6
Part3/outputs/answers_qwen25_7b_T1.5.csv,answers_qwen25_7b_T1.5,Q004,B,Things that are red,7,berry,berry,1,0,1,Q004::7
Part3/outputs/answers_qwen25_7b_T1.5.csv,answers_qwen25_7b_T1.5,Q004,B,Things that are red,8,blossom,blossom,0,0,0,Q004::8
Part3/outputs/answers_qwen25_7b_T1.5.csv,answers_qwen25_7b_T1.5,Q004,B,Things that are red,9,banana,banana,0,0,0,Q004::9
Part3/outputs/answers_qwen25_7b_T1.5.csv,answers_qwen25_7b_T1.5,Q004,B,Things that are red,10,blood,blood,0,0,0,Q004::10
Part3/outputs/answers_qwen25_7b_T1.5.csv,answers_qwen25_7b_T1.5,Q004,B,Things that are red,11,banana,banana,0,0,0,Q004::11
Part3/outputs/answers_qwen25_7b_T1.5.csv,answers_qwen25_7b_T1.5,Q004,B,Things that are red,12,bush,bush,0,0,0,Q004::12
Part3/outputs/answers_qwen25_7b_T1.5.csv,answers_qwen25_7b_T1.5,Q004,B,Things that are red,13,blood-red rose,blood-red rose,1,0,1,Q004::13
Part3/outputs/answers_qwen25_7b_T1.5.csv,answers_qwen25_7b_T1.5,Q004,B,Things that are red,14,banana,banana,0,0,0,Q004::14
Part3/outputs/answers_qwen25_7b_T1.5.csv,answers_qwen25_7b_T1.5,Q004,B,Things that are red,15,basketball,basketball,0,0,0,Q004::15
Part3/outputs/answers_qwen25_7b_T1.5.csv,answers_qwen25_7b_T1.5,Q004,B,Things that are red,16,red light,red light,0,0,0,Q004::16
Part3/outputs/answers_qwen25_7b_T1.5.csv,answers_qwen25_7b_T1.5,Q004,B,Things that are red,17,banana,banana,0,0,0,Q004::17
Part3/outputs/answers_qwen25_7b_T1.5.csv,answers_qwen25_7b_T1.5,Q004,B,Things that are red,18,brick,brick,1,1,0,Q004::18
Part3/outputs/answers_qwen25_7b_T1.5.csv,answers_qwen25_7b_T1.5,Q004,B,Things that are red,19,banana,banana,0,0,0,Q004::19
Part3/outputs/answers_qwen25_7b_T1.5.csv,answers_qwen25_7b_T1.5,Q005,C,Countries,0,canada,canada,1,1,0,Q005::0
Part3/outputs/answers_qwen25_7b_T1.5.csv,answers_qwen25_7b_T1.5,Q005,C,Countries,1,canada,canada,1,1,0,Q005::1
Part3/outputs/answers_qwen25_7b_T1.5.csv,answers_qwen25_7b_T1.5,Q005,C,Countries,2,canada,canada,1,0,1,Q005::2
Part3/outputs/answers_qwen25_7b_T1.5.csv,answers_qwen25_7b_T1.5,Q005,C,Countries,3,canada,canada,1,1,0,Q005::3
Part3/outputs/answers_qwen25_7b_T1.5.csv,answers_qwen25_7b_T1.5,Q005,C,Countries,4,canada,canada,1,1,0,Q005::4
Part3/outputs/answers_qwen25_7b_T1.5.csv,answers_qwen25_7b_T1.5,Q005,C,Countries,5,canada,canada,1,1,0,Q005::5
Part3/outputs/answers_qwen25_7b_T1.5.csv,answers_qwen25_7b_T1.5,Q005,C,Countries,6,canada,canada,1,1,0,Q005::6
Part3/outputs/answers_qwen25_7b_T1.5.csv,answers_qwen25_7b_T1.5,Q005,C,Countries,7,canada,canada,1,1,0,Q005::7
Part3/outputs/answers_qwen25_7b_T1.5.csv,answers_qwen25_7b_T1.5,Q005,C,Countries,8,canada,canada,1,0,1,Q005::8
Part3/outputs/answers_qwen25_7b_T1.5.csv,answers_qwen25_7b_T1.5,Q005,C,Countries,9,canada,canada,1,1,0,Q005::9
Part3/outputs/answers_qwen25_7b_T1.5.csv,answers_qwen25_7b_T1.5,Q005,C,Countries,10,canada,canada,1,1,0,Q005::10
Part3/outputs/answers_qwen25_7b_T1.5.csv,answers_qwen25_7b_T1.5,Q005,C,Countries,11,canada,canada,1,1,0,Q005::11
Part3/outputs/answers_qwen25_7b_T1.5.csv,answers_qwen25_7b_T1.5,Q005,C,Countries,12,canada,canada,1,1,0,Q005::12
Part3/outputs/answers_qwen25_7b_T1.5.csv,answers_qwen25_7b_T1.5,Q005,C,Countries,13,canada,canada,1,0,1,Q005::13
Part3/outputs/answers_qwen25_7b_T1.5.csv,answers_qwen25_7b_T1.5,Q005,C,Countries,14,canada,canada,1,1,0,Q005::14
Part3/outputs/answers_qwen25_7b_T1.5.csv,answers_qwen25_7b_T1.5,Q005,C,Countries,15,canada,canada,1,1,0,Q005::15
Part3/outputs/answers_qwen25_7b_T1.5.csv,answers_qwen25_7b_T1.5,Q005,C,Countries,16,canada,canada,1,1,0,Q005::16
Part3/outputs/answers_qwen25_7b_T1.5.csv,answers_qwen25_7b_T1.5,Q005,C,Countries,17,canada,canada,1,1,0,Q005::17
Part3/outputs/answers_qwen25_7b_T1.5.csv,answers_qwen25_7b_T1.5,Q005,C,Countries,18,canada,canada,1,1,0,Q005::18
Part3/outputs/answers_qwen25_7b_T1.5.csv,answers_qwen25_7b_T1.5,Q005,C,Countries,19,canada,canada,1,1,0,Q005::19
Part3/outputs/answers_qwen25_7b_T1.5.csv,answers_qwen25_7b_T1.5,Q006,C,Board games,0,chess,chess,1,0,1,Q006::0
Part3/outputs/answers_qwen25_7b_T1.5.csv,answers_qwen25_7b_T1.5,Q006,C,Board games,1,chess,chess,1,0,1,Q006::1
Part3/outputs/answers_qwen25_7b_T1.5.csv,answers_qwen25_7b_T1.5,Q006,C,Board games,2,chess,chess,1,0,1,Q006::2
Part3/outputs/answers_qwen25_7b_T1.5.csv,answers_qwen25_7b_T1.5,Q006,C,Board games,3,chess,chess,1,0,1,Q006::3
Part3/outputs/answers_qwen25_7b_T1.5.csv,answers_qwen25_7b_T1.5,Q006,C,Board games,4,chess,chess,1,0,1,Q006::4
Part3/outputs/answers_qwen25_7b_T1.5.csv,answers_qwen25_7b_T1.5,Q006,C,Board games,5,chess,chess,1,0,1,Q006::5
Part3/outputs/answers_qwen25_7b_T1.5.csv,answers_qwen25_7b_T1.5,Q006,C,Board games,6,chess,chess,1,0,1,Q006::6
Part3/outputs/answers_qwen25_7b_T1.5.csv,answers_qwen25_7b_T1.5,Q006,C,Board games,7,chess,chess,1,0,1,Q006::7
Part3/outputs/answers_qwen25_7b_T1.5.csv,answers_qwen25_7b_T1.5,Q006,C,Board games,8,checkers,checkers,1,0,1,Q006::8
Part3/outputs/answers_qwen25_7b_T1.5.csv,answers_qwen25_7b_T1.5,Q006,C,Board games,9,chess,chess,1,0,1,Q006::9
Part3/outputs/answers_qwen25_7b_T1.5.csv,answers_qwen25_7b_T1.5,Q006,C,Board games,10,chess,chess,1,0,1,Q006::10
Part3/outputs/answers_qwen25_7b_T1.5.csv,answers_qwen25_7b_T1.5,Q006,C,Board games,11,chess,chess,1,0,1,Q006::11
Part3/outputs/answers_qwen25_7b_T1.5.csv,answers_qwen25_7b_T1.5,Q006,C,Board games,12,chess,chess,1,0,1,Q006::12
Part3/outputs/answers_qwen25_7b_T1.5.csv,answers_qwen25_7b_T1.5,Q006,C,Board games,13,chess,chess,1,0,1,Q006::13
Part3/outputs/answers_qwen25_7b_T1.5.csv,answers_qwen25_7b_T1.5,Q006,C,Board games,14,chess,chess,1,0,1,Q006::14
Part3/outputs/answers_qwen25_7b_T1.5.csv,answers_qwen25_7b_T1.5,Q006,C,Board games,15,chess,chess,1,0,1,Q006::15
Part3/outputs/answers_qwen25_7b_T1.5.csv,answers_qwen25_7b_T1.5,Q006,C,Board games,16,chess,chess,1,0,1,Q006::16
Part3/outputs/answers_qwen25_7b_T1.5.csv,answers_qwen25_7b_T1.5,Q006,C,Board games,17,chess,chess,1,0,1,Q006::17
Part3/outputs/answers_qwen25_7b_T1.5.csv,answers_qwen25_7b_T1.5,Q006,C,Board games,18,chess,chess,1,0,1,Q006::18
Part3/outputs/answers_qwen25_7b_T1.5.csv,answers_qwen25_7b_T1.5,Q006,C,Board games,19,chess,chess,1,0,1,Q006::19
Part3/outputs/answers_qwen25_7b_T1.5.csv,answers_qwen25_7b_T1.5,Q007,D,Musical instruments,0,drum set,drum set,0,0,0,Q007::0
Part3/outputs/answers_qwen25_7b_T1.5.csv,answers_qwen25_7b_T1.5,Q007,D,Musical instruments,1,drum,drum,1,0,1,Q007::1
Part3/outputs/answers_qwen25_7b_T1.5.csv,answers_qwen25_7b_T1.5,Q007,D,Musical instruments,2,drum,drum,1,0,1,Q007::2
Part3/outputs/answers_qwen25_7b_T1.5.csv,answers_qwen25_7b_T1.5,Q007,D,Musical instruments,3,drum set,drum set,0,0,0,Q007::3
Part3/outputs/answers_qwen25_7b_T1.5.csv,answers_qwen25_7b_T1.5,Q007,D,Musical instruments,4,drum set,drum set,0,0,0,Q007::4
Part3/outputs/answers_qwen25_7b_T1.5.csv,answers_qwen25_7b_T1.5,Q007,D,Musical instruments,5,drum,drum,1,0,1,Q007::5
Part3/outputs/answers_qwen25_7b_T1.5.csv,answers_qwen25_7b_T1.5,Q007,D,Musical instruments,6,drum,drum,1,0,1,Q007::6
Part3/outputs/answers_qwen25_7b_T1.5.csv,answers_qwen25_7b_T1.5,Q007,D,Musical instruments,7,drum,drum,1,0,1,Q007::7
Part3/outputs/answers_qwen25_7b_T1.5.csv,answers_qwen25_7b_T1.5,Q007,D,Musical instruments,8,drum,drum,1,0,1,Q007::8
Part3/outputs/answers_qwen25_7b_T1.5.csv,answers_qwen25_7b_T1.5,Q007,D,Musical instruments,9,drum set,drum set,0,0,0,Q007::9
Part3/outputs/answers_qwen25_7b_T1.5.csv,answers_qwen25_7b_T1.5,Q007,D,Musical instruments,10,drum,drum,1,0,1,Q007::10
Part3/outputs/answers_qwen25_7b_T1.5.csv,answers_qwen25_7b_T1.5,Q007,D,Musical instruments,11,drum,drum,1,0,1,Q007::11
Part3/outputs/answers_qwen25_7b_T1.5.csv,answers_qwen25_7b_T1.5,Q007,D,Musical instruments,12,drum,drum,1,0,1,Q007::12
Part3/outputs/answers_qwen25_7b_T1.5.csv,answers_qwen25_7b_T1.5,Q007,D,Musical instruments,13,drum set,drum set,0,0,0,Q007::13
Part3/outputs/answers_qwen25_7b_T1.5.csv,answers_qwen25_7b_T1.5,Q007,D,Musical instruments,14,drum,drum,1,0,1,Q007::14
Part3/outputs/answers_qwen25_7b_T1.5.csv,answers_qwen25_7b_T1.5,Q007,D,Musical instruments,15,drum,drum,1,0,1,Q007::15
Part3/outputs/answers_qwen25_7b_T1.5.csv,answers_qwen25_7b_T1.5,Q007,D,Musical instruments,16,drum set,drum set,0,0,0,Q007::16
Part3/outputs/answers_qwen25_7b_T1.5.csv,answers_qwen25_7b_T1.5,Q007,D,Musical instruments,17,drum,drum,1,0,1,Q007::17
Part3/outputs/answers_qwen25_7b_T1.5.csv,answers_qwen25_7b_T1.5,Q007,D,Musical instruments,18,drum,drum,1,0,1,Q007::18
Part3/outputs/answers_qwen25_7b_T1.5.csv,answers_qwen25_7b_T1.5,Q007,D,Musical instruments,19,drum,drum,1,0,1,Q007::19
Part3/outputs/answers_qwen25_7b_T1.5.csv,answers_qwen25_7b_T1.5,Q008,D,Things in a bathroom,0,soap dispenser,soap dispenser,1,0,1,Q008::0
Part3/outputs/answers_qwen25_7b_T1.5.csv,answers_qwen25_7b_T1.5,Q008,D,Things in a bathroom,1,dental floss,dental floss,1,0,1,Q008::1
Part3/outputs/answers_qwen25_7b_T1.5.csv,answers_qwen25_7b_T1.5,Q008,D,Things in a bathroom,2,toothbrush,toothbrush,0,0,0,Q008::2
Part3/outputs/answers_qwen25_7b_T1.5.csv,answers_qwen25_7b_T1.5,Q008,D,Things in a bathroom,3,toothbrush,toothbrush,0,0,0,Q008::3
Part3/outputs/answers_qwen25_7b_T1.5.csv,answers_qwen25_7b_T1.5,Q008,D,Things in a bathroom,4,soap dish,soap dish,1,0,1,Q008::4
Part3/outputs/answers_qwen25_7b_T1.5.csv,answers_qwen25_7b_T1.5,Q008,D,Things in a bathroom,5,detergent,detergent,0,0,0,Q008::5
Part3/outputs/answers_qwen25_7b_T1.5.csv,answers_qwen25_7b_T1.5,Q008,D,Things in a bathroom,6,toothbrush,toothbrush,0,0,0,Q008::6
Part3/outputs/answers_qwen25_7b_T1.5.csv,answers_qwen25_7b_T1.5,Q008,D,Things in a bathroom,7,toothbrush,toothbrush,0,0,0,Q008::7
Part3/outputs/answers_qwen25_7b_T1.5.csv,answers_qwen25_7b_T1.5,Q008,D,Things in a bathroom,8,soap dispenser,soap dispenser,1,0,1,Q008::8
Part3/outputs/answers_qwen25_7b_T1.5.csv,answers_qwen25_7b_T1.5,Q008,D,Things in a bathroom,9,toothbrush,toothbrush,0,0,0,Q008::9
Part3/outputs/answers_qwen25_7b_T1.5.csv,answers_qwen25_7b_T1.5,Q008,D,Things in a bathroom,10,dishsoap,dishsoap,0,0,0,Q008::10
Part3/outputs/answers_qwen25_7b_T1.5.csv,answers_qwen25_7b_T1.5,Q008,D,Things in a bathroom,11,toothbrush,toothbrush,0,0,0,Q008::11
Part3/outputs/answers_qwen25_7b_T1.5.csv,answers_qwen25_7b_T1.5,Q008,D,Things in a bathroom,12,soap dispenser,soap dispenser,1,0,1,Q008::12
Part3/outputs/answers_qwen25_7b_T1.5.csv,answers_qwen25_7b_T1.5,Q008,D,Things in a bathroom,13,toothbrush,toothbrush,0,0,0,Q008::13
Part3/outputs/answers_qwen25_7b_T1.5.csv,answers_qwen25_7b_T1.5,Q008,D,Things in a bathroom,14,toothbrush,toothbrush,0,0,0,Q008::14
Part3/outputs/answers_qwen25_7b_T1.5.csv,answers_qwen25_7b_T1.5,Q008,D,Things in a bathroom,15,deodorant,deodorant,1,0,1,Q008::15
Part3/outputs/answers_qwen25_7b_T1.5.csv,answers_qwen25_7b_T1.5,Q008,D,Things in a bathroom,16,dental brush,dental brush,0,0,0,Q008::16
Part3/outputs/answers_qwen25_7b_T1.5.csv,answers_qwen25_7b_T1.5,Q008,D,Things in a bathroom,17,toothbrush,toothbrush,0,0,0,Q008::17
Part3/outputs/answers_qwen25_7b_T1.5.csv,answers_qwen25_7b_T1.5,Q008,D,Things in a bathroom,18,toothbrush,toothbrush,0,0,0,Q008::18
Part3/outputs/answers_qwen25_7b_T1.5.csv,answers_qwen25_7b_T1.5,Q008,D,Things in a bathroom,19,soap,soap,0,0,0,Q008::19
Part3/outputs/answers_qwen25_7b_T1.5.csv,answers_qwen25_7b_T1.5,Q009,E,Sports,0,tennis,tennis,0,0,0,Q009::0
Part3/outputs/answers_qwen25_7b_T1.5.csv,answers_qwen25_7b_T1.5,Q009,E,Sports,1,tennis,tennis,0,0,0,Q009::1
Part3/outputs/answers_qwen25_7b_T1.5.csv,answers_qwen25_7b_T1.5,Q009,E,Sports,2,tennis,tennis,0,0,0,Q009::2
Part3/outputs/answers_qwen25_7b_T1.5.csv,answers_qwen25_7b_T1.5,Q009,E,Sports,3,tennis,tennis,0,0,0,Q009::3
Part3/outputs/answers_qwen25_7b_T1.5.csv,answers_qwen25_7b_T1.5,Q009,E,Sports,4,tennis,tennis,0,0,0,Q009::4
Part3/outputs/answers_qwen25_7b_T1.5.csv,answers_qwen25_7b_T1.5,Q009,E,Sports,5,volleyball,volleyball,0,0,0,Q009::5
Part3/outputs/answers_qwen25_7b_T1.5.csv,answers_qwen25_7b_T1.5,Q009,E,Sports,6,tennis,tennis,0,0,0,Q009::6
Part3/outputs/answers_qwen25_7b_T1.5.csv,answers_qwen25_7b_T1.5,Q009,E,Sports,7,tennis,tennis,0,0,0,Q009::7
Part3/outputs/answers_qwen25_7b_T1.5.csv,answers_qwen25_7b_T1.5,Q009,E,Sports,8,tennis,tennis,0,0,0,Q009::8
Part3/outputs/answers_qwen25_7b_T1.5.csv,answers_qwen25_7b_T1.5,Q009,E,Sports,9,tennis,tennis,0,0,0,Q009::9
Part3/outputs/answers_qwen25_7b_T1.5.csv,answers_qwen25_7b_T1.5,Q009,E,Sports,10,tennis,tennis,0,0,0,Q009::10
Part3/outputs/answers_qwen25_7b_T1.5.csv,answers_qwen25_7b_T1.5,Q009,E,Sports,11,tennis,tennis,0,0,0,Q009::11
Part3/outputs/answers_qwen25_7b_T1.5.csv,answers_qwen25_7b_T1.5,Q009,E,Sports,12,volleyball,volleyball,0,0,0,Q009::12
Part3/outputs/answers_qwen25_7b_T1.5.csv,answers_qwen25_7b_T1.5,Q009,E,Sports,13,tennis,tennis,0,0,0,Q009::13
Part3/outputs/answers_qwen25_7b_T1.5.csv,answers_qwen25_7b_T1.5,Q009,E,Sports,14,tennis,tennis,0,0,0,Q009::14
Part3/outputs/answers_qwen25_7b_T1.5.csv,answers_qwen25_7b_T1.5,Q009,E,Sports,15,volleyball,volleyball,0,0,0,Q009::15
Part3/outputs/answers_qwen25_7b_T1.5.csv,answers_qwen25_7b_T1.5,Q009,E,Sports,16,tennis,tennis,0,0,0,Q009::16
Part3/outputs/answers_qwen25_7b_T1.5.csv,answers_qwen25_7b_T1.5,Q009,E,Sports,17,tennis,tennis,0,0,0,Q009::17
Part3/outputs/answers_qwen25_7b_T1.5.csv,answers_qwen25_7b_T1.5,Q009,E,Sports,18,tennis,tennis,0,0,0,Q009::18
Part3/outputs/answers_qwen25_7b_T1.5.csv,answers_qwen25_7b_T1.5,Q009,E,Sports,19,tennis,tennis,0,0,0,Q009::19
Part3/outputs/answers_qwen25_7b_T1.5.csv,answers_qwen25_7b_T1.5,Q010,E,Movie titles,0,elder scrollsonline,elder scrollsonline,0,0,0,Q010::0
Part3/outputs/answers_qwen25_7b_T1.5.csv,answers_qwen25_7b_T1.5,Q010,E,Movie titles,1,earth warriors,earth warriors,0,0,0,Q010::1
Part3/outputs/answers_qwen25_7b_T1.5.csv,answers_qwen25_7b_T1.5,Q010,E,Movie titles,2,eternal sunshine of the spotless mind,eternal sunshine of the spotless mind,0,0,0,Q010::2
Part3/outputs/answers_qwen25_7b_T1.5.csv,answers_qwen25_7b_T1.5,Q010,E,Movie titles,3,eternal sunshine of the spotless mind,eternal sunshine of the spotless mind,0,0,0,Q010::3
Part3/outputs/answers_qwen25_7b_T1.5.csv,answers_qwen25_7b_T1.5,Q010,E,Movie titles,4,earth boys,earth boys,0,0,0,Q010::4
Part3/outputs/answers_qwen25_7b_T1.5.csv,answers_qwen25_7b_T1.5,Q010,E,Movie titles,5,eagle-eyed,eagle-eyed,0,0,0,Q010::5
Part3/outputs/answers_qwen25_7b_T1.5.csv,answers_qwen25_7b_T1.5,Q010,E,Movie titles,6,eternal sunshine of the spotless mind,eternal sunshine of the spotless mind,0,0,0,Q010::6
Part3/outputs/answers_qwen25_7b_T1.5.csv,answers_qwen25_7b_T1.5,Q010,E,Movie titles,7,e.Preference,e.preference,0,0,0,Q010::7
Part3/outputs/answers_qwen25_7b_T1.5.csv,answers_qwen25_7b_T1.5,Q010,E,Movie titles,8,eternal sunshine of the spotless mind,eternal sunshine of the spotless mind,0,0,0,Q010::8
Part3/outputs/answers_qwen25_7b_T1.5.csv,answers_qwen25_7b_T1.5,Q010,E,Movie titles,9,eternal sunshine of the spotless mind,eternal sunshine of the spotless mind,0,0,0,Q010::9
Part3/outputs/answers_qwen25_7b_T1.5.csv,answers_qwen25_7b_T1.5,Q010,E,Movie titles,10,eighth embarrassment,eighth embarrassment,0,0,0,Q010::10
Part3/outputs/answers_qwen25_7b_T1.5.csv,answers_qwen25_7b_T1.5,Q010,E,Movie titles,11,eclipse,eclipse,1,0,1,Q010::11
Part3/outputs/answers_qwen25_7b_T1.5.csv,answers_qwen25_7b_T1.5,Q010,E,Movie titles,12,everything ever,everything ever,0,0,0,Q010::12
Part3/outputs/answers_qwen25_7b_T1.5.csv,answers_qwen25_7b_T1.5,Q010,E,Movie titles,13,eternal sunshine of the spotless mind,eternal sunshine of the spotless mind,0,0,0,Q010::13
Part3/outputs/answers_qwen25_7b_T1.5.csv,answers_qwen25_7b_T1.5,Q010,E,Movie titles,14,easy rider,easy rider,1,0,1,Q010::14
Part3/outputs/answers_qwen25_7b_T1.5.csv,answers_qwen25_7b_T1.5,Q010,E,Movie titles,15,election Day,election day,0,0,0,Q010::15
Part3/outputs/answers_qwen25_7b_T1.5.csv,answers_qwen25_7b_T1.5,Q010,E,Movie titles,16,e validationResult,e validationresult,0,0,0,Q010::16
Part3/outputs/answers_qwen25_7b_T1.5.csv,answers_qwen25_7b_T1.5,Q010,E,Movie titles,17,earth girls,earth girls,0,0,0,Q010::17
Part3/outputs/answers_qwen25_7b_T1.5.csv,answers_qwen25_7b_T1.5,Q010,E,Movie titles,18,eureka bénéficie,eureka bénéficie,0,0,0,Q010::18
Part3/outputs/answers_qwen25_7b_T1.5.csv,answers_qwen25_7b_T1.5,Q010,E,Movie titles,19,every man loves sandy,every man loves sandy,0,0,0,Q010::19
Part3/outputs/answers_qwen25_7b_T1.5.csv,answers_qwen25_7b_T1.5,Q011,F,Fish,0,flounder,flounder,1,1,0,Q011::0
Part3/outputs/answers_qwen25_7b_T1.5.csv,answers_qwen25_7b_T1.5,Q011,F,Fish,1,goldfish,goldfish,1,0,1,Q011::1
Part3/outputs/answers_qwen25_7b_T1.5.csv,answers_qwen25_7b_T1.5,Q011,F,Fish,2,flounder,flounder,1,0,1,Q011::2
Part3/outputs/answers_qwen25_7b_T1.5.csv,answers_qwen25_7b_T1.5,Q011,F,Fish,3,flounder,flounder,1,0,1,Q011::3
Part3/outputs/answers_qwen25_7b_T1.5.csv,answers_qwen25_7b_T1.5,Q011,F,Fish,4,flounder,flounder,1,1,0,Q011::4
Part3/outputs/answers_qwen25_7b_T1.5.csv,answers_qwen25_7b_T1.5,Q011,F,Fish,5,flounder,flounder,1,1,0,Q011::5
Part3/outputs/answers_qwen25_7b_T1.5.csv,answers_qwen25_7b_T1.5,Q011,F,Fish,6,flounder,flounder,1,1,0,Q011::6
Part3/outputs/answers_qwen25_7b_T1.5.csv,answers_qwen25_7b_T1.5,Q011,F,Fish,7,flounder,flounder,1,1,0,Q011::7
Part3/outputs/answers_qwen25_7b_T1.5.csv,answers_qwen25_7b_T1.5,Q011,F,Fish,8,goldfish,goldfish,1,0,1,Q011::8
Part3/outputs/answers_qwen25_7b_T1.5.csv,answers_qwen25_7b_T1.5,Q011,F,Fish,9,flounder,flounder,1,1,0,Q011::9
Part3/outputs/answers_qwen25_7b_T1.5.csv,answers_qwen25_7b_T1.5,Q011,F,Fish,10,flounder,flounder,1,1,0,Q011::10
Part3/outputs/answers_qwen25_7b_T1.5.csv,answers_qwen25_7b_T1.5,Q011,F,Fish,11,flounder,flounder,1,1,0,Q011::11
Part3/outputs/answers_qwen25_7b_T1.5.csv,answers_qwen25_7b_T1.5,Q011,F,Fish,12,flounder,flounder,1,0,1,Q011::12
Part3/outputs/answers_qwen25_7b_T1.5.csv,answers_qwen25_7b_T1.5,Q011,F,Fish,13,goldfish,goldfish,1,0,1,Q011::13
Part3/outputs/answers_qwen25_7b_T1.5.csv,answers_qwen25_7b_T1.5,Q011,F,Fish,14,flounder,flounder,1,1,0,Q011::14
Part3/outputs/answers_qwen25_7b_T1.5.csv,answers_qwen25_7b_T1.5,Q011,F,Fish,15,flounder,flounder,1,1,0,Q011::15
Part3/outputs/answers_qwen25_7b_T1.5.csv,answers_qwen25_7b_T1.5,Q011,F,Fish,16,flounder,flounder,1,1,0,Q011::16
Part3/outputs/answers_qwen25_7b_T1.5.csv,answers_qwen25_7b_T1.5,Q011,F,Fish,17,flounder,flounder,1,1,0,Q011::17
Part3/outputs/answers_qwen25_7b_T1.5.csv,answers_qwen25_7b_T1.5,Q011,F,Fish,18,flounder,flounder,1,1,0,Q011::18
Part3/outputs/answers_qwen25_7b_T1.5.csv,answers_qwen25_7b_T1.5,Q011,F,Fish,19,flounder,flounder,1,1,0,Q011::19
Part3/outputs/answers_qwen25_7b_T1.5.csv,answers_qwen25_7b_T1.5,Q012,F,Things in a backpack,0,folders,folders,1,0,1,Q012::0
Part3/outputs/answers_qwen25_7b_T1.5.csv,answers_qwen25_7b_T1.5,Q012,F,Things in a backpack,1,flashlight,flashlight,1,0,1,Q012::1
Part3/outputs/answers_qwen25_7b_T1.5.csv,answers_qwen25_7b_T1.5,Q012,F,Things in a backpack,2,folders,folders,1,0,1,Q012::2
Part3/outputs/answers_qwen25_7b_T1.5.csv,answers_qwen25_7b_T1.5,Q012,F,Things in a backpack,3,folders,folders,1,0,1,Q012::3
Part3/outputs/answers_qwen25_7b_T1.5.csv,answers_qwen25_7b_T1.5,Q012,F,Things in a backpack,4,folder,folder,1,0,1,Q012::4
Part3/outputs/answers_qwen25_7b_T1.5.csv,answers_qwen25_7b_T1.5,Q012,F,Things in a backpack,5,flashlight,flashlight,1,0,1,Q012::5
Part3/outputs/answers_qwen25_7b_T1.5.csv,answers_qwen25_7b_T1.5,Q012,F,Things in a backpack,6,flashlight,flashlight,1,1,0,Q012::6
Part3/outputs/answers_qwen25_7b_T1.5.csv,answers_qwen25_7b_T1.5,Q012,F,Things in a backpack,7,folder,folder,1,0,1,Q012::7
Part3/outputs/answers_qwen25_7b_T1.5.csv,answers_qwen25_7b_T1.5,Q012,F,Things in a backpack,8,folder,folder,1,0,1,Q012::8
Part3/outputs/answers_qwen25_7b_T1.5.csv,answers_qwen25_7b_T1.5,Q012,F,Things in a backpack,9,flashlight,flashlight,1,0,1,Q012::9
Part3/outputs/answers_qwen25_7b_T1.5.csv,answers_qwen25_7b_T1.5,Q012,F,Things in a backpack,10,folders,folders,1,0,1,Q012::10
Part3/outputs/answers_qwen25_7b_T1.5.csv,answers_qwen25_7b_T1.5,Q012,F,Things in a backpack,11,flashlight,flashlight,1,0,1,Q012::11
Part3/outputs/answers_qwen25_7b_T1.5.csv,answers_qwen25_7b_T1.5,Q012,F,Things in a backpack,12,flashlight,flashlight,1,1,0,Q012::12
Part3/outputs/answers_qwen25_7b_T1.5.csv,answers_qwen25_7b_T1.5,Q012,F,Things in a backpack,13,folders,folders,1,0,1,Q012::13
Part3/outputs/answers_qwen25_7b_T1.5.csv,answers_qwen25_7b_T1.5,Q012,F,Things in a backpack,14,flashlight,flashlight,1,1,0,Q012::14
Part3/outputs/answers_qwen25_7b_T1.5.csv,answers_qwen25_7b_T1.5,Q012,F,Things in a backpack,15,folder,folder,1,0,1,Q012::15
Part3/outputs/answers_qwen25_7b_T1.5.csv,answers_qwen25_7b_T1.5,Q012,F,Things in a backpack,16,folders,folders,1,0,1,Q012::16
Part3/outputs/answers_qwen25_7b_T1.5.csv,answers_qwen25_7b_T1.5,Q012,F,Things in a backpack,17,folders,folders,1,0,1,Q012::17
Part3/outputs/answers_qwen25_7b_T1.5.csv,answers_qwen25_7b_T1.5,Q012,F,Things in a backpack,18,flashlight,flashlight,1,0,1,Q012::18
Part3/outputs/answers_qwen25_7b_T1.5.csv,answers_qwen25_7b_T1.5,Q012,F,Things in a backpack,19,flashlight,flashlight,1,0,1,Q012::19
Part3/outputs/answers_qwen25_7b_T1.5.csv,answers_qwen25_7b_T1.5,Q013,G,U.S. states,0,georgia,georgia,1,0,1,Q013::0
Part3/outputs/answers_qwen25_7b_T1.5.csv,answers_qwen25_7b_T1.5,Q013,G,U.S. states,1,georgia,georgia,1,0,1,Q013::1
Part3/outputs/answers_qwen25_7b_T1.5.csv,answers_qwen25_7b_T1.5,Q013,G,U.S. states,2,georgia,georgia,1,0,1,Q013::2
Part3/outputs/answers_qwen25_7b_T1.5.csv,answers_qwen25_7b_T1.5,Q013,G,U.S. states,3,georgia,georgia,1,0,1,Q013::3
Part3/outputs/answers_qwen25_7b_T1.5.csv,answers_qwen25_7b_T1.5,Q013,G,U.S. states,4,georgia,georgia,1,0,1,Q013::4
Part3/outputs/answers_qwen25_7b_T1.5.csv,answers_qwen25_7b_T1.5,Q013,G,U.S. states,5,georgia,georgia,1,0,1,Q013::5
Part3/outputs/answers_qwen25_7b_T1.5.csv,answers_qwen25_7b_T1.5,Q013,G,U.S. states,6,georgia,georgia,1,0,1,Q013::6
Part3/outputs/answers_qwen25_7b_T1.5.csv,answers_qwen25_7b_T1.5,Q013,G,U.S. states,7,georgia,georgia,1,0,1,Q013::7
Part3/outputs/answers_qwen25_7b_T1.5.csv,answers_qwen25_7b_T1.5,Q013,G,U.S. states,8,georgia,georgia,1,0,1,Q013::8
Part3/outputs/answers_qwen25_7b_T1.5.csv,answers_qwen25_7b_T1.5,Q013,G,U.S. states,9,georgia,georgia,1,1,0,Q013::9
Part3/outputs/answers_qwen25_7b_T1.5.csv,answers_qwen25_7b_T1.5,Q013,G,U.S. states,10,georgia,georgia,1,0,1,Q013::10
Part3/outputs/answers_qwen25_7b_T1.5.csv,answers_qwen25_7b_T1.5,Q013,G,U.S. states,11,georgia,georgia,1,0,1,Q013::11
Part3/outputs/answers_qwen25_7b_T1.5.csv,answers_qwen25_7b_T1.5,Q013,G,U.S. states,12,georgia,georgia,1,0,1,Q013::12
Part3/outputs/answers_qwen25_7b_T1.5.csv,answers_qwen25_7b_T1.5,Q013,G,U.S. states,13,georgia,georgia,1,0,1,Q013::13
Part3/outputs/answers_qwen25_7b_T1.5.csv,answers_qwen25_7b_T1.5,Q013,G,U.S. states,14,georgia,georgia,1,0,1,Q013::14
Part3/outputs/answers_qwen25_7b_T1.5.csv,answers_qwen25_7b_T1.5,Q013,G,U.S. states,15,georgia,georgia,1,1,0,Q013::15
Part3/outputs/answers_qwen25_7b_T1.5.csv,answers_qwen25_7b_T1.5,Q013,G,U.S. states,16,georgia,georgia,1,1,0,Q013::16
Part3/outputs/answers_qwen25_7b_T1.5.csv,answers_qwen25_7b_T1.5,Q013,G,U.S. states,17,georgia,georgia,1,1,0,Q013::17
Part3/outputs/answers_qwen25_7b_T1.5.csv,answers_qwen25_7b_T1.5,Q013,G,U.S. states,18,georgia,georgia,1,1,0,Q013::18
Part3/outputs/answers_qwen25_7b_T1.5.csv,answers_qwen25_7b_T1.5,Q013,G,U.S. states,19,georgia,georgia,1,0,1,Q013::19
Part3/outputs/answers_qwen25_7b_T1.5.csv,answers_qwen25_7b_T1.5,Q014,G,Foods,0,grapefruit,grapefruit,1,0,1,Q014::0
Part3/outputs/answers_qwen25_7b_T1.5.csv,answers_qwen25_7b_T1.5,Q014,G,Foods,1,garlic,garlic,1,0,1,Q014::1
Part3/outputs/answers_qwen25_7b_T1.5.csv,answers_qwen25_7b_T1.5,Q014,G,Foods,2,guacamole,guacamole,1,0,1,Q014::2
Part3/outputs/answers_qwen25_7b_T1.5.csv,answers_qwen25_7b_T1.5,Q014,G,Foods,3,grapes,grapes,1,0,1,Q014::3
Part3/outputs/answers_qwen25_7b_T1.5.csv,answers_qwen25_7b_T1.5,Q014,G,Foods,4,garlic bread,garlic bread,1,0,1,Q014::4
Part3/outputs/answers_qwen25_7b_T1.5.csv,answers_qwen25_7b_T1.5,Q014,G,Foods,5,guacamole,guacamole,1,0,1,Q014::5
Part3/outputs/answers_qwen25_7b_T1.5.csv,answers_qwen25_7b_T1.5,Q014,G,Foods,6,garlic bread,garlic bread,1,0,1,Q014::6
Part3/outputs/answers_qwen25_7b_T1.5.csv,answers_qwen25_7b_T1.5,Q014,G,Foods,7,garlic bread,garlic bread,1,0,1,Q014::7
Part3/outputs/answers_qwen25_7b_T1.5.csv,answers_qwen25_7b_T1.5,Q014,G,Foods,8,guacamole,guacamole,1,0,1,Q014::8
Part3/outputs/answers_qwen25_7b_T1.5.csv,answers_qwen25_7b_T1.5,Q014,G,Foods,9,guacamole,guacamole,1,0,1,Q014::9
Part3/outputs/answers_qwen25_7b_T1.5.csv,answers_qwen25_7b_T1.5,Q014,G,Foods,10,garlic bread,garlic bread,1,0,1,Q014::10
Part3/outputs/answers_qwen25_7b_T1.5.csv,answers_qwen25_7b_T1.5,Q014,G,Foods,11,garlic bread,garlic bread,1,0,1,Q014::11
Part3/outputs/answers_qwen25_7b_T1.5.csv,answers_qwen25_7b_T1.5,Q014,G,Foods,12,garlic bread,garlic bread,1,0,1,Q014::12
Part3/outputs/answers_qwen25_7b_T1.5.csv,answers_qwen25_7b_T1.5,Q014,G,Foods,13,garlic bread,garlic bread,1,0,1,Q014::13
Part3/outputs/answers_qwen25_7b_T1.5.csv,answers_qwen25_7b_T1.5,Q014,G,Foods,14,garlic,garlic,1,0,1,Q014::14
Part3/outputs/answers_qwen25_7b_T1.5.csv,answers_qwen25_7b_T1.5,Q014,G,Foods,15,garlic bread,garlic bread,1,0,1,Q014::15
Part3/outputs/answers_qwen25_7b_T1.5.csv,answers_qwen25_7b_T1.5,Q014,G,Foods,16,grapefruit,grapefruit,1,0,1,Q014::16
Part3/outputs/answers_qwen25_7b_T1.5.csv,answers_qwen25_7b_T1.5,Q014,G,Foods,17,garlic,garlic,1,0,1,Q014::17
Part3/outputs/answers_qwen25_7b_T1.5.csv,answers_qwen25_7b_T1.5,Q014,G,Foods,18,garlic bread,garlic bread,1,0,1,Q014::18
Part3/outputs/answers_qwen25_7b_T1.5.csv,answers_qwen25_7b_T1.5,Q014,G,Foods,19,guacamole,guacamole,1,0,1,Q014::19
Part3/outputs/answers_qwen25_7b_T1.5.csv,answers_qwen25_7b_T1.5,Q015,H,Famous scientists,0,huygens,huygens,1,0,1,Q015::0
Part3/outputs/answers_qwen25_7b_T1.5.csv,answers_qwen25_7b_T1.5,Q015,H,Famous scientists,1,hawking,hawking,1,0,1,Q015::1
Part3/outputs/answers_qwen25_7b_T1.5.csv,answers_qwen25_7b_T1.5,Q015,H,Famous scientists,2,hawking,hawking,1,0,1,Q015::2
Part3/outputs/answers_qwen25_7b_T1.5.csv,answers_qwen25_7b_T1.5,Q015,H,Famous scientists,3,hawking steinhaus,hawking steinhaus,0,0,0,Q015::3
Part3/outputs/answers_qwen25_7b_T1.5.csv,answers_qwen25_7b_T1.5,Q015,H,Famous scientists,4,hawking霍金,hawking,1,0,1,Q015::4
Part3/outputs/answers_qwen25_7b_T1.5.csv,answers_qwen25_7b_T1.5,Q015,H,Famous scientists,5,hawking stephen,hawking stephen,0,0,0,Q015::5
Part3/outputs/answers_qwen25_7b_T1.5.csv,answers_qwen25_7b_T1.5,Q015,H,Famous scientists,6,hertz,hertz,1,0,1,Q015::6
Part3/outputs/answers_qwen25_7b_T1.5.csv,answers_qwen25_7b_T1.5,Q015,H,Famous scientists,7,hendrik hertzberg,hendrik hertzberg,0,0,0,Q015::7
Part3/outputs/answers_qwen25_7b_T1.5.csv,answers_qwen25_7b_T1.5,Q015,H,Famous scientists,8,galileo galilei,galileo galilei,0,0,0,Q015::8
Part3/outputs/answers_qwen25_7b_T1.5.csv,answers_qwen25_7b_T1.5,Q015,H,Famous scientists,9,huygens,huygens,1,0,1,Q015::9
Part3/outputs/answers_qwen25_7b_T1.5.csv,answers_qwen25_7b_T1.5,Q015,H,Famous scientists,10,helenraith,helenraith,0,0,0,Q015::10
Part3/outputs/answers_qwen25_7b_T1.5.csv,answers_qwen25_7b_T1.5,Q015,H,Famous scientists,11,isaac newton,isaac newton,0,0,0,Q015::11
Part3/outputs/answers_qwen25_7b_T1.5.csv,answers_qwen25_7b_T1.5,Q015,H,Famous scientists,12,helen dwarf,helen dwarf,0,0,0,Q015::12
Part3/outputs/answers_qwen25_7b_T1.5.csv,answers_qwen25_7b_T1.5,Q015,H,Famous scientists,13,galileo galilei,galileo galilei,0,0,0,Q015::13
Part3/outputs/answers_qwen25_7b_T1.5.csv,answers_qwen25_7b_T1.5,Q015,H,Famous scientists,14,huygens,huygens,1,0,1,Q015::14
Part3/outputs/answers_qwen25_7b_T1.5.csv,answers_qwen25_7b_T1.5,Q015,H,Famous scientists,15,huygens,huygens,1,0,1,Q015::15
Part3/outputs/answers_qwen25_7b_T1.5.csv,answers_qwen25_7b_T1.5,Q015,H,Famous scientists,16,galileo galilei,galileo galilei,0,0,0,Q015::16
Part3/outputs/answers_qwen25_7b_T1.5.csv,answers_qwen25_7b_T1.5,Q015,H,Famous scientists,17,hendrik hertz,hendrik hertz,0,0,0,Q015::17
Part3/outputs/answers_qwen25_7b_T1.5.csv,answers_qwen25_7b_T1.5,Q015,H,Famous scientists,18,hermann von helmholtz,hermann von helmholtz,1,0,1,Q015::18
Part3/outputs/answers_qwen25_7b_T1.5.csv,answers_qwen25_7b_T1.5,Q015,H,Famous scientists,19,hermann höltzelman,hermann höltzelman,0,0,0,Q015::19
Part3/outputs/answers_qwen25_7b_T1.5.csv,answers_qwen25_7b_T1.5,Q016,H,Things at the beach,0,hat,hat,1,0,1,Q016::0
Part3/outputs/answers_qwen25_7b_T1.5.csv,answers_qwen25_7b_T1.5,Q016,H,Things at the beach,1,hat,hat,1,0,1,Q016::1
Part3/outputs/answers_qwen25_7b_T1.5.csv,answers_qwen25_7b_T1.5,Q016,H,Things at the beach,2,sandcastle,sandcastle,0,0,0,Q016::2
Part3/outputs/answers_qwen25_7b_T1.5.csv,answers_qwen25_7b_T1.5,Q016,H,Things at the beach,3,hat,hat,1,0,1,Q016::3
Part3/outputs/answers_qwen25_7b_T1.5.csv,answers_qwen25_7b_T1.5,Q016,H,Things at the beach,4,hat,hat,1,0,1,Q016::4
Part3/outputs/answers_qwen25_7b_T1.5.csv,answers_qwen25_7b_T1.5,Q016,H,Things at the beach,5,hat,hat,1,0,1,Q016::5
Part3/outputs/answers_qwen25_7b_T1.5.csv,answers_qwen25_7b_T1.5,Q016,H,Things at the beach,6,hat,hat,1,0,1,Q016::6
Part3/outputs/answers_qwen25_7b_T1.5.csv,answers_qwen25_7b_T1.5,Q016,H,Things at the beach,7,hat,hat,1,0,1,Q016::7
Part3/outputs/answers_qwen25_7b_T1.5.csv,answers_qwen25_7b_T1.5,Q016,H,Things at the beach,8,hat,hat,1,0,1,Q016::8
Part3/outputs/answers_qwen25_7b_T1.5.csv,answers_qwen25_7b_T1.5,Q016,H,Things at the beach,9,hat,hat,1,0,1,Q016::9
Part3/outputs/answers_qwen25_7b_T1.5.csv,answers_qwen25_7b_T1.5,Q016,H,Things at the beach,10,sandcastle,sandcastle,0,0,0,Q016::10
Part3/outputs/answers_qwen25_7b_T1.5.csv,answers_qwen25_7b_T1.5,Q016,H,Things at the beach,11,sandcastle,sandcastle,0,0,0,Q016::11
Part3/outputs/answers_qwen25_7b_T1.5.csv,answers_qwen25_7b_T1.5,Q016,H,Things at the beach,12,hat,hat,1,0,1,Q016::12
Part3/outputs/answers_qwen25_7b_T1.5.csv,answers_qwen25_7b_T1.5,Q016,H,Things at the beach,13,hat,hat,1,0,1,Q016::13
Part3/outputs/answers_qwen25_7b_T1.5.csv,answers_qwen25_7b_T1.5,Q016,H,Things at the beach,14,hat,hat,1,0,1,Q016::14
Part3/outputs/answers_qwen25_7b_T1.5.csv,answers_qwen25_7b_T1.5,Q016,H,Things at the beach,15,hat,hat,1,0,1,Q016::15
Part3/outputs/answers_qwen25_7b_T1.5.csv,answers_qwen25_7b_T1.5,Q016,H,Things at the beach,16,hat,hat,1,0,1,Q016::16
Part3/outputs/answers_qwen25_7b_T1.5.csv,answers_qwen25_7b_T1.5,Q016,H,Things at the beach,17,sandcastle,sandcastle,0,0,0,Q016::17
Part3/outputs/answers_qwen25_7b_T1.5.csv,answers_qwen25_7b_T1.5,Q016,H,Things at the beach,18,hat,hat,1,0,1,Q016::18
Part3/outputs/answers_qwen25_7b_T1.5.csv,answers_qwen25_7b_T1.5,Q016,H,Things at the beach,19,hat,hat,1,0,1,Q016::19
Part3/outputs/answers_qwen25_7b_T1.5.csv,answers_qwen25_7b_T1.5,Q017,I,Cities,0,iceland,iceland,0,0,0,Q017::0
Part3/outputs/answers_qwen25_7b_T1.5.csv,answers_qwen25_7b_T1.5,Q017,I,Cities,1,indianapolis,indianapolis,1,1,0,Q017::1
Part3/outputs/answers_qwen25_7b_T1.5.csv,answers_qwen25_7b_T1.5,Q017,I,Cities,2,istanbul,istanbul,0,0,0,Q017::2
Part3/outputs/answers_qwen25_7b_T1.5.csv,answers_qwen25_7b_T1.5,Q017,I,Cities,3,irvine,irvine,1,0,1,Q017::3
Part3/outputs/answers_qwen25_7b_T1.5.csv,answers_qwen25_7b_T1.5,Q017,I,Cities,4,indianapolis,indianapolis,1,0,1,Q017::4
Part3/outputs/answers_qwen25_7b_T1.5.csv,answers_qwen25_7b_T1.5,Q017,I,Cities,5,istanbul,istanbul,0,0,0,Q017::5
Part3/outputs/answers_qwen25_7b_T1.5.csv,answers_qwen25_7b_T1.5,Q017,I,Cities,6,istanbul,istanbul,0,0,0,Q017::6
Part3/outputs/answers_qwen25_7b_T1.5.csv,answers_qwen25_7b_T1.5,Q017,I,Cities,7,independence day,independence day,0,0,0,Q017::7
Part3/outputs/answers_qwen25_7b_T1.5.csv,answers_qwen25_7b_T1.5,Q017,I,Cities,8,ichang,ichang,0,0,0,Q017::8
Part3/outputs/answers_qwen25_7b_T1.5.csv,answers_qwen25_7b_T1.5,Q017,I,Cities,9,ijmuiden,ijmuiden,1,0,1,Q017::9
Part3/outputs/answers_qwen25_7b_T1.5.csv,answers_qwen25_7b_T1.5,Q017,I,Cities,10,indianapolis,indianapolis,1,0,1,Q017::10
Part3/outputs/answers_qwen25_7b_T1.5.csv,answers_qwen25_7b_T1.5,Q017,I,Cities,11,italian riviera,italian riviera,0,0,0,Q017::11
Part3/outputs/answers_qwen25_7b_T1.5.csv,answers_qwen25_7b_T1.5,Q017,I,Cities,12,iceland,iceland,0,0,0,Q017::12
Part3/outputs/answers_qwen25_7b_T1.5.csv,answers_qwen25_7b_T1.5,Q017,I,Cities,13,ichang,ichang,0,0,0,Q017::13
Part3/outputs/answers_qwen25_7b_T1.5.csv,answers_qwen25_7b_T1.5,Q017,I,Cities,14,iceland,iceland,0,0,0,Q017::14
Part3/outputs/answers_qwen25_7b_T1.5.csv,answers_qwen25_7b_T1.5,Q017,I,Cities,15,irvine,irvine,1,0,1,Q017::15
Part3/outputs/answers_qwen25_7b_T1.5.csv,answers_qwen25_7b_T1.5,Q017,I,Cities,16,italian island,italian island,0,0,0,Q017::16
Part3/outputs/answers_qwen25_7b_T1.5.csv,answers_qwen25_7b_T1.5,Q017,I,Cities,17,indianapolis,indianapolis,1,1,0,Q017::17
Part3/outputs/answers_qwen25_7b_T1.5.csv,answers_qwen25_7b_T1.5,Q017,I,Cities,18,ibadan,ibadan,1,0,1,Q017::18
Part3/outputs/answers_qwen25_7b_T1.5.csv,answers_qwen25_7b_T1.5,Q017,I,Cities,19,iceland,iceland,0,0,0,Q017::19
Part3/outputs/answers_qwen25_7b_T1.5.csv,answers_qwen25_7b_T1.5,Q018,I,Things in a classroom,0,blackboard,blackboard,1,0,1,Q018::0
Part3/outputs/answers_qwen25_7b_T1.5.csv,answers_qwen25_7b_T1.5,Q018,I,Things in a classroom,1,instructor,instructor,1,0,1,Q018::1
Part3/outputs/answers_qwen25_7b_T1.5.csv,answers_qwen25_7b_T1.5,Q018,I,Things in a classroom,2,interactive whiteboard,interactive whiteboard,1,0,1,Q018::2
Part3/outputs/answers_qwen25_7b_T1.5.csv,answers_qwen25_7b_T1.5,Q018,I,Things in a classroom,3,instruction book,instruction book,1,0,1,Q018::3
Part3/outputs/answers_qwen25_7b_T1.5.csv,answers_qwen25_7b_T1.5,Q018,I,Things in a classroom,4,interactive whiteboard,interactive whiteboard,1,0,1,Q018::4
Part3/outputs/answers_qwen25_7b_T1.5.csv,answers_qwen25_7b_T1.5,Q018,I,Things in a classroom,5,interactive whiteboard,interactive whiteboard,1,0,1,Q018::5
Part3/outputs/answers_qwen25_7b_T1.5.csv,answers_qwen25_7b_T1.5,Q018,I,Things in a classroom,6,indoor plumbing,indoor plumbing,0,0,0,Q018::6
Part3/outputs/answers_qwen25_7b_T1.5.csv,answers_qwen25_7b_T1.5,Q018,I,Things in a classroom,7,interactive whiteboard,interactive whiteboard,1,0,1,Q018::7
Part3/outputs/answers_qwen25_7b_T1.5.csv,answers_qwen25_7b_T1.5,Q018,I,Things in a classroom,8,interactive whiteboard,interactive whiteboard,1,1,0,Q018::8
Part3/outputs/answers_qwen25_7b_T1.5.csv,answers_qwen25_7b_T1.5,Q018,I,Things in a classroom,9,infinity poster,infinity poster,1,0,1,Q018::9
Part3/outputs/answers_qwen25_7b_T1.5.csv,answers_qwen25_7b_T1.5,Q018,I,Things in a classroom,10,infinity poster,infinity poster,1,0,1,Q018::10
Part3/outputs/answers_qwen25_7b_T1.5.csv,answers_qwen25_7b_T1.5,Q018,I,Things in a classroom,11,interboard,interboard,0,0,0,Q018::11
Part3/outputs/answers_qwen25_7b_T1.5.csv,answers_qwen25_7b_T1.5,Q018,I,Things in a classroom,12,instructor,instructor,1,0,1,Q018::12
Part3/outputs/answers_qwen25_7b_T1.5.csv,answers_qwen25_7b_T1.5,Q018,I,Things in a classroom,13,interactometer,interactometer,0,0,0,Q018::13
Part3/outputs/answers_qwen25_7b_T1.5.csv,answers_qwen25_7b_T1.5,Q018,I,Things in a classroom,14,interior decorations,interior decorations,0,0,0,Q018::14
Part3/outputs/answers_qwen25_7b_T1.5.csv,answers_qwen25_7b_T1.5,Q018,I,Things in a classroom,15,interact,interact,0,0,0,Q018::15
Part3/outputs/answers_qwen25_7b_T1.5.csv,answers_qwen25_7b_T1.5,Q018,I,Things in a classroom,16,intelligent mascot,intelligent mascot,0,0,0,Q018::16
Part3/outputs/answers_qwen25_7b_T1.5.csv,answers_qwen25_7b_T1.5,Q018,I,Things in a classroom,17,instruction,instruction,0,0,0,Q018::17
Part3/outputs/answers_qwen25_7b_T1.5.csv,answers_qwen25_7b_T1.5,Q018,I,Things in a classroom,18,intercepting cone,intercepting cone,0,0,0,Q018::18
Part3/outputs/answers_qwen25_7b_T1.5.csv,answers_qwen25_7b_T1.5,Q018,I,Things in a classroom,19,interactivedisplay,interactivedisplay,0,0,0,Q018::19
Part3/outputs/answers_qwen25_7b_T1.5.csv,answers_qwen25_7b_T1.5,Q019,J,Car brands,0,jaguar,jaguar,1,1,0,Q019::0
Part3/outputs/answers_qwen25_7b_T1.5.csv,answers_qwen25_7b_T1.5,Q019,J,Car brands,1,jaguar,jaguar,1,1,0,Q019::1
Part3/outputs/answers_qwen25_7b_T1.5.csv,answers_qwen25_7b_T1.5,Q019,J,Car brands,2,jaguar,jaguar,1,1,0,Q019::2
Part3/outputs/answers_qwen25_7b_T1.5.csv,answers_qwen25_7b_T1.5,Q019,J,Car brands,3,jaguar,jaguar,1,1,0,Q019::3
Part3/outputs/answers_qwen25_7b_T1.5.csv,answers_qwen25_7b_T1.5,Q019,J,Car brands,4,jaguar,jaguar,1,1,0,Q019::4
Part3/outputs/answers_qwen25_7b_T1.5.csv,answers_qwen25_7b_T1.5,Q019,J,Car brands,5,jaguar,jaguar,1,1,0,Q019::5
Part3/outputs/answers_qwen25_7b_T1.5.csv,answers_qwen25_7b_T1.5,Q019,J,Car brands,6,jaguar,jaguar,1,1,0,Q019::6
Part3/outputs/answers_qwen25_7b_T1.5.csv,answers_qwen25_7b_T1.5,Q019,J,Car brands,7,jaguar,jaguar,1,1,0,Q019::7
Part3/outputs/answers_qwen25_7b_T1.5.csv,answers_qwen25_7b_T1.5,Q019,J,Car brands,8,jaguar,jaguar,1,1,0,Q019::8
Part3/outputs/answers_qwen25_7b_T1.5.csv,answers_qwen25_7b_T1.5,Q019,J,Car brands,9,jaguar,jaguar,1,1,0,Q019::9
Part3/outputs/answers_qwen25_7b_T1.5.csv,answers_qwen25_7b_T1.5,Q019,J,Car brands,10,jaguar,jaguar,1,1,0,Q019::10
Part3/outputs/answers_qwen25_7b_T1.5.csv,answers_qwen25_7b_T1.5,Q019,J,Car brands,11,jaguar,jaguar,1,1,0,Q019::11
Part3/outputs/answers_qwen25_7b_T1.5.csv,answers_qwen25_7b_T1.5,Q019,J,Car brands,12,jaguar,jaguar,1,1,0,Q019::12
Part3/outputs/answers_qwen25_7b_T1.5.csv,answers_qwen25_7b_T1.5,Q019,J,Car brands,13,jaguar,jaguar,1,1,0,Q019::13
Part3/outputs/answers_qwen25_7b_T1.5.csv,answers_qwen25_7b_T1.5,Q019,J,Car brands,14,jaguar,jaguar,1,1,0,Q019::14
Part3/outputs/answers_qwen25_7b_T1.5.csv,answers_qwen25_7b_T1.5,Q019,J,Car brands,15,jaguar,jaguar,1,1,0,Q019::15
Part3/outputs/answers_qwen25_7b_T1.5.csv,answers_qwen25_7b_T1.5,Q019,J,Car brands,16,jaguar,jaguar,1,1,0,Q019::16
Part3/outputs/answers_qwen25_7b_T1.5.csv,answers_qwen25_7b_T1.5,Q019,J,Car brands,17,jaguar,jaguar,1,1,0,Q019::17
Part3/outputs/answers_qwen25_7b_T1.5.csv,answers_qwen25_7b_T1.5,Q019,J,Car brands,18,jaguar,jaguar,1,1,0,Q019::18
Part3/outputs/answers_qwen25_7b_T1.5.csv,answers_qwen25_7b_T1.5,Q019,J,Car brands,19,jaguar,jaguar,1,1,0,Q019::19
Part3/outputs/answers_qwen25_7b_T1.5.csv,answers_qwen25_7b_T1.5,Q020,J,Video game titles,0,just dance,just dance,1,0,1,Q020::0
Part3/outputs/answers_qwen25_7b_T1.5.csv,answers_qwen25_7b_T1.5,Q020,J,Video game titles,1,jungle hunt,jungle hunt,1,0,1,Q020::1
Part3/outputs/answers_qwen25_7b_T1.5.csv,answers_qwen25_7b_T1.5,Q020,J,Video game titles,2,just dance,just dance,1,0,1,Q020::2
Part3/outputs/answers_qwen25_7b_T1.5.csv,answers_qwen25_7b_T1.5,Q020,J,Video game titles,3,joust,joust,1,0,1,Q020::3
Part3/outputs/answers_qwen25_7b_T1.5.csv,answers_qwen25_7b_T1.5,Q020,J,Video game titles,4,jail break,jail break,0,0,0,Q020::4
Part3/outputs/answers_qwen25_7b_T1.5.csv,answers_qwen25_7b_T1.5,Q020,J,Video game titles,5,jungle rush,jungle rush,0,0,0,Q020::5
Part3/outputs/answers_qwen25_7b_T1.5.csv,answers_qwen25_7b_T1.5,Q020,J,Video game titles,6,just dance,just dance,1,0,1,Q020::6
Part3/outputs/answers_qwen25_7b_T1.5.csv,answers_qwen25_7b_T1.5,Q020,J,Video game titles,7,just dance,just dance,1,0,1,Q020::7
Part3/outputs/answers_qwen25_7b_T1.5.csv,answers_qwen25_7b_T1.5,Q020,J,Video game titles,8,journey twins,journey twins,0,0,0,Q020::8
Part3/outputs/answers_qwen25_7b_T1.5.csv,answers_qwen25_7b_T1.5,Q020,J,Video game titles,9,just dance,just dance,1,0,1,Q020::9
Part3/outputs/answers_qwen25_7b_T1.5.csv,answers_qwen25_7b_T1.5,Q020,J,Video game titles,10,journey to the center,journey to the center,0,0,0,Q020::10
Part3/outputs/answers_qwen25_7b_T1.5.csv,answers_qwen25_7b_T1.5,Q020,J,Video game titles,11,jungle juice rush,jungle juice rush,0,0,0,Q020::11
Part3/outputs/answers_qwen25_7b_T1.5.csv,answers_qwen25_7b_T1.5,Q020,J,Video game titles,12,jungle jungle golf,jungle jungle golf,0,0,0,Q020::12
Part3/outputs/answers_qwen25_7b_T1.5.csv,answers_qwen25_7b_T1.5,Q020,J,Video game titles,13,jumper's junction,jumper's junction,0,0,0,Q020::13
Part3/outputs/answers_qwen25_7b_T1.5.csv,answers_qwen25_7b_T1.5,Q020,J,Video game titles,14,just dance,just dance,1,0,1,Q020::14
Part3/outputs/answers_qwen25_7b_T1.5.csv,answers_qwen25_7b_T1.5,Q020,J,Video game titles,15,journey twin brothers,journey twin brothers,0,0,0,Q020::15
Part3/outputs/answers_qwen25_7b_T1.5.csv,answers_qwen25_7b_T1.5,Q020,J,Video game titles,16,jungle rush,jungle rush,0,0,0,Q020::16
Part3/outputs/answers_qwen25_7b_T1.5.csv,answers_qwen25_7b_T1.5,Q020,J,Video game titles,17,jumper's revenge,jumper's revenge,0,0,0,Q020::17
Part3/outputs/answers_qwen25_7b_T1.5.csv,answers_qwen25_7b_T1.5,Q020,J,Video game titles,18,jailbreak,jailbreak,0,0,0,Q020::18
Part3/outputs/answers_qwen25_7b_T1.5.csv,answers_qwen25_7b_T1.5,Q020,J,Video game titles,19,jungle judiciary,jungle judiciary,0,0,0,Q020::19
Part3/outputs/answers_qwen25_7b_T1.5.csv,answers_qwen25_7b_T1.5,Q021,K,Superheroes,0,king Kong,king kong,0,0,0,Q021::0
Part3/outputs/answers_qwen25_7b_T1.5.csv,answers_qwen25_7b_T1.5,Q021,K,Superheroes,1,iron man,iron man,0,0,0,Q021::1
Part3/outputs/answers_qwen25_7b_T1.5.csv,answers_qwen25_7b_T1.5,Q021,K,Superheroes,2,king kong,king kong,0,0,0,Q021::2
Part3/outputs/answers_qwen25_7b_T1.5.csv,answers_qwen25_7b_T1.5,Q021,K,Superheroes,3,iron man,iron man,0,0,0,Q021::3
Part3/outputs/answers_qwen25_7b_T1.5.csv,answers_qwen25_7b_T1.5,Q021,K,Superheroes,4,spider-man,spider-man,0,0,0,Q021::4
Part3/outputs/answers_qwen25_7b_T1.5.csv,answers_qwen25_7b_T1.5,Q021,K,Superheroes,5,kangoroo king,kangoroo king,0,0,0,Q021::5
Part3/outputs/answers_qwen25_7b_T1.5.csv,answers_qwen25_7b_T1.5,Q021,K,Superheroes,6,kal-el,kal-el,1,0,1,Q021::6
Part3/outputs/answers_qwen25_7b_T1.5.csv,answers_qwen25_7b_T1.5,Q021,K,Superheroes,7,king kong,king kong,0,0,0,Q021::7
Part3/outputs/answers_qwen25_7b_T1.5.csv,answers_qwen25_7b_T1.5,Q021,K,Superheroes,8,kangaroo man,kangaroo man,0,0,0,Q021::8
Part3/outputs/answers_qwen25_7b_T1.5.csv,answers_qwen25_7b_T1.5,Q021,K,Superheroes,9,iron man,iron man,0,0,0,Q021::9
Part3/outputs/answers_qwen25_7b_T1.5.csv,answers_qwen25_7b_T1.5,Q021,K,Superheroes,10,kal-el,kal-el,1,0,1,Q021::10
Part3/outputs/answers_qwen25_7b_T1.5.csv,answers_qwen25_7b_T1.5,Q021,K,Superheroes,11,kong tongbao,kong tongbao,0,0,0,Q021::11
Part3/outputs/answers_qwen25_7b_T1.5.csv,answers_qwen25_7b_T1.5,Q021,K,Superheroes,12,kal- El,kal- el,1,0,1,Q021::12
Part3/outputs/answers_qwen25_7b_T1.5.csv,answers_qwen25_7b_T1.5,Q021,K,Superheroes,13,kal-el,kal-el,1,0,1,Q021::13
Part3/outputs/answers_qwen25_7b_T1.5.csv,answers_qwen25_7b_T1.5,Q021,K,Superheroes,14,knight falcon,knight falcon,0,0,0,Q021::14
Part3/outputs/answers_qwen25_7b_T1.5.csv,answers_qwen25_7b_T1.5,Q021,K,Superheroes,15,captain marvel,captain marvel,0,0,0,Q021::15
Part3/outputs/answers_qwen25_7b_T1.5.csv,answers_qwen25_7b_T1.5,Q021,K,Superheroes,16,kal-el,kal-el,1,0,1,Q021::16
Part3/outputs/answers_qwen25_7b_T1.5.csv,answers_qwen25_7b_T1.5,Q021,K,Superheroes,17,king kong,king kong,0,0,0,Q021::17
Part3/outputs/answers_qwen25_7b_T1.5.csv,answers_qwen25_7b_T1.5,Q021,K,Superheroes,18,kal-elm,kal-elm,0,0,0,Q021::18
Part3/outputs/answers_qwen25_7b_T1.5.csv,answers_qwen25_7b_T1.5,Q021,K,Superheroes,19,iron man,iron man,0,0,0,Q021::19
Part3/outputs/answers_qwen25_7b_T1.5.csv,answers_qwen25_7b_T1.5,Q022,K,Things in a grocery store,0,kiwi,kiwi,1,0,1,Q022::0
Part3/outputs/answers_qwen25_7b_T1.5.csv,answers_qwen25_7b_T1.5,Q022,K,Things in a grocery store,1,ketchup,ketchup,1,0,1,Q022::1
Part3/outputs/answers_qwen25_7b_T1.5.csv,answers_qwen25_7b_T1.5,Q022,K,Things in a grocery store,2,ketchup,ketchup,1,0,1,Q022::2
Part3/outputs/answers_qwen25_7b_T1.5.csv,answers_qwen25_7b_T1.5,Q022,K,Things in a grocery store,3,kiwi,kiwi,1,0,1,Q022::3
Part3/outputs/answers_qwen25_7b_T1.5.csv,answers_qwen25_7b_T1.5,Q022,K,Things in a grocery store,4,kiwi,kiwi,1,0,1,Q022::4
Part3/outputs/answers_qwen25_7b_T1.5.csv,answers_qwen25_7b_T1.5,Q022,K,Things in a grocery store,5,ketchup,ketchup,1,0,1,Q022::5
Part3/outputs/answers_qwen25_7b_T1.5.csv,answers_qwen25_7b_T1.5,Q022,K,Things in a grocery store,6,ketchup,ketchup,1,0,1,Q022::6
Part3/outputs/answers_qwen25_7b_T1.5.csv,answers_qwen25_7b_T1.5,Q022,K,Things in a grocery store,7,kiwi,kiwi,1,1,0,Q022::7
Part3/outputs/answers_qwen25_7b_T1.5.csv,answers_qwen25_7b_T1.5,Q022,K,Things in a grocery store,8,ketchup,ketchup,1,0,1,Q022::8
Part3/outputs/answers_qwen25_7b_T1.5.csv,answers_qwen25_7b_T1.5,Q022,K,Things in a grocery store,9,kiwi,kiwi,1,1,0,Q022::9
Part3/outputs/answers_qwen25_7b_T1.5.csv,answers_qwen25_7b_T1.5,Q022,K,Things in a grocery store,10,kiwi,kiwi,1,0,1,Q022::10
Part3/outputs/answers_qwen25_7b_T1.5.csv,answers_qwen25_7b_T1.5,Q022,K,Things in a grocery store,11,kiwi,kiwi,1,0,1,Q022::11
Part3/outputs/answers_qwen25_7b_T1.5.csv,answers_qwen25_7b_T1.5,Q022,K,Things in a grocery store,12,kiwi,kiwi,1,0,1,Q022::12
Part3/outputs/answers_qwen25_7b_T1.5.csv,answers_qwen25_7b_T1.5,Q022,K,Things in a grocery store,13,kiwi,kiwi,1,1,0,Q022::13
Part3/outputs/answers_qwen25_7b_T1.5.csv,answers_qwen25_7b_T1.5,Q022,K,Things in a grocery store,14,kiwi,kiwi,1,0,1,Q022::14
Part3/outputs/answers_qwen25_7b_T1.5.csv,answers_qwen25_7b_T1.5,Q022,K,Things in a grocery store,15,kiwi,kiwi,1,1,0,Q022::15
Part3/outputs/answers_qwen25_7b_T1.5.csv,answers_qwen25_7b_T1.5,Q022,K,Things in a grocery store,16,ketchup,ketchup,1,0,1,Q022::16
Part3/outputs/answers_qwen25_7b_T1.5.csv,answers_qwen25_7b_T1.5,Q022,K,Things in a grocery store,17,kiwi,kiwi,1,0,1,Q022::17
Part3/outputs/answers_qwen25_7b_T1.5.csv,answers_qwen25_7b_T1.5,Q022,K,Things in a grocery store,18,kiwi,kiwi,1,0,1,Q022::18
Part3/outputs/answers_qwen25_7b_T1.5.csv,answers_qwen25_7b_T1.5,Q022,K,Things in a grocery store,19,kiwi,kiwi,1,1,0,Q022::19
Part3/outputs/answers_qwen25_7b_T1.5.csv,answers_qwen25_7b_T1.5,Q023,L,Dog breeds,0,labrador retriever,labrador retriever,1,0,1,Q023::0
Part3/outputs/answers_qwen25_7b_T1.5.csv,answers_qwen25_7b_T1.5,Q023,L,Dog breeds,1,labrador retriever,labrador retriever,1,0,1,Q023::1
Part3/outputs/answers_qwen25_7b_T1.5.csv,answers_qwen25_7b_T1.5,Q023,L,Dog breeds,2,labrador retriever,labrador retriever,1,0,1,Q023::2
Part3/outputs/answers_qwen25_7b_T1.5.csv,answers_qwen25_7b_T1.5,Q023,L,Dog breeds,3,labrador retriever,labrador retriever,1,0,1,Q023::3
Part3/outputs/answers_qwen25_7b_T1.5.csv,answers_qwen25_7b_T1.5,Q023,L,Dog breeds,4,labrador retriever,labrador retriever,1,0,1,Q023::4
Part3/outputs/answers_qwen25_7b_T1.5.csv,answers_qwen25_7b_T1.5,Q023,L,Dog breeds,5,labrador retriever,labrador retriever,1,1,0,Q023::5
Part3/outputs/answers_qwen25_7b_T1.5.csv,answers_qwen25_7b_T1.5,Q023,L,Dog breeds,6,labrador retriever,labrador retriever,1,1,0,Q023::6
Part3/outputs/answers_qwen25_7b_T1.5.csv,answers_qwen25_7b_T1.5,Q023,L,Dog breeds,7,labrador retriever,labrador retriever,1,0,1,Q023::7
Part3/outputs/answers_qwen25_7b_T1.5.csv,answers_qwen25_7b_T1.5,Q023,L,Dog breeds,8,labrador retriever,labrador retriever,1,0,1,Q023::8
Part3/outputs/answers_qwen25_7b_T1.5.csv,answers_qwen25_7b_T1.5,Q023,L,Dog breeds,9,labrador retriever,labrador retriever,1,0,1,Q023::9
Part3/outputs/answers_qwen25_7b_T1.5.csv,answers_qwen25_7b_T1.5,Q023,L,Dog breeds,10,labrador retriever,labrador retriever,1,0,1,Q023::10
Part3/outputs/answers_qwen25_7b_T1.5.csv,answers_qwen25_7b_T1.5,Q023,L,Dog breeds,11,labrador retriever,labrador retriever,1,1,0,Q023::11
Part3/outputs/answers_qwen25_7b_T1.5.csv,answers_qwen25_7b_T1.5,Q023,L,Dog breeds,12,labrador retriever,labrador retriever,1,1,0,Q023::12
Part3/outputs/answers_qwen25_7b_T1.5.csv,answers_qwen25_7b_T1.5,Q023,L,Dog breeds,13,labrador retriever,labrador retriever,1,0,1,Q023::13
Part3/outputs/answers_qwen25_7b_T1.5.csv,answers_qwen25_7b_T1.5,Q023,L,Dog breeds,14,labrador retriever,labrador retriever,1,0,1,Q023::14
Part3/outputs/answers_qwen25_7b_T1.5.csv,answers_qwen25_7b_T1.5,Q023,L,Dog breeds,15,labrador retriever,labrador retriever,1,0,1,Q023::15
Part3/outputs/answers_qwen25_7b_T1.5.csv,answers_qwen25_7b_T1.5,Q023,L,Dog breeds,16,labrador retriever,labrador retriever,1,1,0,Q023::16
Part3/outputs/answers_qwen25_7b_T1.5.csv,answers_qwen25_7b_T1.5,Q023,L,Dog breeds,17,labrador retriever,labrador retriever,1,0,1,Q023::17
Part3/outputs/answers_qwen25_7b_T1.5.csv,answers_qwen25_7b_T1.5,Q023,L,Dog breeds,18,labrador retriever,labrador retriever,1,0,1,Q023::18
Part3/outputs/answers_qwen25_7b_T1.5.csv,answers_qwen25_7b_T1.5,Q023,L,Dog breeds,19,labrador retriever,labrador retriever,1,0,1,Q023::19
Part3/outputs/answers_qwen25_7b_T1.5.csv,answers_qwen25_7b_T1.5,Q024,L,Books,0,lord of the rings,lord of the rings,1,0,1,Q024::0
Part3/outputs/answers_qwen25_7b_T1.5.csv,answers_qwen25_7b_T1.5,Q024,L,Books,1,lord of the rings,lord of the rings,1,0,1,Q024::1
Part3/outputs/answers_qwen25_7b_T1.5.csv,answers_qwen25_7b_T1.5,Q024,L,Books,2,lord of the rings,lord of the rings,1,0,1,Q024::2
Part3/outputs/answers_qwen25_7b_T1.5.csv,answers_qwen25_7b_T1.5,Q024,L,Books,3,lord of the flies,lord of the flies,1,0,1,Q024::3
Part3/outputs/answers_qwen25_7b_T1.5.csv,answers_qwen25_7b_T1.5,Q024,L,Books,4,lord of the rings,lord of the rings,1,0,1,Q024::4
Part3/outputs/answers_qwen25_7b_T1.5.csv,answers_qwen25_7b_T1.5,Q024,L,Books,5,lord of the rings,lord of the rings,1,0,1,Q024::5
Part3/outputs/answers_qwen25_7b_T1.5.csv,answers_qwen25_7b_T1.5,Q024,L,Books,6,lord of the rings,lord of the rings,1,0,1,Q024::6
Part3/outputs/answers_qwen25_7b_T1.5.csv,answers_qwen25_7b_T1.5,Q024,L,Books,7,lolita,lolita,1,0,1,Q024::7
Part3/outputs/answers_qwen25_7b_T1.5.csv,answers_qwen25_7b_T1.5,Q024,L,Books,8,lovely讀取者,lovely,0,0,0,Q024::8
Part3/outputs/answers_qwen25_7b_T1.5.csv,answers_qwen25_7b_T1.5,Q024,L,Books,9,lord of the rings,lord of the rings,1,0,1,Q024::9
Part3/outputs/answers_qwen25_7b_T1.5.csv,answers_qwen25_7b_T1.5,Q024,L,Books,10,laura ingalls wilder,laura ingalls wilder,1,0,1,Q024::10
Part3/outputs/answers_qwen25_7b_T1.5.csv,answers_qwen25_7b_T1.5,Q024,L,Books,11,l昏话,l,0,0,0,Q024::11
Part3/outputs/answers_qwen25_7b_T1.5.csv,answers_qwen25_7b_T1.5,Q024,L,Books,12,lord of the flies,lord of the flies,1,0,1,Q024::12
Part3/outputs/answers_qwen25_7b_T1.5.csv,answers_qwen25_7b_T1.5,Q024,L,Books,13,lord of the rings,lord of the rings,1,0,1,Q024::13
Part3/outputs/answers_qwen25_7b_T1.5.csv,answers_qwen25_7b_T1.5,Q024,L,Books,14,lauraclairmckillip,lauraclairmckillip,0,0,0,Q024::14
Part3/outputs/answers_qwen25_7b_T1.5.csv,answers_qwen25_7b_T1.5,Q024,L,Books,15,laura krasner,laura krasner,0,0,0,Q024::15
Part3/outputs/answers_qwen25_7b_T1.5.csv,answers_qwen25_7b_T1.5,Q024,L,Books,16,lord of the rings,lord of the rings,1,0,1,Q024::16
Part3/outputs/answers_qwen25_7b_T1.5.csv,answers_qwen25_7b_T1.5,Q024,L,Books,17,lord of the flies,lord of the flies,1,0,1,Q024::17
Part3/outputs/answers_qwen25_7b_T1.5.csv,answers_qwen25_7b_T1.5,Q024,L,Books,18,loving,loving,0,0,0,Q024::18
Part3/outputs/answers_qwen25_7b_T1.5.csv,answers_qwen25_7b_T1.5,Q024,L,Books,19,lord of the rings,lord of the rings,1,0,1,Q024::19
Part3/outputs/answers_qwen25_7b_T1.5.csv,answers_qwen25_7b_T1.5,Q025,M,Languages,0,mandarin,mandarin,1,0,1,Q025::0
Part3/outputs/answers_qwen25_7b_T1.5.csv,answers_qwen25_7b_T1.5,Q025,M,Languages,1,mandarin,mandarin,1,0,1,Q025::1
Part3/outputs/answers_qwen25_7b_T1.5.csv,answers_qwen25_7b_T1.5,Q025,M,Languages,2,spanish,spanish,0,0,0,Q025::2
Part3/outputs/answers_qwen25_7b_T1.5.csv,answers_qwen25_7b_T1.5,Q025,M,Languages,3,spanish,spanish,0,0,0,Q025::3
Part3/outputs/answers_qwen25_7b_T1.5.csv,answers_qwen25_7b_T1.5,Q025,M,Languages,4,mandarin,mandarin,1,0,1,Q025::4
Part3/outputs/answers_qwen25_7b_T1.5.csv,answers_qwen25_7b_T1.5,Q025,M,Languages,5,mandarin,mandarin,1,0,1,Q025::5
Part3/outputs/answers_qwen25_7b_T1.5.csv,answers_qwen25_7b_T1.5,Q025,M,Languages,6,mandarin,mandarin,1,0,1,Q025::6
Part3/outputs/answers_qwen25_7b_T1.5.csv,answers_qwen25_7b_T1.5,Q025,M,Languages,7,mandarin,mandarin,1,0,1,Q025::7
Part3/outputs/answers_qwen25_7b_T1.5.csv,answers_qwen25_7b_T1.5,Q025,M,Languages,8,mandarin,mandarin,1,0,1,Q025::8
Part3/outputs/answers_qwen25_7b_T1.5.csv,answers_qwen25_7b_T1.5,Q025,M,Languages,9,mandarin,mandarin,1,0,1,Q025::9
Part3/outputs/answers_qwen25_7b_T1.5.csv,answers_qwen25_7b_T1.5,Q025,M,Languages,10,macedonian,macedonian,1,0,1,Q025::10
Part3/outputs/answers_qwen25_7b_T1.5.csv,answers_qwen25_7b_T1.5,Q025,M,Languages,11,mongolian,mongolian,1,0,1,Q025::11
Part3/outputs/answers_qwen25_7b_T1.5.csv,answers_qwen25_7b_T1.5,Q025,M,Languages,12,spanish,spanish,0,0,0,Q025::12
Part3/outputs/answers_qwen25_7b_T1.5.csv,answers_qwen25_7b_T1.5,Q025,M,Languages,13,mandarin,mandarin,1,0,1,Q025::13
Part3/outputs/answers_qwen25_7b_T1.5.csv,answers_qwen25_7b_T1.5,Q025,M,Languages,14,spanish,spanish,0,0,0,Q025::14
Part3/outputs/answers_qwen25_7b_T1.5.csv,answers_qwen25_7b_T1.5,Q025,M,Languages,15,spanish,spanish,0,0,0,Q025::15
Part3/outputs/answers_qwen25_7b_T1.5.csv,answers_qwen25_7b_T1.5,Q025,M,Languages,16,mongolian,mongolian,1,0,1,Q025::16
Part3/outputs/answers_qwen25_7b_T1.5.csv,answers_qwen25_7b_T1.5,Q025,M,Languages,17,mongolian,mongolian,1,0,1,Q025::17
Part3/outputs/answers_qwen25_7b_T1.5.csv,answers_qwen25_7b_T1.5,Q025,M,Languages,18,mongolian,mongolian,1,0,1,Q025::18
Part3/outputs/answers_qwen25_7b_T1.5.csv,answers_qwen25_7b_T1.5,Q025,M,Languages,19,mandarin,mandarin,1,0,1,Q025::19
Part3/outputs/answers_qwen25_7b_T1.5.csv,answers_qwen25_7b_T1.5,Q026,M,Clothing items,0,mug,mug,0,0,0,Q026::0
Part3/outputs/answers_qwen25_7b_T1.5.csv,answers_qwen25_7b_T1.5,Q026,M,Clothing items,1,sweater,sweater,0,0,0,Q026::1
Part3/outputs/answers_qwen25_7b_T1.5.csv,answers_qwen25_7b_T1.5,Q026,M,Clothing items,2,t-shirt,t-shirt,0,0,0,Q026::2
Part3/outputs/answers_qwen25_7b_T1.5.csv,answers_qwen25_7b_T1.5,Q026,M,Clothing items,3,matching socks,matching socks,1,0,1,Q026::3
Part3/outputs/answers_qwen25_7b_T1.5.csv,answers_qwen25_7b_T1.5,Q026,M,Clothing items,4,man's shirt,man's shirt,0,0,0,Q026::4
Part3/outputs/answers_qwen25_7b_T1.5.csv,answers_qwen25_7b_T1.5,Q026,M,Clothing items,5,socks,socks,0,0,0,Q026::5
Part3/outputs/answers_qwen25_7b_T1.5.csv,answers_qwen25_7b_T1.5,Q026,M,Clothing items,6,mittens,mittens,1,0,1,Q026::6
Part3/outputs/answers_qwen25_7b_T1.5.csv,answers_qwen25_7b_T1.5,Q026,M,Clothing items,7,muffin,muffin,0,0,0,Q026::7
Part3/outputs/answers_qwen25_7b_T1.5.csv,answers_qwen25_7b_T1.5,Q026,M,Clothing items,8,muumuu,muumuu,1,0,1,Q026::8
Part3/outputs/answers_qwen25_7b_T1.5.csv,answers_qwen25_7b_T1.5,Q026,M,Clothing items,9,merchandise,merchandise,0,0,0,Q026::9
Part3/outputs/answers_qwen25_7b_T1.5.csv,answers_qwen25_7b_T1.5,Q026,M,Clothing items,10,men's socks,men's socks,1,0,1,Q026::10
Part3/outputs/answers_qwen25_7b_T1.5.csv,answers_qwen25_7b_T1.5,Q026,M,Clothing items,11,manchester blouse,manchester blouse,0,0,0,Q026::11
Part3/outputs/answers_qwen25_7b_T1.5.csv,answers_qwen25_7b_T1.5,Q026,M,Clothing items,12,merino wool,merino wool,0,0,0,Q026::12
Part3/outputs/answers_qwen25_7b_T1.5.csv,answers_qwen25_7b_T1.5,Q026,M,Clothing items,13,man's tie,man's tie,1,0,1,Q026::13
Part3/outputs/answers_qwen25_7b_T1.5.csv,answers_qwen25_7b_T1.5,Q026,M,Clothing items,14,t-shirt,t-shirt,0,0,0,Q026::14
Part3/outputs/answers_qwen25_7b_T1.5.csv,answers_qwen25_7b_T1.5,Q026,M,Clothing items,15,t-shirt,t-shirt,0,0,0,Q026::15
Part3/outputs/answers_qwen25_7b_T1.5.csv,answers_qwen25_7b_T1.5,Q026,M,Clothing items,16,mittens,mittens,1,0,1,Q026::16
Part3/outputs/answers_qwen25_7b_T1.5.csv,answers_qwen25_7b_T1.5,Q026,M,Clothing items,17,shirt,shirt,0,0,0,Q026::17
Part3/outputs/answers_qwen25_7b_T1.5.csv,answers_qwen25_7b_T1.5,Q026,M,Clothing items,18,t-shirt,t-shirt,0,0,0,Q026::18
Part3/outputs/answers_qwen25_7b_T1.5.csv,answers_qwen25_7b_T1.5,Q026,M,Clothing items,19,mittens,mittens,1,0,1,Q026::19
Part3/outputs/answers_qwen25_7b_T1.5.csv,answers_qwen25_7b_T1.5,Q027,N,Birds,0,nightingale,nightingale,1,1,0,Q027::0
Part3/outputs/answers_qwen25_7b_T1.5.csv,answers_qwen25_7b_T1.5,Q027,N,Birds,1,nightingale,nightingale,1,1,0,Q027::1
Part3/outputs/answers_qwen25_7b_T1.5.csv,answers_qwen25_7b_T1.5,Q027,N,Birds,2,nightingale,nightingale,1,0,1,Q027::2
Part3/outputs/answers_qwen25_7b_T1.5.csv,answers_qwen25_7b_T1.5,Q027,N,Birds,3,nightingale,nightingale,1,1,0,Q027::3
Part3/outputs/answers_qwen25_7b_T1.5.csv,answers_qwen25_7b_T1.5,Q027,N,Birds,4,nightingale,nightingale,1,1,0,Q027::4
Part3/outputs/answers_qwen25_7b_T1.5.csv,answers_qwen25_7b_T1.5,Q027,N,Birds,5,nightingale,nightingale,1,1,0,Q027::5
Part3/outputs/answers_qwen25_7b_T1.5.csv,answers_qwen25_7b_T1.5,Q027,N,Birds,6,northern flicker,northern flicker,1,0,1,Q027::6
Part3/outputs/answers_qwen25_7b_T1.5.csv,answers_qwen25_7b_T1.5,Q027,N,Birds,7,northern flicker,northern flicker,1,0,1,Q027::7
Part3/outputs/answers_qwen25_7b_T1.5.csv,answers_qwen25_7b_T1.5,Q027,N,Birds,8,nightingale,nightingale,1,1,0,Q027::8
Part3/outputs/answers_qwen25_7b_T1.5.csv,answers_qwen25_7b_T1.5,Q027,N,Birds,9,norway rnorkel,norway rnorkel,0,0,0,Q027::9
Part3/outputs/answers_qwen25_7b_T1.5.csv,answers_qwen25_7b_T1.5,Q027,N,Birds,10,nightingale,nightingale,1,1,0,Q027::10
Part3/outputs/answers_qwen25_7b_T1.5.csv,answers_qwen25_7b_T1.5,Q027,N,Birds,11,nightingale,nightingale,1,1,0,Q027::11
Part3/outputs/answers_qwen25_7b_T1.5.csv,answers_qwen25_7b_T1.5,Q027,N,Birds,12,nightingale,nightingale,1,1,0,Q027::12
Part3/outputs/answers_qwen25_7b_T1.5.csv,answers_qwen25_7b_T1.5,Q027,N,Birds,13,nightingale,nightingale,1,0,1,Q027::13
Part3/outputs/answers_qwen25_7b_T1.5.csv,answers_qwen25_7b_T1.5,Q027,N,Birds,14,nightingale,nightingale,1,1,0,Q027::14
Part3/outputs/answers_qwen25_7b_T1.5.csv,answers_qwen25_7b_T1.5,Q027,N,Birds,15,nightingale,nightingale,1,1,0,Q027::15
Part3/outputs/answers_qwen25_7b_T1.5.csv,answers_qwen25_7b_T1.5,Q027,N,Birds,16,northwestern crow,northwestern crow,1,0,1,Q027::16
Part3/outputs/answers_qwen25_7b_T1.5.csv,answers_qwen25_7b_T1.5,Q027,N,Birds,17,noah,noah,0,0,0,Q027::17
Part3/outputs/answers_qwen25_7b_T1.5.csv,answers_qwen25_7b_T1.5,Q027,N,Birds,18,nightingale,nightingale,1,1,0,Q027::18
Part3/outputs/answers_qwen25_7b_T1.5.csv,answers_qwen25_7b_T1.5,Q027,N,Birds,19,norwegian blue,norwegian blue,0,0,0,Q027::19
Part3/outputs/answers_qwen25_7b_T1.5.csv,answers_qwen25_7b_T1.5,Q028,N,Things in a hospital,0,nurse,nurse,1,0,1,Q028::0
Part3/outputs/answers_qwen25_7b_T1.5.csv,answers_qwen25_7b_T1.5,Q028,N,Things in a hospital,1,nurse,nurse,1,0,1,Q028::1
Part3/outputs/answers_qwen25_7b_T1.5.csv,answers_qwen25_7b_T1.5,Q028,N,Things in a hospital,2,nurse,nurse,1,0,1,Q028::2
Part3/outputs/answers_qwen25_7b_T1.5.csv,answers_qwen25_7b_T1.5,Q028,N,Things in a hospital,3,nurse,nurse,1,0,1,Q028::3
Part3/outputs/answers_qwen25_7b_T1.5.csv,answers_qwen25_7b_T1.5,Q028,N,Things in a hospital,4,nurse,nurse,1,0,1,Q028::4
Part3/outputs/answers_qwen25_7b_T1.5.csv,answers_qwen25_7b_T1.5,Q028,N,Things in a hospital,5,nurse,nurse,1,0,1,Q028::5
Part3/outputs/answers_qwen25_7b_T1.5.csv,answers_qwen25_7b_T1.5,Q028,N,Things in a hospital,6,nurse,nurse,1,0,1,Q028::6
Part3/outputs/answers_qwen25_7b_T1.5.csv,answers_qwen25_7b_T1.5,Q028,N,Things in a hospital,7,nurse,nurse,1,0,1,Q028::7
Part3/outputs/answers_qwen25_7b_T1.5.csv,answers_qwen25_7b_T1.5,Q028,N,Things in a hospital,8,nurse,nurse,1,0,1,Q028::8
Part3/outputs/answers_qwen25_7b_T1.5.csv,answers_qwen25_7b_T1.5,Q028,N,Things in a hospital,9,nurse,nurse,1,0,1,Q028::9
Part3/outputs/answers_qwen25_7b_T1.5.csv,answers_qwen25_7b_T1.5,Q028,N,Things in a hospital,10,nurse,nurse,1,0,1,Q028::10
Part3/outputs/answers_qwen25_7b_T1.5.csv,answers_qwen25_7b_T1.5,Q028,N,Things in a hospital,11,nurse,nurse,1,0,1,Q028::11
Part3/outputs/answers_qwen25_7b_T1.5.csv,answers_qwen25_7b_T1.5,Q028,N,Things in a hospital,12,nurse,nurse,1,0,1,Q028::12
Part3/outputs/answers_qwen25_7b_T1.5.csv,answers_qwen25_7b_T1.5,Q028,N,Things in a hospital,13,nurse,nurse,1,0,1,Q028::13
Part3/outputs/answers_qwen25_7b_T1.5.csv,answers_qwen25_7b_T1.5,Q028,N,Things in a hospital,14,nurse,nurse,1,0,1,Q028::14
Part3/outputs/answers_qwen25_7b_T1.5.csv,answers_qwen25_7b_T1.5,Q028,N,Things in a hospital,15,nurse,nurse,1,0,1,Q028::15
Part3/outputs/answers_qwen25_7b_T1.5.csv,answers_qwen25_7b_T1.5,Q028,N,Things in a hospital,16,nurse,nurse,1,0,1,Q028::16
Part3/outputs/answers_qwen25_7b_T1.5.csv,answers_qwen25_7b_T1.5,Q028,N,Things in a hospital,17,nurse,nurse,1,0,1,Q028::17
Part3/outputs/answers_qwen25_7b_T1.5.csv,answers_qwen25_7b_T1.5,Q028,N,Things in a hospital,18,nurse,nurse,1,0,1,Q028::18
Part3/outputs/answers_qwen25_7b_T1.5.csv,answers_qwen25_7b_T1.5,Q028,N,Things in a hospital,19,nurse,nurse,1,0,1,Q028::19
Part3/outputs/answers_qwen25_7b_T1.5.csv,answers_qwen25_7b_T1.5,Q029,O,Companies,0,oracle,oracle,1,0,1,Q029::0
Part3/outputs/answers_qwen25_7b_T1.5.csv,answers_qwen25_7b_T1.5,Q029,O,Companies,1,office depot,office depot,1,0,1,Q029::1
Part3/outputs/answers_qwen25_7b_T1.5.csv,answers_qwen25_7b_T1.5,Q029,O,Companies,2,office depot,office depot,1,0,1,Q029::2
Part3/outputs/answers_qwen25_7b_T1.5.csv,answers_qwen25_7b_T1.5,Q029,O,Companies,3,oracle,oracle,1,1,0,Q029::3
Part3/outputs/answers_qwen25_7b_T1.5.csv,answers_qwen25_7b_T1.5,Q029,O,Companies,4,oracle,oracle,1,0,1,Q029::4
Part3/outputs/answers_qwen25_7b_T1.5.csv,answers_qwen25_7b_T1.5,Q029,O,Companies,5,oracle,oracle,1,0,1,Q029::5
Part3/outputs/answers_qwen25_7b_T1.5.csv,answers_qwen25_7b_T1.5,Q029,O,Companies,6,oracle,oracle,1,1,0,Q029::6
Part3/outputs/answers_qwen25_7b_T1.5.csv,answers_qwen25_7b_T1.5,Q029,O,Companies,7,oracle,oracle,1,1,0,Q029::7
Part3/outputs/answers_qwen25_7b_T1.5.csv,answers_qwen25_7b_T1.5,Q029,O,Companies,8,oracle,oracle,1,0,1,Q029::8
Part3/outputs/answers_qwen25_7b_T1.5.csv,answers_qwen25_7b_T1.5,Q029,O,Companies,9,office depot,office depot,1,0,1,Q029::9
Part3/outputs/answers_qwen25_7b_T1.5.csv,answers_qwen25_7b_T1.5,Q029,O,Companies,10,oracle,oracle,1,0,1,Q029::10
Part3/outputs/answers_qwen25_7b_T1.5.csv,answers_qwen25_7b_T1.5,Q029,O,Companies,11,oracle,oracle,1,0,1,Q029::11
Part3/outputs/answers_qwen25_7b_T1.5.csv,answers_qwen25_7b_T1.5,Q029,O,Companies,12,oracle,oracle,1,1,0,Q029::12
Part3/outputs/answers_qwen25_7b_T1.5.csv,answers_qwen25_7b_T1.5,Q029,O,Companies,13,oracle,oracle,1,0,1,Q029::13
Part3/outputs/answers_qwen25_7b_T1.5.csv,answers_qwen25_7b_T1.5,Q029,O,Companies,14,oracle,oracle,1,0,1,Q029::14
Part3/outputs/answers_qwen25_7b_T1.5.csv,answers_qwen25_7b_T1.5,Q029,O,Companies,15,office depot,office depot,1,0,1,Q029::15
Part3/outputs/answers_qwen25_7b_T1.5.csv,answers_qwen25_7b_T1.5,Q029,O,Companies,16,oracle,oracle,1,0,1,Q029::16
Part3/outputs/answers_qwen25_7b_T1.5.csv,answers_qwen25_7b_T1.5,Q029,O,Companies,17,oracle,oracle,1,1,0,Q029::17
Part3/outputs/answers_qwen25_7b_T1.5.csv,answers_qwen25_7b_T1.5,Q029,O,Companies,18,office depot,office depot,1,0,1,Q029::18
Part3/outputs/answers_qwen25_7b_T1.5.csv,answers_qwen25_7b_T1.5,Q029,O,Companies,19,oracle,oracle,1,0,1,Q029::19
Part3/outputs/answers_qwen25_7b_T1.5.csv,answers_qwen25_7b_T1.5,Q030,O,Things in the sky,0,cloud,cloud,0,0,0,Q030::0
Part3/outputs/answers_qwen25_7b_T1.5.csv,answers_qwen25_7b_T1.5,Q030,O,Things in the sky,1,clouds,clouds,0,0,0,Q030::1
Part3/outputs/answers_qwen25_7b_T1.5.csv,answers_qwen25_7b_T1.5,Q030,O,Things in the sky,2,cloud,cloud,0,0,0,Q030::2
Part3/outputs/answers_qwen25_7b_T1.5.csv,answers_qwen25_7b_T1.5,Q030,O,Things in the sky,3,clouds,clouds,0,0,0,Q030::3
Part3/outputs/answers_qwen25_7b_T1.5.csv,answers_qwen25_7b_T1.5,Q030,O,Things in the sky,4,clouds,clouds,0,0,0,Q030::4
Part3/outputs/answers_qwen25_7b_T1.5.csv,answers_qwen25_7b_T1.5,Q030,O,Things in the sky,5,clouds,clouds,0,0,0,Q030::5
Part3/outputs/answers_qwen25_7b_T1.5.csv,answers_qwen25_7b_T1.5,Q030,O,Things in the sky,6,cloud,cloud,0,0,0,Q030::6
Part3/outputs/answers_qwen25_7b_T1.5.csv,answers_qwen25_7b_T1.5,Q030,O,Things in the sky,7,clouds,clouds,0,0,0,Q030::7
Part3/outputs/answers_qwen25_7b_T1.5.csv,answers_qwen25_7b_T1.5,Q030,O,Things in the sky,8,cloud,cloud,0,0,0,Q030::8
Part3/outputs/answers_qwen25_7b_T1.5.csv,answers_qwen25_7b_T1.5,Q030,O,Things in the sky,9,cloud,cloud,0,0,0,Q030::9
Part3/outputs/answers_qwen25_7b_T1.5.csv,answers_qwen25_7b_T1.5,Q030,O,Things in the sky,10,clouds,clouds,0,0,0,Q030::10
Part3/outputs/answers_qwen25_7b_T1.5.csv,answers_qwen25_7b_T1.5,Q030,O,Things in the sky,11,cloud,cloud,0,0,0,Q030::11
Part3/outputs/answers_qwen25_7b_T1.5.csv,answers_qwen25_7b_T1.5,Q030,O,Things in the sky,12,clouds,clouds,0,0,0,Q030::12
Part3/outputs/answers_qwen25_7b_T1.5.csv,answers_qwen25_7b_T1.5,Q030,O,Things in the sky,13,clouds,clouds,0,0,0,Q030::13
Part3/outputs/answers_qwen25_7b_T1.5.csv,answers_qwen25_7b_T1.5,Q030,O,Things in the sky,14,clouds,clouds,0,0,0,Q030::14
Part3/outputs/answers_qwen25_7b_T1.5.csv,answers_qwen25_7b_T1.5,Q030,O,Things in the sky,15,clouds,clouds,0,0,0,Q030::15
Part3/outputs/answers_qwen25_7b_T1.5.csv,answers_qwen25_7b_T1.5,Q030,O,Things in the sky,16,cloud,cloud,0,0,0,Q030::16
Part3/outputs/answers_qwen25_7b_T1.5.csv,answers_qwen25_7b_T1.5,Q030,O,Things in the sky,17,clouds,clouds,0,0,0,Q030::17
Part3/outputs/answers_qwen25_7b_T1.5.csv,answers_qwen25_7b_T1.5,Q030,O,Things in the sky,18,cloud,cloud,0,0,0,Q030::18
Part3/outputs/answers_qwen25_7b_T1.5.csv,answers_qwen25_7b_T1.5,Q030,O,Things in the sky,19,clouds,clouds,0,0,0,Q030::19
Part3/outputs/answers_qwen25_7b_T1.5.csv,answers_qwen25_7b_T1.5,Q031,P,Vegetables,0,potato,potato,1,0,1,Q031::0
Part3/outputs/answers_qwen25_7b_T1.5.csv,answers_qwen25_7b_T1.5,Q031,P,Vegetables,1,potato,potato,1,0,1,Q031::1
Part3/outputs/answers_qwen25_7b_T1.5.csv,answers_qwen25_7b_T1.5,Q031,P,Vegetables,2,potato,potato,1,0,1,Q031::2
Part3/outputs/answers_qwen25_7b_T1.5.csv,answers_qwen25_7b_T1.5,Q031,P,Vegetables,3,potato,potato,1,0,1,Q031::3
Part3/outputs/answers_qwen25_7b_T1.5.csv,answers_qwen25_7b_T1.5,Q031,P,Vegetables,4,potato,potato,1,0,1,Q031::4
Part3/outputs/answers_qwen25_7b_T1.5.csv,answers_qwen25_7b_T1.5,Q031,P,Vegetables,5,potato,potato,1,0,1,Q031::5
Part3/outputs/answers_qwen25_7b_T1.5.csv,answers_qwen25_7b_T1.5,Q031,P,Vegetables,6,pepperoni,pepperoni,0,0,0,Q031::6
Part3/outputs/answers_qwen25_7b_T1.5.csv,answers_qwen25_7b_T1.5,Q031,P,Vegetables,7,peas,peas,1,0,1,Q031::7
Part3/outputs/answers_qwen25_7b_T1.5.csv,answers_qwen25_7b_T1.5,Q031,P,Vegetables,8,pepper,pepper,1,0,1,Q031::8
Part3/outputs/answers_qwen25_7b_T1.5.csv,answers_qwen25_7b_T1.5,Q031,P,Vegetables,9,potato,potato,1,0,1,Q031::9
Part3/outputs/answers_qwen25_7b_T1.5.csv,answers_qwen25_7b_T1.5,Q031,P,Vegetables,10,pepperoni,pepperoni,0,0,0,Q031::10
Part3/outputs/answers_qwen25_7b_T1.5.csv,answers_qwen25_7b_T1.5,Q031,P,Vegetables,11,potato,potato,1,0,1,Q031::11
Part3/outputs/answers_qwen25_7b_T1.5.csv,answers_qwen25_7b_T1.5,Q031,P,Vegetables,12,potato,potato,1,0,1,Q031::12
Part3/outputs/answers_qwen25_7b_T1.5.csv,answers_qwen25_7b_T1.5,Q031,P,Vegetables,13,pea,pea,1,0,1,Q031::13
Part3/outputs/answers_qwen25_7b_T1.5.csv,answers_qwen25_7b_T1.5,Q031,P,Vegetables,14,pepper,pepper,1,0,1,Q031::14
Part3/outputs/answers_qwen25_7b_T1.5.csv,answers_qwen25_7b_T1.5,Q031,P,Vegetables,15,potato,potato,1,0,1,Q031::15
Part3/outputs/answers_qwen25_7b_T1.5.csv,answers_qwen25_7b_T1.5,Q031,P,Vegetables,16,potato,potato,1,0,1,Q031::16
Part3/outputs/answers_qwen25_7b_T1.5.csv,answers_qwen25_7b_T1.5,Q031,P,Vegetables,17,pepper,pepper,1,0,1,Q031::17
Part3/outputs/answers_qwen25_7b_T1.5.csv,answers_qwen25_7b_T1.5,Q031,P,Vegetables,18,pea,pea,1,0,1,Q031::18
Part3/outputs/answers_qwen25_7b_T1.5.csv,answers_qwen25_7b_T1.5,Q031,P,Vegetables,19,potato,potato,1,0,1,Q031::19
Part3/outputs/answers_qwen25_7b_T1.5.csv,answers_qwen25_7b_T1.5,Q032,P,Historical figures,0,plato,plato,1,0,1,Q032::0
Part3/outputs/answers_qwen25_7b_T1.5.csv,answers_qwen25_7b_T1.5,Q032,P,Historical figures,1,pericles,pericles,1,0,1,Q032::1
Part3/outputs/answers_qwen25_7b_T1.5.csv,answers_qwen25_7b_T1.5,Q032,P,Historical figures,2,pythagoras,pythagoras,1,0,1,Q032::2
Part3/outputs/answers_qwen25_7b_T1.5.csv,answers_qwen25_7b_T1.5,Q032,P,Historical figures,3,pericles,pericles,1,0,1,Q032::3
Part3/outputs/answers_qwen25_7b_T1.5.csv,answers_qwen25_7b_T1.5,Q032,P,Historical figures,4,pythagoras,pythagoras,1,0,1,Q032::4
Part3/outputs/answers_qwen25_7b_T1.5.csv,answers_qwen25_7b_T1.5,Q032,P,Historical figures,5,plato,plato,1,0,1,Q032::5
Part3/outputs/answers_qwen25_7b_T1.5.csv,answers_qwen25_7b_T1.5,Q032,P,Historical figures,6,plato,plato,1,0,1,Q032::6
Part3/outputs/answers_qwen25_7b_T1.5.csv,answers_qwen25_7b_T1.5,Q032,P,Historical figures,7,pericles,pericles,1,0,1,Q032::7
Part3/outputs/answers_qwen25_7b_T1.5.csv,answers_qwen25_7b_T1.5,Q032,P,Historical figures,8,plato,plato,1,0,1,Q032::8
Part3/outputs/answers_qwen25_7b_T1.5.csv,answers_qwen25_7b_T1.5,Q032,P,Historical figures,9,plato,plato,1,0,1,Q032::9
Part3/outputs/answers_qwen25_7b_T1.5.csv,answers_qwen25_7b_T1.5,Q032,P,Historical figures,10,peter the great,peter the great,1,0,1,Q032::10
Part3/outputs/answers_qwen25_7b_T1.5.csv,answers_qwen25_7b_T1.5,Q032,P,Historical figures,11,peter the great,peter the great,1,0,1,Q032::11
Part3/outputs/answers_qwen25_7b_T1.5.csv,answers_qwen25_7b_T1.5,Q032,P,Historical figures,12,pythagoras,pythagoras,1,1,0,Q032::12
Part3/outputs/answers_qwen25_7b_T1.5.csv,answers_qwen25_7b_T1.5,Q032,P,Historical figures,13,plato,plato,1,0,1,Q032::13
Part3/outputs/answers_qwen25_7b_T1.5.csv,answers_qwen25_7b_T1.5,Q032,P,Historical figures,14,patrick henry,patrick henry,1,0,1,Q032::14
Part3/outputs/answers_qwen25_7b_T1.5.csv,answers_qwen25_7b_T1.5,Q032,P,Historical figures,15,pompey,pompey,1,0,1,Q032::15
Part3/outputs/answers_qwen25_7b_T1.5.csv,answers_qwen25_7b_T1.5,Q032,P,Historical figures,16,pompey,pompey,1,0,1,Q032::16
Part3/outputs/answers_qwen25_7b_T1.5.csv,answers_qwen25_7b_T1.5,Q032,P,Historical figures,17,plato,plato,1,0,1,Q032::17
Part3/outputs/answers_qwen25_7b_T1.5.csv,answers_qwen25_7b_T1.5,Q032,P,Historical figures,18,pythagoras,pythagoras,1,0,1,Q032::18
Part3/outputs/answers_qwen25_7b_T1.5.csv,answers_qwen25_7b_T1.5,Q032,P,Historical figures,19,pompey,pompey,1,0,1,Q032::19
Part3/outputs/answers_qwen25_7b_T1.5.csv,answers_qwen25_7b_T1.5,Q033,Q,Words in English,0,quill,quill,1,0,1,Q033::0
Part3/outputs/answers_qwen25_7b_T1.5.csv,answers_qwen25_7b_T1.5,Q033,Q,Words in English,1,quickly,quickly,1,0,1,Q033::1
Part3/outputs/answers_qwen25_7b_T1.5.csv,answers_qwen25_7b_T1.5,Q033,Q,Words in English,2,quilt,quilt,1,0,1,Q033::2
Part3/outputs/answers_qwen25_7b_T1.5.csv,answers_qwen25_7b_T1.5,Q033,Q,Words in English,3,quilt,quilt,1,0,1,Q033::3
Part3/outputs/answers_qwen25_7b_T1.5.csv,answers_qwen25_7b_T1.5,Q033,Q,Words in English,4,quick brown fox,quick brown fox,0,0,0,Q033::4
Part3/outputs/answers_qwen25_7b_T1.5.csv,answers_qwen25_7b_T1.5,Q033,Q,Words in English,5,quick,quick,1,0,1,Q033::5
Part3/outputs/answers_qwen25_7b_T1.5.csv,answers_qwen25_7b_T1.5,Q033,Q,Words in English,6,queen,queen,1,0,1,Q033::6
Part3/outputs/answers_qwen25_7b_T1.5.csv,answers_qwen25_7b_T1.5,Q033,Q,Words in English,7,quick brown fox,quick brown fox,0,0,0,Q033::7
Part3/outputs/answers_qwen25_7b_T1.5.csv,answers_qwen25_7b_T1.5,Q033,Q,Words in English,8,quickly,quickly,1,0,1,Q033::8
Part3/outputs/answers_qwen25_7b_T1.5.csv,answers_qwen25_7b_T1.5,Q033,Q,Words in English,9,quartz,quartz,1,0,1,Q033::9
Part3/outputs/answers_qwen25_7b_T1.5.csv,answers_qwen25_7b_T1.5,Q033,Q,Words in English,10,quaint,quaint,1,0,1,Q033::10
Part3/outputs/answers_qwen25_7b_T1.5.csv,answers_qwen25_7b_T1.5,Q033,Q,Words in English,11,quickly,quickly,1,0,1,Q033::11
Part3/outputs/answers_qwen25_7b_T1.5.csv,answers_qwen25_7b_T1.5,Q033,Q,Words in English,12,quilt,quilt,1,0,1,Q033::12
Part3/outputs/answers_qwen25_7b_T1.5.csv,answers_qwen25_7b_T1.5,Q033,Q,Words in English,13,queen,queen,1,0,1,Q033::13
Part3/outputs/answers_qwen25_7b_T1.5.csv,answers_qwen25_7b_T1.5,Q033,Q,Words in English,14,quickly,quickly,1,0,1,Q033::14
Part3/outputs/answers_qwen25_7b_T1.5.csv,answers_qwen25_7b_T1.5,Q033,Q,Words in English,15,quaint,quaint,1,0,1,Q033::15
Part3/outputs/answers_qwen25_7b_T1.5.csv,answers_qwen25_7b_T1.5,Q033,Q,Words in English,16,quilt,quilt,1,0,1,Q033::16
Part3/outputs/answers_qwen25_7b_T1.5.csv,answers_qwen25_7b_T1.5,Q033,Q,Words in English,17,quilt,quilt,1,0,1,Q033::17
Part3/outputs/answers_qwen25_7b_T1.5.csv,answers_qwen25_7b_T1.5,Q033,Q,Words in English,18,quaint,quaint,1,0,1,Q033::18
Part3/outputs/answers_qwen25_7b_T1.5.csv,answers_qwen25_7b_T1.5,Q033,Q,Words in English,19,queen,queen,1,0,1,Q033::19
Part3/outputs/answers_qwen25_7b_T1.5.csv,answers_qwen25_7b_T1.5,Q034,Q,Fictional characters,0,queen hedwig,queen hedwig,0,0,0,Q034::0
Part3/outputs/answers_qwen25_7b_T1.5.csv,answers_qwen25_7b_T1.5,Q034,Q,Fictional characters,1,queenunderlineheartbreaker,queenunderlineheartbreaker,0,0,0,Q034::1
Part3/outputs/answers_qwen25_7b_T1.5.csv,answers_qwen25_7b_T1.5,Q034,Q,Fictional characters,2,quasimodo,quasimodo,1,0,1,Q034::2
Part3/outputs/answers_qwen25_7b_T1.5.csv,answers_qwen25_7b_T1.5,Q034,Q,Fictional characters,3,queen ludwig ii,queen ludwig ii,0,0,0,Q034::3
Part3/outputs/answers_qwen25_7b_T1.5.csv,answers_qwen25_7b_T1.5,Q034,Q,Fictional characters,4,quasimodo,quasimodo,1,1,0,Q034::4
Part3/outputs/answers_qwen25_7b_T1.5.csv,answers_qwen25_7b_T1.5,Q034,Q,Fictional characters,5,quasimodo,quasimodo,1,1,0,Q034::5
Part3/outputs/answers_qwen25_7b_T1.5.csv,answers_qwen25_7b_T1.5,Q034,Q,Fictional characters,6,quasimodo,quasimodo,1,0,1,Q034::6
Part3/outputs/answers_qwen25_7b_T1.5.csv,answers_qwen25_7b_T1.5,Q034,Q,Fictional characters,7,quasimodo,quasimodo,1,1,0,Q034::7
Part3/outputs/answers_qwen25_7b_T1.5.csv,answers_qwen25_7b_T1.5,Q034,Q,Fictional characters,8,quasimodo,quasimodo,1,1,0,Q034::8
Part3/outputs/answers_qwen25_7b_T1.5.csv,answers_qwen25_7b_T1.5,Q034,Q,Fictional characters,9,queen burgeon,queen burgeon,0,0,0,Q034::9
Part3/outputs/answers_qwen25_7b_T1.5.csv,answers_qwen25_7b_T1.5,Q034,Q,Fictional characters,10,quasimodo,quasimodo,1,0,1,Q034::10
Part3/outputs/answers_qwen25_7b_T1.5.csv,answers_qwen25_7b_T1.5,Q034,Q,Fictional characters,11,quasimodo,quasimodo,1,1,0,Q034::11
Part3/outputs/answers_qwen25_7b_T1.5.csv,answers_qwen25_7b_T1.5,Q034,Q,Fictional characters,12,queen joker,queen joker,0,0,0,Q034::12
Part3/outputs/answers_qwen25_7b_T1.5.csv,answers_qwen25_7b_T1.5,Q034,Q,Fictional characters,13,quasimodo,quasimodo,1,1,0,Q034::13
Part3/outputs/answers_qwen25_7b_T1.5.csv,answers_qwen25_7b_T1.5,Q034,Q,Fictional characters,14,quasimodo,quasimodo,1,0,1,Q034::14
Part3/outputs/answers_qwen25_7b_T1.5.csv,answers_qwen25_7b_T1.5,Q034,Q,Fictional characters,15,quasimodo,quasimodo,1,1,0,Q034::15
Part3/outputs/answers_qwen25_7b_T1.5.csv,answers_qwen25_7b_T1.5,Q034,Q,Fictional characters,16,quasimodo,quasimodo,1,1,0,Q034::16
Part3/outputs/answers_qwen25_7b_T1.5.csv,answers_qwen25_7b_T1.5,Q034,Q,Fictional characters,17,quasimodo,quasimodo,1,0,1,Q034::17
Part3/outputs/answers_qwen25_7b_T1.5.csv,answers_qwen25_7b_T1.5,Q034,Q,Fictional characters,18,quasimodo,quasimodo,1,0,1,Q034::18
Part3/outputs/answers_qwen25_7b_T1.5.csv,answers_qwen25_7b_T1.5,Q034,Q,Fictional characters,19,quasimodo,quasimodo,1,0,1,Q034::19
Part3/outputs/answers_qwen25_7b_T1.5.csv,answers_qwen25_7b_T1.5,Q035,R,Songs,0,red red wagon,red red wagon,0,0,0,Q035::0
Part3/outputs/answers_qwen25_7b_T1.5.csv,answers_qwen25_7b_T1.5,Q035,R,Songs,1,raindrops keep falling on my head,raindrops keep falling on my head,0,0,0,Q035::1
Part3/outputs/answers_qwen25_7b_T1.5.csv,answers_qwen25_7b_T1.5,Q035,R,Songs,2,radioactively,radioactively,0,0,0,Q035::2
Part3/outputs/answers_qwen25_7b_T1.5.csv,answers_qwen25_7b_T1.5,Q035,R,Songs,3,rhythms,rhythms,0,0,0,Q035::3
Part3/outputs/answers_qwen25_7b_T1.5.csv,answers_qwen25_7b_T1.5,Q035,R,Songs,4,raining chickens,raining chickens,0,0,0,Q035::4
Part3/outputs/answers_qwen25_7b_T1.5.csv,answers_qwen25_7b_T1.5,Q035,R,Songs,5,ray of sunshine,ray of sunshine,0,0,0,Q035::5
Part3/outputs/answers_qwen25_7b_T1.5.csv,answers_qwen25_7b_T1.5,Q035,R,Songs,6,rhythm of the rain,rhythm of the rain,1,0,1,Q035::6
Part3/outputs/answers_qwen25_7b_T1.5.csv,answers_qwen25_7b_T1.5,Q035,R,Songs,7,rhythm of the rain,rhythm of the rain,1,0,1,Q035::7
Part3/outputs/answers_qwen25_7b_T1.5.csv,answers_qwen25_7b_T1.5,Q035,R,Songs,8,raindrops keep falling on my head,raindrops keep falling on my head,0,0,0,Q035::8
Part3/outputs/answers_qwen25_7b_T1.5.csv,answers_qwen25_7b_T1.5,Q035,R,Songs,9,radiohead,radiohead,0,0,0,Q035::9
Part3/outputs/answers_qwen25_7b_T1.5.csv,answers_qwen25_7b_T1.5,Q035,R,Songs,10,raindrops keep falling on my head,raindrops keep falling on my head,0,0,0,Q035::10
Part3/outputs/answers_qwen25_7b_T1.5.csv,answers_qwen25_7b_T1.5,Q035,R,Songs,11,radiohead,radiohead,0,0,0,Q035::11
Part3/outputs/answers_qwen25_7b_T1.5.csv,answers_qwen25_7b_T1.5,Q035,R,Songs,12,river fluo ridden,river fluo ridden,0,0,0,Q035::12
Part3/outputs/answers_qwen25_7b_T1.5.csv,answers_qwen25_7b_T1.5,Q035,R,Songs,13,raining in spain,raining in spain,0,0,0,Q035::13
Part3/outputs/answers_qwen25_7b_T1.5.csv,answers_qwen25_7b_T1.5,Q035,R,Songs,14,raindrops keep falling on my head,raindrops keep falling on my head,0,0,0,Q035::14
Part3/outputs/answers_qwen25_7b_T1.5.csv,answers_qwen25_7b_T1.5,Q035,R,Songs,15,raindrops keep falling on my head,raindrops keep falling on my head,0,0,0,Q035::15
Part3/outputs/answers_qwen25_7b_T1.5.csv,answers_qwen25_7b_T1.5,Q035,R,Songs,16,raindrops keep falling on my head,raindrops keep falling on my head,0,0,0,Q035::16
Part3/outputs/answers_qwen25_7b_T1.5.csv,answers_qwen25_7b_T1.5,Q035,R,Songs,17,rap tutorial,rap tutorial,0,0,0,Q035::17
Part3/outputs/answers_qwen25_7b_T1.5.csv,answers_qwen25_7b_T1.5,Q035,R,Songs,18,radiohead,radiohead,0,0,0,Q035::18
Part3/outputs/answers_qwen25_7b_T1.5.csv,answers_qwen25_7b_T1.5,Q035,R,Songs,19,ragged sky,ragged sky,0,0,0,Q035::19
Part3/outputs/answers_qwen25_7b_T1.5.csv,answers_qwen25_7b_T1.5,Q036,R,Tools,0,ruler,ruler,1,1,0,Q036::0
Part3/outputs/answers_qwen25_7b_T1.5.csv,answers_qwen25_7b_T1.5,Q036,R,Tools,1,rubberneath,rubberneath,0,0,0,Q036::1
Part3/outputs/answers_qwen25_7b_T1.5.csv,answers_qwen25_7b_T1.5,Q036,R,Tools,2,razor,razor,1,0,1,Q036::2
Part3/outputs/answers_qwen25_7b_T1.5.csv,answers_qwen25_7b_T1.5,Q036,R,Tools,3,rubber gloves,rubber gloves,0,0,0,Q036::3
Part3/outputs/answers_qwen25_7b_T1.5.csv,answers_qwen25_7b_T1.5,Q036,R,Tools,4,pliers,pliers,0,0,0,Q036::4
Part3/outputs/answers_qwen25_7b_T1.5.csv,answers_qwen25_7b_T1.5,Q036,R,Tools,5,rubber mallet,rubber mallet,1,0,1,Q036::5
Part3/outputs/answers_qwen25_7b_T1.5.csv,answers_qwen25_7b_T1.5,Q036,R,Tools,6,rubber spoon,rubber spoon,0,0,0,Q036::6
Part3/outputs/answers_qwen25_7b_T1.5.csv,answers_qwen25_7b_T1.5,Q036,R,Tools,7,rake,rake,1,0,1,Q036::7
Part3/outputs/answers_qwen25_7b_T1.5.csv,answers_qwen25_7b_T1.5,Q036,R,Tools,8,razor,razor,1,0,1,Q036::8
Part3/outputs/answers_qwen25_7b_T1.5.csv,answers_qwen25_7b_T1.5,Q036,R,Tools,9,razor,razor,1,0,1,Q036::9
Part3/outputs/answers_qwen25_7b_T1.5.csv,answers_qwen25_7b_T1.5,Q036,R,Tools,10,rubberędge,rubberędge,0,0,0,Q036::10
Part3/outputs/answers_qwen25_7b_T1.5.csv,answers_qwen25_7b_T1.5,Q036,R,Tools,11,razor,razor,1,0,1,Q036::11
Part3/outputs/answers_qwen25_7b_T1.5.csv,answers_qwen25_7b_T1.5,Q036,R,Tools,12,razor,razor,1,0,1,Q036::12
Part3/outputs/answers_qwen25_7b_T1.5.csv,answers_qwen25_7b_T1.5,Q036,R,Tools,13,ruler,ruler,1,0,1,Q036::13
Part3/outputs/answers_qwen25_7b_T1.5.csv,answers_qwen25_7b_T1.5,Q036,R,Tools,14,pliers,pliers,0,0,0,Q036::14
Part3/outputs/answers_qwen25_7b_T1.5.csv,answers_qwen25_7b_T1.5,Q036,R,Tools,15,rake,rake,1,0,1,Q036::15
Part3/outputs/answers_qwen25_7b_T1.5.csv,answers_qwen25_7b_T1.5,Q036,R,Tools,16,rubber mitt,rubber mitt,0,0,0,Q036::16
Part3/outputs/answers_qwen25_7b_T1.5.csv,answers_qwen25_7b_T1.5,Q036,R,Tools,17,rubber gloves,rubber gloves,0,0,0,Q036::17
Part3/outputs/answers_qwen25_7b_T1.5.csv,answers_qwen25_7b_T1.5,Q036,R,Tools,18,rake,rake,1,1,0,Q036::18
Part3/outputs/answers_qwen25_7b_T1.5.csv,answers_qwen25_7b_T1.5,Q036,R,Tools,19,rubber mallet,rubber mallet,1,0,1,Q036::19
Part3/outputs/answers_qwen25_7b_T1.5.csv,answers_qwen25_7b_T1.5,Q037,S,Animals,0,snake,snake,1,0,1,Q037::0
Part3/outputs/answers_qwen25_7b_T1.5.csv,answers_qwen25_7b_T1.5,Q037,S,Animals,1,squirrel,squirrel,1,0,1,Q037::1
Part3/outputs/answers_qwen25_7b_T1.5.csv,answers_qwen25_7b_T1.5,Q037,S,Animals,2,squirrel,squirrel,1,0,1,Q037::2
Part3/outputs/answers_qwen25_7b_T1.5.csv,answers_qwen25_7b_T1.5,Q037,S,Animals,3,snake,snake,1,0,1,Q037::3
Part3/outputs/answers_qwen25_7b_T1.5.csv,answers_qwen25_7b_T1.5,Q037,S,Animals,4,squirrel,squirrel,1,0,1,Q037::4
Part3/outputs/answers_qwen25_7b_T1.5.csv,answers_qwen25_7b_T1.5,Q037,S,Animals,5,seal,seal,1,0,1,Q037::5
Part3/outputs/answers_qwen25_7b_T1.5.csv,answers_qwen25_7b_T1.5,Q037,S,Animals,6,sea snake,sea snake,1,0,1,Q037::6
Part3/outputs/answers_qwen25_7b_T1.5.csv,answers_qwen25_7b_T1.5,Q037,S,Animals,7,snow leopard,snow leopard,1,0,1,Q037::7
Part3/outputs/answers_qwen25_7b_T1.5.csv,answers_qwen25_7b_T1.5,Q037,S,Animals,8,squirrel,squirrel,1,0,1,Q037::8
Part3/outputs/answers_qwen25_7b_T1.5.csv,answers_qwen25_7b_T1.5,Q037,S,Animals,9,squirrel,squirrel,1,0,1,Q037::9
Part3/outputs/answers_qwen25_7b_T1.5.csv,answers_qwen25_7b_T1.5,Q037,S,Animals,10,snake,snake,1,0,1,Q037::10
Part3/outputs/answers_qwen25_7b_T1.5.csv,answers_qwen25_7b_T1.5,Q037,S,Animals,11,polar bear,polar bear,0,0,0,Q037::11
Part3/outputs/answers_qwen25_7b_T1.5.csv,answers_qwen25_7b_T1.5,Q037,S,Animals,12,seal,seal,1,0,1,Q037::12
Part3/outputs/answers_qwen25_7b_T1.5.csv,answers_qwen25_7b_T1.5,Q037,S,Animals,13,snake,snake,1,0,1,Q037::13
Part3/outputs/answers_qwen25_7b_T1.5.csv,answers_qwen25_7b_T1.5,Q037,S,Animals,14,snail,snail,1,0,1,Q037::14
Part3/outputs/answers_qwen25_7b_T1.5.csv,answers_qwen25_7b_T1.5,Q037,S,Animals,15,seal,seal,1,0,1,Q037::15
Part3/outputs/answers_qwen25_7b_T1.5.csv,answers_qwen25_7b_T1.5,Q037,S,Animals,16,snow leopard,snow leopard,1,0,1,Q037::16
Part3/outputs/answers_qwen25_7b_T1.5.csv,answers_qwen25_7b_T1.5,Q037,S,Animals,17,snake,snake,1,0,1,Q037::17
Part3/outputs/answers_qwen25_7b_T1.5.csv,answers_qwen25_7b_T1.5,Q037,S,Animals,18,snake,snake,1,0,1,Q037::18
Part3/outputs/answers_qwen25_7b_T1.5.csv,answers_qwen25_7b_T1.5,Q037,S,Animals,19,snake,snake,1,0,1,Q037::19
Part3/outputs/answers_qwen25_7b_T1.5.csv,answers_qwen25_7b_T1.5,Q038,S,Things in an office,0,stapler,stapler,1,1,0,Q038::0
Part3/outputs/answers_qwen25_7b_T1.5.csv,answers_qwen25_7b_T1.5,Q038,S,Things in an office,1,scorotron,scorotron,0,0,0,Q038::1
Part3/outputs/answers_qwen25_7b_T1.5.csv,answers_qwen25_7b_T1.5,Q038,S,Things in an office,2,desk,desk,1,0,1,Q038::2
Part3/outputs/answers_qwen25_7b_T1.5.csv,answers_qwen25_7b_T1.5,Q038,S,Things in an office,3,stapler,stapler,1,1,0,Q038::3
Part3/outputs/answers_qwen25_7b_T1.5.csv,answers_qwen25_7b_T1.5,Q038,S,Things in an office,4,paper clips,paper clips,1,0,1,Q038::4
Part3/outputs/answers_qwen25_7b_T1.5.csv,answers_qwen25_7b_T1.5,Q038,S,Things in an office,5,scissors,scissors,1,0,1,Q038::5
Part3/outputs/answers_qwen25_7b_T1.5.csv,answers_qwen25_7b_T1.5,Q038,S,Things in an office,6,stampede of wildebeests,stampede of wildebeests,0,0,0,Q038::6
Part3/outputs/answers_qwen25_7b_T1.5.csv,answers_qwen25_7b_T1.5,Q038,S,Things in an office,7,stapler,stapler,1,1,0,Q038::7
Part3/outputs/answers_qwen25_7b_T1.5.csv,answers_qwen25_7b_T1.5,Q038,S,Things in an office,8,stamp,stamp,1,0,1,Q038::8
Part3/outputs/answers_qwen25_7b_T1.5.csv,answers_qwen25_7b_T1.5,Q038,S,Things in an office,9,scanner,scanner,1,0,1,Q038::9
Part3/outputs/answers_qwen25_7b_T1.5.csv,answers_qwen25_7b_T1.5,Q038,S,Things in an office,10,stapler,stapler,1,1,0,Q038::10
Part3/outputs/answers_qwen25_7b_T1.5.csv,answers_qwen25_7b_T1.5,Q038,S,Things in an office,11,sticky note,sticky note,1,0,1,Q038::11
Part3/outputs/answers_qwen25_7b_T1.5.csv,answers_qwen25_7b_T1.5,Q038,S,Things in an office,12,stapler,stapler,1,1,0,Q038::12
Part3/outputs/answers_qwen25_7b_T1.5.csv,answers_qwen25_7b_T1.5,Q038,S,Things in an office,13,paperclip,paperclip,1,0,1,Q038::13
Part3/outputs/answers_qwen25_7b_T1.5.csv,answers_qwen25_7b_T1.5,Q038,S,Things in an office,14,soap dispenser,soap dispenser,1,0,1,Q038::14
Part3/outputs/answers_qwen25_7b_T1.5.csv,answers_qwen25_7b_T1.5,Q038,S,Things in an office,15,chair,chair,0,0,0,Q038::15
Part3/outputs/answers_qwen25_7b_T1.5.csv,answers_qwen25_7b_T1.5,Q038,S,Things in an office,16,stapler,stapler,1,1,0,Q038::16
Part3/outputs/answers_qwen25_7b_T1.5.csv,answers_qwen25_7b_T1.5,Q038,S,Things in an office,17,stapler,stapler,1,1,0,Q038::17
Part3/outputs/answers_qwen25_7b_T1.5.csv,answers_qwen25_7b_T1.5,Q038,S,Things in an office,18,stapler,stapler,1,1,0,Q038::18
Part3/outputs/answers_qwen25_7b_T1.5.csv,answers_qwen25_7b_T1.5,Q038,S,Things in an office,19,scanner,scanner,1,0,1,Q038::19
Part3/outputs/answers_qwen25_7b_T1.5.csv,answers_qwen25_7b_T1.5,Q039,T,Countries,0,thailand,thailand,1,0,1,Q039::0
Part3/outputs/answers_qwen25_7b_T1.5.csv,answers_qwen25_7b_T1.5,Q039,T,Countries,1,turkey,turkey,1,0,1,Q039::1
Part3/outputs/answers_qwen25_7b_T1.5.csv,answers_qwen25_7b_T1.5,Q039,T,Countries,2,thailand,thailand,1,0,1,Q039::2
Part3/outputs/answers_qwen25_7b_T1.5.csv,answers_qwen25_7b_T1.5,Q039,T,Countries,3,taiwan,taiwan,1,0,1,Q039::3
Part3/outputs/answers_qwen25_7b_T1.5.csv,answers_qwen25_7b_T1.5,Q039,T,Countries,4,tunisia,tunisia,1,0,1,Q039::4
Part3/outputs/answers_qwen25_7b_T1.5.csv,answers_qwen25_7b_T1.5,Q039,T,Countries,5,taiwan,taiwan,1,0,1,Q039::5
Part3/outputs/answers_qwen25_7b_T1.5.csv,answers_qwen25_7b_T1.5,Q039,T,Countries,6,turkey,turkey,1,0,1,Q039::6
Part3/outputs/answers_qwen25_7b_T1.5.csv,answers_qwen25_7b_T1.5,Q039,T,Countries,7,thailand,thailand,1,0,1,Q039::7
Part3/outputs/answers_qwen25_7b_T1.5.csv,answers_qwen25_7b_T1.5,Q039,T,Countries,8,thailand,thailand,1,0,1,Q039::8
Part3/outputs/answers_qwen25_7b_T1.5.csv,answers_qwen25_7b_T1.5,Q039,T,Countries,9,thailand,thailand,1,0,1,Q039::9
Part3/outputs/answers_qwen25_7b_T1.5.csv,answers_qwen25_7b_T1.5,Q039,T,Countries,10,taiwan,taiwan,1,0,1,Q039::10
Part3/outputs/answers_qwen25_7b_T1.5.csv,answers_qwen25_7b_T1.5,Q039,T,Countries,11,thailand,thailand,1,0,1,Q039::11
Part3/outputs/answers_qwen25_7b_T1.5.csv,answers_qwen25_7b_T1.5,Q039,T,Countries,12,tunisia,tunisia,1,1,0,Q039::12
Part3/outputs/answers_qwen25_7b_T1.5.csv,answers_qwen25_7b_T1.5,Q039,T,Countries,13,thailand,thailand,1,0,1,Q039::13
Part3/outputs/answers_qwen25_7b_T1.5.csv,answers_qwen25_7b_T1.5,Q039,T,Countries,14,turkey,turkey,1,0,1,Q039::14
Part3/outputs/answers_qwen25_7b_T1.5.csv,answers_qwen25_7b_T1.5,Q039,T,Countries,15,taiwan,taiwan,1,0,1,Q039::15
Part3/outputs/answers_qwen25_7b_T1.5.csv,answers_qwen25_7b_T1.5,Q039,T,Countries,16,tunisia,tunisia,1,0,1,Q039::16
Part3/outputs/answers_qwen25_7b_T1.5.csv,answers_qwen25_7b_T1.5,Q039,T,Countries,17,thailand,thailand,1,0,1,Q039::17
Part3/outputs/answers_qwen25_7b_T1.5.csv,answers_qwen25_7b_T1.5,Q039,T,Countries,18,taiwan,taiwan,1,0,1,Q039::18
Part3/outputs/answers_qwen25_7b_T1.5.csv,answers_qwen25_7b_T1.5,Q039,T,Countries,19,turkey,turkey,1,0,1,Q039::19
Part3/outputs/answers_qwen25_7b_T1.5.csv,answers_qwen25_7b_T1.5,Q040,T,TV shows,0,twilight zone,twilight zone,1,0,1,Q040::0
Part3/outputs/answers_qwen25_7b_T1.5.csv,answers_qwen25_7b_T1.5,Q040,T,TV shows,1,thick as thieves,thick as thieves,0,0,0,Q040::1
Part3/outputs/answers_qwen25_7b_T1.5.csv,answers_qwen25_7b_T1.5,Q040,T,TV shows,2,that time we got/repaired,that time we got/repaired,0,0,0,Q040::2
Part3/outputs/answers_qwen25_7b_T1.5.csv,answers_qwen25_7b_T1.5,Q040,T,TV shows,3,the office,the office,0,0,0,Q040::3
Part3/outputs/answers_qwen25_7b_T1.5.csv,answers_qwen25_7b_T1.5,Q040,T,TV shows,4,thrive全球人口不超过百万的城市名称,thrive,0,0,0,Q040::4
Part3/outputs/answers_qwen25_7b_T1.5.csv,answers_qwen25_7b_T1.5,Q040,T,TV shows,5,thrones,thrones,0,0,0,Q040::5
Part3/outputs/answers_qwen25_7b_T1.5.csv,answers_qwen25_7b_T1.5,Q040,T,TV shows,6,twin peaks,twin peaks,1,0,1,Q040::6
Part3/outputs/answers_qwen25_7b_T1.5.csv,answers_qwen25_7b_T1.5,Q040,T,TV shows,7,twilight zone,twilight zone,1,0,1,Q040::7
Part3/outputs/answers_qwen25_7b_T1.5.csv,answers_qwen25_7b_T1.5,Q040,T,TV shows,8,the punisher,the punisher,1,0,1,Q040::8
Part3/outputs/answers_qwen25_7b_T1.5.csv,answers_qwen25_7b_T1.5,Q040,T,TV shows,9,the blacklist,the blacklist,0,0,0,Q040::9
Part3/outputs/answers_qwen25_7b_T1.5.csv,answers_qwen25_7b_T1.5,Q040,T,TV shows,10,thrivegirls,thrivegirls,0,0,0,Q040::10
Part3/outputs/answers_qwen25_7b_T1.5.csv,answers_qwen25_7b_T1.5,Q040,T,TV shows,11,thrones,thrones,0,0,0,Q040::11
Part3/outputs/answers_qwen25_7b_T1.5.csv,answers_qwen25_7b_T1.5,Q040,T,TV shows,12,the office,the office,0,0,0,Q040::12
Part3/outputs/answers_qwen25_7b_T1.5.csv,answers_qwen25_7b_T1.5,Q040,T,TV shows,13,the office,the office,0,0,0,Q040::13
Part3/outputs/answers_qwen25_7b_T1.5.csv,answers_qwen25_7b_T1.5,Q040,T,TV shows,14,the tonight show,the tonight show,0,0,0,Q040::14
Part3/outputs/answers_qwen25_7b_T1.5.csv,answers_qwen25_7b_T1.5,Q040,T,TV shows,15,the office,the office,0,0,0,Q040::15
Part3/outputs/answers_qwen25_7b_T1.5.csv,answers_qwen25_7b_T1.5,Q040,T,TV shows,16,the town witcher,the town witcher,0,0,0,Q040::16
Part3/outputs/answers_qwen25_7b_T1.5.csv,answers_qwen25_7b_T1.5,Q040,T,TV shows,17,that's none repeating television,that's none repeating television,0,0,0,Q040::17
Part3/outputs/answers_qwen25_7b_T1.5.csv,answers_qwen25_7b_T1.5,Q040,T,TV shows,18,the office,the office,0,0,0,Q040::18
Part3/outputs/answers_qwen25_7b_T1.5.csv,answers_qwen25_7b_T1.5,Q040,T,TV shows,19,thrivegirls,thrivegirls,0,0,0,Q040::19
Part3/outputs/answers_qwen25_7b_T1.5.csv,answers_qwen25_7b_T1.5,Q041,U,U.S. colleges,0,university of utah,university of utah,1,1,0,Q041::0
Part3/outputs/answers_qwen25_7b_T1.5.csv,answers_qwen25_7b_T1.5,Q041,U,U.S. colleges,1,university of maryland,university of maryland,0,0,0,Q041::1
Part3/outputs/answers_qwen25_7b_T1.5.csv,answers_qwen25_7b_T1.5,Q041,U,U.S. colleges,2,university of utah,university of utah,1,1,0,Q041::2
Part3/outputs/answers_qwen25_7b_T1.5.csv,answers_qwen25_7b_T1.5,Q041,U,U.S. colleges,3,university of pennsylvania,university of pennsylvania,0,0,0,Q041::3
Part3/outputs/answers_qwen25_7b_T1.5.csv,answers_qwen25_7b_T1.5,Q041,U,U.S. colleges,4,university of notre dame,university of notre dame,0,0,0,Q041::4
Part3/outputs/answers_qwen25_7b_T1.5.csv,answers_qwen25_7b_T1.5,Q041,U,U.S. colleges,5,university of maryland,university of maryland,0,0,0,Q041::5
Part3/outputs/answers_qwen25_7b_T1.5.csv,answers_qwen25_7b_T1.5,Q041,U,U.S. colleges,6,university of utah,university of utah,1,1,0,Q041::6
Part3/outputs/answers_qwen25_7b_T1.5.csv,answers_qwen25_7b_T1.5,Q041,U,U.S. colleges,7,university of maryland,university of maryland,0,0,0,Q041::7
Part3/outputs/answers_qwen25_7b_T1.5.csv,answers_qwen25_7b_T1.5,Q041,U,U.S. colleges,8,university of pennsylvania,university of pennsylvania,0,0,0,Q041::8
Part3/outputs/answers_qwen25_7b_T1.5.csv,answers_qwen25_7b_T1.5,Q041,U,U.S. colleges,9,university of utah,university of utah,1,1,0,Q041::9
Part3/outputs/answers_qwen25_7b_T1.5.csv,answers_qwen25_7b_T1.5,Q041,U,U.S. colleges,10,university of pennsylvania,university of pennsylvania,0,0,0,Q041::10
Part3/outputs/answers_qwen25_7b_T1.5.csv,answers_qwen25_7b_T1.5,Q041,U,U.S. colleges,11,university of virginia,university of virginia,1,0,1,Q041::11
Part3/outputs/answers_qwen25_7b_T1.5.csv,answers_qwen25_7b_T1.5,Q041,U,U.S. colleges,12,university of michigan,university of michigan,0,0,0,Q041::12
Part3/outputs/answers_qwen25_7b_T1.5.csv,answers_qwen25_7b_T1.5,Q041,U,U.S. colleges,13,university of pennsylvania,university of pennsylvania,0,0,0,Q041::13
Part3/outputs/answers_qwen25_7b_T1.5.csv,answers_qwen25_7b_T1.5,Q041,U,U.S. colleges,14,university of utah,university of utah,1,1,0,Q041::14
Part3/outputs/answers_qwen25_7b_T1.5.csv,answers_qwen25_7b_T1.5,Q041,U,U.S. colleges,15,university of pennsylvania,university of pennsylvania,0,0,0,Q041::15
Part3/outputs/answers_qwen25_7b_T1.5.csv,answers_qwen25_7b_T1.5,Q041,U,U.S. colleges,16,university of utah,university of utah,1,1,0,Q041::16
Part3/outputs/answers_qwen25_7b_T1.5.csv,answers_qwen25_7b_T1.5,Q041,U,U.S. colleges,17,university of colorado,university of colorado,1,0,1,Q041::17
Part3/outputs/answers_qwen25_7b_T1.5.csv,answers_qwen25_7b_T1.5,Q041,U,U.S. colleges,18,university of pennsylvania,university of pennsylvania,0,0,0,Q041::18
Part3/outputs/answers_qwen25_7b_T1.5.csv,answers_qwen25_7b_T1.5,Q041,U,U.S. colleges,19,university of michigan,university of michigan,0,0,0,Q041::19
Part3/outputs/answers_qwen25_7b_T1.5.csv,answers_qwen25_7b_T1.5,Q042,U,Things in a garage,0,uncle sam poster,uncle sam poster,0,0,0,Q042::0
Part3/outputs/answers_qwen25_7b_T1.5.csv,answers_qwen25_7b_T1.5,Q042,U,Things in a garage,1,universal remote,universal remote,1,0,1,Q042::1
Part3/outputs/answers_qwen25_7b_T1.5.csv,answers_qwen25_7b_T1.5,Q042,U,Things in a garage,2,uncle's toolbox,uncle's toolbox,0,0,0,Q042::2
Part3/outputs/answers_qwen25_7b_T1.5.csv,answers_qwen25_7b_T1.5,Q042,U,Things in a garage,3,unicycle,unicycle,1,0,1,Q042::3
Part3/outputs/answers_qwen25_7b_T1.5.csv,answers_qwen25_7b_T1.5,Q042,U,Things in a garage,4,uncle sam statue,uncle sam statue,0,0,0,Q042::4
Part3/outputs/answers_qwen25_7b_T1.5.csv,answers_qwen25_7b_T1.5,Q042,U,Things in a garage,5,uncle's tool,uncle's tool,0,0,0,Q042::5
Part3/outputs/answers_qwen25_7b_T1.5.csv,answers_qwen25_7b_T1.5,Q042,U,Things in a garage,6,umbrella,umbrella,0,0,0,Q042::6
Part3/outputs/answers_qwen25_7b_T1.5.csv,answers_qwen25_7b_T1.5,Q042,U,Things in a garage,7,umbrella,umbrella,0,0,0,Q042::7
Part3/outputs/answers_qwen25_7b_T1.5.csv,answers_qwen25_7b_T1.5,Q042,U,Things in a garage,8,uncle sam mask,uncle sam mask,0,0,0,Q042::8
Part3/outputs/answers_qwen25_7b_T1.5.csv,answers_qwen25_7b_T1.5,Q042,U,Things in a garage,9,unicycle,unicycle,1,0,1,Q042::9
Part3/outputs/answers_qwen25_7b_T1.5.csv,answers_qwen25_7b_T1.5,Q042,U,Things in a garage,10,umbrella,umbrella,0,0,0,Q042::10
Part3/outputs/answers_qwen25_7b_T1.5.csv,answers_qwen25_7b_T1.5,Q042,U,Things in a garage,11,umbrella,umbrella,0,0,0,Q042::11
Part3/outputs/answers_qwen25_7b_T1.5.csv,answers_qwen25_7b_T1.5,Q042,U,Things in a garage,12,universal remote,universal remote,1,0,1,Q042::12
Part3/outputs/answers_qwen25_7b_T1.5.csv,answers_qwen25_7b_T1.5,Q042,U,Things in a garage,13,unicycle,unicycle,1,0,1,Q042::13
Part3/outputs/answers_qwen25_7b_T1.5.csv,answers_qwen25_7b_T1.5,Q042,U,Things in a garage,14,uncle's toolbox,uncle's toolbox,0,0,0,Q042::14
Part3/outputs/answers_qwen25_7b_T1.5.csv,answers_qwen25_7b_T1.5,Q042,U,Things in a garage,15,unicycle,unicycle,1,0,1,Q042::15
Part3/outputs/answers_qwen25_7b_T1.5.csv,answers_qwen25_7b_T1.5,Q042,U,Things in a garage,16,uncle sam hat,uncle sam hat,0,0,0,Q042::16
Part3/outputs/answers_qwen25_7b_T1.5.csv,answers_qwen25_7b_T1.5,Q042,U,Things in a garage,17,unicycle,unicycle,1,0,1,Q042::17
Part3/outputs/answers_qwen25_7b_T1.5.csv,answers_qwen25_7b_T1.5,Q042,U,Things in a garage,18,unicycle,unicycle,1,0,1,Q042::18
Part3/outputs/answers_qwen25_7b_T1.5.csv,answers_qwen25_7b_T1.5,Q042,U,Things in a garage,19,uncle sam Hat,uncle sam hat,0,0,0,Q042::19
Part3/outputs/answers_qwen25_7b_T1.5.csv,answers_qwen25_7b_T1.5,Q043,V,Jobs,0,vet,vet,1,0,1,Q043::0
Part3/outputs/answers_qwen25_7b_T1.5.csv,answers_qwen25_7b_T1.5,Q043,V,Jobs,1,vineyard owner,vineyard owner,1,0,1,Q043::1
Part3/outputs/answers_qwen25_7b_T1.5.csv,answers_qwen25_7b_T1.5,Q043,V,Jobs,2,vatman,vatman,0,0,0,Q043::2
Part3/outputs/answers_qwen25_7b_T1.5.csv,answers_qwen25_7b_T1.5,Q043,V,Jobs,3,valet parking,valet parking,0,0,0,Q043::3
Part3/outputs/answers_qwen25_7b_T1.5.csv,answers_qwen25_7b_T1.5,Q043,V,Jobs,4,valet,valet,1,0,1,Q043::4
Part3/outputs/answers_qwen25_7b_T1.5.csv,answers_qwen25_7b_T1.5,Q043,V,Jobs,5,valet parking,valet parking,0,0,0,Q043::5
Part3/outputs/answers_qwen25_7b_T1.5.csv,answers_qwen25_7b_T1.5,Q043,V,Jobs,6,valet parking,valet parking,0,0,0,Q043::6
Part3/outputs/answers_qwen25_7b_T1.5.csv,answers_qwen25_7b_T1.5,Q043,V,Jobs,7,vineyard owner,vineyard owner,1,0,1,Q043::7
Part3/outputs/answers_qwen25_7b_T1.5.csv,answers_qwen25_7b_T1.5,Q043,V,Jobs,8,vet,vet,1,0,1,Q043::8
Part3/outputs/answers_qwen25_7b_T1.5.csv,answers_qwen25_7b_T1.5,Q043,V,Jobs,9,valet,valet,1,0,1,Q043::9
Part3/outputs/answers_qwen25_7b_T1.5.csv,answers_qwen25_7b_T1.5,Q043,V,Jobs,10,vet,vet,1,0,1,Q043::10
Part3/outputs/answers_qwen25_7b_T1.5.csv,answers_qwen25_7b_T1.5,Q043,V,Jobs,11,vet,vet,1,0,1,Q043::11
Part3/outputs/answers_qwen25_7b_T1.5.csv,answers_qwen25_7b_T1.5,Q043,V,Jobs,12,vaseline distributor,vaseline distributor,0,0,0,Q043::12
Part3/outputs/answers_qwen25_7b_T1.5.csv,answers_qwen25_7b_T1.5,Q043,V,Jobs,13,vatman,vatman,0,0,0,Q043::13
Part3/outputs/answers_qwen25_7b_T1.5.csv,answers_qwen25_7b_T1.5,Q043,V,Jobs,14,veterinarian,veterinarian,1,1,0,Q043::14
Part3/outputs/answers_qwen25_7b_T1.5.csv,answers_qwen25_7b_T1.5,Q043,V,Jobs,15,valet parking,valet parking,0,0,0,Q043::15
Part3/outputs/answers_qwen25_7b_T1.5.csv,answers_qwen25_7b_T1.5,Q043,V,Jobs,16,vet,vet,1,0,1,Q043::16
Part3/outputs/answers_qwen25_7b_T1.5.csv,answers_qwen25_7b_T1.5,Q043,V,Jobs,17,valet,valet,1,0,1,Q043::17
Part3/outputs/answers_qwen25_7b_T1.5.csv,answers_qwen25_7b_T1.5,Q043,V,Jobs,18,vaseline technician,vaseline technician,0,0,0,Q043::18
Part3/outputs/answers_qwen25_7b_T1.5.csv,answers_qwen25_7b_T1.5,Q043,V,Jobs,19,vegetarian,vegetarian,0,0,0,Q043::19
Part3/outputs/answers_qwen25_7b_T1.5.csv,answers_qwen25_7b_T1.5,Q044,V,Things you wear,0,veil,veil,1,0,1,Q044::0
Part3/outputs/answers_qwen25_7b_T1.5.csv,answers_qwen25_7b_T1.5,Q044,V,Things you wear,1,vest,vest,1,0,1,Q044::1
Part3/outputs/answers_qwen25_7b_T1.5.csv,answers_qwen25_7b_T1.5,Q044,V,Things you wear,2,vest,vest,1,0,1,Q044::2
Part3/outputs/answers_qwen25_7b_T1.5.csv,answers_qwen25_7b_T1.5,Q044,V,Things you wear,3,sunglasses,sunglasses,0,0,0,Q044::3
Part3/outputs/answers_qwen25_7b_T1.5.csv,answers_qwen25_7b_T1.5,Q044,V,Things you wear,4,vest,vest,1,1,0,Q044::4
Part3/outputs/answers_qwen25_7b_T1.5.csv,answers_qwen25_7b_T1.5,Q044,V,Things you wear,5,vest,vest,1,0,1,Q044::5
Part3/outputs/answers_qwen25_7b_T1.5.csv,answers_qwen25_7b_T1.5,Q044,V,Things you wear,6,vest,vest,1,0,1,Q044::6
Part3/outputs/answers_qwen25_7b_T1.5.csv,answers_qwen25_7b_T1.5,Q044,V,Things you wear,7,vest,vest,1,0,1,Q044::7
Part3/outputs/answers_qwen25_7b_T1.5.csv,answers_qwen25_7b_T1.5,Q044,V,Things you wear,8,vest,vest,1,0,1,Q044::8
Part3/outputs/answers_qwen25_7b_T1.5.csv,answers_qwen25_7b_T1.5,Q044,V,Things you wear,9,vest,vest,1,0,1,Q044::9
Part3/outputs/answers_qwen25_7b_T1.5.csv,answers_qwen25_7b_T1.5,Q044,V,Things you wear,10,vest,vest,1,0,1,Q044::10
Part3/outputs/answers_qwen25_7b_T1.5.csv,answers_qwen25_7b_T1.5,Q044,V,Things you wear,11,vest,vest,1,0,1,Q044::11
Part3/outputs/answers_qwen25_7b_T1.5.csv,answers_qwen25_7b_T1.5,Q044,V,Things you wear,12,vest,vest,1,0,1,Q044::12
Part3/outputs/answers_qwen25_7b_T1.5.csv,answers_qwen25_7b_T1.5,Q044,V,Things you wear,13,sunglasses,sunglasses,0,0,0,Q044::13
Part3/outputs/answers_qwen25_7b_T1.5.csv,answers_qwen25_7b_T1.5,Q044,V,Things you wear,14,vest,vest,1,1,0,Q044::14
Part3/outputs/answers_qwen25_7b_T1.5.csv,answers_qwen25_7b_T1.5,Q044,V,Things you wear,15,veil,veil,1,0,1,Q044::15
Part3/outputs/answers_qwen25_7b_T1.5.csv,answers_qwen25_7b_T1.5,Q044,V,Things you wear,16,vest,vest,1,0,1,Q044::16
Part3/outputs/answers_qwen25_7b_T1.5.csv,answers_qwen25_7b_T1.5,Q044,V,Things you wear,17,vest,vest,1,0,1,Q044::17
Part3/outputs/answers_qwen25_7b_T1.5.csv,answers_qwen25_7b_T1.5,Q044,V,Things you wear,18,vest,vest,1,0,1,Q044::18
Part3/outputs/answers_qwen25_7b_T1.5.csv,answers_qwen25_7b_T1.5,Q044,V,Things you wear,19,vest,vest,1,0,1,Q044::19
Part3/outputs/answers_qwen25_7b_T1.5.csv,answers_qwen25_7b_T1.5,Q045,W,Cities,0,wuhan,wuhan,1,0,1,Q045::0
Part3/outputs/answers_qwen25_7b_T1.5.csv,answers_qwen25_7b_T1.5,Q045,W,Cities,1,wuhan,wuhan,1,0,1,Q045::1
Part3/outputs/answers_qwen25_7b_T1.5.csv,answers_qwen25_7b_T1.5,Q045,W,Cities,2,wuhan,wuhan,1,0,1,Q045::2
Part3/outputs/answers_qwen25_7b_T1.5.csv,answers_qwen25_7b_T1.5,Q045,W,Cities,3,warsaw,warsaw,1,0,1,Q045::3
Part3/outputs/answers_qwen25_7b_T1.5.csv,answers_qwen25_7b_T1.5,Q045,W,Cities,4,wales,wales,0,0,0,Q045::4
Part3/outputs/answers_qwen25_7b_T1.5.csv,answers_qwen25_7b_T1.5,Q045,W,Cities,5,warsaw,warsaw,1,0,1,Q045::5
Part3/outputs/answers_qwen25_7b_T1.5.csv,answers_qwen25_7b_T1.5,Q045,W,Cities,6,winnipeg,winnipeg,1,0,1,Q045::6
Part3/outputs/answers_qwen25_7b_T1.5.csv,answers_qwen25_7b_T1.5,Q045,W,Cities,7,warsaw,warsaw,1,0,1,Q045::7
Part3/outputs/answers_qwen25_7b_T1.5.csv,answers_qwen25_7b_T1.5,Q045,W,Cities,8,warsaw,warsaw,1,0,1,Q045::8
Part3/outputs/answers_qwen25_7b_T1.5.csv,answers_qwen25_7b_T1.5,Q045,W,Cities,9,winnipeg,winnipeg,1,0,1,Q045::9
Part3/outputs/answers_qwen25_7b_T1.5.csv,answers_qwen25_7b_T1.5,Q045,W,Cities,10,washington d.c.,washington d.c,0,0,0,Q045::10
Part3/outputs/answers_qwen25_7b_T1.5.csv,answers_qwen25_7b_T1.5,Q045,W,Cities,11,washington,washington,1,0,1,Q045::11
Part3/outputs/answers_qwen25_7b_T1.5.csv,answers_qwen25_7b_T1.5,Q045,W,Cities,12,washington d.c.,washington d.c,0,0,0,Q045::12
Part3/outputs/answers_qwen25_7b_T1.5.csv,answers_qwen25_7b_T1.5,Q045,W,Cities,13,warsaw,warsaw,1,0,1,Q045::13
Part3/outputs/answers_qwen25_7b_T1.5.csv,answers_qwen25_7b_T1.5,Q045,W,Cities,14,wuhan,wuhan,1,0,1,Q045::14
Part3/outputs/answers_qwen25_7b_T1.5.csv,answers_qwen25_7b_T1.5,Q045,W,Cities,15,washington dc,washington dc,0,0,0,Q045::15
Part3/outputs/answers_qwen25_7b_T1.5.csv,answers_qwen25_7b_T1.5,Q045,W,Cities,16,warsaw,warsaw,1,0,1,Q045::16
Part3/outputs/answers_qwen25_7b_T1.5.csv,answers_qwen25_7b_T1.5,Q045,W,Cities,17,warsaw,warsaw,1,0,1,Q045::17
Part3/outputs/answers_qwen25_7b_T1.5.csv,answers_qwen25_7b_T1.5,Q045,W,Cities,18,wales,wales,0,0,0,Q045::18
Part3/outputs/answers_qwen25_7b_T1.5.csv,answers_qwen25_7b_T1.5,Q045,W,Cities,19,warsaw,warsaw,1,0,1,Q045::19
Part3/outputs/answers_qwen25_7b_T1.5.csv,answers_qwen25_7b_T1.5,Q046,W,Things in a park,0,wristwatch,wristwatch,0,0,0,Q046::0
Part3/outputs/answers_qwen25_7b_T1.5.csv,answers_qwen25_7b_T1.5,Q046,W,Things in a park,1,wading pool,wading pool,1,0,1,Q046::1
Part3/outputs/answers_qwen25_7b_T1.5.csv,answers_qwen25_7b_T1.5,Q046,W,Things in a park,2,willow,willow,1,0,1,Q046::2
Part3/outputs/answers_qwen25_7b_T1.5.csv,answers_qwen25_7b_T1.5,Q046,W,Things in a park,3,willow,willow,1,0,1,Q046::3
Part3/outputs/answers_qwen25_7b_T1.5.csv,answers_qwen25_7b_T1.5,Q046,W,Things in a park,4,wifi,wifi,0,0,0,Q046::4
Part3/outputs/answers_qwen25_7b_T1.5.csv,answers_qwen25_7b_T1.5,Q046,W,Things in a park,5,willow,willow,1,0,1,Q046::5
Part3/outputs/answers_qwen25_7b_T1.5.csv,answers_qwen25_7b_T1.5,Q046,W,Things in a park,6,water fountain,water fountain,1,0,1,Q046::6
Part3/outputs/answers_qwen25_7b_T1.5.csv,answers_qwen25_7b_T1.5,Q046,W,Things in a park,7,wifi,wifi,0,0,0,Q046::7
Part3/outputs/answers_qwen25_7b_T1.5.csv,answers_qwen25_7b_T1.5,Q046,W,Things in a park,8,willow,willow,1,0,1,Q046::8
Part3/outputs/answers_qwen25_7b_T1.5.csv,answers_qwen25_7b_T1.5,Q046,W,Things in a park,9,wristwatch,wristwatch,0,0,0,Q046::9
Part3/outputs/answers_qwen25_7b_T1.5.csv,answers_qwen25_7b_T1.5,Q046,W,Things in a park,10,willow,willow,1,0,1,Q046::10
Part3/outputs/answers_qwen25_7b_T1.5.csv,answers_qwen25_7b_T1.5,Q046,W,Things in a park,11,swing set,swing set,1,0,1,Q046::11
Part3/outputs/answers_qwen25_7b_T1.5.csv,answers_qwen25_7b_T1.5,Q046,W,Things in a park,12,willow,willow,1,0,1,Q046::12
Part3/outputs/answers_qwen25_7b_T1.5.csv,answers_qwen25_7b_T1.5,Q046,W,Things in a park,13,willow,willow,1,0,1,Q046::13
Part3/outputs/answers_qwen25_7b_T1.5.csv,answers_qwen25_7b_T1.5,Q046,W,Things in a park,14,willow,willow,1,0,1,Q046::14
Part3/outputs/answers_qwen25_7b_T1.5.csv,answers_qwen25_7b_T1.5,Q046,W,Things in a park,15,wifi,wifi,0,0,0,Q046::15
Part3/outputs/answers_qwen25_7b_T1.5.csv,answers_qwen25_7b_T1.5,Q046,W,Things in a park,16,willow,willow,1,0,1,Q046::16
Part3/outputs/answers_qwen25_7b_T1.5.csv,answers_qwen25_7b_T1.5,Q046,W,Things in a park,17,swings,swings,1,0,1,Q046::17
Part3/outputs/answers_qwen25_7b_T1.5.csv,answers_qwen25_7b_T1.5,Q046,W,Things in a park,18,willow,willow,1,0,1,Q046::18
Part3/outputs/answers_qwen25_7b_T1.5.csv,answers_qwen25_7b_T1.5,Q046,W,Things in a park,19,willow,willow,1,0,1,Q046::19
Part3/outputs/answers_qwen25_7b_T1.5.csv,answers_qwen25_7b_T1.5,Q047,X,Brands,0,xiaomi,xiaomi,1,0,1,Q047::0
Part3/outputs/answers_qwen25_7b_T1.5.csv,answers_qwen25_7b_T1.5,Q047,X,Brands,1,xiaomi,xiaomi,1,0,1,Q047::1
Part3/outputs/answers_qwen25_7b_T1.5.csv,answers_qwen25_7b_T1.5,Q047,X,Brands,2,xyz,xyz,0,0,0,Q047::2
Part3/outputs/answers_qwen25_7b_T1.5.csv,answers_qwen25_7b_T1.5,Q047,X,Brands,3,xingxiu,xingxiu,0,0,0,Q047::3
Part3/outputs/answers_qwen25_7b_T1.5.csv,answers_qwen25_7b_T1.5,Q047,X,Brands,4,xerox,xerox,1,1,0,Q047::4
Part3/outputs/answers_qwen25_7b_T1.5.csv,answers_qwen25_7b_T1.5,Q047,X,Brands,5,xiaomi,xiaomi,1,0,1,Q047::5
Part3/outputs/answers_qwen25_7b_T1.5.csv,answers_qwen25_7b_T1.5,Q047,X,Brands,6,xiaomi,xiaomi,1,0,1,Q047::6
Part3/outputs/answers_qwen25_7b_T1.5.csv,answers_qwen25_7b_T1.5,Q047,X,Brands,7,xingelife,xingelife,0,0,0,Q047::7
Part3/outputs/answers_qwen25_7b_T1.5.csv,answers_qwen25_7b_T1.5,Q047,X,Brands,8,xiaomi,xiaomi,1,0,1,Q047::8
Part3/outputs/answers_qwen25_7b_T1.5.csv,answers_qwen25_7b_T1.5,Q047,X,Brands,9,xiaomi,xiaomi,1,0,1,Q047::9
Part3/outputs/answers_qwen25_7b_T1.5.csv,answers_qwen25_7b_T1.5,Q047,X,Brands,10,xinglin,xinglin,0,0,0,Q047::10
Part3/outputs/answers_qwen25_7b_T1.5.csv,answers_qwen25_7b_T1.5,Q047,X,Brands,11,xingyi,xingyi,0,0,0,Q047::11
Part3/outputs/answers_qwen25_7b_T1.5.csv,answers_qwen25_7b_T1.5,Q047,X,Brands,12,xingyi,xingyi,0,0,0,Q047::12
Part3/outputs/answers_qwen25_7b_T1.5.csv,answers_qwen25_7b_T1.5,Q047,X,Brands,13,star trek xenopsiology,star trek xenopsiology,0,0,0,Q047::13
Part3/outputs/answers_qwen25_7b_T1.5.csv,answers_qwen25_7b_T1.5,Q047,X,Brands,14,xiaomi,xiaomi,1,0,1,Q047::14
Part3/outputs/answers_qwen25_7b_T1.5.csv,answers_qwen25_7b_T1.5,Q047,X,Brands,15,xbox,xbox,1,0,1,Q047::15
Part3/outputs/answers_qwen25_7b_T1.5.csv,answers_qwen25_7b_T1.5,Q047,X,Brands,16,xiaomi,xiaomi,1,0,1,Q047::16
Part3/outputs/answers_qwen25_7b_T1.5.csv,answers_qwen25_7b_T1.5,Q047,X,Brands,17,xiaomi,xiaomi,1,0,1,Q047::17
Part3/outputs/answers_qwen25_7b_T1.5.csv,answers_qwen25_7b_T1.5,Q047,X,Brands,18,xiaomi,xiaomi,1,0,1,Q047::18
Part3/outputs/answers_qwen25_7b_T1.5.csv,answers_qwen25_7b_T1.5,Q047,X,Brands,19,xiaomi,xiaomi,1,0,1,Q047::19
Part3/outputs/answers_qwen25_7b_T1.5.csv,answers_qwen25_7b_T1.5,Q048,X,Words in English,0,xenon,xenon,1,0,1,Q048::0
Part3/outputs/answers_qwen25_7b_T1.5.csv,answers_qwen25_7b_T1.5,Q048,X,Words in English,1,xenon,xenon,1,0,1,Q048::1
Part3/outputs/answers_qwen25_7b_T1.5.csv,answers_qwen25_7b_T1.5,Q048,X,Words in English,2,xray,xray,1,0,1,Q048::2
Part3/outputs/answers_qwen25_7b_T1.5.csv,answers_qwen25_7b_T1.5,Q048,X,Words in English,3,xenon,xenon,1,0,1,Q048::3
Part3/outputs/answers_qwen25_7b_T1.5.csv,answers_qwen25_7b_T1.5,Q048,X,Words in English,4,xray,xray,1,0,1,Q048::4
Part3/outputs/answers_qwen25_7b_T1.5.csv,answers_qwen25_7b_T1.5,Q048,X,Words in English,5,xenon,xenon,1,0,1,Q048::5
Part3/outputs/answers_qwen25_7b_T1.5.csv,answers_qwen25_7b_T1.5,Q048,X,Words in English,6,xeroxerox,xeroxerox,0,0,0,Q048::6
Part3/outputs/answers_qwen25_7b_T1.5.csv,answers_qwen25_7b_T1.5,Q048,X,Words in English,7,xenon,xenon,1,0,1,Q048::7
Part3/outputs/answers_qwen25_7b_T1.5.csv,answers_qwen25_7b_T1.5,Q048,X,Words in English,8,xeroxeroxeroxeroxeroxeroxeroxeroxeroxeroxeroxeroxeroxeroxerox,xeroxeroxeroxeroxeroxeroxeroxeroxeroxeroxeroxeroxeroxeroxerox,0,0,0,Q048::8
Part3/outputs/answers_qwen25_7b_T1.5.csv,answers_qwen25_7b_T1.5,Q048,X,Words in English,9,xbox,xbox,1,0,1,Q048::9
Part3/outputs/answers_qwen25_7b_T1.5.csv,answers_qwen25_7b_T1.5,Q048,X,Words in English,10,x ray,x ray,1,0,1,Q048::10
Part3/outputs/answers_qwen25_7b_T1.5.csv,answers_qwen25_7b_T1.5,Q048,X,Words in English,11,xray,xray,1,0,1,Q048::11
Part3/outputs/answers_qwen25_7b_T1.5.csv,answers_qwen25_7b_T1.5,Q048,X,Words in English,12,xray,xray,1,0,1,Q048::12
Part3/outputs/answers_qwen25_7b_T1.5.csv,answers_qwen25_7b_T1.5,Q048,X,Words in English,13,xenophobia,xenophobia,1,0,1,Q048::13
Part3/outputs/answers_qwen25_7b_T1.5.csv,answers_qwen25_7b_T1.5,Q048,X,Words in English,14,xerox,xerox,1,0,1,Q048::14
Part3/outputs/answers_qwen25_7b_T1.5.csv,answers_qwen25_7b_T1.5,Q048,X,Words in English,15,xenon,xenon,1,0,1,Q048::15
Part3/outputs/answers_qwen25_7b_T1.5.csv,answers_qwen25_7b_T1.5,Q048,X,Words in English,16,xray,xray,1,0,1,Q048::16
Part3/outputs/answers_qwen25_7b_T1.5.csv,answers_qwen25_7b_T1.5,Q048,X,Words in English,17,xerox office,xerox office,0,0,0,Q048::17
Part3/outputs/answers_qwen25_7b_T1.5.csv,answers_qwen25_7b_T1.5,Q048,X,Words in English,18,xray,xray,1,0,1,Q048::18
Part3/outputs/answers_qwen25_7b_T1.5.csv,answers_qwen25_7b_T1.5,Q048,X,Words in English,19,xenon,xenon,1,0,1,Q048::19
Part3/outputs/answers_qwen25_7b_T1.5.csv,answers_qwen25_7b_T1.5,Q049,Y,Foods,0,yogurt,yogurt,1,0,1,Q049::0
Part3/outputs/answers_qwen25_7b_T1.5.csv,answers_qwen25_7b_T1.5,Q049,Y,Foods,1,yogurt,yogurt,1,0,1,Q049::1
Part3/outputs/answers_qwen25_7b_T1.5.csv,answers_qwen25_7b_T1.5,Q049,Y,Foods,2,yogurt,yogurt,1,0,1,Q049::2
Part3/outputs/answers_qwen25_7b_T1.5.csv,answers_qwen25_7b_T1.5,Q049,Y,Foods,3,yogurt,yogurt,1,0,1,Q049::3
Part3/outputs/answers_qwen25_7b_T1.5.csv,answers_qwen25_7b_T1.5,Q049,Y,Foods,4,yogurt,yogurt,1,0,1,Q049::4
Part3/outputs/answers_qwen25_7b_T1.5.csv,answers_qwen25_7b_T1.5,Q049,Y,Foods,5,yogurt,yogurt,1,0,1,Q049::5
Part3/outputs/answers_qwen25_7b_T1.5.csv,answers_qwen25_7b_T1.5,Q049,Y,Foods,6,yogurt,yogurt,1,0,1,Q049::6
Part3/outputs/answers_qwen25_7b_T1.5.csv,answers_qwen25_7b_T1.5,Q049,Y,Foods,7,yogurt,yogurt,1,1,0,Q049::7
Part3/outputs/answers_qwen25_7b_T1.5.csv,answers_qwen25_7b_T1.5,Q049,Y,Foods,8,yogurt,yogurt,1,1,0,Q049::8
Part3/outputs/answers_qwen25_7b_T1.5.csv,answers_qwen25_7b_T1.5,Q049,Y,Foods,9,yogurt,yogurt,1,1,0,Q049::9
Part3/outputs/answers_qwen25_7b_T1.5.csv,answers_qwen25_7b_T1.5,Q049,Y,Foods,10,yogurt,yogurt,1,1,0,Q049::10
Part3/outputs/answers_qwen25_7b_T1.5.csv,answers_qwen25_7b_T1.5,Q049,Y,Foods,11,yogurt,yogurt,1,0,1,Q049::11
Part3/outputs/answers_qwen25_7b_T1.5.csv,answers_qwen25_7b_T1.5,Q049,Y,Foods,12,yogurt,yogurt,1,1,0,Q049::12
Part3/outputs/answers_qwen25_7b_T1.5.csv,answers_qwen25_7b_T1.5,Q049,Y,Foods,13,yogurt,yogurt,1,0,1,Q049::13
Part3/outputs/answers_qwen25_7b_T1.5.csv,answers_qwen25_7b_T1.5,Q049,Y,Foods,14,yogurt,yogurt,1,0,1,Q049::14
Part3/outputs/answers_qwen25_7b_T1.5.csv,answers_qwen25_7b_T1.5,Q049,Y,Foods,15,yogurt,yogurt,1,0,1,Q049::15
Part3/outputs/answers_qwen25_7b_T1.5.csv,answers_qwen25_7b_T1.5,Q049,Y,Foods,16,yogurt,yogurt,1,0,1,Q049::16
Part3/outputs/answers_qwen25_7b_T1.5.csv,answers_qwen25_7b_T1.5,Q049,Y,Foods,17,yogurt,yogurt,1,1,0,Q049::17
Part3/outputs/answers_qwen25_7b_T1.5.csv,answers_qwen25_7b_T1.5,Q049,Y,Foods,18,yogurt,yogurt,1,0,1,Q049::18
Part3/outputs/answers_qwen25_7b_T1.5.csv,answers_qwen25_7b_T1.5,Q049,Y,Foods,19,yogurt,yogurt,1,0,1,Q049::19
Part3/outputs/answers_qwen25_7b_T1.5.csv,answers_qwen25_7b_T1.5,Q050,Y,Things at a party,0,popcorn,popcorn,0,0,0,Q050::0
Part3/outputs/answers_qwen25_7b_T1.5.csv,answers_qwen25_7b_T1.5,Q050,Y,Things at a party,1,yogurt,yogurt,0,0,0,Q050::1
Part3/outputs/answers_qwen25_7b_T1.5.csv,answers_qwen25_7b_T1.5,Q050,Y,Things at a party,2,birthday candles,birthday candles,0,0,0,Q050::2
Part3/outputs/answers_qwen25_7b_T1.5.csv,answers_qwen25_7b_T1.5,Q050,Y,Things at a party,3,yoghurt bowls,yoghurt bowls,0,0,0,Q050::3
Part3/outputs/answers_qwen25_7b_T1.5.csv,answers_qwen25_7b_T1.5,Q050,Y,Things at a party,4,yacht party,yacht party,0,0,0,Q050::4
Part3/outputs/answers_qwen25_7b_T1.5.csv,answers_qwen25_7b_T1.5,Q050,Y,Things at a party,5,yaml tếries,yaml tếries,0,0,0,Q050::5
Part3/outputs/answers_qwen25_7b_T1.5.csv,answers_qwen25_7b_T1.5,Q050,Y,Things at a party,6,cake,cake,0,0,0,Q050::6
Part3/outputs/answers_qwen25_7b_T1.5.csv,answers_qwen25_7b_T1.5,Q050,Y,Things at a party,7,yellow balloon,yellow balloon,1,0,1,Q050::7
Part3/outputs/answers_qwen25_7b_T1.5.csv,answers_qwen25_7b_T1.5,Q050,Y,Things at a party,8,yacht,yacht,0,0,0,Q050::8
Part3/outputs/answers_qwen25_7b_T1.5.csv,answers_qwen25_7b_T1.5,Q050,Y,Things at a party,9,yaml tếries,yaml tếries,0,0,0,Q050::9
Part3/outputs/answers_qwen25_7b_T1.5.csv,answers_qwen25_7b_T1.5,Q050,Y,Things at a party,10,yacht,yacht,0,0,0,Q050::10
Part3/outputs/answers_qwen25_7b_T1.5.csv,answers_qwen25_7b_T1.5,Q050,Y,Things at a party,11,yogurt,yogurt,0,0,0,Q050::11
Part3/outputs/answers_qwen25_7b_T1.5.csv,answers_qwen25_7b_T1.5,Q050,Y,Things at a party,12,yummy cake,yummy cake,0,0,0,Q050::12
Part3/outputs/answers_qwen25_7b_T1.5.csv,answers_qwen25_7b_T1.5,Q050,Y,Things at a party,13,yaml=Y,yaml=y,0,0,0,Q050::13
Part3/outputs/answers_qwen25_7b_T1.5.csv,answers_qwen25_7b_T1.5,Q050,Y,Things at a party,14,yaml fries,yaml fries,0,0,0,Q050::14
Part3/outputs/answers_qwen25_7b_T1.5.csv,answers_qwen25_7b_T1.5,Q050,Y,Things at a party,15,yaml eggs,yaml eggs,0,0,0,Q050::15
Part3/outputs/answers_qwen25_7b_T1.5.csv,answers_qwen25_7b_T1.5,Q050,Y,Things at a party,16,yoghurt,yoghurt,0,0,0,Q050::16
Part3/outputs/answers_qwen25_7b_T1.5.csv,answers_qwen25_7b_T1.5,Q050,Y,Things at a party,17,yaml cakes,yaml cakes,0,0,0,Q050::17
Part3/outputs/answers_qwen25_7b_T1.5.csv,answers_qwen25_7b_T1.5,Q050,Y,Things at a party,18,yoga class,yoga class,0,0,0,Q050::18
Part3/outputs/answers_qwen25_7b_T1.5.csv,answers_qwen25_7b_T1.5,Q050,Y,Things at a party,19,yoga class,yoga class,0,0,0,Q050::19
Part3/outputs/answers_qwen25_7b_T1.5.csv,answers_qwen25_7b_T1.5,Q051,Z,Animals,0,zebra,zebra,1,1,0,Q051::0
Part3/outputs/answers_qwen25_7b_T1.5.csv,answers_qwen25_7b_T1.5,Q051,Z,Animals,1,zorse,zorse,1,0,1,Q051::1
Part3/outputs/answers_qwen25_7b_T1.5.csv,answers_qwen25_7b_T1.5,Q051,Z,Animals,2,zebra,zebra,1,1,0,Q051::2
Part3/outputs/answers_qwen25_7b_T1.5.csv,answers_qwen25_7b_T1.5,Q051,Z,Animals,3,zebra,zebra,1,1,0,Q051::3
Part3/outputs/answers_qwen25_7b_T1.5.csv,answers_qwen25_7b_T1.5,Q051,Z,Animals,4,zebra,zebra,1,1,0,Q051::4
Part3/outputs/answers_qwen25_7b_T1.5.csv,answers_qwen25_7b_T1.5,Q051,Z,Animals,5,zebra,zebra,1,1,0,Q051::5
Part3/outputs/answers_qwen25_7b_T1.5.csv,answers_qwen25_7b_T1.5,Q051,Z,Animals,6,zebra,zebra,1,1,0,Q051::6
Part3/outputs/answers_qwen25_7b_T1.5.csv,answers_qwen25_7b_T1.5,Q051,Z,Animals,7,zorse,zorse,1,0,1,Q051::7
Part3/outputs/answers_qwen25_7b_T1.5.csv,answers_qwen25_7b_T1.5,Q051,Z,Animals,8,zebra,zebra,1,1,0,Q051::8
Part3/outputs/answers_qwen25_7b_T1.5.csv,answers_qwen25_7b_T1.5,Q051,Z,Animals,9,zebra,zebra,1,1,0,Q051::9
Part3/outputs/answers_qwen25_7b_T1.5.csv,answers_qwen25_7b_T1.5,Q051,Z,Animals,10,zebra,zebra,1,1,0,Q051::10
Part3/outputs/answers_qwen25_7b_T1.5.csv,answers_qwen25_7b_T1.5,Q051,Z,Animals,11,zebra,zebra,1,1,0,Q051::11
Part3/outputs/answers_qwen25_7b_T1.5.csv,answers_qwen25_7b_T1.5,Q051,Z,Animals,12,zebra,zebra,1,1,0,Q051::12
Part3/outputs/answers_qwen25_7b_T1.5.csv,answers_qwen25_7b_T1.5,Q051,Z,Animals,13,zorse,zorse,1,0,1,Q051::13
Part3/outputs/answers_qwen25_7b_T1.5.csv,answers_qwen25_7b_T1.5,Q051,Z,Animals,14,zebra,zebra,1,1,0,Q051::14
Part3/outputs/answers_qwen25_7b_T1.5.csv,answers_qwen25_7b_T1.5,Q051,Z,Animals,15,zebra,zebra,1,1,0,Q051::15
Part3/outputs/answers_qwen25_7b_T1.5.csv,answers_qwen25_7b_T1.5,Q051,Z,Animals,16,zebra,zebra,1,1,0,Q051::16
Part3/outputs/answers_qwen25_7b_T1.5.csv,answers_qwen25_7b_T1.5,Q051,Z,Animals,17,zebra,zebra,1,1,0,Q051::17
Part3/outputs/answers_qwen25_7b_T1.5.csv,answers_qwen25_7b_T1.5,Q051,Z,Animals,18,zebra,zebra,1,1,0,Q051::18
Part3/outputs/answers_qwen25_7b_T1.5.csv,answers_qwen25_7b_T1.5,Q051,Z,Animals,19,zebra,zebra,1,1,0,Q051::19
Part3/outputs/answers_qwen25_7b_T1.5.csv,answers_qwen25_7b_T1.5,Q052,Z,Things in a zoo,0,zebra,zebra,1,1,0,Q052::0
Part3/outputs/answers_qwen25_7b_T1.5.csv,answers_qwen25_7b_T1.5,Q052,Z,Things in a zoo,1,zebra,zebra,1,1,0,Q052::1
Part3/outputs/answers_qwen25_7b_T1.5.csv,answers_qwen25_7b_T1.5,Q052,Z,Things in a zoo,2,zebra,zebra,1,1,0,Q052::2
Part3/outputs/answers_qwen25_7b_T1.5.csv,answers_qwen25_7b_T1.5,Q052,Z,Things in a zoo,3,zebra,zebra,1,1,0,Q052::3
Part3/outputs/answers_qwen25_7b_T1.5.csv,answers_qwen25_7b_T1.5,Q052,Z,Things in a zoo,4,zebra,zebra,1,1,0,Q052::4
Part3/outputs/answers_qwen25_7b_T1.5.csv,answers_qwen25_7b_T1.5,Q052,Z,Things in a zoo,5,zebra,zebra,1,1,0,Q052::5
Part3/outputs/answers_qwen25_7b_T1.5.csv,answers_qwen25_7b_T1.5,Q052,Z,Things in a zoo,6,zookeepers,zookeepers,0,0,0,Q052::6
Part3/outputs/answers_qwen25_7b_T1.5.csv,answers_qwen25_7b_T1.5,Q052,Z,Things in a zoo,7,zookeeper,zookeeper,1,0,1,Q052::7
Part3/outputs/answers_qwen25_7b_T1.5.csv,answers_qwen25_7b_T1.5,Q052,Z,Things in a zoo,8,zebra,zebra,1,1,0,Q052::8
Part3/outputs/answers_qwen25_7b_T1.5.csv,answers_qwen25_7b_T1.5,Q052,Z,Things in a zoo,9,zebra,zebra,1,1,0,Q052::9
Part3/outputs/answers_qwen25_7b_T1.5.csv,answers_qwen25_7b_T1.5,Q052,Z,Things in a zoo,10,zebra,zebra,1,1,0,Q052::10
Part3/outputs/answers_qwen25_7b_T1.5.csv,answers_qwen25_7b_T1.5,Q052,Z,Things in a zoo,11,zebra,zebra,1,1,0,Q052::11
Part3/outputs/answers_qwen25_7b_T1.5.csv,answers_qwen25_7b_T1.5,Q052,Z,Things in a zoo,12,zebra,zebra,1,1,0,Q052::12
Part3/outputs/answers_qwen25_7b_T1.5.csv,answers_qwen25_7b_T1.5,Q052,Z,Things in a zoo,13,zebra,zebra,1,1,0,Q052::13
Part3/outputs/answers_qwen25_7b_T1.5.csv,answers_qwen25_7b_T1.5,Q052,Z,Things in a zoo,14,zebra,zebra,1,1,0,Q052::14
Part3/outputs/answers_qwen25_7b_T1.5.csv,answers_qwen25_7b_T1.5,Q052,Z,Things in a zoo,15,zebra,zebra,1,1,0,Q052::15
Part3/outputs/answers_qwen25_7b_T1.5.csv,answers_qwen25_7b_T1.5,Q052,Z,Things in a zoo,16,zookeeper,zookeeper,1,0,1,Q052::16
Part3/outputs/answers_qwen25_7b_T1.5.csv,answers_qwen25_7b_T1.5,Q052,Z,Things in a zoo,17,zebra,zebra,1,1,0,Q052::17
Part3/outputs/answers_qwen25_7b_T1.5.csv,answers_qwen25_7b_T1.5,Q052,Z,Things in a zoo,18,zebra,zebra,1,1,0,Q052::18
Part3/outputs/answers_qwen25_7b_T1.5.csv,answers_qwen25_7b_T1.5,Q052,Z,Things in a zoo,19,zoo keeper,zoo keeper,0,0,0,Q052::19
Part3/outputs/answers_qwen25_7b_T1.5.csv,answers_qwen25_7b_T1.5,Q053,A,Things in a kitchen,0,kettle,kettle,1,0,1,Q053::0
Part3/outputs/answers_qwen25_7b_T1.5.csv,answers_qwen25_7b_T1.5,Q053,A,Things in a kitchen,1,pancake,pancake,0,0,0,Q053::1
Part3/outputs/answers_qwen25_7b_T1.5.csv,answers_qwen25_7b_T1.5,Q053,A,Things in a kitchen,2,pan,pan,1,0,1,Q053::2
Part3/outputs/answers_qwen25_7b_T1.5.csv,answers_qwen25_7b_T1.5,Q053,A,Things in a kitchen,3,apple,apple,0,0,0,Q053::3
Part3/outputs/answers_qwen25_7b_T1.5.csv,answers_qwen25_7b_T1.5,Q053,A,Things in a kitchen,4,apron,apron,1,0,1,Q053::4
Part3/outputs/answers_qwen25_7b_T1.5.csv,answers_qwen25_7b_T1.5,Q053,A,Things in a kitchen,5,apple,apple,0,0,0,Q053::5
Part3/outputs/answers_qwen25_7b_T1.5.csv,answers_qwen25_7b_T1.5,Q053,A,Things in a kitchen,6,knife,knife,0,0,0,Q053::6
Part3/outputs/answers_qwen25_7b_T1.5.csv,answers_qwen25_7b_T1.5,Q053,A,Things in a kitchen,7,pancake,pancake,0,0,0,Q053::7
Part3/outputs/answers_qwen25_7b_T1.5.csv,answers_qwen25_7b_T1.5,Q053,A,Things in a kitchen,8,apple,apple,0,0,0,Q053::8
Part3/outputs/answers_qwen25_7b_T1.5.csv,answers_qwen25_7b_T1.5,Q053,A,Things in a kitchen,9,apron,apron,1,0,1,Q053::9
Part3/outputs/answers_qwen25_7b_T1.5.csv,answers_qwen25_7b_T1.5,Q053,A,Things in a kitchen,10,apple,apple,0,0,0,Q053::10
Part3/outputs/answers_qwen25_7b_T1.5.csv,answers_qwen25_7b_T1.5,Q053,A,Things in a kitchen,11,apron,apron,1,1,0,Q053::11
Part3/outputs/answers_qwen25_7b_T1.5.csv,answers_qwen25_7b_T1.5,Q053,A,Things in a kitchen,12,apple,apple,0,0,0,Q053::12
Part3/outputs/answers_qwen25_7b_T1.5.csv,answers_qwen25_7b_T1.5,Q053,A,Things in a kitchen,13,apple,apple,0,0,0,Q053::13
Part3/outputs/answers_qwen25_7b_T1.5.csv,answers_qwen25_7b_T1.5,Q053,A,Things in a kitchen,14,apron,apron,1,0,1,Q053::14
Part3/outputs/answers_qwen25_7b_T1.5.csv,answers_qwen25_7b_T1.5,Q053,A,Things in a kitchen,15,apple,apple,0,0,0,Q053::15
Part3/outputs/answers_qwen25_7b_T1.5.csv,answers_qwen25_7b_T1.5,Q053,A,Things in a kitchen,16,apron,apron,1,0,1,Q053::16
Part3/outputs/answers_qwen25_7b_T1.5.csv,answers_qwen25_7b_T1.5,Q053,A,Things in a kitchen,17,knife,knife,0,0,0,Q053::17
Part3/outputs/answers_qwen25_7b_T1.5.csv,answers_qwen25_7b_T1.5,Q053,A,Things in a kitchen,18,apple,apple,0,0,0,Q053::18
Part3/outputs/answers_qwen25_7b_T1.5.csv,answers_qwen25_7b_T1.5,Q053,A,Things in a kitchen,19,knife,knife,0,0,0,Q053::19
Part3/outputs/answers_qwen25_7b_T1.5.csv,answers_qwen25_7b_T1.5,Q054,B,Singers,0,britney spears,britney spears,1,0,1,Q054::0
Part3/outputs/answers_qwen25_7b_T1.5.csv,answers_qwen25_7b_T1.5,Q054,B,Singers,1,beyoncé,beyonc,0,0,0,Q054::1
Part3/outputs/answers_qwen25_7b_T1.5.csv,answers_qwen25_7b_T1.5,Q054,B,Singers,2,beyonce,beyonce,1,1,0,Q054::2
Part3/outputs/answers_qwen25_7b_T1.5.csv,answers_qwen25_7b_T1.5,Q054,B,Singers,3,beyoncé,beyonc,0,0,0,Q054::3
Part3/outputs/answers_qwen25_7b_T1.5.csv,answers_qwen25_7b_T1.5,Q054,B,Singers,4,britney spears,britney spears,1,0,1,Q054::4
Part3/outputs/answers_qwen25_7b_T1.5.csv,answers_qwen25_7b_T1.5,Q054,B,Singers,5,beyoncé,beyonc,0,0,0,Q054::5
Part3/outputs/answers_qwen25_7b_T1.5.csv,answers_qwen25_7b_T1.5,Q054,B,Singers,6,backstreet boys,backstreet boys,1,0,1,Q054::6
Part3/outputs/answers_qwen25_7b_T1.5.csv,answers_qwen25_7b_T1.5,Q054,B,Singers,7,barbra streisand,barbra streisand,1,0,1,Q054::7
Part3/outputs/answers_qwen25_7b_T1.5.csv,answers_qwen25_7b_T1.5,Q054,B,Singers,8,beyonce,beyonce,1,0,1,Q054::8
Part3/outputs/answers_qwen25_7b_T1.5.csv,answers_qwen25_7b_T1.5,Q054,B,Singers,9,britney spears,britney spears,1,0,1,Q054::9
Part3/outputs/answers_qwen25_7b_T1.5.csv,answers_qwen25_7b_T1.5,Q054,B,Singers,10,beyoncé,beyonc,0,0,0,Q054::10
Part3/outputs/answers_qwen25_7b_T1.5.csv,answers_qwen25_7b_T1.5,Q054,B,Singers,11,barry manilow,barry manilow,1,0,1,Q054::11
Part3/outputs/answers_qwen25_7b_T1.5.csv,answers_qwen25_7b_T1.5,Q054,B,Singers,12,beyoncé,beyonc,0,0,0,Q054::12
Part3/outputs/answers_qwen25_7b_T1.5.csv,answers_qwen25_7b_T1.5,Q054,B,Singers,13,britney spears,britney spears,1,0,1,Q054::13
Part3/outputs/answers_qwen25_7b_T1.5.csv,answers_qwen25_7b_T1.5,Q054,B,Singers,14,britney spears,britney spears,1,0,1,Q054::14
Part3/outputs/answers_qwen25_7b_T1.5.csv,answers_qwen25_7b_T1.5,Q054,B,Singers,15,brandy singer,brandy singer,1,0,1,Q054::15
Part3/outputs/answers_qwen25_7b_T1.5.csv,answers_qwen25_7b_T1.5,Q054,B,Singers,16,brandy simpkins,brandy simpkins,0,0,0,Q054::16
Part3/outputs/answers_qwen25_7b_T1.5.csv,answers_qwen25_7b_T1.5,Q054,B,Singers,17,backstreet boys,backstreet boys,1,0,1,Q054::17
Part3/outputs/answers_qwen25_7b_T1.5.csv,answers_qwen25_7b_T1.5,Q054,B,Singers,18,beyoncé,beyonc,0,0,0,Q054::18
Part3/outputs/answers_qwen25_7b_T1.5.csv,answers_qwen25_7b_T1.5,Q054,B,Singers,19,backstreet boys,backstreet boys,1,0,1,Q054::19
Part3/outputs/answers_qwen25_7b_T1.5.csv,answers_qwen25_7b_T1.5,Q055,C,Desserts,0,chocolate cake,chocolate cake,1,1,0,Q055::0
Part3/outputs/answers_qwen25_7b_T1.5.csv,answers_qwen25_7b_T1.5,Q055,C,Desserts,1,chocolate cake,chocolate cake,1,1,0,Q055::1
Part3/outputs/answers_qwen25_7b_T1.5.csv,answers_qwen25_7b_T1.5,Q055,C,Desserts,2,chocolate cake,chocolate cake,1,1,0,Q055::2
Part3/outputs/answers_qwen25_7b_T1.5.csv,answers_qwen25_7b_T1.5,Q055,C,Desserts,3,chocolate cake,chocolate cake,1,1,0,Q055::3
Part3/outputs/answers_qwen25_7b_T1.5.csv,answers_qwen25_7b_T1.5,Q055,C,Desserts,4,chocolate cake,chocolate cake,1,1,0,Q055::4
Part3/outputs/answers_qwen25_7b_T1.5.csv,answers_qwen25_7b_T1.5,Q055,C,Desserts,5,chocolate cake,chocolate cake,1,1,0,Q055::5
Part3/outputs/answers_qwen25_7b_T1.5.csv,answers_qwen25_7b_T1.5,Q055,C,Desserts,6,chocolate cake,chocolate cake,1,1,0,Q055::6
Part3/outputs/answers_qwen25_7b_T1.5.csv,answers_qwen25_7b_T1.5,Q055,C,Desserts,7,chocolate cake,chocolate cake,1,1,0,Q055::7
Part3/outputs/answers_qwen25_7b_T1.5.csv,answers_qwen25_7b_T1.5,Q055,C,Desserts,8,chocolate cake,chocolate cake,1,1,0,Q055::8
Part3/outputs/answers_qwen25_7b_T1.5.csv,answers_qwen25_7b_T1.5,Q055,C,Desserts,9,chocolate cake,chocolate cake,1,1,0,Q055::9
Part3/outputs/answers_qwen25_7b_T1.5.csv,answers_qwen25_7b_T1.5,Q055,C,Desserts,10,chocolate cake,chocolate cake,1,1,0,Q055::10
Part3/outputs/answers_qwen25_7b_T1.5.csv,answers_qwen25_7b_T1.5,Q055,C,Desserts,11,chocolate cake,chocolate cake,1,1,0,Q055::11
Part3/outputs/answers_qwen25_7b_T1.5.csv,answers_qwen25_7b_T1.5,Q055,C,Desserts,12,chocolate cake,chocolate cake,1,1,0,Q055::12
Part3/outputs/answers_qwen25_7b_T1.5.csv,answers_qwen25_7b_T1.5,Q055,C,Desserts,13,chocolate cake,chocolate cake,1,1,0,Q055::13
Part3/outputs/answers_qwen25_7b_T1.5.csv,answers_qwen25_7b_T1.5,Q055,C,Desserts,14,chocolate cake,chocolate cake,1,1,0,Q055::14
Part3/outputs/answers_qwen25_7b_T1.5.csv,answers_qwen25_7b_T1.5,Q055,C,Desserts,15,chocolate cake,chocolate cake,1,1,0,Q055::15
Part3/outputs/answers_qwen25_7b_T1.5.csv,answers_qwen25_7b_T1.5,Q055,C,Desserts,16,chocolate cake,chocolate cake,1,1,0,Q055::16
Part3/outputs/answers_qwen25_7b_T1.5.csv,answers_qwen25_7b_T1.5,Q055,C,Desserts,17,chocolate cake,chocolate cake,1,1,0,Q055::17
Part3/outputs/answers_qwen25_7b_T1.5.csv,answers_qwen25_7b_T1.5,Q055,C,Desserts,18,chocolate cake,chocolate cake,1,1,0,Q055::18
Part3/outputs/answers_qwen25_7b_T1.5.csv,answers_qwen25_7b_T1.5,Q055,C,Desserts,19,chocolate cake,chocolate cake,1,1,0,Q055::19
Part3/outputs/answers_qwen25_7b_T1.5.csv,answers_qwen25_7b_T1.5,Q056,D,Plants,0,daisy,daisy,1,0,1,Q056::0
Part3/outputs/answers_qwen25_7b_T1.5.csv,answers_qwen25_7b_T1.5,Q056,D,Plants,1,daisy,daisy,1,0,1,Q056::1
Part3/outputs/answers_qwen25_7b_T1.5.csv,answers_qwen25_7b_T1.5,Q056,D,Plants,2,daisy,daisy,1,0,1,Q056::2
Part3/outputs/answers_qwen25_7b_T1.5.csv,answers_qwen25_7b_T1.5,Q056,D,Plants,3,daisy,daisy,1,0,1,Q056::3
Part3/outputs/answers_qwen25_7b_T1.5.csv,answers_qwen25_7b_T1.5,Q056,D,Plants,4,daisy,daisy,1,0,1,Q056::4
Part3/outputs/answers_qwen25_7b_T1.5.csv,answers_qwen25_7b_T1.5,Q056,D,Plants,5,daisy,daisy,1,1,0,Q056::5
Part3/outputs/answers_qwen25_7b_T1.5.csv,answers_qwen25_7b_T1.5,Q056,D,Plants,6,dandelion,dandelion,1,1,0,Q056::6
Part3/outputs/answers_qwen25_7b_T1.5.csv,answers_qwen25_7b_T1.5,Q056,D,Plants,7,daisy,daisy,1,0,1,Q056::7
Part3/outputs/answers_qwen25_7b_T1.5.csv,answers_qwen25_7b_T1.5,Q056,D,Plants,8,daisy,daisy,1,1,0,Q056::8
Part3/outputs/answers_qwen25_7b_T1.5.csv,answers_qwen25_7b_T1.5,Q056,D,Plants,9,daisy,daisy,1,0,1,Q056::9
Part3/outputs/answers_qwen25_7b_T1.5.csv,answers_qwen25_7b_T1.5,Q056,D,Plants,10,dandelion,dandelion,1,0,1,Q056::10
Part3/outputs/answers_qwen25_7b_T1.5.csv,answers_qwen25_7b_T1.5,Q056,D,Plants,11,daisy,daisy,1,1,0,Q056::11
Part3/outputs/answers_qwen25_7b_T1.5.csv,answers_qwen25_7b_T1.5,Q056,D,Plants,12,daisy,daisy,1,0,1,Q056::12
Part3/outputs/answers_qwen25_7b_T1.5.csv,answers_qwen25_7b_T1.5,Q056,D,Plants,13,dandelion,dandelion,1,0,1,Q056::13
Part3/outputs/answers_qwen25_7b_T1.5.csv,answers_qwen25_7b_T1.5,Q056,D,Plants,14,daisy,daisy,1,1,0,Q056::14
Part3/outputs/answers_qwen25_7b_T1.5.csv,answers_qwen25_7b_T1.5,Q056,D,Plants,15,daisy,daisy,1,0,1,Q056::15
Part3/outputs/answers_qwen25_7b_T1.5.csv,answers_qwen25_7b_T1.5,Q056,D,Plants,16,dandelion,dandelion,1,1,0,Q056::16
Part3/outputs/answers_qwen25_7b_T1.5.csv,answers_qwen25_7b_T1.5,Q056,D,Plants,17,daisy,daisy,1,0,1,Q056::17
Part3/outputs/answers_qwen25_7b_T1.5.csv,answers_qwen25_7b_T1.5,Q056,D,Plants,18,daisy,daisy,1,0,1,Q056::18
Part3/outputs/answers_qwen25_7b_T1.5.csv,answers_qwen25_7b_T1.5,Q056,D,Plants,19,dandelion,dandelion,1,0,1,Q056::19
Part3/outputs/answers_qwen25_7b_T1.5.csv,answers_qwen25_7b_T1.5,Q057,E,Companies,0,exxon mobil,exxon mobil,1,0,1,Q057::0
Part3/outputs/answers_qwen25_7b_T1.5.csv,answers_qwen25_7b_T1.5,Q057,E,Companies,1,ebay,ebay,1,0,1,Q057::1
Part3/outputs/answers_qwen25_7b_T1.5.csv,answers_qwen25_7b_T1.5,Q057,E,Companies,2,ebay,ebay,1,0,1,Q057::2
Part3/outputs/answers_qwen25_7b_T1.5.csv,answers_qwen25_7b_T1.5,Q057,E,Companies,3,eastman kutzn,eastman kutzn,0,0,0,Q057::3
Part3/outputs/answers_qwen25_7b_T1.5.csv,answers_qwen25_7b_T1.5,Q057,E,Companies,4,eastman kodak,eastman kodak,0,0,0,Q057::4
Part3/outputs/answers_qwen25_7b_T1.5.csv,answers_qwen25_7b_T1.5,Q057,E,Companies,5,ebay,ebay,1,0,1,Q057::5
Part3/outputs/answers_qwen25_7b_T1.5.csv,answers_qwen25_7b_T1.5,Q057,E,Companies,6,apple,apple,0,0,0,Q057::6
Part3/outputs/answers_qwen25_7b_T1.5.csv,answers_qwen25_7b_T1.5,Q057,E,Companies,7,eatalot,eatalot,0,0,0,Q057::7
Part3/outputs/answers_qwen25_7b_T1.5.csv,answers_qwen25_7b_T1.5,Q057,E,Companies,8,ebay,ebay,1,0,1,Q057::8
Part3/outputs/answers_qwen25_7b_T1.5.csv,answers_qwen25_7b_T1.5,Q057,E,Companies,9,ebay,ebay,1,0,1,Q057::9
Part3/outputs/answers_qwen25_7b_T1.5.csv,answers_qwen25_7b_T1.5,Q057,E,Companies,10,eastman kodak,eastman kodak,0,0,0,Q057::10
Part3/outputs/answers_qwen25_7b_T1.5.csv,answers_qwen25_7b_T1.5,Q057,E,Companies,11,ebay,ebay,1,0,1,Q057::11
Part3/outputs/answers_qwen25_7b_T1.5.csv,answers_qwen25_7b_T1.5,Q057,E,Companies,12,ericsson,ericsson,1,0,1,Q057::12
Part3/outputs/answers_qwen25_7b_T1.5.csv,answers_qwen25_7b_T1.5,Q057,E,Companies,13,eastman kobayashi,eastman kobayashi,0,0,0,Q057::13
Part3/outputs/answers_qwen25_7b_T1.5.csv,answers_qwen25_7b_T1.5,Q057,E,Companies,14,ebay,ebay,1,1,0,Q057::14
Part3/outputs/answers_qwen25_7b_T1.5.csv,answers_qwen25_7b_T1.5,Q057,E,Companies,15,eaton corporation,eaton corporation,1,0,1,Q057::15
Part3/outputs/answers_qwen25_7b_T1.5.csv,answers_qwen25_7b_T1.5,Q057,E,Companies,16,e commerce,e commerce,0,0,0,Q057::16
Part3/outputs/answers_qwen25_7b_T1.5.csv,answers_qwen25_7b_T1.5,Q057,E,Companies,17,ebay,ebay,1,1,0,Q057::17
Part3/outputs/answers_qwen25_7b_T1.5.csv,answers_qwen25_7b_T1.5,Q057,E,Companies,18,eBay,ebay,1,0,1,Q057::18
Part3/outputs/answers_qwen25_7b_T1.5.csv,answers_qwen25_7b_T1.5,Q057,E,Companies,19,ebay,ebay,1,0,1,Q057::19
Part3/outputs/answers_qwen25_7b_T1.5.csv,answers_qwen25_7b_T1.5,Q058,F,Movie characters,0,friar loiwo,friar loiwo,0,0,0,Q058::0
Part3/outputs/answers_qwen25_7b_T1.5.csv,answers_qwen25_7b_T1.5,Q058,F,Movie characters,1,fred flintstone,fred flintstone,1,0,1,Q058::1
Part3/outputs/answers_qwen25_7b_T1.5.csv,answers_qwen25_7b_T1.5,Q058,F,Movie characters,2,frodo)baggins,frodo)baggins,0,0,0,Q058::2
Part3/outputs/answers_qwen25_7b_T1.5.csv,answers_qwen25_7b_T1.5,Q058,F,Movie characters,3,fred flintstone,fred flintstone,1,0,1,Q058::3
Part3/outputs/answers_qwen25_7b_T1.5.csv,answers_qwen25_7b_T1.5,Q058,F,Movie characters,4,frankenstein,frankenstein,0,0,0,Q058::4
Part3/outputs/answers_qwen25_7b_T1.5.csv,answers_qwen25_7b_T1.5,Q058,F,Movie characters,5,forrest gump,forrest gump,1,0,1,Q058::5
Part3/outputs/answers_qwen25_7b_T1.5.csv,answers_qwen25_7b_T1.5,Q058,F,Movie characters,6,frankenstein,frankenstein,0,0,0,Q058::6
Part3/outputs/answers_qwen25_7b_T1.5.csv,answers_qwen25_7b_T1.5,Q058,F,Movie characters,7,fred flintstone,fred flintstone,1,0,1,Q058::7
Part3/outputs/answers_qwen25_7b_T1.5.csv,answers_qwen25_7b_T1.5,Q058,F,Movie characters,8,frodo baudruddy,frodo baudruddy,0,0,0,Q058::8
Part3/outputs/answers_qwen25_7b_T1.5.csv,answers_qwen25_7b_T1.5,Q058,F,Movie characters,9,fargo dudes,fargo dudes,0,0,0,Q058::9
Part3/outputs/answers_qwen25_7b_T1.5.csv,answers_qwen25_7b_T1.5,Q058,F,Movie characters,10,fred flintstone,fred flintstone,1,0,1,Q058::10
Part3/outputs/answers_qwen25_7b_T1.5.csv,answers_qwen25_7b_T1.5,Q058,F,Movie characters,11,friar tuck,friar tuck,1,0,1,Q058::11
Part3/outputs/answers_qwen25_7b_T1.5.csv,answers_qwen25_7b_T1.5,Q058,F,Movie characters,12,fred flintstone,fred flintstone,1,0,1,Q058::12
Part3/outputs/answers_qwen25_7b_T1.5.csv,answers_qwen25_7b_T1.5,Q058,F,Movie characters,13,fargo sheriff larsen,fargo sheriff larsen,0,0,0,Q058::13
Part3/outputs/answers_qwen25_7b_T1.5.csv,answers_qwen25_7b_T1.5,Q058,F,Movie characters,14,fred flintstone,fred flintstone,1,0,1,Q058::14
Part3/outputs/answers_qwen25_7b_T1.5.csv,answers_qwen25_7b_T1.5,Q058,F,Movie characters,15,friday matchups,friday matchups,0,0,0,Q058::15
Part3/outputs/answers_qwen25_7b_T1.5.csv,answers_qwen25_7b_T1.5,Q058,F,Movie characters,16,freddy furlock,freddy furlock,0,0,0,Q058::16
Part3/outputs/answers_qwen25_7b_T1.5.csv,answers_qwen25_7b_T1.5,Q058,F,Movie characters,17,freddy krueger,freddy krueger,1,0,1,Q058::17
Part3/outputs/answers_qwen25_7b_T1.5.csv,answers_qwen25_7b_T1.5,Q058,F,Movie characters,18,freddy krueger,freddy krueger,1,0,1,Q058::18
Part3/outputs/answers_qwen25_7b_T1.5.csv,answers_qwen25_7b_T1.5,Q058,F,Movie characters,19,frodo budinowski,frodo budinowski,0,0,0,Q058::19
Part3/outputs/answers_qwen25_7b_T1.5.csv,answers_qwen25_7b_T1.5,Q059,G,Things in a toolbox,0,hammer,hammer,1,0,1,Q059::0
Part3/outputs/answers_qwen25_7b_T1.5.csv,answers_qwen25_7b_T1.5,Q059,G,Things in a toolbox,1,hammer,hammer,1,0,1,Q059::1
Part3/outputs/answers_qwen25_7b_T1.5.csv,answers_qwen25_7b_T1.5,Q059,G,Things in a toolbox,2,hammer gunvice screwdriver,hammer gunvice screwdriver,0,0,0,Q059::2
Part3/outputs/answers_qwen25_7b_T1.5.csv,answers_qwen25_7b_T1.5,Q059,G,Things in a toolbox,3,hammer,hammer,1,0,1,Q059::3
Part3/outputs/answers_qwen25_7b_T1.5.csv,answers_qwen25_7b_T1.5,Q059,G,Things in a toolbox,4,hammer,hammer,1,0,1,Q059::4
Part3/outputs/answers_qwen25_7b_T1.5.csv,answers_qwen25_7b_T1.5,Q059,G,Things in a toolbox,5,hammer,hammer,1,0,1,Q059::5
Part3/outputs/answers_qwen25_7b_T1.5.csv,answers_qwen25_7b_T1.5,Q059,G,Things in a toolbox,6,hammer,hammer,1,0,1,Q059::6
Part3/outputs/answers_qwen25_7b_T1.5.csv,answers_qwen25_7b_T1.5,Q059,G,Things in a toolbox,7,hammer,hammer,1,0,1,Q059::7
Part3/outputs/answers_qwen25_7b_T1.5.csv,answers_qwen25_7b_T1.5,Q059,G,Things in a toolbox,8,hammer gun screwdriver,hammer gun screwdriver,0,0,0,Q059::8
Part3/outputs/answers_qwen25_7b_T1.5.csv,answers_qwen25_7b_T1.5,Q059,G,Things in a toolbox,9,hammer,hammer,1,0,1,Q059::9
Part3/outputs/answers_qwen25_7b_T1.5.csv,answers_qwen25_7b_T1.5,Q059,G,Things in a toolbox,10,hammer,hammer,1,0,1,Q059::10
Part3/outputs/answers_qwen25_7b_T1.5.csv,answers_qwen25_7b_T1.5,Q059,G,Things in a toolbox,11,hammer,hammer,1,0,1,Q059::11
Part3/outputs/answers_qwen25_7b_T1.5.csv,answers_qwen25_7b_T1.5,Q059,G,Things in a toolbox,12,hammer,hammer,1,0,1,Q059::12
Part3/outputs/answers_qwen25_7b_T1.5.csv,answers_qwen25_7b_T1.5,Q059,G,Things in a toolbox,13,hammer,hammer,1,0,1,Q059::13
Part3/outputs/answers_qwen25_7b_T1.5.csv,answers_qwen25_7b_T1.5,Q059,G,Things in a toolbox,14,hammer gun nuts screwspliers pliers glue gloves,hammer gun nuts screwspliers pliers glue gloves,0,0,0,Q059::14
Part3/outputs/answers_qwen25_7b_T1.5.csv,answers_qwen25_7b_T1.5,Q059,G,Things in a toolbox,15,hammer,hammer,1,0,1,Q059::15
Part3/outputs/answers_qwen25_7b_T1.5.csv,answers_qwen25_7b_T1.5,Q059,G,Things in a toolbox,16,hammer,hammer,1,0,1,Q059::16
Part3/outputs/answers_qwen25_7b_T1.5.csv,answers_qwen25_7b_T1.5,Q059,G,Things in a toolbox,17,hammer,hammer,1,0,1,Q059::17
Part3/outputs/answers_qwen25_7b_T1.5.csv,answers_qwen25_7b_T1.5,Q059,G,Things in a toolbox,18,hammer gun,hammer gun,0,0,0,Q059::18
Part3/outputs/answers_qwen25_7b_T1.5.csv,answers_qwen25_7b_T1.5,Q059,G,Things in a toolbox,19,hammer gun screws nails pliers gloves,hammer gun screws nails pliers gloves,0,0,0,Q059::19
Part3/outputs/answers_qwen25_7b_T1.5.csv,answers_qwen25_7b_T1.5,Q060,H,Countries,0,haiti,haiti,1,1,0,Q060::0
Part3/outputs/answers_qwen25_7b_T1.5.csv,answers_qwen25_7b_T1.5,Q060,H,Countries,1,hong kong,hong kong,0,0,0,Q060::1
Part3/outputs/answers_qwen25_7b_T1.5.csv,answers_qwen25_7b_T1.5,Q060,H,Countries,2,hong kong,hong kong,0,0,0,Q060::2
Part3/outputs/answers_qwen25_7b_T1.5.csv,answers_qwen25_7b_T1.5,Q060,H,Countries,3,honduras,honduras,1,0,1,Q060::3
Part3/outputs/answers_qwen25_7b_T1.5.csv,answers_qwen25_7b_T1.5,Q060,H,Countries,4,haiti,haiti,1,0,1,Q060::4
Part3/outputs/answers_qwen25_7b_T1.5.csv,answers_qwen25_7b_T1.5,Q060,H,Countries,5,haiti,haiti,1,0,1,Q060::5
Part3/outputs/answers_qwen25_7b_T1.5.csv,answers_qwen25_7b_T1.5,Q060,H,Countries,6,honduras,honduras,1,0,1,Q060::6
Part3/outputs/answers_qwen25_7b_T1.5.csv,answers_qwen25_7b_T1.5,Q060,H,Countries,7,haiti,haiti,1,1,0,Q060::7
Part3/outputs/answers_qwen25_7b_T1.5.csv,answers_qwen25_7b_T1.5,Q060,H,Countries,8,hungary,hungary,1,0,1,Q060::8
Part3/outputs/answers_qwen25_7b_T1.5.csv,answers_qwen25_7b_T1.5,Q060,H,Countries,9,hungary,hungary,1,0,1,Q060::9
Part3/outputs/answers_qwen25_7b_T1.5.csv,answers_qwen25_7b_T1.5,Q060,H,Countries,10,hungary,hungary,1,0,1,Q060::10
Part3/outputs/answers_qwen25_7b_T1.5.csv,answers_qwen25_7b_T1.5,Q060,H,Countries,11,hungary,hungary,1,0,1,Q060::11
Part3/outputs/answers_qwen25_7b_T1.5.csv,answers_qwen25_7b_T1.5,Q060,H,Countries,12,honduras,honduras,1,0,1,Q060::12
Part3/outputs/answers_qwen25_7b_T1.5.csv,answers_qwen25_7b_T1.5,Q060,H,Countries,13,honduras,honduras,1,0,1,Q060::13
Part3/outputs/answers_qwen25_7b_T1.5.csv,answers_qwen25_7b_T1.5,Q060,H,Countries,14,hungary,hungary,1,0,1,Q060::14
Part3/outputs/answers_qwen25_7b_T1.5.csv,answers_qwen25_7b_T1.5,Q060,H,Countries,15,honduras,honduras,1,0,1,Q060::15
Part3/outputs/answers_qwen25_7b_T1.5.csv,answers_qwen25_7b_T1.5,Q060,H,Countries,16,hungary,hungary,1,0,1,Q060::16
Part3/outputs/answers_qwen25_7b_T1.5.csv,answers_qwen25_7b_T1.5,Q060,H,Countries,17,honduras,honduras,1,0,1,Q060::17
Part3/outputs/answers_qwen25_7b_T1.5.csv,answers_qwen25_7b_T1.5,Q060,H,Countries,18,hong kong,hong kong,0,0,0,Q060::18
Part3/outputs/answers_qwen25_7b_T1.5.csv,answers_qwen25_7b_T1.5,Q060,H,Countries,19,hong kong,hong kong,0,0,0,Q060::19
Part3/outputs/answers_qwen25_7b_T1.5.csv,answers_qwen25_7b_T1.5,Q061,I,Musical artists,0,ironic iodine,ironic iodine,0,0,0,Q061::0
Part3/outputs/answers_qwen25_7b_T1.5.csv,answers_qwen25_7b_T1.5,Q061,I,Musical artists,1,ironic irony,ironic irony,0,0,0,Q061::1
Part3/outputs/answers_qwen25_7b_T1.5.csv,answers_qwen25_7b_T1.5,Q061,I,Musical artists,2,ironic alice in chains,ironic alice in chains,0,0,0,Q061::2
Part3/outputs/answers_qwen25_7b_T1.5.csv,answers_qwen25_7b_T1.5,Q061,I,Musical artists,3,ironic iodine isotonic,ironic iodine isotonic,0,0,0,Q061::3
Part3/outputs/answers_qwen25_7b_T1.5.csv,answers_qwen25_7b_T1.5,Q061,I,Musical artists,4,iron maiden,iron maiden,1,0,1,Q061::4
Part3/outputs/answers_qwen25_7b_T1.5.csv,answers_qwen25_7b_T1.5,Q061,I,Musical artists,5,ilene browniou,ilene browniou,0,0,0,Q061::5
Part3/outputs/answers_qwen25_7b_T1.5.csv,answers_qwen25_7b_T1.5,Q061,I,Musical artists,6,igor stravinsky,igor stravinsky,0,0,0,Q061::6
Part3/outputs/answers_qwen25_7b_T1.5.csv,answers_qwen25_7b_T1.5,Q061,I,Musical artists,7,italiano,italiano,0,0,0,Q061::7
Part3/outputs/answers_qwen25_7b_T1.5.csv,answers_qwen25_7b_T1.5,Q061,I,Musical artists,8,italiano,italiano,0,0,0,Q061::8
Part3/outputs/answers_qwen25_7b_T1.5.csv,answers_qwen25_7b_T1.5,Q061,I,Musical artists,9,ironic islands,ironic islands,0,0,0,Q061::9
Part3/outputs/answers_qwen25_7b_T1.5.csv,answers_qwen25_7b_T1.5,Q061,I,Musical artists,10,introjektil,introjektil,0,0,0,Q061::10
Part3/outputs/answers_qwen25_7b_T1.5.csv,answers_qwen25_7b_T1.5,Q061,I,Musical artists,11,ironic iqaluit,ironic iqaluit,0,0,0,Q061::11
Part3/outputs/answers_qwen25_7b_T1.5.csv,answers_qwen25_7b_T1.5,Q061,I,Musical artists,12,ina grams,ina grams,0,0,0,Q061::12
Part3/outputs/answers_qwen25_7b_T1.5.csv,answers_qwen25_7b_T1.5,Q061,I,Musical artists,13,ironic ivans,ironic ivans,0,0,0,Q061::13
Part3/outputs/answers_qwen25_7b_T1.5.csv,answers_qwen25_7b_T1.5,Q061,I,Musical artists,14,igor stravinsky,igor stravinsky,0,0,0,Q061::14
Part3/outputs/answers_qwen25_7b_T1.5.csv,answers_qwen25_7b_T1.5,Q061,I,Musical artists,15,ironic iron maiden,ironic iron maiden,0,0,0,Q061::15
Part3/outputs/answers_qwen25_7b_T1.5.csv,answers_qwen25_7b_T1.5,Q061,I,Musical artists,16,ironic iggy pope,ironic iggy pope,0,0,0,Q061::16
Part3/outputs/answers_qwen25_7b_T1.5.csv,answers_qwen25_7b_T1.5,Q061,I,Musical artists,17,intro引oids,intro引oids,0,0,0,Q061::17
Part3/outputs/answers_qwen25_7b_T1.5.csv,answers_qwen25_7b_T1.5,Q061,I,Musical artists,18,italian singing sister,italian singing sister,0,0,0,Q061::18
Part3/outputs/answers_qwen25_7b_T1.5.csv,answers_qwen25_7b_T1.5,Q061,I,Musical artists,19,inaaviesti,inaaviesti,0,0,0,Q061::19
Part3/outputs/answers_qwen25_7b_T1.5.csv,answers_qwen25_7b_T1.5,Q062,J,Things in a refrigerator,0,juice,juice,1,0,1,Q062::0
Part3/outputs/answers_qwen25_7b_T1.5.csv,answers_qwen25_7b_T1.5,Q062,J,Things in a refrigerator,1,juice,juice,1,0,1,Q062::1
Part3/outputs/answers_qwen25_7b_T1.5.csv,answers_qwen25_7b_T1.5,Q062,J,Things in a refrigerator,2,juice,juice,1,0,1,Q062::2
Part3/outputs/answers_qwen25_7b_T1.5.csv,answers_qwen25_7b_T1.5,Q062,J,Things in a refrigerator,3,juice,juice,1,0,1,Q062::3
Part3/outputs/answers_qwen25_7b_T1.5.csv,answers_qwen25_7b_T1.5,Q062,J,Things in a refrigerator,4,juice,juice,1,0,1,Q062::4
Part3/outputs/answers_qwen25_7b_T1.5.csv,answers_qwen25_7b_T1.5,Q062,J,Things in a refrigerator,5,juice,juice,1,0,1,Q062::5
Part3/outputs/answers_qwen25_7b_T1.5.csv,answers_qwen25_7b_T1.5,Q062,J,Things in a refrigerator,6,jam,jam,1,0,1,Q062::6
Part3/outputs/answers_qwen25_7b_T1.5.csv,answers_qwen25_7b_T1.5,Q062,J,Things in a refrigerator,7,jam,jam,1,0,1,Q062::7
Part3/outputs/answers_qwen25_7b_T1.5.csv,answers_qwen25_7b_T1.5,Q062,J,Things in a refrigerator,8,juice,juice,1,0,1,Q062::8
Part3/outputs/answers_qwen25_7b_T1.5.csv,answers_qwen25_7b_T1.5,Q062,J,Things in a refrigerator,9,juice,juice,1,0,1,Q062::9
Part3/outputs/answers_qwen25_7b_T1.5.csv,answers_qwen25_7b_T1.5,Q062,J,Things in a refrigerator,10,juice,juice,1,0,1,Q062::10
Part3/outputs/answers_qwen25_7b_T1.5.csv,answers_qwen25_7b_T1.5,Q062,J,Things in a refrigerator,11,juice,juice,1,0,1,Q062::11
Part3/outputs/answers_qwen25_7b_T1.5.csv,answers_qwen25_7b_T1.5,Q062,J,Things in a refrigerator,12,juice,juice,1,0,1,Q062::12
Part3/outputs/answers_qwen25_7b_T1.5.csv,answers_qwen25_7b_T1.5,Q062,J,Things in a refrigerator,13,jam,jam,1,0,1,Q062::13
Part3/outputs/answers_qwen25_7b_T1.5.csv,answers_qwen25_7b_T1.5,Q062,J,Things in a refrigerator,14,juice,juice,1,0,1,Q062::14
Part3/outputs/answers_qwen25_7b_T1.5.csv,answers_qwen25_7b_T1.5,Q062,J,Things in a refrigerator,15,juice,juice,1,0,1,Q062::15
Part3/outputs/answers_qwen25_7b_T1.5.csv,answers_qwen25_7b_T1.5,Q062,J,Things in a refrigerator,16,jam,jam,1,0,1,Q062::16
Part3/outputs/answers_qwen25_7b_T1.5.csv,answers_qwen25_7b_T1.5,Q062,J,Things in a refrigerator,17,juice,juice,1,0,1,Q062::17
Part3/outputs/answers_qwen25_7b_T1.5.csv,answers_qwen25_7b_T1.5,Q062,J,Things in a refrigerator,18,juice,juice,1,0,1,Q062::18
Part3/outputs/answers_qwen25_7b_T1.5.csv,answers_qwen25_7b_T1.5,Q062,J,Things in a refrigerator,19,juice,juice,1,0,1,Q062::19
Part3/outputs/answers_qwen25_7b_T1.5.csv,answers_qwen25_7b_T1.5,Q063,K,Cities,0,kitchener,kitchener,1,0,1,Q063::0
Part3/outputs/answers_qwen25_7b_T1.5.csv,answers_qwen25_7b_T1.5,Q063,K,Cities,1,kalamazoo,kalamazoo,1,0,1,Q063::1
Part3/outputs/answers_qwen25_7b_T1.5.csv,answers_qwen25_7b_T1.5,Q063,K,Cities,2,kuala lumpur,kuala lumpur,1,0,1,Q063::2
Part3/outputs/answers_qwen25_7b_T1.5.csv,answers_qwen25_7b_T1.5,Q063,K,Cities,3,kiplow,kiplow,0,0,0,Q063::3
Part3/outputs/answers_qwen25_7b_T1.5.csv,answers_qwen25_7b_T1.5,Q063,K,Cities,4,kuala lumpur,kuala lumpur,1,0,1,Q063::4
Part3/outputs/answers_qwen25_7b_T1.5.csv,answers_qwen25_7b_T1.5,Q063,K,Cities,5,kansas city,kansas city,1,0,1,Q063::5
Part3/outputs/answers_qwen25_7b_T1.5.csv,answers_qwen25_7b_T1.5,Q063,K,Cities,6,kansas city,kansas city,1,0,1,Q063::6
Part3/outputs/answers_qwen25_7b_T1.5.csv,answers_qwen25_7b_T1.5,Q063,K,Cities,7,kuala lumpur,kuala lumpur,1,1,0,Q063::7
Part3/outputs/answers_qwen25_7b_T1.5.csv,answers_qwen25_7b_T1.5,Q063,K,Cities,8,knoxville,knoxville,1,0,1,Q063::8
Part3/outputs/answers_qwen25_7b_T1.5.csv,answers_qwen25_7b_T1.5,Q063,K,Cities,9,kansas city,kansas city,1,0,1,Q063::9
Part3/outputs/answers_qwen25_7b_T1.5.csv,answers_qwen25_7b_T1.5,Q063,K,Cities,10,knoxville,knoxville,1,0,1,Q063::10
Part3/outputs/answers_qwen25_7b_T1.5.csv,answers_qwen25_7b_T1.5,Q063,K,Cities,11,kiplin,kiplin,0,0,0,Q063::11
Part3/outputs/answers_qwen25_7b_T1.5.csv,answers_qwen25_7b_T1.5,Q063,K,Cities,12,knoxville,knoxville,1,0,1,Q063::12
Part3/outputs/answers_qwen25_7b_T1.5.csv,answers_qwen25_7b_T1.5,Q063,K,Cities,13,kansas city,kansas city,1,0,1,Q063::13
Part3/outputs/answers_qwen25_7b_T1.5.csv,answers_qwen25_7b_T1.5,Q063,K,Cities,14,kiel,kiel,1,0,1,Q063::14
Part3/outputs/answers_qwen25_7b_T1.5.csv,answers_qwen25_7b_T1.5,Q063,K,Cities,15,kirovograd,kirovograd,1,0,1,Q063::15
Part3/outputs/answers_qwen25_7b_T1.5.csv,answers_qwen25_7b_T1.5,Q063,K,Cities,16,kielingen,kielingen,0,0,0,Q063::16
Part3/outputs/answers_qwen25_7b_T1.5.csv,answers_qwen25_7b_T1.5,Q063,K,Cities,17,kitchener,kitchener,1,0,1,Q063::17
Part3/outputs/answers_qwen25_7b_T1.5.csv,answers_qwen25_7b_T1.5,Q063,K,Cities,18,kalamazoo,kalamazoo,1,0,1,Q063::18
Part3/outputs/answers_qwen25_7b_T1.5.csv,answers_qwen25_7b_T1.5,Q063,K,Cities,19,kihei,kihei,1,0,1,Q063::19
Part3/outputs/answers_qwen25_7b_T1.5.csv,answers_qwen25_7b_T1.5,Q064,L,Things in a library,0,library,library,0,0,0,Q064::0
Part3/outputs/answers_qwen25_7b_T1.5.csv,answers_qwen25_7b_T1.5,Q064,L,Things in a library,1,library,library,0,0,0,Q064::1
Part3/outputs/answers_qwen25_7b_T1.5.csv,answers_qwen25_7b_T1.5,Q064,L,Things in a library,2,library card,library card,0,0,0,Q064::2
Part3/outputs/answers_qwen25_7b_T1.5.csv,answers_qwen25_7b_T1.5,Q064,L,Things in a library,3,library card,library card,0,0,0,Q064::3
Part3/outputs/answers_qwen25_7b_T1.5.csv,answers_qwen25_7b_T1.5,Q064,L,Things in a library,4,library,library,0,0,0,Q064::4
Part3/outputs/answers_qwen25_7b_T1.5.csv,answers_qwen25_7b_T1.5,Q064,L,Things in a library,5,library,library,0,0,0,Q064::5
Part3/outputs/answers_qwen25_7b_T1.5.csv,answers_qwen25_7b_T1.5,Q064,L,Things in a library,6,library,library,0,0,0,Q064::6
Part3/outputs/answers_qwen25_7b_T1.5.csv,answers_qwen25_7b_T1.5,Q064,L,Things in a library,7,library,library,0,0,0,Q064::7
Part3/outputs/answers_qwen25_7b_T1.5.csv,answers_qwen25_7b_T1.5,Q064,L,Things in a library,8,library,library,0,0,0,Q064::8
Part3/outputs/answers_qwen25_7b_T1.5.csv,answers_qwen25_7b_T1.5,Q064,L,Things in a library,9,library,library,0,0,0,Q064::9
Part3/outputs/answers_qwen25_7b_T1.5.csv,answers_qwen25_7b_T1.5,Q064,L,Things in a library,10,library,library,0,0,0,Q064::10
Part3/outputs/answers_qwen25_7b_T1.5.csv,answers_qwen25_7b_T1.5,Q064,L,Things in a library,11,library,library,0,0,0,Q064::11
Part3/outputs/answers_qwen25_7b_T1.5.csv,answers_qwen25_7b_T1.5,Q064,L,Things in a library,12,library,library,0,0,0,Q064::12
Part3/outputs/answers_qwen25_7b_T1.5.csv,answers_qwen25_7b_T1.5,Q064,L,Things in a library,13,library card,library card,0,0,0,Q064::13
Part3/outputs/answers_qwen25_7b_T1.5.csv,answers_qwen25_7b_T1.5,Q064,L,Things in a library,14,library card,library card,0,0,0,Q064::14
Part3/outputs/answers_qwen25_7b_T1.5.csv,answers_qwen25_7b_T1.5,Q064,L,Things in a library,15,library table,library table,0,0,0,Q064::15
Part3/outputs/answers_qwen25_7b_T1.5.csv,answers_qwen25_7b_T1.5,Q064,L,Things in a library,16,library,library,0,0,0,Q064::16
Part3/outputs/answers_qwen25_7b_T1.5.csv,answers_qwen25_7b_T1.5,Q064,L,Things in a library,17,library,library,0,0,0,Q064::17
Part3/outputs/answers_qwen25_7b_T1.5.csv,answers_qwen25_7b_T1.5,Q064,L,Things in a library,18,library card,library card,0,0,0,Q064::18
Part3/outputs/answers_qwen25_7b_T1.5.csv,answers_qwen25_7b_T1.5,Q064,L,Things in a library,19,library,library,0,0,0,Q064::19
Part3/outputs/answers_mistral_7b_T1.5.csv,answers_mistral_7b_T1.5,Q001,A,Animals,0,antelope,antelope,1,0,1,Q001::0
Part3/outputs/answers_mistral_7b_T1.5.csv,answers_mistral_7b_T1.5,Q001,A,Animals,1,antelope,antelope,1,1,0,Q001::1
Part3/outputs/answers_mistral_7b_T1.5.csv,answers_mistral_7b_T1.5,Q001,A,Animals,2,antelope,antelope,1,0,1,Q001::2
Part3/outputs/answers_mistral_7b_T1.5.csv,answers_mistral_7b_T1.5,Q001,A,Animals,3,albatross,albatross,1,0,1,Q001::3
Part3/outputs/answers_mistral_7b_T1.5.csv,answers_mistral_7b_T1.5,Q001,A,Animals,4,aardvark,aardvark,1,0,1,Q001::4
Part3/outputs/answers_mistral_7b_T1.5.csv,answers_mistral_7b_T1.5,Q001,A,Animals,5,albatross,albatross,1,1,0,Q001::5
Part3/outputs/answers_mistral_7b_T1.5.csv,answers_mistral_7b_T1.5,Q001,A,Animals,6,antelope,antelope,1,0,1,Q001::6
Part3/outputs/answers_mistral_7b_T1.5.csv,answers_mistral_7b_T1.5,Q001,A,Animals,7,anteater,anteater,1,0,1,Q001::7
Part3/outputs/answers_mistral_7b_T1.5.csv,answers_mistral_7b_T1.5,Q001,A,Animals,8,anteater,anteater,1,0,1,Q001::8
Part3/outputs/answers_mistral_7b_T1.5.csv,answers_mistral_7b_T1.5,Q001,A,Animals,9,anteater,anteater,1,0,1,Q001::9
Part3/outputs/answers_mistral_7b_T1.5.csv,answers_mistral_7b_T1.5,Q001,A,Animals,10,antelope,antelope,1,0,1,Q001::10
Part3/outputs/answers_mistral_7b_T1.5.csv,answers_mistral_7b_T1.5,Q001,A,Animals,11,aardvark,aardvark,1,0,1,Q001::11
Part3/outputs/answers_mistral_7b_T1.5.csv,answers_mistral_7b_T1.5,Q001,A,Animals,12,armadillo,armadillo,1,0,1,Q001::12
Part3/outputs/answers_mistral_7b_T1.5.csv,answers_mistral_7b_T1.5,Q001,A,Animals,13,american alligator,american alligator,1,0,1,Q001::13
Part3/outputs/answers_mistral_7b_T1.5.csv,answers_mistral_7b_T1.5,Q001,A,Animals,14,antelope,antelope,1,0,1,Q001::14
Part3/outputs/answers_mistral_7b_T1.5.csv,answers_mistral_7b_T1.5,Q001,A,Animals,15,albatross,albatross,1,0,1,Q001::15
Part3/outputs/answers_mistral_7b_T1.5.csv,answers_mistral_7b_T1.5,Q001,A,Animals,16,armadillo,armadillo,1,0,1,Q001::16
Part3/outputs/answers_mistral_7b_T1.5.csv,answers_mistral_7b_T1.5,Q001,A,Animals,17,applebat,applebat,0,0,0,Q001::17
Part3/outputs/answers_mistral_7b_T1.5.csv,answers_mistral_7b_T1.5,Q001,A,Animals,18,aardvark,aardvark,1,0,1,Q001::18
Part3/outputs/answers_mistral_7b_T1.5.csv,answers_mistral_7b_T1.5,Q001,A,Animals,19,american alligator,american alligator,1,0,1,Q001::19
Part3/outputs/answers_mistral_7b_T1.5.csv,answers_mistral_7b_T1.5,Q002,A,Jobs,0,architect assistant,architect assistant,0,0,0,Q002::0
Part3/outputs/answers_mistral_7b_T1.5.csv,answers_mistral_7b_T1.5,Q002,A,Jobs,1,actor,actor,1,0,1,Q002::1
Part3/outputs/answers_mistral_7b_T1.5.csv,answers_mistral_7b_T1.5,Q002,A,Jobs,2,airline-attendant,airline-attendant,1,0,1,Q002::2
Part3/outputs/answers_mistral_7b_T1.5.csv,answers_mistral_7b_T1.5,Q002,A,Jobs,3,"actor
assistant
architect
artist
animator
arche",actor assistant architect artist animator arche,0,0,0,Q002::3
Part3/outputs/answers_mistral_7b_T1.5.csv,answers_mistral_7b_T1.5,Q002,A,Jobs,4,apricot farmer,apricot farmer,0,0,0,Q002::4
Part3/outputs/answers_mistral_7b_T1.5.csv,answers_mistral_7b_T1.5,Q002,A,Jobs,5,animal caretaker,animal caretaker,1,0,1,Q002::5
Part3/outputs/answers_mistral_7b_T1.5.csv,answers_mistral_7b_T1.5,Q002,A,Jobs,6,agricultural assistant,agricultural assistant,1,0,1,Q002::6
Part3/outputs/answers_mistral_7b_T1.5.csv,answers_mistral_7b_T1.5,Q002,A,Jobs,7,airline-pilot,airline-pilot,0,0,0,Q002::7
Part3/outputs/answers_mistral_7b_T1.5.csv,answers_mistral_7b_T1.5,Q002,A,Jobs,8,aircraft assembler,aircraft assembler,1,0,1,Q002::8
Part3/outputs/answers_mistral_7b_T1.5.csv,answers_mistral_7b_T1.5,Q002,A,Jobs,9,"actor, architect, artist, astronaut, athlete","actor, architect, artist, astronaut, athlete",1,0,1,Q002::9
Part3/outputs/answers_mistral_7b_T1.5.csv,answers_mistral_7b_T1.5,Q002,A,Jobs,10,architect assistant,architect assistant,0,0,0,Q002::10
Part3/outputs/answers_mistral_7b_T1.5.csv,answers_mistral_7b_T1.5,Q002,A,Jobs,11,architect assistant,architect assistant,0,0,0,Q002::11
Part3/outputs/answers_mistral_7b_T1.5.csv,answers_mistral_7b_T1.5,Q002,A,Jobs,12,aircraft assembly worker,aircraft assembly worker,1,0,1,Q002::12
Part3/outputs/answers_mistral_7b_T1.5.csv,answers_mistral_7b_T1.5,Q002,A,Jobs,13,actor,actor,1,0,1,Q002::13
Part3/outputs/answers_mistral_7b_T1.5.csv,answers_mistral_7b_T1.5,Q002,A,Jobs,14,architect assistant,architect assistant,0,0,0,Q002::14
Part3/outputs/answers_mistral_7b_T1.5.csv,answers_mistral_7b_T1.5,Q002,A,Jobs,15,architect assistant,architect assistant,0,0,0,Q002::15
Part3/outputs/answers_mistral_7b_T1.5.csv,answers_mistral_7b_T1.5,Q002,A,Jobs,16,animal attendant,animal attendant,1,0,1,Q002::16
Part3/outputs/answers_mistral_7b_T1.5.csv,answers_mistral_7b_T1.5,Q002,A,Jobs,17,architect assistant,architect assistant,0,0,0,Q002::17
Part3/outputs/answers_mistral_7b_T1.5.csv,answers_mistral_7b_T1.5,Q002,A,Jobs,18,archaeologist assistant,archaeologist assistant,0,0,0,Q002::18
Part3/outputs/answers_mistral_7b_T1.5.csv,answers_mistral_7b_T1.5,Q002,A,Jobs,19,architect assistant,architect assistant,0,0,0,Q002::19
Part3/outputs/answers_mistral_7b_T1.5.csv,answers_mistral_7b_T1.5,Q003,B,Fruits,0,blueberry,blueberry,1,0,1,Q003::0
Part3/outputs/answers_mistral_7b_T1.5.csv,answers_mistral_7b_T1.5,Q003,B,Fruits,1,blueberry,blueberry,1,1,0,Q003::1
Part3/outputs/answers_mistral_7b_T1.5.csv,answers_mistral_7b_T1.5,Q003,B,Fruits,2,blueberry,blueberry,1,0,1,Q003::2
Part3/outputs/answers_mistral_7b_T1.5.csv,answers_mistral_7b_T1.5,Q003,B,Fruits,3,blueberry,blueberry,1,1,0,Q003::3
Part3/outputs/answers_mistral_7b_T1.5.csv,answers_mistral_7b_T1.5,Q003,B,Fruits,4,blueberry,blueberry,1,0,1,Q003::4
Part3/outputs/answers_mistral_7b_T1.5.csv,answers_mistral_7b_T1.5,Q003,B,Fruits,5,blueberry,blueberry,1,1,0,Q003::5
Part3/outputs/answers_mistral_7b_T1.5.csv,answers_mistral_7b_T1.5,Q003,B,Fruits,6,blueberry,blueberry,1,1,0,Q003::6
Part3/outputs/answers_mistral_7b_T1.5.csv,answers_mistral_7b_T1.5,Q003,B,Fruits,7,blueberry,blueberry,1,1,0,Q003::7
Part3/outputs/answers_mistral_7b_T1.5.csv,answers_mistral_7b_T1.5,Q003,B,Fruits,8,blueberry,blueberry,1,1,0,Q003::8
Part3/outputs/answers_mistral_7b_T1.5.csv,answers_mistral_7b_T1.5,Q003,B,Fruits,9,blueberry,blueberry,1,1,0,Q003::9
Part3/outputs/answers_mistral_7b_T1.5.csv,answers_mistral_7b_T1.5,Q003,B,Fruits,10,blueberry,blueberry,1,1,0,Q003::10
Part3/outputs/answers_mistral_7b_T1.5.csv,answers_mistral_7b_T1.5,Q003,B,Fruits,11,blueberry,blueberry,1,0,1,Q003::11
Part3/outputs/answers_mistral_7b_T1.5.csv,answers_mistral_7b_T1.5,Q003,B,Fruits,12,blueberry,blueberry,1,1,0,Q003::12
Part3/outputs/answers_mistral_7b_T1.5.csv,answers_mistral_7b_T1.5,Q003,B,Fruits,13,blueberry,blueberry,1,0,1,Q003::13
Part3/outputs/answers_mistral_7b_T1.5.csv,answers_mistral_7b_T1.5,Q003,B,Fruits,14,blueberry,blueberry,1,1,0,Q003::14
Part3/outputs/answers_mistral_7b_T1.5.csv,answers_mistral_7b_T1.5,Q003,B,Fruits,15,blueberry,blueberry,1,1,0,Q003::15
Part3/outputs/answers_mistral_7b_T1.5.csv,answers_mistral_7b_T1.5,Q003,B,Fruits,16,blueberry,blueberry,1,1,0,Q003::16
Part3/outputs/answers_mistral_7b_T1.5.csv,answers_mistral_7b_T1.5,Q003,B,Fruits,17,blueberry,blueberry,1,1,0,Q003::17
Part3/outputs/answers_mistral_7b_T1.5.csv,answers_mistral_7b_T1.5,Q003,B,Fruits,18,blueberry,blueberry,1,1,0,Q003::18
Part3/outputs/answers_mistral_7b_T1.5.csv,answers_mistral_7b_T1.5,Q003,B,Fruits,19,blueberry,blueberry,1,0,1,Q003::19
Part3/outputs/answers_mistral_7b_T1.5.csv,answers_mistral_7b_T1.5,Q004,B,Things that are red,0,bricks,bricks,1,0,1,Q004::0
Part3/outputs/answers_mistral_7b_T1.5.csv,answers_mistral_7b_T1.5,Q004,B,Things that are red,1,brick,brick,1,0,1,Q004::1
Part3/outputs/answers_mistral_7b_T1.5.csv,answers_mistral_7b_T1.5,Q004,B,Things that are red,2,brick,brick,1,0,1,Q004::2
Part3/outputs/answers_mistral_7b_T1.5.csv,answers_mistral_7b_T1.5,Q004,B,Things that are red,3,brick,brick,1,0,1,Q004::3
Part3/outputs/answers_mistral_7b_T1.5.csv,answers_mistral_7b_T1.5,Q004,B,Things that are red,4,brick,brick,1,0,1,Q004::4
Part3/outputs/answers_mistral_7b_T1.5.csv,answers_mistral_7b_T1.5,Q004,B,Things that are red,5,brick,brick,1,0,1,Q004::5
Part3/outputs/answers_mistral_7b_T1.5.csv,answers_mistral_7b_T1.5,Q004,B,Things that are red,6,brick,brick,1,0,1,Q004::6
Part3/outputs/answers_mistral_7b_T1.5.csv,answers_mistral_7b_T1.5,Q004,B,Things that are red,7,"brick

However, I'd like to note that there are numerous","brick however, i'd like to note that there are numerous",1,0,1,Q004::7
Part3/outputs/answers_mistral_7b_T1.5.csv,answers_mistral_7b_T1.5,Q004,B,Things that are red,8,"brick

For future reference, I'm just an AI and don'","brick for future reference, i'm just an ai and don",1,0,1,Q004::8
Part3/outputs/answers_mistral_7b_T1.5.csv,answers_mistral_7b_T1.5,Q004,B,Things that are red,9,firetruck,firetruck,1,0,1,Q004::9
Part3/outputs/answers_mistral_7b_T1.5.csv,answers_mistral_7b_T1.5,Q004,B,Things that are red,10,firetruck,firetruck,1,0,1,Q004::10
Part3/outputs/answers_mistral_7b_T1.5.csv,answers_mistral_7b_T1.5,Q004,B,Things that are red,11,firetruck,firetruck,1,0,1,Q004::11
Part3/outputs/answers_mistral_7b_T1.5.csv,answers_mistral_7b_T1.5,Q004,B,Things that are red,12,brick,brick,1,0,1,Q004::12
Part3/outputs/answers_mistral_7b_T1.5.csv,answers_mistral_7b_T1.5,Q004,B,Things that are red,13,brick,brick,1,0,1,Q004::13
Part3/outputs/answers_mistral_7b_T1.5.csv,answers_mistral_7b_T1.5,Q004,B,Things that are red,14,brick,brick,1,0,1,Q004::14
Part3/outputs/answers_mistral_7b_T1.5.csv,answers_mistral_7b_T1.5,Q004,B,Things that are red,15,brick (house),brick (house,1,0,1,Q004::15
Part3/outputs/answers_mistral_7b_T1.5.csv,answers_mistral_7b_T1.5,Q004,B,Things that are red,16,brick,brick,1,0,1,Q004::16
Part3/outputs/answers_mistral_7b_T1.5.csv,answers_mistral_7b_T1.5,Q004,B,Things that are red,17,brick,brick,1,0,1,Q004::17
Part3/outputs/answers_mistral_7b_T1.5.csv,answers_mistral_7b_T1.5,Q004,B,Things that are red,18,brick,brick,1,1,0,Q004::18
Part3/outputs/answers_mistral_7b_T1.5.csv,answers_mistral_7b_T1.5,Q004,B,Things that are red,19,"brick

Note: Just to clarify, Brick is a common,","brick note: just to clarify, brick is a common",1,0,1,Q004::19
Part3/outputs/answers_mistral_7b_T1.5.csv,answers_mistral_7b_T1.5,Q005,C,Countries,0,canada,canada,1,1,0,Q005::0
Part3/outputs/answers_mistral_7b_T1.5.csv,answers_mistral_7b_T1.5,Q005,C,Countries,1,canada,canada,1,1,0,Q005::1
Part3/outputs/answers_mistral_7b_T1.5.csv,answers_mistral_7b_T1.5,Q005,C,Countries,2,costa rica,costa rica,1,0,1,Q005::2
Part3/outputs/answers_mistral_7b_T1.5.csv,answers_mistral_7b_T1.5,Q005,C,Countries,3,canada,canada,1,1,0,Q005::3
Part3/outputs/answers_mistral_7b_T1.5.csv,answers_mistral_7b_T1.5,Q005,C,Countries,4,canada,canada,1,1,0,Q005::4
Part3/outputs/answers_mistral_7b_T1.5.csv,answers_mistral_7b_T1.5,Q005,C,Countries,5,canada,canada,1,1,0,Q005::5
Part3/outputs/answers_mistral_7b_T1.5.csv,answers_mistral_7b_T1.5,Q005,C,Countries,6,canada,canada,1,1,0,Q005::6
Part3/outputs/answers_mistral_7b_T1.5.csv,answers_mistral_7b_T1.5,Q005,C,Countries,7,canada,canada,1,1,0,Q005::7
Part3/outputs/answers_mistral_7b_T1.5.csv,answers_mistral_7b_T1.5,Q005,C,Countries,8,czechia,czechia,1,0,1,Q005::8
Part3/outputs/answers_mistral_7b_T1.5.csv,answers_mistral_7b_T1.5,Q005,C,Countries,9,canada,canada,1,1,0,Q005::9
Part3/outputs/answers_mistral_7b_T1.5.csv,answers_mistral_7b_T1.5,Q005,C,Countries,10,canada,canada,1,1,0,Q005::10
Part3/outputs/answers_mistral_7b_T1.5.csv,answers_mistral_7b_T1.5,Q005,C,Countries,11,canada,canada,1,1,0,Q005::11
Part3/outputs/answers_mistral_7b_T1.5.csv,answers_mistral_7b_T1.5,Q005,C,Countries,12,canada,canada,1,1,0,Q005::12
Part3/outputs/answers_mistral_7b_T1.5.csv,answers_mistral_7b_T1.5,Q005,C,Countries,13,czechia,czechia,1,0,1,Q005::13
Part3/outputs/answers_mistral_7b_T1.5.csv,answers_mistral_7b_T1.5,Q005,C,Countries,14,canada,canada,1,1,0,Q005::14
Part3/outputs/answers_mistral_7b_T1.5.csv,answers_mistral_7b_T1.5,Q005,C,Countries,15,canada,canada,1,1,0,Q005::15
Part3/outputs/answers_mistral_7b_T1.5.csv,answers_mistral_7b_T1.5,Q005,C,Countries,16,canada,canada,1,1,0,Q005::16
Part3/outputs/answers_mistral_7b_T1.5.csv,answers_mistral_7b_T1.5,Q005,C,Countries,17,canada,canada,1,1,0,Q005::17
Part3/outputs/answers_mistral_7b_T1.5.csv,answers_mistral_7b_T1.5,Q005,C,Countries,18,canada,canada,1,1,0,Q005::18
Part3/outputs/answers_mistral_7b_T1.5.csv,answers_mistral_7b_T1.5,Q005,C,Countries,19,canada,canada,1,1,0,Q005::19
Part3/outputs/answers_mistral_7b_T1.5.csv,answers_mistral_7b_T1.5,Q006,C,Board games,0,cleristics,cleristics,0,0,0,Q006::0
Part3/outputs/answers_mistral_7b_T1.5.csv,answers_mistral_7b_T1.5,Q006,C,Board games,1,charade-chase,charade-chase,0,0,0,Q006::1
Part3/outputs/answers_mistral_7b_T1.5.csv,answers_mistral_7b_T1.5,Q006,C,Board games,2,cluedo,cluedo,1,0,1,Q006::2
Part3/outputs/answers_mistral_7b_T1.5.csv,answers_mistral_7b_T1.5,Q006,C,Board games,3,"Clue-master

Note: ""Cluedo"" was initially considered","clue-master note: ""cluedo"" was initially considered",0,0,0,Q006::3
Part3/outputs/answers_mistral_7b_T1.5.csv,answers_mistral_7b_T1.5,Q006,C,Board games,4,clue-carnage,clue-carnage,0,0,0,Q006::4
Part3/outputs/answers_mistral_7b_T1.5.csv,answers_mistral_7b_T1.5,Q006,C,Board games,5,"cluedo

For more accurate responses, please provide additional context or specific","cluedo for more accurate responses, please provide additional context or specific",1,0,1,Q006::5
Part3/outputs/answers_mistral_7b_T1.5.csv,answers_mistral_7b_T1.5,Q006,C,Board games,6,cluedo,cluedo,1,0,1,Q006::6
Part3/outputs/answers_mistral_7b_T1.5.csv,answers_mistral_7b_T1.5,Q006,C,Board games,7,cluedo,cluedo,1,0,1,Q006::7
Part3/outputs/answers_mistral_7b_T1.5.csv,answers_mistral_7b_T1.5,Q006,C,Board games,8,chinese checkers,chinese checkers,0,0,0,Q006::8
Part3/outputs/answers_mistral_7b_T1.5.csv,answers_mistral_7b_T1.5,Q006,C,Board games,9,Cluedo,cluedo,1,0,1,Q006::9
Part3/outputs/answers_mistral_7b_T1.5.csv,answers_mistral_7b_T1.5,Q006,C,Board games,10,cluedo,cluedo,1,0,1,Q006::10
Part3/outputs/answers_mistral_7b_T1.5.csv,answers_mistral_7b_T1.5,Q006,C,Board games,11,clerks & cluedo,clerks & cluedo,0,0,0,Q006::11
Part3/outputs/answers_mistral_7b_T1.5.csv,answers_mistral_7b_T1.5,Q006,C,Board games,12,"cluedo

Explanation: Clue/Cluedo is",cluedo explanation: clue/cluedo is,1,0,1,Q006::12
Part3/outputs/answers_mistral_7b_T1.5.csv,answers_mistral_7b_T1.5,Q006,C,Board games,13,cluedo,cluedo,1,0,1,Q006::13
Part3/outputs/answers_mistral_7b_T1.5.csv,answers_mistral_7b_T1.5,Q006,C,Board games,14,cluedo,cluedo,1,0,1,Q006::14
Part3/outputs/answers_mistral_7b_T1.5.csv,answers_mistral_7b_T1.5,Q006,C,Board games,15,cluecarft,cluecarft,0,0,0,Q006::15
Part3/outputs/answers_mistral_7b_T1.5.csv,answers_mistral_7b_T1.5,Q006,C,Board games,16,clerks & clues,clerks & clues,0,0,0,Q006::16
Part3/outputs/answers_mistral_7b_T1.5.csv,answers_mistral_7b_T1.5,Q006,C,Board games,17,clue-cat-and-mice,clue-cat-and-mice,0,0,0,Q006::17
Part3/outputs/answers_mistral_7b_T1.5.csv,answers_mistral_7b_T1.5,Q006,C,Board games,18,clockwork-maze,clockwork-maze,0,0,0,Q006::18
Part3/outputs/answers_mistral_7b_T1.5.csv,answers_mistral_7b_T1.5,Q006,C,Board games,19,cluedo,cluedo,1,0,1,Q006::19
Part3/outputs/answers_mistral_7b_T1.5.csv,answers_mistral_7b_T1.5,Q007,D,Musical instruments,0,didgeridoo,didgeridoo,1,0,1,Q007::0
Part3/outputs/answers_mistral_7b_T1.5.csv,answers_mistral_7b_T1.5,Q007,D,Musical instruments,1,didgeridoo,didgeridoo,1,0,1,Q007::1
Part3/outputs/answers_mistral_7b_T1.5.csv,answers_mistral_7b_T1.5,Q007,D,Musical instruments,2,drumset,drumset,0,0,0,Q007::2
Part3/outputs/answers_mistral_7b_T1.5.csv,answers_mistral_7b_T1.5,Q007,D,Musical instruments,3,didgeridoo,didgeridoo,1,0,1,Q007::3
Part3/outputs/answers_mistral_7b_T1.5.csv,answers_mistral_7b_T1.5,Q007,D,Musical instruments,4,didgeridoo,didgeridoo,1,0,1,Q007::4
Part3/outputs/answers_mistral_7b_T1.5.csv,answers_mistral_7b_T1.5,Q007,D,Musical instruments,5,didgeridoo,didgeridoo,1,0,1,Q007::5
Part3/outputs/answers_mistral_7b_T1.5.csv,answers_mistral_7b_T1.5,Q007,D,Musical instruments,6,didgeridoo,didgeridoo,1,0,1,Q007::6
Part3/outputs/answers_mistral_7b_T1.5.csv,answers_mistral_7b_T1.5,Q007,D,Musical instruments,7,didgeridoo,didgeridoo,1,0,1,Q007::7
Part3/outputs/answers_mistral_7b_T1.5.csv,answers_mistral_7b_T1.5,Q007,D,Musical instruments,8,didgeridoo,didgeridoo,1,0,1,Q007::8
Part3/outputs/answers_mistral_7b_T1.5.csv,answers_mistral_7b_T1.5,Q007,D,Musical instruments,9,didgeridoo,didgeridoo,1,0,1,Q007::9
Part3/outputs/answers_mistral_7b_T1.5.csv,answers_mistral_7b_T1.5,Q007,D,Musical instruments,10,didgeridoo,didgeridoo,1,0,1,Q007::10
Part3/outputs/answers_mistral_7b_T1.5.csv,answers_mistral_7b_T1.5,Q007,D,Musical instruments,11,didgeridoo,didgeridoo,1,0,1,Q007::11
Part3/outputs/answers_mistral_7b_T1.5.csv,answers_mistral_7b_T1.5,Q007,D,Musical instruments,12,didgeridoo,didgeridoo,1,0,1,Q007::12
Part3/outputs/answers_mistral_7b_T1.5.csv,answers_mistral_7b_T1.5,Q007,D,Musical instruments,13,didgeridoo,didgeridoo,1,0,1,Q007::13
Part3/outputs/answers_mistral_7b_T1.5.csv,answers_mistral_7b_T1.5,Q007,D,Musical instruments,14,didgeridoo,didgeridoo,1,0,1,Q007::14
Part3/outputs/answers_mistral_7b_T1.5.csv,answers_mistral_7b_T1.5,Q007,D,Musical instruments,15,drumset,drumset,0,0,0,Q007::15
Part3/outputs/answers_mistral_7b_T1.5.csv,answers_mistral_7b_T1.5,Q007,D,Musical instruments,16,didgeridoo,didgeridoo,1,0,1,Q007::16
Part3/outputs/answers_mistral_7b_T1.5.csv,answers_mistral_7b_T1.5,Q007,D,Musical instruments,17,didgeridoo,didgeridoo,1,0,1,Q007::17
Part3/outputs/answers_mistral_7b_T1.5.csv,answers_mistral_7b_T1.5,Q007,D,Musical instruments,18,didgeridoo,didgeridoo,1,0,1,Q007::18
Part3/outputs/answers_mistral_7b_T1.5.csv,answers_mistral_7b_T1.5,Q007,D,Musical instruments,19,didgeridoo,didgeridoo,1,0,1,Q007::19
Part3/outputs/answers_mistral_7b_T1.5.csv,answers_mistral_7b_T1.5,Q008,D,Things in a bathroom,0,toothpaste dispenser,toothpaste dispenser,0,0,0,Q008::0
Part3/outputs/answers_mistral_7b_T1.5.csv,answers_mistral_7b_T1.5,Q008,D,Things in a bathroom,1,dispenser,dispenser,1,0,1,Q008::1
Part3/outputs/answers_mistral_7b_T1.5.csv,answers_mistral_7b_T1.5,Q008,D,Things in a bathroom,2,deodorant,deodorant,1,0,1,Q008::2
Part3/outputs/answers_mistral_7b_T1.5.csv,answers_mistral_7b_T1.5,Q008,D,Things in a bathroom,3,toothbrush drawer,toothbrush drawer,0,0,0,Q008::3
Part3/outputs/answers_mistral_7b_T1.5.csv,answers_mistral_7b_T1.5,Q008,D,Things in a bathroom,4,deodorant,deodorant,1,0,1,Q008::4
Part3/outputs/answers_mistral_7b_T1.5.csv,answers_mistral_7b_T1.5,Q008,D,Things in a bathroom,5,toothbrush holder,toothbrush holder,1,0,1,Q008::5
Part3/outputs/answers_mistral_7b_T1.5.csv,answers_mistral_7b_T1.5,Q008,D,Things in a bathroom,6,dentifrice,dentifrice,1,0,1,Q008::6
Part3/outputs/answers_mistral_7b_T1.5.csv,answers_mistral_7b_T1.5,Q008,D,Things in a bathroom,7,dental floss,dental floss,1,0,1,Q008::7
Part3/outputs/answers_mistral_7b_T1.5.csv,answers_mistral_7b_T1.5,Q008,D,Things in a bathroom,8,dishrag,dishrag,0,0,0,Q008::8
Part3/outputs/answers_mistral_7b_T1.5.csv,answers_mistral_7b_T1.5,Q008,D,Things in a bathroom,9,dish rack,dish rack,0,0,0,Q008::9
Part3/outputs/answers_mistral_7b_T1.5.csv,answers_mistral_7b_T1.5,Q008,D,Things in a bathroom,10,dish rack,dish rack,0,0,0,Q008::10
Part3/outputs/answers_mistral_7b_T1.5.csv,answers_mistral_7b_T1.5,Q008,D,Things in a bathroom,11,dish rack,dish rack,0,0,0,Q008::11
Part3/outputs/answers_mistral_7b_T1.5.csv,answers_mistral_7b_T1.5,Q008,D,Things in a bathroom,12,dental floss,dental floss,1,0,1,Q008::12
Part3/outputs/answers_mistral_7b_T1.5.csv,answers_mistral_7b_T1.5,Q008,D,Things in a bathroom,13,shower curtain door,shower curtain door,0,0,0,Q008::13
Part3/outputs/answers_mistral_7b_T1.5.csv,answers_mistral_7b_T1.5,Q008,D,Things in a bathroom,14,dish rack,dish rack,0,0,0,Q008::14
Part3/outputs/answers_mistral_7b_T1.5.csv,answers_mistral_7b_T1.5,Q008,D,Things in a bathroom,15,dish rack,dish rack,0,0,0,Q008::15
Part3/outputs/answers_mistral_7b_T1.5.csv,answers_mistral_7b_T1.5,Q008,D,Things in a bathroom,16,toothbrush drawer,toothbrush drawer,0,0,0,Q008::16
Part3/outputs/answers_mistral_7b_T1.5.csv,answers_mistral_7b_T1.5,Q008,D,Things in a bathroom,17,dish soap,dish soap,1,0,1,Q008::17
Part3/outputs/answers_mistral_7b_T1.5.csv,answers_mistral_7b_T1.5,Q008,D,Things in a bathroom,18,dish soap,dish soap,1,0,1,Q008::18
Part3/outputs/answers_mistral_7b_T1.5.csv,answers_mistral_7b_T1.5,Q008,D,Things in a bathroom,19,detergentdispenserdoor,detergentdispenserdoor,0,0,0,Q008::19
Part3/outputs/answers_mistral_7b_T1.5.csv,answers_mistral_7b_T1.5,Q009,E,Sports,0,extreme skiing,extreme skiing,1,0,1,Q009::0
Part3/outputs/answers_mistral_7b_T1.5.csv,answers_mistral_7b_T1.5,Q009,E,Sports,1,extreme skiing,extreme skiing,1,0,1,Q009::1
Part3/outputs/answers_mistral_7b_T1.5.csv,answers_mistral_7b_T1.5,Q009,E,Sports,2,european athletics championships,european athletics championships,0,0,0,Q009::2
Part3/outputs/answers_mistral_7b_T1.5.csv,answers_mistral_7b_T1.5,Q009,E,Sports,3,extreme ebiking,extreme ebiking,1,0,1,Q009::3
Part3/outputs/answers_mistral_7b_T1.5.csv,answers_mistral_7b_T1.5,Q009,E,Sports,4,extreme skateboarding,extreme skateboarding,1,0,1,Q009::4
Part3/outputs/answers_mistral_7b_T1.5.csv,answers_mistral_7b_T1.5,Q009,E,Sports,5,extreme endurance race,extreme endurance race,0,0,0,Q009::5
Part3/outputs/answers_mistral_7b_T1.5.csv,answers_mistral_7b_T1.5,Q009,E,Sports,6,equestrian,equestrian,1,0,1,Q009::6
Part3/outputs/answers_mistral_7b_T1.5.csv,answers_mistral_7b_T1.5,Q009,E,Sports,7,european-handball,european-handball,0,0,0,Q009::7
Part3/outputs/answers_mistral_7b_T1.5.csv,answers_mistral_7b_T1.5,Q009,E,Sports,8,equestrian event,equestrian event,1,0,1,Q009::8
Part3/outputs/answers_mistral_7b_T1.5.csv,answers_mistral_7b_T1.5,Q009,E,Sports,9,extreme ebiking,extreme ebiking,1,0,1,Q009::9
Part3/outputs/answers_mistral_7b_T1.5.csv,answers_mistral_7b_T1.5,Q009,E,Sports,10,extreme skating,extreme skating,0,0,0,Q009::10
Part3/outputs/answers_mistral_7b_T1.5.csv,answers_mistral_7b_T1.5,Q009,E,Sports,11,extreme enduro,extreme enduro,1,0,1,Q009::11
Part3/outputs/answers_mistral_7b_T1.5.csv,answers_mistral_7b_T1.5,Q009,E,Sports,12,extremist skiing equipment,extremist skiing equipment,0,0,0,Q009::12
Part3/outputs/answers_mistral_7b_T1.5.csv,answers_mistral_7b_T1.5,Q009,E,Sports,13,extreme snowboarding,extreme snowboarding,1,0,1,Q009::13
Part3/outputs/answers_mistral_7b_T1.5.csv,answers_mistral_7b_T1.5,Q009,E,Sports,14,extreme-elevation-skiing,extreme-elevation-skiing,0,0,0,Q009::14
Part3/outputs/answers_mistral_7b_T1.5.csv,answers_mistral_7b_T1.5,Q009,E,Sports,15,extreme skiing,extreme skiing,1,0,1,Q009::15
Part3/outputs/answers_mistral_7b_T1.5.csv,answers_mistral_7b_T1.5,Q009,E,Sports,16,extremist's equestrian event,extremist's equestrian event,0,0,0,Q009::16
Part3/outputs/answers_mistral_7b_T1.5.csv,answers_mistral_7b_T1.5,Q009,E,Sports,17,ultimate frisbee,ultimate frisbee,1,0,1,Q009::17
Part3/outputs/answers_mistral_7b_T1.5.csv,answers_mistral_7b_T1.5,Q009,E,Sports,18,ultimate frisbee,ultimate frisbee,1,0,1,Q009::18
Part3/outputs/answers_mistral_7b_T1.5.csv,answers_mistral_7b_T1.5,Q009,E,Sports,19,extreme ebiking,extreme ebiking,1,0,1,Q009::19
Part3/outputs/answers_mistral_7b_T1.5.csv,answers_mistral_7b_T1.5,Q010,E,Movie titles,0,emily in paris,emily in paris,0,0,0,Q010::0
Part3/outputs/answers_mistral_7b_T1.5.csv,answers_mistral_7b_T1.5,Q010,E,Movie titles,1,empire strikes back,empire strikes back,0,0,0,Q010::1
Part3/outputs/answers_mistral_7b_T1.5.csv,answers_mistral_7b_T1.5,Q010,E,Movie titles,2,empire strike back,empire strike back,0,0,0,Q010::2
Part3/outputs/answers_mistral_7b_T1.5.csv,answers_mistral_7b_T1.5,Q010,E,Movie titles,3,eastwood's ghost,eastwood's ghost,0,0,0,Q010::3
Part3/outputs/answers_mistral_7b_T1.5.csv,answers_mistral_7b_T1.5,Q010,E,Movie titles,4,enchantment under the sea,enchantment under the sea,0,0,0,Q010::4
Part3/outputs/answers_mistral_7b_T1.5.csv,answers_mistral_7b_T1.5,Q010,E,Movie titles,5,enemy of the state,enemy of the state,1,0,1,Q010::5
Part3/outputs/answers_mistral_7b_T1.5.csv,answers_mistral_7b_T1.5,Q010,E,Movie titles,6,easy rider,easy rider,1,0,1,Q010::6
Part3/outputs/answers_mistral_7b_T1.5.csv,answers_mistral_7b_T1.5,Q010,E,Movie titles,7,"eastwood's granite

(The correct title from Scatterg",eastwood's granite (the correct title from scatterg,0,0,0,Q010::7
Part3/outputs/answers_mistral_7b_T1.5.csv,answers_mistral_7b_T1.5,Q010,E,Movie titles,8,einstein-rocks,einstein-rocks,0,0,0,Q010::8
Part3/outputs/answers_mistral_7b_T1.5.csv,answers_mistral_7b_T1.5,Q010,E,Movie titles,9,emperor's new groove,emperor's new groove,1,0,1,Q010::9
Part3/outputs/answers_mistral_7b_T1.5.csv,answers_mistral_7b_T1.5,Q010,E,Movie titles,10,enemy of the state,enemy of the state,1,0,1,Q010::10
Part3/outputs/answers_mistral_7b_T1.5.csv,answers_mistral_7b_T1.5,Q010,E,Movie titles,11,e.t.theextraterrestrial,e.t.theextraterrestrial,0,0,0,Q010::11
Part3/outputs/answers_mistral_7b_T1.5.csv,answers_mistral_7b_T1.5,Q010,E,Movie titles,12,enemy at the gates,enemy at the gates,0,0,0,Q010::12
Part3/outputs/answers_mistral_7b_T1.5.csv,answers_mistral_7b_T1.5,Q010,E,Movie titles,13,eternal sunshine of the spotless mind,eternal sunshine of the spotless mind,0,0,0,Q010::13
Part3/outputs/answers_mistral_7b_T1.5.csv,answers_mistral_7b_T1.5,Q010,E,Movie titles,14,enchantment under the sea,enchantment under the sea,0,0,0,Q010::14
Part3/outputs/answers_mistral_7b_T1.5.csv,answers_mistral_7b_T1.5,Q010,E,Movie titles,15,emperor's new groove,emperor's new groove,1,0,1,Q010::15
Part3/outputs/answers_mistral_7b_T1.5.csv,answers_mistral_7b_T1.5,Q010,E,Movie titles,16,echoes of paradise,echoes of paradise,0,0,0,Q010::16
Part3/outputs/answers_mistral_7b_T1.5.csv,answers_mistral_7b_T1.5,Q010,E,Movie titles,17,easy rider,easy rider,1,0,1,Q010::17
Part3/outputs/answers_mistral_7b_T1.5.csv,answers_mistral_7b_T1.5,Q010,E,Movie titles,18,emperor's new groove,emperor's new groove,1,0,1,Q010::18
Part3/outputs/answers_mistral_7b_T1.5.csv,answers_mistral_7b_T1.5,Q010,E,Movie titles,19,empathy's price,empathy's price,0,0,0,Q010::19
Part3/outputs/answers_mistral_7b_T1.5.csv,answers_mistral_7b_T1.5,Q011,F,Fish,0,flounder,flounder,1,1,0,Q011::0
Part3/outputs/answers_mistral_7b_T1.5.csv,answers_mistral_7b_T1.5,Q011,F,Fish,1,flounder,flounder,1,0,1,Q011::1
Part3/outputs/answers_mistral_7b_T1.5.csv,answers_mistral_7b_T1.5,Q011,F,Fish,2,flounderfish,flounderfish,0,0,0,Q011::2
Part3/outputs/answers_mistral_7b_T1.5.csv,answers_mistral_7b_T1.5,Q011,F,Fish,3,flounderfish,flounderfish,0,0,0,Q011::3
Part3/outputs/answers_mistral_7b_T1.5.csv,answers_mistral_7b_T1.5,Q011,F,Fish,4,flounder,flounder,1,1,0,Q011::4
Part3/outputs/answers_mistral_7b_T1.5.csv,answers_mistral_7b_T1.5,Q011,F,Fish,5,flounder,flounder,1,1,0,Q011::5
Part3/outputs/answers_mistral_7b_T1.5.csv,answers_mistral_7b_T1.5,Q011,F,Fish,6,flounder,flounder,1,1,0,Q011::6
Part3/outputs/answers_mistral_7b_T1.5.csv,answers_mistral_7b_T1.5,Q011,F,Fish,7,flounder,flounder,1,1,0,Q011::7
Part3/outputs/answers_mistral_7b_T1.5.csv,answers_mistral_7b_T1.5,Q011,F,Fish,8,flounderfish,flounderfish,0,0,0,Q011::8
Part3/outputs/answers_mistral_7b_T1.5.csv,answers_mistral_7b_T1.5,Q011,F,Fish,9,flounder,flounder,1,1,0,Q011::9
Part3/outputs/answers_mistral_7b_T1.5.csv,answers_mistral_7b_T1.5,Q011,F,Fish,10,flounder,flounder,1,1,0,Q011::10
Part3/outputs/answers_mistral_7b_T1.5.csv,answers_mistral_7b_T1.5,Q011,F,Fish,11,flounder,flounder,1,1,0,Q011::11
Part3/outputs/answers_mistral_7b_T1.5.csv,answers_mistral_7b_T1.5,Q011,F,Fish,12,flounderfish,flounderfish,0,0,0,Q011::12
Part3/outputs/answers_mistral_7b_T1.5.csv,answers_mistral_7b_T1.5,Q011,F,Fish,13,flounder,flounder,1,0,1,Q011::13
Part3/outputs/answers_mistral_7b_T1.5.csv,answers_mistral_7b_T1.5,Q011,F,Fish,14,flounder,flounder,1,1,0,Q011::14
Part3/outputs/answers_mistral_7b_T1.5.csv,answers_mistral_7b_T1.5,Q011,F,Fish,15,flounder,flounder,1,1,0,Q011::15
Part3/outputs/answers_mistral_7b_T1.5.csv,answers_mistral_7b_T1.5,Q011,F,Fish,16,flounder,flounder,1,1,0,Q011::16
Part3/outputs/answers_mistral_7b_T1.5.csv,answers_mistral_7b_T1.5,Q011,F,Fish,17,flounder,flounder,1,1,0,Q011::17
Part3/outputs/answers_mistral_7b_T1.5.csv,answers_mistral_7b_T1.5,Q011,F,Fish,18,flounder,flounder,1,1,0,Q011::18
Part3/outputs/answers_mistral_7b_T1.5.csv,answers_mistral_7b_T1.5,Q011,F,Fish,19,flounder,flounder,1,1,0,Q011::19
Part3/outputs/answers_mistral_7b_T1.5.csv,answers_mistral_7b_T1.5,Q012,F,Things in a backpack,0,"flask, flashlight","flask, flashlight",1,0,1,Q012::0
Part3/outputs/answers_mistral_7b_T1.5.csv,answers_mistral_7b_T1.5,Q012,F,Things in a backpack,1,flashlight folder first aid kit,flashlight folder first aid kit,1,0,1,Q012::1
Part3/outputs/answers_mistral_7b_T1.5.csv,answers_mistral_7b_T1.5,Q012,F,Things in a backpack,2,flask,flask,1,0,1,Q012::2
Part3/outputs/answers_mistral_7b_T1.5.csv,answers_mistral_7b_T1.5,Q012,F,Things in a backpack,3,"flashlight, first-aid-kit, foldable-waterbottle","flashlight, first-aid-kit, foldable-waterbottle",1,0,1,Q012::3
Part3/outputs/answers_mistral_7b_T1.5.csv,answers_mistral_7b_T1.5,Q012,F,Things in a backpack,4,flashlightfolderfirstaidkitfontflexiblewaterbottlefoldablechair,flashlightfolderfirstaidkitfontflexiblewaterbottlefoldablechair,0,0,0,Q012::4
Part3/outputs/answers_mistral_7b_T1.5.csv,answers_mistral_7b_T1.5,Q012,F,Things in a backpack,5,flask,flask,1,0,1,Q012::5
Part3/outputs/answers_mistral_7b_T1.5.csv,answers_mistral_7b_T1.5,Q012,F,Things in a backpack,6,flashlight,flashlight,1,1,0,Q012::6
Part3/outputs/answers_mistral_7b_T1.5.csv,answers_mistral_7b_T1.5,Q012,F,Things in a backpack,7,"flashlight, first-aid-kit, food-bar, foldable-","flashlight, first-aid-kit, food-bar, foldable",1,0,1,Q012::7
Part3/outputs/answers_mistral_7b_T1.5.csv,answers_mistral_7b_T1.5,Q012,F,Things in a backpack,8,"flashlight, first-aid-kit, foldable-backpack, fitness","flashlight, first-aid-kit, foldable-backpack, fitness",0,0,0,Q012::8
Part3/outputs/answers_mistral_7b_T1.5.csv,answers_mistral_7b_T1.5,Q012,F,Things in a backpack,9,flashlightfanny packfirst aid kitfolding chairfolder fanfoldable backpack,flashlightfanny packfirst aid kitfolding chairfolder fanfoldable backpack,0,0,0,Q012::9
Part3/outputs/answers_mistral_7b_T1.5.csv,answers_mistral_7b_T1.5,Q012,F,Things in a backpack,10,flashlight-first-aid-kit,flashlight-first-aid-kit,0,0,0,Q012::10
Part3/outputs/answers_mistral_7b_T1.5.csv,answers_mistral_7b_T1.5,Q012,F,Things in a backpack,11,"flask, first aid kit, flashlight","flask, first aid kit, flashlight",1,0,1,Q012::11
Part3/outputs/answers_mistral_7b_T1.5.csv,answers_mistral_7b_T1.5,Q012,F,Things in a backpack,12,flashlight,flashlight,1,1,0,Q012::12
Part3/outputs/answers_mistral_7b_T1.5.csv,answers_mistral_7b_T1.5,Q012,F,Things in a backpack,13,flashlight,flashlight,1,0,1,Q012::13
Part3/outputs/answers_mistral_7b_T1.5.csv,answers_mistral_7b_T1.5,Q012,F,Things in a backpack,14,flashlight,flashlight,1,1,0,Q012::14
Part3/outputs/answers_mistral_7b_T1.5.csv,answers_mistral_7b_T1.5,Q012,F,Things in a backpack,15,flaskfleecefoodfoilfirstaidkitfoldableumbrell,flaskfleecefoodfoilfirstaidkitfoldableumbrell,0,0,0,Q012::15
Part3/outputs/answers_mistral_7b_T1.5.csv,answers_mistral_7b_T1.5,Q012,F,Things in a backpack,16,flashlight (and batteries),flashlight (and batteries,1,0,1,Q012::16
Part3/outputs/answers_mistral_7b_T1.5.csv,answers_mistral_7b_T1.5,Q012,F,Things in a backpack,17,flashlightfanwaterbottlefruitfood,flashlightfanwaterbottlefruitfood,0,0,0,Q012::17
Part3/outputs/answers_mistral_7b_T1.5.csv,answers_mistral_7b_T1.5,Q012,F,Things in a backpack,18,flashlight_fuel,flashlight_fuel,0,0,0,Q012::18
Part3/outputs/answers_mistral_7b_T1.5.csv,answers_mistral_7b_T1.5,Q012,F,Things in a backpack,19,flashlight folder firstaidkit fruits snacks water bottle font pens,flashlight folder firstaidkit fruits snacks water bottle font pens,0,0,0,Q012::19
Part3/outputs/answers_mistral_7b_T1.5.csv,answers_mistral_7b_T1.5,Q013,G,U.S. states,0,granite-gov,granite-gov,0,0,0,Q013::0
Part3/outputs/answers_mistral_7b_T1.5.csv,answers_mistral_7b_T1.5,Q013,G,U.S. states,1,grand canyon state,grand canyon state,0,0,0,Q013::1
Part3/outputs/answers_mistral_7b_T1.5.csv,answers_mistral_7b_T1.5,Q013,G,U.S. states,2,california (g),california (g,0,0,0,Q013::2
Part3/outputs/answers_mistral_7b_T1.5.csv,answers_mistral_7b_T1.5,Q013,G,U.S. states,3,georgia (spelling corrected per your instructions),georgia (spelling corrected per your instructions,1,0,1,Q013::3
Part3/outputs/answers_mistral_7b_T1.5.csv,answers_mistral_7b_T1.5,Q013,G,U.S. states,4,gorgonia bay (Alaska),gorgonia bay (alaska,0,0,0,Q013::4
Part3/outputs/answers_mistral_7b_T1.5.csv,answers_mistral_7b_T1.5,Q013,G,U.S. states,5,grays-harbor,grays-harbor,0,0,0,Q013::5
Part3/outputs/answers_mistral_7b_T1.5.csv,answers_mistral_7b_T1.5,Q013,G,U.S. states,6,gibraltar (incorrect as it is not a U.S,gibraltar (incorrect as it is not a u.s,0,0,0,Q013::6
Part3/outputs/answers_mistral_7b_T1.5.csv,answers_mistral_7b_T1.5,Q013,G,U.S. states,7,grand canyon state (arizona),grand canyon state (arizona,0,0,0,Q013::7
Part3/outputs/answers_mistral_7b_T1.5.csv,answers_mistral_7b_T1.5,Q013,G,U.S. states,8,georgia (for the state),georgia (for the state,1,0,1,Q013::8
Part3/outputs/answers_mistral_7b_T1.5.csv,answers_mistral_7b_T1.5,Q013,G,U.S. states,9,georgia,georgia,1,1,0,Q013::9
Part3/outputs/answers_mistral_7b_T1.5.csv,answers_mistral_7b_T1.5,Q013,G,U.S. states,10,grand canyon state (az),grand canyon state (az,0,0,0,Q013::10
Part3/outputs/answers_mistral_7b_T1.5.csv,answers_mistral_7b_T1.5,Q013,G,U.S. states,11,grand canyon state,grand canyon state,0,0,0,Q013::11
Part3/outputs/answers_mistral_7b_T1.5.csv,answers_mistral_7b_T1.5,Q013,G,U.S. states,12,granite (arkansas),granite (arkansas,0,0,0,Q013::12
Part3/outputs/answers_mistral_7b_T1.5.csv,answers_mistral_7b_T1.5,Q013,G,U.S. states,13,"granite-gravity (Grand, Iowa)","granite-gravity (grand, iowa",0,0,0,Q013::13
Part3/outputs/answers_mistral_7b_T1.5.csv,answers_mistral_7b_T1.5,Q013,G,U.S. states,14,granite (north carolina),granite (north carolina,0,0,0,Q013::14
Part3/outputs/answers_mistral_7b_T1.5.csv,answers_mistral_7b_T1.5,Q013,G,U.S. states,15,georgia,georgia,1,1,0,Q013::15
Part3/outputs/answers_mistral_7b_T1.5.csv,answers_mistral_7b_T1.5,Q013,G,U.S. states,16,georgia,georgia,1,1,0,Q013::16
Part3/outputs/answers_mistral_7b_T1.5.csv,answers_mistral_7b_T1.5,Q013,G,U.S. states,17,georgia,georgia,1,1,0,Q013::17
Part3/outputs/answers_mistral_7b_T1.5.csv,answers_mistral_7b_T1.5,Q013,G,U.S. states,18,georgia,georgia,1,1,0,Q013::18
Part3/outputs/answers_mistral_7b_T1.5.csv,answers_mistral_7b_T1.5,Q013,G,U.S. states,19,granite-governor,granite-governor,0,0,0,Q013::19
Part3/outputs/answers_mistral_7b_T1.5.csv,answers_mistral_7b_T1.5,Q014,G,Foods,0,granola bar,granola bar,1,0,1,Q014::0
Part3/outputs/answers_mistral_7b_T1.5.csv,answers_mistral_7b_T1.5,Q014,G,Foods,1,grass-fed-goat-cheese,grass-fed-goat-cheese,1,0,1,Q014::1
Part3/outputs/answers_mistral_7b_T1.5.csv,answers_mistral_7b_T1.5,Q014,G,Foods,2,grapefruit,grapefruit,1,0,1,Q014::2
Part3/outputs/answers_mistral_7b_T1.5.csv,answers_mistral_7b_T1.5,Q014,G,Foods,3,gorgonzola cheese,gorgonzola cheese,1,0,1,Q014::3
Part3/outputs/answers_mistral_7b_T1.5.csv,answers_mistral_7b_T1.5,Q014,G,Foods,4,granola bar,granola bar,1,0,1,Q014::4
Part3/outputs/answers_mistral_7b_T1.5.csv,answers_mistral_7b_T1.5,Q014,G,Foods,5,gourmet cheesecake,gourmet cheesecake,1,0,1,Q014::5
Part3/outputs/answers_mistral_7b_T1.5.csv,answers_mistral_7b_T1.5,Q014,G,Foods,6,grilled cheese sandwich,grilled cheese sandwich,1,0,1,Q014::6
Part3/outputs/answers_mistral_7b_T1.5.csv,answers_mistral_7b_T1.5,Q014,G,Foods,7,grilled cheese,grilled cheese,1,0,1,Q014::7
Part3/outputs/answers_mistral_7b_T1.5.csv,answers_mistral_7b_T1.5,Q014,G,Foods,8,gourmet guacamole,gourmet guacamole,1,0,1,Q014::8
Part3/outputs/answers_mistral_7b_T1.5.csv,answers_mistral_7b_T1.5,Q014,G,Foods,9,grass-fed steak,grass-fed steak,1,0,1,Q014::9
Part3/outputs/answers_mistral_7b_T1.5.csv,answers_mistral_7b_T1.5,Q014,G,Foods,10,grits and granola,grits and granola,1,0,1,Q014::10
Part3/outputs/answers_mistral_7b_T1.5.csv,answers_mistral_7b_T1.5,Q014,G,Foods,11,"grits (Grits is a common, category-appropriate food starting","grits (grits is a common, category-appropriate food starting",1,0,1,Q014::11
Part3/outputs/answers_mistral_7b_T1.5.csv,answers_mistral_7b_T1.5,Q014,G,Foods,12,grapefruit,grapefruit,1,0,1,Q014::12
Part3/outputs/answers_mistral_7b_T1.5.csv,answers_mistral_7b_T1.5,Q014,G,Foods,13,gorgonzola cheese,gorgonzola cheese,1,0,1,Q014::13
Part3/outputs/answers_mistral_7b_T1.5.csv,answers_mistral_7b_T1.5,Q014,G,Foods,14,gorgonzola,gorgonzola,1,0,1,Q014::14
Part3/outputs/answers_mistral_7b_T1.5.csv,answers_mistral_7b_T1.5,Q014,G,Foods,15,grits,grits,1,0,1,Q014::15
Part3/outputs/answers_mistral_7b_T1.5.csv,answers_mistral_7b_T1.5,Q014,G,Foods,16,grilled cheese garlic bread guacamole gourmet gelato,grilled cheese garlic bread guacamole gourmet gelato,0,0,0,Q014::16
Part3/outputs/answers_mistral_7b_T1.5.csv,answers_mistral_7b_T1.5,Q014,G,Foods,17,garlic soup,garlic soup,1,0,1,Q014::17
Part3/outputs/answers_mistral_7b_T1.5.csv,answers_mistral_7b_T1.5,Q014,G,Foods,18,grilled cheese sandwich,grilled cheese sandwich,1,0,1,Q014::18
Part3/outputs/answers_mistral_7b_T1.5.csv,answers_mistral_7b_T1.5,Q014,G,Foods,19,gorgonzola cheese,gorgonzola cheese,1,0,1,Q014::19
Part3/outputs/answers_mistral_7b_T1.5.csv,answers_mistral_7b_T1.5,Q015,H,Famous scientists,0,helmholtz,helmholtz,1,0,1,Q015::0
Part3/outputs/answers_mistral_7b_T1.5.csv,answers_mistral_7b_T1.5,Q015,H,Famous scientists,1,heisenberg,heisenberg,1,0,1,Q015::1
Part3/outputs/answers_mistral_7b_T1.5.csv,answers_mistral_7b_T1.5,Q015,H,Famous scientists,2,edwin hubble,edwin hubble,1,0,1,Q015::2
Part3/outputs/answers_mistral_7b_T1.5.csv,answers_mistral_7b_T1.5,Q015,H,Famous scientists,3,herodotus (he was not a famous scientist but a historian who is often,herodotus (he was not a famous scientist but a historian who is often,0,0,0,Q015::3
Part3/outputs/answers_mistral_7b_T1.5.csv,answers_mistral_7b_T1.5,Q015,H,Famous scientists,4,galileo,galileo,0,0,0,Q015::4
Part3/outputs/answers_mistral_7b_T1.5.csv,answers_mistral_7b_T1.5,Q015,H,Famous scientists,5,Archimedes,archimedes,0,0,0,Q015::5
Part3/outputs/answers_mistral_7b_T1.5.csv,answers_mistral_7b_T1.5,Q015,H,Famous scientists,6,heisenberg,heisenberg,1,0,1,Q015::6
Part3/outputs/answers_mistral_7b_T1.5.csv,answers_mistral_7b_T1.5,Q015,H,Famous scientists,7,Albert hubble,albert hubble,0,0,0,Q015::7
Part3/outputs/answers_mistral_7b_T1.5.csv,answers_mistral_7b_T1.5,Q015,H,Famous scientists,8,hawking stephens,hawking stephens,0,0,0,Q015::8
Part3/outputs/answers_mistral_7b_T1.5.csv,answers_mistral_7b_T1.5,Q015,H,Famous scientists,9,hugo de vries,hugo de vries,1,0,1,Q015::9
Part3/outputs/answers_mistral_7b_T1.5.csv,answers_mistral_7b_T1.5,Q015,H,Famous scientists,10,hubble edwin,hubble edwin,1,0,1,Q015::10
Part3/outputs/answers_mistral_7b_T1.5.csv,answers_mistral_7b_T1.5,Q015,H,Famous scientists,11,henri poincaré,henri poincar,0,0,0,Q015::11
Part3/outputs/answers_mistral_7b_T1.5.csv,answers_mistral_7b_T1.5,Q015,H,Famous scientists,12,hubble edwin,hubble edwin,1,0,1,Q015::12
Part3/outputs/answers_mistral_7b_T1.5.csv,answers_mistral_7b_T1.5,Q015,H,Famous scientists,13,albert hoffman,albert hoffman,0,0,0,Q015::13
Part3/outputs/answers_mistral_7b_T1.5.csv,answers_mistral_7b_T1.5,Q015,H,Famous scientists,14,henry davies (hawking),henry davies (hawking,0,0,0,Q015::14
Part3/outputs/answers_mistral_7b_T1.5.csv,answers_mistral_7b_T1.5,Q015,H,Famous scientists,15,isaac newton,isaac newton,0,0,0,Q015::15
Part3/outputs/answers_mistral_7b_T1.5.csv,answers_mistral_7b_T1.5,Q015,H,Famous scientists,16,henry hubble,henry hubble,1,0,1,Q015::16
Part3/outputs/answers_mistral_7b_T1.5.csv,answers_mistral_7b_T1.5,Q015,H,Famous scientists,17,hugo de vries,hugo de vries,1,0,1,Q015::17
Part3/outputs/answers_mistral_7b_T1.5.csv,answers_mistral_7b_T1.5,Q015,H,Famous scientists,18,Galileo galilei,galileo galilei,0,0,0,Q015::18
Part3/outputs/answers_mistral_7b_T1.5.csv,answers_mistral_7b_T1.5,Q015,H,Famous scientists,19,henri poincaré,henri poincar,0,0,0,Q015::19
Part3/outputs/answers_mistral_7b_T1.5.csv,answers_mistral_7b_T1.5,Q016,H,Things at the beach,0,seashells (hawaiian),seashells (hawaiian,0,0,0,Q016::0
Part3/outputs/answers_mistral_7b_T1.5.csv,answers_mistral_7b_T1.5,Q016,H,Things at the beach,1,hammerhead shark,hammerhead shark,0,0,0,Q016::1
Part3/outputs/answers_mistral_7b_T1.5.csv,answers_mistral_7b_T1.5,Q016,H,Things at the beach,2,hammerhead shark,hammerhead shark,0,0,0,Q016::2
Part3/outputs/answers_mistral_7b_T1.5.csv,answers_mistral_7b_T1.5,Q016,H,Things at the beach,3,seashells (h)ardware,seashells (h)ardware,0,0,0,Q016::3
Part3/outputs/answers_mistral_7b_T1.5.csv,answers_mistral_7b_T1.5,Q016,H,Things at the beach,4,harbor-seal,harbor-seal,0,0,0,Q016::4
Part3/outputs/answers_mistral_7b_T1.5.csv,answers_mistral_7b_T1.5,Q016,H,Things at the beach,5,hockey stick (handheld surf version),hockey stick (handheld surf version,0,0,0,Q016::5
Part3/outputs/answers_mistral_7b_T1.5.csv,answers_mistral_7b_T1.5,Q016,H,Things at the beach,6,hammock,hammock,1,0,1,Q016::6
Part3/outputs/answers_mistral_7b_T1.5.csv,answers_mistral_7b_T1.5,Q016,H,Things at the beach,7,harbour sandals,harbour sandals,0,0,0,Q016::7
Part3/outputs/answers_mistral_7b_T1.5.csv,answers_mistral_7b_T1.5,Q016,H,Things at the beach,8,seashells (hawaiian),seashells (hawaiian,0,0,0,Q016::8
Part3/outputs/answers_mistral_7b_T1.5.csv,answers_mistral_7b_T1.5,Q016,H,Things at the beach,9,hammock,hammock,1,0,1,Q016::9
Part3/outputs/answers_mistral_7b_T1.5.csv,answers_mistral_7b_T1.5,Q016,H,Things at the beach,10,seashells (hyphen removed),seashells (hyphen removed,0,0,0,Q016::10
Part3/outputs/answers_mistral_7b_T1.5.csv,answers_mistral_7b_T1.5,Q016,H,Things at the beach,11,seashells (hopefully 'hat' didn't come to mind,seashells (hopefully 'hat' didn't come to mind,0,0,0,Q016::11
Part3/outputs/answers_mistral_7b_T1.5.csv,answers_mistral_7b_T1.5,Q016,H,Things at the beach,12,hammock,hammock,1,0,1,Q016::12
Part3/outputs/answers_mistral_7b_T1.5.csv,answers_mistral_7b_T1.5,Q016,H,Things at the beach,13,hammock,hammock,1,0,1,Q016::13
Part3/outputs/answers_mistral_7b_T1.5.csv,answers_mistral_7b_T1.5,Q016,H,Things at the beach,14,shell,shell,1,0,1,Q016::14
Part3/outputs/answers_mistral_7b_T1.5.csv,answers_mistral_7b_T1.5,Q016,H,Things at the beach,15,hammerhead shark,hammerhead shark,0,0,0,Q016::15
Part3/outputs/answers_mistral_7b_T1.5.csv,answers_mistral_7b_T1.5,Q016,H,Things at the beach,16,harp seal,harp seal,1,0,1,Q016::16
Part3/outputs/answers_mistral_7b_T1.5.csv,answers_mistral_7b_T1.5,Q016,H,Things at the beach,17,hammock,hammock,1,0,1,Q016::17
Part3/outputs/answers_mistral_7b_T1.5.csv,answers_mistral_7b_T1.5,Q016,H,Things at the beach,18,hammock,hammock,1,0,1,Q016::18
Part3/outputs/answers_mistral_7b_T1.5.csv,answers_mistral_7b_T1.5,Q016,H,Things at the beach,19,hermit crab,hermit crab,1,0,1,Q016::19
Part3/outputs/answers_mistral_7b_T1.5.csv,answers_mistral_7b_T1.5,Q017,I,Cities,0,indiaopolis,indiaopolis,0,0,0,Q017::0
Part3/outputs/answers_mistral_7b_T1.5.csv,answers_mistral_7b_T1.5,Q017,I,Cities,1,indianapolis,indianapolis,1,1,0,Q017::1
Part3/outputs/answers_mistral_7b_T1.5.csv,answers_mistral_7b_T1.5,Q017,I,Cities,2,indianapolis,indianapolis,1,0,1,Q017::2
Part3/outputs/answers_mistral_7b_T1.5.csv,answers_mistral_7b_T1.5,Q017,I,Cities,3,indianaapolis,indianaapolis,0,0,0,Q017::3
Part3/outputs/answers_mistral_7b_T1.5.csv,answers_mistral_7b_T1.5,Q017,I,Cities,4,innsbruck,innsbruck,1,0,1,Q017::4
Part3/outputs/answers_mistral_7b_T1.5.csv,answers_mistral_7b_T1.5,Q017,I,Cities,5,islamabad,islamabad,1,0,1,Q017::5
Part3/outputs/answers_mistral_7b_T1.5.csv,answers_mistral_7b_T1.5,Q017,I,Cities,6,indianapolis,indianapolis,1,0,1,Q017::6
Part3/outputs/answers_mistral_7b_T1.5.csv,answers_mistral_7b_T1.5,Q017,I,Cities,7,indianapolis,indianapolis,1,0,1,Q017::7
Part3/outputs/answers_mistral_7b_T1.5.csv,answers_mistral_7b_T1.5,Q017,I,Cities,8,istanbul,istanbul,0,0,0,Q017::8
Part3/outputs/answers_mistral_7b_T1.5.csv,answers_mistral_7b_T1.5,Q017,I,Cities,9,istanbul,istanbul,0,0,0,Q017::9
Part3/outputs/answers_mistral_7b_T1.5.csv,answers_mistral_7b_T1.5,Q017,I,Cities,10,ibiza,ibiza,0,0,0,Q017::10
Part3/outputs/answers_mistral_7b_T1.5.csv,answers_mistral_7b_T1.5,Q017,I,Cities,11,islamabad,islamabad,1,0,1,Q017::11
Part3/outputs/answers_mistral_7b_T1.5.csv,answers_mistral_7b_T1.5,Q017,I,Cities,12,"isla

(Answer: Isla, referring to an island city","isla (answer: isla, referring to an island city",0,0,0,Q017::12
Part3/outputs/answers_mistral_7b_T1.5.csv,answers_mistral_7b_T1.5,Q017,I,Cities,13,indiafield,indiafield,0,0,0,Q017::13
Part3/outputs/answers_mistral_7b_T1.5.csv,answers_mistral_7b_T1.5,Q017,I,Cities,14,irkutsk,irkutsk,1,0,1,Q017::14
Part3/outputs/answers_mistral_7b_T1.5.csv,answers_mistral_7b_T1.5,Q017,I,Cities,15,islamabad,islamabad,1,0,1,Q017::15
Part3/outputs/answers_mistral_7b_T1.5.csv,answers_mistral_7b_T1.5,Q017,I,Cities,16,isla Vista,isla vista,1,0,1,Q017::16
Part3/outputs/answers_mistral_7b_T1.5.csv,answers_mistral_7b_T1.5,Q017,I,Cities,17,indianapolis,indianapolis,1,1,0,Q017::17
Part3/outputs/answers_mistral_7b_T1.5.csv,answers_mistral_7b_T1.5,Q017,I,Cities,18,islamabad,islamabad,1,0,1,Q017::18
Part3/outputs/answers_mistral_7b_T1.5.csv,answers_mistral_7b_T1.5,Q017,I,Cities,19,ibiza,ibiza,0,0,0,Q017::19
Part3/outputs/answers_mistral_7b_T1.5.csv,answers_mistral_7b_T1.5,Q018,I,Things in a classroom,0,desk lamp,desk lamp,1,0,1,Q018::0
Part3/outputs/answers_mistral_7b_T1.5.csv,answers_mistral_7b_T1.5,Q018,I,Things in a classroom,1,blackboard,blackboard,1,0,1,Q018::1
Part3/outputs/answers_mistral_7b_T1.5.csv,answers_mistral_7b_T1.5,Q018,I,Things in a classroom,2,blackboard,blackboard,1,0,1,Q018::2
Part3/outputs/answers_mistral_7b_T1.5.csv,answers_mistral_7b_T1.5,Q018,I,Things in a classroom,3,blackboard,blackboard,1,0,1,Q018::3
Part3/outputs/answers_mistral_7b_T1.5.csv,answers_mistral_7b_T1.5,Q018,I,Things in a classroom,4,blackboard,blackboard,1,0,1,Q018::4
Part3/outputs/answers_mistral_7b_T1.5.csv,answers_mistral_7b_T1.5,Q018,I,Things in a classroom,5,desk chair eraser ruler notebook blackboard,desk chair eraser ruler notebook blackboard,0,0,0,Q018::5
Part3/outputs/answers_mistral_7b_T1.5.csv,answers_mistral_7b_T1.5,Q018,I,Things in a classroom,6,index card,index card,1,0,1,Q018::6
Part3/outputs/answers_mistral_7b_T1.5.csv,answers_mistral_7b_T1.5,Q018,I,Things in a classroom,7,index card,index card,1,0,1,Q018::7
Part3/outputs/answers_mistral_7b_T1.5.csv,answers_mistral_7b_T1.5,Q018,I,Things in a classroom,8,interactive whiteboard,interactive whiteboard,1,1,0,Q018::8
Part3/outputs/answers_mistral_7b_T1.5.csv,answers_mistral_7b_T1.5,Q018,I,Things in a classroom,9,inkwell,inkwell,1,0,1,Q018::9
Part3/outputs/answers_mistral_7b_T1.5.csv,answers_mistral_7b_T1.5,Q018,I,Things in a classroom,10,"desk lamp

Here is some more context to help explain my response: The",desk lamp here is some more context to help explain my response: the,1,0,1,Q018::10
Part3/outputs/answers_mistral_7b_T1.5.csv,answers_mistral_7b_T1.5,Q018,I,Things in a classroom,11,chalkboard,chalkboard,0,0,0,Q018::11
Part3/outputs/answers_mistral_7b_T1.5.csv,answers_mistral_7b_T1.5,Q018,I,Things in a classroom,12,blackboard,blackboard,1,0,1,Q018::12
Part3/outputs/answers_mistral_7b_T1.5.csv,answers_mistral_7b_T1.5,Q018,I,Things in a classroom,13,desk chair blackboard eraser ruler marker pencil,desk chair blackboard eraser ruler marker pencil,1,0,1,Q018::13
Part3/outputs/answers_mistral_7b_T1.5.csv,answers_mistral_7b_T1.5,Q018,I,Things in a classroom,14,interim (used to denote a substitute teacher),interim (used to denote a substitute teacher,0,0,0,Q018::14
Part3/outputs/answers_mistral_7b_T1.5.csv,answers_mistral_7b_T1.5,Q018,I,Things in a classroom,15,chalkboard,chalkboard,0,0,0,Q018::15
Part3/outputs/answers_mistral_7b_T1.5.csv,answers_mistral_7b_T1.5,Q018,I,Things in a classroom,16,chalkboard,chalkboard,0,0,0,Q018::16
Part3/outputs/answers_mistral_7b_T1.5.csv,answers_mistral_7b_T1.5,Q018,I,Things in a classroom,17,desk lamp,desk lamp,1,0,1,Q018::17
Part3/outputs/answers_mistral_7b_T1.5.csv,answers_mistral_7b_T1.5,Q018,I,Things in a classroom,18,blackboard,blackboard,1,0,1,Q018::18
Part3/outputs/answers_mistral_7b_T1.5.csv,answers_mistral_7b_T1.5,Q018,I,Things in a classroom,19,blackboard,blackboard,1,0,1,Q018::19
Part3/outputs/answers_mistral_7b_T1.5.csv,answers_mistral_7b_T1.5,Q019,J,Car brands,0,jaguar,jaguar,1,1,0,Q019::0
Part3/outputs/answers_mistral_7b_T1.5.csv,answers_mistral_7b_T1.5,Q019,J,Car brands,1,jaguar,jaguar,1,1,0,Q019::1
Part3/outputs/answers_mistral_7b_T1.5.csv,answers_mistral_7b_T1.5,Q019,J,Car brands,2,jaguar,jaguar,1,1,0,Q019::2
Part3/outputs/answers_mistral_7b_T1.5.csv,answers_mistral_7b_T1.5,Q019,J,Car brands,3,jaguar,jaguar,1,1,0,Q019::3
Part3/outputs/answers_mistral_7b_T1.5.csv,answers_mistral_7b_T1.5,Q019,J,Car brands,4,jaguar,jaguar,1,1,0,Q019::4
Part3/outputs/answers_mistral_7b_T1.5.csv,answers_mistral_7b_T1.5,Q019,J,Car brands,5,jaguar,jaguar,1,1,0,Q019::5
Part3/outputs/answers_mistral_7b_T1.5.csv,answers_mistral_7b_T1.5,Q019,J,Car brands,6,jaguar,jaguar,1,1,0,Q019::6
Part3/outputs/answers_mistral_7b_T1.5.csv,answers_mistral_7b_T1.5,Q019,J,Car brands,7,jaguar,jaguar,1,1,0,Q019::7
Part3/outputs/answers_mistral_7b_T1.5.csv,answers_mistral_7b_T1.5,Q019,J,Car brands,8,jaguar,jaguar,1,1,0,Q019::8
Part3/outputs/answers_mistral_7b_T1.5.csv,answers_mistral_7b_T1.5,Q019,J,Car brands,9,jaguar,jaguar,1,1,0,Q019::9
Part3/outputs/answers_mistral_7b_T1.5.csv,answers_mistral_7b_T1.5,Q019,J,Car brands,10,jaguar,jaguar,1,1,0,Q019::10
Part3/outputs/answers_mistral_7b_T1.5.csv,answers_mistral_7b_T1.5,Q019,J,Car brands,11,jaguar,jaguar,1,1,0,Q019::11
Part3/outputs/answers_mistral_7b_T1.5.csv,answers_mistral_7b_T1.5,Q019,J,Car brands,12,jaguar,jaguar,1,1,0,Q019::12
Part3/outputs/answers_mistral_7b_T1.5.csv,answers_mistral_7b_T1.5,Q019,J,Car brands,13,jaguar,jaguar,1,1,0,Q019::13
Part3/outputs/answers_mistral_7b_T1.5.csv,answers_mistral_7b_T1.5,Q019,J,Car brands,14,jaguar,jaguar,1,1,0,Q019::14
Part3/outputs/answers_mistral_7b_T1.5.csv,answers_mistral_7b_T1.5,Q019,J,Car brands,15,jaguar,jaguar,1,1,0,Q019::15
Part3/outputs/answers_mistral_7b_T1.5.csv,answers_mistral_7b_T1.5,Q019,J,Car brands,16,jaguar,jaguar,1,1,0,Q019::16
Part3/outputs/answers_mistral_7b_T1.5.csv,answers_mistral_7b_T1.5,Q019,J,Car brands,17,jaguar,jaguar,1,1,0,Q019::17
Part3/outputs/answers_mistral_7b_T1.5.csv,answers_mistral_7b_T1.5,Q019,J,Car brands,18,jaguar,jaguar,1,1,0,Q019::18
Part3/outputs/answers_mistral_7b_T1.5.csv,answers_mistral_7b_T1.5,Q019,J,Car brands,19,jaguar,jaguar,1,1,0,Q019::19
Part3/outputs/answers_mistral_7b_T1.5.csv,answers_mistral_7b_T1.5,Q020,J,Video game titles,0,jigsaw puzzle paradox junction joust journey justice jurassic jump,jigsaw puzzle paradox junction joust journey justice jurassic jump,0,0,0,Q020::0
Part3/outputs/answers_mistral_7b_T1.5.csv,answers_mistral_7b_T1.5,Q020,J,Video game titles,1,jetset_junction,jetset_junction,0,0,0,Q020::1
Part3/outputs/answers_mistral_7b_T1.5.csv,answers_mistral_7b_T1.5,Q020,J,Video game titles,2,jazz jackrabbit,jazz jackrabbit,1,0,1,Q020::2
Part3/outputs/answers_mistral_7b_T1.5.csv,answers_mistral_7b_T1.5,Q020,J,Video game titles,3,juggernaut jackal,juggernaut jackal,0,0,0,Q020::3
Part3/outputs/answers_mistral_7b_T1.5.csv,answers_mistral_7b_T1.5,Q020,J,Video game titles,4,"jamestown

(Answer refers to a popular video game of the",jamestown (answer refers to a popular video game of the,1,0,1,Q020::4
Part3/outputs/answers_mistral_7b_T1.5.csv,answers_mistral_7b_T1.5,Q020,J,Video game titles,5,jackal_juncture,jackal_juncture,0,0,0,Q020::5
Part3/outputs/answers_mistral_7b_T1.5.csv,answers_mistral_7b_T1.5,Q020,J,Video game titles,6,jawbreaker,jawbreaker,0,0,0,Q020::6
Part3/outputs/answers_mistral_7b_T1.5.csv,answers_mistral_7b_T1.5,Q020,J,Video game titles,7,jetsetters jungle juice jawbreaker jewel thief,jetsetters jungle juice jawbreaker jewel thief,0,0,0,Q020::7
Part3/outputs/answers_mistral_7b_T1.5.csv,answers_mistral_7b_T1.5,Q020,J,Video game titles,8,jamestown,jamestown,1,0,1,Q020::8
Part3/outputs/answers_mistral_7b_T1.5.csv,answers_mistral_7b_T1.5,Q020,J,Video game titles,9,junglefighter,junglefighter,0,0,0,Q020::9
Part3/outputs/answers_mistral_7b_T1.5.csv,answers_mistral_7b_T1.5,Q020,J,Video game titles,10,jackal_jumped_jackpot,jackal_jumped_jackpot,0,0,0,Q020::10
Part3/outputs/answers_mistral_7b_T1.5.csv,answers_mistral_7b_T1.5,Q020,J,Video game titles,11,"jamestown

Here are some additional answers to demonstrate variety:
-",jamestown here are some additional answers to demonstrate variety,0,0,0,Q020::11
Part3/outputs/answers_mistral_7b_T1.5.csv,answers_mistral_7b_T1.5,Q020,J,Video game titles,12,jetsetter's revenge,jetsetter's revenge,0,0,0,Q020::12
Part3/outputs/answers_mistral_7b_T1.5.csv,answers_mistral_7b_T1.5,Q020,J,Video game titles,13,"jamestown

Explanation: Jamestown is a vertical shoot",jamestown explanation: jamestown is a vertical shoot,1,0,1,Q020::13
Part3/outputs/answers_mistral_7b_T1.5.csv,answers_mistral_7b_T1.5,Q020,J,Video game titles,14,jetset_juno,jetset_juno,0,0,0,Q020::14
Part3/outputs/answers_mistral_7b_T1.5.csv,answers_mistral_7b_T1.5,Q020,J,Video game titles,15,jewels-match-3,jewels-match-3,0,0,0,Q020::15
Part3/outputs/answers_mistral_7b_T1.5.csv,answers_mistral_7b_T1.5,Q020,J,Video game titles,16,jetsetters junkyard jumpstart,jetsetters junkyard jumpstart,0,0,0,Q020::16
Part3/outputs/answers_mistral_7b_T1.5.csv,answers_mistral_7b_T1.5,Q020,J,Video game titles,17,jazzjackrabbit,jazzjackrabbit,1,0,1,Q020::17
Part3/outputs/answers_mistral_7b_T1.5.csv,answers_mistral_7b_T1.5,Q020,J,Video game titles,18,"jawbreaker

(Here, I have given a common video game title","jawbreaker (here, i have given a common video game title",0,0,0,Q020::18
Part3/outputs/answers_mistral_7b_T1.5.csv,answers_mistral_7b_T1.5,Q020,J,Video game titles,19,jewel_jam,jewel_jam,0,0,0,Q020::19
Part3/outputs/answers_mistral_7b_T1.5.csv,answers_mistral_7b_T1.5,Q021,K,Superheroes,0,kryptonian (Superman),kryptonian (superman,0,0,0,Q021::0
Part3/outputs/answers_mistral_7b_T1.5.csv,answers_mistral_7b_T1.5,Q021,K,Superheroes,1,kryptonian,kryptonian,0,0,0,Q021::1
Part3/outputs/answers_mistral_7b_T1.5.csv,answers_mistral_7b_T1.5,Q021,K,Superheroes,2,kryptonian,kryptonian,0,0,0,Q021::2
Part3/outputs/answers_mistral_7b_T1.5.csv,answers_mistral_7b_T1.5,Q021,K,Superheroes,3,kryptonian,kryptonian,0,0,0,Q021::3
Part3/outputs/answers_mistral_7b_T1.5.csv,answers_mistral_7b_T1.5,Q021,K,Superheroes,4,knightrider,knightrider,0,0,0,Q021::4
Part3/outputs/answers_mistral_7b_T1.5.csv,answers_mistral_7b_T1.5,Q021,K,Superheroes,5,knightmare,knightmare,0,0,0,Q021::5
Part3/outputs/answers_mistral_7b_T1.5.csv,answers_mistral_7b_T1.5,Q021,K,Superheroes,6,kryptonian,kryptonian,0,0,0,Q021::6
Part3/outputs/answers_mistral_7b_T1.5.csv,answers_mistral_7b_T1.5,Q021,K,Superheroes,7,kryptonian,kryptonian,0,0,0,Q021::7
Part3/outputs/answers_mistral_7b_T1.5.csv,answers_mistral_7b_T1.5,Q021,K,Superheroes,8,knightrider,knightrider,0,0,0,Q021::8
Part3/outputs/answers_mistral_7b_T1.5.csv,answers_mistral_7b_T1.5,Q021,K,Superheroes,9,kryptonian,kryptonian,0,0,0,Q021::9
Part3/outputs/answers_mistral_7b_T1.5.csv,answers_mistral_7b_T1.5,Q021,K,Superheroes,10,knightmare,knightmare,0,0,0,Q021::10
Part3/outputs/answers_mistral_7b_T1.5.csv,answers_mistral_7b_T1.5,Q021,K,Superheroes,11,kryptonian Clark,kryptonian clark,0,0,0,Q021::11
Part3/outputs/answers_mistral_7b_T1.5.csv,answers_mistral_7b_T1.5,Q021,K,Superheroes,12,kryptonian,kryptonian,0,0,0,Q021::12
Part3/outputs/answers_mistral_7b_T1.5.csv,answers_mistral_7b_T1.5,Q021,K,Superheroes,13,kryptonian,kryptonian,0,0,0,Q021::13
Part3/outputs/answers_mistral_7b_T1.5.csv,answers_mistral_7b_T1.5,Q021,K,Superheroes,14,kryptonian (Superman),kryptonian (superman,0,0,0,Q021::14
Part3/outputs/answers_mistral_7b_T1.5.csv,answers_mistral_7b_T1.5,Q021,K,Superheroes,15,knight-rider,knight-rider,0,0,0,Q021::15
Part3/outputs/answers_mistral_7b_T1.5.csv,answers_mistral_7b_T1.5,Q021,K,Superheroes,16,knightmare,knightmare,0,0,0,Q021::16
Part3/outputs/answers_mistral_7b_T1.5.csv,answers_mistral_7b_T1.5,Q021,K,Superheroes,17,kryptonianman,kryptonianman,0,0,0,Q021::17
Part3/outputs/answers_mistral_7b_T1.5.csv,answers_mistral_7b_T1.5,Q021,K,Superheroes,18,kryptonian,kryptonian,0,0,0,Q021::18
Part3/outputs/answers_mistral_7b_T1.5.csv,answers_mistral_7b_T1.5,Q021,K,Superheroes,19,kryptonianman,kryptonianman,0,0,0,Q021::19
Part3/outputs/answers_mistral_7b_T1.5.csv,answers_mistral_7b_T1.5,Q022,K,Things in a grocery store,0,kiwifruit,kiwifruit,1,0,1,Q022::0
Part3/outputs/answers_mistral_7b_T1.5.csv,answers_mistral_7b_T1.5,Q022,K,Things in a grocery store,1,kiwi,kiwi,1,0,1,Q022::1
Part3/outputs/answers_mistral_7b_T1.5.csv,answers_mistral_7b_T1.5,Q022,K,Things in a grocery store,2,kielbasa,kielbasa,1,0,1,Q022::2
Part3/outputs/answers_mistral_7b_T1.5.csv,answers_mistral_7b_T1.5,Q022,K,Things in a grocery store,3,ketchup,ketchup,1,0,1,Q022::3
Part3/outputs/answers_mistral_7b_T1.5.csv,answers_mistral_7b_T1.5,Q022,K,Things in a grocery store,4,ketchup,ketchup,1,0,1,Q022::4
Part3/outputs/answers_mistral_7b_T1.5.csv,answers_mistral_7b_T1.5,Q022,K,Things in a grocery store,5,kiwi,kiwi,1,0,1,Q022::5
Part3/outputs/answers_mistral_7b_T1.5.csv,answers_mistral_7b_T1.5,Q022,K,Things in a grocery store,6,kiwi,kiwi,1,0,1,Q022::6
Part3/outputs/answers_mistral_7b_T1.5.csv,answers_mistral_7b_T1.5,Q022,K,Things in a grocery store,7,kiwi,kiwi,1,1,0,Q022::7
Part3/outputs/answers_mistral_7b_T1.5.csv,answers_mistral_7b_T1.5,Q022,K,Things in a grocery store,8,kiwifruit,kiwifruit,1,0,1,Q022::8
Part3/outputs/answers_mistral_7b_T1.5.csv,answers_mistral_7b_T1.5,Q022,K,Things in a grocery store,9,kiwi,kiwi,1,1,0,Q022::9
Part3/outputs/answers_mistral_7b_T1.5.csv,answers_mistral_7b_T1.5,Q022,K,Things in a grocery store,10,kiwifruit,kiwifruit,1,0,1,Q022::10
Part3/outputs/answers_mistral_7b_T1.5.csv,answers_mistral_7b_T1.5,Q022,K,Things in a grocery store,11,ketchup,ketchup,1,0,1,Q022::11
Part3/outputs/answers_mistral_7b_T1.5.csv,answers_mistral_7b_T1.5,Q022,K,Things in a grocery store,12,ketchup,ketchup,1,0,1,Q022::12
Part3/outputs/answers_mistral_7b_T1.5.csv,answers_mistral_7b_T1.5,Q022,K,Things in a grocery store,13,kiwi,kiwi,1,1,0,Q022::13
Part3/outputs/answers_mistral_7b_T1.5.csv,answers_mistral_7b_T1.5,Q022,K,Things in a grocery store,14,kiwifruit,kiwifruit,1,0,1,Q022::14
Part3/outputs/answers_mistral_7b_T1.5.csv,answers_mistral_7b_T1.5,Q022,K,Things in a grocery store,15,kiwi,kiwi,1,1,0,Q022::15
Part3/outputs/answers_mistral_7b_T1.5.csv,answers_mistral_7b_T1.5,Q022,K,Things in a grocery store,16,kiwi,kiwi,1,0,1,Q022::16
Part3/outputs/answers_mistral_7b_T1.5.csv,answers_mistral_7b_T1.5,Q022,K,Things in a grocery store,17,ketchup,ketchup,1,0,1,Q022::17
Part3/outputs/answers_mistral_7b_T1.5.csv,answers_mistral_7b_T1.5,Q022,K,Things in a grocery store,18,kiwifruit,kiwifruit,1,0,1,Q022::18
Part3/outputs/answers_mistral_7b_T1.5.csv,answers_mistral_7b_T1.5,Q022,K,Things in a grocery store,19,kiwi,kiwi,1,1,0,Q022::19
Part3/outputs/answers_mistral_7b_T1.5.csv,answers_mistral_7b_T1.5,Q023,L,Dog breeds,0,laboratory-hound,laboratory-hound,0,0,0,Q023::0
Part3/outputs/answers_mistral_7b_T1.5.csv,answers_mistral_7b_T1.5,Q023,L,Dog breeds,1,lhasa apso,lhasa apso,1,0,1,Q023::1
Part3/outputs/answers_mistral_7b_T1.5.csv,answers_mistral_7b_T1.5,Q023,L,Dog breeds,2,leonberger,leonberger,1,0,1,Q023::2
Part3/outputs/answers_mistral_7b_T1.5.csv,answers_mistral_7b_T1.5,Q023,L,Dog breeds,3,lhasa apso,lhasa apso,1,0,1,Q023::3
Part3/outputs/answers_mistral_7b_T1.5.csv,answers_mistral_7b_T1.5,Q023,L,Dog breeds,4,spaniel lurcher,spaniel lurcher,0,0,0,Q023::4
Part3/outputs/answers_mistral_7b_T1.5.csv,answers_mistral_7b_T1.5,Q023,L,Dog breeds,5,labrador retriever,labrador retriever,1,1,0,Q023::5
Part3/outputs/answers_mistral_7b_T1.5.csv,answers_mistral_7b_T1.5,Q023,L,Dog breeds,6,labrador retriever,labrador retriever,1,1,0,Q023::6
Part3/outputs/answers_mistral_7b_T1.5.csv,answers_mistral_7b_T1.5,Q023,L,Dog breeds,7,basset-hound,basset-hound,0,0,0,Q023::7
Part3/outputs/answers_mistral_7b_T1.5.csv,answers_mistral_7b_T1.5,Q023,L,Dog breeds,8,leonberger,leonberger,1,0,1,Q023::8
Part3/outputs/answers_mistral_7b_T1.5.csv,answers_mistral_7b_T1.5,Q023,L,Dog breeds,9,lhasa apso,lhasa apso,1,0,1,Q023::9
Part3/outputs/answers_mistral_7b_T1.5.csv,answers_mistral_7b_T1.5,Q023,L,Dog breeds,10,lhasa apso,lhasa apso,1,0,1,Q023::10
Part3/outputs/answers_mistral_7b_T1.5.csv,answers_mistral_7b_T1.5,Q023,L,Dog breeds,11,labrador retriever,labrador retriever,1,1,0,Q023::11
Part3/outputs/answers_mistral_7b_T1.5.csv,answers_mistral_7b_T1.5,Q023,L,Dog breeds,12,labrador retriever,labrador retriever,1,1,0,Q023::12
Part3/outputs/answers_mistral_7b_T1.5.csv,answers_mistral_7b_T1.5,Q023,L,Dog breeds,13,leonberger,leonberger,1,0,1,Q023::13
Part3/outputs/answers_mistral_7b_T1.5.csv,answers_mistral_7b_T1.5,Q023,L,Dog breeds,14,bloodhound (or sometimes Labrador for variation),bloodhound (or sometimes labrador for variation,1,0,1,Q023::14
Part3/outputs/answers_mistral_7b_T1.5.csv,answers_mistral_7b_T1.5,Q023,L,Dog breeds,15,lhasa apso,lhasa apso,1,0,1,Q023::15
Part3/outputs/answers_mistral_7b_T1.5.csv,answers_mistral_7b_T1.5,Q023,L,Dog breeds,16,labrador retriever,labrador retriever,1,1,0,Q023::16
Part3/outputs/answers_mistral_7b_T1.5.csv,answers_mistral_7b_T1.5,Q023,L,Dog breeds,17,lhasa apso,lhasa apso,1,0,1,Q023::17
Part3/outputs/answers_mistral_7b_T1.5.csv,answers_mistral_7b_T1.5,Q023,L,Dog breeds,18,lhasa apso,lhasa apso,1,0,1,Q023::18
Part3/outputs/answers_mistral_7b_T1.5.csv,answers_mistral_7b_T1.5,Q023,L,Dog breeds,19,lhasa apso,lhasa apso,1,0,1,Q023::19
Part3/outputs/answers_mistral_7b_T1.5.csv,answers_mistral_7b_T1.5,Q024,L,Books,0,lost symbols,lost symbols,0,0,0,Q024::0
Part3/outputs/answers_mistral_7b_T1.5.csv,answers_mistral_7b_T1.5,Q024,L,Books,1,little women,little women,1,0,1,Q024::1
Part3/outputs/answers_mistral_7b_T1.5.csv,answers_mistral_7b_T1.5,Q024,L,Books,2,little women,little women,1,0,1,Q024::2
Part3/outputs/answers_mistral_7b_T1.5.csv,answers_mistral_7b_T1.5,Q024,L,Books,3,labyrinth loss,labyrinth loss,0,0,0,Q024::3
Part3/outputs/answers_mistral_7b_T1.5.csv,answers_mistral_7b_T1.5,Q024,L,Books,4,library books,library books,0,0,0,Q024::4
Part3/outputs/answers_mistral_7b_T1.5.csv,answers_mistral_7b_T1.5,Q024,L,Books,5,library books,library books,0,0,0,Q024::5
Part3/outputs/answers_mistral_7b_T1.5.csv,answers_mistral_7b_T1.5,Q024,L,Books,6,library lionheart,library lionheart,0,0,0,Q024::6
Part3/outputs/answers_mistral_7b_T1.5.csv,answers_mistral_7b_T1.5,Q024,L,Books,7,library book,library book,0,0,0,Q024::7
Part3/outputs/answers_mistral_7b_T1.5.csv,answers_mistral_7b_T1.5,Q024,L,Books,8,lord of the rings,lord of the rings,1,0,1,Q024::8
Part3/outputs/answers_mistral_7b_T1.5.csv,answers_mistral_7b_T1.5,Q024,L,Books,9,lords-of-the-rings,lords-of-the-rings,1,0,1,Q024::9
Part3/outputs/answers_mistral_7b_T1.5.csv,answers_mistral_7b_T1.5,Q024,L,Books,10,little women,little women,1,0,1,Q024::10
Part3/outputs/answers_mistral_7b_T1.5.csv,answers_mistral_7b_T1.5,Q024,L,Books,11,lemon-lover's guidebook,lemon-lover's guidebook,0,0,0,Q024::11
Part3/outputs/answers_mistral_7b_T1.5.csv,answers_mistral_7b_T1.5,Q024,L,Books,12,libraries,libraries,0,0,0,Q024::12
Part3/outputs/answers_mistral_7b_T1.5.csv,answers_mistral_7b_T1.5,Q024,L,Books,13,library lions,library lions,0,0,0,Q024::13
Part3/outputs/answers_mistral_7b_T1.5.csv,answers_mistral_7b_T1.5,Q024,L,Books,14,library books,library books,0,0,0,Q024::14
Part3/outputs/answers_mistral_7b_T1.5.csv,answers_mistral_7b_T1.5,Q024,L,Books,15,lemon-sky (a children's book by Paul Fleischman),lemon-sky (a children's book by paul fleischman,0,0,0,Q024::15
Part3/outputs/answers_mistral_7b_T1.5.csv,answers_mistral_7b_T1.5,Q024,L,Books,16,lavender blue dresses,lavender blue dresses,0,0,0,Q024::16
Part3/outputs/answers_mistral_7b_T1.5.csv,answers_mistral_7b_T1.5,Q024,L,Books,17,library lions,library lions,0,0,0,Q024::17
Part3/outputs/answers_mistral_7b_T1.5.csv,answers_mistral_7b_T1.5,Q024,L,Books,18,library lending,library lending,0,0,0,Q024::18
Part3/outputs/answers_mistral_7b_T1.5.csv,answers_mistral_7b_T1.5,Q024,L,Books,19,little women,little women,1,0,1,Q024::19
Part3/outputs/answers_mistral_7b_T1.5.csv,answers_mistral_7b_T1.5,Q025,M,Languages,0,mandarin chinese,mandarin chinese,1,0,1,Q025::0
Part3/outputs/answers_mistral_7b_T1.5.csv,answers_mistral_7b_T1.5,Q025,M,Languages,1,martian,martian,0,0,0,Q025::1
Part3/outputs/answers_mistral_7b_T1.5.csv,answers_mistral_7b_T1.5,Q025,M,Languages,2,manchu,manchu,1,0,1,Q025::2
Part3/outputs/answers_mistral_7b_T1.5.csv,answers_mistral_7b_T1.5,Q025,M,Languages,3,spanish,spanish,0,0,0,Q025::3
Part3/outputs/answers_mistral_7b_T1.5.csv,answers_mistral_7b_T1.5,Q025,M,Languages,4,mandarin chinese,mandarin chinese,1,0,1,Q025::4
Part3/outputs/answers_mistral_7b_T1.5.csv,answers_mistral_7b_T1.5,Q025,M,Languages,5,"mayan

Explanation: Maya is a language from the May",mayan explanation: maya is a language from the may,0,0,0,Q025::5
Part3/outputs/answers_mistral_7b_T1.5.csv,answers_mistral_7b_T1.5,Q025,M,Languages,6,manchu-mandarin,manchu-mandarin,0,0,0,Q025::6
Part3/outputs/answers_mistral_7b_T1.5.csv,answers_mistral_7b_T1.5,Q025,M,Languages,7,mayan,mayan,1,0,1,Q025::7
Part3/outputs/answers_mistral_7b_T1.5.csv,answers_mistral_7b_T1.5,Q025,M,Languages,8,spanish,spanish,0,0,0,Q025::8
Part3/outputs/answers_mistral_7b_T1.5.csv,answers_mistral_7b_T1.5,Q025,M,Languages,9,martinique-creole,martinique-creole,0,0,0,Q025::9
Part3/outputs/answers_mistral_7b_T1.5.csv,answers_mistral_7b_T1.5,Q025,M,Languages,10,mandarin chinese,mandarin chinese,1,0,1,Q025::10
Part3/outputs/answers_mistral_7b_T1.5.csv,answers_mistral_7b_T1.5,Q025,M,Languages,11,mandarin,mandarin,1,0,1,Q025::11
Part3/outputs/answers_mistral_7b_T1.5.csv,answers_mistral_7b_T1.5,Q025,M,Languages,12,macedonian,macedonian,1,0,1,Q025::12
Part3/outputs/answers_mistral_7b_T1.5.csv,answers_mistral_7b_T1.5,Q025,M,Languages,13,medieval latin,medieval latin,0,0,0,Q025::13
Part3/outputs/answers_mistral_7b_T1.5.csv,answers_mistral_7b_T1.5,Q025,M,Languages,14,mayan,mayan,1,0,1,Q025::14
Part3/outputs/answers_mistral_7b_T1.5.csv,answers_mistral_7b_T1.5,Q025,M,Languages,15,spanish,spanish,0,0,0,Q025::15
Part3/outputs/answers_mistral_7b_T1.5.csv,answers_mistral_7b_T1.5,Q025,M,Languages,16,martinique-creole-french,martinique-creole-french,0,0,0,Q025::16
Part3/outputs/answers_mistral_7b_T1.5.csv,answers_mistral_7b_T1.5,Q025,M,Languages,17,mandarin chinese,mandarin chinese,1,0,1,Q025::17
Part3/outputs/answers_mistral_7b_T1.5.csv,answers_mistral_7b_T1.5,Q025,M,Languages,18,mandarin,mandarin,1,0,1,Q025::18
Part3/outputs/answers_mistral_7b_T1.5.csv,answers_mistral_7b_T1.5,Q025,M,Languages,19,manchu,manchu,1,0,1,Q025::19
Part3/outputs/answers_mistral_7b_T1.5.csv,answers_mistral_7b_T1.5,Q026,M,Clothing items,0,mackintosh raincoat,mackintosh raincoat,1,0,1,Q026::0
Part3/outputs/answers_mistral_7b_T1.5.csv,answers_mistral_7b_T1.5,Q026,M,Clothing items,1,mackintosh raincoat,mackintosh raincoat,1,0,1,Q026::1
Part3/outputs/answers_mistral_7b_T1.5.csv,answers_mistral_7b_T1.5,Q026,M,Clothing items,2,mockingbird hat,mockingbird hat,0,0,0,Q026::2
Part3/outputs/answers_mistral_7b_T1.5.csv,answers_mistral_7b_T1.5,Q026,M,Clothing items,3,mockingbird hat,mockingbird hat,0,0,0,Q026::3
Part3/outputs/answers_mistral_7b_T1.5.csv,answers_mistral_7b_T1.5,Q026,M,Clothing items,4,mockingbird shirt,mockingbird shirt,0,0,0,Q026::4
Part3/outputs/answers_mistral_7b_T1.5.csv,answers_mistral_7b_T1.5,Q026,M,Clothing items,5,merino mittens,merino mittens,1,0,1,Q026::5
Part3/outputs/answers_mistral_7b_T1.5.csv,answers_mistral_7b_T1.5,Q026,M,Clothing items,6,maracuja dress,maracuja dress,0,0,0,Q026::6
Part3/outputs/answers_mistral_7b_T1.5.csv,answers_mistral_7b_T1.5,Q026,M,Clothing items,7,moccasins,moccasins,1,0,1,Q026::7
Part3/outputs/answers_mistral_7b_T1.5.csv,answers_mistral_7b_T1.5,Q026,M,Clothing items,8,marine boots,marine boots,0,0,0,Q026::8
Part3/outputs/answers_mistral_7b_T1.5.csv,answers_mistral_7b_T1.5,Q026,M,Clothing items,9,merino mule,merino mule,0,0,0,Q026::9
Part3/outputs/answers_mistral_7b_T1.5.csv,answers_mistral_7b_T1.5,Q026,M,Clothing items,10,mockingjay pin (from The Hunger Games),mockingjay pin (from the hunger games,0,0,0,Q026::10
Part3/outputs/answers_mistral_7b_T1.5.csv,answers_mistral_7b_T1.5,Q026,M,Clothing items,11,mockingbird shirt,mockingbird shirt,0,0,0,Q026::11
Part3/outputs/answers_mistral_7b_T1.5.csv,answers_mistral_7b_T1.5,Q026,M,Clothing items,12,magenta mesh moccasins,magenta mesh moccasins,1,0,1,Q026::12
Part3/outputs/answers_mistral_7b_T1.5.csv,answers_mistral_7b_T1.5,Q026,M,Clothing items,13,mary jane shoe,mary jane shoe,1,0,1,Q026::13
Part3/outputs/answers_mistral_7b_T1.5.csv,answers_mistral_7b_T1.5,Q026,M,Clothing items,14,denim jacket,denim jacket,0,0,0,Q026::14
Part3/outputs/answers_mistral_7b_T1.5.csv,answers_mistral_7b_T1.5,Q026,M,Clothing items,15,mint green maxi dress,mint green maxi dress,0,0,0,Q026::15
Part3/outputs/answers_mistral_7b_T1.5.csv,answers_mistral_7b_T1.5,Q026,M,Clothing items,16,merino mare's mask,merino mare's mask,0,0,0,Q026::16
Part3/outputs/answers_mistral_7b_T1.5.csv,answers_mistral_7b_T1.5,Q026,M,Clothing items,17,mackintosh,mackintosh,1,0,1,Q026::17
Part3/outputs/answers_mistral_7b_T1.5.csv,answers_mistral_7b_T1.5,Q026,M,Clothing items,18,mannequin mesh top,mannequin mesh top,0,0,0,Q026::18
Part3/outputs/answers_mistral_7b_T1.5.csv,answers_mistral_7b_T1.5,Q026,M,Clothing items,19,denim jacket,denim jacket,0,0,0,Q026::19
Part3/outputs/answers_mistral_7b_T1.5.csv,answers_mistral_7b_T1.5,Q027,N,Birds,0,nightingale,nightingale,1,1,0,Q027::0
Part3/outputs/answers_mistral_7b_T1.5.csv,answers_mistral_7b_T1.5,Q027,N,Birds,1,nightingale,nightingale,1,1,0,Q027::1
Part3/outputs/answers_mistral_7b_T1.5.csv,answers_mistral_7b_T1.5,Q027,N,Birds,2,northern Cardinal,northern cardinal,1,0,1,Q027::2
Part3/outputs/answers_mistral_7b_T1.5.csv,answers_mistral_7b_T1.5,Q027,N,Birds,3,nightingale,nightingale,1,1,0,Q027::3
Part3/outputs/answers_mistral_7b_T1.5.csv,answers_mistral_7b_T1.5,Q027,N,Birds,4,nightingale,nightingale,1,1,0,Q027::4
Part3/outputs/answers_mistral_7b_T1.5.csv,answers_mistral_7b_T1.5,Q027,N,Birds,5,nightingale,nightingale,1,1,0,Q027::5
Part3/outputs/answers_mistral_7b_T1.5.csv,answers_mistral_7b_T1.5,Q027,N,Birds,6,nightingale,nightingale,1,0,1,Q027::6
Part3/outputs/answers_mistral_7b_T1.5.csv,answers_mistral_7b_T1.5,Q027,N,Birds,7,northern cardinal,northern cardinal,1,0,1,Q027::7
Part3/outputs/answers_mistral_7b_T1.5.csv,answers_mistral_7b_T1.5,Q027,N,Birds,8,nightingale,nightingale,1,1,0,Q027::8
Part3/outputs/answers_mistral_7b_T1.5.csv,answers_mistral_7b_T1.5,Q027,N,Birds,9,nightingale,nightingale,1,0,1,Q027::9
Part3/outputs/answers_mistral_7b_T1.5.csv,answers_mistral_7b_T1.5,Q027,N,Birds,10,nightingale,nightingale,1,1,0,Q027::10
Part3/outputs/answers_mistral_7b_T1.5.csv,answers_mistral_7b_T1.5,Q027,N,Birds,11,nightingale,nightingale,1,1,0,Q027::11
Part3/outputs/answers_mistral_7b_T1.5.csv,answers_mistral_7b_T1.5,Q027,N,Birds,12,nightingale,nightingale,1,1,0,Q027::12
Part3/outputs/answers_mistral_7b_T1.5.csv,answers_mistral_7b_T1.5,Q027,N,Birds,13,northern mockingbird,northern mockingbird,1,0,1,Q027::13
Part3/outputs/answers_mistral_7b_T1.5.csv,answers_mistral_7b_T1.5,Q027,N,Birds,14,nightingale,nightingale,1,1,0,Q027::14
Part3/outputs/answers_mistral_7b_T1.5.csv,answers_mistral_7b_T1.5,Q027,N,Birds,15,nightingale,nightingale,1,1,0,Q027::15
Part3/outputs/answers_mistral_7b_T1.5.csv,answers_mistral_7b_T1.5,Q027,N,Birds,16,northern mockingbird,northern mockingbird,1,0,1,Q027::16
Part3/outputs/answers_mistral_7b_T1.5.csv,answers_mistral_7b_T1.5,Q027,N,Birds,17,nightingale,nightingale,1,0,1,Q027::17
Part3/outputs/answers_mistral_7b_T1.5.csv,answers_mistral_7b_T1.5,Q027,N,Birds,18,nightingale,nightingale,1,1,0,Q027::18
Part3/outputs/answers_mistral_7b_T1.5.csv,answers_mistral_7b_T1.5,Q027,N,Birds,19,northern mockingbird,northern mockingbird,1,0,1,Q027::19
Part3/outputs/answers_mistral_7b_T1.5.csv,answers_mistral_7b_T1.5,Q028,N,Things in a hospital,0,nasalcanula,nasalcanula,0,0,0,Q028::0
Part3/outputs/answers_mistral_7b_T1.5.csv,answers_mistral_7b_T1.5,Q028,N,Things in a hospital,1,nursingstation,nursingstation,1,0,1,Q028::1
Part3/outputs/answers_mistral_7b_T1.5.csv,answers_mistral_7b_T1.5,Q028,N,Things in a hospital,2,nasal cannula,nasal cannula,1,0,1,Q028::2
Part3/outputs/answers_mistral_7b_T1.5.csv,answers_mistral_7b_T1.5,Q028,N,Things in a hospital,3,nursetable,nursetable,0,0,0,Q028::3
Part3/outputs/answers_mistral_7b_T1.5.csv,answers_mistral_7b_T1.5,Q028,N,Things in a hospital,4,nasal cannula,nasal cannula,1,0,1,Q028::4
Part3/outputs/answers_mistral_7b_T1.5.csv,answers_mistral_7b_T1.5,Q028,N,Things in a hospital,5,nurse's station,nurse's station,1,0,1,Q028::5
Part3/outputs/answers_mistral_7b_T1.5.csv,answers_mistral_7b_T1.5,Q028,N,Things in a hospital,6,nurse's station,nurse's station,1,0,1,Q028::6
Part3/outputs/answers_mistral_7b_T1.5.csv,answers_mistral_7b_T1.5,Q028,N,Things in a hospital,7,nebulizer,nebulizer,1,0,1,Q028::7
Part3/outputs/answers_mistral_7b_T1.5.csv,answers_mistral_7b_T1.5,Q028,N,Things in a hospital,8,nursing station,nursing station,1,0,1,Q028::8
Part3/outputs/answers_mistral_7b_T1.5.csv,answers_mistral_7b_T1.5,Q028,N,Things in a hospital,9,nebulizer,nebulizer,1,0,1,Q028::9
Part3/outputs/answers_mistral_7b_T1.5.csv,answers_mistral_7b_T1.5,Q028,N,Things in a hospital,10,nursery,nursery,1,0,1,Q028::10
Part3/outputs/answers_mistral_7b_T1.5.csv,answers_mistral_7b_T1.5,Q028,N,Things in a hospital,11,nebulizer,nebulizer,1,0,1,Q028::11
Part3/outputs/answers_mistral_7b_T1.5.csv,answers_mistral_7b_T1.5,Q028,N,Things in a hospital,12,nebulizer,nebulizer,1,0,1,Q028::12
Part3/outputs/answers_mistral_7b_T1.5.csv,answers_mistral_7b_T1.5,Q028,N,Things in a hospital,13,nursing station,nursing station,1,0,1,Q028::13
Part3/outputs/answers_mistral_7b_T1.5.csv,answers_mistral_7b_T1.5,Q028,N,Things in a hospital,14,nitrogenmask,nitrogenmask,0,0,0,Q028::14
Part3/outputs/answers_mistral_7b_T1.5.csv,answers_mistral_7b_T1.5,Q028,N,Things in a hospital,15,nasal cannula,nasal cannula,1,0,1,Q028::15
Part3/outputs/answers_mistral_7b_T1.5.csv,answers_mistral_7b_T1.5,Q028,N,Things in a hospital,16,nurse's station,nurse's station,1,0,1,Q028::16
Part3/outputs/answers_mistral_7b_T1.5.csv,answers_mistral_7b_T1.5,Q028,N,Things in a hospital,17,nursingstation,nursingstation,1,0,1,Q028::17
Part3/outputs/answers_mistral_7b_T1.5.csv,answers_mistral_7b_T1.5,Q028,N,Things in a hospital,18,nurse's station,nurse's station,1,0,1,Q028::18
Part3/outputs/answers_mistral_7b_T1.5.csv,answers_mistral_7b_T1.5,Q028,N,Things in a hospital,19,nurses' station,nurses' station,1,0,1,Q028::19
Part3/outputs/answers_mistral_7b_T1.5.csv,answers_mistral_7b_T1.5,Q029,O,Companies,0,olayan (Olam International),olayan (olam international,0,0,0,Q029::0
Part3/outputs/answers_mistral_7b_T1.5.csv,answers_mistral_7b_T1.5,Q029,O,Companies,1,oracle,oracle,1,0,1,Q029::1
Part3/outputs/answers_mistral_7b_T1.5.csv,answers_mistral_7b_T1.5,Q029,O,Companies,2,orangebrands,orangebrands,0,0,0,Q029::2
Part3/outputs/answers_mistral_7b_T1.5.csv,answers_mistral_7b_T1.5,Q029,O,Companies,3,oracle,oracle,1,1,0,Q029::3
Part3/outputs/answers_mistral_7b_T1.5.csv,answers_mistral_7b_T1.5,Q029,O,Companies,4,orangegrove-oils,orangegrove-oils,0,0,0,Q029::4
Part3/outputs/answers_mistral_7b_T1.5.csv,answers_mistral_7b_T1.5,Q029,O,Companies,5,orangegrove-oils,orangegrove-oils,0,0,0,Q029::5
Part3/outputs/answers_mistral_7b_T1.5.csv,answers_mistral_7b_T1.5,Q029,O,Companies,6,oracle,oracle,1,1,0,Q029::6
Part3/outputs/answers_mistral_7b_T1.5.csv,answers_mistral_7b_T1.5,Q029,O,Companies,7,oracle,oracle,1,1,0,Q029::7
Part3/outputs/answers_mistral_7b_T1.5.csv,answers_mistral_7b_T1.5,Q029,O,Companies,8,oracle corp,oracle corp,1,0,1,Q029::8
Part3/outputs/answers_mistral_7b_T1.5.csv,answers_mistral_7b_T1.5,Q029,O,Companies,9,oracle corp,oracle corp,1,0,1,Q029::9
Part3/outputs/answers_mistral_7b_T1.5.csv,answers_mistral_7b_T1.5,Q029,O,Companies,10,olay (oliver wine co.),olay (oliver wine co,0,0,0,Q029::10
Part3/outputs/answers_mistral_7b_T1.5.csv,answers_mistral_7b_T1.5,Q029,O,Companies,11,orangegrove,orangegrove,0,0,0,Q029::11
Part3/outputs/answers_mistral_7b_T1.5.csv,answers_mistral_7b_T1.5,Q029,O,Companies,12,oracle,oracle,1,1,0,Q029::12
Part3/outputs/answers_mistral_7b_T1.5.csv,answers_mistral_7b_T1.5,Q029,O,Companies,13,orangebrands,orangebrands,0,0,0,Q029::13
Part3/outputs/answers_mistral_7b_T1.5.csv,answers_mistral_7b_T1.5,Q029,O,Companies,14,orangegrove-oils,orangegrove-oils,0,0,0,Q029::14
Part3/outputs/answers_mistral_7b_T1.5.csv,answers_mistral_7b_T1.5,Q029,O,Companies,15,orbitzonline,orbitzonline,0,0,0,Q029::15
Part3/outputs/answers_mistral_7b_T1.5.csv,answers_mistral_7b_T1.5,Q029,O,Companies,16,oracle corp,oracle corp,1,0,1,Q029::16
Part3/outputs/answers_mistral_7b_T1.5.csv,answers_mistral_7b_T1.5,Q029,O,Companies,17,oracle,oracle,1,1,0,Q029::17
Part3/outputs/answers_mistral_7b_T1.5.csv,answers_mistral_7b_T1.5,Q029,O,Companies,18,oraclecorp,oraclecorp,0,0,0,Q029::18
Part3/outputs/answers_mistral_7b_T1.5.csv,answers_mistral_7b_T1.5,Q029,O,Companies,19,"orangebrand

Note: OrangeBrand is a fictional company name that",orangebrand note: orangebrand is a fictional company name that,0,0,0,Q029::19
Part3/outputs/answers_mistral_7b_T1.5.csv,answers_mistral_7b_T1.5,Q030,O,Things in the sky,0,orion constellation,orion constellation,1,0,1,Q030::0
Part3/outputs/answers_mistral_7b_T1.5.csv,answers_mistral_7b_T1.5,Q030,O,Things in the sky,1,orange (orbiting satellite),orange (orbiting satellite,0,0,0,Q030::1
Part3/outputs/answers_mistral_7b_T1.5.csv,answers_mistral_7b_T1.5,Q030,O,Things in the sky,2,opticsatellite,opticsatellite,0,0,0,Q030::2
Part3/outputs/answers_mistral_7b_T1.5.csv,answers_mistral_7b_T1.5,Q030,O,Things in the sky,3,Orion constellation,orion constellation,1,0,1,Q030::3
Part3/outputs/answers_mistral_7b_T1.5.csv,answers_mistral_7b_T1.5,Q030,O,Things in the sky,4,Orion constellation,orion constellation,1,0,1,Q030::4
Part3/outputs/answers_mistral_7b_T1.5.csv,answers_mistral_7b_T1.5,Q030,O,Things in the sky,5,owl,owl,0,0,0,Q030::5
Part3/outputs/answers_mistral_7b_T1.5.csv,answers_mistral_7b_T1.5,Q030,O,Things in the sky,6,"orange

(Note: The answer 'Orion' would be valid if",orange (note: the answer 'orion' would be valid if,0,0,0,Q030::6
Part3/outputs/answers_mistral_7b_T1.5.csv,answers_mistral_7b_T1.5,Q030,O,Things in the sky,7,"owl, orbit, comet","owl, orbit, comet",1,0,1,Q030::7
Part3/outputs/answers_mistral_7b_T1.5.csv,answers_mistral_7b_T1.5,Q030,O,Things in the sky,8,asteroid,asteroid,0,0,0,Q030::8
Part3/outputs/answers_mistral_7b_T1.5.csv,answers_mistral_7b_T1.5,Q030,O,Things in the sky,9,orionconstellation,orionconstellation,0,0,0,Q030::9
Part3/outputs/answers_mistral_7b_T1.5.csv,answers_mistral_7b_T1.5,Q030,O,Things in the sky,10,orbiting asteroid,orbiting asteroid,0,0,0,Q030::10
Part3/outputs/answers_mistral_7b_T1.5.csv,answers_mistral_7b_T1.5,Q030,O,Things in the sky,11,orbiting satellite,orbiting satellite,0,0,0,Q030::11
Part3/outputs/answers_mistral_7b_T1.5.csv,answers_mistral_7b_T1.5,Q030,O,Things in the sky,12,orbiting satellite,orbiting satellite,0,0,0,Q030::12
Part3/outputs/answers_mistral_7b_T1.5.csv,answers_mistral_7b_T1.5,Q030,O,Things in the sky,13,"orange

(For clarification: Although an ""orbit"" starts with","orange (for clarification: although an ""orbit"" starts with",0,0,0,Q030::13
Part3/outputs/answers_mistral_7b_T1.5.csv,answers_mistral_7b_T1.5,Q030,O,Things in the sky,14,orion constellation,orion constellation,1,0,1,Q030::14
Part3/outputs/answers_mistral_7b_T1.5.csv,answers_mistral_7b_T1.5,Q030,O,Things in the sky,15,"owl, asteroid, octopus (though unlikely, but it fits","owl, asteroid, octopus (though unlikely, but it fits",0,0,0,Q030::15
Part3/outputs/answers_mistral_7b_T1.5.csv,answers_mistral_7b_T1.5,Q030,O,Things in the sky,16,orion constellation,orion constellation,1,0,1,Q030::16
Part3/outputs/answers_mistral_7b_T1.5.csv,answers_mistral_7b_T1.5,Q030,O,Things in the sky,17,orion constellation,orion constellation,1,0,1,Q030::17
Part3/outputs/answers_mistral_7b_T1.5.csv,answers_mistral_7b_T1.5,Q030,O,Things in the sky,18,orionconstellation,orionconstellation,0,0,0,Q030::18
Part3/outputs/answers_mistral_7b_T1.5.csv,answers_mistral_7b_T1.5,Q030,O,Things in the sky,19,Orion constellation,orion constellation,1,0,1,Q030::19
Part3/outputs/answers_mistral_7b_T1.5.csv,answers_mistral_7b_T1.5,Q031,P,Vegetables,0,pear,pear,0,0,0,Q031::0
Part3/outputs/answers_mistral_7b_T1.5.csv,answers_mistral_7b_T1.5,Q031,P,Vegetables,1,purple peppers,purple peppers,1,0,1,Q031::1
Part3/outputs/answers_mistral_7b_T1.5.csv,answers_mistral_7b_T1.5,Q031,P,Vegetables,2,purple peppers,purple peppers,1,0,1,Q031::2
Part3/outputs/answers_mistral_7b_T1.5.csv,answers_mistral_7b_T1.5,Q031,P,Vegetables,3,pepper,pepper,1,0,1,Q031::3
Part3/outputs/answers_mistral_7b_T1.5.csv,answers_mistral_7b_T1.5,Q031,P,Vegetables,4,peas,peas,1,0,1,Q031::4
Part3/outputs/answers_mistral_7b_T1.5.csv,answers_mistral_7b_T1.5,Q031,P,Vegetables,5,pearplantpotato,pearplantpotato,0,0,0,Q031::5
Part3/outputs/answers_mistral_7b_T1.5.csv,answers_mistral_7b_T1.5,Q031,P,Vegetables,6,purple pepper,purple pepper,0,0,0,Q031::6
Part3/outputs/answers_mistral_7b_T1.5.csv,answers_mistral_7b_T1.5,Q031,P,Vegetables,7,purple potato,purple potato,1,0,1,Q031::7
Part3/outputs/answers_mistral_7b_T1.5.csv,answers_mistral_7b_T1.5,Q031,P,Vegetables,8,pear,pear,0,0,0,Q031::8
Part3/outputs/answers_mistral_7b_T1.5.csv,answers_mistral_7b_T1.5,Q031,P,Vegetables,9,"pear

However, in Scattergories, answers should be unique to","pear however, in scattergories, answers should be unique to",0,0,0,Q031::9
Part3/outputs/answers_mistral_7b_T1.5.csv,answers_mistral_7b_T1.5,Q031,P,Vegetables,10,pearplantainpumpkin,pearplantainpumpkin,0,0,0,Q031::10
Part3/outputs/answers_mistral_7b_T1.5.csv,answers_mistral_7b_T1.5,Q031,P,Vegetables,11,peapod,peapod,1,0,1,Q031::11
Part3/outputs/answers_mistral_7b_T1.5.csv,answers_mistral_7b_T1.5,Q031,P,Vegetables,12,purple pepper,purple pepper,0,0,0,Q031::12
Part3/outputs/answers_mistral_7b_T1.5.csv,answers_mistral_7b_T1.5,Q031,P,Vegetables,13,pepper,pepper,1,0,1,Q031::13
Part3/outputs/answers_mistral_7b_T1.5.csv,answers_mistral_7b_T1.5,Q031,P,Vegetables,14,purple pepper,purple pepper,0,0,0,Q031::14
Part3/outputs/answers_mistral_7b_T1.5.csv,answers_mistral_7b_T1.5,Q031,P,Vegetables,15,pepper,pepper,1,0,1,Q031::15
Part3/outputs/answers_mistral_7b_T1.5.csv,answers_mistral_7b_T1.5,Q031,P,Vegetables,16,purple potato,purple potato,1,0,1,Q031::16
Part3/outputs/answers_mistral_7b_T1.5.csv,answers_mistral_7b_T1.5,Q031,P,Vegetables,17,purple potato,purple potato,1,0,1,Q031::17
Part3/outputs/answers_mistral_7b_T1.5.csv,answers_mistral_7b_T1.5,Q031,P,Vegetables,18,purple potato,purple potato,1,0,1,Q031::18
Part3/outputs/answers_mistral_7b_T1.5.csv,answers_mistral_7b_T1.5,Q031,P,Vegetables,19,purple pepper,purple pepper,0,0,0,Q031::19
Part3/outputs/answers_mistral_7b_T1.5.csv,answers_mistral_7b_T1.5,Q032,P,Historical figures,0,ponce de leon,ponce de leon,1,0,1,Q032::0
Part3/outputs/answers_mistral_7b_T1.5.csv,answers_mistral_7b_T1.5,Q032,P,Historical figures,1,patton george,patton george,0,0,0,Q032::1
Part3/outputs/answers_mistral_7b_T1.5.csv,answers_mistral_7b_T1.5,Q032,P,Historical figures,2,pyrrhus,pyrrhus,1,0,1,Q032::2
Part3/outputs/answers_mistral_7b_T1.5.csv,answers_mistral_7b_T1.5,Q032,P,Historical figures,3,pyrrhus,pyrrhus,1,0,1,Q032::3
Part3/outputs/answers_mistral_7b_T1.5.csv,answers_mistral_7b_T1.5,Q032,P,Historical figures,4,pyrrhus,pyrrhus,1,0,1,Q032::4
Part3/outputs/answers_mistral_7b_T1.5.csv,answers_mistral_7b_T1.5,Q032,P,Historical figures,5,pyrrhus,pyrrhus,1,0,1,Q032::5
Part3/outputs/answers_mistral_7b_T1.5.csv,answers_mistral_7b_T1.5,Q032,P,Historical figures,6,pyrrhus,pyrrhus,1,0,1,Q032::6
Part3/outputs/answers_mistral_7b_T1.5.csv,answers_mistral_7b_T1.5,Q032,P,Historical figures,7,pythagoras,pythagoras,1,0,1,Q032::7
Part3/outputs/answers_mistral_7b_T1.5.csv,answers_mistral_7b_T1.5,Q032,P,Historical figures,8,pythagoras,pythagoras,1,0,1,Q032::8
Part3/outputs/answers_mistral_7b_T1.5.csv,answers_mistral_7b_T1.5,Q032,P,Historical figures,9,ptolemy i,ptolemy i,1,0,1,Q032::9
Part3/outputs/answers_mistral_7b_T1.5.csv,answers_mistral_7b_T1.5,Q032,P,Historical figures,10,pyrrhus,pyrrhus,1,0,1,Q032::10
Part3/outputs/answers_mistral_7b_T1.5.csv,answers_mistral_7b_T1.5,Q032,P,Historical figures,11,pythagoras,pythagoras,1,0,1,Q032::11
Part3/outputs/answers_mistral_7b_T1.5.csv,answers_mistral_7b_T1.5,Q032,P,Historical figures,12,pythagoras,pythagoras,1,1,0,Q032::12
Part3/outputs/answers_mistral_7b_T1.5.csv,answers_mistral_7b_T1.5,Q032,P,Historical figures,13,pyrrhus,pyrrhus,1,0,1,Q032::13
Part3/outputs/answers_mistral_7b_T1.5.csv,answers_mistral_7b_T1.5,Q032,P,Historical figures,14,pythagoras,pythagoras,1,0,1,Q032::14
Part3/outputs/answers_mistral_7b_T1.5.csv,answers_mistral_7b_T1.5,Q032,P,Historical figures,15,pythagoras,pythagoras,1,0,1,Q032::15
Part3/outputs/answers_mistral_7b_T1.5.csv,answers_mistral_7b_T1.5,Q032,P,Historical figures,16,peter the great,peter the great,1,0,1,Q032::16
Part3/outputs/answers_mistral_7b_T1.5.csv,answers_mistral_7b_T1.5,Q032,P,Historical figures,17,pythagoras,pythagoras,1,0,1,Q032::17
Part3/outputs/answers_mistral_7b_T1.5.csv,answers_mistral_7b_T1.5,Q032,P,Historical figures,18,pyrrhus,pyrrhus,1,0,1,Q032::18
Part3/outputs/answers_mistral_7b_T1.5.csv,answers_mistral_7b_T1.5,Q032,P,Historical figures,19,pythagoras,pythagoras,1,0,1,Q032::19
Part3/outputs/answers_mistral_7b_T1.5.csv,answers_mistral_7b_T1.5,Q033,Q,Words in English,0,quokka,quokka,1,0,1,Q033::0
Part3/outputs/answers_mistral_7b_T1.5.csv,answers_mistral_7b_T1.5,Q033,Q,Words in English,1,quiche,quiche,1,0,1,Q033::1
Part3/outputs/answers_mistral_7b_T1.5.csv,answers_mistral_7b_T1.5,Q033,Q,Words in English,2,quill pen,quill pen,1,0,1,Q033::2
Part3/outputs/answers_mistral_7b_T1.5.csv,answers_mistral_7b_T1.5,Q033,Q,Words in English,3,quicksilver,quicksilver,1,0,1,Q033::3
Part3/outputs/answers_mistral_7b_T1.5.csv,answers_mistral_7b_T1.5,Q033,Q,Words in English,4,quokka,quokka,1,0,1,Q033::4
Part3/outputs/answers_mistral_7b_T1.5.csv,answers_mistral_7b_T1.5,Q033,Q,Words in English,5,quiet queen queenie quickquilt qwerty,quiet queen queenie quickquilt qwerty,1,0,1,Q033::5
Part3/outputs/answers_mistral_7b_T1.5.csv,answers_mistral_7b_T1.5,Q033,Q,Words in English,6,quicksand,quicksand,1,0,1,Q033::6
Part3/outputs/answers_mistral_7b_T1.5.csv,answers_mistral_7b_T1.5,Q033,Q,Words in English,7,quokka,quokka,1,0,1,Q033::7
Part3/outputs/answers_mistral_7b_T1.5.csv,answers_mistral_7b_T1.5,Q033,Q,Words in English,8,quicksand,quicksand,1,0,1,Q033::8
Part3/outputs/answers_mistral_7b_T1.5.csv,answers_mistral_7b_T1.5,Q033,Q,Words in English,9,quiche,quiche,1,0,1,Q033::9
Part3/outputs/answers_mistral_7b_T1.5.csv,answers_mistral_7b_T1.5,Q033,Q,Words in English,10,quiche,quiche,1,0,1,Q033::10
Part3/outputs/answers_mistral_7b_T1.5.csv,answers_mistral_7b_T1.5,Q033,Q,Words in English,11,quadruped,quadruped,1,0,1,Q033::11
Part3/outputs/answers_mistral_7b_T1.5.csv,answers_mistral_7b_T1.5,Q033,Q,Words in English,12,quilted clothing,quilted clothing,0,0,0,Q033::12
Part3/outputs/answers_mistral_7b_T1.5.csv,answers_mistral_7b_T1.5,Q033,Q,Words in English,13,quill,quill,1,0,1,Q033::13
Part3/outputs/answers_mistral_7b_T1.5.csv,answers_mistral_7b_T1.5,Q033,Q,Words in English,14,quail,quail,1,0,1,Q033::14
Part3/outputs/answers_mistral_7b_T1.5.csv,answers_mistral_7b_T1.5,Q033,Q,Words in English,15,quartz,quartz,1,0,1,Q033::15
Part3/outputs/answers_mistral_7b_T1.5.csv,answers_mistral_7b_T1.5,Q033,Q,Words in English,16,quince,quince,1,0,1,Q033::16
Part3/outputs/answers_mistral_7b_T1.5.csv,answers_mistral_7b_T1.5,Q033,Q,Words in English,17,quiche,quiche,1,0,1,Q033::17
Part3/outputs/answers_mistral_7b_T1.5.csv,answers_mistral_7b_T1.5,Q033,Q,Words in English,18,quokka,quokka,1,0,1,Q033::18
Part3/outputs/answers_mistral_7b_T1.5.csv,answers_mistral_7b_T1.5,Q033,Q,Words in English,19,quinoa,quinoa,1,0,1,Q033::19
Part3/outputs/answers_mistral_7b_T1.5.csv,answers_mistral_7b_T1.5,Q034,Q,Fictional characters,0,quicksilver (mercury from Harry Potter),quicksilver (mercury from harry potter,0,0,0,Q034::0
Part3/outputs/answers_mistral_7b_T1.5.csv,answers_mistral_7b_T1.5,Q034,Q,Fictional characters,1,quasimodo,quasimodo,1,0,1,Q034::1
Part3/outputs/answers_mistral_7b_T1.5.csv,answers_mistral_7b_T1.5,Q034,Q,Fictional characters,2,quetzalcoatl,quetzalcoatl,0,0,0,Q034::2
Part3/outputs/answers_mistral_7b_T1.5.csv,answers_mistral_7b_T1.5,Q034,Q,Fictional characters,3,quorra,quorra,0,0,0,Q034::3
Part3/outputs/answers_mistral_7b_T1.5.csv,answers_mistral_7b_T1.5,Q034,Q,Fictional characters,4,quasimodo,quasimodo,1,1,0,Q034::4
Part3/outputs/answers_mistral_7b_T1.5.csv,answers_mistral_7b_T1.5,Q034,Q,Fictional characters,5,quasimodo,quasimodo,1,1,0,Q034::5
Part3/outputs/answers_mistral_7b_T1.5.csv,answers_mistral_7b_T1.5,Q034,Q,Fictional characters,6,quidditch knuttle,quidditch knuttle,0,0,0,Q034::6
Part3/outputs/answers_mistral_7b_T1.5.csv,answers_mistral_7b_T1.5,Q034,Q,Fictional characters,7,quasimodo,quasimodo,1,1,0,Q034::7
Part3/outputs/answers_mistral_7b_T1.5.csv,answers_mistral_7b_T1.5,Q034,Q,Fictional characters,8,quasimodo,quasimodo,1,1,0,Q034::8
Part3/outputs/answers_mistral_7b_T1.5.csv,answers_mistral_7b_T1.5,Q034,Q,Fictional characters,9,quicksilver (from Harry Potter),quicksilver (from harry potter,0,0,0,Q034::9
Part3/outputs/answers_mistral_7b_T1.5.csv,answers_mistral_7b_T1.5,Q034,Q,Fictional characters,10,quorra,quorra,0,0,0,Q034::10
Part3/outputs/answers_mistral_7b_T1.5.csv,answers_mistral_7b_T1.5,Q034,Q,Fictional characters,11,quasimodo,quasimodo,1,1,0,Q034::11
Part3/outputs/answers_mistral_7b_T1.5.csv,answers_mistral_7b_T1.5,Q034,Q,Fictional characters,12,quorra,quorra,0,0,0,Q034::12
Part3/outputs/answers_mistral_7b_T1.5.csv,answers_mistral_7b_T1.5,Q034,Q,Fictional characters,13,quasimodo,quasimodo,1,1,0,Q034::13
Part3/outputs/answers_mistral_7b_T1.5.csv,answers_mistral_7b_T1.5,Q034,Q,Fictional characters,14,quicksilver (from Harry Potter),quicksilver (from harry potter,0,0,0,Q034::14
Part3/outputs/answers_mistral_7b_T1.5.csv,answers_mistral_7b_T1.5,Q034,Q,Fictional characters,15,quasimodo,quasimodo,1,1,0,Q034::15
Part3/outputs/answers_mistral_7b_T1.5.csv,answers_mistral_7b_T1.5,Q034,Q,Fictional characters,16,quasimodo,quasimodo,1,1,0,Q034::16
Part3/outputs/answers_mistral_7b_T1.5.csv,answers_mistral_7b_T1.5,Q034,Q,Fictional characters,17,quicksilver (from Harry Potter),quicksilver (from harry potter,0,0,0,Q034::17
Part3/outputs/answers_mistral_7b_T1.5.csv,answers_mistral_7b_T1.5,Q034,Q,Fictional characters,18,quorra,quorra,0,0,0,Q034::18
Part3/outputs/answers_mistral_7b_T1.5.csv,answers_mistral_7b_T1.5,Q034,Q,Fictional characters,19,quixote,quixote,1,0,1,Q034::19
Part3/outputs/answers_mistral_7b_T1.5.csv,answers_mistral_7b_T1.5,Q035,R,Songs,0,rollercoaster_roller_coaster,rollercoaster_roller_coaster,0,0,0,Q035::0
Part3/outputs/answers_mistral_7b_T1.5.csv,answers_mistral_7b_T1.5,Q035,R,Songs,1,rolling in the deep,rolling in the deep,0,0,0,Q035::1
Part3/outputs/answers_mistral_7b_T1.5.csv,answers_mistral_7b_T1.5,Q035,R,Songs,2,rolling in the deep,rolling in the deep,0,0,0,Q035::2
Part3/outputs/answers_mistral_7b_T1.5.csv,answers_mistral_7b_T1.5,Q035,R,Songs,3,red red wine,red red wine,0,0,0,Q035::3
Part3/outputs/answers_mistral_7b_T1.5.csv,answers_mistral_7b_T1.5,Q035,R,Songs,4,rollercoaster_time,rollercoaster_time,0,0,0,Q035::4
Part3/outputs/answers_mistral_7b_T1.5.csv,answers_mistral_7b_T1.5,Q035,R,Songs,5,red red wine,red red wine,0,0,0,Q035::5
Part3/outputs/answers_mistral_7b_T1.5.csv,answers_mistral_7b_T1.5,Q035,R,Songs,6,red red wine,red red wine,0,0,0,Q035::6
Part3/outputs/answers_mistral_7b_T1.5.csv,answers_mistral_7b_T1.5,Q035,R,Songs,7,red red wagon,red red wagon,0,0,0,Q035::7
Part3/outputs/answers_mistral_7b_T1.5.csv,answers_mistral_7b_T1.5,Q035,R,Songs,8,red red wine,red red wine,0,0,0,Q035::8
Part3/outputs/answers_mistral_7b_T1.5.csv,answers_mistral_7b_T1.5,Q035,R,Songs,9,red red wine,red red wine,0,0,0,Q035::9
Part3/outputs/answers_mistral_7b_T1.5.csv,answers_mistral_7b_T1.5,Q035,R,Songs,10,red red wagon,red red wagon,0,0,0,Q035::10
Part3/outputs/answers_mistral_7b_T1.5.csv,answers_mistral_7b_T1.5,Q035,R,Songs,11,red red wine,red red wine,0,0,0,Q035::11
Part3/outputs/answers_mistral_7b_T1.5.csv,answers_mistral_7b_T1.5,Q035,R,Songs,12,red red wine,red red wine,0,0,0,Q035::12
Part3/outputs/answers_mistral_7b_T1.5.csv,answers_mistral_7b_T1.5,Q035,R,Songs,13,rolling in the deep,rolling in the deep,0,0,0,Q035::13
Part3/outputs/answers_mistral_7b_T1.5.csv,answers_mistral_7b_T1.5,Q035,R,Songs,14,rolling in the deep,rolling in the deep,0,0,0,Q035::14
Part3/outputs/answers_mistral_7b_T1.5.csv,answers_mistral_7b_T1.5,Q035,R,Songs,15,rolling in the deep,rolling in the deep,0,0,0,Q035::15
Part3/outputs/answers_mistral_7b_T1.5.csv,answers_mistral_7b_T1.5,Q035,R,Songs,16,red red wine,red red wine,0,0,0,Q035::16
Part3/outputs/answers_mistral_7b_T1.5.csv,answers_mistral_7b_T1.5,Q035,R,Songs,17,rolling in the deep,rolling in the deep,0,0,0,Q035::17
Part3/outputs/answers_mistral_7b_T1.5.csv,answers_mistral_7b_T1.5,Q035,R,Songs,18,rolling in the deep,rolling in the deep,0,0,0,Q035::18
Part3/outputs/answers_mistral_7b_T1.5.csv,answers_mistral_7b_T1.5,Q035,R,Songs,19,rollercoaster ride (song by Eurovision artist Lordi),rollercoaster ride (song by eurovision artist lordi,0,0,0,Q035::19
Part3/outputs/answers_mistral_7b_T1.5.csv,answers_mistral_7b_T1.5,Q036,R,Tools,0,ruler,ruler,1,1,0,Q036::0
Part3/outputs/answers_mistral_7b_T1.5.csv,answers_mistral_7b_T1.5,Q036,R,Tools,1,rake,rake,1,0,1,Q036::1
Part3/outputs/answers_mistral_7b_T1.5.csv,answers_mistral_7b_T1.5,Q036,R,Tools,2,rusty saw,rusty saw,0,0,0,Q036::2
Part3/outputs/answers_mistral_7b_T1.5.csv,answers_mistral_7b_T1.5,Q036,R,Tools,3,rotary hammer,rotary hammer,1,0,1,Q036::3
Part3/outputs/answers_mistral_7b_T1.5.csv,answers_mistral_7b_T1.5,Q036,R,Tools,4,rake,rake,1,0,1,Q036::4
Part3/outputs/answers_mistral_7b_T1.5.csv,answers_mistral_7b_T1.5,Q036,R,Tools,5,rotary hammer,rotary hammer,1,0,1,Q036::5
Part3/outputs/answers_mistral_7b_T1.5.csv,answers_mistral_7b_T1.5,Q036,R,Tools,6,rotary drill,rotary drill,1,0,1,Q036::6
Part3/outputs/answers_mistral_7b_T1.5.csv,answers_mistral_7b_T1.5,Q036,R,Tools,7,rivet saw,rivet saw,0,0,0,Q036::7
Part3/outputs/answers_mistral_7b_T1.5.csv,answers_mistral_7b_T1.5,Q036,R,Tools,8,rake,rake,1,0,1,Q036::8
Part3/outputs/answers_mistral_7b_T1.5.csv,answers_mistral_7b_T1.5,Q036,R,Tools,9,rake,rake,1,0,1,Q036::9
Part3/outputs/answers_mistral_7b_T1.5.csv,answers_mistral_7b_T1.5,Q036,R,Tools,10,rotary hammer,rotary hammer,1,0,1,Q036::10
Part3/outputs/answers_mistral_7b_T1.5.csv,answers_mistral_7b_T1.5,Q036,R,Tools,11,rusty rake,rusty rake,1,0,1,Q036::11
Part3/outputs/answers_mistral_7b_T1.5.csv,answers_mistral_7b_T1.5,Q036,R,Tools,12,riving saw,riving saw,1,0,1,Q036::12
Part3/outputs/answers_mistral_7b_T1.5.csv,answers_mistral_7b_T1.5,Q036,R,Tools,13,rake,rake,1,0,1,Q036::13
Part3/outputs/answers_mistral_7b_T1.5.csv,answers_mistral_7b_T1.5,Q036,R,Tools,14,ratchet wrench,ratchet wrench,1,0,1,Q036::14
Part3/outputs/answers_mistral_7b_T1.5.csv,answers_mistral_7b_T1.5,Q036,R,Tools,15,ratchet wrench,ratchet wrench,1,0,1,Q036::15
Part3/outputs/answers_mistral_7b_T1.5.csv,answers_mistral_7b_T1.5,Q036,R,Tools,16,rake,rake,1,0,1,Q036::16
Part3/outputs/answers_mistral_7b_T1.5.csv,answers_mistral_7b_T1.5,Q036,R,Tools,17,rake,rake,1,0,1,Q036::17
Part3/outputs/answers_mistral_7b_T1.5.csv,answers_mistral_7b_T1.5,Q036,R,Tools,18,rake,rake,1,1,0,Q036::18
Part3/outputs/answers_mistral_7b_T1.5.csv,answers_mistral_7b_T1.5,Q036,R,Tools,19,rag wrench,rag wrench,0,0,0,Q036::19
Part3/outputs/answers_mistral_7b_T1.5.csv,answers_mistral_7b_T1.5,Q037,S,Animals,0,sea otter,sea otter,1,0,1,Q037::0
Part3/outputs/answers_mistral_7b_T1.5.csv,answers_mistral_7b_T1.5,Q037,S,Animals,1,starfish,starfish,1,0,1,Q037::1
Part3/outputs/answers_mistral_7b_T1.5.csv,answers_mistral_7b_T1.5,Q037,S,Animals,2,shark spider snake salamander sea turtle squirrel star,shark spider snake salamander sea turtle squirrel star,1,0,1,Q037::2
Part3/outputs/answers_mistral_7b_T1.5.csv,answers_mistral_7b_T1.5,Q037,S,Animals,3,seagull,seagull,1,0,1,Q037::3
Part3/outputs/answers_mistral_7b_T1.5.csv,answers_mistral_7b_T1.5,Q037,S,Animals,4,starfish,starfish,1,0,1,Q037::4
Part3/outputs/answers_mistral_7b_T1.5.csv,answers_mistral_7b_T1.5,Q037,S,Animals,5,starfish,starfish,1,0,1,Q037::5
Part3/outputs/answers_mistral_7b_T1.5.csv,answers_mistral_7b_T1.5,Q037,S,Animals,6,sea sloth,sea sloth,0,0,0,Q037::6
Part3/outputs/answers_mistral_7b_T1.5.csv,answers_mistral_7b_T1.5,Q037,S,Animals,7,starfish,starfish,1,0,1,Q037::7
Part3/outputs/answers_mistral_7b_T1.5.csv,answers_mistral_7b_T1.5,Q037,S,Animals,8,sea slug,sea slug,1,0,1,Q037::8
Part3/outputs/answers_mistral_7b_T1.5.csv,answers_mistral_7b_T1.5,Q037,S,Animals,9,starfish,starfish,1,0,1,Q037::9
Part3/outputs/answers_mistral_7b_T1.5.csv,answers_mistral_7b_T1.5,Q037,S,Animals,10,shark,shark,1,0,1,Q037::10
Part3/outputs/answers_mistral_7b_T1.5.csv,answers_mistral_7b_T1.5,Q037,S,Animals,11,snow leopard,snow leopard,1,0,1,Q037::11
Part3/outputs/answers_mistral_7b_T1.5.csv,answers_mistral_7b_T1.5,Q037,S,Animals,12,snow leopard,snow leopard,1,0,1,Q037::12
Part3/outputs/answers_mistral_7b_T1.5.csv,answers_mistral_7b_T1.5,Q037,S,Animals,13,sea snake,sea snake,1,0,1,Q037::13
Part3/outputs/answers_mistral_7b_T1.5.csv,answers_mistral_7b_T1.5,Q037,S,Animals,14,starfish,starfish,1,0,1,Q037::14
Part3/outputs/answers_mistral_7b_T1.5.csv,answers_mistral_7b_T1.5,Q037,S,Animals,15,starfish,starfish,1,0,1,Q037::15
Part3/outputs/answers_mistral_7b_T1.5.csv,answers_mistral_7b_T1.5,Q037,S,Animals,16,shark,shark,1,0,1,Q037::16
Part3/outputs/answers_mistral_7b_T1.5.csv,answers_mistral_7b_T1.5,Q037,S,Animals,17,sea snake,sea snake,1,0,1,Q037::17
Part3/outputs/answers_mistral_7b_T1.5.csv,answers_mistral_7b_T1.5,Q037,S,Animals,18,shark,shark,1,0,1,Q037::18
Part3/outputs/answers_mistral_7b_T1.5.csv,answers_mistral_7b_T1.5,Q037,S,Animals,19,sea turtle,sea turtle,1,0,1,Q037::19
Part3/outputs/answers_mistral_7b_T1.5.csv,answers_mistral_7b_T1.5,Q038,S,Things in an office,0,stapler,stapler,1,1,0,Q038::0
Part3/outputs/answers_mistral_7b_T1.5.csv,answers_mistral_7b_T1.5,Q038,S,Things in an office,1,stapler,stapler,1,0,1,Q038::1
Part3/outputs/answers_mistral_7b_T1.5.csv,answers_mistral_7b_T1.5,Q038,S,Things in an office,2,stapler,stapler,1,0,1,Q038::2
Part3/outputs/answers_mistral_7b_T1.5.csv,answers_mistral_7b_T1.5,Q038,S,Things in an office,3,stapler,stapler,1,1,0,Q038::3
Part3/outputs/answers_mistral_7b_T1.5.csv,answers_mistral_7b_T1.5,Q038,S,Things in an office,4,stapler,stapler,1,0,1,Q038::4
Part3/outputs/answers_mistral_7b_T1.5.csv,answers_mistral_7b_T1.5,Q038,S,Things in an office,5,stapler,stapler,1,0,1,Q038::5
Part3/outputs/answers_mistral_7b_T1.5.csv,answers_mistral_7b_T1.5,Q038,S,Things in an office,6,stapler,stapler,1,0,1,Q038::6
Part3/outputs/answers_mistral_7b_T1.5.csv,answers_mistral_7b_T1.5,Q038,S,Things in an office,7,stapler,stapler,1,1,0,Q038::7
Part3/outputs/answers_mistral_7b_T1.5.csv,answers_mistral_7b_T1.5,Q038,S,Things in an office,8,stapler,stapler,1,0,1,Q038::8
Part3/outputs/answers_mistral_7b_T1.5.csv,answers_mistral_7b_T1.5,Q038,S,Things in an office,9,stapler,stapler,1,0,1,Q038::9
Part3/outputs/answers_mistral_7b_T1.5.csv,answers_mistral_7b_T1.5,Q038,S,Things in an office,10,stapler,stapler,1,1,0,Q038::10
Part3/outputs/answers_mistral_7b_T1.5.csv,answers_mistral_7b_T1.5,Q038,S,Things in an office,11,stapler,stapler,1,0,1,Q038::11
Part3/outputs/answers_mistral_7b_T1.5.csv,answers_mistral_7b_T1.5,Q038,S,Things in an office,12,stapler,stapler,1,1,0,Q038::12
Part3/outputs/answers_mistral_7b_T1.5.csv,answers_mistral_7b_T1.5,Q038,S,Things in an office,13,stapler,stapler,1,0,1,Q038::13
Part3/outputs/answers_mistral_7b_T1.5.csv,answers_mistral_7b_T1.5,Q038,S,Things in an office,14,stapler,stapler,1,0,1,Q038::14
Part3/outputs/answers_mistral_7b_T1.5.csv,answers_mistral_7b_T1.5,Q038,S,Things in an office,15,stapler,stapler,1,0,1,Q038::15
Part3/outputs/answers_mistral_7b_T1.5.csv,answers_mistral_7b_T1.5,Q038,S,Things in an office,16,stapler,stapler,1,1,0,Q038::16
Part3/outputs/answers_mistral_7b_T1.5.csv,answers_mistral_7b_T1.5,Q038,S,Things in an office,17,stapler,stapler,1,1,0,Q038::17
Part3/outputs/answers_mistral_7b_T1.5.csv,answers_mistral_7b_T1.5,Q038,S,Things in an office,18,stapler,stapler,1,1,0,Q038::18
Part3/outputs/answers_mistral_7b_T1.5.csv,answers_mistral_7b_T1.5,Q038,S,Things in an office,19,stapler,stapler,1,0,1,Q038::19
Part3/outputs/answers_mistral_7b_T1.5.csv,answers_mistral_7b_T1.5,Q039,T,Countries,0,taiwan,taiwan,1,0,1,Q039::0
Part3/outputs/answers_mistral_7b_T1.5.csv,answers_mistral_7b_T1.5,Q039,T,Countries,1,tunisia,tunisia,1,0,1,Q039::1
Part3/outputs/answers_mistral_7b_T1.5.csv,answers_mistral_7b_T1.5,Q039,T,Countries,2,timor-leste,timor-leste,1,0,1,Q039::2
Part3/outputs/answers_mistral_7b_T1.5.csv,answers_mistral_7b_T1.5,Q039,T,Countries,3,tanzania,tanzania,1,0,1,Q039::3
Part3/outputs/answers_mistral_7b_T1.5.csv,answers_mistral_7b_T1.5,Q039,T,Countries,4,timor-leste,timor-leste,1,0,1,Q039::4
Part3/outputs/answers_mistral_7b_T1.5.csv,answers_mistral_7b_T1.5,Q039,T,Countries,5,timor-leste,timor-leste,1,0,1,Q039::5
Part3/outputs/answers_mistral_7b_T1.5.csv,answers_mistral_7b_T1.5,Q039,T,Countries,6,turkey (Turkey is a country located in Europe and Asia),turkey (turkey is a country located in europe and asia,1,0,1,Q039::6
Part3/outputs/answers_mistral_7b_T1.5.csv,answers_mistral_7b_T1.5,Q039,T,Countries,7,turkey,turkey,1,0,1,Q039::7
Part3/outputs/answers_mistral_7b_T1.5.csv,answers_mistral_7b_T1.5,Q039,T,Countries,8,turkey,turkey,1,0,1,Q039::8
Part3/outputs/answers_mistral_7b_T1.5.csv,answers_mistral_7b_T1.5,Q039,T,Countries,9,tanzania,tanzania,1,0,1,Q039::9
Part3/outputs/answers_mistral_7b_T1.5.csv,answers_mistral_7b_T1.5,Q039,T,Countries,10,timor-leste,timor-leste,1,0,1,Q039::10
Part3/outputs/answers_mistral_7b_T1.5.csv,answers_mistral_7b_T1.5,Q039,T,Countries,11,timor-leste,timor-leste,1,0,1,Q039::11
Part3/outputs/answers_mistral_7b_T1.5.csv,answers_mistral_7b_T1.5,Q039,T,Countries,12,tunisia,tunisia,1,1,0,Q039::12
Part3/outputs/answers_mistral_7b_T1.5.csv,answers_mistral_7b_T1.5,Q039,T,Countries,13,timor-leste,timor-leste,1,0,1,Q039::13
Part3/outputs/answers_mistral_7b_T1.5.csv,answers_mistral_7b_T1.5,Q039,T,Countries,14,timor-leste,timor-leste,1,0,1,Q039::14
Part3/outputs/answers_mistral_7b_T1.5.csv,answers_mistral_7b_T1.5,Q039,T,Countries,15,turkey,turkey,1,0,1,Q039::15
Part3/outputs/answers_mistral_7b_T1.5.csv,answers_mistral_7b_T1.5,Q039,T,Countries,16,turkey,turkey,1,0,1,Q039::16
Part3/outputs/answers_mistral_7b_T1.5.csv,answers_mistral_7b_T1.5,Q039,T,Countries,17,taiwan,taiwan,1,0,1,Q039::17
Part3/outputs/answers_mistral_7b_T1.5.csv,answers_mistral_7b_T1.5,Q039,T,Countries,18,timor-leste,timor-leste,1,0,1,Q039::18
Part3/outputs/answers_mistral_7b_T1.5.csv,answers_mistral_7b_T1.5,Q039,T,Countries,19,timor-leste,timor-leste,1,0,1,Q039::19
Part3/outputs/answers_mistral_7b_T1.5.csv,answers_mistral_7b_T1.5,Q040,T,TV shows,0,the twilight zone,the twilight zone,1,0,1,Q040::0
Part3/outputs/answers_mistral_7b_T1.5.csv,answers_mistral_7b_T1.5,Q040,T,TV shows,1,"the twisteds

I picked The Twilight Zone as it is a",the twisteds i picked the twilight zone as it is a,0,0,0,Q040::1
Part3/outputs/answers_mistral_7b_T1.5.csv,answers_mistral_7b_T1.5,Q040,T,TV shows,2,the simpsons,the simpsons,0,0,0,Q040::2
Part3/outputs/answers_mistral_7b_T1.5.csv,answers_mistral_7b_T1.5,Q040,T,TV shows,3,the twilight zone,the twilight zone,1,0,1,Q040::3
Part3/outputs/answers_mistral_7b_T1.5.csv,answers_mistral_7b_T1.5,Q040,T,TV shows,4,the Office (US),the office (us,0,0,0,Q040::4
Part3/outputs/answers_mistral_7b_T1.5.csv,answers_mistral_7b_T1.5,Q040,T,TV shows,5,the twilight zone,the twilight zone,1,0,1,Q040::5
Part3/outputs/answers_mistral_7b_T1.5.csv,answers_mistral_7b_T1.5,Q040,T,TV shows,6,the twilight zone,the twilight zone,1,0,1,Q040::6
Part3/outputs/answers_mistral_7b_T1.5.csv,answers_mistral_7b_T1.5,Q040,T,TV shows,7,the twist (tv series),the twist (tv series,0,0,0,Q040::7
Part3/outputs/answers_mistral_7b_T1.5.csv,answers_mistral_7b_T1.5,Q040,T,TV shows,8,the twilight zone,the twilight zone,1,0,1,Q040::8
Part3/outputs/answers_mistral_7b_T1.5.csv,answers_mistral_7b_T1.5,Q040,T,TV shows,9,the twilight zone,the twilight zone,1,0,1,Q040::9
Part3/outputs/answers_mistral_7b_T1.5.csv,answers_mistral_7b_T1.5,Q040,T,TV shows,10,the twilight zone,the twilight zone,1,0,1,Q040::10
Part3/outputs/answers_mistral_7b_T1.5.csv,answers_mistral_7b_T1.5,Q040,T,TV shows,11,the-off,the-off,0,0,0,Q040::11
Part3/outputs/answers_mistral_7b_T1.5.csv,answers_mistral_7b_T1.5,Q040,T,TV shows,12,the twilight zone,the twilight zone,1,0,1,Q040::12
Part3/outputs/answers_mistral_7b_T1.5.csv,answers_mistral_7b_T1.5,Q040,T,TV shows,13,the flintstones,the flintstones,1,0,1,Q040::13
Part3/outputs/answers_mistral_7b_T1.5.csv,answers_mistral_7b_T1.5,Q040,T,TV shows,14,the twilight zone,the twilight zone,1,0,1,Q040::14
Part3/outputs/answers_mistral_7b_T1.5.csv,answers_mistral_7b_T1.5,Q040,T,TV shows,15,the-off,the-off,0,0,0,Q040::15
Part3/outputs/answers_mistral_7b_T1.5.csv,answers_mistral_7b_T1.5,Q040,T,TV shows,16,the office (u.s.),the office (u.s,0,0,0,Q040::16
Part3/outputs/answers_mistral_7b_T1.5.csv,answers_mistral_7b_T1.5,Q040,T,TV shows,17,the twilight zone,the twilight zone,1,0,1,Q040::17
Part3/outputs/answers_mistral_7b_T1.5.csv,answers_mistral_7b_T1.5,Q040,T,TV shows,18,the twilight zone,the twilight zone,1,0,1,Q040::18
Part3/outputs/answers_mistral_7b_T1.5.csv,answers_mistral_7b_T1.5,Q040,T,TV shows,19,the twilight zone,the twilight zone,1,0,1,Q040::19
Part3/outputs/answers_mistral_7b_T1.5.csv,answers_mistral_7b_T1.5,Q041,U,U.S. colleges,0,university of utah,university of utah,1,1,0,Q041::0
Part3/outputs/answers_mistral_7b_T1.5.csv,answers_mistral_7b_T1.5,Q041,U,U.S. colleges,1,university of utah,university of utah,1,0,1,Q041::1
Part3/outputs/answers_mistral_7b_T1.5.csv,answers_mistral_7b_T1.5,Q041,U,U.S. colleges,2,university of utah,university of utah,1,1,0,Q041::2
Part3/outputs/answers_mistral_7b_T1.5.csv,answers_mistral_7b_T1.5,Q041,U,U.S. colleges,3,university of utah,university of utah,1,0,1,Q041::3
Part3/outputs/answers_mistral_7b_T1.5.csv,answers_mistral_7b_T1.5,Q041,U,U.S. colleges,4,university of utah,university of utah,1,0,1,Q041::4
Part3/outputs/answers_mistral_7b_T1.5.csv,answers_mistral_7b_T1.5,Q041,U,U.S. colleges,5,university of utah,university of utah,1,0,1,Q041::5
Part3/outputs/answers_mistral_7b_T1.5.csv,answers_mistral_7b_T1.5,Q041,U,U.S. colleges,6,university of utah,university of utah,1,1,0,Q041::6
Part3/outputs/answers_mistral_7b_T1.5.csv,answers_mistral_7b_T1.5,Q041,U,U.S. colleges,7,university of utah,university of utah,1,0,1,Q041::7
Part3/outputs/answers_mistral_7b_T1.5.csv,answers_mistral_7b_T1.5,Q041,U,U.S. colleges,8,university of utah,university of utah,1,0,1,Q041::8
Part3/outputs/answers_mistral_7b_T1.5.csv,answers_mistral_7b_T1.5,Q041,U,U.S. colleges,9,university of utah,university of utah,1,1,0,Q041::9
Part3/outputs/answers_mistral_7b_T1.5.csv,answers_mistral_7b_T1.5,Q041,U,U.S. colleges,10,urban-utah,urban-utah,0,0,0,Q041::10
Part3/outputs/answers_mistral_7b_T1.5.csv,answers_mistral_7b_T1.5,Q041,U,U.S. colleges,11,university of utah,university of utah,1,0,1,Q041::11
Part3/outputs/answers_mistral_7b_T1.5.csv,answers_mistral_7b_T1.5,Q041,U,U.S. colleges,12,university of utah,university of utah,1,0,1,Q041::12
Part3/outputs/answers_mistral_7b_T1.5.csv,answers_mistral_7b_T1.5,Q041,U,U.S. colleges,13,university of utah,university of utah,1,0,1,Q041::13
Part3/outputs/answers_mistral_7b_T1.5.csv,answers_mistral_7b_T1.5,Q041,U,U.S. colleges,14,university of utah,university of utah,1,1,0,Q041::14
Part3/outputs/answers_mistral_7b_T1.5.csv,answers_mistral_7b_T1.5,Q041,U,U.S. colleges,15,university of utah,university of utah,1,0,1,Q041::15
Part3/outputs/answers_mistral_7b_T1.5.csv,answers_mistral_7b_T1.5,Q041,U,U.S. colleges,16,university of utah,university of utah,1,1,0,Q041::16
Part3/outputs/answers_mistral_7b_T1.5.csv,answers_mistral_7b_T1.5,Q041,U,U.S. colleges,17,university of utah,university of utah,1,0,1,Q041::17
Part3/outputs/answers_mistral_7b_T1.5.csv,answers_mistral_7b_T1.5,Q041,U,U.S. colleges,18,university of utah,university of utah,1,0,1,Q041::18
Part3/outputs/answers_mistral_7b_T1.5.csv,answers_mistral_7b_T1.5,Q041,U,U.S. colleges,19,university of utah,university of utah,1,0,1,Q041::19
Part3/outputs/answers_mistral_7b_T1.5.csv,answers_mistral_7b_T1.5,Q042,U,Things in a garage,0,utility cart,utility cart,1,0,1,Q042::0
Part3/outputs/answers_mistral_7b_T1.5.csv,answers_mistral_7b_T1.5,Q042,U,Things in a garage,1,umbrella jack stand wheelbarrow utensils,umbrella jack stand wheelbarrow utensils,1,0,1,Q042::1
Part3/outputs/answers_mistral_7b_T1.5.csv,answers_mistral_7b_T1.5,Q042,U,Things in a garage,2,universal union,universal union,0,0,0,Q042::2
Part3/outputs/answers_mistral_7b_T1.5.csv,answers_mistral_7b_T1.5,Q042,U,Things in a garage,3,utility bike,utility bike,1,0,1,Q042::3
Part3/outputs/answers_mistral_7b_T1.5.csv,answers_mistral_7b_T1.5,Q042,U,Things in a garage,4,utility cart,utility cart,1,0,1,Q042::4
Part3/outputs/answers_mistral_7b_T1.5.csv,answers_mistral_7b_T1.5,Q042,U,Things in a garage,5,upholstery hammer,upholstery hammer,1,0,1,Q042::5
Part3/outputs/answers_mistral_7b_T1.5.csv,answers_mistral_7b_T1.5,Q042,U,Things in a garage,6,utility cart,utility cart,1,0,1,Q042::6
Part3/outputs/answers_mistral_7b_T1.5.csv,answers_mistral_7b_T1.5,Q042,U,Things in a garage,7,utility cart,utility cart,1,0,1,Q042::7
Part3/outputs/answers_mistral_7b_T1.5.csv,answers_mistral_7b_T1.5,Q042,U,Things in a garage,8,utility shovel,utility shovel,1,0,1,Q042::8
Part3/outputs/answers_mistral_7b_T1.5.csv,answers_mistral_7b_T1.5,Q042,U,Things in a garage,9,utility bike,utility bike,1,0,1,Q042::9
Part3/outputs/answers_mistral_7b_T1.5.csv,answers_mistral_7b_T1.5,Q042,U,Things in a garage,10,utility vehicle,utility vehicle,1,0,1,Q042::10
Part3/outputs/answers_mistral_7b_T1.5.csv,answers_mistral_7b_T1.5,Q042,U,Things in a garage,11,universal joint,universal joint,1,0,1,Q042::11
Part3/outputs/answers_mistral_7b_T1.5.csv,answers_mistral_7b_T1.5,Q042,U,Things in a garage,12,utility vehicle,utility vehicle,1,0,1,Q042::12
Part3/outputs/answers_mistral_7b_T1.5.csv,answers_mistral_7b_T1.5,Q042,U,Things in a garage,13,utility bike,utility bike,1,0,1,Q042::13
Part3/outputs/answers_mistral_7b_T1.5.csv,answers_mistral_7b_T1.5,Q042,U,Things in a garage,14,universaltireultrasoniccleanerusbboxutilityknife,universaltireultrasoniccleanerusbboxutilityknife,0,0,0,Q042::14
Part3/outputs/answers_mistral_7b_T1.5.csv,answers_mistral_7b_T1.5,Q042,U,Things in a garage,15,utility belt,utility belt,0,0,0,Q042::15
Part3/outputs/answers_mistral_7b_T1.5.csv,answers_mistral_7b_T1.5,Q042,U,Things in a garage,16,utility bike,utility bike,1,0,1,Q042::16
Part3/outputs/answers_mistral_7b_T1.5.csv,answers_mistral_7b_T1.5,Q042,U,Things in a garage,17,utility bike,utility bike,1,0,1,Q042::17
Part3/outputs/answers_mistral_7b_T1.5.csv,answers_mistral_7b_T1.5,Q042,U,Things in a garage,18,utensilrack,utensilrack,0,0,0,Q042::18
Part3/outputs/answers_mistral_7b_T1.5.csv,answers_mistral_7b_T1.5,Q042,U,Things in a garage,19,universal solvent,universal solvent,0,0,0,Q042::19
Part3/outputs/answers_mistral_7b_T1.5.csv,answers_mistral_7b_T1.5,Q043,V,Jobs,0,veterinarian,veterinarian,1,0,1,Q043::0
Part3/outputs/answers_mistral_7b_T1.5.csv,answers_mistral_7b_T1.5,Q043,V,Jobs,1,veterinarian,veterinarian,1,0,1,Q043::1
Part3/outputs/answers_mistral_7b_T1.5.csv,answers_mistral_7b_T1.5,Q043,V,Jobs,2,veterinarian,veterinarian,1,0,1,Q043::2
Part3/outputs/answers_mistral_7b_T1.5.csv,answers_mistral_7b_T1.5,Q043,V,Jobs,3,veterinarian,veterinarian,1,0,1,Q043::3
Part3/outputs/answers_mistral_7b_T1.5.csv,answers_mistral_7b_T1.5,Q043,V,Jobs,4,veterinarian,veterinarian,1,0,1,Q043::4
Part3/outputs/answers_mistral_7b_T1.5.csv,answers_mistral_7b_T1.5,Q043,V,Jobs,5,veterinarian,veterinarian,1,0,1,Q043::5
Part3/outputs/answers_mistral_7b_T1.5.csv,answers_mistral_7b_T1.5,Q043,V,Jobs,6,veterinarian,veterinarian,1,0,1,Q043::6
Part3/outputs/answers_mistral_7b_T1.5.csv,answers_mistral_7b_T1.5,Q043,V,Jobs,7,veterinarian,veterinarian,1,0,1,Q043::7
Part3/outputs/answers_mistral_7b_T1.5.csv,answers_mistral_7b_T1.5,Q043,V,Jobs,8,veterinarian,veterinarian,1,0,1,Q043::8
Part3/outputs/answers_mistral_7b_T1.5.csv,answers_mistral_7b_T1.5,Q043,V,Jobs,9,veterinarian,veterinarian,1,0,1,Q043::9
Part3/outputs/answers_mistral_7b_T1.5.csv,answers_mistral_7b_T1.5,Q043,V,Jobs,10,veterinarian,veterinarian,1,0,1,Q043::10
Part3/outputs/answers_mistral_7b_T1.5.csv,answers_mistral_7b_T1.5,Q043,V,Jobs,11,veterinarian,veterinarian,1,0,1,Q043::11
Part3/outputs/answers_mistral_7b_T1.5.csv,answers_mistral_7b_T1.5,Q043,V,Jobs,12,veterinarian,veterinarian,1,0,1,Q043::12
Part3/outputs/answers_mistral_7b_T1.5.csv,answers_mistral_7b_T1.5,Q043,V,Jobs,13,veterinarian,veterinarian,1,0,1,Q043::13
Part3/outputs/answers_mistral_7b_T1.5.csv,answers_mistral_7b_T1.5,Q043,V,Jobs,14,veterinarian,veterinarian,1,1,0,Q043::14
Part3/outputs/answers_mistral_7b_T1.5.csv,answers_mistral_7b_T1.5,Q043,V,Jobs,15,veterinarian,veterinarian,1,0,1,Q043::15
Part3/outputs/answers_mistral_7b_T1.5.csv,answers_mistral_7b_T1.5,Q043,V,Jobs,16,veterinarian,veterinarian,1,0,1,Q043::16
Part3/outputs/answers_mistral_7b_T1.5.csv,answers_mistral_7b_T1.5,Q043,V,Jobs,17,veterinarian,veterinarian,1,0,1,Q043::17
Part3/outputs/answers_mistral_7b_T1.5.csv,answers_mistral_7b_T1.5,Q043,V,Jobs,18,veterinarian,veterinarian,1,0,1,Q043::18
Part3/outputs/answers_mistral_7b_T1.5.csv,answers_mistral_7b_T1.5,Q043,V,Jobs,19,veterinarian,veterinarian,1,0,1,Q043::19
Part3/outputs/answers_mistral_7b_T1.5.csv,answers_mistral_7b_T1.5,Q044,V,Things you wear,0,velvet vest,velvet vest,1,0,1,Q044::0
Part3/outputs/answers_mistral_7b_T1.5.csv,answers_mistral_7b_T1.5,Q044,V,Things you wear,1,violet scarf,violet scarf,1,0,1,Q044::1
Part3/outputs/answers_mistral_7b_T1.5.csv,answers_mistral_7b_T1.5,Q044,V,Things you wear,2,velvet vest,velvet vest,1,0,1,Q044::2
Part3/outputs/answers_mistral_7b_T1.5.csv,answers_mistral_7b_T1.5,Q044,V,Things you wear,3,v-establishment,v-establishment,0,0,0,Q044::3
Part3/outputs/answers_mistral_7b_T1.5.csv,answers_mistral_7b_T1.5,Q044,V,Things you wear,4,vest,vest,1,1,0,Q044::4
Part3/outputs/answers_mistral_7b_T1.5.csv,answers_mistral_7b_T1.5,Q044,V,Things you wear,5,viking helmet,viking helmet,1,0,1,Q044::5
Part3/outputs/answers_mistral_7b_T1.5.csv,answers_mistral_7b_T1.5,Q044,V,Things you wear,6,velvet vest,velvet vest,1,0,1,Q044::6
Part3/outputs/answers_mistral_7b_T1.5.csv,answers_mistral_7b_T1.5,Q044,V,Things you wear,7,viking helmet,viking helmet,1,0,1,Q044::7
Part3/outputs/answers_mistral_7b_T1.5.csv,answers_mistral_7b_T1.5,Q044,V,Things you wear,8,velvet vest,velvet vest,1,0,1,Q044::8
Part3/outputs/answers_mistral_7b_T1.5.csv,answers_mistral_7b_T1.5,Q044,V,Things you wear,9,velvet vest,velvet vest,1,0,1,Q044::9
Part3/outputs/answers_mistral_7b_T1.5.csv,answers_mistral_7b_T1.5,Q044,V,Things you wear,10,violet scarf,violet scarf,1,0,1,Q044::10
Part3/outputs/answers_mistral_7b_T1.5.csv,answers_mistral_7b_T1.5,Q044,V,Things you wear,11,velvet vest,velvet vest,1,0,1,Q044::11
Part3/outputs/answers_mistral_7b_T1.5.csv,answers_mistral_7b_T1.5,Q044,V,Things you wear,12,velvet vest,velvet vest,1,0,1,Q044::12
Part3/outputs/answers_mistral_7b_T1.5.csv,answers_mistral_7b_T1.5,Q044,V,Things you wear,13,velvet vest,velvet vest,1,0,1,Q044::13
Part3/outputs/answers_mistral_7b_T1.5.csv,answers_mistral_7b_T1.5,Q044,V,Things you wear,14,vest,vest,1,1,0,Q044::14
Part3/outputs/answers_mistral_7b_T1.5.csv,answers_mistral_7b_T1.5,Q044,V,Things you wear,15,vest (or vests),vest (or vests,1,0,1,Q044::15
Part3/outputs/answers_mistral_7b_T1.5.csv,answers_mistral_7b_T1.5,Q044,V,Things you wear,16,velvet vest,velvet vest,1,0,1,Q044::16
Part3/outputs/answers_mistral_7b_T1.5.csv,answers_mistral_7b_T1.5,Q044,V,Things you wear,17,velvet vest,velvet vest,1,0,1,Q044::17
Part3/outputs/answers_mistral_7b_T1.5.csv,answers_mistral_7b_T1.5,Q044,V,Things you wear,18,velvet vest,velvet vest,1,0,1,Q044::18
Part3/outputs/answers_mistral_7b_T1.5.csv,answers_mistral_7b_T1.5,Q044,V,Things you wear,19,velvet vest,velvet vest,1,0,1,Q044::19
Part3/outputs/answers_mistral_7b_T1.5.csv,answers_mistral_7b_T1.5,Q045,W,Cities,0,wisconsin-dells,wisconsin-dells,0,0,0,Q045::0
Part3/outputs/answers_mistral_7b_T1.5.csv,answers_mistral_7b_T1.5,Q045,W,Cities,1,washington-dc,washington-dc,0,0,0,Q045::1
Part3/outputs/answers_mistral_7b_T1.5.csv,answers_mistral_7b_T1.5,Q045,W,Cities,2,waterloo,waterloo,1,0,1,Q045::2
Part3/outputs/answers_mistral_7b_T1.5.csv,answers_mistral_7b_T1.5,Q045,W,Cities,3,waynesboro,waynesboro,1,0,1,Q045::3
Part3/outputs/answers_mistral_7b_T1.5.csv,answers_mistral_7b_T1.5,Q045,W,Cities,4,"wayne (Wayne, Pennsylvania)","wayne (wayne, pennsylvania",0,0,0,Q045::4
Part3/outputs/answers_mistral_7b_T1.5.csv,answers_mistral_7b_T1.5,Q045,W,Cities,5,washington-dc,washington-dc,0,0,0,Q045::5
Part3/outputs/answers_mistral_7b_T1.5.csv,answers_mistral_7b_T1.5,Q045,W,Cities,6,wichita,wichita,1,0,1,Q045::6
Part3/outputs/answers_mistral_7b_T1.5.csv,answers_mistral_7b_T1.5,Q045,W,Cities,7,westminster (London),westminster (london,1,0,1,Q045::7
Part3/outputs/answers_mistral_7b_T1.5.csv,answers_mistral_7b_T1.5,Q045,W,Cities,8,winnipeg,winnipeg,1,0,1,Q045::8
Part3/outputs/answers_mistral_7b_T1.5.csv,answers_mistral_7b_T1.5,Q045,W,Cities,9,wellington,wellington,1,0,1,Q045::9
Part3/outputs/answers_mistral_7b_T1.5.csv,answers_mistral_7b_T1.5,Q045,W,Cities,10,whitehorse,whitehorse,1,0,1,Q045::10
Part3/outputs/answers_mistral_7b_T1.5.csv,answers_mistral_7b_T1.5,Q045,W,Cities,11,wyomingchester,wyomingchester,0,0,0,Q045::11
Part3/outputs/answers_mistral_7b_T1.5.csv,answers_mistral_7b_T1.5,Q045,W,Cities,12,winnipeg,winnipeg,1,0,1,Q045::12
Part3/outputs/answers_mistral_7b_T1.5.csv,answers_mistral_7b_T1.5,Q045,W,Cities,13,winnipeg,winnipeg,1,0,1,Q045::13
Part3/outputs/answers_mistral_7b_T1.5.csv,answers_mistral_7b_T1.5,Q045,W,Cities,14,wellington,wellington,1,0,1,Q045::14
Part3/outputs/answers_mistral_7b_T1.5.csv,answers_mistral_7b_T1.5,Q045,W,Cities,15,welches (Switzerland),welches (switzerland,0,0,0,Q045::15
Part3/outputs/answers_mistral_7b_T1.5.csv,answers_mistral_7b_T1.5,Q045,W,Cities,16,windhoek,windhoek,1,0,1,Q045::16
Part3/outputs/answers_mistral_7b_T1.5.csv,answers_mistral_7b_T1.5,Q045,W,Cities,17,washington d.c.,washington d.c,0,0,0,Q045::17
Part3/outputs/answers_mistral_7b_T1.5.csv,answers_mistral_7b_T1.5,Q045,W,Cities,18,whistler,whistler,1,0,1,Q045::18
Part3/outputs/answers_mistral_7b_T1.5.csv,answers_mistral_7b_T1.5,Q045,W,Cities,19,worcester,worcester,1,0,1,Q045::19
Part3/outputs/answers_mistral_7b_T1.5.csv,answers_mistral_7b_T1.5,Q046,W,Things in a park,0,wisteria arch,wisteria arch,1,0,1,Q046::0
Part3/outputs/answers_mistral_7b_T1.5.csv,answers_mistral_7b_T1.5,Q046,W,Things in a park,1,water fountain,water fountain,1,0,1,Q046::1
Part3/outputs/answers_mistral_7b_T1.5.csv,answers_mistral_7b_T1.5,Q046,W,Things in a park,2,willow tree,willow tree,1,0,1,Q046::2
Part3/outputs/answers_mistral_7b_T1.5.csv,answers_mistral_7b_T1.5,Q046,W,Things in a park,3,wisteria,wisteria,1,0,1,Q046::3
Part3/outputs/answers_mistral_7b_T1.5.csv,answers_mistral_7b_T1.5,Q046,W,Things in a park,4,water fountain,water fountain,1,0,1,Q046::4
Part3/outputs/answers_mistral_7b_T1.5.csv,answers_mistral_7b_T1.5,Q046,W,Things in a park,5,water fountain,water fountain,1,0,1,Q046::5
Part3/outputs/answers_mistral_7b_T1.5.csv,answers_mistral_7b_T1.5,Q046,W,Things in a park,6,waterfall-willow,waterfall-willow,0,0,0,Q046::6
Part3/outputs/answers_mistral_7b_T1.5.csv,answers_mistral_7b_T1.5,Q046,W,Things in a park,7,waterfall,waterfall,1,0,1,Q046::7
Part3/outputs/answers_mistral_7b_T1.5.csv,answers_mistral_7b_T1.5,Q046,W,Things in a park,8,willow tree,willow tree,1,0,1,Q046::8
Part3/outputs/answers_mistral_7b_T1.5.csv,answers_mistral_7b_T1.5,Q046,W,Things in a park,9,willow_tree,willow_tree,1,0,1,Q046::9
Part3/outputs/answers_mistral_7b_T1.5.csv,answers_mistral_7b_T1.5,Q046,W,Things in a park,10,waterfall walnut wagon wheel wrought-iron bench weathered woodway walk,waterfall walnut wagon wheel wrought-iron bench weathered woodway walk,1,0,1,Q046::10
Part3/outputs/answers_mistral_7b_T1.5.csv,answers_mistral_7b_T1.5,Q046,W,Things in a park,11,willow tree,willow tree,1,0,1,Q046::11
Part3/outputs/answers_mistral_7b_T1.5.csv,answers_mistral_7b_T1.5,Q046,W,Things in a park,12,wading pool,wading pool,1,0,1,Q046::12
Part3/outputs/answers_mistral_7b_T1.5.csv,answers_mistral_7b_T1.5,Q046,W,Things in a park,13,"waterwell (for ""water feature"")","waterwell (for ""water feature",0,0,0,Q046::13
Part3/outputs/answers_mistral_7b_T1.5.csv,answers_mistral_7b_T1.5,Q046,W,Things in a park,14,willow_tree,willow_tree,1,0,1,Q046::14
Part3/outputs/answers_mistral_7b_T1.5.csv,answers_mistral_7b_T1.5,Q046,W,Things in a park,15,wading pool,wading pool,1,0,1,Q046::15
Part3/outputs/answers_mistral_7b_T1.5.csv,answers_mistral_7b_T1.5,Q046,W,Things in a park,16,wickerbench,wickerbench,0,0,0,Q046::16
Part3/outputs/answers_mistral_7b_T1.5.csv,answers_mistral_7b_T1.5,Q046,W,Things in a park,17,willow tree,willow tree,1,0,1,Q046::17
Part3/outputs/answers_mistral_7b_T1.5.csv,answers_mistral_7b_T1.5,Q046,W,Things in a park,18,willow-tree,willow-tree,1,0,1,Q046::18
Part3/outputs/answers_mistral_7b_T1.5.csv,answers_mistral_7b_T1.5,Q046,W,Things in a park,19,willow_tree,willow_tree,1,0,1,Q046::19
Part3/outputs/answers_mistral_7b_T1.5.csv,answers_mistral_7b_T1.5,Q047,X,Brands,0,xerox,xerox,1,0,1,Q047::0
Part3/outputs/answers_mistral_7b_T1.5.csv,answers_mistral_7b_T1.5,Q047,X,Brands,1,xerox (photocopier brand),xerox (photocopier brand,1,0,1,Q047::1
Part3/outputs/answers_mistral_7b_T1.5.csv,answers_mistral_7b_T1.5,Q047,X,Brands,2,xerox (a well-known brand for office equipment and document solutions),xerox (a well-known brand for office equipment and document solutions,1,0,1,Q047::2
Part3/outputs/answers_mistral_7b_T1.5.csv,answers_mistral_7b_T1.5,Q047,X,Brands,3,"xbox

Explanation: XBOX is a well-known brand",xbox explanation: xbox is a well-known brand,1,0,1,Q047::3
Part3/outputs/answers_mistral_7b_T1.5.csv,answers_mistral_7b_T1.5,Q047,X,Brands,4,xerox,xerox,1,1,0,Q047::4
Part3/outputs/answers_mistral_7b_T1.5.csv,answers_mistral_7b_T1.5,Q047,X,Brands,5,xbox,xbox,1,0,1,Q047::5
Part3/outputs/answers_mistral_7b_T1.5.csv,answers_mistral_7b_T1.5,Q047,X,Brands,6,xerox,xerox,1,0,1,Q047::6
Part3/outputs/answers_mistral_7b_T1.5.csv,answers_mistral_7b_T1.5,Q047,X,Brands,7,xbox,xbox,1,0,1,Q047::7
Part3/outputs/answers_mistral_7b_T1.5.csv,answers_mistral_7b_T1.5,Q047,X,Brands,8,xerox (photocopier),xerox (photocopier,1,0,1,Q047::8
Part3/outputs/answers_mistral_7b_T1.5.csv,answers_mistral_7b_T1.5,Q047,X,Brands,9,xbox,xbox,1,0,1,Q047::9
Part3/outputs/answers_mistral_7b_T1.5.csv,answers_mistral_7b_T1.5,Q047,X,Brands,10,xbox,xbox,1,0,1,Q047::10
Part3/outputs/answers_mistral_7b_T1.5.csv,answers_mistral_7b_T1.5,Q047,X,Brands,11,xerox,xerox,1,0,1,Q047::11
Part3/outputs/answers_mistral_7b_T1.5.csv,answers_mistral_7b_T1.5,Q047,X,Brands,12,xerox,xerox,1,0,1,Q047::12
Part3/outputs/answers_mistral_7b_T1.5.csv,answers_mistral_7b_T1.5,Q047,X,Brands,13,xerox,xerox,1,0,1,Q047::13
Part3/outputs/answers_mistral_7b_T1.5.csv,answers_mistral_7b_T1.5,Q047,X,Brands,14,xbox,xbox,1,0,1,Q047::14
Part3/outputs/answers_mistral_7b_T1.5.csv,answers_mistral_7b_T1.5,Q047,X,Brands,15,"xbox

Explanation: XBOX is a brand of video game",xbox explanation: xbox is a brand of video game,1,0,1,Q047::15
Part3/outputs/answers_mistral_7b_T1.5.csv,answers_mistral_7b_T1.5,Q047,X,Brands,16,xerox,xerox,1,0,1,Q047::16
Part3/outputs/answers_mistral_7b_T1.5.csv,answers_mistral_7b_T1.5,Q047,X,Brands,17,xbox,xbox,1,0,1,Q047::17
Part3/outputs/answers_mistral_7b_T1.5.csv,answers_mistral_7b_T1.5,Q047,X,Brands,18,xbox (Microsoft gaming console),xbox (microsoft gaming console,1,0,1,Q047::18
Part3/outputs/answers_mistral_7b_T1.5.csv,answers_mistral_7b_T1.5,Q047,X,Brands,19,xbox,xbox,1,0,1,Q047::19
Part3/outputs/answers_mistral_7b_T1.5.csv,answers_mistral_7b_T1.5,Q048,X,Words in English,0,xylophone,xylophone,1,0,1,Q048::0
Part3/outputs/answers_mistral_7b_T1.5.csv,answers_mistral_7b_T1.5,Q048,X,Words in English,1,xylophone,xylophone,1,0,1,Q048::1
Part3/outputs/answers_mistral_7b_T1.5.csv,answers_mistral_7b_T1.5,Q048,X,Words in English,2,xylophone,xylophone,1,0,1,Q048::2
Part3/outputs/answers_mistral_7b_T1.5.csv,answers_mistral_7b_T1.5,Q048,X,Words in English,3,xylophone,xylophone,1,0,1,Q048::3
Part3/outputs/answers_mistral_7b_T1.5.csv,answers_mistral_7b_T1.5,Q048,X,Words in English,4,xylophone,xylophone,1,0,1,Q048::4
Part3/outputs/answers_mistral_7b_T1.5.csv,answers_mistral_7b_T1.5,Q048,X,Words in English,5,xylophone,xylophone,1,0,1,Q048::5
Part3/outputs/answers_mistral_7b_T1.5.csv,answers_mistral_7b_T1.5,Q048,X,Words in English,6,xylophone,xylophone,1,0,1,Q048::6
Part3/outputs/answers_mistral_7b_T1.5.csv,answers_mistral_7b_T1.5,Q048,X,Words in English,7,xylophone,xylophone,1,0,1,Q048::7
Part3/outputs/answers_mistral_7b_T1.5.csv,answers_mistral_7b_T1.5,Q048,X,Words in English,8,xylophone,xylophone,1,0,1,Q048::8
Part3/outputs/answers_mistral_7b_T1.5.csv,answers_mistral_7b_T1.5,Q048,X,Words in English,9,xylophone,xylophone,1,0,1,Q048::9
Part3/outputs/answers_mistral_7b_T1.5.csv,answers_mistral_7b_T1.5,Q048,X,Words in English,10,xylophone,xylophone,1,0,1,Q048::10
Part3/outputs/answers_mistral_7b_T1.5.csv,answers_mistral_7b_T1.5,Q048,X,Words in English,11,xylophone,xylophone,1,0,1,Q048::11
Part3/outputs/answers_mistral_7b_T1.5.csv,answers_mistral_7b_T1.5,Q048,X,Words in English,12,xylophone,xylophone,1,0,1,Q048::12
Part3/outputs/answers_mistral_7b_T1.5.csv,answers_mistral_7b_T1.5,Q048,X,Words in English,13,xylophone,xylophone,1,0,1,Q048::13
Part3/outputs/answers_mistral_7b_T1.5.csv,answers_mistral_7b_T1.5,Q048,X,Words in English,14,xylophone,xylophone,1,0,1,Q048::14
Part3/outputs/answers_mistral_7b_T1.5.csv,answers_mistral_7b_T1.5,Q048,X,Words in English,15,xylophone,xylophone,1,0,1,Q048::15
Part3/outputs/answers_mistral_7b_T1.5.csv,answers_mistral_7b_T1.5,Q048,X,Words in English,16,xylophone,xylophone,1,0,1,Q048::16
Part3/outputs/answers_mistral_7b_T1.5.csv,answers_mistral_7b_T1.5,Q048,X,Words in English,17,xylophone,xylophone,1,0,1,Q048::17
Part3/outputs/answers_mistral_7b_T1.5.csv,answers_mistral_7b_T1.5,Q048,X,Words in English,18,xylophone,xylophone,1,0,1,Q048::18
Part3/outputs/answers_mistral_7b_T1.5.csv,answers_mistral_7b_T1.5,Q048,X,Words in English,19,xylophone,xylophone,1,0,1,Q048::19
Part3/outputs/answers_mistral_7b_T1.5.csv,answers_mistral_7b_T1.5,Q049,Y,Foods,0,yam fritters,yam fritters,1,0,1,Q049::0
Part3/outputs/answers_mistral_7b_T1.5.csv,answers_mistral_7b_T1.5,Q049,Y,Foods,1,yellowbell pepper,yellowbell pepper,0,0,0,Q049::1
Part3/outputs/answers_mistral_7b_T1.5.csv,answers_mistral_7b_T1.5,Q049,Y,Foods,2,yam cake,yam cake,1,0,1,Q049::2
Part3/outputs/answers_mistral_7b_T1.5.csv,answers_mistral_7b_T1.5,Q049,Y,Foods,3,yellow yolk,yellow yolk,0,0,0,Q049::3
Part3/outputs/answers_mistral_7b_T1.5.csv,answers_mistral_7b_T1.5,Q049,Y,Foods,4,yam fritter,yam fritter,1,0,1,Q049::4
Part3/outputs/answers_mistral_7b_T1.5.csv,answers_mistral_7b_T1.5,Q049,Y,Foods,5,yam fritter,yam fritter,1,0,1,Q049::5
Part3/outputs/answers_mistral_7b_T1.5.csv,answers_mistral_7b_T1.5,Q049,Y,Foods,6,yellowfin tuna,yellowfin tuna,1,0,1,Q049::6
Part3/outputs/answers_mistral_7b_T1.5.csv,answers_mistral_7b_T1.5,Q049,Y,Foods,7,yogurt,yogurt,1,1,0,Q049::7
Part3/outputs/answers_mistral_7b_T1.5.csv,answers_mistral_7b_T1.5,Q049,Y,Foods,8,yogurt,yogurt,1,1,0,Q049::8
Part3/outputs/answers_mistral_7b_T1.5.csv,answers_mistral_7b_T1.5,Q049,Y,Foods,9,yogurt,yogurt,1,1,0,Q049::9
Part3/outputs/answers_mistral_7b_T1.5.csv,answers_mistral_7b_T1.5,Q049,Y,Foods,10,yogurt,yogurt,1,1,0,Q049::10
Part3/outputs/answers_mistral_7b_T1.5.csv,answers_mistral_7b_T1.5,Q049,Y,Foods,11,yam fritters,yam fritters,1,0,1,Q049::11
Part3/outputs/answers_mistral_7b_T1.5.csv,answers_mistral_7b_T1.5,Q049,Y,Foods,12,yogurt,yogurt,1,1,0,Q049::12
Part3/outputs/answers_mistral_7b_T1.5.csv,answers_mistral_7b_T1.5,Q049,Y,Foods,13,yellow bell pepper,yellow bell pepper,1,0,1,Q049::13
Part3/outputs/answers_mistral_7b_T1.5.csv,answers_mistral_7b_T1.5,Q049,Y,Foods,14,yam fritters,yam fritters,1,0,1,Q049::14
Part3/outputs/answers_mistral_7b_T1.5.csv,answers_mistral_7b_T1.5,Q049,Y,Foods,15,yellow bell pepper,yellow bell pepper,1,0,1,Q049::15
Part3/outputs/answers_mistral_7b_T1.5.csv,answers_mistral_7b_T1.5,Q049,Y,Foods,16,yellow bell pepper,yellow bell pepper,1,0,1,Q049::16
Part3/outputs/answers_mistral_7b_T1.5.csv,answers_mistral_7b_T1.5,Q049,Y,Foods,17,yogurt,yogurt,1,1,0,Q049::17
Part3/outputs/answers_mistral_7b_T1.5.csv,answers_mistral_7b_T1.5,Q049,Y,Foods,18,yam fritters,yam fritters,1,0,1,Q049::18
Part3/outputs/answers_mistral_7b_T1.5.csv,answers_mistral_7b_T1.5,Q049,Y,Foods,19,yam fritters,yam fritters,1,0,1,Q049::19
Part3/outputs/answers_mistral_7b_T1.5.csv,answers_mistral_7b_T1.5,Q050,Y,Things at a party,0,yacht cocktail,yacht cocktail,0,0,0,Q050::0
Part3/outputs/answers_mistral_7b_T1.5.csv,answers_mistral_7b_T1.5,Q050,Y,Things at a party,1,yak appetizer,yak appetizer,0,0,0,Q050::1
Part3/outputs/answers_mistral_7b_T1.5.csv,answers_mistral_7b_T1.5,Q050,Y,Things at a party,2,yellow balloons,yellow balloons,1,0,1,Q050::2
Part3/outputs/answers_mistral_7b_T1.5.csv,answers_mistral_7b_T1.5,Q050,Y,Things at a party,3,yellow balloons,yellow balloons,1,0,1,Q050::3
Part3/outputs/answers_mistral_7b_T1.5.csv,answers_mistral_7b_T1.5,Q050,Y,Things at a party,4,yacht party,yacht party,0,0,0,Q050::4
Part3/outputs/answers_mistral_7b_T1.5.csv,answers_mistral_7b_T1.5,Q050,Y,Things at a party,5,yellow balloons,yellow balloons,1,0,1,Q050::5
Part3/outputs/answers_mistral_7b_T1.5.csv,answers_mistral_7b_T1.5,Q050,Y,Things at a party,6,yakitori,yakitori,1,0,1,Q050::6
Part3/outputs/answers_mistral_7b_T1.5.csv,answers_mistral_7b_T1.5,Q050,Y,Things at a party,7,yakitos,yakitos,0,0,0,Q050::7
Part3/outputs/answers_mistral_7b_T1.5.csv,answers_mistral_7b_T1.5,Q050,Y,Things at a party,8,yellow balloon,yellow balloon,1,0,1,Q050::8
Part3/outputs/answers_mistral_7b_T1.5.csv,answers_mistral_7b_T1.5,Q050,Y,Things at a party,9,yellow balloons,yellow balloons,1,0,1,Q050::9
Part3/outputs/answers_mistral_7b_T1.5.csv,answers_mistral_7b_T1.5,Q050,Y,Things at a party,10,yakittyinflatables,yakittyinflatables,0,0,0,Q050::10
Part3/outputs/answers_mistral_7b_T1.5.csv,answers_mistral_7b_T1.5,Q050,Y,Things at a party,11,yak costume,yak costume,0,0,0,Q050::11
Part3/outputs/answers_mistral_7b_T1.5.csv,answers_mistral_7b_T1.5,Q050,Y,Things at a party,12,yakety-york-guitar,yakety-york-guitar,0,0,0,Q050::12
Part3/outputs/answers_mistral_7b_T1.5.csv,answers_mistral_7b_T1.5,Q050,Y,Things at a party,13,yak-Appetizer,yak-appetizer,0,0,0,Q050::13
Part3/outputs/answers_mistral_7b_T1.5.csv,answers_mistral_7b_T1.5,Q050,Y,Things at a party,14,yard drinks,yard drinks,0,0,0,Q050::14
Part3/outputs/answers_mistral_7b_T1.5.csv,answers_mistral_7b_T1.5,Q050,Y,Things at a party,15,yellow balloons,yellow balloons,1,0,1,Q050::15
Part3/outputs/answers_mistral_7b_T1.5.csv,answers_mistral_7b_T1.5,Q050,Y,Things at a party,16,yard-decoration,yard-decoration,0,0,0,Q050::16
Part3/outputs/answers_mistral_7b_T1.5.csv,answers_mistral_7b_T1.5,Q050,Y,Things at a party,17,yakkov's hat,yakkov's hat,0,0,0,Q050::17
Part3/outputs/answers_mistral_7b_T1.5.csv,answers_mistral_7b_T1.5,Q050,Y,Things at a party,18,yakitori,yakitori,1,0,1,Q050::18
Part3/outputs/answers_mistral_7b_T1.5.csv,answers_mistral_7b_T1.5,Q050,Y,Things at a party,19,yellow balloons,yellow balloons,1,0,1,Q050::19
Part3/outputs/answers_mistral_7b_T1.5.csv,answers_mistral_7b_T1.5,Q051,Z,Animals,0,zebra,zebra,1,1,0,Q051::0
Part3/outputs/answers_mistral_7b_T1.5.csv,answers_mistral_7b_T1.5,Q051,Z,Animals,1,zebra,zebra,1,0,1,Q051::1
Part3/outputs/answers_mistral_7b_T1.5.csv,answers_mistral_7b_T1.5,Q051,Z,Animals,2,zebra,zebra,1,1,0,Q051::2
Part3/outputs/answers_mistral_7b_T1.5.csv,answers_mistral_7b_T1.5,Q051,Z,Animals,3,zebra,zebra,1,1,0,Q051::3
Part3/outputs/answers_mistral_7b_T1.5.csv,answers_mistral_7b_T1.5,Q051,Z,Animals,4,zebra,zebra,1,1,0,Q051::4
Part3/outputs/answers_mistral_7b_T1.5.csv,answers_mistral_7b_T1.5,Q051,Z,Animals,5,zebra,zebra,1,1,0,Q051::5
Part3/outputs/answers_mistral_7b_T1.5.csv,answers_mistral_7b_T1.5,Q051,Z,Animals,6,zebra,zebra,1,1,0,Q051::6
Part3/outputs/answers_mistral_7b_T1.5.csv,answers_mistral_7b_T1.5,Q051,Z,Animals,7,zebra,zebra,1,0,1,Q051::7
Part3/outputs/answers_mistral_7b_T1.5.csv,answers_mistral_7b_T1.5,Q051,Z,Animals,8,zebra,zebra,1,1,0,Q051::8
Part3/outputs/answers_mistral_7b_T1.5.csv,answers_mistral_7b_T1.5,Q051,Z,Animals,9,zebra,zebra,1,1,0,Q051::9
Part3/outputs/answers_mistral_7b_T1.5.csv,answers_mistral_7b_T1.5,Q051,Z,Animals,10,zebra,zebra,1,1,0,Q051::10
Part3/outputs/answers_mistral_7b_T1.5.csv,answers_mistral_7b_T1.5,Q051,Z,Animals,11,zebra,zebra,1,1,0,Q051::11
Part3/outputs/answers_mistral_7b_T1.5.csv,answers_mistral_7b_T1.5,Q051,Z,Animals,12,zebra,zebra,1,1,0,Q051::12
Part3/outputs/answers_mistral_7b_T1.5.csv,answers_mistral_7b_T1.5,Q051,Z,Animals,13,zebra,zebra,1,0,1,Q051::13
Part3/outputs/answers_mistral_7b_T1.5.csv,answers_mistral_7b_T1.5,Q051,Z,Animals,14,zebra,zebra,1,1,0,Q051::14
Part3/outputs/answers_mistral_7b_T1.5.csv,answers_mistral_7b_T1.5,Q051,Z,Animals,15,zebra,zebra,1,1,0,Q051::15
Part3/outputs/answers_mistral_7b_T1.5.csv,answers_mistral_7b_T1.5,Q051,Z,Animals,16,zebra,zebra,1,1,0,Q051::16
Part3/outputs/answers_mistral_7b_T1.5.csv,answers_mistral_7b_T1.5,Q051,Z,Animals,17,zebra,zebra,1,1,0,Q051::17
Part3/outputs/answers_mistral_7b_T1.5.csv,answers_mistral_7b_T1.5,Q051,Z,Animals,18,zebra,zebra,1,1,0,Q051::18
Part3/outputs/answers_mistral_7b_T1.5.csv,answers_mistral_7b_T1.5,Q051,Z,Animals,19,zebra,zebra,1,1,0,Q051::19
Part3/outputs/answers_mistral_7b_T1.5.csv,answers_mistral_7b_T1.5,Q052,Z,Things in a zoo,0,zebra,zebra,1,1,0,Q052::0
Part3/outputs/answers_mistral_7b_T1.5.csv,answers_mistral_7b_T1.5,Q052,Z,Things in a zoo,1,zebra,zebra,1,1,0,Q052::1
Part3/outputs/answers_mistral_7b_T1.5.csv,answers_mistral_7b_T1.5,Q052,Z,Things in a zoo,2,zebra,zebra,1,1,0,Q052::2
Part3/outputs/answers_mistral_7b_T1.5.csv,answers_mistral_7b_T1.5,Q052,Z,Things in a zoo,3,zebra,zebra,1,1,0,Q052::3
Part3/outputs/answers_mistral_7b_T1.5.csv,answers_mistral_7b_T1.5,Q052,Z,Things in a zoo,4,zebra,zebra,1,1,0,Q052::4
Part3/outputs/answers_mistral_7b_T1.5.csv,answers_mistral_7b_T1.5,Q052,Z,Things in a zoo,5,zebra,zebra,1,1,0,Q052::5
Part3/outputs/answers_mistral_7b_T1.5.csv,answers_mistral_7b_T1.5,Q052,Z,Things in a zoo,6,zebra,zebra,1,0,1,Q052::6
Part3/outputs/answers_mistral_7b_T1.5.csv,answers_mistral_7b_T1.5,Q052,Z,Things in a zoo,7,zebra,zebra,1,0,1,Q052::7
Part3/outputs/answers_mistral_7b_T1.5.csv,answers_mistral_7b_T1.5,Q052,Z,Things in a zoo,8,zebra,zebra,1,1,0,Q052::8
Part3/outputs/answers_mistral_7b_T1.5.csv,answers_mistral_7b_T1.5,Q052,Z,Things in a zoo,9,zebra,zebra,1,1,0,Q052::9
Part3/outputs/answers_mistral_7b_T1.5.csv,answers_mistral_7b_T1.5,Q052,Z,Things in a zoo,10,zebra,zebra,1,1,0,Q052::10
Part3/outputs/answers_mistral_7b_T1.5.csv,answers_mistral_7b_T1.5,Q052,Z,Things in a zoo,11,zebra,zebra,1,1,0,Q052::11
Part3/outputs/answers_mistral_7b_T1.5.csv,answers_mistral_7b_T1.5,Q052,Z,Things in a zoo,12,zebra,zebra,1,1,0,Q052::12
Part3/outputs/answers_mistral_7b_T1.5.csv,answers_mistral_7b_T1.5,Q052,Z,Things in a zoo,13,zebra,zebra,1,1,0,Q052::13
Part3/outputs/answers_mistral_7b_T1.5.csv,answers_mistral_7b_T1.5,Q052,Z,Things in a zoo,14,zebra,zebra,1,1,0,Q052::14
Part3/outputs/answers_mistral_7b_T1.5.csv,answers_mistral_7b_T1.5,Q052,Z,Things in a zoo,15,zebra,zebra,1,1,0,Q052::15
Part3/outputs/answers_mistral_7b_T1.5.csv,answers_mistral_7b_T1.5,Q052,Z,Things in a zoo,16,zebra,zebra,1,0,1,Q052::16
Part3/outputs/answers_mistral_7b_T1.5.csv,answers_mistral_7b_T1.5,Q052,Z,Things in a zoo,17,zebra,zebra,1,1,0,Q052::17
Part3/outputs/answers_mistral_7b_T1.5.csv,answers_mistral_7b_T1.5,Q052,Z,Things in a zoo,18,zebra,zebra,1,1,0,Q052::18
Part3/outputs/answers_mistral_7b_T1.5.csv,answers_mistral_7b_T1.5,Q052,Z,Things in a zoo,19,zebra,zebra,1,0,1,Q052::19
Part3/outputs/answers_mistral_7b_T1.5.csv,answers_mistral_7b_T1.5,Q053,A,Things in a kitchen,0,"apron aid

Note: This response is designed to fit within the rules",apron aid note: this response is designed to fit within the rules,0,0,0,Q053::0
Part3/outputs/answers_mistral_7b_T1.5.csv,answers_mistral_7b_T1.5,Q053,A,Things in a kitchen,1,apron aid,apron aid,0,0,0,Q053::1
Part3/outputs/answers_mistral_7b_T1.5.csv,answers_mistral_7b_T1.5,Q053,A,Things in a kitchen,2,apron avocado,apron avocado,0,0,0,Q053::2
Part3/outputs/answers_mistral_7b_T1.5.csv,answers_mistral_7b_T1.5,Q053,A,Things in a kitchen,3,appliancerack,appliancerack,0,0,0,Q053::3
Part3/outputs/answers_mistral_7b_T1.5.csv,answers_mistral_7b_T1.5,Q053,A,Things in a kitchen,4,"apple juice

Just to clarify, the given example would be written as","apple juice just to clarify, the given example would be written as",0,0,0,Q053::4
Part3/outputs/answers_mistral_7b_T1.5.csv,answers_mistral_7b_T1.5,Q053,A,Things in a kitchen,5,apron,apron,1,0,1,Q053::5
Part3/outputs/answers_mistral_7b_T1.5.csv,answers_mistral_7b_T1.5,Q053,A,Things in a kitchen,6,apron,apron,1,0,1,Q053::6
Part3/outputs/answers_mistral_7b_T1.5.csv,answers_mistral_7b_T1.5,Q053,A,Things in a kitchen,7,"apron

Reminder: The goal of Scattergories is to",apron reminder: the goal of scattergories is to,1,0,1,Q053::7
Part3/outputs/answers_mistral_7b_T1.5.csv,answers_mistral_7b_T1.5,Q053,A,Things in a kitchen,8,apron,apron,1,0,1,Q053::8
Part3/outputs/answers_mistral_7b_T1.5.csv,answers_mistral_7b_T1.5,Q053,A,Things in a kitchen,9,apron hook,apron hook,0,0,0,Q053::9
Part3/outputs/answers_mistral_7b_T1.5.csv,answers_mistral_7b_T1.5,Q053,A,Things in a kitchen,10,apron hook,apron hook,0,0,0,Q053::10
Part3/outputs/answers_mistral_7b_T1.5.csv,answers_mistral_7b_T1.5,Q053,A,Things in a kitchen,11,apron,apron,1,1,0,Q053::11
Part3/outputs/answers_mistral_7b_T1.5.csv,answers_mistral_7b_T1.5,Q053,A,Things in a kitchen,12,apron hook,apron hook,0,0,0,Q053::12
Part3/outputs/answers_mistral_7b_T1.5.csv,answers_mistral_7b_T1.5,Q053,A,Things in a kitchen,13,apron hook,apron hook,0,0,0,Q053::13
Part3/outputs/answers_mistral_7b_T1.5.csv,answers_mistral_7b_T1.5,Q053,A,Things in a kitchen,14,"apron

Reminder: Scattergories answers are unique per person",apron reminder: scattergories answers are unique per person,1,0,1,Q053::14
Part3/outputs/answers_mistral_7b_T1.5.csv,answers_mistral_7b_T1.5,Q053,A,Things in a kitchen,15,"apron aid

Note: This answer includes both ""apron"" starting","apron aid note: this answer includes both ""apron"" starting",0,0,0,Q053::15
Part3/outputs/answers_mistral_7b_T1.5.csv,answers_mistral_7b_T1.5,Q053,A,Things in a kitchen,16,appliance rack,appliance rack,0,0,0,Q053::16
Part3/outputs/answers_mistral_7b_T1.5.csv,answers_mistral_7b_T1.5,Q053,A,Things in a kitchen,17,apron hook,apron hook,0,0,0,Q053::17
Part3/outputs/answers_mistral_7b_T1.5.csv,answers_mistral_7b_T1.5,Q053,A,Things in a kitchen,18,apron,apron,1,0,1,Q053::18
Part3/outputs/answers_mistral_7b_T1.5.csv,answers_mistral_7b_T1.5,Q053,A,Things in a kitchen,19,apron anchor axe,apron anchor axe,0,0,0,Q053::19
Part3/outputs/answers_mistral_7b_T1.5.csv,answers_mistral_7b_T1.5,Q054,B,Singers,0,barbra streisand,barbra streisand,1,0,1,Q054::0
Part3/outputs/answers_mistral_7b_T1.5.csv,answers_mistral_7b_T1.5,Q054,B,Singers,1,barbra streisand,barbra streisand,1,0,1,Q054::1
Part3/outputs/answers_mistral_7b_T1.5.csv,answers_mistral_7b_T1.5,Q054,B,Singers,2,beyonce,beyonce,1,1,0,Q054::2
Part3/outputs/answers_mistral_7b_T1.5.csv,answers_mistral_7b_T1.5,Q054,B,Singers,3,beyonce,beyonce,1,0,1,Q054::3
Part3/outputs/answers_mistral_7b_T1.5.csv,answers_mistral_7b_T1.5,Q054,B,Singers,4,barbra streisand,barbra streisand,1,0,1,Q054::4
Part3/outputs/answers_mistral_7b_T1.5.csv,answers_mistral_7b_T1.5,Q054,B,Singers,5,barbra streisand,barbra streisand,1,0,1,Q054::5
Part3/outputs/answers_mistral_7b_T1.5.csv,answers_mistral_7b_T1.5,Q054,B,Singers,6,badley-king,badley-king,0,0,0,Q054::6
Part3/outputs/answers_mistral_7b_T1.5.csv,answers_mistral_7b_T1.5,Q054,B,Singers,7,bobby brown,bobby brown,1,0,1,Q054::7
Part3/outputs/answers_mistral_7b_T1.5.csv,answers_mistral_7b_T1.5,Q054,B,Singers,8,barbra streisand,barbra streisand,1,0,1,Q054::8
Part3/outputs/answers_mistral_7b_T1.5.csv,answers_mistral_7b_T1.5,Q054,B,Singers,9,barbra streisand,barbra streisand,1,0,1,Q054::9
Part3/outputs/answers_mistral_7b_T1.5.csv,answers_mistral_7b_T1.5,Q054,B,Singers,10,barbra streisand,barbra streisand,1,0,1,Q054::10
Part3/outputs/answers_mistral_7b_T1.5.csv,answers_mistral_7b_T1.5,Q054,B,Singers,11,beatles,beatles,0,0,0,Q054::11
Part3/outputs/answers_mistral_7b_T1.5.csv,answers_mistral_7b_T1.5,Q054,B,Singers,12,billie eilish,billie eilish,1,0,1,Q054::12
Part3/outputs/answers_mistral_7b_T1.5.csv,answers_mistral_7b_T1.5,Q054,B,Singers,13,barbra streisand,barbra streisand,1,0,1,Q054::13
Part3/outputs/answers_mistral_7b_T1.5.csv,answers_mistral_7b_T1.5,Q054,B,Singers,14,barbra streisand,barbra streisand,1,0,1,Q054::14
Part3/outputs/answers_mistral_7b_T1.5.csv,answers_mistral_7b_T1.5,Q054,B,Singers,15,barbra streisand,barbra streisand,1,0,1,Q054::15
Part3/outputs/answers_mistral_7b_T1.5.csv,answers_mistral_7b_T1.5,Q054,B,Singers,16,bobby brown,bobby brown,1,0,1,Q054::16
Part3/outputs/answers_mistral_7b_T1.5.csv,answers_mistral_7b_T1.5,Q054,B,Singers,17,bono,bono,1,0,1,Q054::17
Part3/outputs/answers_mistral_7b_T1.5.csv,answers_mistral_7b_T1.5,Q054,B,Singers,18,"badu

(Answer: Erykah Badu)",badu (answer: erykah badu,1,0,1,Q054::18
Part3/outputs/answers_mistral_7b_T1.5.csv,answers_mistral_7b_T1.5,Q054,B,Singers,19,billie eilish,billie eilish,1,0,1,Q054::19
Part3/outputs/answers_mistral_7b_T1.5.csv,answers_mistral_7b_T1.5,Q055,C,Desserts,0,chocolate cake,chocolate cake,1,1,0,Q055::0
Part3/outputs/answers_mistral_7b_T1.5.csv,answers_mistral_7b_T1.5,Q055,C,Desserts,1,chocolate cake,chocolate cake,1,1,0,Q055::1
Part3/outputs/answers_mistral_7b_T1.5.csv,answers_mistral_7b_T1.5,Q055,C,Desserts,2,chocolate cake,chocolate cake,1,1,0,Q055::2
Part3/outputs/answers_mistral_7b_T1.5.csv,answers_mistral_7b_T1.5,Q055,C,Desserts,3,chocolate cake,chocolate cake,1,1,0,Q055::3
Part3/outputs/answers_mistral_7b_T1.5.csv,answers_mistral_7b_T1.5,Q055,C,Desserts,4,chocolate cake,chocolate cake,1,1,0,Q055::4
Part3/outputs/answers_mistral_7b_T1.5.csv,answers_mistral_7b_T1.5,Q055,C,Desserts,5,chocolate cake,chocolate cake,1,1,0,Q055::5
Part3/outputs/answers_mistral_7b_T1.5.csv,answers_mistral_7b_T1.5,Q055,C,Desserts,6,chocolate cake,chocolate cake,1,1,0,Q055::6
Part3/outputs/answers_mistral_7b_T1.5.csv,answers_mistral_7b_T1.5,Q055,C,Desserts,7,chocolate cake,chocolate cake,1,1,0,Q055::7
Part3/outputs/answers_mistral_7b_T1.5.csv,answers_mistral_7b_T1.5,Q055,C,Desserts,8,chocolate cake,chocolate cake,1,1,0,Q055::8
Part3/outputs/answers_mistral_7b_T1.5.csv,answers_mistral_7b_T1.5,Q055,C,Desserts,9,chocolate cake,chocolate cake,1,1,0,Q055::9
Part3/outputs/answers_mistral_7b_T1.5.csv,answers_mistral_7b_T1.5,Q055,C,Desserts,10,chocolate cake,chocolate cake,1,1,0,Q055::10
Part3/outputs/answers_mistral_7b_T1.5.csv,answers_mistral_7b_T1.5,Q055,C,Desserts,11,chocolate cake,chocolate cake,1,1,0,Q055::11
Part3/outputs/answers_mistral_7b_T1.5.csv,answers_mistral_7b_T1.5,Q055,C,Desserts,12,chocolate cake,chocolate cake,1,1,0,Q055::12
Part3/outputs/answers_mistral_7b_T1.5.csv,answers_mistral_7b_T1.5,Q055,C,Desserts,13,chocolate cake,chocolate cake,1,1,0,Q055::13
Part3/outputs/answers_mistral_7b_T1.5.csv,answers_mistral_7b_T1.5,Q055,C,Desserts,14,chocolate cake,chocolate cake,1,1,0,Q055::14
Part3/outputs/answers_mistral_7b_T1.5.csv,answers_mistral_7b_T1.5,Q055,C,Desserts,15,chocolate cake,chocolate cake,1,1,0,Q055::15
Part3/outputs/answers_mistral_7b_T1.5.csv,answers_mistral_7b_T1.5,Q055,C,Desserts,16,chocolate cake,chocolate cake,1,1,0,Q055::16
Part3/outputs/answers_mistral_7b_T1.5.csv,answers_mistral_7b_T1.5,Q055,C,Desserts,17,chocolate cake,chocolate cake,1,1,0,Q055::17
Part3/outputs/answers_mistral_7b_T1.5.csv,answers_mistral_7b_T1.5,Q055,C,Desserts,18,chocolate cake,chocolate cake,1,1,0,Q055::18
Part3/outputs/answers_mistral_7b_T1.5.csv,answers_mistral_7b_T1.5,Q055,C,Desserts,19,chocolate cake,chocolate cake,1,1,0,Q055::19
Part3/outputs/answers_mistral_7b_T1.5.csv,answers_mistral_7b_T1.5,Q056,D,Plants,0,dandelion,dandelion,1,0,1,Q056::0
Part3/outputs/answers_mistral_7b_T1.5.csv,answers_mistral_7b_T1.5,Q056,D,Plants,1,dandelion,dandelion,1,0,1,Q056::1
Part3/outputs/answers_mistral_7b_T1.5.csv,answers_mistral_7b_T1.5,Q056,D,Plants,2,dandelion,dandelion,1,0,1,Q056::2
Part3/outputs/answers_mistral_7b_T1.5.csv,answers_mistral_7b_T1.5,Q056,D,Plants,3,dandelion,dandelion,1,0,1,Q056::3
Part3/outputs/answers_mistral_7b_T1.5.csv,answers_mistral_7b_T1.5,Q056,D,Plants,4,dandelion,dandelion,1,0,1,Q056::4
Part3/outputs/answers_mistral_7b_T1.5.csv,answers_mistral_7b_T1.5,Q056,D,Plants,5,daisy,daisy,1,1,0,Q056::5
Part3/outputs/answers_mistral_7b_T1.5.csv,answers_mistral_7b_T1.5,Q056,D,Plants,6,dandelion,dandelion,1,1,0,Q056::6
Part3/outputs/answers_mistral_7b_T1.5.csv,answers_mistral_7b_T1.5,Q056,D,Plants,7,daffodil,daffodil,1,0,1,Q056::7
Part3/outputs/answers_mistral_7b_T1.5.csv,answers_mistral_7b_T1.5,Q056,D,Plants,8,daisy,daisy,1,1,0,Q056::8
Part3/outputs/answers_mistral_7b_T1.5.csv,answers_mistral_7b_T1.5,Q056,D,Plants,9,daffodil,daffodil,1,0,1,Q056::9
Part3/outputs/answers_mistral_7b_T1.5.csv,answers_mistral_7b_T1.5,Q056,D,Plants,10,daffodil,daffodil,1,0,1,Q056::10
Part3/outputs/answers_mistral_7b_T1.5.csv,answers_mistral_7b_T1.5,Q056,D,Plants,11,daisy,daisy,1,1,0,Q056::11
Part3/outputs/answers_mistral_7b_T1.5.csv,answers_mistral_7b_T1.5,Q056,D,Plants,12,dandelion,dandelion,1,0,1,Q056::12
Part3/outputs/answers_mistral_7b_T1.5.csv,answers_mistral_7b_T1.5,Q056,D,Plants,13,daisy,daisy,1,0,1,Q056::13
Part3/outputs/answers_mistral_7b_T1.5.csv,answers_mistral_7b_T1.5,Q056,D,Plants,14,daisy,daisy,1,1,0,Q056::14
Part3/outputs/answers_mistral_7b_T1.5.csv,answers_mistral_7b_T1.5,Q056,D,Plants,15,dandelion,dandelion,1,0,1,Q056::15
Part3/outputs/answers_mistral_7b_T1.5.csv,answers_mistral_7b_T1.5,Q056,D,Plants,16,dandelion,dandelion,1,1,0,Q056::16
Part3/outputs/answers_mistral_7b_T1.5.csv,answers_mistral_7b_T1.5,Q056,D,Plants,17,dandelion,dandelion,1,0,1,Q056::17
Part3/outputs/answers_mistral_7b_T1.5.csv,answers_mistral_7b_T1.5,Q056,D,Plants,18,dandelion,dandelion,1,0,1,Q056::18
Part3/outputs/answers_mistral_7b_T1.5.csv,answers_mistral_7b_T1.5,Q056,D,Plants,19,daisy,daisy,1,0,1,Q056::19
Part3/outputs/answers_mistral_7b_T1.5.csv,answers_mistral_7b_T1.5,Q057,E,Companies,0,electronic arts,electronic arts,1,0,1,Q057::0
Part3/outputs/answers_mistral_7b_T1.5.csv,answers_mistral_7b_T1.5,Q057,E,Companies,1,eastern-airlines,eastern-airlines,0,0,0,Q057::1
Part3/outputs/answers_mistral_7b_T1.5.csv,answers_mistral_7b_T1.5,Q057,E,Companies,2,echoairlines,echoairlines,0,0,0,Q057::2
Part3/outputs/answers_mistral_7b_T1.5.csv,answers_mistral_7b_T1.5,Q057,E,Companies,3,eastman-kodak,eastman-kodak,1,0,1,Q057::3
Part3/outputs/answers_mistral_7b_T1.5.csv,answers_mistral_7b_T1.5,Q057,E,Companies,4,easyjet,easyjet,1,0,1,Q057::4
Part3/outputs/answers_mistral_7b_T1.5.csv,answers_mistral_7b_T1.5,Q057,E,Companies,5,esto-energy,esto-energy,0,0,0,Q057::5
Part3/outputs/answers_mistral_7b_T1.5.csv,answers_mistral_7b_T1.5,Q057,E,Companies,6,easterleigh,easterleigh,0,0,0,Q057::6
Part3/outputs/answers_mistral_7b_T1.5.csv,answers_mistral_7b_T1.5,Q057,E,Companies,7,ericsson,ericsson,1,0,1,Q057::7
Part3/outputs/answers_mistral_7b_T1.5.csv,answers_mistral_7b_T1.5,Q057,E,Companies,8,easyjet,easyjet,1,0,1,Q057::8
Part3/outputs/answers_mistral_7b_T1.5.csv,answers_mistral_7b_T1.5,Q057,E,Companies,9,ericsson,ericsson,1,0,1,Q057::9
Part3/outputs/answers_mistral_7b_T1.5.csv,answers_mistral_7b_T1.5,Q057,E,Companies,10,echo (software),echo (software,0,0,0,Q057::10
Part3/outputs/answers_mistral_7b_T1.5.csv,answers_mistral_7b_T1.5,Q057,E,Companies,11,electronic Arts,electronic arts,1,0,1,Q057::11
Part3/outputs/answers_mistral_7b_T1.5.csv,answers_mistral_7b_T1.5,Q057,E,Companies,12,easyjet,easyjet,1,0,1,Q057::12
Part3/outputs/answers_mistral_7b_T1.5.csv,answers_mistral_7b_T1.5,Q057,E,Companies,13,einsteinnozia,einsteinnozia,0,0,0,Q057::13
Part3/outputs/answers_mistral_7b_T1.5.csv,answers_mistral_7b_T1.5,Q057,E,Companies,14,eBay,ebay,1,1,0,Q057::14
Part3/outputs/answers_mistral_7b_T1.5.csv,answers_mistral_7b_T1.5,Q057,E,Companies,15,echo starbucks,echo starbucks,0,0,0,Q057::15
Part3/outputs/answers_mistral_7b_T1.5.csv,answers_mistral_7b_T1.5,Q057,E,Companies,16,easterleigh-elec,easterleigh-elec,0,0,0,Q057::16
Part3/outputs/answers_mistral_7b_T1.5.csv,answers_mistral_7b_T1.5,Q057,E,Companies,17,eBay,ebay,1,1,0,Q057::17
Part3/outputs/answers_mistral_7b_T1.5.csv,answers_mistral_7b_T1.5,Q057,E,Companies,18,apple Inc.,apple inc,0,0,0,Q057::18
Part3/outputs/answers_mistral_7b_T1.5.csv,answers_mistral_7b_T1.5,Q057,E,Companies,19,elephantelectronicseurope,elephantelectronicseurope,0,0,0,Q057::19
Part3/outputs/answers_mistral_7b_T1.5.csv,answers_mistral_7b_T1.5,Q058,F,Movie characters,0,fantastic-mr-fox,fantastic-mr-fox,1,0,1,Q058::0
Part3/outputs/answers_mistral_7b_T1.5.csv,answers_mistral_7b_T1.5,Q058,F,Movie characters,1,forrest gump,forrest gump,1,0,1,Q058::1
Part3/outputs/answers_mistral_7b_T1.5.csv,answers_mistral_7b_T1.5,Q058,F,Movie characters,2,forrest gump,forrest gump,1,0,1,Q058::2
Part3/outputs/answers_mistral_7b_T1.5.csv,answers_mistral_7b_T1.5,Q058,F,Movie characters,3,frodo baggas,frodo baggas,0,0,0,Q058::3
Part3/outputs/answers_mistral_7b_T1.5.csv,answers_mistral_7b_T1.5,Q058,F,Movie characters,4,forrest gump,forrest gump,1,0,1,Q058::4
Part3/outputs/answers_mistral_7b_T1.5.csv,answers_mistral_7b_T1.5,Q058,F,Movie characters,5,forest-gump,forest-gump,0,0,0,Q058::5
Part3/outputs/answers_mistral_7b_T1.5.csv,answers_mistral_7b_T1.5,Q058,F,Movie characters,6,forrest gump,forrest gump,1,0,1,Q058::6
Part3/outputs/answers_mistral_7b_T1.5.csv,answers_mistral_7b_T1.5,Q058,F,Movie characters,7,forrest gump,forrest gump,1,0,1,Q058::7
Part3/outputs/answers_mistral_7b_T1.5.csv,answers_mistral_7b_T1.5,Q058,F,Movie characters,8,forrest gump,forrest gump,1,0,1,Q058::8
Part3/outputs/answers_mistral_7b_T1.5.csv,answers_mistral_7b_T1.5,Q058,F,Movie characters,9,ferris bueller,ferris bueller,1,0,1,Q058::9
Part3/outputs/answers_mistral_7b_T1.5.csv,answers_mistral_7b_T1.5,Q058,F,Movie characters,10,fantasia-fox,fantasia-fox,0,0,0,Q058::10
Part3/outputs/answers_mistral_7b_T1.5.csv,answers_mistral_7b_T1.5,Q058,F,Movie characters,11,forrest gump,forrest gump,1,0,1,Q058::11
Part3/outputs/answers_mistral_7b_T1.5.csv,answers_mistral_7b_T1.5,Q058,F,Movie characters,12,forrest gump,forrest gump,1,0,1,Q058::12
Part3/outputs/answers_mistral_7b_T1.5.csv,answers_mistral_7b_T1.5,Q058,F,Movie characters,13,forrest gump,forrest gump,1,0,1,Q058::13
Part3/outputs/answers_mistral_7b_T1.5.csv,answers_mistral_7b_T1.5,Q058,F,Movie characters,14,forester_sawyer,forester_sawyer,0,0,0,Q058::14
Part3/outputs/answers_mistral_7b_T1.5.csv,answers_mistral_7b_T1.5,Q058,F,Movie characters,15,forrest gump,forrest gump,1,0,1,Q058::15
Part3/outputs/answers_mistral_7b_T1.5.csv,answers_mistral_7b_T1.5,Q058,F,Movie characters,16,forrest gump,forrest gump,1,0,1,Q058::16
Part3/outputs/answers_mistral_7b_T1.5.csv,answers_mistral_7b_T1.5,Q058,F,Movie characters,17,forrest gump,forrest gump,1,0,1,Q058::17
Part3/outputs/answers_mistral_7b_T1.5.csv,answers_mistral_7b_T1.5,Q058,F,Movie characters,18,forrest gump,forrest gump,1,0,1,Q058::18
Part3/outputs/answers_mistral_7b_T1.5.csv,answers_mistral_7b_T1.5,Q058,F,Movie characters,19,forester (from Jurassic Park),forester (from jurassic park,0,0,0,Q058::19
Part3/outputs/answers_mistral_7b_T1.5.csv,answers_mistral_7b_T1.5,Q059,G,Things in a toolbox,0,"allen wrench

This answer is suitable because it meets the requirements of",allen wrench this answer is suitable because it meets the requirements of,1,0,1,Q059::0
Part3/outputs/answers_mistral_7b_T1.5.csv,answers_mistral_7b_T1.5,Q059,G,Things in a toolbox,1,hammer grip,hammer grip,0,0,0,Q059::1
Part3/outputs/answers_mistral_7b_T1.5.csv,answers_mistral_7b_T1.5,Q059,G,Things in a toolbox,2,hammer gauge wrench pliers screwdriver grip tape,hammer gauge wrench pliers screwdriver grip tape,0,0,0,Q059::2
Part3/outputs/answers_mistral_7b_T1.5.csv,answers_mistral_7b_T1.5,Q059,G,Things in a toolbox,3,nail grip,nail grip,0,0,0,Q059::3
Part3/outputs/answers_mistral_7b_T1.5.csv,answers_mistral_7b_T1.5,Q059,G,Things in a toolbox,4,gluegun,gluegun,0,0,0,Q059::4
Part3/outputs/answers_mistral_7b_T1.5.csv,answers_mistral_7b_T1.5,Q059,G,Things in a toolbox,5,Phillips screwdriver,phillips screwdriver,0,0,0,Q059::5
Part3/outputs/answers_mistral_7b_T1.5.csv,answers_mistral_7b_T1.5,Q059,G,Things in a toolbox,6,gripper wrench,gripper wrench,1,0,1,Q059::6
Part3/outputs/answers_mistral_7b_T1.5.csv,answers_mistral_7b_T1.5,Q059,G,Things in a toolbox,7,allen wrench gauge hammer pliers screwdriver tape measure wrench,allen wrench gauge hammer pliers screwdriver tape measure wrench,0,0,0,Q059::7
Part3/outputs/answers_mistral_7b_T1.5.csv,answers_mistral_7b_T1.5,Q059,G,Things in a toolbox,8,socket wrench,socket wrench,1,0,1,Q059::8
Part3/outputs/answers_mistral_7b_T1.5.csv,answers_mistral_7b_T1.5,Q059,G,Things in a toolbox,9,socket wrench,socket wrench,1,0,1,Q059::9
Part3/outputs/answers_mistral_7b_T1.5.csv,answers_mistral_7b_T1.5,Q059,G,Things in a toolbox,10,"wrench, grip, gasket, gloves, gauge","wrench, grip, gasket, gloves, gauge",1,0,1,Q059::10
Part3/outputs/answers_mistral_7b_T1.5.csv,answers_mistral_7b_T1.5,Q059,G,Things in a toolbox,11,allen wrench,allen wrench,1,0,1,Q059::11
Part3/outputs/answers_mistral_7b_T1.5.csv,answers_mistral_7b_T1.5,Q059,G,Things in a toolbox,12,hammer gauge grease gun wrench gaff tape grip pliers guage set,hammer gauge grease gun wrench gaff tape grip pliers guage set,0,0,0,Q059::12
Part3/outputs/answers_mistral_7b_T1.5.csv,answers_mistral_7b_T1.5,Q059,G,Things in a toolbox,13,nail file,nail file,0,0,0,Q059::13
Part3/outputs/answers_mistral_7b_T1.5.csv,answers_mistral_7b_T1.5,Q059,G,Things in a toolbox,14,allen wrench screwdriver pliers hammer nails tape measure level file wrench,allen wrench screwdriver pliers hammer nails tape measure level file wrench,0,0,0,Q059::14
Part3/outputs/answers_mistral_7b_T1.5.csv,answers_mistral_7b_T1.5,Q059,G,Things in a toolbox,15,screwdriver,screwdriver,1,0,1,Q059::15
Part3/outputs/answers_mistral_7b_T1.5.csv,answers_mistral_7b_T1.5,Q059,G,Things in a toolbox,16,"pliers, screwdriver, wrench, gauge, tape measure, gasket","pliers, screwdriver, wrench, gauge, tape measure, gasket",1,0,1,Q059::16
Part3/outputs/answers_mistral_7b_T1.5.csv,answers_mistral_7b_T1.5,Q059,G,Things in a toolbox,17,socket wrench,socket wrench,1,0,1,Q059::17
Part3/outputs/answers_mistral_7b_T1.5.csv,answers_mistral_7b_T1.5,Q059,G,Things in a toolbox,18,"screwdriver

Here is an example of a valid Scattergories answer",screwdriver here is an example of a valid scattergories answer,1,0,1,Q059::18
Part3/outputs/answers_mistral_7b_T1.5.csv,answers_mistral_7b_T1.5,Q059,G,Things in a toolbox,19,g clamp,g clamp,1,0,1,Q059::19
Part3/outputs/answers_mistral_7b_T1.5.csv,answers_mistral_7b_T1.5,Q060,H,Countries,0,haiti,haiti,1,1,0,Q060::0
Part3/outputs/answers_mistral_7b_T1.5.csv,answers_mistral_7b_T1.5,Q060,H,Countries,1,helios (Greek god of the sun),helios (greek god of the sun,0,0,0,Q060::1
Part3/outputs/answers_mistral_7b_T1.5.csv,answers_mistral_7b_T1.5,Q060,H,Countries,2,holy see,holy see,1,0,1,Q060::2
Part3/outputs/answers_mistral_7b_T1.5.csv,answers_mistral_7b_T1.5,Q060,H,Countries,3,helvetica (Switzerland),helvetica (switzerland,0,0,0,Q060::3
Part3/outputs/answers_mistral_7b_T1.5.csv,answers_mistral_7b_T1.5,Q060,H,Countries,4,hectorite island (Greenland),hectorite island (greenland,0,0,0,Q060::4
Part3/outputs/answers_mistral_7b_T1.5.csv,answers_mistral_7b_T1.5,Q060,H,Countries,5,holland (Answer: netherlands),holland (answer: netherlands,0,0,0,Q060::5
Part3/outputs/answers_mistral_7b_T1.5.csv,answers_mistral_7b_T1.5,Q060,H,Countries,6,hector island,hector island,0,0,0,Q060::6
Part3/outputs/answers_mistral_7b_T1.5.csv,answers_mistral_7b_T1.5,Q060,H,Countries,7,haiti,haiti,1,1,0,Q060::7
Part3/outputs/answers_mistral_7b_T1.5.csv,answers_mistral_7b_T1.5,Q060,H,Countries,8,holland (Netherlands),holland (netherlands,0,0,0,Q060::8
Part3/outputs/answers_mistral_7b_T1.5.csv,answers_mistral_7b_T1.5,Q060,H,Countries,9,hectoria (Holy See - Vatican City is not appropriate),hectoria (holy see - vatican city is not appropriate,0,0,0,Q060::9
Part3/outputs/answers_mistral_7b_T1.5.csv,answers_mistral_7b_T1.5,Q060,H,Countries,10,helvetica (Switzerland),helvetica (switzerland,0,0,0,Q060::10
Part3/outputs/answers_mistral_7b_T1.5.csv,answers_mistral_7b_T1.5,Q060,H,Countries,11,hawaii,hawaii,0,0,0,Q060::11
Part3/outputs/answers_mistral_7b_T1.5.csv,answers_mistral_7b_T1.5,Q060,H,Countries,12,haoli (Hawaii - USA),haoli (hawaii - usa,0,0,0,Q060::12
Part3/outputs/answers_mistral_7b_T1.5.csv,answers_mistral_7b_T1.5,Q060,H,Countries,13,holy see,holy see,1,0,1,Q060::13
Part3/outputs/answers_mistral_7b_T1.5.csv,answers_mistral_7b_T1.5,Q060,H,Countries,14,haïti,haïti,1,0,1,Q060::14
Part3/outputs/answers_mistral_7b_T1.5.csv,answers_mistral_7b_T1.5,Q060,H,Countries,15,haiti,haiti,1,0,1,Q060::15
Part3/outputs/answers_mistral_7b_T1.5.csv,answers_mistral_7b_T1.5,Q060,H,Countries,16,haiti,haiti,1,0,1,Q060::16
Part3/outputs/answers_mistral_7b_T1.5.csv,answers_mistral_7b_T1.5,Q060,H,Countries,17,hector Island,hector island,0,0,0,Q060::17
Part3/outputs/answers_mistral_7b_T1.5.csv,answers_mistral_7b_T1.5,Q060,H,Countries,18,hector island,hector island,0,0,0,Q060::18
Part3/outputs/answers_mistral_7b_T1.5.csv,answers_mistral_7b_T1.5,Q060,H,Countries,19,hawaii,hawaii,0,0,0,Q060::19
Part3/outputs/answers_mistral_7b_T1.5.csv,answers_mistral_7b_T1.5,Q061,I,Musical artists,0,india aria,india aria,0,0,0,Q061::0
Part3/outputs/answers_mistral_7b_T1.5.csv,answers_mistral_7b_T1.5,Q061,I,Musical artists,1,ice-cream-tees,ice-cream-tees,0,0,0,Q061::1
Part3/outputs/answers_mistral_7b_T1.5.csv,answers_mistral_7b_T1.5,Q061,I,Musical artists,2,ice-cube,ice-cube,0,0,0,Q061::2
Part3/outputs/answers_mistral_7b_T1.5.csv,answers_mistral_7b_T1.5,Q061,I,Musical artists,3,ice-t,ice-t,1,0,1,Q061::3
Part3/outputs/answers_mistral_7b_T1.5.csv,answers_mistral_7b_T1.5,Q061,I,Musical artists,4,india aria,india aria,0,0,0,Q061::4
Part3/outputs/answers_mistral_7b_T1.5.csv,answers_mistral_7b_T1.5,Q061,I,Musical artists,5,ice-cube,ice-cube,0,0,0,Q061::5
Part3/outputs/answers_mistral_7b_T1.5.csv,answers_mistral_7b_T1.5,Q061,I,Musical artists,6,iris dement,iris dement,1,0,1,Q061::6
Part3/outputs/answers_mistral_7b_T1.5.csv,answers_mistral_7b_T1.5,Q061,I,Musical artists,7,ice-cube,ice-cube,0,0,0,Q061::7
Part3/outputs/answers_mistral_7b_T1.5.csv,answers_mistral_7b_T1.5,Q061,I,Musical artists,8,irish radios,irish radios,0,0,0,Q061::8
Part3/outputs/answers_mistral_7b_T1.5.csv,answers_mistral_7b_T1.5,Q061,I,Musical artists,9,ice-t,ice-t,1,0,1,Q061::9
Part3/outputs/answers_mistral_7b_T1.5.csv,answers_mistral_7b_T1.5,Q061,I,Musical artists,10,india aria,india aria,0,0,0,Q061::10
Part3/outputs/answers_mistral_7b_T1.5.csv,answers_mistral_7b_T1.5,Q061,I,Musical artists,11,ice-t,ice-t,1,0,1,Q061::11
Part3/outputs/answers_mistral_7b_T1.5.csv,answers_mistral_7b_T1.5,Q061,I,Musical artists,12,ice-cube,ice-cube,0,0,0,Q061::12
Part3/outputs/answers_mistral_7b_T1.5.csv,answers_mistral_7b_T1.5,Q061,I,Musical artists,13,indigo girls,indigo girls,1,0,1,Q061::13
Part3/outputs/answers_mistral_7b_T1.5.csv,answers_mistral_7b_T1.5,Q061,I,Musical artists,14,indigo girls,indigo girls,1,0,1,Q061::14
Part3/outputs/answers_mistral_7b_T1.5.csv,answers_mistral_7b_T1.5,Q061,I,Musical artists,15,ira gershwin,ira gershwin,0,0,0,Q061::15
Part3/outputs/answers_mistral_7b_T1.5.csv,answers_mistral_7b_T1.5,Q061,I,Musical artists,16,"ironski (Iron Maiden, Ki: Theory)","ironski (iron maiden, ki: theory",0,0,0,Q061::16
Part3/outputs/answers_mistral_7b_T1.5.csv,answers_mistral_7b_T1.5,Q061,I,Musical artists,17,ira gershwin,ira gershwin,0,0,0,Q061::17
Part3/outputs/answers_mistral_7b_T1.5.csv,answers_mistral_7b_T1.5,Q061,I,Musical artists,18,indigo girls,indigo girls,1,0,1,Q061::18
Part3/outputs/answers_mistral_7b_T1.5.csv,answers_mistral_7b_T1.5,Q061,I,Musical artists,19,ice-nine (band),ice-nine (band,1,0,1,Q061::19
Part3/outputs/answers_mistral_7b_T1.5.csv,answers_mistral_7b_T1.5,Q062,J,Things in a refrigerator,0,"juice, jam, jelly","juice, jam, jelly",1,0,1,Q062::0
Part3/outputs/answers_mistral_7b_T1.5.csv,answers_mistral_7b_T1.5,Q062,J,Things in a refrigerator,1,juice box,juice box,1,0,1,Q062::1
Part3/outputs/answers_mistral_7b_T1.5.csv,answers_mistral_7b_T1.5,Q062,J,Things in a refrigerator,2,juice jar,juice jar,1,0,1,Q062::2
Part3/outputs/answers_mistral_7b_T1.5.csv,answers_mistral_7b_T1.5,Q062,J,Things in a refrigerator,3,juicebox,juicebox,1,0,1,Q062::3
Part3/outputs/answers_mistral_7b_T1.5.csv,answers_mistral_7b_T1.5,Q062,J,Things in a refrigerator,4,juices,juices,1,0,1,Q062::4
Part3/outputs/answers_mistral_7b_T1.5.csv,answers_mistral_7b_T1.5,Q062,J,Things in a refrigerator,5,juicebox,juicebox,1,0,1,Q062::5
Part3/outputs/answers_mistral_7b_T1.5.csv,answers_mistral_7b_T1.5,Q062,J,Things in a refrigerator,6,juice jello jam,juice jello jam,1,0,1,Q062::6
Part3/outputs/answers_mistral_7b_T1.5.csv,answers_mistral_7b_T1.5,Q062,J,Things in a refrigerator,7,juice box,juice box,1,0,1,Q062::7
Part3/outputs/answers_mistral_7b_T1.5.csv,answers_mistral_7b_T1.5,Q062,J,Things in a refrigerator,8,juice box,juice box,1,0,1,Q062::8
Part3/outputs/answers_mistral_7b_T1.5.csv,answers_mistral_7b_T1.5,Q062,J,Things in a refrigerator,9,juice jelly jam,juice jelly jam,0,0,0,Q062::9
Part3/outputs/answers_mistral_7b_T1.5.csv,answers_mistral_7b_T1.5,Q062,J,Things in a refrigerator,10,juice jug,juice jug,1,0,1,Q062::10
Part3/outputs/answers_mistral_7b_T1.5.csv,answers_mistral_7b_T1.5,Q062,J,Things in a refrigerator,11,"juice, jams, juicebox, jar, jelly, yogurt","juice, jams, juicebox, jar, jelly, yogurt",1,0,1,Q062::11
Part3/outputs/answers_mistral_7b_T1.5.csv,answers_mistral_7b_T1.5,Q062,J,Things in a refrigerator,12,juice jug,juice jug,1,0,1,Q062::12
Part3/outputs/answers_mistral_7b_T1.5.csv,answers_mistral_7b_T1.5,Q062,J,Things in a refrigerator,13,juice jug,juice jug,1,0,1,Q062::13
Part3/outputs/answers_mistral_7b_T1.5.csv,answers_mistral_7b_T1.5,Q062,J,Things in a refrigerator,14,juice jar,juice jar,1,0,1,Q062::14
Part3/outputs/answers_mistral_7b_T1.5.csv,answers_mistral_7b_T1.5,Q062,J,Things in a refrigerator,15,juice box,juice box,1,0,1,Q062::15
Part3/outputs/answers_mistral_7b_T1.5.csv,answers_mistral_7b_T1.5,Q062,J,Things in a refrigerator,16,juice box,juice box,1,0,1,Q062::16
Part3/outputs/answers_mistral_7b_T1.5.csv,answers_mistral_7b_T1.5,Q062,J,Things in a refrigerator,17,juice jug,juice jug,1,0,1,Q062::17
Part3/outputs/answers_mistral_7b_T1.5.csv,answers_mistral_7b_T1.5,Q062,J,Things in a refrigerator,18,juice jar,juice jar,1,0,1,Q062::18
Part3/outputs/answers_mistral_7b_T1.5.csv,answers_mistral_7b_T1.5,Q062,J,Things in a refrigerator,19,"juice jug

[I'm a chat model, I don't","juice jug [i'm a chat model, i don't",1,0,1,Q062::19
Part3/outputs/answers_mistral_7b_T1.5.csv,answers_mistral_7b_T1.5,Q063,K,Cities,0,kyoto,kyoto,1,0,1,Q063::0
Part3/outputs/answers_mistral_7b_T1.5.csv,answers_mistral_7b_T1.5,Q063,K,Cities,1,kansas_city,kansas_city,0,0,0,Q063::1
Part3/outputs/answers_mistral_7b_T1.5.csv,answers_mistral_7b_T1.5,Q063,K,Cities,2,kathmandu,kathmandu,1,0,1,Q063::2
Part3/outputs/answers_mistral_7b_T1.5.csv,answers_mistral_7b_T1.5,Q063,K,Cities,3,kansas-city,kansas-city,0,0,0,Q063::3
Part3/outputs/answers_mistral_7b_T1.5.csv,answers_mistral_7b_T1.5,Q063,K,Cities,4,kiev,kiev,1,0,1,Q063::4
Part3/outputs/answers_mistral_7b_T1.5.csv,answers_mistral_7b_T1.5,Q063,K,Cities,5,kansas-city,kansas-city,0,0,0,Q063::5
Part3/outputs/answers_mistral_7b_T1.5.csv,answers_mistral_7b_T1.5,Q063,K,Cities,6,kathmandu,kathmandu,1,0,1,Q063::6
Part3/outputs/answers_mistral_7b_T1.5.csv,answers_mistral_7b_T1.5,Q063,K,Cities,7,kuala lumpur,kuala lumpur,1,1,0,Q063::7
Part3/outputs/answers_mistral_7b_T1.5.csv,answers_mistral_7b_T1.5,Q063,K,Cities,8,kansas_city,kansas_city,0,0,0,Q063::8
Part3/outputs/answers_mistral_7b_T1.5.csv,answers_mistral_7b_T1.5,Q063,K,Cities,9,kansas-city,kansas-city,0,0,0,Q063::9
Part3/outputs/answers_mistral_7b_T1.5.csv,answers_mistral_7b_T1.5,Q063,K,Cities,10,kyoto,kyoto,1,0,1,Q063::10
Part3/outputs/answers_mistral_7b_T1.5.csv,answers_mistral_7b_T1.5,Q063,K,Cities,11,kiev,kiev,1,0,1,Q063::11
Part3/outputs/answers_mistral_7b_T1.5.csv,answers_mistral_7b_T1.5,Q063,K,Cities,12,kansas-city,kansas-city,0,0,0,Q063::12
Part3/outputs/answers_mistral_7b_T1.5.csv,answers_mistral_7b_T1.5,Q063,K,Cities,13,kansas_city,kansas_city,0,0,0,Q063::13
Part3/outputs/answers_mistral_7b_T1.5.csv,answers_mistral_7b_T1.5,Q063,K,Cities,14,kyoto,kyoto,1,0,1,Q063::14
Part3/outputs/answers_mistral_7b_T1.5.csv,answers_mistral_7b_T1.5,Q063,K,Cities,15,kansas-city,kansas-city,0,0,0,Q063::15
Part3/outputs/answers_mistral_7b_T1.5.csv,answers_mistral_7b_T1.5,Q063,K,Cities,16,kyoto,kyoto,1,0,1,Q063::16
Part3/outputs/answers_mistral_7b_T1.5.csv,answers_mistral_7b_T1.5,Q063,K,Cities,17,kansas_city,kansas_city,0,0,0,Q063::17
Part3/outputs/answers_mistral_7b_T1.5.csv,answers_mistral_7b_T1.5,Q063,K,Cities,18,kansas_city,kansas_city,0,0,0,Q063::18
Part3/outputs/answers_mistral_7b_T1.5.csv,answers_mistral_7b_T1.5,Q063,K,Cities,19,kiev,kiev,1,0,1,Q063::19
Part3/outputs/answers_mistral_7b_T1.5.csv,answers_mistral_7b_T1.5,Q064,L,Things in a library,0,"bookcase

Here are some other possibilities for more obscure or less-",bookcase here are some other possibilities for more obscure or less,1,0,1,Q064::0
Part3/outputs/answers_mistral_7b_T1.5.csv,answers_mistral_7b_T1.5,Q064,L,Things in a library,1,bookcase ladders literary maps library laptop,bookcase ladders literary maps library laptop,1,0,1,Q064::1
Part3/outputs/answers_mistral_7b_T1.5.csv,answers_mistral_7b_T1.5,Q064,L,Things in a library,2,library ladder,library ladder,1,0,1,Q064::2
Part3/outputs/answers_mistral_7b_T1.5.csv,answers_mistral_7b_T1.5,Q064,L,Things in a library,3,leatherbound ledger,leatherbound ledger,1,0,1,Q064::3
Part3/outputs/answers_mistral_7b_T1.5.csv,answers_mistral_7b_T1.5,Q064,L,Things in a library,4,bookshelf,bookshelf,1,0,1,Q064::4
Part3/outputs/answers_mistral_7b_T1.5.csv,answers_mistral_7b_T1.5,Q064,L,Things in a library,5,library bookshelf,library bookshelf,0,0,0,Q064::5
Part3/outputs/answers_mistral_7b_T1.5.csv,answers_mistral_7b_T1.5,Q064,L,Things in a library,6,bookcase lamp desk shelf chair books,bookcase lamp desk shelf chair books,0,0,0,Q064::6
Part3/outputs/answers_mistral_7b_T1.5.csv,answers_mistral_7b_T1.5,Q064,L,Things in a library,7,bookshelf,bookshelf,1,0,1,Q064::7
Part3/outputs/answers_mistral_7b_T1.5.csv,answers_mistral_7b_T1.5,Q064,L,Things in a library,8,bookcase ladders library table,bookcase ladders library table,0,0,0,Q064::8
Part3/outputs/answers_mistral_7b_T1.5.csv,answers_mistral_7b_T1.5,Q064,L,Things in a library,9,bookcartliftchair ladderledge magazine desk,bookcartliftchair ladderledge magazine desk,0,0,0,Q064::9
Part3/outputs/answers_mistral_7b_T1.5.csv,answers_mistral_7b_T1.5,Q064,L,Things in a library,10,bookcase ladders library sign lantern lamp,bookcase ladders library sign lantern lamp,0,0,0,Q064::10
Part3/outputs/answers_mistral_7b_T1.5.csv,answers_mistral_7b_T1.5,Q064,L,Things in a library,11,bookcart ladders magazines desk chairs table,bookcart ladders magazines desk chairs table,0,0,0,Q064::11
Part3/outputs/answers_mistral_7b_T1.5.csv,answers_mistral_7b_T1.5,Q064,L,Things in a library,12,"bookstands, ladders","bookstands, ladders",1,0,1,Q064::12
Part3/outputs/answers_mistral_7b_T1.5.csv,answers_mistral_7b_T1.5,Q064,L,Things in a library,13,bookcart,bookcart,0,0,0,Q064::13
Part3/outputs/answers_mistral_7b_T1.5.csv,answers_mistral_7b_T1.5,Q064,L,Things in a library,14,library ladder,library ladder,1,0,1,Q064::14
Part3/outputs/answers_mistral_7b_T1.5.csv,answers_mistral_7b_T1.5,Q064,L,Things in a library,15,bookstands,bookstands,1,0,1,Q064::15
Part3/outputs/answers_mistral_7b_T1.5.csv,answers_mistral_7b_T1.5,Q064,L,Things in a library,16,leatherbound books,leatherbound books,1,0,1,Q064::16
Part3/outputs/answers_mistral_7b_T1.5.csv,answers_mistral_7b_T1.5,Q064,L,Things in a library,17,library bookshelf,library bookshelf,0,0,0,Q064::17
Part3/outputs/answers_mistral_7b_T1.5.csv,answers_mistral_7b_T1.5,Q064,L,Things in a library,18,bookshelf,bookshelf,1,0,1,Q064::18
Part3/outputs/answers_mistral_7b_T1.5.csv,answers_mistral_7b_T1.5,Q064,L,Things in a library,19,bookshelf (library ladder not applicable as it doesn't start with ',bookshelf (library ladder not applicable as it doesn't start with,1,0,1,Q064::19
