source_file,player_id,question_id,letter,category,round_idx,answer_raw,answer_norm,valid,collision,score,round_key
Part3/outputs/answers_qwen25_7b_prompt2.csv,answers_qwen25_7b_prompt2,Q001,A,Animals,0,alpaca,alpaca,1,0,1,Q001::0
Part3/outputs/answers_qwen25_7b_prompt2.csv,answers_qwen25_7b_prompt2,Q001,A,Animals,1,koala,koala,0,0,0,Q001::1
Part3/outputs/answers_qwen25_7b_prompt2.csv,answers_qwen25_7b_prompt2,Q001,A,Animals,2,alligator,alligator,1,0,1,Q001::2
Part3/outputs/answers_qwen25_7b_prompt2.csv,answers_qwen25_7b_prompt2,Q001,A,Animals,3,antelope,antelope,1,0,1,Q001::3
Part3/outputs/answers_qwen25_7b_prompt2.csv,answers_qwen25_7b_prompt2,Q001,A,Animals,4,koala,koala,0,0,0,Q001::4
Part3/outputs/answers_qwen25_7b_prompt2.csv,answers_qwen25_7b_prompt2,Q001,A,Animals,5,alpaca,alpaca,1,0,1,Q001::5
Part3/outputs/answers_qwen25_7b_prompt2.csv,answers_qwen25_7b_prompt2,Q001,A,Animals,6,alpaca,alpaca,1,0,1,Q001::6
Part3/outputs/answers_qwen25_7b_prompt2.csv,answers_qwen25_7b_prompt2,Q001,A,Animals,7,koala,koala,0,0,0,Q001::7
Part3/outputs/answers_qwen25_7b_prompt2.csv,answers_qwen25_7b_prompt2,Q001,A,Animals,8,alpaca,alpaca,1,0,1,Q001::8
Part3/outputs/answers_qwen25_7b_prompt2.csv,answers_qwen25_7b_prompt2,Q001,A,Animals,9,alpaca,alpaca,1,0,1,Q001::9
Part3/outputs/answers_qwen25_7b_prompt2.csv,answers_qwen25_7b_prompt2,Q001,A,Animals,10,alpaca,alpaca,1,0,1,Q001::10
Part3/outputs/answers_qwen25_7b_prompt2.csv,answers_qwen25_7b_prompt2,Q001,A,Animals,11,alpaca,alpaca,1,0,1,Q001::11
Part3/outputs/answers_qwen25_7b_prompt2.csv,answers_qwen25_7b_prompt2,Q001,A,Animals,12,alpaca,alpaca,1,0,1,Q001::12
Part3/outputs/answers_qwen25_7b_prompt2.csv,answers_qwen25_7b_prompt2,Q001,A,Animals,13,alpaca,alpaca,1,0,1,Q001::13
Part3/outputs/answers_qwen25_7b_prompt2.csv,answers_qwen25_7b_prompt2,Q001,A,Animals,14,alpaca,alpaca,1,0,1,Q001::14
Part3/outputs/answers_qwen25_7b_prompt2.csv,answers_qwen25_7b_prompt2,Q001,A,Animals,15,alpaca,alpaca,1,0,1,Q001::15
Part3/outputs/answers_qwen25_7b_prompt2.csv,answers_qwen25_7b_prompt2,Q001,A,Animals,16,alligator,alligator,1,0,1,Q001::16
Part3/outputs/answers_qwen25_7b_prompt2.csv,answers_qwen25_7b_prompt2,Q001,A,Animals,17,alpaca,alpaca,1,0,1,Q001::17
Part3/outputs/answers_qwen25_7b_prompt2.csv,answers_qwen25_7b_prompt2,Q001,A,Animals,18,alpaca,alpaca,1,0,1,Q001::18
Part3/outputs/answers_qwen25_7b_prompt2.csv,answers_qwen25_7b_prompt2,Q001,A,Animals,19,alpaca,alpaca,1,0,1,Q001::19
Part3/outputs/answers_qwen25_7b_prompt2.csv,answers_qwen25_7b_prompt2,Q002,A,Jobs,0,accountant,accountant,1,0,1,Q002::0
Part3/outputs/answers_qwen25_7b_prompt2.csv,answers_qwen25_7b_prompt2,Q002,A,Jobs,1,accountant,accountant,1,0,1,Q002::1
Part3/outputs/answers_qwen25_7b_prompt2.csv,answers_qwen25_7b_prompt2,Q002,A,Jobs,2,accountant,accountant,1,0,1,Q002::2
Part3/outputs/answers_qwen25_7b_prompt2.csv,answers_qwen25_7b_prompt2,Q002,A,Jobs,3,accountant,accountant,1,0,1,Q002::3
Part3/outputs/answers_qwen25_7b_prompt2.csv,answers_qwen25_7b_prompt2,Q002,A,Jobs,4,accountant,accountant,1,0,1,Q002::4
Part3/outputs/answers_qwen25_7b_prompt2.csv,answers_qwen25_7b_prompt2,Q002,A,Jobs,5,accountant,accountant,1,0,1,Q002::5
Part3/outputs/answers_qwen25_7b_prompt2.csv,answers_qwen25_7b_prompt2,Q002,A,Jobs,6,accountant,accountant,1,0,1,Q002::6
Part3/outputs/answers_qwen25_7b_prompt2.csv,answers_qwen25_7b_prompt2,Q002,A,Jobs,7,accountant,accountant,1,0,1,Q002::7
Part3/outputs/answers_qwen25_7b_prompt2.csv,answers_qwen25_7b_prompt2,Q002,A,Jobs,8,accountant,accountant,1,0,1,Q002::8
Part3/outputs/answers_qwen25_7b_prompt2.csv,answers_qwen25_7b_prompt2,Q002,A,Jobs,9,accountant,accountant,1,0,1,Q002::9
Part3/outputs/answers_qwen25_7b_prompt2.csv,answers_qwen25_7b_prompt2,Q002,A,Jobs,10,accountant,accountant,1,1,0,Q002::10
Part3/outputs/answers_qwen25_7b_prompt2.csv,answers_qwen25_7b_prompt2,Q002,A,Jobs,11,accountant,accountant,1,0,1,Q002::11
Part3/outputs/answers_qwen25_7b_prompt2.csv,answers_qwen25_7b_prompt2,Q002,A,Jobs,12,accountant,accountant,1,0,1,Q002::12
Part3/outputs/answers_qwen25_7b_prompt2.csv,answers_qwen25_7b_prompt2,Q002,A,Jobs,13,accountant,accountant,1,0,1,Q002::13
Part3/outputs/answers_qwen25_7b_prompt2.csv,answers_qwen25_7b_prompt2,Q002,A,Jobs,14,accountant,accountant,1,0,1,Q002::14
Part3/outputs/answers_qwen25_7b_prompt2.csv,answers_qwen25_7b_prompt2,Q002,A,Jobs,15,accountant,accountant,1,0,1,Q002::15
Part3/outputs/answers_qwen25_7b_prompt2.csv,answers_qwen25_7b_prompt2,Q002,A,Jobs,16,accountant,accountant,1,0,1,Q002::16
Part3/outputs/answers_qwen25_7b_prompt2.csv,answers_qwen25_7b_prompt2,Q002,A,Jobs,17,accountant,accountant,1,0,1,Q002::17
Part3/outputs/answers_qwen25_7b_prompt2.csv,answers_qwen25_7b_prompt2,Q002,A,Jobs,18,accountant,accountant,1,0,1,Q002::18
Part3/outputs/answers_qwen25_7b_prompt2.csv,answers_qwen25_7b_prompt2,Q002,A,Jobs,19,accountant,accountant,1,0,1,Q002::19
Part3/outputs/answers_qwen25_7b_prompt2.csv,answers_qwen25_7b_prompt2,Q003,B,Fruits,0,blueberry,blueberry,1,0,1,Q003::0
Part3/outputs/answers_qwen25_7b_prompt2.csv,answers_qwen25_7b_prompt2,Q003,B,Fruits,1,banana,banana,1,0,1,Q003::1
Part3/outputs/answers_qwen25_7b_prompt2.csv,answers_qwen25_7b_prompt2,Q003,B,Fruits,2,blueberry,blueberry,1,0,1,Q003::2
Part3/outputs/answers_qwen25_7b_prompt2.csv,answers_qwen25_7b_prompt2,Q003,B,Fruits,3,blueberry,blueberry,1,0,1,Q003::3
Part3/outputs/answers_qwen25_7b_prompt2.csv,answers_qwen25_7b_prompt2,Q003,B,Fruits,4,blueberry,blueberry,1,1,0,Q003::4
Part3/outputs/answers_qwen25_7b_prompt2.csv,answers_qwen25_7b_prompt2,Q003,B,Fruits,5,blueberry,blueberry,1,1,0,Q003::5
Part3/outputs/answers_qwen25_7b_prompt2.csv,answers_qwen25_7b_prompt2,Q003,B,Fruits,6,blueberry,blueberry,1,0,1,Q003::6
Part3/outputs/answers_qwen25_7b_prompt2.csv,answers_qwen25_7b_prompt2,Q003,B,Fruits,7,blueberry,blueberry,1,0,1,Q003::7
Part3/outputs/answers_qwen25_7b_prompt2.csv,answers_qwen25_7b_prompt2,Q003,B,Fruits,8,blueberry,blueberry,1,0,1,Q003::8
Part3/outputs/answers_qwen25_7b_prompt2.csv,answers_qwen25_7b_prompt2,Q003,B,Fruits,9,blueberry,blueberry,1,0,1,Q003::9
Part3/outputs/answers_qwen25_7b_prompt2.csv,answers_qwen25_7b_prompt2,Q003,B,Fruits,10,blueberry,blueberry,1,0,1,Q003::10
Part3/outputs/answers_qwen25_7b_prompt2.csv,answers_qwen25_7b_prompt2,Q003,B,Fruits,11,blueberry,blueberry,1,0,1,Q003::11
Part3/outputs/answers_qwen25_7b_prompt2.csv,answers_qwen25_7b_prompt2,Q003,B,Fruits,12,blueberry,blueberry,1,0,1,Q003::12
Part3/outputs/answers_qwen25_7b_prompt2.csv,answers_qwen25_7b_prompt2,Q003,B,Fruits,13,blueberry,blueberry,1,0,1,Q003::13
Part3/outputs/answers_qwen25_7b_prompt2.csv,answers_qwen25_7b_prompt2,Q003,B,Fruits,14,blueberry,blueberry,1,0,1,Q003::14
Part3/outputs/answers_qwen25_7b_prompt2.csv,answers_qwen25_7b_prompt2,Q003,B,Fruits,15,blueberry,blueberry,1,0,1,Q003::15
Part3/outputs/answers_qwen25_7b_prompt2.csv,answers_qwen25_7b_prompt2,Q003,B,Fruits,16,blueberry,blueberry,1,0,1,Q003::16
Part3/outputs/answers_qwen25_7b_prompt2.csv,answers_qwen25_7b_prompt2,Q003,B,Fruits,17,blueberry,blueberry,1,0,1,Q003::17
Part3/outputs/answers_qwen25_7b_prompt2.csv,answers_qwen25_7b_prompt2,Q003,B,Fruits,18,blueberry,blueberry,1,0,1,Q003::18
Part3/outputs/answers_qwen25_7b_prompt2.csv,answers_qwen25_7b_prompt2,Q003,B,Fruits,19,blueberry,blueberry,1,0,1,Q003::19
Part3/outputs/answers_qwen25_7b_prompt2.csv,answers_qwen25_7b_prompt2,Q004,B,Things that are red,0,stop sign,stop sign,1,0,1,Q004::0
Part3/outputs/answers_qwen25_7b_prompt2.csv,answers_qwen25_7b_prompt2,Q004,B,Things that are red,1,stop sign,stop sign,1,0,1,Q004::1
Part3/outputs/answers_qwen25_7b_prompt2.csv,answers_qwen25_7b_prompt2,Q004,B,Things that are red,2,stop sign,stop sign,1,0,1,Q004::2
Part3/outputs/answers_qwen25_7b_prompt2.csv,answers_qwen25_7b_prompt2,Q004,B,Things that are red,3,stop sign,stop sign,1,0,1,Q004::3
Part3/outputs/answers_qwen25_7b_prompt2.csv,answers_qwen25_7b_prompt2,Q004,B,Things that are red,4,stop sign,stop sign,1,0,1,Q004::4
Part3/outputs/answers_qwen25_7b_prompt2.csv,answers_qwen25_7b_prompt2,Q004,B,Things that are red,5,strawberry,strawberry,1,0,1,Q004::5
Part3/outputs/answers_qwen25_7b_prompt2.csv,answers_qwen25_7b_prompt2,Q004,B,Things that are red,6,stop sign,stop sign,1,0,1,Q004::6
Part3/outputs/answers_qwen25_7b_prompt2.csv,answers_qwen25_7b_prompt2,Q004,B,Things that are red,7,stop sign,stop sign,1,0,1,Q004::7
Part3/outputs/answers_qwen25_7b_prompt2.csv,answers_qwen25_7b_prompt2,Q004,B,Things that are red,8,stop sign,stop sign,1,0,1,Q004::8
Part3/outputs/answers_qwen25_7b_prompt2.csv,answers_qwen25_7b_prompt2,Q004,B,Things that are red,9,stop sign,stop sign,1,0,1,Q004::9
Part3/outputs/answers_qwen25_7b_prompt2.csv,answers_qwen25_7b_prompt2,Q004,B,Things that are red,10,stop sign,stop sign,1,0,1,Q004::10
Part3/outputs/answers_qwen25_7b_prompt2.csv,answers_qwen25_7b_prompt2,Q004,B,Things that are red,11,strawberry,strawberry,1,0,1,Q004::11
Part3/outputs/answers_qwen25_7b_prompt2.csv,answers_qwen25_7b_prompt2,Q004,B,Things that are red,12,stop sign,stop sign,1,0,1,Q004::12
Part3/outputs/answers_qwen25_7b_prompt2.csv,answers_qwen25_7b_prompt2,Q004,B,Things that are red,13,stop sign,stop sign,1,0,1,Q004::13
Part3/outputs/answers_qwen25_7b_prompt2.csv,answers_qwen25_7b_prompt2,Q004,B,Things that are red,14,stop sign,stop sign,1,0,1,Q004::14
Part3/outputs/answers_qwen25_7b_prompt2.csv,answers_qwen25_7b_prompt2,Q004,B,Things that are red,15,strawberry,strawberry,1,0,1,Q004::15
Part3/outputs/answers_qwen25_7b_prompt2.csv,answers_qwen25_7b_prompt2,Q004,B,Things that are red,16,stop sign,stop sign,1,0,1,Q004::16
Part3/outputs/answers_qwen25_7b_prompt2.csv,answers_qwen25_7b_prompt2,Q004,B,Things that are red,17,stop sign,stop sign,1,0,1,Q004::17
Part3/outputs/answers_qwen25_7b_prompt2.csv,answers_qwen25_7b_prompt2,Q004,B,Things that are red,18,stop sign,stop sign,1,0,1,Q004::18
Part3/outputs/answers_qwen25_7b_prompt2.csv,answers_qwen25_7b_prompt2,Q004,B,Things that are red,19,stop sign,stop sign,1,0,1,Q004::19
Part3/outputs/answers_qwen25_7b_prompt2.csv,answers_qwen25_7b_prompt2,Q005,C,Countries,0,canada,canada,1,1,0,Q005::0
Part3/outputs/answers_qwen25_7b_prompt2.csv,answers_qwen25_7b_prompt2,Q005,C,Countries,1,canada,canada,1,1,0,Q005::1
Part3/outputs/answers_qwen25_7b_prompt2.csv,answers_qwen25_7b_prompt2,Q005,C,Countries,2,canada,canada,1,0,1,Q005::2
Part3/outputs/answers_qwen25_7b_prompt2.csv,answers_qwen25_7b_prompt2,Q005,C,Countries,3,canada,canada,1,1,0,Q005::3
Part3/outputs/answers_qwen25_7b_prompt2.csv,answers_qwen25_7b_prompt2,Q005,C,Countries,4,canada,canada,1,1,0,Q005::4
Part3/outputs/answers_qwen25_7b_prompt2.csv,answers_qwen25_7b_prompt2,Q005,C,Countries,5,canada,canada,1,1,0,Q005::5
Part3/outputs/answers_qwen25_7b_prompt2.csv,answers_qwen25_7b_prompt2,Q005,C,Countries,6,canada,canada,1,1,0,Q005::6
Part3/outputs/answers_qwen25_7b_prompt2.csv,answers_qwen25_7b_prompt2,Q005,C,Countries,7,canada,canada,1,1,0,Q005::7
Part3/outputs/answers_qwen25_7b_prompt2.csv,answers_qwen25_7b_prompt2,Q005,C,Countries,8,canada,canada,1,1,0,Q005::8
Part3/outputs/answers_qwen25_7b_prompt2.csv,answers_qwen25_7b_prompt2,Q005,C,Countries,9,canada,canada,1,0,1,Q005::9
Part3/outputs/answers_qwen25_7b_prompt2.csv,answers_qwen25_7b_prompt2,Q005,C,Countries,10,canada,canada,1,1,0,Q005::10
Part3/outputs/answers_qwen25_7b_prompt2.csv,answers_qwen25_7b_prompt2,Q005,C,Countries,11,canada,canada,1,0,1,Q005::11
Part3/outputs/answers_qwen25_7b_prompt2.csv,answers_qwen25_7b_prompt2,Q005,C,Countries,12,congo,congo,1,0,1,Q005::12
Part3/outputs/answers_qwen25_7b_prompt2.csv,answers_qwen25_7b_prompt2,Q005,C,Countries,13,canada,canada,1,1,0,Q005::13
Part3/outputs/answers_qwen25_7b_prompt2.csv,answers_qwen25_7b_prompt2,Q005,C,Countries,14,canada,canada,1,1,0,Q005::14
Part3/outputs/answers_qwen25_7b_prompt2.csv,answers_qwen25_7b_prompt2,Q005,C,Countries,15,canada,canada,1,1,0,Q005::15
Part3/outputs/answers_qwen25_7b_prompt2.csv,answers_qwen25_7b_prompt2,Q005,C,Countries,16,canada,canada,1,1,0,Q005::16
Part3/outputs/answers_qwen25_7b_prompt2.csv,answers_qwen25_7b_prompt2,Q005,C,Countries,17,canada,canada,1,1,0,Q005::17
Part3/outputs/answers_qwen25_7b_prompt2.csv,answers_qwen25_7b_prompt2,Q005,C,Countries,18,canada,canada,1,0,1,Q005::18
Part3/outputs/answers_qwen25_7b_prompt2.csv,answers_qwen25_7b_prompt2,Q005,C,Countries,19,canada,canada,1,1,0,Q005::19
Part3/outputs/answers_qwen25_7b_prompt2.csv,answers_qwen25_7b_prompt2,Q006,C,Board games,0,checkers,checkers,1,0,1,Q006::0
Part3/outputs/answers_qwen25_7b_prompt2.csv,answers_qwen25_7b_prompt2,Q006,C,Board games,1,chess,chess,1,0,1,Q006::1
Part3/outputs/answers_qwen25_7b_prompt2.csv,answers_qwen25_7b_prompt2,Q006,C,Board games,2,chess,chess,1,0,1,Q006::2
Part3/outputs/answers_qwen25_7b_prompt2.csv,answers_qwen25_7b_prompt2,Q006,C,Board games,3,checkers,checkers,1,0,1,Q006::3
Part3/outputs/answers_qwen25_7b_prompt2.csv,answers_qwen25_7b_prompt2,Q006,C,Board games,4,catan,catan,1,0,1,Q006::4
Part3/outputs/answers_qwen25_7b_prompt2.csv,answers_qwen25_7b_prompt2,Q006,C,Board games,5,chess,chess,1,0,1,Q006::5
Part3/outputs/answers_qwen25_7b_prompt2.csv,answers_qwen25_7b_prompt2,Q006,C,Board games,6,chess,chess,1,0,1,Q006::6
Part3/outputs/answers_qwen25_7b_prompt2.csv,answers_qwen25_7b_prompt2,Q006,C,Board games,7,chess,chess,1,0,1,Q006::7
Part3/outputs/answers_qwen25_7b_prompt2.csv,answers_qwen25_7b_prompt2,Q006,C,Board games,8,catan,catan,1,0,1,Q006::8
Part3/outputs/answers_qwen25_7b_prompt2.csv,answers_qwen25_7b_prompt2,Q006,C,Board games,9,checkers,checkers,1,0,1,Q006::9
Part3/outputs/answers_qwen25_7b_prompt2.csv,answers_qwen25_7b_prompt2,Q006,C,Board games,10,chess,chess,1,0,1,Q006::10
Part3/outputs/answers_qwen25_7b_prompt2.csv,answers_qwen25_7b_prompt2,Q006,C,Board games,11,cluefinders,cluefinders,0,0,0,Q006::11
Part3/outputs/answers_qwen25_7b_prompt2.csv,answers_qwen25_7b_prompt2,Q006,C,Board games,12,connect Four,connect four,1,0,1,Q006::12
Part3/outputs/answers_qwen25_7b_prompt2.csv,answers_qwen25_7b_prompt2,Q006,C,Board games,13,checkers,checkers,1,0,1,Q006::13
Part3/outputs/answers_qwen25_7b_prompt2.csv,answers_qwen25_7b_prompt2,Q006,C,Board games,14,connect四棋,connect,0,0,0,Q006::14
Part3/outputs/answers_qwen25_7b_prompt2.csv,answers_qwen25_7b_prompt2,Q006,C,Board games,15,chess,chess,1,0,1,Q006::15
Part3/outputs/answers_qwen25_7b_prompt2.csv,answers_qwen25_7b_prompt2,Q006,C,Board games,16,chess,chess,1,0,1,Q006::16
Part3/outputs/answers_qwen25_7b_prompt2.csv,answers_qwen25_7b_prompt2,Q006,C,Board games,17,checkers,checkers,1,0,1,Q006::17
Part3/outputs/answers_qwen25_7b_prompt2.csv,answers_qwen25_7b_prompt2,Q006,C,Board games,18,chess,chess,1,0,1,Q006::18
Part3/outputs/answers_qwen25_7b_prompt2.csv,answers_qwen25_7b_prompt2,Q006,C,Board games,19,chess,chess,1,0,1,Q006::19
Part3/outputs/answers_qwen25_7b_prompt2.csv,answers_qwen25_7b_prompt2,Q007,D,Musical instruments,0,drum set,drum set,0,0,0,Q007::0
Part3/outputs/answers_qwen25_7b_prompt2.csv,answers_qwen25_7b_prompt2,Q007,D,Musical instruments,1,drum set,drum set,0,0,0,Q007::1
Part3/outputs/answers_qwen25_7b_prompt2.csv,answers_qwen25_7b_prompt2,Q007,D,Musical instruments,2,drum,drum,1,0,1,Q007::2
Part3/outputs/answers_qwen25_7b_prompt2.csv,answers_qwen25_7b_prompt2,Q007,D,Musical instruments,3,drum set,drum set,0,0,0,Q007::3
Part3/outputs/answers_qwen25_7b_prompt2.csv,answers_qwen25_7b_prompt2,Q007,D,Musical instruments,4,drum set,drum set,0,0,0,Q007::4
Part3/outputs/answers_qwen25_7b_prompt2.csv,answers_qwen25_7b_prompt2,Q007,D,Musical instruments,5,drum set,drum set,0,0,0,Q007::5
Part3/outputs/answers_qwen25_7b_prompt2.csv,answers_qwen25_7b_prompt2,Q007,D,Musical instruments,6,drum set,drum set,0,0,0,Q007::6
Part3/outputs/answers_qwen25_7b_prompt2.csv,answers_qwen25_7b_prompt2,Q007,D,Musical instruments,7,didgeridoo,didgeridoo,1,1,0,Q007::7
Part3/outputs/answers_qwen25_7b_prompt2.csv,answers_qwen25_7b_prompt2,Q007,D,Musical instruments,8,drum set,drum set,0,0,0,Q007::8
Part3/outputs/answers_qwen25_7b_prompt2.csv,answers_qwen25_7b_prompt2,Q007,D,Musical instruments,9,drum set,drum set,0,0,0,Q007::9
Part3/outputs/answers_qwen25_7b_prompt2.csv,answers_qwen25_7b_prompt2,Q007,D,Musical instruments,10,drum,drum,1,0,1,Q007::10
Part3/outputs/answers_qwen25_7b_prompt2.csv,answers_qwen25_7b_prompt2,Q007,D,Musical instruments,11,drum,drum,1,0,1,Q007::11
Part3/outputs/answers_qwen25_7b_prompt2.csv,answers_qwen25_7b_prompt2,Q007,D,Musical instruments,12,drum kit,drum kit,1,0,1,Q007::12
Part3/outputs/answers_qwen25_7b_prompt2.csv,answers_qwen25_7b_prompt2,Q007,D,Musical instruments,13,drum set,drum set,0,0,0,Q007::13
Part3/outputs/answers_qwen25_7b_prompt2.csv,answers_qwen25_7b_prompt2,Q007,D,Musical instruments,14,drum set,drum set,0,0,0,Q007::14
Part3/outputs/answers_qwen25_7b_prompt2.csv,answers_qwen25_7b_prompt2,Q007,D,Musical instruments,15,drum set,drum set,0,0,0,Q007::15
Part3/outputs/answers_qwen25_7b_prompt2.csv,answers_qwen25_7b_prompt2,Q007,D,Musical instruments,16,drum set,drum set,0,0,0,Q007::16
Part3/outputs/answers_qwen25_7b_prompt2.csv,answers_qwen25_7b_prompt2,Q007,D,Musical instruments,17,drum set,drum set,0,0,0,Q007::17
Part3/outputs/answers_qwen25_7b_prompt2.csv,answers_qwen25_7b_prompt2,Q007,D,Musical instruments,18,drum set,drum set,0,0,0,Q007::18
Part3/outputs/answers_qwen25_7b_prompt2.csv,answers_qwen25_7b_prompt2,Q007,D,Musical instruments,19,drum set,drum set,0,0,0,Q007::19
Part3/outputs/answers_qwen25_7b_prompt2.csv,answers_qwen25_7b_prompt2,Q008,D,Things in a bathroom,0,shampoo,shampoo,0,0,0,Q008::0
Part3/outputs/answers_qwen25_7b_prompt2.csv,answers_qwen25_7b_prompt2,Q008,D,Things in a bathroom,1,shampoo,shampoo,0,0,0,Q008::1
Part3/outputs/answers_qwen25_7b_prompt2.csv,answers_qwen25_7b_prompt2,Q008,D,Things in a bathroom,2,toothbrush,toothbrush,0,0,0,Q008::2
Part3/outputs/answers_qwen25_7b_prompt2.csv,answers_qwen25_7b_prompt2,Q008,D,Things in a bathroom,3,toothpaste,toothpaste,1,0,1,Q008::3
Part3/outputs/answers_qwen25_7b_prompt2.csv,answers_qwen25_7b_prompt2,Q008,D,Things in a bathroom,4,soap dispenser,soap dispenser,1,0,1,Q008::4
Part3/outputs/answers_qwen25_7b_prompt2.csv,answers_qwen25_7b_prompt2,Q008,D,Things in a bathroom,5,soap dispenser,soap dispenser,1,0,1,Q008::5
Part3/outputs/answers_qwen25_7b_prompt2.csv,answers_qwen25_7b_prompt2,Q008,D,Things in a bathroom,6,soap dispenser,soap dispenser,1,0,1,Q008::6
Part3/outputs/answers_qwen25_7b_prompt2.csv,answers_qwen25_7b_prompt2,Q008,D,Things in a bathroom,7,soap dispenser,soap dispenser,1,0,1,Q008::7
Part3/outputs/answers_qwen25_7b_prompt2.csv,answers_qwen25_7b_prompt2,Q008,D,Things in a bathroom,8,soap dispenser,soap dispenser,1,0,1,Q008::8
Part3/outputs/answers_qwen25_7b_prompt2.csv,answers_qwen25_7b_prompt2,Q008,D,Things in a bathroom,9,soap dispenser,soap dispenser,1,0,1,Q008::9
Part3/outputs/answers_qwen25_7b_prompt2.csv,answers_qwen25_7b_prompt2,Q008,D,Things in a bathroom,10,shampoo,shampoo,0,0,0,Q008::10
Part3/outputs/answers_qwen25_7b_prompt2.csv,answers_qwen25_7b_prompt2,Q008,D,Things in a bathroom,11,toilet paper,toilet paper,1,0,1,Q008::11
Part3/outputs/answers_qwen25_7b_prompt2.csv,answers_qwen25_7b_prompt2,Q008,D,Things in a bathroom,12,soap dispenser,soap dispenser,1,0,1,Q008::12
Part3/outputs/answers_qwen25_7b_prompt2.csv,answers_qwen25_7b_prompt2,Q008,D,Things in a bathroom,13,soap dispenser,soap dispenser,1,0,1,Q008::13
Part3/outputs/answers_qwen25_7b_prompt2.csv,answers_qwen25_7b_prompt2,Q008,D,Things in a bathroom,14,soap dispenser,soap dispenser,1,0,1,Q008::14
Part3/outputs/answers_qwen25_7b_prompt2.csv,answers_qwen25_7b_prompt2,Q008,D,Things in a bathroom,15,soap dispenser,soap dispenser,1,0,1,Q008::15
Part3/outputs/answers_qwen25_7b_prompt2.csv,answers_qwen25_7b_prompt2,Q008,D,Things in a bathroom,16,soap dispenser,soap dispenser,1,0,1,Q008::16
Part3/outputs/answers_qwen25_7b_prompt2.csv,answers_qwen25_7b_prompt2,Q008,D,Things in a bathroom,17,soap dispenser,soap dispenser,1,0,1,Q008::17
Part3/outputs/answers_qwen25_7b_prompt2.csv,answers_qwen25_7b_prompt2,Q008,D,Things in a bathroom,18,soap dispenser,soap dispenser,1,0,1,Q008::18
Part3/outputs/answers_qwen25_7b_prompt2.csv,answers_qwen25_7b_prompt2,Q008,D,Things in a bathroom,19,soap dispenser,soap dispenser,1,0,1,Q008::19
Part3/outputs/answers_qwen25_7b_prompt2.csv,answers_qwen25_7b_prompt2,Q009,E,Sports,0,tennis,tennis,0,0,0,Q009::0
Part3/outputs/answers_qwen25_7b_prompt2.csv,answers_qwen25_7b_prompt2,Q009,E,Sports,1,volleyball,volleyball,0,0,0,Q009::1
Part3/outputs/answers_qwen25_7b_prompt2.csv,answers_qwen25_7b_prompt2,Q009,E,Sports,2,badminton,badminton,1,0,1,Q009::2
Part3/outputs/answers_qwen25_7b_prompt2.csv,answers_qwen25_7b_prompt2,Q009,E,Sports,3,tennis,tennis,0,0,0,Q009::3
Part3/outputs/answers_qwen25_7b_prompt2.csv,answers_qwen25_7b_prompt2,Q009,E,Sports,4,tennis,tennis,0,0,0,Q009::4
Part3/outputs/answers_qwen25_7b_prompt2.csv,answers_qwen25_7b_prompt2,Q009,E,Sports,5,tennis,tennis,0,0,0,Q009::5
Part3/outputs/answers_qwen25_7b_prompt2.csv,answers_qwen25_7b_prompt2,Q009,E,Sports,6,table tennis,table tennis,0,0,0,Q009::6
Part3/outputs/answers_qwen25_7b_prompt2.csv,answers_qwen25_7b_prompt2,Q009,E,Sports,7,badminton,badminton,1,0,1,Q009::7
Part3/outputs/answers_qwen25_7b_prompt2.csv,answers_qwen25_7b_prompt2,Q009,E,Sports,8,volleyball,volleyball,0,0,0,Q009::8
Part3/outputs/answers_qwen25_7b_prompt2.csv,answers_qwen25_7b_prompt2,Q009,E,Sports,9,tennis,tennis,0,0,0,Q009::9
Part3/outputs/answers_qwen25_7b_prompt2.csv,answers_qwen25_7b_prompt2,Q009,E,Sports,10,badminton,badminton,1,0,1,Q009::10
Part3/outputs/answers_qwen25_7b_prompt2.csv,answers_qwen25_7b_prompt2,Q009,E,Sports,11,volley ball,volley ball,0,0,0,Q009::11
Part3/outputs/answers_qwen25_7b_prompt2.csv,answers_qwen25_7b_prompt2,Q009,E,Sports,12,tennis,tennis,0,0,0,Q009::12
Part3/outputs/answers_qwen25_7b_prompt2.csv,answers_qwen25_7b_prompt2,Q009,E,Sports,13,tennis,tennis,0,0,0,Q009::13
Part3/outputs/answers_qwen25_7b_prompt2.csv,answers_qwen25_7b_prompt2,Q009,E,Sports,14,table tennis,table tennis,0,0,0,Q009::14
Part3/outputs/answers_qwen25_7b_prompt2.csv,answers_qwen25_7b_prompt2,Q009,E,Sports,15,tennis,tennis,0,0,0,Q009::15
Part3/outputs/answers_qwen25_7b_prompt2.csv,answers_qwen25_7b_prompt2,Q009,E,Sports,16,tennis,tennis,0,0,0,Q009::16
Part3/outputs/answers_qwen25_7b_prompt2.csv,answers_qwen25_7b_prompt2,Q009,E,Sports,17,tennis,tennis,0,0,0,Q009::17
Part3/outputs/answers_qwen25_7b_prompt2.csv,answers_qwen25_7b_prompt2,Q009,E,Sports,18,table tennis,table tennis,0,0,0,Q009::18
Part3/outputs/answers_qwen25_7b_prompt2.csv,answers_qwen25_7b_prompt2,Q009,E,Sports,19,tennis,tennis,0,0,0,Q009::19
Part3/outputs/answers_qwen25_7b_prompt2.csv,answers_qwen25_7b_prompt2,Q010,E,Movie titles,0,election day,election day,0,0,0,Q010::0
Part3/outputs/answers_qwen25_7b_prompt2.csv,answers_qwen25_7b_prompt2,Q010,E,Movie titles,1,eclipse,eclipse,1,0,1,Q010::1
Part3/outputs/answers_qwen25_7b_prompt2.csv,answers_qwen25_7b_prompt2,Q010,E,Movie titles,2,election day,election day,0,0,0,Q010::2
Part3/outputs/answers_qwen25_7b_prompt2.csv,answers_qwen25_7b_prompt2,Q010,E,Movie titles,3,eclipse,eclipse,1,0,1,Q010::3
Part3/outputs/answers_qwen25_7b_prompt2.csv,answers_qwen25_7b_prompt2,Q010,E,Movie titles,4,eternal sunshine of the spotless mind,eternal sunshine of the spotless mind,0,0,0,Q010::4
Part3/outputs/answers_qwen25_7b_prompt2.csv,answers_qwen25_7b_prompt2,Q010,E,Movie titles,5,elephant gun warfare,elephant gun warfare,0,0,0,Q010::5
Part3/outputs/answers_qwen25_7b_prompt2.csv,answers_qwen25_7b_prompt2,Q010,E,Movie titles,6,eternal sunshine of the spotless mind,eternal sunshine of the spotless mind,0,0,0,Q010::6
Part3/outputs/answers_qwen25_7b_prompt2.csv,answers_qwen25_7b_prompt2,Q010,E,Movie titles,7,eight-legged fish,eight-legged fish,0,0,0,Q010::7
Part3/outputs/answers_qwen25_7b_prompt2.csv,answers_qwen25_7b_prompt2,Q010,E,Movie titles,8,eternal sunshine of the spotless mind,eternal sunshine of the spotless mind,0,0,0,Q010::8
Part3/outputs/answers_qwen25_7b_prompt2.csv,answers_qwen25_7b_prompt2,Q010,E,Movie titles,9,european girlfriend,european girlfriend,0,0,0,Q010::9
Part3/outputs/answers_qwen25_7b_prompt2.csv,answers_qwen25_7b_prompt2,Q010,E,Movie titles,10,eagle eyed,eagle eyed,0,0,0,Q010::10
Part3/outputs/answers_qwen25_7b_prompt2.csv,answers_qwen25_7b_prompt2,Q010,E,Movie titles,11,easter buddies,easter buddies,0,0,0,Q010::11
Part3/outputs/answers_qwen25_7b_prompt2.csv,answers_qwen25_7b_prompt2,Q010,E,Movie titles,12,every man emoji,every man emoji,0,0,0,Q010::12
Part3/outputs/answers_qwen25_7b_prompt2.csv,answers_qwen25_7b_prompt2,Q010,E,Movie titles,13,european feast,european feast,0,0,0,Q010::13
Part3/outputs/answers_qwen25_7b_prompt2.csv,answers_qwen25_7b_prompt2,Q010,E,Movie titles,14,electric madagascar,electric madagascar,0,0,0,Q010::14
Part3/outputs/answers_qwen25_7b_prompt2.csv,answers_qwen25_7b_prompt2,Q010,E,Movie titles,15,e validationResult,e validationresult,0,0,0,Q010::15
Part3/outputs/answers_qwen25_7b_prompt2.csv,answers_qwen25_7b_prompt2,Q010,E,Movie titles,16,einstein博弈,einstein,0,0,0,Q010::16
Part3/outputs/answers_qwen25_7b_prompt2.csv,answers_qwen25_7b_prompt2,Q010,E,Movie titles,17,eclipse,eclipse,1,0,1,Q010::17
Part3/outputs/answers_qwen25_7b_prompt2.csv,answers_qwen25_7b_prompt2,Q010,E,Movie titles,18,easter monday,easter monday,0,0,0,Q010::18
Part3/outputs/answers_qwen25_7b_prompt2.csv,answers_qwen25_7b_prompt2,Q010,E,Movie titles,19,eurotrip,eurotrip,1,0,1,Q010::19
Part3/outputs/answers_qwen25_7b_prompt2.csv,answers_qwen25_7b_prompt2,Q011,F,Fish,0,flounder,flounder,1,0,1,Q011::0
Part3/outputs/answers_qwen25_7b_prompt2.csv,answers_qwen25_7b_prompt2,Q011,F,Fish,1,flounder,flounder,1,0,1,Q011::1
Part3/outputs/answers_qwen25_7b_prompt2.csv,answers_qwen25_7b_prompt2,Q011,F,Fish,2,flounder,flounder,1,0,1,Q011::2
Part3/outputs/answers_qwen25_7b_prompt2.csv,answers_qwen25_7b_prompt2,Q011,F,Fish,3,flounder,flounder,1,0,1,Q011::3
Part3/outputs/answers_qwen25_7b_prompt2.csv,answers_qwen25_7b_prompt2,Q011,F,Fish,4,flounder,flounder,1,0,1,Q011::4
Part3/outputs/answers_qwen25_7b_prompt2.csv,answers_qwen25_7b_prompt2,Q011,F,Fish,5,flounder,flounder,1,0,1,Q011::5
Part3/outputs/answers_qwen25_7b_prompt2.csv,answers_qwen25_7b_prompt2,Q011,F,Fish,6,flounder,flounder,1,0,1,Q011::6
Part3/outputs/answers_qwen25_7b_prompt2.csv,answers_qwen25_7b_prompt2,Q011,F,Fish,7,flounder,flounder,1,0,1,Q011::7
Part3/outputs/answers_qwen25_7b_prompt2.csv,answers_qwen25_7b_prompt2,Q011,F,Fish,8,tilapia,tilapia,0,0,0,Q011::8
Part3/outputs/answers_qwen25_7b_prompt2.csv,answers_qwen25_7b_prompt2,Q011,F,Fish,9,flounder,flounder,1,0,1,Q011::9
Part3/outputs/answers_qwen25_7b_prompt2.csv,answers_qwen25_7b_prompt2,Q011,F,Fish,10,flounder,flounder,1,0,1,Q011::10
Part3/outputs/answers_qwen25_7b_prompt2.csv,answers_qwen25_7b_prompt2,Q011,F,Fish,11,flounder,flounder,1,1,0,Q011::11
Part3/outputs/answers_qwen25_7b_prompt2.csv,answers_qwen25_7b_prompt2,Q011,F,Fish,12,flounder,flounder,1,0,1,Q011::12
Part3/outputs/answers_qwen25_7b_prompt2.csv,answers_qwen25_7b_prompt2,Q011,F,Fish,13,flounder,flounder,1,0,1,Q011::13
Part3/outputs/answers_qwen25_7b_prompt2.csv,answers_qwen25_7b_prompt2,Q011,F,Fish,14,tilapia,tilapia,0,0,0,Q011::14
Part3/outputs/answers_qwen25_7b_prompt2.csv,answers_qwen25_7b_prompt2,Q011,F,Fish,15,flounder,flounder,1,0,1,Q011::15
Part3/outputs/answers_qwen25_7b_prompt2.csv,answers_qwen25_7b_prompt2,Q011,F,Fish,16,flounder,flounder,1,0,1,Q011::16
Part3/outputs/answers_qwen25_7b_prompt2.csv,answers_qwen25_7b_prompt2,Q011,F,Fish,17,flounder,flounder,1,0,1,Q011::17
Part3/outputs/answers_qwen25_7b_prompt2.csv,answers_qwen25_7b_prompt2,Q011,F,Fish,18,flounder,flounder,1,0,1,Q011::18
Part3/outputs/answers_qwen25_7b_prompt2.csv,answers_qwen25_7b_prompt2,Q011,F,Fish,19,flounder,flounder,1,0,1,Q011::19
Part3/outputs/answers_qwen25_7b_prompt2.csv,answers_qwen25_7b_prompt2,Q012,F,Things in a backpack,0,flashlight,flashlight,1,0,1,Q012::0
Part3/outputs/answers_qwen25_7b_prompt2.csv,answers_qwen25_7b_prompt2,Q012,F,Things in a backpack,1,flashlight,flashlight,1,0,1,Q012::1
Part3/outputs/answers_qwen25_7b_prompt2.csv,answers_qwen25_7b_prompt2,Q012,F,Things in a backpack,2,flashlight,flashlight,1,0,1,Q012::2
Part3/outputs/answers_qwen25_7b_prompt2.csv,answers_qwen25_7b_prompt2,Q012,F,Things in a backpack,3,flashlight,flashlight,1,0,1,Q012::3
Part3/outputs/answers_qwen25_7b_prompt2.csv,answers_qwen25_7b_prompt2,Q012,F,Things in a backpack,4,flashlight,flashlight,1,0,1,Q012::4
Part3/outputs/answers_qwen25_7b_prompt2.csv,answers_qwen25_7b_prompt2,Q012,F,Things in a backpack,5,flashlight,flashlight,1,0,1,Q012::5
Part3/outputs/answers_qwen25_7b_prompt2.csv,answers_qwen25_7b_prompt2,Q012,F,Things in a backpack,6,flashlight,flashlight,1,0,1,Q012::6
Part3/outputs/answers_qwen25_7b_prompt2.csv,answers_qwen25_7b_prompt2,Q012,F,Things in a backpack,7,flashlight,flashlight,1,0,1,Q012::7
Part3/outputs/answers_qwen25_7b_prompt2.csv,answers_qwen25_7b_prompt2,Q012,F,Things in a backpack,8,flashlight,flashlight,1,0,1,Q012::8
Part3/outputs/answers_qwen25_7b_prompt2.csv,answers_qwen25_7b_prompt2,Q012,F,Things in a backpack,9,flashlight,flashlight,1,0,1,Q012::9
Part3/outputs/answers_qwen25_7b_prompt2.csv,answers_qwen25_7b_prompt2,Q012,F,Things in a backpack,10,flashlight,flashlight,1,0,1,Q012::10
Part3/outputs/answers_qwen25_7b_prompt2.csv,answers_qwen25_7b_prompt2,Q012,F,Things in a backpack,11,flashlight,flashlight,1,0,1,Q012::11
Part3/outputs/answers_qwen25_7b_prompt2.csv,answers_qwen25_7b_prompt2,Q012,F,Things in a backpack,12,flashlight,flashlight,1,0,1,Q012::12
Part3/outputs/answers_qwen25_7b_prompt2.csv,answers_qwen25_7b_prompt2,Q012,F,Things in a backpack,13,flashlight,flashlight,1,0,1,Q012::13
Part3/outputs/answers_qwen25_7b_prompt2.csv,answers_qwen25_7b_prompt2,Q012,F,Things in a backpack,14,flashlight,flashlight,1,0,1,Q012::14
Part3/outputs/answers_qwen25_7b_prompt2.csv,answers_qwen25_7b_prompt2,Q012,F,Things in a backpack,15,flashlight,flashlight,1,0,1,Q012::15
Part3/outputs/answers_qwen25_7b_prompt2.csv,answers_qwen25_7b_prompt2,Q012,F,Things in a backpack,16,flashlight,flashlight,1,0,1,Q012::16
Part3/outputs/answers_qwen25_7b_prompt2.csv,answers_qwen25_7b_prompt2,Q012,F,Things in a backpack,17,flashlight,flashlight,1,0,1,Q012::17
Part3/outputs/answers_qwen25_7b_prompt2.csv,answers_qwen25_7b_prompt2,Q012,F,Things in a backpack,18,flashlight,flashlight,1,0,1,Q012::18
Part3/outputs/answers_qwen25_7b_prompt2.csv,answers_qwen25_7b_prompt2,Q012,F,Things in a backpack,19,flashlight,flashlight,1,0,1,Q012::19
Part3/outputs/answers_qwen25_7b_prompt2.csv,answers_qwen25_7b_prompt2,Q013,G,U.S. states,0,georgia,georgia,1,0,1,Q013::0
Part3/outputs/answers_qwen25_7b_prompt2.csv,answers_qwen25_7b_prompt2,Q013,G,U.S. states,1,georgia,georgia,1,0,1,Q013::1
Part3/outputs/answers_qwen25_7b_prompt2.csv,answers_qwen25_7b_prompt2,Q013,G,U.S. states,2,georgia,georgia,1,0,1,Q013::2
Part3/outputs/answers_qwen25_7b_prompt2.csv,answers_qwen25_7b_prompt2,Q013,G,U.S. states,3,georgia,georgia,1,0,1,Q013::3
Part3/outputs/answers_qwen25_7b_prompt2.csv,answers_qwen25_7b_prompt2,Q013,G,U.S. states,4,georgia,georgia,1,0,1,Q013::4
Part3/outputs/answers_qwen25_7b_prompt2.csv,answers_qwen25_7b_prompt2,Q013,G,U.S. states,5,georgia,georgia,1,0,1,Q013::5
Part3/outputs/answers_qwen25_7b_prompt2.csv,answers_qwen25_7b_prompt2,Q013,G,U.S. states,6,georgia,georgia,1,0,1,Q013::6
Part3/outputs/answers_qwen25_7b_prompt2.csv,answers_qwen25_7b_prompt2,Q013,G,U.S. states,7,georgia,georgia,1,0,1,Q013::7
Part3/outputs/answers_qwen25_7b_prompt2.csv,answers_qwen25_7b_prompt2,Q013,G,U.S. states,8,georgia,georgia,1,1,0,Q013::8
Part3/outputs/answers_qwen25_7b_prompt2.csv,answers_qwen25_7b_prompt2,Q013,G,U.S. states,9,georgia,georgia,1,0,1,Q013::9
Part3/outputs/answers_qwen25_7b_prompt2.csv,answers_qwen25_7b_prompt2,Q013,G,U.S. states,10,georgia,georgia,1,0,1,Q013::10
Part3/outputs/answers_qwen25_7b_prompt2.csv,answers_qwen25_7b_prompt2,Q013,G,U.S. states,11,georgia,georgia,1,0,1,Q013::11
Part3/outputs/answers_qwen25_7b_prompt2.csv,answers_qwen25_7b_prompt2,Q013,G,U.S. states,12,georgia,georgia,1,0,1,Q013::12
Part3/outputs/answers_qwen25_7b_prompt2.csv,answers_qwen25_7b_prompt2,Q013,G,U.S. states,13,georgia,georgia,1,0,1,Q013::13
Part3/outputs/answers_qwen25_7b_prompt2.csv,answers_qwen25_7b_prompt2,Q013,G,U.S. states,14,georgia,georgia,1,0,1,Q013::14
Part3/outputs/answers_qwen25_7b_prompt2.csv,answers_qwen25_7b_prompt2,Q013,G,U.S. states,15,georgia,georgia,1,0,1,Q013::15
Part3/outputs/answers_qwen25_7b_prompt2.csv,answers_qwen25_7b_prompt2,Q013,G,U.S. states,16,georgia,georgia,1,0,1,Q013::16
Part3/outputs/answers_qwen25_7b_prompt2.csv,answers_qwen25_7b_prompt2,Q013,G,U.S. states,17,georgia,georgia,1,0,1,Q013::17
Part3/outputs/answers_qwen25_7b_prompt2.csv,answers_qwen25_7b_prompt2,Q013,G,U.S. states,18,georgia,georgia,1,0,1,Q013::18
Part3/outputs/answers_qwen25_7b_prompt2.csv,answers_qwen25_7b_prompt2,Q013,G,U.S. states,19,nebraska,nebraska,0,0,0,Q013::19
Part3/outputs/answers_qwen25_7b_prompt2.csv,answers_qwen25_7b_prompt2,Q014,G,Foods,0,guacamole,guacamole,1,0,1,Q014::0
Part3/outputs/answers_qwen25_7b_prompt2.csv,answers_qwen25_7b_prompt2,Q014,G,Foods,1,garlic bread,garlic bread,1,0,1,Q014::1
Part3/outputs/answers_qwen25_7b_prompt2.csv,answers_qwen25_7b_prompt2,Q014,G,Foods,2,guacamole,guacamole,1,0,1,Q014::2
Part3/outputs/answers_qwen25_7b_prompt2.csv,answers_qwen25_7b_prompt2,Q014,G,Foods,3,grilled cheese,grilled cheese,1,0,1,Q014::3
Part3/outputs/answers_qwen25_7b_prompt2.csv,answers_qwen25_7b_prompt2,Q014,G,Foods,4,guacamole,guacamole,1,0,1,Q014::4
Part3/outputs/answers_qwen25_7b_prompt2.csv,answers_qwen25_7b_prompt2,Q014,G,Foods,5,guacamole,guacamole,1,0,1,Q014::5
Part3/outputs/answers_qwen25_7b_prompt2.csv,answers_qwen25_7b_prompt2,Q014,G,Foods,6,guacamole,guacamole,1,0,1,Q014::6
Part3/outputs/answers_qwen25_7b_prompt2.csv,answers_qwen25_7b_prompt2,Q014,G,Foods,7,garlic bread,garlic bread,1,0,1,Q014::7
Part3/outputs/answers_qwen25_7b_prompt2.csv,answers_qwen25_7b_prompt2,Q014,G,Foods,8,garlic bread,garlic bread,1,0,1,Q014::8
Part3/outputs/answers_qwen25_7b_prompt2.csv,answers_qwen25_7b_prompt2,Q014,G,Foods,9,guacamole,guacamole,1,0,1,Q014::9
Part3/outputs/answers_qwen25_7b_prompt2.csv,answers_qwen25_7b_prompt2,Q014,G,Foods,10,gelato,gelato,1,0,1,Q014::10
Part3/outputs/answers_qwen25_7b_prompt2.csv,answers_qwen25_7b_prompt2,Q014,G,Foods,11,guacamole,guacamole,1,0,1,Q014::11
Part3/outputs/answers_qwen25_7b_prompt2.csv,answers_qwen25_7b_prompt2,Q014,G,Foods,12,grilled cheese,grilled cheese,1,0,1,Q014::12
Part3/outputs/answers_qwen25_7b_prompt2.csv,answers_qwen25_7b_prompt2,Q014,G,Foods,13,guacamole,guacamole,1,0,1,Q014::13
Part3/outputs/answers_qwen25_7b_prompt2.csv,answers_qwen25_7b_prompt2,Q014,G,Foods,14,guacamole,guacamole,1,0,1,Q014::14
Part3/outputs/answers_qwen25_7b_prompt2.csv,answers_qwen25_7b_prompt2,Q014,G,Foods,15,grilled cheese,grilled cheese,1,0,1,Q014::15
Part3/outputs/answers_qwen25_7b_prompt2.csv,answers_qwen25_7b_prompt2,Q014,G,Foods,16,grapefruit,grapefruit,1,0,1,Q014::16
Part3/outputs/answers_qwen25_7b_prompt2.csv,answers_qwen25_7b_prompt2,Q014,G,Foods,17,guacamole,guacamole,1,0,1,Q014::17
Part3/outputs/answers_qwen25_7b_prompt2.csv,answers_qwen25_7b_prompt2,Q014,G,Foods,18,garlic bread,garlic bread,1,0,1,Q014::18
Part3/outputs/answers_qwen25_7b_prompt2.csv,answers_qwen25_7b_prompt2,Q014,G,Foods,19,guacamole,guacamole,1,0,1,Q014::19
Part3/outputs/answers_qwen25_7b_prompt2.csv,answers_qwen25_7b_prompt2,Q015,H,Famous scientists,0,huygens,huygens,1,0,1,Q015::0
Part3/outputs/answers_qwen25_7b_prompt2.csv,answers_qwen25_7b_prompt2,Q015,H,Famous scientists,1,hooke newton,hooke newton,0,0,0,Q015::1
Part3/outputs/answers_qwen25_7b_prompt2.csv,answers_qwen25_7b_prompt2,Q015,H,Famous scientists,2,hawking,hawking,1,0,1,Q015::2
Part3/outputs/answers_qwen25_7b_prompt2.csv,answers_qwen25_7b_prompt2,Q015,H,Famous scientists,3,huygens,huygens,1,0,1,Q015::3
Part3/outputs/answers_qwen25_7b_prompt2.csv,answers_qwen25_7b_prompt2,Q015,H,Famous scientists,4,hedy lamarr,hedy lamarr,0,0,0,Q015::4
Part3/outputs/answers_qwen25_7b_prompt2.csv,answers_qwen25_7b_prompt2,Q015,H,Famous scientists,5,huygens,huygens,1,0,1,Q015::5
Part3/outputs/answers_qwen25_7b_prompt2.csv,answers_qwen25_7b_prompt2,Q015,H,Famous scientists,6,galileo galilei,galileo galilei,0,0,0,Q015::6
Part3/outputs/answers_qwen25_7b_prompt2.csv,answers_qwen25_7b_prompt2,Q015,H,Famous scientists,7,huygens,huygens,1,0,1,Q015::7
Part3/outputs/answers_qwen25_7b_prompt2.csv,answers_qwen25_7b_prompt2,Q015,H,Famous scientists,8,galileo galilei,galileo galilei,0,0,0,Q015::8
Part3/outputs/answers_qwen25_7b_prompt2.csv,answers_qwen25_7b_prompt2,Q015,H,Famous scientists,9,hawking,hawking,1,0,1,Q015::9
Part3/outputs/answers_qwen25_7b_prompt2.csv,answers_qwen25_7b_prompt2,Q015,H,Famous scientists,10,galileo galilei,galileo galilei,0,0,0,Q015::10
Part3/outputs/answers_qwen25_7b_prompt2.csv,answers_qwen25_7b_prompt2,Q015,H,Famous scientists,11,galileo galilei,galileo galilei,0,0,0,Q015::11
Part3/outputs/answers_qwen25_7b_prompt2.csv,answers_qwen25_7b_prompt2,Q015,H,Famous scientists,12,huygens,huygens,1,0,1,Q015::12
Part3/outputs/answers_qwen25_7b_prompt2.csv,answers_qwen25_7b_prompt2,Q015,H,Famous scientists,13,huygens,huygens,1,0,1,Q015::13
Part3/outputs/answers_qwen25_7b_prompt2.csv,answers_qwen25_7b_prompt2,Q015,H,Famous scientists,14,huygens,huygens,1,0,1,Q015::14
Part3/outputs/answers_qwen25_7b_prompt2.csv,answers_qwen25_7b_prompt2,Q015,H,Famous scientists,15,huygens,huygens,1,0,1,Q015::15
Part3/outputs/answers_qwen25_7b_prompt2.csv,answers_qwen25_7b_prompt2,Q015,H,Famous scientists,16,galileo galilei,galileo galilei,0,0,0,Q015::16
Part3/outputs/answers_qwen25_7b_prompt2.csv,answers_qwen25_7b_prompt2,Q015,H,Famous scientists,17,galileo galilei,galileo galilei,0,0,0,Q015::17
Part3/outputs/answers_qwen25_7b_prompt2.csv,answers_qwen25_7b_prompt2,Q015,H,Famous scientists,18,galileo galilei,galileo galilei,0,0,0,Q015::18
Part3/outputs/answers_qwen25_7b_prompt2.csv,answers_qwen25_7b_prompt2,Q015,H,Famous scientists,19,galileo galilei,galileo galilei,0,0,0,Q015::19
Part3/outputs/answers_qwen25_7b_prompt2.csv,answers_qwen25_7b_prompt2,Q016,H,Things at the beach,0,sandcastle,sandcastle,0,0,0,Q016::0
Part3/outputs/answers_qwen25_7b_prompt2.csv,answers_qwen25_7b_prompt2,Q016,H,Things at the beach,1,sandcastle,sandcastle,0,0,0,Q016::1
Part3/outputs/answers_qwen25_7b_prompt2.csv,answers_qwen25_7b_prompt2,Q016,H,Things at the beach,2,sandcastle,sandcastle,0,0,0,Q016::2
Part3/outputs/answers_qwen25_7b_prompt2.csv,answers_qwen25_7b_prompt2,Q016,H,Things at the beach,3,sandcastle,sandcastle,0,0,0,Q016::3
Part3/outputs/answers_qwen25_7b_prompt2.csv,answers_qwen25_7b_prompt2,Q016,H,Things at the beach,4,sandcastle,sandcastle,0,0,0,Q016::4
Part3/outputs/answers_qwen25_7b_prompt2.csv,answers_qwen25_7b_prompt2,Q016,H,Things at the beach,5,sandcastle,sandcastle,0,0,0,Q016::5
Part3/outputs/answers_qwen25_7b_prompt2.csv,answers_qwen25_7b_prompt2,Q016,H,Things at the beach,6,sunhat,sunhat,1,0,1,Q016::6
Part3/outputs/answers_qwen25_7b_prompt2.csv,answers_qwen25_7b_prompt2,Q016,H,Things at the beach,7,sandcastle,sandcastle,0,0,0,Q016::7
Part3/outputs/answers_qwen25_7b_prompt2.csv,answers_qwen25_7b_prompt2,Q016,H,Things at the beach,8,sandcastle,sandcastle,0,0,0,Q016::8
Part3/outputs/answers_qwen25_7b_prompt2.csv,answers_qwen25_7b_prompt2,Q016,H,Things at the beach,9,sandcastle,sandcastle,0,0,0,Q016::9
Part3/outputs/answers_qwen25_7b_prompt2.csv,answers_qwen25_7b_prompt2,Q016,H,Things at the beach,10,sunhat,sunhat,1,0,1,Q016::10
Part3/outputs/answers_qwen25_7b_prompt2.csv,answers_qwen25_7b_prompt2,Q016,H,Things at the beach,11,sunscreen,sunscreen,1,0,1,Q016::11
Part3/outputs/answers_qwen25_7b_prompt2.csv,answers_qwen25_7b_prompt2,Q016,H,Things at the beach,12,sandcastle,sandcastle,0,0,0,Q016::12
Part3/outputs/answers_qwen25_7b_prompt2.csv,answers_qwen25_7b_prompt2,Q016,H,Things at the beach,13,sandcastle,sandcastle,0,0,0,Q016::13
Part3/outputs/answers_qwen25_7b_prompt2.csv,answers_qwen25_7b_prompt2,Q016,H,Things at the beach,14,sandcastle,sandcastle,0,0,0,Q016::14
Part3/outputs/answers_qwen25_7b_prompt2.csv,answers_qwen25_7b_prompt2,Q016,H,Things at the beach,15,hat,hat,1,0,1,Q016::15
Part3/outputs/answers_qwen25_7b_prompt2.csv,answers_qwen25_7b_prompt2,Q016,H,Things at the beach,16,sandcastle,sandcastle,0,0,0,Q016::16
Part3/outputs/answers_qwen25_7b_prompt2.csv,answers_qwen25_7b_prompt2,Q016,H,Things at the beach,17,sunhat,sunhat,1,0,1,Q016::17
Part3/outputs/answers_qwen25_7b_prompt2.csv,answers_qwen25_7b_prompt2,Q016,H,Things at the beach,18,sandcastle,sandcastle,0,0,0,Q016::18
Part3/outputs/answers_qwen25_7b_prompt2.csv,answers_qwen25_7b_prompt2,Q016,H,Things at the beach,19,sandcastle,sandcastle,0,0,0,Q016::19
Part3/outputs/answers_qwen25_7b_prompt2.csv,answers_qwen25_7b_prompt2,Q017,I,Cities,0,indianapolis,indianapolis,1,1,0,Q017::0
Part3/outputs/answers_qwen25_7b_prompt2.csv,answers_qwen25_7b_prompt2,Q017,I,Cities,1,ibadan,ibadan,1,0,1,Q017::1
Part3/outputs/answers_qwen25_7b_prompt2.csv,answers_qwen25_7b_prompt2,Q017,I,Cities,2,indianapolis,indianapolis,1,0,1,Q017::2
Part3/outputs/answers_qwen25_7b_prompt2.csv,answers_qwen25_7b_prompt2,Q017,I,Cities,3,indianapolis,indianapolis,1,0,1,Q017::3
Part3/outputs/answers_qwen25_7b_prompt2.csv,answers_qwen25_7b_prompt2,Q017,I,Cities,4,irvine,irvine,1,0,1,Q017::4
Part3/outputs/answers_qwen25_7b_prompt2.csv,answers_qwen25_7b_prompt2,Q017,I,Cities,5,indianapolis,indianapolis,1,0,1,Q017::5
Part3/outputs/answers_qwen25_7b_prompt2.csv,answers_qwen25_7b_prompt2,Q017,I,Cities,6,indianapolis,indianapolis,1,1,0,Q017::6
Part3/outputs/answers_qwen25_7b_prompt2.csv,answers_qwen25_7b_prompt2,Q017,I,Cities,7,istanbul,istanbul,0,0,0,Q017::7
Part3/outputs/answers_qwen25_7b_prompt2.csv,answers_qwen25_7b_prompt2,Q017,I,Cities,8,iceland,iceland,0,0,0,Q017::8
Part3/outputs/answers_qwen25_7b_prompt2.csv,answers_qwen25_7b_prompt2,Q017,I,Cities,9,iceland,iceland,0,0,0,Q017::9
Part3/outputs/answers_qwen25_7b_prompt2.csv,answers_qwen25_7b_prompt2,Q017,I,Cities,10,istanbul,istanbul,0,0,0,Q017::10
Part3/outputs/answers_qwen25_7b_prompt2.csv,answers_qwen25_7b_prompt2,Q017,I,Cities,11,istanbul,istanbul,0,0,0,Q017::11
Part3/outputs/answers_qwen25_7b_prompt2.csv,answers_qwen25_7b_prompt2,Q017,I,Cities,12,ibiza,ibiza,0,0,0,Q017::12
Part3/outputs/answers_qwen25_7b_prompt2.csv,answers_qwen25_7b_prompt2,Q017,I,Cities,13,iceland,iceland,0,0,0,Q017::13
Part3/outputs/answers_qwen25_7b_prompt2.csv,answers_qwen25_7b_prompt2,Q017,I,Cities,14,indianapolis,indianapolis,1,1,0,Q017::14
Part3/outputs/answers_qwen25_7b_prompt2.csv,answers_qwen25_7b_prompt2,Q017,I,Cities,15,icelandic krakka,icelandic krakka,0,0,0,Q017::15
Part3/outputs/answers_qwen25_7b_prompt2.csv,answers_qwen25_7b_prompt2,Q017,I,Cities,16,indianapolis,indianapolis,1,1,0,Q017::16
Part3/outputs/answers_qwen25_7b_prompt2.csv,answers_qwen25_7b_prompt2,Q017,I,Cities,17,indianapolis,indianapolis,1,1,0,Q017::17
Part3/outputs/answers_qwen25_7b_prompt2.csv,answers_qwen25_7b_prompt2,Q017,I,Cities,18,iceland,iceland,0,0,0,Q017::18
Part3/outputs/answers_qwen25_7b_prompt2.csv,answers_qwen25_7b_prompt2,Q017,I,Cities,19,ikaria,ikaria,0,0,0,Q017::19
Part3/outputs/answers_qwen25_7b_prompt2.csv,answers_qwen25_7b_prompt2,Q018,I,Things in a classroom,0,interactive whiteboard,interactive whiteboard,1,0,1,Q018::0
Part3/outputs/answers_qwen25_7b_prompt2.csv,answers_qwen25_7b_prompt2,Q018,I,Things in a classroom,1,intervention,intervention,0,0,0,Q018::1
Part3/outputs/answers_qwen25_7b_prompt2.csv,answers_qwen25_7b_prompt2,Q018,I,Things in a classroom,2,blackboard,blackboard,1,0,1,Q018::2
Part3/outputs/answers_qwen25_7b_prompt2.csv,answers_qwen25_7b_prompt2,Q018,I,Things in a classroom,3,chalkboard,chalkboard,0,0,0,Q018::3
Part3/outputs/answers_qwen25_7b_prompt2.csv,answers_qwen25_7b_prompt2,Q018,I,Things in a classroom,4,interactive whiteboard,interactive whiteboard,1,0,1,Q018::4
Part3/outputs/answers_qwen25_7b_prompt2.csv,answers_qwen25_7b_prompt2,Q018,I,Things in a classroom,5,interactive whiteboard,interactive whiteboard,1,0,1,Q018::5
Part3/outputs/answers_qwen25_7b_prompt2.csv,answers_qwen25_7b_prompt2,Q018,I,Things in a classroom,6,interactometer,interactometer,0,0,0,Q018::6
Part3/outputs/answers_qwen25_7b_prompt2.csv,answers_qwen25_7b_prompt2,Q018,I,Things in a classroom,7,interactive whiteboard,interactive whiteboard,1,0,1,Q018::7
Part3/outputs/answers_qwen25_7b_prompt2.csv,answers_qwen25_7b_prompt2,Q018,I,Things in a classroom,8,blackboard,blackboard,1,0,1,Q018::8
Part3/outputs/answers_qwen25_7b_prompt2.csv,answers_qwen25_7b_prompt2,Q018,I,Things in a classroom,9,blackboard,blackboard,1,0,1,Q018::9
Part3/outputs/answers_qwen25_7b_prompt2.csv,answers_qwen25_7b_prompt2,Q018,I,Things in a classroom,10,blackboard,blackboard,1,0,1,Q018::10
Part3/outputs/answers_qwen25_7b_prompt2.csv,answers_qwen25_7b_prompt2,Q018,I,Things in a classroom,11,interior decorator,interior decorator,0,0,0,Q018::11
Part3/outputs/answers_qwen25_7b_prompt2.csv,answers_qwen25_7b_prompt2,Q018,I,Things in a classroom,12,blackboard,blackboard,1,0,1,Q018::12
Part3/outputs/answers_qwen25_7b_prompt2.csv,answers_qwen25_7b_prompt2,Q018,I,Things in a classroom,13,interactive whiteboard,interactive whiteboard,1,0,1,Q018::13
Part3/outputs/answers_qwen25_7b_prompt2.csv,answers_qwen25_7b_prompt2,Q018,I,Things in a classroom,14,interior decorator,interior decorator,0,0,0,Q018::14
Part3/outputs/answers_qwen25_7b_prompt2.csv,answers_qwen25_7b_prompt2,Q018,I,Things in a classroom,15,blackboard,blackboard,1,0,1,Q018::15
Part3/outputs/answers_qwen25_7b_prompt2.csv,answers_qwen25_7b_prompt2,Q018,I,Things in a classroom,16,whiteboard,whiteboard,1,0,1,Q018::16
Part3/outputs/answers_qwen25_7b_prompt2.csv,answers_qwen25_7b_prompt2,Q018,I,Things in a classroom,17,chalkboard,chalkboard,0,0,0,Q018::17
Part3/outputs/answers_qwen25_7b_prompt2.csv,answers_qwen25_7b_prompt2,Q018,I,Things in a classroom,18,whiteboard,whiteboard,1,0,1,Q018::18
Part3/outputs/answers_qwen25_7b_prompt2.csv,answers_qwen25_7b_prompt2,Q018,I,Things in a classroom,19,blackboard,blackboard,1,0,1,Q018::19
Part3/outputs/answers_qwen25_7b_prompt2.csv,answers_qwen25_7b_prompt2,Q019,J,Car brands,0,jaguar,jaguar,1,1,0,Q019::0
Part3/outputs/answers_qwen25_7b_prompt2.csv,answers_qwen25_7b_prompt2,Q019,J,Car brands,1,jaguar,jaguar,1,1,0,Q019::1
Part3/outputs/answers_qwen25_7b_prompt2.csv,answers_qwen25_7b_prompt2,Q019,J,Car brands,2,jaguar,jaguar,1,1,0,Q019::2
Part3/outputs/answers_qwen25_7b_prompt2.csv,answers_qwen25_7b_prompt2,Q019,J,Car brands,3,jaguar,jaguar,1,1,0,Q019::3
Part3/outputs/answers_qwen25_7b_prompt2.csv,answers_qwen25_7b_prompt2,Q019,J,Car brands,4,jaguar,jaguar,1,1,0,Q019::4
Part3/outputs/answers_qwen25_7b_prompt2.csv,answers_qwen25_7b_prompt2,Q019,J,Car brands,5,jaguar,jaguar,1,1,0,Q019::5
Part3/outputs/answers_qwen25_7b_prompt2.csv,answers_qwen25_7b_prompt2,Q019,J,Car brands,6,jaguar,jaguar,1,1,0,Q019::6
Part3/outputs/answers_qwen25_7b_prompt2.csv,answers_qwen25_7b_prompt2,Q019,J,Car brands,7,jaguar,jaguar,1,1,0,Q019::7
Part3/outputs/answers_qwen25_7b_prompt2.csv,answers_qwen25_7b_prompt2,Q019,J,Car brands,8,jaguar,jaguar,1,1,0,Q019::8
Part3/outputs/answers_qwen25_7b_prompt2.csv,answers_qwen25_7b_prompt2,Q019,J,Car brands,9,jaguar,jaguar,1,1,0,Q019::9
Part3/outputs/answers_qwen25_7b_prompt2.csv,answers_qwen25_7b_prompt2,Q019,J,Car brands,10,jaguar,jaguar,1,1,0,Q019::10
Part3/outputs/answers_qwen25_7b_prompt2.csv,answers_qwen25_7b_prompt2,Q019,J,Car brands,11,jaguar,jaguar,1,1,0,Q019::11
Part3/outputs/answers_qwen25_7b_prompt2.csv,answers_qwen25_7b_prompt2,Q019,J,Car brands,12,jaguar,jaguar,1,1,0,Q019::12
Part3/outputs/answers_qwen25_7b_prompt2.csv,answers_qwen25_7b_prompt2,Q019,J,Car brands,13,jaguar,jaguar,1,1,0,Q019::13
Part3/outputs/answers_qwen25_7b_prompt2.csv,answers_qwen25_7b_prompt2,Q019,J,Car brands,14,jaguar,jaguar,1,1,0,Q019::14
Part3/outputs/answers_qwen25_7b_prompt2.csv,answers_qwen25_7b_prompt2,Q019,J,Car brands,15,jaguar,jaguar,1,1,0,Q019::15
Part3/outputs/answers_qwen25_7b_prompt2.csv,answers_qwen25_7b_prompt2,Q019,J,Car brands,16,jaguar,jaguar,1,1,0,Q019::16
Part3/outputs/answers_qwen25_7b_prompt2.csv,answers_qwen25_7b_prompt2,Q019,J,Car brands,17,jaguar,jaguar,1,1,0,Q019::17
Part3/outputs/answers_qwen25_7b_prompt2.csv,answers_qwen25_7b_prompt2,Q019,J,Car brands,18,jaguar,jaguar,1,1,0,Q019::18
Part3/outputs/answers_qwen25_7b_prompt2.csv,answers_qwen25_7b_prompt2,Q019,J,Car brands,19,jaguar,jaguar,1,1,0,Q019::19
Part3/outputs/answers_qwen25_7b_prompt2.csv,answers_qwen25_7b_prompt2,Q020,J,Video game titles,0,just cause,just cause,1,0,1,Q020::0
Part3/outputs/answers_qwen25_7b_prompt2.csv,answers_qwen25_7b_prompt2,Q020,J,Video game titles,1,just dance,just dance,1,0,1,Q020::1
Part3/outputs/answers_qwen25_7b_prompt2.csv,answers_qwen25_7b_prompt2,Q020,J,Video game titles,2,jungle speed,jungle speed,0,0,0,Q020::2
Part3/outputs/answers_qwen25_7b_prompt2.csv,answers_qwen25_7b_prompt2,Q020,J,Video game titles,3,just dance,just dance,1,0,1,Q020::3
Part3/outputs/answers_qwen25_7b_prompt2.csv,answers_qwen25_7b_prompt2,Q020,J,Video game titles,4,jousting warriors,jousting warriors,0,0,0,Q020::4
Part3/outputs/answers_qwen25_7b_prompt2.csv,answers_qwen25_7b_prompt2,Q020,J,Video game titles,5,jungle jungle cat,jungle jungle cat,0,0,0,Q020::5
Part3/outputs/answers_qwen25_7b_prompt2.csv,answers_qwen25_7b_prompt2,Q020,J,Video game titles,6,just dance,just dance,1,0,1,Q020::6
Part3/outputs/answers_qwen25_7b_prompt2.csv,answers_qwen25_7b_prompt2,Q020,J,Video game titles,7,just cause,just cause,1,0,1,Q020::7
Part3/outputs/answers_qwen25_7b_prompt2.csv,answers_qwen25_7b_prompt2,Q020,J,Video game titles,8,journey to the center,journey to the center,0,0,0,Q020::8
Part3/outputs/answers_qwen25_7b_prompt2.csv,answers_qwen25_7b_prompt2,Q020,J,Video game titles,9,just dance,just dance,1,0,1,Q020::9
Part3/outputs/answers_qwen25_7b_prompt2.csv,answers_qwen25_7b_prompt2,Q020,J,Video game titles,10,journey to.jupiter,journey to.jupiter,0,0,0,Q020::10
Part3/outputs/answers_qwen25_7b_prompt2.csv,answers_qwen25_7b_prompt2,Q020,J,Video game titles,11,just dance,just dance,1,0,1,Q020::11
Part3/outputs/answers_qwen25_7b_prompt2.csv,answers_qwen25_7b_prompt2,Q020,J,Video game titles,12,journey to the center,journey to the center,0,0,0,Q020::12
Part3/outputs/answers_qwen25_7b_prompt2.csv,answers_qwen25_7b_prompt2,Q020,J,Video game titles,13,journey to the center,journey to the center,0,0,0,Q020::13
Part3/outputs/answers_qwen25_7b_prompt2.csv,answers_qwen25_7b_prompt2,Q020,J,Video game titles,14,just dance,just dance,1,0,1,Q020::14
Part3/outputs/answers_qwen25_7b_prompt2.csv,answers_qwen25_7b_prompt2,Q020,J,Video game titles,15,just dance,just dance,1,0,1,Q020::15
Part3/outputs/answers_qwen25_7b_prompt2.csv,answers_qwen25_7b_prompt2,Q020,J,Video game titles,16,just dance,just dance,1,0,1,Q020::16
Part3/outputs/answers_qwen25_7b_prompt2.csv,answers_qwen25_7b_prompt2,Q020,J,Video game titles,17,just dance,just dance,1,0,1,Q020::17
Part3/outputs/answers_qwen25_7b_prompt2.csv,answers_qwen25_7b_prompt2,Q020,J,Video game titles,18,journey to the center,journey to the center,0,0,0,Q020::18
Part3/outputs/answers_qwen25_7b_prompt2.csv,answers_qwen25_7b_prompt2,Q020,J,Video game titles,19,just dance,just dance,1,0,1,Q020::19
Part3/outputs/answers_qwen25_7b_prompt2.csv,answers_qwen25_7b_prompt2,Q021,K,Superheroes,0,karnak,karnak,1,0,1,Q021::0
Part3/outputs/answers_qwen25_7b_prompt2.csv,answers_qwen25_7b_prompt2,Q021,K,Superheroes,1,spider-king,spider-king,0,0,0,Q021::1
Part3/outputs/answers_qwen25_7b_prompt2.csv,answers_qwen25_7b_prompt2,Q021,K,Superheroes,2,karnov,karnov,0,0,0,Q021::2
Part3/outputs/answers_qwen25_7b_prompt2.csv,answers_qwen25_7b_prompt2,Q021,K,Superheroes,3,batman,batman,0,0,0,Q021::3
Part3/outputs/answers_qwen25_7b_prompt2.csv,answers_qwen25_7b_prompt2,Q021,K,Superheroes,4,deadpool,deadpool,0,0,0,Q021::4
Part3/outputs/answers_qwen25_7b_prompt2.csv,answers_qwen25_7b_prompt2,Q021,K,Superheroes,5,deadpool,deadpool,0,0,0,Q021::5
Part3/outputs/answers_qwen25_7b_prompt2.csv,answers_qwen25_7b_prompt2,Q021,K,Superheroes,6,kal-el,kal-el,1,0,1,Q021::6
Part3/outputs/answers_qwen25_7b_prompt2.csv,answers_qwen25_7b_prompt2,Q021,K,Superheroes,7,kal-el,kal-el,1,0,1,Q021::7
Part3/outputs/answers_qwen25_7b_prompt2.csv,answers_qwen25_7b_prompt2,Q021,K,Superheroes,8,black widow,black widow,0,0,0,Q021::8
Part3/outputs/answers_qwen25_7b_prompt2.csv,answers_qwen25_7b_prompt2,Q021,K,Superheroes,9,deadpool,deadpool,0,0,0,Q021::9
Part3/outputs/answers_qwen25_7b_prompt2.csv,answers_qwen25_7b_prompt2,Q021,K,Superheroes,10,kal-el,kal-el,1,0,1,Q021::10
Part3/outputs/answers_qwen25_7b_prompt2.csv,answers_qwen25_7b_prompt2,Q021,K,Superheroes,11,king kong,king kong,0,0,0,Q021::11
Part3/outputs/answers_qwen25_7b_prompt2.csv,answers_qwen25_7b_prompt2,Q021,K,Superheroes,12,king kong,king kong,0,0,0,Q021::12
Part3/outputs/answers_qwen25_7b_prompt2.csv,answers_qwen25_7b_prompt2,Q021,K,Superheroes,13,kangaroo kid,kangaroo kid,0,0,0,Q021::13
Part3/outputs/answers_qwen25_7b_prompt2.csv,answers_qwen25_7b_prompt2,Q021,K,Superheroes,14,kal-el,kal-el,1,0,1,Q021::14
Part3/outputs/answers_qwen25_7b_prompt2.csv,answers_qwen25_7b_prompt2,Q021,K,Superheroes,15,superman,superman,0,0,0,Q021::15
Part3/outputs/answers_qwen25_7b_prompt2.csv,answers_qwen25_7b_prompt2,Q021,K,Superheroes,16,king kong,king kong,0,0,0,Q021::16
Part3/outputs/answers_qwen25_7b_prompt2.csv,answers_qwen25_7b_prompt2,Q021,K,Superheroes,17,iron man,iron man,0,0,0,Q021::17
Part3/outputs/answers_qwen25_7b_prompt2.csv,answers_qwen25_7b_prompt2,Q021,K,Superheroes,18,king kong,king kong,0,0,0,Q021::18
Part3/outputs/answers_qwen25_7b_prompt2.csv,answers_qwen25_7b_prompt2,Q021,K,Superheroes,19,king kong,king kong,0,0,0,Q021::19
Part3/outputs/answers_qwen25_7b_prompt2.csv,answers_qwen25_7b_prompt2,Q022,K,Things in a grocery store,0,ketchup,ketchup,1,1,0,Q022::0
Part3/outputs/answers_qwen25_7b_prompt2.csv,answers_qwen25_7b_prompt2,Q022,K,Things in a grocery store,1,kiwi,kiwi,1,0,1,Q022::1
Part3/outputs/answers_qwen25_7b_prompt2.csv,answers_qwen25_7b_prompt2,Q022,K,Things in a grocery store,2,kiwi,kiwi,1,0,1,Q022::2
Part3/outputs/answers_qwen25_7b_prompt2.csv,answers_qwen25_7b_prompt2,Q022,K,Things in a grocery store,3,ketchup,ketchup,1,1,0,Q022::3
Part3/outputs/answers_qwen25_7b_prompt2.csv,answers_qwen25_7b_prompt2,Q022,K,Things in a grocery store,4,ketchup,ketchup,1,1,0,Q022::4
Part3/outputs/answers_qwen25_7b_prompt2.csv,answers_qwen25_7b_prompt2,Q022,K,Things in a grocery store,5,ketchup,ketchup,1,0,1,Q022::5
Part3/outputs/answers_qwen25_7b_prompt2.csv,answers_qwen25_7b_prompt2,Q022,K,Things in a grocery store,6,ketchup,ketchup,1,0,1,Q022::6
Part3/outputs/answers_qwen25_7b_prompt2.csv,answers_qwen25_7b_prompt2,Q022,K,Things in a grocery store,7,ketchup,ketchup,1,1,0,Q022::7
Part3/outputs/answers_qwen25_7b_prompt2.csv,answers_qwen25_7b_prompt2,Q022,K,Things in a grocery store,8,ketchup,ketchup,1,1,0,Q022::8
Part3/outputs/answers_qwen25_7b_prompt2.csv,answers_qwen25_7b_prompt2,Q022,K,Things in a grocery store,9,kiwi,kiwi,1,0,1,Q022::9
Part3/outputs/answers_qwen25_7b_prompt2.csv,answers_qwen25_7b_prompt2,Q022,K,Things in a grocery store,10,kiwi,kiwi,1,0,1,Q022::10
Part3/outputs/answers_qwen25_7b_prompt2.csv,answers_qwen25_7b_prompt2,Q022,K,Things in a grocery store,11,ketchup,ketchup,1,0,1,Q022::11
Part3/outputs/answers_qwen25_7b_prompt2.csv,answers_qwen25_7b_prompt2,Q022,K,Things in a grocery store,12,ketchup,ketchup,1,0,1,Q022::12
Part3/outputs/answers_qwen25_7b_prompt2.csv,answers_qwen25_7b_prompt2,Q022,K,Things in a grocery store,13,kiwi,kiwi,1,0,1,Q022::13
Part3/outputs/answers_qwen25_7b_prompt2.csv,answers_qwen25_7b_prompt2,Q022,K,Things in a grocery store,14,kiwi,kiwi,1,0,1,Q022::14
Part3/outputs/answers_qwen25_7b_prompt2.csv,answers_qwen25_7b_prompt2,Q022,K,Things in a grocery store,15,kiwi,kiwi,1,0,1,Q022::15
Part3/outputs/answers_qwen25_7b_prompt2.csv,answers_qwen25_7b_prompt2,Q022,K,Things in a grocery store,16,ketchup,ketchup,1,1,0,Q022::16
Part3/outputs/answers_qwen25_7b_prompt2.csv,answers_qwen25_7b_prompt2,Q022,K,Things in a grocery store,17,ketchup,ketchup,1,0,1,Q022::17
Part3/outputs/answers_qwen25_7b_prompt2.csv,answers_qwen25_7b_prompt2,Q022,K,Things in a grocery store,18,ketchup,ketchup,1,0,1,Q022::18
Part3/outputs/answers_qwen25_7b_prompt2.csv,answers_qwen25_7b_prompt2,Q022,K,Things in a grocery store,19,kiwi,kiwi,1,0,1,Q022::19
Part3/outputs/answers_qwen25_7b_prompt2.csv,answers_qwen25_7b_prompt2,Q023,L,Dog breeds,0,labrador retriever,labrador retriever,1,0,1,Q023::0
Part3/outputs/answers_qwen25_7b_prompt2.csv,answers_qwen25_7b_prompt2,Q023,L,Dog breeds,1,labrador retriever,labrador retriever,1,0,1,Q023::1
Part3/outputs/answers_qwen25_7b_prompt2.csv,answers_qwen25_7b_prompt2,Q023,L,Dog breeds,2,labrador retriever,labrador retriever,1,0,1,Q023::2
Part3/outputs/answers_qwen25_7b_prompt2.csv,answers_qwen25_7b_prompt2,Q023,L,Dog breeds,3,labrador retriever,labrador retriever,1,0,1,Q023::3
Part3/outputs/answers_qwen25_7b_prompt2.csv,answers_qwen25_7b_prompt2,Q023,L,Dog breeds,4,labrador retriever,labrador retriever,1,0,1,Q023::4
Part3/outputs/answers_qwen25_7b_prompt2.csv,answers_qwen25_7b_prompt2,Q023,L,Dog breeds,5,labrador retriever,labrador retriever,1,0,1,Q023::5
Part3/outputs/answers_qwen25_7b_prompt2.csv,answers_qwen25_7b_prompt2,Q023,L,Dog breeds,6,labrador retriever,labrador retriever,1,0,1,Q023::6
Part3/outputs/answers_qwen25_7b_prompt2.csv,answers_qwen25_7b_prompt2,Q023,L,Dog breeds,7,labrador retriever,labrador retriever,1,0,1,Q023::7
Part3/outputs/answers_qwen25_7b_prompt2.csv,answers_qwen25_7b_prompt2,Q023,L,Dog breeds,8,labrador retriever,labrador retriever,1,0,1,Q023::8
Part3/outputs/answers_qwen25_7b_prompt2.csv,answers_qwen25_7b_prompt2,Q023,L,Dog breeds,9,labrador retriever,labrador retriever,1,0,1,Q023::9
Part3/outputs/answers_qwen25_7b_prompt2.csv,answers_qwen25_7b_prompt2,Q023,L,Dog breeds,10,labrador retriever,labrador retriever,1,0,1,Q023::10
Part3/outputs/answers_qwen25_7b_prompt2.csv,answers_qwen25_7b_prompt2,Q023,L,Dog breeds,11,labrador retriever,labrador retriever,1,0,1,Q023::11
Part3/outputs/answers_qwen25_7b_prompt2.csv,answers_qwen25_7b_prompt2,Q023,L,Dog breeds,12,labrador retriever,labrador retriever,1,0,1,Q023::12
Part3/outputs/answers_qwen25_7b_prompt2.csv,answers_qwen25_7b_prompt2,Q023,L,Dog breeds,13,labrador retriever,labrador retriever,1,0,1,Q023::13
Part3/outputs/answers_qwen25_7b_prompt2.csv,answers_qwen25_7b_prompt2,Q023,L,Dog breeds,14,labrador retriever,labrador retriever,1,0,1,Q023::14
Part3/outputs/answers_qwen25_7b_prompt2.csv,answers_qwen25_7b_prompt2,Q023,L,Dog breeds,15,labrador retriever,labrador retriever,1,0,1,Q023::15
Part3/outputs/answers_qwen25_7b_prompt2.csv,answers_qwen25_7b_prompt2,Q023,L,Dog breeds,16,labrador retriever,labrador retriever,1,0,1,Q023::16
Part3/outputs/answers_qwen25_7b_prompt2.csv,answers_qwen25_7b_prompt2,Q023,L,Dog breeds,17,labrador retriever,labrador retriever,1,0,1,Q023::17
Part3/outputs/answers_qwen25_7b_prompt2.csv,answers_qwen25_7b_prompt2,Q023,L,Dog breeds,18,labrador retriever,labrador retriever,1,0,1,Q023::18
Part3/outputs/answers_qwen25_7b_prompt2.csv,answers_qwen25_7b_prompt2,Q023,L,Dog breeds,19,labrador retriever,labrador retriever,1,0,1,Q023::19
Part3/outputs/answers_qwen25_7b_prompt2.csv,answers_qwen25_7b_prompt2,Q024,L,Books,0,life of pi,life of pi,1,0,1,Q024::0
Part3/outputs/answers_qwen25_7b_prompt2.csv,answers_qwen25_7b_prompt2,Q024,L,Books,1,life of pi,life of pi,1,0,1,Q024::1
Part3/outputs/answers_qwen25_7b_prompt2.csv,answers_qwen25_7b_prompt2,Q024,L,Books,2,lord of the flies,lord of the flies,1,0,1,Q024::2
Part3/outputs/answers_qwen25_7b_prompt2.csv,answers_qwen25_7b_prompt2,Q024,L,Books,3,lord of the flies,lord of the flies,1,0,1,Q024::3
Part3/outputs/answers_qwen25_7b_prompt2.csv,answers_qwen25_7b_prompt2,Q024,L,Books,4,lord of flies,lord of flies,0,0,0,Q024::4
Part3/outputs/answers_qwen25_7b_prompt2.csv,answers_qwen25_7b_prompt2,Q024,L,Books,5,lord of flies,lord of flies,0,0,0,Q024::5
Part3/outputs/answers_qwen25_7b_prompt2.csv,answers_qwen25_7b_prompt2,Q024,L,Books,6,lord of flies,lord of flies,0,0,0,Q024::6
Part3/outputs/answers_qwen25_7b_prompt2.csv,answers_qwen25_7b_prompt2,Q024,L,Books,7,lord of the flies,lord of the flies,1,0,1,Q024::7
Part3/outputs/answers_qwen25_7b_prompt2.csv,answers_qwen25_7b_prompt2,Q024,L,Books,8,lord of the rings,lord of the rings,1,0,1,Q024::8
Part3/outputs/answers_qwen25_7b_prompt2.csv,answers_qwen25_7b_prompt2,Q024,L,Books,9,lord of the flies,lord of the flies,1,0,1,Q024::9
Part3/outputs/answers_qwen25_7b_prompt2.csv,answers_qwen25_7b_prompt2,Q024,L,Books,10,loving,loving,0,0,0,Q024::10
Part3/outputs/answers_qwen25_7b_prompt2.csv,answers_qwen25_7b_prompt2,Q024,L,Books,11,lonesome dove,lonesome dove,1,0,1,Q024::11
Part3/outputs/answers_qwen25_7b_prompt2.csv,answers_qwen25_7b_prompt2,Q024,L,Books,12,lord of flies,lord of flies,0,0,0,Q024::12
Part3/outputs/answers_qwen25_7b_prompt2.csv,answers_qwen25_7b_prompt2,Q024,L,Books,13,lives of lineman,lives of lineman,0,0,0,Q024::13
Part3/outputs/answers_qwen25_7b_prompt2.csv,answers_qwen25_7b_prompt2,Q024,L,Books,14,life of pi,life of pi,1,0,1,Q024::14
Part3/outputs/answers_qwen25_7b_prompt2.csv,answers_qwen25_7b_prompt2,Q024,L,Books,15,loving lebenze,loving lebenze,0,0,0,Q024::15
Part3/outputs/answers_qwen25_7b_prompt2.csv,answers_qwen25_7b_prompt2,Q024,L,Books,16,lorem ipsum,lorem ipsum,0,0,0,Q024::16
Part3/outputs/answers_qwen25_7b_prompt2.csv,answers_qwen25_7b_prompt2,Q024,L,Books,17,lovecraft'sforgettablecosmicterrorstories,lovecraft'sforgettablecosmicterrorstories,0,0,0,Q024::17
Part3/outputs/answers_qwen25_7b_prompt2.csv,answers_qwen25_7b_prompt2,Q024,L,Books,18,lord of flies,lord of flies,0,0,0,Q024::18
Part3/outputs/answers_qwen25_7b_prompt2.csv,answers_qwen25_7b_prompt2,Q024,L,Books,19,lord of flies,lord of flies,0,0,0,Q024::19
Part3/outputs/answers_qwen25_7b_prompt2.csv,answers_qwen25_7b_prompt2,Q025,M,Languages,0,mandarin,mandarin,1,0,1,Q025::0
Part3/outputs/answers_qwen25_7b_prompt2.csv,answers_qwen25_7b_prompt2,Q025,M,Languages,1,mandarin,mandarin,1,0,1,Q025::1
Part3/outputs/answers_qwen25_7b_prompt2.csv,answers_qwen25_7b_prompt2,Q025,M,Languages,2,mongolian,mongolian,1,0,1,Q025::2
Part3/outputs/answers_qwen25_7b_prompt2.csv,answers_qwen25_7b_prompt2,Q025,M,Languages,3,mandarin,mandarin,1,0,1,Q025::3
Part3/outputs/answers_qwen25_7b_prompt2.csv,answers_qwen25_7b_prompt2,Q025,M,Languages,4,mandarin,mandarin,1,1,0,Q025::4
Part3/outputs/answers_qwen25_7b_prompt2.csv,answers_qwen25_7b_prompt2,Q025,M,Languages,5,mandarin,mandarin,1,0,1,Q025::5
Part3/outputs/answers_qwen25_7b_prompt2.csv,answers_qwen25_7b_prompt2,Q025,M,Languages,6,mandarin,mandarin,1,0,1,Q025::6
Part3/outputs/answers_qwen25_7b_prompt2.csv,answers_qwen25_7b_prompt2,Q025,M,Languages,7,mandarin,mandarin,1,0,1,Q025::7
Part3/outputs/answers_qwen25_7b_prompt2.csv,answers_qwen25_7b_prompt2,Q025,M,Languages,8,mongolian,mongolian,1,0,1,Q025::8
Part3/outputs/answers_qwen25_7b_prompt2.csv,answers_qwen25_7b_prompt2,Q025,M,Languages,9,mongolian,mongolian,1,0,1,Q025::9
Part3/outputs/answers_qwen25_7b_prompt2.csv,answers_qwen25_7b_prompt2,Q025,M,Languages,10,mandarin,mandarin,1,0,1,Q025::10
Part3/outputs/answers_qwen25_7b_prompt2.csv,answers_qwen25_7b_prompt2,Q025,M,Languages,11,mandarin,mandarin,1,0,1,Q025::11
Part3/outputs/answers_qwen25_7b_prompt2.csv,answers_qwen25_7b_prompt2,Q025,M,Languages,12,mongolian,mongolian,1,1,0,Q025::12
Part3/outputs/answers_qwen25_7b_prompt2.csv,answers_qwen25_7b_prompt2,Q025,M,Languages,13,mandarin,mandarin,1,0,1,Q025::13
Part3/outputs/answers_qwen25_7b_prompt2.csv,answers_qwen25_7b_prompt2,Q025,M,Languages,14,mandarin,mandarin,1,0,1,Q025::14
Part3/outputs/answers_qwen25_7b_prompt2.csv,answers_qwen25_7b_prompt2,Q025,M,Languages,15,mongolian,mongolian,1,0,1,Q025::15
Part3/outputs/answers_qwen25_7b_prompt2.csv,answers_qwen25_7b_prompt2,Q025,M,Languages,16,mongolian,mongolian,1,1,0,Q025::16
Part3/outputs/answers_qwen25_7b_prompt2.csv,answers_qwen25_7b_prompt2,Q025,M,Languages,17,mandarin,mandarin,1,1,0,Q025::17
Part3/outputs/answers_qwen25_7b_prompt2.csv,answers_qwen25_7b_prompt2,Q025,M,Languages,18,mandarin,mandarin,1,0,1,Q025::18
Part3/outputs/answers_qwen25_7b_prompt2.csv,answers_qwen25_7b_prompt2,Q025,M,Languages,19,mandarin,mandarin,1,0,1,Q025::19
Part3/outputs/answers_qwen25_7b_prompt2.csv,answers_qwen25_7b_prompt2,Q026,M,Clothing items,0,jeans,jeans,0,0,0,Q026::0
Part3/outputs/answers_qwen25_7b_prompt2.csv,answers_qwen25_7b_prompt2,Q026,M,Clothing items,1,jeans,jeans,0,0,0,Q026::1
Part3/outputs/answers_qwen25_7b_prompt2.csv,answers_qwen25_7b_prompt2,Q026,M,Clothing items,2,sweater,sweater,0,0,0,Q026::2
Part3/outputs/answers_qwen25_7b_prompt2.csv,answers_qwen25_7b_prompt2,Q026,M,Clothing items,3,mug,mug,0,0,0,Q026::3
Part3/outputs/answers_qwen25_7b_prompt2.csv,answers_qwen25_7b_prompt2,Q026,M,Clothing items,4,jeans,jeans,0,0,0,Q026::4
Part3/outputs/answers_qwen25_7b_prompt2.csv,answers_qwen25_7b_prompt2,Q026,M,Clothing items,5,sweater,sweater,0,0,0,Q026::5
Part3/outputs/answers_qwen25_7b_prompt2.csv,answers_qwen25_7b_prompt2,Q026,M,Clothing items,6,sweatshirt,sweatshirt,1,0,1,Q026::6
Part3/outputs/answers_qwen25_7b_prompt2.csv,answers_qwen25_7b_prompt2,Q026,M,Clothing items,7,mug,mug,0,0,0,Q026::7
Part3/outputs/answers_qwen25_7b_prompt2.csv,answers_qwen25_7b_prompt2,Q026,M,Clothing items,8,jeans,jeans,0,0,0,Q026::8
Part3/outputs/answers_qwen25_7b_prompt2.csv,answers_qwen25_7b_prompt2,Q026,M,Clothing items,9,jeans,jeans,0,0,0,Q026::9
Part3/outputs/answers_qwen25_7b_prompt2.csv,answers_qwen25_7b_prompt2,Q026,M,Clothing items,10,sweater,sweater,0,0,0,Q026::10
Part3/outputs/answers_qwen25_7b_prompt2.csv,answers_qwen25_7b_prompt2,Q026,M,Clothing items,11,shirt,shirt,0,0,0,Q026::11
Part3/outputs/answers_qwen25_7b_prompt2.csv,answers_qwen25_7b_prompt2,Q026,M,Clothing items,12,jeans,jeans,0,0,0,Q026::12
Part3/outputs/answers_qwen25_7b_prompt2.csv,answers_qwen25_7b_prompt2,Q026,M,Clothing items,13,jeans,jeans,0,0,0,Q026::13
Part3/outputs/answers_qwen25_7b_prompt2.csv,answers_qwen25_7b_prompt2,Q026,M,Clothing items,14,jeans,jeans,0,0,0,Q026::14
Part3/outputs/answers_qwen25_7b_prompt2.csv,answers_qwen25_7b_prompt2,Q026,M,Clothing items,15,sweater,sweater,0,0,0,Q026::15
Part3/outputs/answers_qwen25_7b_prompt2.csv,answers_qwen25_7b_prompt2,Q026,M,Clothing items,16,sweater,sweater,0,0,0,Q026::16
Part3/outputs/answers_qwen25_7b_prompt2.csv,answers_qwen25_7b_prompt2,Q026,M,Clothing items,17,jeans,jeans,0,0,0,Q026::17
Part3/outputs/answers_qwen25_7b_prompt2.csv,answers_qwen25_7b_prompt2,Q026,M,Clothing items,18,jeans,jeans,0,0,0,Q026::18
Part3/outputs/answers_qwen25_7b_prompt2.csv,answers_qwen25_7b_prompt2,Q026,M,Clothing items,19,sweater,sweater,0,0,0,Q026::19
Part3/outputs/answers_qwen25_7b_prompt2.csv,answers_qwen25_7b_prompt2,Q027,N,Birds,0,nightingale,nightingale,1,1,0,Q027::0
Part3/outputs/answers_qwen25_7b_prompt2.csv,answers_qwen25_7b_prompt2,Q027,N,Birds,1,nightingale,nightingale,1,1,0,Q027::1
Part3/outputs/answers_qwen25_7b_prompt2.csv,answers_qwen25_7b_prompt2,Q027,N,Birds,2,nightingale,nightingale,1,1,0,Q027::2
Part3/outputs/answers_qwen25_7b_prompt2.csv,answers_qwen25_7b_prompt2,Q027,N,Birds,3,nightingale,nightingale,1,1,0,Q027::3
Part3/outputs/answers_qwen25_7b_prompt2.csv,answers_qwen25_7b_prompt2,Q027,N,Birds,4,nightingale,nightingale,1,1,0,Q027::4
Part3/outputs/answers_qwen25_7b_prompt2.csv,answers_qwen25_7b_prompt2,Q027,N,Birds,5,penguin,penguin,0,0,0,Q027::5
Part3/outputs/answers_qwen25_7b_prompt2.csv,answers_qwen25_7b_prompt2,Q027,N,Birds,6,norway thrush,norway thrush,0,0,0,Q027::6
Part3/outputs/answers_qwen25_7b_prompt2.csv,answers_qwen25_7b_prompt2,Q027,N,Birds,7,nightingale,nightingale,1,1,0,Q027::7
Part3/outputs/answers_qwen25_7b_prompt2.csv,answers_qwen25_7b_prompt2,Q027,N,Birds,8,nightingale,nightingale,1,1,0,Q027::8
Part3/outputs/answers_qwen25_7b_prompt2.csv,answers_qwen25_7b_prompt2,Q027,N,Birds,9,penguin,penguin,0,0,0,Q027::9
Part3/outputs/answers_qwen25_7b_prompt2.csv,answers_qwen25_7b_prompt2,Q027,N,Birds,10,nightingale,nightingale,1,1,0,Q027::10
Part3/outputs/answers_qwen25_7b_prompt2.csv,answers_qwen25_7b_prompt2,Q027,N,Birds,11,nightingale,nightingale,1,1,0,Q027::11
Part3/outputs/answers_qwen25_7b_prompt2.csv,answers_qwen25_7b_prompt2,Q027,N,Birds,12,penguin,penguin,0,0,0,Q027::12
Part3/outputs/answers_qwen25_7b_prompt2.csv,answers_qwen25_7b_prompt2,Q027,N,Birds,13,nightingale,nightingale,1,1,0,Q027::13
Part3/outputs/answers_qwen25_7b_prompt2.csv,answers_qwen25_7b_prompt2,Q027,N,Birds,14,penguin,penguin,0,0,0,Q027::14
Part3/outputs/answers_qwen25_7b_prompt2.csv,answers_qwen25_7b_prompt2,Q027,N,Birds,15,nightingale,nightingale,1,1,0,Q027::15
Part3/outputs/answers_qwen25_7b_prompt2.csv,answers_qwen25_7b_prompt2,Q027,N,Birds,16,nightingale,nightingale,1,1,0,Q027::16
Part3/outputs/answers_qwen25_7b_prompt2.csv,answers_qwen25_7b_prompt2,Q027,N,Birds,17,nightingale,nightingale,1,1,0,Q027::17
Part3/outputs/answers_qwen25_7b_prompt2.csv,answers_qwen25_7b_prompt2,Q027,N,Birds,18,norwegian blue,norwegian blue,0,0,0,Q027::18
Part3/outputs/answers_qwen25_7b_prompt2.csv,answers_qwen25_7b_prompt2,Q027,N,Birds,19,nightingale,nightingale,1,1,0,Q027::19
Part3/outputs/answers_qwen25_7b_prompt2.csv,answers_qwen25_7b_prompt2,Q028,N,Things in a hospital,0,nurse,nurse,1,0,1,Q028::0
Part3/outputs/answers_qwen25_7b_prompt2.csv,answers_qwen25_7b_prompt2,Q028,N,Things in a hospital,1,nurse,nurse,1,0,1,Q028::1
Part3/outputs/answers_qwen25_7b_prompt2.csv,answers_qwen25_7b_prompt2,Q028,N,Things in a hospital,2,nurse,nurse,1,0,1,Q028::2
Part3/outputs/answers_qwen25_7b_prompt2.csv,answers_qwen25_7b_prompt2,Q028,N,Things in a hospital,3,nurse,nurse,1,0,1,Q028::3
Part3/outputs/answers_qwen25_7b_prompt2.csv,answers_qwen25_7b_prompt2,Q028,N,Things in a hospital,4,nurse,nurse,1,0,1,Q028::4
Part3/outputs/answers_qwen25_7b_prompt2.csv,answers_qwen25_7b_prompt2,Q028,N,Things in a hospital,5,nurse,nurse,1,0,1,Q028::5
Part3/outputs/answers_qwen25_7b_prompt2.csv,answers_qwen25_7b_prompt2,Q028,N,Things in a hospital,6,nurse,nurse,1,0,1,Q028::6
Part3/outputs/answers_qwen25_7b_prompt2.csv,answers_qwen25_7b_prompt2,Q028,N,Things in a hospital,7,nurse,nurse,1,0,1,Q028::7
Part3/outputs/answers_qwen25_7b_prompt2.csv,answers_qwen25_7b_prompt2,Q028,N,Things in a hospital,8,nurse,nurse,1,0,1,Q028::8
Part3/outputs/answers_qwen25_7b_prompt2.csv,answers_qwen25_7b_prompt2,Q028,N,Things in a hospital,9,nurse,nurse,1,0,1,Q028::9
Part3/outputs/answers_qwen25_7b_prompt2.csv,answers_qwen25_7b_prompt2,Q028,N,Things in a hospital,10,nurse,nurse,1,0,1,Q028::10
Part3/outputs/answers_qwen25_7b_prompt2.csv,answers_qwen25_7b_prompt2,Q028,N,Things in a hospital,11,nurse,nurse,1,0,1,Q028::11
Part3/outputs/answers_qwen25_7b_prompt2.csv,answers_qwen25_7b_prompt2,Q028,N,Things in a hospital,12,nurse,nurse,1,0,1,Q028::12
Part3/outputs/answers_qwen25_7b_prompt2.csv,answers_qwen25_7b_prompt2,Q028,N,Things in a hospital,13,nurse,nurse,1,0,1,Q028::13
Part3/outputs/answers_qwen25_7b_prompt2.csv,answers_qwen25_7b_prompt2,Q028,N,Things in a hospital,14,nurse,nurse,1,0,1,Q028::14
Part3/outputs/answers_qwen25_7b_prompt2.csv,answers_qwen25_7b_prompt2,Q028,N,Things in a hospital,15,nurse,nurse,1,0,1,Q028::15
Part3/outputs/answers_qwen25_7b_prompt2.csv,answers_qwen25_7b_prompt2,Q028,N,Things in a hospital,16,nurse,nurse,1,0,1,Q028::16
Part3/outputs/answers_qwen25_7b_prompt2.csv,answers_qwen25_7b_prompt2,Q028,N,Things in a hospital,17,nurse,nurse,1,0,1,Q028::17
Part3/outputs/answers_qwen25_7b_prompt2.csv,answers_qwen25_7b_prompt2,Q028,N,Things in a hospital,18,nurse,nurse,1,0,1,Q028::18
Part3/outputs/answers_qwen25_7b_prompt2.csv,answers_qwen25_7b_prompt2,Q028,N,Things in a hospital,19,nurse,nurse,1,0,1,Q028::19
Part3/outputs/answers_qwen25_7b_prompt2.csv,answers_qwen25_7b_prompt2,Q029,O,Companies,0,office depot,office depot,1,0,1,Q029::0
Part3/outputs/answers_qwen25_7b_prompt2.csv,answers_qwen25_7b_prompt2,Q029,O,Companies,1,oracle,oracle,1,0,1,Q029::1
Part3/outputs/answers_qwen25_7b_prompt2.csv,answers_qwen25_7b_prompt2,Q029,O,Companies,2,office depot,office depot,1,0,1,Q029::2
Part3/outputs/answers_qwen25_7b_prompt2.csv,answers_qwen25_7b_prompt2,Q029,O,Companies,3,oracle,oracle,1,0,1,Q029::3
Part3/outputs/answers_qwen25_7b_prompt2.csv,answers_qwen25_7b_prompt2,Q029,O,Companies,4,oracle,oracle,1,0,1,Q029::4
Part3/outputs/answers_qwen25_7b_prompt2.csv,answers_qwen25_7b_prompt2,Q029,O,Companies,5,office depot,office depot,1,0,1,Q029::5
Part3/outputs/answers_qwen25_7b_prompt2.csv,answers_qwen25_7b_prompt2,Q029,O,Companies,6,oracle,oracle,1,0,1,Q029::6
Part3/outputs/answers_qwen25_7b_prompt2.csv,answers_qwen25_7b_prompt2,Q029,O,Companies,7,oracle,oracle,1,0,1,Q029::7
Part3/outputs/answers_qwen25_7b_prompt2.csv,answers_qwen25_7b_prompt2,Q029,O,Companies,8,oracle,oracle,1,0,1,Q029::8
Part3/outputs/answers_qwen25_7b_prompt2.csv,answers_qwen25_7b_prompt2,Q029,O,Companies,9,oracle,oracle,1,0,1,Q029::9
Part3/outputs/answers_qwen25_7b_prompt2.csv,answers_qwen25_7b_prompt2,Q029,O,Companies,10,oracle,oracle,1,0,1,Q029::10
Part3/outputs/answers_qwen25_7b_prompt2.csv,answers_qwen25_7b_prompt2,Q029,O,Companies,11,oracle,oracle,1,0,1,Q029::11
Part3/outputs/answers_qwen25_7b_prompt2.csv,answers_qwen25_7b_prompt2,Q029,O,Companies,12,oracle,oracle,1,0,1,Q029::12
Part3/outputs/answers_qwen25_7b_prompt2.csv,answers_qwen25_7b_prompt2,Q029,O,Companies,13,oracle,oracle,1,0,1,Q029::13
Part3/outputs/answers_qwen25_7b_prompt2.csv,answers_qwen25_7b_prompt2,Q029,O,Companies,14,office depot,office depot,1,0,1,Q029::14
Part3/outputs/answers_qwen25_7b_prompt2.csv,answers_qwen25_7b_prompt2,Q029,O,Companies,15,oracle,oracle,1,0,1,Q029::15
Part3/outputs/answers_qwen25_7b_prompt2.csv,answers_qwen25_7b_prompt2,Q029,O,Companies,16,oracle,oracle,1,0,1,Q029::16
Part3/outputs/answers_qwen25_7b_prompt2.csv,answers_qwen25_7b_prompt2,Q029,O,Companies,17,oracle,oracle,1,0,1,Q029::17
Part3/outputs/answers_qwen25_7b_prompt2.csv,answers_qwen25_7b_prompt2,Q029,O,Companies,18,oracle,oracle,1,0,1,Q029::18
Part3/outputs/answers_qwen25_7b_prompt2.csv,answers_qwen25_7b_prompt2,Q029,O,Companies,19,oracle,oracle,1,0,1,Q029::19
Part3/outputs/answers_qwen25_7b_prompt2.csv,answers_qwen25_7b_prompt2,Q030,O,Things in the sky,0,cloud,cloud,0,0,0,Q030::0
Part3/outputs/answers_qwen25_7b_prompt2.csv,answers_qwen25_7b_prompt2,Q030,O,Things in the sky,1,clouds,clouds,0,0,0,Q030::1
Part3/outputs/answers_qwen25_7b_prompt2.csv,answers_qwen25_7b_prompt2,Q030,O,Things in the sky,2,clouds,clouds,0,0,0,Q030::2
Part3/outputs/answers_qwen25_7b_prompt2.csv,answers_qwen25_7b_prompt2,Q030,O,Things in the sky,3,cloud,cloud,0,0,0,Q030::3
Part3/outputs/answers_qwen25_7b_prompt2.csv,answers_qwen25_7b_prompt2,Q030,O,Things in the sky,4,clouds,clouds,0,0,0,Q030::4
Part3/outputs/answers_qwen25_7b_prompt2.csv,answers_qwen25_7b_prompt2,Q030,O,Things in the sky,5,clouds,clouds,0,0,0,Q030::5
Part3/outputs/answers_qwen25_7b_prompt2.csv,answers_qwen25_7b_prompt2,Q030,O,Things in the sky,6,cloud,cloud,0,0,0,Q030::6
Part3/outputs/answers_qwen25_7b_prompt2.csv,answers_qwen25_7b_prompt2,Q030,O,Things in the sky,7,cloud,cloud,0,0,0,Q030::7
Part3/outputs/answers_qwen25_7b_prompt2.csv,answers_qwen25_7b_prompt2,Q030,O,Things in the sky,8,cloud,cloud,0,0,0,Q030::8
Part3/outputs/answers_qwen25_7b_prompt2.csv,answers_qwen25_7b_prompt2,Q030,O,Things in the sky,9,clouds,clouds,0,0,0,Q030::9
Part3/outputs/answers_qwen25_7b_prompt2.csv,answers_qwen25_7b_prompt2,Q030,O,Things in the sky,10,cloud,cloud,0,0,0,Q030::10
Part3/outputs/answers_qwen25_7b_prompt2.csv,answers_qwen25_7b_prompt2,Q030,O,Things in the sky,11,cloud,cloud,0,0,0,Q030::11
Part3/outputs/answers_qwen25_7b_prompt2.csv,answers_qwen25_7b_prompt2,Q030,O,Things in the sky,12,clouds,clouds,0,0,0,Q030::12
Part3/outputs/answers_qwen25_7b_prompt2.csv,answers_qwen25_7b_prompt2,Q030,O,Things in the sky,13,clouds,clouds,0,0,0,Q030::13
Part3/outputs/answers_qwen25_7b_prompt2.csv,answers_qwen25_7b_prompt2,Q030,O,Things in the sky,14,clouds,clouds,0,0,0,Q030::14
Part3/outputs/answers_qwen25_7b_prompt2.csv,answers_qwen25_7b_prompt2,Q030,O,Things in the sky,15,cloud,cloud,0,0,0,Q030::15
Part3/outputs/answers_qwen25_7b_prompt2.csv,answers_qwen25_7b_prompt2,Q030,O,Things in the sky,16,clouds,clouds,0,0,0,Q030::16
Part3/outputs/answers_qwen25_7b_prompt2.csv,answers_qwen25_7b_prompt2,Q030,O,Things in the sky,17,cloud,cloud,0,0,0,Q030::17
Part3/outputs/answers_qwen25_7b_prompt2.csv,answers_qwen25_7b_prompt2,Q030,O,Things in the sky,18,cloud,cloud,0,0,0,Q030::18
Part3/outputs/answers_qwen25_7b_prompt2.csv,answers_qwen25_7b_prompt2,Q030,O,Things in the sky,19,cloud,cloud,0,0,0,Q030::19
Part3/outputs/answers_qwen25_7b_prompt2.csv,answers_qwen25_7b_prompt2,Q031,P,Vegetables,0,potato,potato,1,0,1,Q031::0
Part3/outputs/answers_qwen25_7b_prompt2.csv,answers_qwen25_7b_prompt2,Q031,P,Vegetables,1,peas,peas,1,0,1,Q031::1
Part3/outputs/answers_qwen25_7b_prompt2.csv,answers_qwen25_7b_prompt2,Q031,P,Vegetables,2,potato powder,potato powder,0,0,0,Q031::2
Part3/outputs/answers_qwen25_7b_prompt2.csv,answers_qwen25_7b_prompt2,Q031,P,Vegetables,3,peas,peas,1,0,1,Q031::3
Part3/outputs/answers_qwen25_7b_prompt2.csv,answers_qwen25_7b_prompt2,Q031,P,Vegetables,4,pepperoni,pepperoni,0,0,0,Q031::4
Part3/outputs/answers_qwen25_7b_prompt2.csv,answers_qwen25_7b_prompt2,Q031,P,Vegetables,5,potato,potato,1,0,1,Q031::5
Part3/outputs/answers_qwen25_7b_prompt2.csv,answers_qwen25_7b_prompt2,Q031,P,Vegetables,6,peas,peas,1,0,1,Q031::6
Part3/outputs/answers_qwen25_7b_prompt2.csv,answers_qwen25_7b_prompt2,Q031,P,Vegetables,7,peas,peas,1,0,1,Q031::7
Part3/outputs/answers_qwen25_7b_prompt2.csv,answers_qwen25_7b_prompt2,Q031,P,Vegetables,8,potato,potato,1,0,1,Q031::8
Part3/outputs/answers_qwen25_7b_prompt2.csv,answers_qwen25_7b_prompt2,Q031,P,Vegetables,9,potato,potato,1,0,1,Q031::9
Part3/outputs/answers_qwen25_7b_prompt2.csv,answers_qwen25_7b_prompt2,Q031,P,Vegetables,10,potato,potato,1,0,1,Q031::10
Part3/outputs/answers_qwen25_7b_prompt2.csv,answers_qwen25_7b_prompt2,Q031,P,Vegetables,11,peas pods,peas pods,0,0,0,Q031::11
Part3/outputs/answers_qwen25_7b_prompt2.csv,answers_qwen25_7b_prompt2,Q031,P,Vegetables,12,peas,peas,1,0,1,Q031::12
Part3/outputs/answers_qwen25_7b_prompt2.csv,answers_qwen25_7b_prompt2,Q031,P,Vegetables,13,peas,peas,1,0,1,Q031::13
Part3/outputs/answers_qwen25_7b_prompt2.csv,answers_qwen25_7b_prompt2,Q031,P,Vegetables,14,peas,peas,1,0,1,Q031::14
Part3/outputs/answers_qwen25_7b_prompt2.csv,answers_qwen25_7b_prompt2,Q031,P,Vegetables,15,peas,peas,1,0,1,Q031::15
Part3/outputs/answers_qwen25_7b_prompt2.csv,answers_qwen25_7b_prompt2,Q031,P,Vegetables,16,potato,potato,1,0,1,Q031::16
Part3/outputs/answers_qwen25_7b_prompt2.csv,answers_qwen25_7b_prompt2,Q031,P,Vegetables,17,potato,potato,1,0,1,Q031::17
Part3/outputs/answers_qwen25_7b_prompt2.csv,answers_qwen25_7b_prompt2,Q031,P,Vegetables,18,potato,potato,1,0,1,Q031::18
Part3/outputs/answers_qwen25_7b_prompt2.csv,answers_qwen25_7b_prompt2,Q031,P,Vegetables,19,potato,potato,1,0,1,Q031::19
Part3/outputs/answers_qwen25_7b_prompt2.csv,answers_qwen25_7b_prompt2,Q032,P,Historical figures,0,peter the great,peter the great,1,0,1,Q032::0
Part3/outputs/answers_qwen25_7b_prompt2.csv,answers_qwen25_7b_prompt2,Q032,P,Historical figures,1,pompey,pompey,1,0,1,Q032::1
Part3/outputs/answers_qwen25_7b_prompt2.csv,answers_qwen25_7b_prompt2,Q032,P,Historical figures,2,paul revere,paul revere,1,0,1,Q032::2
Part3/outputs/answers_qwen25_7b_prompt2.csv,answers_qwen25_7b_prompt2,Q032,P,Historical figures,3,pompey,pompey,1,0,1,Q032::3
Part3/outputs/answers_qwen25_7b_prompt2.csv,answers_qwen25_7b_prompt2,Q032,P,Historical figures,4,pope john paul ii,pope john paul ii,1,0,1,Q032::4
Part3/outputs/answers_qwen25_7b_prompt2.csv,answers_qwen25_7b_prompt2,Q032,P,Historical figures,5,pizarro,pizarro,1,0,1,Q032::5
Part3/outputs/answers_qwen25_7b_prompt2.csv,answers_qwen25_7b_prompt2,Q032,P,Historical figures,6,pompey,pompey,1,0,1,Q032::6
Part3/outputs/answers_qwen25_7b_prompt2.csv,answers_qwen25_7b_prompt2,Q032,P,Historical figures,7,peter the great,peter the great,1,0,1,Q032::7
Part3/outputs/answers_qwen25_7b_prompt2.csv,answers_qwen25_7b_prompt2,Q032,P,Historical figures,8,ptolemy,ptolemy,1,0,1,Q032::8
Part3/outputs/answers_qwen25_7b_prompt2.csv,answers_qwen25_7b_prompt2,Q032,P,Historical figures,9,napoleon bonaparte,napoleon bonaparte,1,0,1,Q032::9
Part3/outputs/answers_qwen25_7b_prompt2.csv,answers_qwen25_7b_prompt2,Q032,P,Historical figures,10,paul revere,paul revere,1,0,1,Q032::10
Part3/outputs/answers_qwen25_7b_prompt2.csv,answers_qwen25_7b_prompt2,Q032,P,Historical figures,11,pompey,pompey,1,0,1,Q032::11
Part3/outputs/answers_qwen25_7b_prompt2.csv,answers_qwen25_7b_prompt2,Q032,P,Historical figures,12,pompey,pompey,1,0,1,Q032::12
Part3/outputs/answers_qwen25_7b_prompt2.csv,answers_qwen25_7b_prompt2,Q032,P,Historical figures,13,plato,plato,1,0,1,Q032::13
Part3/outputs/answers_qwen25_7b_prompt2.csv,answers_qwen25_7b_prompt2,Q032,P,Historical figures,14,pompey,pompey,1,0,1,Q032::14
Part3/outputs/answers_qwen25_7b_prompt2.csv,answers_qwen25_7b_prompt2,Q032,P,Historical figures,15,peter the great,peter the great,1,0,1,Q032::15
Part3/outputs/answers_qwen25_7b_prompt2.csv,answers_qwen25_7b_prompt2,Q032,P,Historical figures,16,pope john paul ii,pope john paul ii,1,0,1,Q032::16
Part3/outputs/answers_qwen25_7b_prompt2.csv,answers_qwen25_7b_prompt2,Q032,P,Historical figures,17,napoleon bonaparte,napoleon bonaparte,1,0,1,Q032::17
Part3/outputs/answers_qwen25_7b_prompt2.csv,answers_qwen25_7b_prompt2,Q032,P,Historical figures,18,peter the great,peter the great,1,0,1,Q032::18
Part3/outputs/answers_qwen25_7b_prompt2.csv,answers_qwen25_7b_prompt2,Q032,P,Historical figures,19,pompey,pompey,1,0,1,Q032::19
Part3/outputs/answers_qwen25_7b_prompt2.csv,answers_qwen25_7b_prompt2,Q033,Q,Words in English,0,quill,quill,1,0,1,Q033::0
Part3/outputs/answers_qwen25_7b_prompt2.csv,answers_qwen25_7b_prompt2,Q033,Q,Words in English,1,quill,quill,1,0,1,Q033::1
Part3/outputs/answers_qwen25_7b_prompt2.csv,answers_qwen25_7b_prompt2,Q033,Q,Words in English,2,quill,quill,1,0,1,Q033::2
Part3/outputs/answers_qwen25_7b_prompt2.csv,answers_qwen25_7b_prompt2,Q033,Q,Words in English,3,quark,quark,1,0,1,Q033::3
Part3/outputs/answers_qwen25_7b_prompt2.csv,answers_qwen25_7b_prompt2,Q033,Q,Words in English,4,quill笔,quill,1,0,1,Q033::4
Part3/outputs/answers_qwen25_7b_prompt2.csv,answers_qwen25_7b_prompt2,Q033,Q,Words in English,5,quill,quill,1,0,1,Q033::5
Part3/outputs/answers_qwen25_7b_prompt2.csv,answers_qwen25_7b_prompt2,Q033,Q,Words in English,6,quickly,quickly,1,0,1,Q033::6
Part3/outputs/answers_qwen25_7b_prompt2.csv,answers_qwen25_7b_prompt2,Q033,Q,Words in English,7,quill pen,quill pen,1,0,1,Q033::7
Part3/outputs/answers_qwen25_7b_prompt2.csv,answers_qwen25_7b_prompt2,Q033,Q,Words in English,8,quark,quark,1,0,1,Q033::8
Part3/outputs/answers_qwen25_7b_prompt2.csv,answers_qwen25_7b_prompt2,Q033,Q,Words in English,9,quill,quill,1,0,1,Q033::9
Part3/outputs/answers_qwen25_7b_prompt2.csv,answers_qwen25_7b_prompt2,Q033,Q,Words in English,10,quill pen,quill pen,1,0,1,Q033::10
Part3/outputs/answers_qwen25_7b_prompt2.csv,answers_qwen25_7b_prompt2,Q033,Q,Words in English,11,quilt,quilt,1,0,1,Q033::11
Part3/outputs/answers_qwen25_7b_prompt2.csv,answers_qwen25_7b_prompt2,Q033,Q,Words in English,12,quilt,quilt,1,0,1,Q033::12
Part3/outputs/answers_qwen25_7b_prompt2.csv,answers_qwen25_7b_prompt2,Q033,Q,Words in English,13,queen,queen,1,0,1,Q033::13
Part3/outputs/answers_qwen25_7b_prompt2.csv,answers_qwen25_7b_prompt2,Q033,Q,Words in English,14,quill pen,quill pen,1,0,1,Q033::14
Part3/outputs/answers_qwen25_7b_prompt2.csv,answers_qwen25_7b_prompt2,Q033,Q,Words in English,15,quill,quill,1,0,1,Q033::15
Part3/outputs/answers_qwen25_7b_prompt2.csv,answers_qwen25_7b_prompt2,Q033,Q,Words in English,16,quill,quill,1,0,1,Q033::16
Part3/outputs/answers_qwen25_7b_prompt2.csv,answers_qwen25_7b_prompt2,Q033,Q,Words in English,17,quill,quill,1,0,1,Q033::17
Part3/outputs/answers_qwen25_7b_prompt2.csv,answers_qwen25_7b_prompt2,Q033,Q,Words in English,18,quill pen,quill pen,1,0,1,Q033::18
Part3/outputs/answers_qwen25_7b_prompt2.csv,answers_qwen25_7b_prompt2,Q033,Q,Words in English,19,quill,quill,1,0,1,Q033::19
Part3/outputs/answers_qwen25_7b_prompt2.csv,answers_qwen25_7b_prompt2,Q034,Q,Fictional characters,0,quasimodo,quasimodo,1,1,0,Q034::0
Part3/outputs/answers_qwen25_7b_prompt2.csv,answers_qwen25_7b_prompt2,Q034,Q,Fictional characters,1,quasimodo,quasimodo,1,1,0,Q034::1
Part3/outputs/answers_qwen25_7b_prompt2.csv,answers_qwen25_7b_prompt2,Q034,Q,Fictional characters,2,quasimodo,quasimodo,1,0,1,Q034::2
Part3/outputs/answers_qwen25_7b_prompt2.csv,answers_qwen25_7b_prompt2,Q034,Q,Fictional characters,3,quasimodo,quasimodo,1,0,1,Q034::3
Part3/outputs/answers_qwen25_7b_prompt2.csv,answers_qwen25_7b_prompt2,Q034,Q,Fictional characters,4,quasimodo,quasimodo,1,0,1,Q034::4
Part3/outputs/answers_qwen25_7b_prompt2.csv,answers_qwen25_7b_prompt2,Q034,Q,Fictional characters,5,quasimodo,quasimodo,1,0,1,Q034::5
Part3/outputs/answers_qwen25_7b_prompt2.csv,answers_qwen25_7b_prompt2,Q034,Q,Fictional characters,6,quasimodo,quasimodo,1,0,1,Q034::6
Part3/outputs/answers_qwen25_7b_prompt2.csv,answers_qwen25_7b_prompt2,Q034,Q,Fictional characters,7,quasimodo,quasimodo,1,0,1,Q034::7
Part3/outputs/answers_qwen25_7b_prompt2.csv,answers_qwen25_7b_prompt2,Q034,Q,Fictional characters,8,quasimodo,quasimodo,1,0,1,Q034::8
Part3/outputs/answers_qwen25_7b_prompt2.csv,answers_qwen25_7b_prompt2,Q034,Q,Fictional characters,9,quasimodo,quasimodo,1,0,1,Q034::9
Part3/outputs/answers_qwen25_7b_prompt2.csv,answers_qwen25_7b_prompt2,Q034,Q,Fictional characters,10,quasimodo,quasimodo,1,1,0,Q034::10
Part3/outputs/answers_qwen25_7b_prompt2.csv,answers_qwen25_7b_prompt2,Q034,Q,Fictional characters,11,quasimodo,quasimodo,1,0,1,Q034::11
Part3/outputs/answers_qwen25_7b_prompt2.csv,answers_qwen25_7b_prompt2,Q034,Q,Fictional characters,12,quasimodo,quasimodo,1,1,0,Q034::12
Part3/outputs/answers_qwen25_7b_prompt2.csv,answers_qwen25_7b_prompt2,Q034,Q,Fictional characters,13,quasimodo,quasimodo,1,0,1,Q034::13
Part3/outputs/answers_qwen25_7b_prompt2.csv,answers_qwen25_7b_prompt2,Q034,Q,Fictional characters,14,quasimodo,quasimodo,1,1,0,Q034::14
Part3/outputs/answers_qwen25_7b_prompt2.csv,answers_qwen25_7b_prompt2,Q034,Q,Fictional characters,15,quasimodo,quasimodo,1,0,1,Q034::15
Part3/outputs/answers_qwen25_7b_prompt2.csv,answers_qwen25_7b_prompt2,Q034,Q,Fictional characters,16,quasimodo,quasimodo,1,1,0,Q034::16
Part3/outputs/answers_qwen25_7b_prompt2.csv,answers_qwen25_7b_prompt2,Q034,Q,Fictional characters,17,quasimodo,quasimodo,1,0,1,Q034::17
Part3/outputs/answers_qwen25_7b_prompt2.csv,answers_qwen25_7b_prompt2,Q034,Q,Fictional characters,18,quasimodo,quasimodo,1,0,1,Q034::18
Part3/outputs/answers_qwen25_7b_prompt2.csv,answers_qwen25_7b_prompt2,Q034,Q,Fictional characters,19,quasimodo,quasimodo,1,0,1,Q034::19
Part3/outputs/answers_qwen25_7b_prompt2.csv,answers_qwen25_7b_prompt2,Q035,R,Songs,0,rhythm of the rain,rhythm of the rain,1,0,1,Q035::0
Part3/outputs/answers_qwen25_7b_prompt2.csv,answers_qwen25_7b_prompt2,Q035,R,Songs,1,raindrops keep falling on my head,raindrops keep falling on my head,0,0,0,Q035::1
Part3/outputs/answers_qwen25_7b_prompt2.csv,answers_qwen25_7b_prompt2,Q035,R,Songs,2,road to ruination,road to ruination,0,0,0,Q035::2
Part3/outputs/answers_qwen25_7b_prompt2.csv,answers_qwen25_7b_prompt2,Q035,R,Songs,3,robin hood theme song,robin hood theme song,0,0,0,Q035::3
Part3/outputs/answers_qwen25_7b_prompt2.csv,answers_qwen25_7b_prompt2,Q035,R,Songs,4,rockin' robin,rockin' robin,1,0,1,Q035::4
Part3/outputs/answers_qwen25_7b_prompt2.csv,answers_qwen25_7b_prompt2,Q035,R,Songs,5,rhythm of the rain,rhythm of the rain,1,0,1,Q035::5
Part3/outputs/answers_qwen25_7b_prompt2.csv,answers_qwen25_7b_prompt2,Q035,R,Songs,6,rhapsody,rhapsody,0,0,0,Q035::6
Part3/outputs/answers_qwen25_7b_prompt2.csv,answers_qwen25_7b_prompt2,Q035,R,Songs,7,roaring twenties radio song,roaring twenties radio song,0,0,0,Q035::7
Part3/outputs/answers_qwen25_7b_prompt2.csv,answers_qwen25_7b_prompt2,Q035,R,Songs,8,radiohead,radiohead,0,0,0,Q035::8
Part3/outputs/answers_qwen25_7b_prompt2.csv,answers_qwen25_7b_prompt2,Q035,R,Songs,9,rhythms of the rain,rhythms of the rain,0,0,0,Q035::9
Part3/outputs/answers_qwen25_7b_prompt2.csv,answers_qwen25_7b_prompt2,Q035,R,Songs,10,red red wagon,red red wagon,0,0,0,Q035::10
Part3/outputs/answers_qwen25_7b_prompt2.csv,answers_qwen25_7b_prompt2,Q035,R,Songs,11,red red deli,red red deli,0,0,0,Q035::11
Part3/outputs/answers_qwen25_7b_prompt2.csv,answers_qwen25_7b_prompt2,Q035,R,Songs,12,rhythm of the rain,rhythm of the rain,1,0,1,Q035::12
Part3/outputs/answers_qwen25_7b_prompt2.csv,answers_qwen25_7b_prompt2,Q035,R,Songs,13,rolling stones,rolling stones,0,0,0,Q035::13
Part3/outputs/answers_qwen25_7b_prompt2.csv,answers_qwen25_7b_prompt2,Q035,R,Songs,14,rush,rush,0,0,0,Q035::14
Part3/outputs/answers_qwen25_7b_prompt2.csv,answers_qwen25_7b_prompt2,Q035,R,Songs,15,ragtime blues,ragtime blues,0,0,0,Q035::15
Part3/outputs/answers_qwen25_7b_prompt2.csv,answers_qwen25_7b_prompt2,Q035,R,Songs,16,rhythms of the rain,rhythms of the rain,0,0,0,Q035::16
Part3/outputs/answers_qwen25_7b_prompt2.csv,answers_qwen25_7b_prompt2,Q035,R,Songs,17,rhythm,rhythm,0,0,0,Q035::17
Part3/outputs/answers_qwen25_7b_prompt2.csv,answers_qwen25_7b_prompt2,Q035,R,Songs,18,rhythm of the rain,rhythm of the rain,1,0,1,Q035::18
Part3/outputs/answers_qwen25_7b_prompt2.csv,answers_qwen25_7b_prompt2,Q035,R,Songs,19,raindrops keep falling on my head,raindrops keep falling on my head,0,0,0,Q035::19
Part3/outputs/answers_qwen25_7b_prompt2.csv,answers_qwen25_7b_prompt2,Q036,R,Tools,0,rubber mallet,rubber mallet,1,0,1,Q036::0
Part3/outputs/answers_qwen25_7b_prompt2.csv,answers_qwen25_7b_prompt2,Q036,R,Tools,1,rubber mallet,rubber mallet,1,0,1,Q036::1
Part3/outputs/answers_qwen25_7b_prompt2.csv,answers_qwen25_7b_prompt2,Q036,R,Tools,2,rubber mallet,rubber mallet,1,0,1,Q036::2
Part3/outputs/answers_qwen25_7b_prompt2.csv,answers_qwen25_7b_prompt2,Q036,R,Tools,3,pliers,pliers,0,0,0,Q036::3
Part3/outputs/answers_qwen25_7b_prompt2.csv,answers_qwen25_7b_prompt2,Q036,R,Tools,4,rake,rake,1,0,1,Q036::4
Part3/outputs/answers_qwen25_7b_prompt2.csv,answers_qwen25_7b_prompt2,Q036,R,Tools,5,ruler,ruler,1,0,1,Q036::5
Part3/outputs/answers_qwen25_7b_prompt2.csv,answers_qwen25_7b_prompt2,Q036,R,Tools,6,rake,rake,1,0,1,Q036::6
Part3/outputs/answers_qwen25_7b_prompt2.csv,answers_qwen25_7b_prompt2,Q036,R,Tools,7,pliers,pliers,0,0,0,Q036::7
Part3/outputs/answers_qwen25_7b_prompt2.csv,answers_qwen25_7b_prompt2,Q036,R,Tools,8,pliers,pliers,0,0,0,Q036::8
Part3/outputs/answers_qwen25_7b_prompt2.csv,answers_qwen25_7b_prompt2,Q036,R,Tools,9,rubber mallet,rubber mallet,1,0,1,Q036::9
Part3/outputs/answers_qwen25_7b_prompt2.csv,answers_qwen25_7b_prompt2,Q036,R,Tools,10,rake,rake,1,0,1,Q036::10
Part3/outputs/answers_qwen25_7b_prompt2.csv,answers_qwen25_7b_prompt2,Q036,R,Tools,11,rubber mallet,rubber mallet,1,0,1,Q036::11
Part3/outputs/answers_qwen25_7b_prompt2.csv,answers_qwen25_7b_prompt2,Q036,R,Tools,12,razor,razor,1,0,1,Q036::12
Part3/outputs/answers_qwen25_7b_prompt2.csv,answers_qwen25_7b_prompt2,Q036,R,Tools,13,pliers,pliers,0,0,0,Q036::13
Part3/outputs/answers_qwen25_7b_prompt2.csv,answers_qwen25_7b_prompt2,Q036,R,Tools,14,rake,rake,1,0,1,Q036::14
Part3/outputs/answers_qwen25_7b_prompt2.csv,answers_qwen25_7b_prompt2,Q036,R,Tools,15,pliers,pliers,0,0,0,Q036::15
Part3/outputs/answers_qwen25_7b_prompt2.csv,answers_qwen25_7b_prompt2,Q036,R,Tools,16,rake,rake,1,0,1,Q036::16
Part3/outputs/answers_qwen25_7b_prompt2.csv,answers_qwen25_7b_prompt2,Q036,R,Tools,17,pliers,pliers,0,0,0,Q036::17
Part3/outputs/answers_qwen25_7b_prompt2.csv,answers_qwen25_7b_prompt2,Q036,R,Tools,18,pliers,pliers,0,0,0,Q036::18
Part3/outputs/answers_qwen25_7b_prompt2.csv,answers_qwen25_7b_prompt2,Q036,R,Tools,19,pliers,pliers,0,0,0,Q036::19
Part3/outputs/answers_qwen25_7b_prompt2.csv,answers_qwen25_7b_prompt2,Q037,S,Animals,0,penguin,penguin,0,0,0,Q037::0
Part3/outputs/answers_qwen25_7b_prompt2.csv,answers_qwen25_7b_prompt2,Q037,S,Animals,1,panda,panda,0,0,0,Q037::1
Part3/outputs/answers_qwen25_7b_prompt2.csv,answers_qwen25_7b_prompt2,Q037,S,Animals,2,koala,koala,0,0,0,Q037::2
Part3/outputs/answers_qwen25_7b_prompt2.csv,answers_qwen25_7b_prompt2,Q037,S,Animals,3,panda,panda,0,0,0,Q037::3
Part3/outputs/answers_qwen25_7b_prompt2.csv,answers_qwen25_7b_prompt2,Q037,S,Animals,4,seal,seal,1,0,1,Q037::4
Part3/outputs/answers_qwen25_7b_prompt2.csv,answers_qwen25_7b_prompt2,Q037,S,Animals,5,panda,panda,0,0,0,Q037::5
Part3/outputs/answers_qwen25_7b_prompt2.csv,answers_qwen25_7b_prompt2,Q037,S,Animals,6,seal,seal,1,0,1,Q037::6
Part3/outputs/answers_qwen25_7b_prompt2.csv,answers_qwen25_7b_prompt2,Q037,S,Animals,7,seal,seal,1,0,1,Q037::7
Part3/outputs/answers_qwen25_7b_prompt2.csv,answers_qwen25_7b_prompt2,Q037,S,Animals,8,koala,koala,0,0,0,Q037::8
Part3/outputs/answers_qwen25_7b_prompt2.csv,answers_qwen25_7b_prompt2,Q037,S,Animals,9,panda,panda,0,0,0,Q037::9
Part3/outputs/answers_qwen25_7b_prompt2.csv,answers_qwen25_7b_prompt2,Q037,S,Animals,10,sea lion,sea lion,1,0,1,Q037::10
Part3/outputs/answers_qwen25_7b_prompt2.csv,answers_qwen25_7b_prompt2,Q037,S,Animals,11,panda,panda,0,0,0,Q037::11
Part3/outputs/answers_qwen25_7b_prompt2.csv,answers_qwen25_7b_prompt2,Q037,S,Animals,12,seal,seal,1,0,1,Q037::12
Part3/outputs/answers_qwen25_7b_prompt2.csv,answers_qwen25_7b_prompt2,Q037,S,Animals,13,panda,panda,0,0,0,Q037::13
Part3/outputs/answers_qwen25_7b_prompt2.csv,answers_qwen25_7b_prompt2,Q037,S,Animals,14,panda,panda,0,0,0,Q037::14
Part3/outputs/answers_qwen25_7b_prompt2.csv,answers_qwen25_7b_prompt2,Q037,S,Animals,15,panda,panda,0,0,0,Q037::15
Part3/outputs/answers_qwen25_7b_prompt2.csv,answers_qwen25_7b_prompt2,Q037,S,Animals,16,seal,seal,1,0,1,Q037::16
Part3/outputs/answers_qwen25_7b_prompt2.csv,answers_qwen25_7b_prompt2,Q037,S,Animals,17,polar bear,polar bear,0,0,0,Q037::17
Part3/outputs/answers_qwen25_7b_prompt2.csv,answers_qwen25_7b_prompt2,Q037,S,Animals,18,seal,seal,1,0,1,Q037::18
Part3/outputs/answers_qwen25_7b_prompt2.csv,answers_qwen25_7b_prompt2,Q037,S,Animals,19,seal,seal,1,0,1,Q037::19
Part3/outputs/answers_qwen25_7b_prompt2.csv,answers_qwen25_7b_prompt2,Q038,S,Things in an office,0,copier,copier,1,0,1,Q038::0
Part3/outputs/answers_qwen25_7b_prompt2.csv,answers_qwen25_7b_prompt2,Q038,S,Things in an office,1,water cooler,water cooler,1,0,1,Q038::1
Part3/outputs/answers_qwen25_7b_prompt2.csv,answers_qwen25_7b_prompt2,Q038,S,Things in an office,2,water cooler,water cooler,1,0,1,Q038::2
Part3/outputs/answers_qwen25_7b_prompt2.csv,answers_qwen25_7b_prompt2,Q038,S,Things in an office,3,water cooler,water cooler,1,0,1,Q038::3
Part3/outputs/answers_qwen25_7b_prompt2.csv,answers_qwen25_7b_prompt2,Q038,S,Things in an office,4,water cooler,water cooler,1,0,1,Q038::4
Part3/outputs/answers_qwen25_7b_prompt2.csv,answers_qwen25_7b_prompt2,Q038,S,Things in an office,5,scrap heap,scrap heap,0,0,0,Q038::5
Part3/outputs/answers_qwen25_7b_prompt2.csv,answers_qwen25_7b_prompt2,Q038,S,Things in an office,6,water cooler,water cooler,1,0,1,Q038::6
Part3/outputs/answers_qwen25_7b_prompt2.csv,answers_qwen25_7b_prompt2,Q038,S,Things in an office,7,scrapheap,scrapheap,0,0,0,Q038::7
Part3/outputs/answers_qwen25_7b_prompt2.csv,answers_qwen25_7b_prompt2,Q038,S,Things in an office,8,water cooler,water cooler,1,0,1,Q038::8
Part3/outputs/answers_qwen25_7b_prompt2.csv,answers_qwen25_7b_prompt2,Q038,S,Things in an office,9,water cooler,water cooler,1,0,1,Q038::9
Part3/outputs/answers_qwen25_7b_prompt2.csv,answers_qwen25_7b_prompt2,Q038,S,Things in an office,10,scissors,scissors,1,0,1,Q038::10
Part3/outputs/answers_qwen25_7b_prompt2.csv,answers_qwen25_7b_prompt2,Q038,S,Things in an office,11,water cooler,water cooler,1,0,1,Q038::11
Part3/outputs/answers_qwen25_7b_prompt2.csv,answers_qwen25_7b_prompt2,Q038,S,Things in an office,12,copier,copier,1,0,1,Q038::12
Part3/outputs/answers_qwen25_7b_prompt2.csv,answers_qwen25_7b_prompt2,Q038,S,Things in an office,13,water cooler,water cooler,1,0,1,Q038::13
Part3/outputs/answers_qwen25_7b_prompt2.csv,answers_qwen25_7b_prompt2,Q038,S,Things in an office,14,water cooler,water cooler,1,0,1,Q038::14
Part3/outputs/answers_qwen25_7b_prompt2.csv,answers_qwen25_7b_prompt2,Q038,S,Things in an office,15,water cooler,water cooler,1,0,1,Q038::15
Part3/outputs/answers_qwen25_7b_prompt2.csv,answers_qwen25_7b_prompt2,Q038,S,Things in an office,16,water cooler,water cooler,1,0,1,Q038::16
Part3/outputs/answers_qwen25_7b_prompt2.csv,answers_qwen25_7b_prompt2,Q038,S,Things in an office,17,water cooler,water cooler,1,0,1,Q038::17
Part3/outputs/answers_qwen25_7b_prompt2.csv,answers_qwen25_7b_prompt2,Q038,S,Things in an office,18,water cooler,water cooler,1,0,1,Q038::18
Part3/outputs/answers_qwen25_7b_prompt2.csv,answers_qwen25_7b_prompt2,Q038,S,Things in an office,19,server,server,1,0,1,Q038::19
Part3/outputs/answers_qwen25_7b_prompt2.csv,answers_qwen25_7b_prompt2,Q039,T,Countries,0,thailand,thailand,1,0,1,Q039::0
Part3/outputs/answers_qwen25_7b_prompt2.csv,answers_qwen25_7b_prompt2,Q039,T,Countries,1,tunisia,tunisia,1,0,1,Q039::1
Part3/outputs/answers_qwen25_7b_prompt2.csv,answers_qwen25_7b_prompt2,Q039,T,Countries,2,taiwan,taiwan,1,0,1,Q039::2
Part3/outputs/answers_qwen25_7b_prompt2.csv,answers_qwen25_7b_prompt2,Q039,T,Countries,3,tunisia,tunisia,1,1,0,Q039::3
Part3/outputs/answers_qwen25_7b_prompt2.csv,answers_qwen25_7b_prompt2,Q039,T,Countries,4,turkey,turkey,1,0,1,Q039::4
Part3/outputs/answers_qwen25_7b_prompt2.csv,answers_qwen25_7b_prompt2,Q039,T,Countries,5,tanzania,tanzania,1,0,1,Q039::5
Part3/outputs/answers_qwen25_7b_prompt2.csv,answers_qwen25_7b_prompt2,Q039,T,Countries,6,turkey,turkey,1,0,1,Q039::6
Part3/outputs/answers_qwen25_7b_prompt2.csv,answers_qwen25_7b_prompt2,Q039,T,Countries,7,tunisia,tunisia,1,0,1,Q039::7
Part3/outputs/answers_qwen25_7b_prompt2.csv,answers_qwen25_7b_prompt2,Q039,T,Countries,8,tunisia,tunisia,1,0,1,Q039::8
Part3/outputs/answers_qwen25_7b_prompt2.csv,answers_qwen25_7b_prompt2,Q039,T,Countries,9,taiwan,taiwan,1,0,1,Q039::9
Part3/outputs/answers_qwen25_7b_prompt2.csv,answers_qwen25_7b_prompt2,Q039,T,Countries,10,taiwan,taiwan,1,0,1,Q039::10
Part3/outputs/answers_qwen25_7b_prompt2.csv,answers_qwen25_7b_prompt2,Q039,T,Countries,11,taiwan,taiwan,1,0,1,Q039::11
Part3/outputs/answers_qwen25_7b_prompt2.csv,answers_qwen25_7b_prompt2,Q039,T,Countries,12,taiwan,taiwan,1,0,1,Q039::12
Part3/outputs/answers_qwen25_7b_prompt2.csv,answers_qwen25_7b_prompt2,Q039,T,Countries,13,taiwan,taiwan,1,0,1,Q039::13
Part3/outputs/answers_qwen25_7b_prompt2.csv,answers_qwen25_7b_prompt2,Q039,T,Countries,14,tunisia,tunisia,1,0,1,Q039::14
Part3/outputs/answers_qwen25_7b_prompt2.csv,answers_qwen25_7b_prompt2,Q039,T,Countries,15,tunisia,tunisia,1,0,1,Q039::15
Part3/outputs/answers_qwen25_7b_prompt2.csv,answers_qwen25_7b_prompt2,Q039,T,Countries,16,tunisia,tunisia,1,0,1,Q039::16
Part3/outputs/answers_qwen25_7b_prompt2.csv,answers_qwen25_7b_prompt2,Q039,T,Countries,17,tunisia,tunisia,1,0,1,Q039::17
Part3/outputs/answers_qwen25_7b_prompt2.csv,answers_qwen25_7b_prompt2,Q039,T,Countries,18,turkey,turkey,1,0,1,Q039::18
Part3/outputs/answers_qwen25_7b_prompt2.csv,answers_qwen25_7b_prompt2,Q039,T,Countries,19,taiwan,taiwan,1,0,1,Q039::19
Part3/outputs/answers_qwen25_7b_prompt2.csv,answers_qwen25_7b_prompt2,Q040,T,TV shows,0,that77/gameshow,that77/gameshow,0,0,0,Q040::0
Part3/outputs/answers_qwen25_7b_prompt2.csv,answers_qwen25_7b_prompt2,Q040,T,TV shows,1,twin peaks,twin peaks,1,0,1,Q040::1
Part3/outputs/answers_qwen25_7b_prompt2.csv,answers_qwen25_7b_prompt2,Q040,T,TV shows,2,that77th_award_show,that77th_award_show,0,0,0,Q040::2
Part3/outputs/answers_qwen25_7b_prompt2.csv,answers_qwen25_7b_prompt2,Q040,T,TV shows,3,thick as thieves,thick as thieves,0,0,0,Q040::3
Part3/outputs/answers_qwen25_7b_prompt2.csv,answers_qwen25_7b_prompt2,Q040,T,TV shows,4,south park,south park,0,0,0,Q040::4
Part3/outputs/answers_qwen25_7b_prompt2.csv,answers_qwen25_7b_prompt2,Q040,T,TV shows,5,twilight,twilight,0,0,0,Q040::5
Part3/outputs/answers_qwen25_7b_prompt2.csv,answers_qwen25_7b_prompt2,Q040,T,TV shows,6,south park,south park,0,0,0,Q040::6
Part3/outputs/answers_qwen25_7b_prompt2.csv,answers_qwen25_7b_prompt2,Q040,T,TV shows,7,twilight,twilight,0,0,0,Q040::7
Part3/outputs/answers_qwen25_7b_prompt2.csv,answers_qwen25_7b_prompt2,Q040,T,TV shows,8,that777,that777,0,0,0,Q040::8
Part3/outputs/answers_qwen25_7b_prompt2.csv,answers_qwen25_7b_prompt2,Q040,T,TV shows,9,teen wolf,teen wolf,1,0,1,Q040::9
Part3/outputs/answers_qwen25_7b_prompt2.csv,answers_qwen25_7b_prompt2,Q040,T,TV shows,10,twilight zone,twilight zone,1,0,1,Q040::10
Part3/outputs/answers_qwen25_7b_prompt2.csv,answers_qwen25_7b_prompt2,Q040,T,TV shows,11,thirtynine shades of grey,thirtynine shades of grey,0,0,0,Q040::11
Part3/outputs/answers_qwen25_7b_prompt2.csv,answers_qwen25_7b_prompt2,Q040,T,TV shows,12,deadwood,deadwood,1,0,1,Q040::12
Part3/outputs/answers_qwen25_7b_prompt2.csv,answers_qwen25_7b_prompt2,Q040,T,TV shows,13,twin peaks,twin peaks,1,0,1,Q040::13
Part3/outputs/answers_qwen25_7b_prompt2.csv,answers_qwen25_7b_prompt2,Q040,T,TV shows,14,twilight,twilight,0,0,0,Q040::14
Part3/outputs/answers_qwen25_7b_prompt2.csv,answers_qwen25_7b_prompt2,Q040,T,TV shows,15,twilight,twilight,0,0,0,Q040::15
Part3/outputs/answers_qwen25_7b_prompt2.csv,answers_qwen25_7b_prompt2,Q040,T,TV shows,16,twilight zone,twilight zone,1,0,1,Q040::16
Part3/outputs/answers_qwen25_7b_prompt2.csv,answers_qwen25_7b_prompt2,Q040,T,TV shows,17,twilight,twilight,0,0,0,Q040::17
Part3/outputs/answers_qwen25_7b_prompt2.csv,answers_qwen25_7b_prompt2,Q040,T,TV shows,18,south park,south park,0,0,0,Q040::18
Part3/outputs/answers_qwen25_7b_prompt2.csv,answers_qwen25_7b_prompt2,Q040,T,TV shows,19,deadwood,deadwood,1,0,1,Q040::19
Part3/outputs/answers_qwen25_7b_prompt2.csv,answers_qwen25_7b_prompt2,Q041,U,U.S. colleges,0,uc berkeley,uc berkeley,0,0,0,Q041::0
Part3/outputs/answers_qwen25_7b_prompt2.csv,answers_qwen25_7b_prompt2,Q041,U,U.S. colleges,1,uc berkeley,uc berkeley,0,0,0,Q041::1
Part3/outputs/answers_qwen25_7b_prompt2.csv,answers_qwen25_7b_prompt2,Q041,U,U.S. colleges,2,university of colorado Boulder,university of colorado boulder,1,0,1,Q041::2
Part3/outputs/answers_qwen25_7b_prompt2.csv,answers_qwen25_7b_prompt2,Q041,U,U.S. colleges,3,uc berkeley,uc berkeley,0,0,0,Q041::3
Part3/outputs/answers_qwen25_7b_prompt2.csv,answers_qwen25_7b_prompt2,Q041,U,U.S. colleges,4,uc berkeley,uc berkeley,0,0,0,Q041::4
Part3/outputs/answers_qwen25_7b_prompt2.csv,answers_qwen25_7b_prompt2,Q041,U,U.S. colleges,5,university of colorado,university of colorado,1,0,1,Q041::5
Part3/outputs/answers_qwen25_7b_prompt2.csv,answers_qwen25_7b_prompt2,Q041,U,U.S. colleges,6,uc berkeley,uc berkeley,0,0,0,Q041::6
Part3/outputs/answers_qwen25_7b_prompt2.csv,answers_qwen25_7b_prompt2,Q041,U,U.S. colleges,7,uc berkeley,uc berkeley,0,0,0,Q041::7
Part3/outputs/answers_qwen25_7b_prompt2.csv,answers_qwen25_7b_prompt2,Q041,U,U.S. colleges,8,uc berkeley,uc berkeley,0,0,0,Q041::8
Part3/outputs/answers_qwen25_7b_prompt2.csv,answers_qwen25_7b_prompt2,Q041,U,U.S. colleges,9,uc berkeley,uc berkeley,0,0,0,Q041::9
Part3/outputs/answers_qwen25_7b_prompt2.csv,answers_qwen25_7b_prompt2,Q041,U,U.S. colleges,10,union college,union college,1,0,1,Q041::10
Part3/outputs/answers_qwen25_7b_prompt2.csv,answers_qwen25_7b_prompt2,Q041,U,U.S. colleges,11,uc berkeley,uc berkeley,0,0,0,Q041::11
Part3/outputs/answers_qwen25_7b_prompt2.csv,answers_qwen25_7b_prompt2,Q041,U,U.S. colleges,12,university of colorado,university of colorado,1,0,1,Q041::12
Part3/outputs/answers_qwen25_7b_prompt2.csv,answers_qwen25_7b_prompt2,Q041,U,U.S. colleges,13,university of colorado Boulder,university of colorado boulder,1,0,1,Q041::13
Part3/outputs/answers_qwen25_7b_prompt2.csv,answers_qwen25_7b_prompt2,Q041,U,U.S. colleges,14,uc berkeley,uc berkeley,0,0,0,Q041::14
Part3/outputs/answers_qwen25_7b_prompt2.csv,answers_qwen25_7b_prompt2,Q041,U,U.S. colleges,15,uc berkeley,uc berkeley,0,0,0,Q041::15
Part3/outputs/answers_qwen25_7b_prompt2.csv,answers_qwen25_7b_prompt2,Q041,U,U.S. colleges,16,stanford university,stanford university,0,0,0,Q041::16
Part3/outputs/answers_qwen25_7b_prompt2.csv,answers_qwen25_7b_prompt2,Q041,U,U.S. colleges,17,uc berkeley,uc berkeley,0,0,0,Q041::17
Part3/outputs/answers_qwen25_7b_prompt2.csv,answers_qwen25_7b_prompt2,Q041,U,U.S. colleges,18,uc berkeley,uc berkeley,0,0,0,Q041::18
Part3/outputs/answers_qwen25_7b_prompt2.csv,answers_qwen25_7b_prompt2,Q041,U,U.S. colleges,19,uc berkeley,uc berkeley,0,0,0,Q041::19
Part3/outputs/answers_qwen25_7b_prompt2.csv,answers_qwen25_7b_prompt2,Q042,U,Things in a garage,0,utility pole,utility pole,0,0,0,Q042::0
Part3/outputs/answers_qwen25_7b_prompt2.csv,answers_qwen25_7b_prompt2,Q042,U,Things in a garage,1,rusty bike,rusty bike,1,0,1,Q042::1
Part3/outputs/answers_qwen25_7b_prompt2.csv,answers_qwen25_7b_prompt2,Q042,U,Things in a garage,2,tool box,tool box,0,0,0,Q042::2
Part3/outputs/answers_qwen25_7b_prompt2.csv,answers_qwen25_7b_prompt2,Q042,U,Things in a garage,3,tool box,tool box,0,0,0,Q042::3
Part3/outputs/answers_qwen25_7b_prompt2.csv,answers_qwen25_7b_prompt2,Q042,U,Things in a garage,4,vacuum cleaner,vacuum cleaner,1,0,1,Q042::4
Part3/outputs/answers_qwen25_7b_prompt2.csv,answers_qwen25_7b_prompt2,Q042,U,Things in a garage,5,ski,ski,0,0,0,Q042::5
Part3/outputs/answers_qwen25_7b_prompt2.csv,answers_qwen25_7b_prompt2,Q042,U,Things in a garage,6,vacuum cleaner,vacuum cleaner,1,0,1,Q042::6
Part3/outputs/answers_qwen25_7b_prompt2.csv,answers_qwen25_7b_prompt2,Q042,U,Things in a garage,7,workbench,workbench,0,0,0,Q042::7
Part3/outputs/answers_qwen25_7b_prompt2.csv,answers_qwen25_7b_prompt2,Q042,U,Things in a garage,8,garage door opener,garage door opener,1,0,1,Q042::8
Part3/outputs/answers_qwen25_7b_prompt2.csv,answers_qwen25_7b_prompt2,Q042,U,Things in a garage,9,garage door opener,garage door opener,1,0,1,Q042::9
Part3/outputs/answers_qwen25_7b_prompt2.csv,answers_qwen25_7b_prompt2,Q042,U,Things in a garage,10,utility box,utility box,1,0,1,Q042::10
Part3/outputs/answers_qwen25_7b_prompt2.csv,answers_qwen25_7b_prompt2,Q042,U,Things in a garage,11,unicycle,unicycle,1,0,1,Q042::11
Part3/outputs/answers_qwen25_7b_prompt2.csv,answers_qwen25_7b_prompt2,Q042,U,Things in a garage,12,garden tools,garden tools,0,0,0,Q042::12
Part3/outputs/answers_qwen25_7b_prompt2.csv,answers_qwen25_7b_prompt2,Q042,U,Things in a garage,13,umbrella,umbrella,0,0,0,Q042::13
Part3/outputs/answers_qwen25_7b_prompt2.csv,answers_qwen25_7b_prompt2,Q042,U,Things in a garage,14,tool box,tool box,0,0,0,Q042::14
Part3/outputs/answers_qwen25_7b_prompt2.csv,answers_qwen25_7b_prompt2,Q042,U,Things in a garage,15,tool box,tool box,0,0,0,Q042::15
Part3/outputs/answers_qwen25_7b_prompt2.csv,answers_qwen25_7b_prompt2,Q042,U,Things in a garage,16,safety glasses,safety glasses,1,0,1,Q042::16
Part3/outputs/answers_qwen25_7b_prompt2.csv,answers_qwen25_7b_prompt2,Q042,U,Things in a garage,17,workbench,workbench,0,0,0,Q042::17
Part3/outputs/answers_qwen25_7b_prompt2.csv,answers_qwen25_7b_prompt2,Q042,U,Things in a garage,18,unicycle,unicycle,1,0,1,Q042::18
Part3/outputs/answers_qwen25_7b_prompt2.csv,answers_qwen25_7b_prompt2,Q042,U,Things in a garage,19,utility pole,utility pole,0,0,0,Q042::19
Part3/outputs/answers_qwen25_7b_prompt2.csv,answers_qwen25_7b_prompt2,Q043,V,Jobs,0,valet parking,valet parking,0,0,0,Q043::0
Part3/outputs/answers_qwen25_7b_prompt2.csv,answers_qwen25_7b_prompt2,Q043,V,Jobs,1,voice actor,voice actor,1,0,1,Q043::1
Part3/outputs/answers_qwen25_7b_prompt2.csv,answers_qwen25_7b_prompt2,Q043,V,Jobs,2,valet parking,valet parking,0,0,0,Q043::2
Part3/outputs/answers_qwen25_7b_prompt2.csv,answers_qwen25_7b_prompt2,Q043,V,Jobs,3,video producer,video producer,1,0,1,Q043::3
Part3/outputs/answers_qwen25_7b_prompt2.csv,answers_qwen25_7b_prompt2,Q043,V,Jobs,4,valet parking,valet parking,0,0,0,Q043::4
Part3/outputs/answers_qwen25_7b_prompt2.csv,answers_qwen25_7b_prompt2,Q043,V,Jobs,5,valet parking,valet parking,0,0,0,Q043::5
Part3/outputs/answers_qwen25_7b_prompt2.csv,answers_qwen25_7b_prompt2,Q043,V,Jobs,6,valet parking,valet parking,0,0,0,Q043::6
Part3/outputs/answers_qwen25_7b_prompt2.csv,answers_qwen25_7b_prompt2,Q043,V,Jobs,7,vet,vet,1,0,1,Q043::7
Part3/outputs/answers_qwen25_7b_prompt2.csv,answers_qwen25_7b_prompt2,Q043,V,Jobs,8,videographer,videographer,1,0,1,Q043::8
Part3/outputs/answers_qwen25_7b_prompt2.csv,answers_qwen25_7b_prompt2,Q043,V,Jobs,9,veterinarian,veterinarian,1,0,1,Q043::9
Part3/outputs/answers_qwen25_7b_prompt2.csv,answers_qwen25_7b_prompt2,Q043,V,Jobs,10,valet parking,valet parking,0,0,0,Q043::10
Part3/outputs/answers_qwen25_7b_prompt2.csv,answers_qwen25_7b_prompt2,Q043,V,Jobs,11,video producer,video producer,1,0,1,Q043::11
Part3/outputs/answers_qwen25_7b_prompt2.csv,answers_qwen25_7b_prompt2,Q043,V,Jobs,12,vet,vet,1,0,1,Q043::12
Part3/outputs/answers_qwen25_7b_prompt2.csv,answers_qwen25_7b_prompt2,Q043,V,Jobs,13,veterinarian,veterinarian,1,0,1,Q043::13
Part3/outputs/answers_qwen25_7b_prompt2.csv,answers_qwen25_7b_prompt2,Q043,V,Jobs,14,video editor,video editor,1,0,1,Q043::14
Part3/outputs/answers_qwen25_7b_prompt2.csv,answers_qwen25_7b_prompt2,Q043,V,Jobs,15,valet parking,valet parking,0,0,0,Q043::15
Part3/outputs/answers_qwen25_7b_prompt2.csv,answers_qwen25_7b_prompt2,Q043,V,Jobs,16,valet parking,valet parking,0,0,0,Q043::16
Part3/outputs/answers_qwen25_7b_prompt2.csv,answers_qwen25_7b_prompt2,Q043,V,Jobs,17,valet parking,valet parking,0,0,0,Q043::17
Part3/outputs/answers_qwen25_7b_prompt2.csv,answers_qwen25_7b_prompt2,Q043,V,Jobs,18,vet,vet,1,0,1,Q043::18
Part3/outputs/answers_qwen25_7b_prompt2.csv,answers_qwen25_7b_prompt2,Q043,V,Jobs,19,valet parking,valet parking,0,0,0,Q043::19
Part3/outputs/answers_qwen25_7b_prompt2.csv,answers_qwen25_7b_prompt2,Q044,V,Things you wear,0,sunglasses,sunglasses,0,0,0,Q044::0
Part3/outputs/answers_qwen25_7b_prompt2.csv,answers_qwen25_7b_prompt2,Q044,V,Things you wear,1,glove,glove,0,0,0,Q044::1
Part3/outputs/answers_qwen25_7b_prompt2.csv,answers_qwen25_7b_prompt2,Q044,V,Things you wear,2,necklace,necklace,0,0,0,Q044::2
Part3/outputs/answers_qwen25_7b_prompt2.csv,answers_qwen25_7b_prompt2,Q044,V,Things you wear,3,necklace,necklace,0,0,0,Q044::3
Part3/outputs/answers_qwen25_7b_prompt2.csv,answers_qwen25_7b_prompt2,Q044,V,Things you wear,4,sunglasses,sunglasses,0,0,0,Q044::4
Part3/outputs/answers_qwen25_7b_prompt2.csv,answers_qwen25_7b_prompt2,Q044,V,Things you wear,5,necklace,necklace,0,0,0,Q044::5
Part3/outputs/answers_qwen25_7b_prompt2.csv,answers_qwen25_7b_prompt2,Q044,V,Things you wear,6,socks,socks,0,0,0,Q044::6
Part3/outputs/answers_qwen25_7b_prompt2.csv,answers_qwen25_7b_prompt2,Q044,V,Things you wear,7,vest,vest,1,0,1,Q044::7
Part3/outputs/answers_qwen25_7b_prompt2.csv,answers_qwen25_7b_prompt2,Q044,V,Things you wear,8,sunglasses,sunglasses,0,0,0,Q044::8
Part3/outputs/answers_qwen25_7b_prompt2.csv,answers_qwen25_7b_prompt2,Q044,V,Things you wear,9,necklace,necklace,0,0,0,Q044::9
Part3/outputs/answers_qwen25_7b_prompt2.csv,answers_qwen25_7b_prompt2,Q044,V,Things you wear,10,sunglasses,sunglasses,0,0,0,Q044::10
Part3/outputs/answers_qwen25_7b_prompt2.csv,answers_qwen25_7b_prompt2,Q044,V,Things you wear,11,vest,vest,1,0,1,Q044::11
Part3/outputs/answers_qwen25_7b_prompt2.csv,answers_qwen25_7b_prompt2,Q044,V,Things you wear,12,socks,socks,0,0,0,Q044::12
Part3/outputs/answers_qwen25_7b_prompt2.csv,answers_qwen25_7b_prompt2,Q044,V,Things you wear,13,v-neck sweater,v-neck sweater,1,0,1,Q044::13
Part3/outputs/answers_qwen25_7b_prompt2.csv,answers_qwen25_7b_prompt2,Q044,V,Things you wear,14,vest,vest,1,0,1,Q044::14
Part3/outputs/answers_qwen25_7b_prompt2.csv,answers_qwen25_7b_prompt2,Q044,V,Things you wear,15,sunglasses,sunglasses,0,0,0,Q044::15
Part3/outputs/answers_qwen25_7b_prompt2.csv,answers_qwen25_7b_prompt2,Q044,V,Things you wear,16,glove,glove,0,0,0,Q044::16
Part3/outputs/answers_qwen25_7b_prompt2.csv,answers_qwen25_7b_prompt2,Q044,V,Things you wear,17,necklace,necklace,0,0,0,Q044::17
Part3/outputs/answers_qwen25_7b_prompt2.csv,answers_qwen25_7b_prompt2,Q044,V,Things you wear,18,vest,vest,1,0,1,Q044::18
Part3/outputs/answers_qwen25_7b_prompt2.csv,answers_qwen25_7b_prompt2,Q044,V,Things you wear,19,sunglasses,sunglasses,0,0,0,Q044::19
Part3/outputs/answers_qwen25_7b_prompt2.csv,answers_qwen25_7b_prompt2,Q045,W,Cities,0,worcester,worcester,1,0,1,Q045::0
Part3/outputs/answers_qwen25_7b_prompt2.csv,answers_qwen25_7b_prompt2,Q045,W,Cities,1,warsaw,warsaw,1,0,1,Q045::1
Part3/outputs/answers_qwen25_7b_prompt2.csv,answers_qwen25_7b_prompt2,Q045,W,Cities,2,windsor,windsor,1,0,1,Q045::2
Part3/outputs/answers_qwen25_7b_prompt2.csv,answers_qwen25_7b_prompt2,Q045,W,Cities,3,warsaw,warsaw,1,0,1,Q045::3
Part3/outputs/answers_qwen25_7b_prompt2.csv,answers_qwen25_7b_prompt2,Q045,W,Cities,4,warsaw,warsaw,1,0,1,Q045::4
Part3/outputs/answers_qwen25_7b_prompt2.csv,answers_qwen25_7b_prompt2,Q045,W,Cities,5,winnipeg,winnipeg,1,1,0,Q045::5
Part3/outputs/answers_qwen25_7b_prompt2.csv,answers_qwen25_7b_prompt2,Q045,W,Cities,6,warsaw,warsaw,1,0,1,Q045::6
Part3/outputs/answers_qwen25_7b_prompt2.csv,answers_qwen25_7b_prompt2,Q045,W,Cities,7,wollongong,wollongong,1,0,1,Q045::7
Part3/outputs/answers_qwen25_7b_prompt2.csv,answers_qwen25_7b_prompt2,Q045,W,Cities,8,winnipeg,winnipeg,1,0,1,Q045::8
Part3/outputs/answers_qwen25_7b_prompt2.csv,answers_qwen25_7b_prompt2,Q045,W,Cities,9,winona,winona,1,0,1,Q045::9
Part3/outputs/answers_qwen25_7b_prompt2.csv,answers_qwen25_7b_prompt2,Q045,W,Cities,10,warsaw,warsaw,1,0,1,Q045::10
Part3/outputs/answers_qwen25_7b_prompt2.csv,answers_qwen25_7b_prompt2,Q045,W,Cities,11,winona,winona,1,0,1,Q045::11
Part3/outputs/answers_qwen25_7b_prompt2.csv,answers_qwen25_7b_prompt2,Q045,W,Cities,12,waco,waco,1,0,1,Q045::12
Part3/outputs/answers_qwen25_7b_prompt2.csv,answers_qwen25_7b_prompt2,Q045,W,Cities,13,warsaw,warsaw,1,0,1,Q045::13
Part3/outputs/answers_qwen25_7b_prompt2.csv,answers_qwen25_7b_prompt2,Q045,W,Cities,14,warsaw,warsaw,1,0,1,Q045::14
Part3/outputs/answers_qwen25_7b_prompt2.csv,answers_qwen25_7b_prompt2,Q045,W,Cities,15,warsaw,warsaw,1,0,1,Q045::15
Part3/outputs/answers_qwen25_7b_prompt2.csv,answers_qwen25_7b_prompt2,Q045,W,Cities,16,windsor,windsor,1,0,1,Q045::16
Part3/outputs/answers_qwen25_7b_prompt2.csv,answers_qwen25_7b_prompt2,Q045,W,Cities,17,warsaw,warsaw,1,0,1,Q045::17
Part3/outputs/answers_qwen25_7b_prompt2.csv,answers_qwen25_7b_prompt2,Q045,W,Cities,18,warsaw,warsaw,1,0,1,Q045::18
Part3/outputs/answers_qwen25_7b_prompt2.csv,answers_qwen25_7b_prompt2,Q045,W,Cities,19,warsaw,warsaw,1,0,1,Q045::19
Part3/outputs/answers_qwen25_7b_prompt2.csv,answers_qwen25_7b_prompt2,Q046,W,Things in a park,0,wristband,wristband,0,0,0,Q046::0
Part3/outputs/answers_qwen25_7b_prompt2.csv,answers_qwen25_7b_prompt2,Q046,W,Things in a park,1,willow,willow,1,0,1,Q046::1
Part3/outputs/answers_qwen25_7b_prompt2.csv,answers_qwen25_7b_prompt2,Q046,W,Things in a park,2,wristband,wristband,0,0,0,Q046::2
Part3/outputs/answers_qwen25_7b_prompt2.csv,answers_qwen25_7b_prompt2,Q046,W,Things in a park,3,willow,willow,1,0,1,Q046::3
Part3/outputs/answers_qwen25_7b_prompt2.csv,answers_qwen25_7b_prompt2,Q046,W,Things in a park,4,willow,willow,1,0,1,Q046::4
Part3/outputs/answers_qwen25_7b_prompt2.csv,answers_qwen25_7b_prompt2,Q046,W,Things in a park,5,willow tree,willow tree,1,0,1,Q046::5
Part3/outputs/answers_qwen25_7b_prompt2.csv,answers_qwen25_7b_prompt2,Q046,W,Things in a park,6,willowswing,willowswing,0,0,0,Q046::6
Part3/outputs/answers_qwen25_7b_prompt2.csv,answers_qwen25_7b_prompt2,Q046,W,Things in a park,7,willow,willow,1,0,1,Q046::7
Part3/outputs/answers_qwen25_7b_prompt2.csv,answers_qwen25_7b_prompt2,Q046,W,Things in a park,8,wristbands,wristbands,1,0,1,Q046::8
Part3/outputs/answers_qwen25_7b_prompt2.csv,answers_qwen25_7b_prompt2,Q046,W,Things in a park,9,swings,swings,1,0,1,Q046::9
Part3/outputs/answers_qwen25_7b_prompt2.csv,answers_qwen25_7b_prompt2,Q046,W,Things in a park,10,swing set,swing set,1,0,1,Q046::10
Part3/outputs/answers_qwen25_7b_prompt2.csv,answers_qwen25_7b_prompt2,Q046,W,Things in a park,11,wifi,wifi,0,0,0,Q046::11
Part3/outputs/answers_qwen25_7b_prompt2.csv,answers_qwen25_7b_prompt2,Q046,W,Things in a park,12,willow,willow,1,0,1,Q046::12
Part3/outputs/answers_qwen25_7b_prompt2.csv,answers_qwen25_7b_prompt2,Q046,W,Things in a park,13,willow,willow,1,0,1,Q046::13
Part3/outputs/answers_qwen25_7b_prompt2.csv,answers_qwen25_7b_prompt2,Q046,W,Things in a park,14,willowswing,willowswing,0,0,0,Q046::14
Part3/outputs/answers_qwen25_7b_prompt2.csv,answers_qwen25_7b_prompt2,Q046,W,Things in a park,15,willow,willow,1,0,1,Q046::15
Part3/outputs/answers_qwen25_7b_prompt2.csv,answers_qwen25_7b_prompt2,Q046,W,Things in a park,16,wristwatch,wristwatch,0,0,0,Q046::16
Part3/outputs/answers_qwen25_7b_prompt2.csv,answers_qwen25_7b_prompt2,Q046,W,Things in a park,17,willow,willow,1,0,1,Q046::17
Part3/outputs/answers_qwen25_7b_prompt2.csv,answers_qwen25_7b_prompt2,Q046,W,Things in a park,18,wristbands,wristbands,1,0,1,Q046::18
Part3/outputs/answers_qwen25_7b_prompt2.csv,answers_qwen25_7b_prompt2,Q046,W,Things in a park,19,willow,willow,1,0,1,Q046::19
Part3/outputs/answers_qwen25_7b_prompt2.csv,answers_qwen25_7b_prompt2,Q047,X,Brands,0,xiaomi,xiaomi,1,0,1,Q047::0
Part3/outputs/answers_qwen25_7b_prompt2.csv,answers_qwen25_7b_prompt2,Q047,X,Brands,1,xiaomi,xiaomi,1,0,1,Q047::1
Part3/outputs/answers_qwen25_7b_prompt2.csv,answers_qwen25_7b_prompt2,Q047,X,Brands,2,xiaomi,xiaomi,1,0,1,Q047::2
Part3/outputs/answers_qwen25_7b_prompt2.csv,answers_qwen25_7b_prompt2,Q047,X,Brands,3,xerox,xerox,1,0,1,Q047::3
Part3/outputs/answers_qwen25_7b_prompt2.csv,answers_qwen25_7b_prompt2,Q047,X,Brands,4,xiaomi,xiaomi,1,0,1,Q047::4
Part3/outputs/answers_qwen25_7b_prompt2.csv,answers_qwen25_7b_prompt2,Q047,X,Brands,5,xbox,xbox,1,0,1,Q047::5
Part3/outputs/answers_qwen25_7b_prompt2.csv,answers_qwen25_7b_prompt2,Q047,X,Brands,6,xerox,xerox,1,0,1,Q047::6
Part3/outputs/answers_qwen25_7b_prompt2.csv,answers_qwen25_7b_prompt2,Q047,X,Brands,7,xbox,xbox,1,0,1,Q047::7
Part3/outputs/answers_qwen25_7b_prompt2.csv,answers_qwen25_7b_prompt2,Q047,X,Brands,8,xinglin,xinglin,0,0,0,Q047::8
Part3/outputs/answers_qwen25_7b_prompt2.csv,answers_qwen25_7b_prompt2,Q047,X,Brands,9,xiaomi,xiaomi,1,0,1,Q047::9
Part3/outputs/answers_qwen25_7b_prompt2.csv,answers_qwen25_7b_prompt2,Q047,X,Brands,10,xbox,xbox,1,0,1,Q047::10
Part3/outputs/answers_qwen25_7b_prompt2.csv,answers_qwen25_7b_prompt2,Q047,X,Brands,11,xbox,xbox,1,0,1,Q047::11
Part3/outputs/answers_qwen25_7b_prompt2.csv,answers_qwen25_7b_prompt2,Q047,X,Brands,12,xbox,xbox,1,0,1,Q047::12
Part3/outputs/answers_qwen25_7b_prompt2.csv,answers_qwen25_7b_prompt2,Q047,X,Brands,13,xiaomi,xiaomi,1,0,1,Q047::13
Part3/outputs/answers_qwen25_7b_prompt2.csv,answers_qwen25_7b_prompt2,Q047,X,Brands,14,xiaomi,xiaomi,1,0,1,Q047::14
Part3/outputs/answers_qwen25_7b_prompt2.csv,answers_qwen25_7b_prompt2,Q047,X,Brands,15,xiaomi,xiaomi,1,0,1,Q047::15
Part3/outputs/answers_qwen25_7b_prompt2.csv,answers_qwen25_7b_prompt2,Q047,X,Brands,16,xiaomi,xiaomi,1,0,1,Q047::16
Part3/outputs/answers_qwen25_7b_prompt2.csv,answers_qwen25_7b_prompt2,Q047,X,Brands,17,xiaomi,xiaomi,1,0,1,Q047::17
Part3/outputs/answers_qwen25_7b_prompt2.csv,answers_qwen25_7b_prompt2,Q047,X,Brands,18,starbucks,starbucks,0,0,0,Q047::18
Part3/outputs/answers_qwen25_7b_prompt2.csv,answers_qwen25_7b_prompt2,Q047,X,Brands,19,xbox,xbox,1,0,1,Q047::19
Part3/outputs/answers_qwen25_7b_prompt2.csv,answers_qwen25_7b_prompt2,Q048,X,Words in English,0,xmas party,xmas party,0,0,0,Q048::0
Part3/outputs/answers_qwen25_7b_prompt2.csv,answers_qwen25_7b_prompt2,Q048,X,Words in English,1,xmas,xmas,1,0,1,Q048::1
Part3/outputs/answers_qwen25_7b_prompt2.csv,answers_qwen25_7b_prompt2,Q048,X,Words in English,2,xerox,xerox,1,0,1,Q048::2
Part3/outputs/answers_qwen25_7b_prompt2.csv,answers_qwen25_7b_prompt2,Q048,X,Words in English,3,xerox,xerox,1,0,1,Q048::3
Part3/outputs/answers_qwen25_7b_prompt2.csv,answers_qwen25_7b_prompt2,Q048,X,Words in English,4,xbox,xbox,1,0,1,Q048::4
Part3/outputs/answers_qwen25_7b_prompt2.csv,answers_qwen25_7b_prompt2,Q048,X,Words in English,5,xmas,xmas,1,0,1,Q048::5
Part3/outputs/answers_qwen25_7b_prompt2.csv,answers_qwen25_7b_prompt2,Q048,X,Words in English,6,xbox,xbox,1,0,1,Q048::6
Part3/outputs/answers_qwen25_7b_prompt2.csv,answers_qwen25_7b_prompt2,Q048,X,Words in English,7,xerox,xerox,1,0,1,Q048::7
Part3/outputs/answers_qwen25_7b_prompt2.csv,answers_qwen25_7b_prompt2,Q048,X,Words in English,8,xenon,xenon,1,0,1,Q048::8
Part3/outputs/answers_qwen25_7b_prompt2.csv,answers_qwen25_7b_prompt2,Q048,X,Words in English,9,xbox,xbox,1,0,1,Q048::9
Part3/outputs/answers_qwen25_7b_prompt2.csv,answers_qwen25_7b_prompt2,Q048,X,Words in English,10,xerox,xerox,1,0,1,Q048::10
Part3/outputs/answers_qwen25_7b_prompt2.csv,answers_qwen25_7b_prompt2,Q048,X,Words in English,11,xbox,xbox,1,0,1,Q048::11
Part3/outputs/answers_qwen25_7b_prompt2.csv,answers_qwen25_7b_prompt2,Q048,X,Words in English,12,xenon,xenon,1,0,1,Q048::12
Part3/outputs/answers_qwen25_7b_prompt2.csv,answers_qwen25_7b_prompt2,Q048,X,Words in English,13,xbox,xbox,1,0,1,Q048::13
Part3/outputs/answers_qwen25_7b_prompt2.csv,answers_qwen25_7b_prompt2,Q048,X,Words in English,14,xerox,xerox,1,0,1,Q048::14
Part3/outputs/answers_qwen25_7b_prompt2.csv,answers_qwen25_7b_prompt2,Q048,X,Words in English,15,xmas,xmas,1,0,1,Q048::15
Part3/outputs/answers_qwen25_7b_prompt2.csv,answers_qwen25_7b_prompt2,Q048,X,Words in English,16,xbox,xbox,1,0,1,Q048::16
Part3/outputs/answers_qwen25_7b_prompt2.csv,answers_qwen25_7b_prompt2,Q048,X,Words in English,17,xmas,xmas,1,0,1,Q048::17
Part3/outputs/answers_qwen25_7b_prompt2.csv,answers_qwen25_7b_prompt2,Q048,X,Words in English,18,xbox,xbox,1,0,1,Q048::18
Part3/outputs/answers_qwen25_7b_prompt2.csv,answers_qwen25_7b_prompt2,Q048,X,Words in English,19,xerox,xerox,1,0,1,Q048::19
Part3/outputs/answers_qwen25_7b_prompt2.csv,answers_qwen25_7b_prompt2,Q049,Y,Foods,0,yogurt,yogurt,1,0,1,Q049::0
Part3/outputs/answers_qwen25_7b_prompt2.csv,answers_qwen25_7b_prompt2,Q049,Y,Foods,1,yogurt,yogurt,1,0,1,Q049::1
Part3/outputs/answers_qwen25_7b_prompt2.csv,answers_qwen25_7b_prompt2,Q049,Y,Foods,2,yogurt,yogurt,1,0,1,Q049::2
Part3/outputs/answers_qwen25_7b_prompt2.csv,answers_qwen25_7b_prompt2,Q049,Y,Foods,3,yogurt,yogurt,1,0,1,Q049::3
Part3/outputs/answers_qwen25_7b_prompt2.csv,answers_qwen25_7b_prompt2,Q049,Y,Foods,4,yogurt,yogurt,1,1,0,Q049::4
Part3/outputs/answers_qwen25_7b_prompt2.csv,answers_qwen25_7b_prompt2,Q049,Y,Foods,5,yogurt,yogurt,1,0,1,Q049::5
Part3/outputs/answers_qwen25_7b_prompt2.csv,answers_qwen25_7b_prompt2,Q049,Y,Foods,6,yogurt,yogurt,1,0,1,Q049::6
Part3/outputs/answers_qwen25_7b_prompt2.csv,answers_qwen25_7b_prompt2,Q049,Y,Foods,7,yogurt,yogurt,1,0,1,Q049::7
Part3/outputs/answers_qwen25_7b_prompt2.csv,answers_qwen25_7b_prompt2,Q049,Y,Foods,8,yogurt,yogurt,1,0,1,Q049::8
Part3/outputs/answers_qwen25_7b_prompt2.csv,answers_qwen25_7b_prompt2,Q049,Y,Foods,9,yogurt,yogurt,1,1,0,Q049::9
Part3/outputs/answers_qwen25_7b_prompt2.csv,answers_qwen25_7b_prompt2,Q049,Y,Foods,10,yogurt,yogurt,1,0,1,Q049::10
Part3/outputs/answers_qwen25_7b_prompt2.csv,answers_qwen25_7b_prompt2,Q049,Y,Foods,11,yogurt,yogurt,1,1,0,Q049::11
Part3/outputs/answers_qwen25_7b_prompt2.csv,answers_qwen25_7b_prompt2,Q049,Y,Foods,12,yogurt,yogurt,1,0,1,Q049::12
Part3/outputs/answers_qwen25_7b_prompt2.csv,answers_qwen25_7b_prompt2,Q049,Y,Foods,13,yogurt,yogurt,1,0,1,Q049::13
Part3/outputs/answers_qwen25_7b_prompt2.csv,answers_qwen25_7b_prompt2,Q049,Y,Foods,14,yogurt,yogurt,1,0,1,Q049::14
Part3/outputs/answers_qwen25_7b_prompt2.csv,answers_qwen25_7b_prompt2,Q049,Y,Foods,15,yogurt,yogurt,1,0,1,Q049::15
Part3/outputs/answers_qwen25_7b_prompt2.csv,answers_qwen25_7b_prompt2,Q049,Y,Foods,16,yogurt,yogurt,1,0,1,Q049::16
Part3/outputs/answers_qwen25_7b_prompt2.csv,answers_qwen25_7b_prompt2,Q049,Y,Foods,17,yogurt,yogurt,1,0,1,Q049::17
Part3/outputs/answers_qwen25_7b_prompt2.csv,answers_qwen25_7b_prompt2,Q049,Y,Foods,18,yogurt,yogurt,1,0,1,Q049::18
Part3/outputs/answers_qwen25_7b_prompt2.csv,answers_qwen25_7b_prompt2,Q049,Y,Foods,19,yogurt,yogurt,1,0,1,Q049::19
Part3/outputs/answers_qwen25_7b_prompt2.csv,answers_qwen25_7b_prompt2,Q050,Y,Things at a party,0,dance floor,dance floor,0,0,0,Q050::0
Part3/outputs/answers_qwen25_7b_prompt2.csv,answers_qwen25_7b_prompt2,Q050,Y,Things at a party,1,frozen yogurt,frozen yogurt,0,0,0,Q050::1
Part3/outputs/answers_qwen25_7b_prompt2.csv,answers_qwen25_7b_prompt2,Q050,Y,Things at a party,2,yacht party,yacht party,0,0,0,Q050::2
Part3/outputs/answers_qwen25_7b_prompt2.csv,answers_qwen25_7b_prompt2,Q050,Y,Things at a party,3,confetti machine,confetti machine,0,0,0,Q050::3
Part3/outputs/answers_qwen25_7b_prompt2.csv,answers_qwen25_7b_prompt2,Q050,Y,Things at a party,4,yacht party,yacht party,0,0,0,Q050::4
Part3/outputs/answers_qwen25_7b_prompt2.csv,answers_qwen25_7b_prompt2,Q050,Y,Things at a party,5,confetti,confetti,0,0,0,Q050::5
Part3/outputs/answers_qwen25_7b_prompt2.csv,answers_qwen25_7b_prompt2,Q050,Y,Things at a party,6,refreshing drink,refreshing drink,0,0,0,Q050::6
Part3/outputs/answers_qwen25_7b_prompt2.csv,answers_qwen25_7b_prompt2,Q050,Y,Things at a party,7,party hat,party hat,0,0,0,Q050::7
Part3/outputs/answers_qwen25_7b_prompt2.csv,answers_qwen25_7b_prompt2,Q050,Y,Things at a party,8,cake,cake,0,0,0,Q050::8
Part3/outputs/answers_qwen25_7b_prompt2.csv,answers_qwen25_7b_prompt2,Q050,Y,Things at a party,9,yacht party,yacht party,0,0,0,Q050::9
Part3/outputs/answers_qwen25_7b_prompt2.csv,answers_qwen25_7b_prompt2,Q050,Y,Things at a party,10,refreshing drink,refreshing drink,0,0,0,Q050::10
Part3/outputs/answers_qwen25_7b_prompt2.csv,answers_qwen25_7b_prompt2,Q050,Y,Things at a party,11,confetti gun,confetti gun,0,0,0,Q050::11
Part3/outputs/answers_qwen25_7b_prompt2.csv,answers_qwen25_7b_prompt2,Q050,Y,Things at a party,12,yacht party,yacht party,0,0,0,Q050::12
Part3/outputs/answers_qwen25_7b_prompt2.csv,answers_qwen25_7b_prompt2,Q050,Y,Things at a party,13,popcorn,popcorn,0,0,0,Q050::13
Part3/outputs/answers_qwen25_7b_prompt2.csv,answers_qwen25_7b_prompt2,Q050,Y,Things at a party,14,yacht party,yacht party,0,0,0,Q050::14
Part3/outputs/answers_qwen25_7b_prompt2.csv,answers_qwen25_7b_prompt2,Q050,Y,Things at a party,15,yacht party,yacht party,0,0,0,Q050::15
Part3/outputs/answers_qwen25_7b_prompt2.csv,answers_qwen25_7b_prompt2,Q050,Y,Things at a party,16,dance floor,dance floor,0,0,0,Q050::16
Part3/outputs/answers_qwen25_7b_prompt2.csv,answers_qwen25_7b_prompt2,Q050,Y,Things at a party,17,yacht party,yacht party,0,0,0,Q050::17
Part3/outputs/answers_qwen25_7b_prompt2.csv,answers_qwen25_7b_prompt2,Q050,Y,Things at a party,18,yacht party,yacht party,0,0,0,Q050::18
Part3/outputs/answers_qwen25_7b_prompt2.csv,answers_qwen25_7b_prompt2,Q050,Y,Things at a party,19,party hat,party hat,0,0,0,Q050::19
Part3/outputs/answers_qwen25_7b_prompt2.csv,answers_qwen25_7b_prompt2,Q051,Z,Animals,0,zorse,zorse,1,0,1,Q051::0
Part3/outputs/answers_qwen25_7b_prompt2.csv,answers_qwen25_7b_prompt2,Q051,Z,Animals,1,zebra,zebra,1,0,1,Q051::1
Part3/outputs/answers_qwen25_7b_prompt2.csv,answers_qwen25_7b_prompt2,Q051,Z,Animals,2,zebra,zebra,1,0,1,Q051::2
Part3/outputs/answers_qwen25_7b_prompt2.csv,answers_qwen25_7b_prompt2,Q051,Z,Animals,3,zorse,zorse,1,0,1,Q051::3
Part3/outputs/answers_qwen25_7b_prompt2.csv,answers_qwen25_7b_prompt2,Q051,Z,Animals,4,zebra,zebra,1,0,1,Q051::4
Part3/outputs/answers_qwen25_7b_prompt2.csv,answers_qwen25_7b_prompt2,Q051,Z,Animals,5,zebra,zebra,1,0,1,Q051::5
Part3/outputs/answers_qwen25_7b_prompt2.csv,answers_qwen25_7b_prompt2,Q051,Z,Animals,6,zebra,zebra,1,0,1,Q051::6
Part3/outputs/answers_qwen25_7b_prompt2.csv,answers_qwen25_7b_prompt2,Q051,Z,Animals,7,zebra,zebra,1,0,1,Q051::7
Part3/outputs/answers_qwen25_7b_prompt2.csv,answers_qwen25_7b_prompt2,Q051,Z,Animals,8,zoo keeper,zoo keeper,0,0,0,Q051::8
Part3/outputs/answers_qwen25_7b_prompt2.csv,answers_qwen25_7b_prompt2,Q051,Z,Animals,9,zorse,zorse,1,0,1,Q051::9
Part3/outputs/answers_qwen25_7b_prompt2.csv,answers_qwen25_7b_prompt2,Q051,Z,Animals,10,zebra,zebra,1,0,1,Q051::10
Part3/outputs/answers_qwen25_7b_prompt2.csv,answers_qwen25_7b_prompt2,Q051,Z,Animals,11,zorse,zorse,1,0,1,Q051::11
Part3/outputs/answers_qwen25_7b_prompt2.csv,answers_qwen25_7b_prompt2,Q051,Z,Animals,12,zebra,zebra,1,0,1,Q051::12
Part3/outputs/answers_qwen25_7b_prompt2.csv,answers_qwen25_7b_prompt2,Q051,Z,Animals,13,zorse,zorse,1,0,1,Q051::13
Part3/outputs/answers_qwen25_7b_prompt2.csv,answers_qwen25_7b_prompt2,Q051,Z,Animals,14,zorse,zorse,1,0,1,Q051::14
Part3/outputs/answers_qwen25_7b_prompt2.csv,answers_qwen25_7b_prompt2,Q051,Z,Animals,15,zebra,zebra,1,0,1,Q051::15
Part3/outputs/answers_qwen25_7b_prompt2.csv,answers_qwen25_7b_prompt2,Q051,Z,Animals,16,zoo eagle,zoo eagle,0,0,0,Q051::16
Part3/outputs/answers_qwen25_7b_prompt2.csv,answers_qwen25_7b_prompt2,Q051,Z,Animals,17,zebra,zebra,1,0,1,Q051::17
Part3/outputs/answers_qwen25_7b_prompt2.csv,answers_qwen25_7b_prompt2,Q051,Z,Animals,18,zoo,zoo,0,0,0,Q051::18
Part3/outputs/answers_qwen25_7b_prompt2.csv,answers_qwen25_7b_prompt2,Q051,Z,Animals,19,zebra,zebra,1,0,1,Q051::19
Part3/outputs/answers_qwen25_7b_prompt2.csv,answers_qwen25_7b_prompt2,Q052,Z,Things in a zoo,0,zebra,zebra,1,1,0,Q052::0
Part3/outputs/answers_qwen25_7b_prompt2.csv,answers_qwen25_7b_prompt2,Q052,Z,Things in a zoo,1,zebra,zebra,1,0,1,Q052::1
Part3/outputs/answers_qwen25_7b_prompt2.csv,answers_qwen25_7b_prompt2,Q052,Z,Things in a zoo,2,zookeeper,zookeeper,1,0,1,Q052::2
Part3/outputs/answers_qwen25_7b_prompt2.csv,answers_qwen25_7b_prompt2,Q052,Z,Things in a zoo,3,zebra,zebra,1,1,0,Q052::3
Part3/outputs/answers_qwen25_7b_prompt2.csv,answers_qwen25_7b_prompt2,Q052,Z,Things in a zoo,4,zebra,zebra,1,1,0,Q052::4
Part3/outputs/answers_qwen25_7b_prompt2.csv,answers_qwen25_7b_prompt2,Q052,Z,Things in a zoo,5,zebra,zebra,1,1,0,Q052::5
Part3/outputs/answers_qwen25_7b_prompt2.csv,answers_qwen25_7b_prompt2,Q052,Z,Things in a zoo,6,zebra,zebra,1,0,1,Q052::6
Part3/outputs/answers_qwen25_7b_prompt2.csv,answers_qwen25_7b_prompt2,Q052,Z,Things in a zoo,7,zebra,zebra,1,0,1,Q052::7
Part3/outputs/answers_qwen25_7b_prompt2.csv,answers_qwen25_7b_prompt2,Q052,Z,Things in a zoo,8,zebra,zebra,1,0,1,Q052::8
Part3/outputs/answers_qwen25_7b_prompt2.csv,answers_qwen25_7b_prompt2,Q052,Z,Things in a zoo,9,zookeeper,zookeeper,1,0,1,Q052::9
Part3/outputs/answers_qwen25_7b_prompt2.csv,answers_qwen25_7b_prompt2,Q052,Z,Things in a zoo,10,zebra,zebra,1,1,0,Q052::10
Part3/outputs/answers_qwen25_7b_prompt2.csv,answers_qwen25_7b_prompt2,Q052,Z,Things in a zoo,11,zebra,zebra,1,0,1,Q052::11
Part3/outputs/answers_qwen25_7b_prompt2.csv,answers_qwen25_7b_prompt2,Q052,Z,Things in a zoo,12,zebra,zebra,1,1,0,Q052::12
Part3/outputs/answers_qwen25_7b_prompt2.csv,answers_qwen25_7b_prompt2,Q052,Z,Things in a zoo,13,zebra enclosure,zebra enclosure,0,0,0,Q052::13
Part3/outputs/answers_qwen25_7b_prompt2.csv,answers_qwen25_7b_prompt2,Q052,Z,Things in a zoo,14,zebra,zebra,1,1,0,Q052::14
Part3/outputs/answers_qwen25_7b_prompt2.csv,answers_qwen25_7b_prompt2,Q052,Z,Things in a zoo,15,zebra,zebra,1,1,0,Q052::15
Part3/outputs/answers_qwen25_7b_prompt2.csv,answers_qwen25_7b_prompt2,Q052,Z,Things in a zoo,16,zebra,zebra,1,1,0,Q052::16
Part3/outputs/answers_qwen25_7b_prompt2.csv,answers_qwen25_7b_prompt2,Q052,Z,Things in a zoo,17,zebra,zebra,1,0,1,Q052::17
Part3/outputs/answers_qwen25_7b_prompt2.csv,answers_qwen25_7b_prompt2,Q052,Z,Things in a zoo,18,zookeeper,zookeeper,1,0,1,Q052::18
Part3/outputs/answers_qwen25_7b_prompt2.csv,answers_qwen25_7b_prompt2,Q052,Z,Things in a zoo,19,zebra zookeeper,zebra zookeeper,0,0,0,Q052::19
Part3/outputs/answers_qwen25_7b_prompt2.csv,answers_qwen25_7b_prompt2,Q053,A,Things in a kitchen,0,microwave,microwave,1,0,1,Q053::0
Part3/outputs/answers_qwen25_7b_prompt2.csv,answers_qwen25_7b_prompt2,Q053,A,Things in a kitchen,1,pancake,pancake,0,0,0,Q053::1
Part3/outputs/answers_qwen25_7b_prompt2.csv,answers_qwen25_7b_prompt2,Q053,A,Things in a kitchen,2,blender,blender,1,0,1,Q053::2
Part3/outputs/answers_qwen25_7b_prompt2.csv,answers_qwen25_7b_prompt2,Q053,A,Things in a kitchen,3,spatula,spatula,1,0,1,Q053::3
Part3/outputs/answers_qwen25_7b_prompt2.csv,answers_qwen25_7b_prompt2,Q053,A,Things in a kitchen,4,pancake,pancake,0,0,0,Q053::4
Part3/outputs/answers_qwen25_7b_prompt2.csv,answers_qwen25_7b_prompt2,Q053,A,Things in a kitchen,5,pancake,pancake,0,0,0,Q053::5
Part3/outputs/answers_qwen25_7b_prompt2.csv,answers_qwen25_7b_prompt2,Q053,A,Things in a kitchen,6,pancake,pancake,0,0,0,Q053::6
Part3/outputs/answers_qwen25_7b_prompt2.csv,answers_qwen25_7b_prompt2,Q053,A,Things in a kitchen,7,pancake,pancake,0,0,0,Q053::7
Part3/outputs/answers_qwen25_7b_prompt2.csv,answers_qwen25_7b_prompt2,Q053,A,Things in a kitchen,8,pancake,pancake,0,0,0,Q053::8
Part3/outputs/answers_qwen25_7b_prompt2.csv,answers_qwen25_7b_prompt2,Q053,A,Things in a kitchen,9,pancake mix,pancake mix,0,0,0,Q053::9
Part3/outputs/answers_qwen25_7b_prompt2.csv,answers_qwen25_7b_prompt2,Q053,A,Things in a kitchen,10,pancake,pancake,0,0,0,Q053::10
Part3/outputs/answers_qwen25_7b_prompt2.csv,answers_qwen25_7b_prompt2,Q053,A,Things in a kitchen,11,pancake,pancake,0,0,0,Q053::11
Part3/outputs/answers_qwen25_7b_prompt2.csv,answers_qwen25_7b_prompt2,Q053,A,Things in a kitchen,12,pancake,pancake,0,0,0,Q053::12
Part3/outputs/answers_qwen25_7b_prompt2.csv,answers_qwen25_7b_prompt2,Q053,A,Things in a kitchen,13,pancake mixer,pancake mixer,0,0,0,Q053::13
Part3/outputs/answers_qwen25_7b_prompt2.csv,answers_qwen25_7b_prompt2,Q053,A,Things in a kitchen,14,pancake mix,pancake mix,0,0,0,Q053::14
Part3/outputs/answers_qwen25_7b_prompt2.csv,answers_qwen25_7b_prompt2,Q053,A,Things in a kitchen,15,pancake,pancake,0,0,0,Q053::15
Part3/outputs/answers_qwen25_7b_prompt2.csv,answers_qwen25_7b_prompt2,Q053,A,Things in a kitchen,16,potato,potato,0,0,0,Q053::16
Part3/outputs/answers_qwen25_7b_prompt2.csv,answers_qwen25_7b_prompt2,Q053,A,Things in a kitchen,17,pancake,pancake,0,0,0,Q053::17
Part3/outputs/answers_qwen25_7b_prompt2.csv,answers_qwen25_7b_prompt2,Q053,A,Things in a kitchen,18,pancake,pancake,0,0,0,Q053::18
Part3/outputs/answers_qwen25_7b_prompt2.csv,answers_qwen25_7b_prompt2,Q053,A,Things in a kitchen,19,pancake mix,pancake mix,0,0,0,Q053::19
Part3/outputs/answers_qwen25_7b_prompt2.csv,answers_qwen25_7b_prompt2,Q054,B,Singers,0,brandy nightlife,brandy nightlife,0,0,0,Q054::0
Part3/outputs/answers_qwen25_7b_prompt2.csv,answers_qwen25_7b_prompt2,Q054,B,Singers,1,barbra streisand,barbra streisand,1,1,0,Q054::1
Part3/outputs/answers_qwen25_7b_prompt2.csv,answers_qwen25_7b_prompt2,Q054,B,Singers,2,brandy norris,brandy norris,0,0,0,Q054::2
Part3/outputs/answers_qwen25_7b_prompt2.csv,answers_qwen25_7b_prompt2,Q054,B,Singers,3,brandy norris,brandy norris,0,0,0,Q054::3
Part3/outputs/answers_qwen25_7b_prompt2.csv,answers_qwen25_7b_prompt2,Q054,B,Singers,4,brandy norris,brandy norris,0,0,0,Q054::4
Part3/outputs/answers_qwen25_7b_prompt2.csv,answers_qwen25_7b_prompt2,Q054,B,Singers,5,brandy norris,brandy norris,0,0,0,Q054::5
Part3/outputs/answers_qwen25_7b_prompt2.csv,answers_qwen25_7b_prompt2,Q054,B,Singers,6,brandy歌手,brandy,1,0,1,Q054::6
Part3/outputs/answers_qwen25_7b_prompt2.csv,answers_qwen25_7b_prompt2,Q054,B,Singers,7,backstreet boys,backstreet boys,1,0,1,Q054::7
Part3/outputs/answers_qwen25_7b_prompt2.csv,answers_qwen25_7b_prompt2,Q054,B,Singers,8,brandy singer,brandy singer,1,0,1,Q054::8
Part3/outputs/answers_qwen25_7b_prompt2.csv,answers_qwen25_7b_prompt2,Q054,B,Singers,9,barry manilow,barry manilow,1,0,1,Q054::9
Part3/outputs/answers_qwen25_7b_prompt2.csv,answers_qwen25_7b_prompt2,Q054,B,Singers,10,brandy歌手,brandy,1,0,1,Q054::10
Part3/outputs/answers_qwen25_7b_prompt2.csv,answers_qwen25_7b_prompt2,Q054,B,Singers,11,bob dylan,bob dylan,1,0,1,Q054::11
Part3/outputs/answers_qwen25_7b_prompt2.csv,answers_qwen25_7b_prompt2,Q054,B,Singers,12,brandy sungate,brandy sungate,0,0,0,Q054::12
Part3/outputs/answers_qwen25_7b_prompt2.csv,answers_qwen25_7b_prompt2,Q054,B,Singers,13,bryan adams,bryan adams,1,0,1,Q054::13
Part3/outputs/answers_qwen25_7b_prompt2.csv,answers_qwen25_7b_prompt2,Q054,B,Singers,14,barbra streisand,barbra streisand,1,0,1,Q054::14
Part3/outputs/answers_qwen25_7b_prompt2.csv,answers_qwen25_7b_prompt2,Q054,B,Singers,15,brandy norris,brandy norris,0,0,0,Q054::15
Part3/outputs/answers_qwen25_7b_prompt2.csv,answers_qwen25_7b_prompt2,Q054,B,Singers,16,beyoncé,beyonc,0,0,0,Q054::16
Part3/outputs/answers_qwen25_7b_prompt2.csv,answers_qwen25_7b_prompt2,Q054,B,Singers,17,backstreet boys,backstreet boys,1,0,1,Q054::17
Part3/outputs/answers_qwen25_7b_prompt2.csv,answers_qwen25_7b_prompt2,Q054,B,Singers,18,backstreet boys,backstreet boys,1,0,1,Q054::18
Part3/outputs/answers_qwen25_7b_prompt2.csv,answers_qwen25_7b_prompt2,Q054,B,Singers,19,britney spears,britney spears,1,0,1,Q054::19
Part3/outputs/answers_qwen25_7b_prompt2.csv,answers_qwen25_7b_prompt2,Q055,C,Desserts,0,churros,churros,1,0,1,Q055::0
Part3/outputs/answers_qwen25_7b_prompt2.csv,answers_qwen25_7b_prompt2,Q055,C,Desserts,1,chiffon cake,chiffon cake,1,0,1,Q055::1
Part3/outputs/answers_qwen25_7b_prompt2.csv,answers_qwen25_7b_prompt2,Q055,C,Desserts,2,chocolate cake,chocolate cake,1,0,1,Q055::2
Part3/outputs/answers_qwen25_7b_prompt2.csv,answers_qwen25_7b_prompt2,Q055,C,Desserts,3,churros,churros,1,0,1,Q055::3
Part3/outputs/answers_qwen25_7b_prompt2.csv,answers_qwen25_7b_prompt2,Q055,C,Desserts,4,churros,churros,1,0,1,Q055::4
Part3/outputs/answers_qwen25_7b_prompt2.csv,answers_qwen25_7b_prompt2,Q055,C,Desserts,5,chiffon cake,chiffon cake,1,0,1,Q055::5
Part3/outputs/answers_qwen25_7b_prompt2.csv,answers_qwen25_7b_prompt2,Q055,C,Desserts,6,churros,churros,1,0,1,Q055::6
Part3/outputs/answers_qwen25_7b_prompt2.csv,answers_qwen25_7b_prompt2,Q055,C,Desserts,7,chocolate cake,chocolate cake,1,0,1,Q055::7
Part3/outputs/answers_qwen25_7b_prompt2.csv,answers_qwen25_7b_prompt2,Q055,C,Desserts,8,churros,churros,1,0,1,Q055::8
Part3/outputs/answers_qwen25_7b_prompt2.csv,answers_qwen25_7b_prompt2,Q055,C,Desserts,9,chiffon cake,chiffon cake,1,0,1,Q055::9
Part3/outputs/answers_qwen25_7b_prompt2.csv,answers_qwen25_7b_prompt2,Q055,C,Desserts,10,churro,churro,1,0,1,Q055::10
Part3/outputs/answers_qwen25_7b_prompt2.csv,answers_qwen25_7b_prompt2,Q055,C,Desserts,11,churros,churros,1,0,1,Q055::11
Part3/outputs/answers_qwen25_7b_prompt2.csv,answers_qwen25_7b_prompt2,Q055,C,Desserts,12,chocolate cake,chocolate cake,1,0,1,Q055::12
Part3/outputs/answers_qwen25_7b_prompt2.csv,answers_qwen25_7b_prompt2,Q055,C,Desserts,13,chocolate cake,chocolate cake,1,1,0,Q055::13
Part3/outputs/answers_qwen25_7b_prompt2.csv,answers_qwen25_7b_prompt2,Q055,C,Desserts,14,churros,churros,1,0,1,Q055::14
Part3/outputs/answers_qwen25_7b_prompt2.csv,answers_qwen25_7b_prompt2,Q055,C,Desserts,15,churros,churros,1,0,1,Q055::15
Part3/outputs/answers_qwen25_7b_prompt2.csv,answers_qwen25_7b_prompt2,Q055,C,Desserts,16,churros,churros,1,0,1,Q055::16
Part3/outputs/answers_qwen25_7b_prompt2.csv,answers_qwen25_7b_prompt2,Q055,C,Desserts,17,chocolate cake,chocolate cake,1,0,1,Q055::17
Part3/outputs/answers_qwen25_7b_prompt2.csv,answers_qwen25_7b_prompt2,Q055,C,Desserts,18,chiffon cake,chiffon cake,1,0,1,Q055::18
Part3/outputs/answers_qwen25_7b_prompt2.csv,answers_qwen25_7b_prompt2,Q055,C,Desserts,19,chocolate cake,chocolate cake,1,0,1,Q055::19
Part3/outputs/answers_qwen25_7b_prompt2.csv,answers_qwen25_7b_prompt2,Q056,D,Plants,0,dahlia,dahlia,1,0,1,Q056::0
Part3/outputs/answers_qwen25_7b_prompt2.csv,answers_qwen25_7b_prompt2,Q056,D,Plants,1,daisy,daisy,1,0,1,Q056::1
Part3/outputs/answers_qwen25_7b_prompt2.csv,answers_qwen25_7b_prompt2,Q056,D,Plants,2,dahlia,dahlia,1,0,1,Q056::2
Part3/outputs/answers_qwen25_7b_prompt2.csv,answers_qwen25_7b_prompt2,Q056,D,Plants,3,daisy,daisy,1,0,1,Q056::3
Part3/outputs/answers_qwen25_7b_prompt2.csv,answers_qwen25_7b_prompt2,Q056,D,Plants,4,daisy,daisy,1,0,1,Q056::4
Part3/outputs/answers_qwen25_7b_prompt2.csv,answers_qwen25_7b_prompt2,Q056,D,Plants,5,daisy,daisy,1,0,1,Q056::5
Part3/outputs/answers_qwen25_7b_prompt2.csv,answers_qwen25_7b_prompt2,Q056,D,Plants,6,dahlia,dahlia,1,0,1,Q056::6
Part3/outputs/answers_qwen25_7b_prompt2.csv,answers_qwen25_7b_prompt2,Q056,D,Plants,7,orchid,orchid,0,0,0,Q056::7
Part3/outputs/answers_qwen25_7b_prompt2.csv,answers_qwen25_7b_prompt2,Q056,D,Plants,8,dahlia,dahlia,1,0,1,Q056::8
Part3/outputs/answers_qwen25_7b_prompt2.csv,answers_qwen25_7b_prompt2,Q056,D,Plants,9,dahlia,dahlia,1,0,1,Q056::9
Part3/outputs/answers_qwen25_7b_prompt2.csv,answers_qwen25_7b_prompt2,Q056,D,Plants,10,dahlia,dahlia,1,0,1,Q056::10
Part3/outputs/answers_qwen25_7b_prompt2.csv,answers_qwen25_7b_prompt2,Q056,D,Plants,11,dahlia,dahlia,1,0,1,Q056::11
Part3/outputs/answers_qwen25_7b_prompt2.csv,answers_qwen25_7b_prompt2,Q056,D,Plants,12,dahlia,dahlia,1,0,1,Q056::12
Part3/outputs/answers_qwen25_7b_prompt2.csv,answers_qwen25_7b_prompt2,Q056,D,Plants,13,dahlia,dahlia,1,0,1,Q056::13
Part3/outputs/answers_qwen25_7b_prompt2.csv,answers_qwen25_7b_prompt2,Q056,D,Plants,14,daisy,daisy,1,0,1,Q056::14
Part3/outputs/answers_qwen25_7b_prompt2.csv,answers_qwen25_7b_prompt2,Q056,D,Plants,15,daisy,daisy,1,0,1,Q056::15
Part3/outputs/answers_qwen25_7b_prompt2.csv,answers_qwen25_7b_prompt2,Q056,D,Plants,16,daisy,daisy,1,0,1,Q056::16
Part3/outputs/answers_qwen25_7b_prompt2.csv,answers_qwen25_7b_prompt2,Q056,D,Plants,17,dahlia,dahlia,1,0,1,Q056::17
Part3/outputs/answers_qwen25_7b_prompt2.csv,answers_qwen25_7b_prompt2,Q056,D,Plants,18,dandelion,dandelion,1,1,0,Q056::18
Part3/outputs/answers_qwen25_7b_prompt2.csv,answers_qwen25_7b_prompt2,Q056,D,Plants,19,dahlia,dahlia,1,0,1,Q056::19
Part3/outputs/answers_qwen25_7b_prompt2.csv,answers_qwen25_7b_prompt2,Q057,E,Companies,0,ebay,ebay,1,0,1,Q057::0
Part3/outputs/answers_qwen25_7b_prompt2.csv,answers_qwen25_7b_prompt2,Q057,E,Companies,1,ebay,ebay,1,1,0,Q057::1
Part3/outputs/answers_qwen25_7b_prompt2.csv,answers_qwen25_7b_prompt2,Q057,E,Companies,2,ebay,ebay,1,0,1,Q057::2
Part3/outputs/answers_qwen25_7b_prompt2.csv,answers_qwen25_7b_prompt2,Q057,E,Companies,3,ebay,ebay,1,0,1,Q057::3
Part3/outputs/answers_qwen25_7b_prompt2.csv,answers_qwen25_7b_prompt2,Q057,E,Companies,4,ebay,ebay,1,1,0,Q057::4
Part3/outputs/answers_qwen25_7b_prompt2.csv,answers_qwen25_7b_prompt2,Q057,E,Companies,5,eBay,ebay,1,0,1,Q057::5
Part3/outputs/answers_qwen25_7b_prompt2.csv,answers_qwen25_7b_prompt2,Q057,E,Companies,6,ebay,ebay,1,1,0,Q057::6
Part3/outputs/answers_qwen25_7b_prompt2.csv,answers_qwen25_7b_prompt2,Q057,E,Companies,7,ebay,ebay,1,0,1,Q057::7
Part3/outputs/answers_qwen25_7b_prompt2.csv,answers_qwen25_7b_prompt2,Q057,E,Companies,8,eastman kobalt,eastman kobalt,0,0,0,Q057::8
Part3/outputs/answers_qwen25_7b_prompt2.csv,answers_qwen25_7b_prompt2,Q057,E,Companies,9,eastman kodak,eastman kodak,0,0,0,Q057::9
Part3/outputs/answers_qwen25_7b_prompt2.csv,answers_qwen25_7b_prompt2,Q057,E,Companies,10,eurostar,eurostar,1,0,1,Q057::10
Part3/outputs/answers_qwen25_7b_prompt2.csv,answers_qwen25_7b_prompt2,Q057,E,Companies,11,ebay,ebay,1,1,0,Q057::11
Part3/outputs/answers_qwen25_7b_prompt2.csv,answers_qwen25_7b_prompt2,Q057,E,Companies,12,ebay,ebay,1,1,0,Q057::12
Part3/outputs/answers_qwen25_7b_prompt2.csv,answers_qwen25_7b_prompt2,Q057,E,Companies,13,e-bay,e-bay,1,0,1,Q057::13
Part3/outputs/answers_qwen25_7b_prompt2.csv,answers_qwen25_7b_prompt2,Q057,E,Companies,14,ebay,ebay,1,1,0,Q057::14
Part3/outputs/answers_qwen25_7b_prompt2.csv,answers_qwen25_7b_prompt2,Q057,E,Companies,15,e bay,e bay,1,0,1,Q057::15
Part3/outputs/answers_qwen25_7b_prompt2.csv,answers_qwen25_7b_prompt2,Q057,E,Companies,16,eBay,ebay,1,0,1,Q057::16
Part3/outputs/answers_qwen25_7b_prompt2.csv,answers_qwen25_7b_prompt2,Q057,E,Companies,17,eBay,ebay,1,1,0,Q057::17
Part3/outputs/answers_qwen25_7b_prompt2.csv,answers_qwen25_7b_prompt2,Q057,E,Companies,18,ebay,ebay,1,1,0,Q057::18
Part3/outputs/answers_qwen25_7b_prompt2.csv,answers_qwen25_7b_prompt2,Q057,E,Companies,19,ebay,ebay,1,0,1,Q057::19
Part3/outputs/answers_qwen25_7b_prompt2.csv,answers_qwen25_7b_prompt2,Q058,F,Movie characters,0,fred flintstone,fred flintstone,1,0,1,Q058::0
Part3/outputs/answers_qwen25_7b_prompt2.csv,answers_qwen25_7b_prompt2,Q058,F,Movie characters,1,forrest gump,forrest gump,1,0,1,Q058::1
Part3/outputs/answers_qwen25_7b_prompt2.csv,answers_qwen25_7b_prompt2,Q058,F,Movie characters,2,fred flintstone,fred flintstone,1,0,1,Q058::2
Part3/outputs/answers_qwen25_7b_prompt2.csv,answers_qwen25_7b_prompt2,Q058,F,Movie characters,3,fred flintstone,fred flintstone,1,0,1,Q058::3
Part3/outputs/answers_qwen25_7b_prompt2.csv,answers_qwen25_7b_prompt2,Q058,F,Movie characters,4,forrest gump,forrest gump,1,0,1,Q058::4
Part3/outputs/answers_qwen25_7b_prompt2.csv,answers_qwen25_7b_prompt2,Q058,F,Movie characters,5,fred flintstone,fred flintstone,1,0,1,Q058::5
Part3/outputs/answers_qwen25_7b_prompt2.csv,answers_qwen25_7b_prompt2,Q058,F,Movie characters,6,fred flintstone,fred flintstone,1,0,1,Q058::6
Part3/outputs/answers_qwen25_7b_prompt2.csv,answers_qwen25_7b_prompt2,Q058,F,Movie characters,7,frodo baggins,frodo baggins,1,0,1,Q058::7
Part3/outputs/answers_qwen25_7b_prompt2.csv,answers_qwen25_7b_prompt2,Q058,F,Movie characters,8,fred flintstone,fred flintstone,1,0,1,Q058::8
Part3/outputs/answers_qwen25_7b_prompt2.csv,answers_qwen25_7b_prompt2,Q058,F,Movie characters,9,fred flintstone,fred flintstone,1,0,1,Q058::9
Part3/outputs/answers_qwen25_7b_prompt2.csv,answers_qwen25_7b_prompt2,Q058,F,Movie characters,10,frodo baggins,frodo baggins,1,0,1,Q058::10
Part3/outputs/answers_qwen25_7b_prompt2.csv,answers_qwen25_7b_prompt2,Q058,F,Movie characters,11,frodo baggins,frodo baggins,1,0,1,Q058::11
Part3/outputs/answers_qwen25_7b_prompt2.csv,answers_qwen25_7b_prompt2,Q058,F,Movie characters,12,fred flintstone,fred flintstone,1,0,1,Q058::12
Part3/outputs/answers_qwen25_7b_prompt2.csv,answers_qwen25_7b_prompt2,Q058,F,Movie characters,13,fry from sponge bob squarepants,fry from sponge bob squarepants,0,0,0,Q058::13
Part3/outputs/answers_qwen25_7b_prompt2.csv,answers_qwen25_7b_prompt2,Q058,F,Movie characters,14,forrest gump,forrest gump,1,0,1,Q058::14
Part3/outputs/answers_qwen25_7b_prompt2.csv,answers_qwen25_7b_prompt2,Q058,F,Movie characters,15,forrest gump,forrest gump,1,0,1,Q058::15
Part3/outputs/answers_qwen25_7b_prompt2.csv,answers_qwen25_7b_prompt2,Q058,F,Movie characters,16,fred flintstone,fred flintstone,1,0,1,Q058::16
Part3/outputs/answers_qwen25_7b_prompt2.csv,answers_qwen25_7b_prompt2,Q058,F,Movie characters,17,frodo baggins,frodo baggins,1,0,1,Q058::17
Part3/outputs/answers_qwen25_7b_prompt2.csv,answers_qwen25_7b_prompt2,Q058,F,Movie characters,18,friday hustler,friday hustler,0,0,0,Q058::18
Part3/outputs/answers_qwen25_7b_prompt2.csv,answers_qwen25_7b_prompt2,Q058,F,Movie characters,19,fred flintstone,fred flintstone,1,0,1,Q058::19
Part3/outputs/answers_qwen25_7b_prompt2.csv,answers_qwen25_7b_prompt2,Q059,G,Things in a toolbox,0,hammer,hammer,1,0,1,Q059::0
Part3/outputs/answers_qwen25_7b_prompt2.csv,answers_qwen25_7b_prompt2,Q059,G,Things in a toolbox,1,hammer gun,hammer gun,0,0,0,Q059::1
Part3/outputs/answers_qwen25_7b_prompt2.csv,answers_qwen25_7b_prompt2,Q059,G,Things in a toolbox,2,hammer,hammer,1,0,1,Q059::2
Part3/outputs/answers_qwen25_7b_prompt2.csv,answers_qwen25_7b_prompt2,Q059,G,Things in a toolbox,3,hammer,hammer,1,0,1,Q059::3
Part3/outputs/answers_qwen25_7b_prompt2.csv,answers_qwen25_7b_prompt2,Q059,G,Things in a toolbox,4,hammer,hammer,1,0,1,Q059::4
Part3/outputs/answers_qwen25_7b_prompt2.csv,answers_qwen25_7b_prompt2,Q059,G,Things in a toolbox,5,hammer,hammer,1,0,1,Q059::5
Part3/outputs/answers_qwen25_7b_prompt2.csv,answers_qwen25_7b_prompt2,Q059,G,Things in a toolbox,6,hammer,hammer,1,0,1,Q059::6
Part3/outputs/answers_qwen25_7b_prompt2.csv,answers_qwen25_7b_prompt2,Q059,G,Things in a toolbox,7,hammer,hammer,1,0,1,Q059::7
Part3/outputs/answers_qwen25_7b_prompt2.csv,answers_qwen25_7b_prompt2,Q059,G,Things in a toolbox,8,hammer,hammer,1,0,1,Q059::8
Part3/outputs/answers_qwen25_7b_prompt2.csv,answers_qwen25_7b_prompt2,Q059,G,Things in a toolbox,9,hammer,hammer,1,0,1,Q059::9
Part3/outputs/answers_qwen25_7b_prompt2.csv,answers_qwen25_7b_prompt2,Q059,G,Things in a toolbox,10,hammer,hammer,1,0,1,Q059::10
Part3/outputs/answers_qwen25_7b_prompt2.csv,answers_qwen25_7b_prompt2,Q059,G,Things in a toolbox,11,hammer gun,hammer gun,0,0,0,Q059::11
Part3/outputs/answers_qwen25_7b_prompt2.csv,answers_qwen25_7b_prompt2,Q059,G,Things in a toolbox,12,hammer,hammer,1,0,1,Q059::12
Part3/outputs/answers_qwen25_7b_prompt2.csv,answers_qwen25_7b_prompt2,Q059,G,Things in a toolbox,13,hammer,hammer,1,0,1,Q059::13
Part3/outputs/answers_qwen25_7b_prompt2.csv,answers_qwen25_7b_prompt2,Q059,G,Things in a toolbox,14,hammer,hammer,1,0,1,Q059::14
Part3/outputs/answers_qwen25_7b_prompt2.csv,answers_qwen25_7b_prompt2,Q059,G,Things in a toolbox,15,hammer,hammer,1,0,1,Q059::15
Part3/outputs/answers_qwen25_7b_prompt2.csv,answers_qwen25_7b_prompt2,Q059,G,Things in a toolbox,16,hammer,hammer,1,0,1,Q059::16
Part3/outputs/answers_qwen25_7b_prompt2.csv,answers_qwen25_7b_prompt2,Q059,G,Things in a toolbox,17,hammer,hammer,1,0,1,Q059::17
Part3/outputs/answers_qwen25_7b_prompt2.csv,answers_qwen25_7b_prompt2,Q059,G,Things in a toolbox,18,hammer,hammer,1,0,1,Q059::18
Part3/outputs/answers_qwen25_7b_prompt2.csv,answers_qwen25_7b_prompt2,Q059,G,Things in a toolbox,19,hammer,hammer,1,0,1,Q059::19
Part3/outputs/answers_qwen25_7b_prompt2.csv,answers_qwen25_7b_prompt2,Q060,H,Countries,0,hungary,hungary,1,0,1,Q060::0
Part3/outputs/answers_qwen25_7b_prompt2.csv,answers_qwen25_7b_prompt2,Q060,H,Countries,1,hungary,hungary,1,0,1,Q060::1
Part3/outputs/answers_qwen25_7b_prompt2.csv,answers_qwen25_7b_prompt2,Q060,H,Countries,2,honduras,honduras,1,0,1,Q060::2
Part3/outputs/answers_qwen25_7b_prompt2.csv,answers_qwen25_7b_prompt2,Q060,H,Countries,3,honduras,honduras,1,0,1,Q060::3
Part3/outputs/answers_qwen25_7b_prompt2.csv,answers_qwen25_7b_prompt2,Q060,H,Countries,4,hong kong,hong kong,0,0,0,Q060::4
Part3/outputs/answers_qwen25_7b_prompt2.csv,answers_qwen25_7b_prompt2,Q060,H,Countries,5,haiti,haiti,1,0,1,Q060::5
Part3/outputs/answers_qwen25_7b_prompt2.csv,answers_qwen25_7b_prompt2,Q060,H,Countries,6,honduras,honduras,1,0,1,Q060::6
Part3/outputs/answers_qwen25_7b_prompt2.csv,answers_qwen25_7b_prompt2,Q060,H,Countries,7,hungary,hungary,1,0,1,Q060::7
Part3/outputs/answers_qwen25_7b_prompt2.csv,answers_qwen25_7b_prompt2,Q060,H,Countries,8,haiti,haiti,1,0,1,Q060::8
Part3/outputs/answers_qwen25_7b_prompt2.csv,answers_qwen25_7b_prompt2,Q060,H,Countries,9,hungary,hungary,1,0,1,Q060::9
Part3/outputs/answers_qwen25_7b_prompt2.csv,answers_qwen25_7b_prompt2,Q060,H,Countries,10,hong kong,hong kong,0,0,0,Q060::10
Part3/outputs/answers_qwen25_7b_prompt2.csv,answers_qwen25_7b_prompt2,Q060,H,Countries,11,hungary,hungary,1,0,1,Q060::11
Part3/outputs/answers_qwen25_7b_prompt2.csv,answers_qwen25_7b_prompt2,Q060,H,Countries,12,hungary,hungary,1,0,1,Q060::12
Part3/outputs/answers_qwen25_7b_prompt2.csv,answers_qwen25_7b_prompt2,Q060,H,Countries,13,hungary,hungary,1,0,1,Q060::13
Part3/outputs/answers_qwen25_7b_prompt2.csv,answers_qwen25_7b_prompt2,Q060,H,Countries,14,honduras,honduras,1,0,1,Q060::14
Part3/outputs/answers_qwen25_7b_prompt2.csv,answers_qwen25_7b_prompt2,Q060,H,Countries,15,hungary,hungary,1,0,1,Q060::15
Part3/outputs/answers_qwen25_7b_prompt2.csv,answers_qwen25_7b_prompt2,Q060,H,Countries,16,hong kong,hong kong,0,0,0,Q060::16
Part3/outputs/answers_qwen25_7b_prompt2.csv,answers_qwen25_7b_prompt2,Q060,H,Countries,17,haiti,haiti,1,0,1,Q060::17
Part3/outputs/answers_qwen25_7b_prompt2.csv,answers_qwen25_7b_prompt2,Q060,H,Countries,18,haiti,haiti,1,0,1,Q060::18
Part3/outputs/answers_qwen25_7b_prompt2.csv,answers_qwen25_7b_prompt2,Q060,H,Countries,19,hong kong,hong kong,0,0,0,Q060::19
Part3/outputs/answers_qwen25_7b_prompt2.csv,answers_qwen25_7b_prompt2,Q061,I,Musical artists,0,ironic isolettes,ironic isolettes,0,0,0,Q061::0
Part3/outputs/answers_qwen25_7b_prompt2.csv,answers_qwen25_7b_prompt2,Q061,I,Musical artists,1,ironic iggy,ironic iggy,0,0,0,Q061::1
Part3/outputs/answers_qwen25_7b_prompt2.csv,answers_qwen25_7b_prompt2,Q061,I,Musical artists,2,ironic iceage,ironic iceage,0,0,0,Q061::2
Part3/outputs/answers_qwen25_7b_prompt2.csv,answers_qwen25_7b_prompt2,Q061,I,Musical artists,3,ironic iggy,ironic iggy,0,0,0,Q061::3
Part3/outputs/answers_qwen25_7b_prompt2.csv,answers_qwen25_7b_prompt2,Q061,I,Musical artists,4,ironic iggy,ironic iggy,0,0,0,Q061::4
Part3/outputs/answers_qwen25_7b_prompt2.csv,answers_qwen25_7b_prompt2,Q061,I,Musical artists,5,ironic beans,ironic beans,0,0,0,Q061::5
Part3/outputs/answers_qwen25_7b_prompt2.csv,answers_qwen25_7b_prompt2,Q061,I,Musical artists,6,ironic alice cooper,ironic alice cooper,0,0,0,Q061::6
Part3/outputs/answers_qwen25_7b_prompt2.csv,answers_qwen25_7b_prompt2,Q061,I,Musical artists,7,ironic isolette,ironic isolette,0,0,0,Q061::7
Part3/outputs/answers_qwen25_7b_prompt2.csv,answers_qwen25_7b_prompt2,Q061,I,Musical artists,8,iron maiden,iron maiden,1,0,1,Q061::8
Part3/outputs/answers_qwen25_7b_prompt2.csv,answers_qwen25_7b_prompt2,Q061,I,Musical artists,9,ina gonzales,ina gonzales,0,0,0,Q061::9
Part3/outputs/answers_qwen25_7b_prompt2.csv,answers_qwen25_7b_prompt2,Q061,I,Musical artists,10,ironic istQBIC,ironic istqbic,0,0,0,Q061::10
Part3/outputs/answers_qwen25_7b_prompt2.csv,answers_qwen25_7b_prompt2,Q061,I,Musical artists,11,ironic brothers,ironic brothers,0,0,0,Q061::11
Part3/outputs/answers_qwen25_7b_prompt2.csv,answers_qwen25_7b_prompt2,Q061,I,Musical artists,12,iron maiden,iron maiden,1,0,1,Q061::12
Part3/outputs/answers_qwen25_7b_prompt2.csv,answers_qwen25_7b_prompt2,Q061,I,Musical artists,13,ironic isovoices,ironic isovoices,0,0,0,Q061::13
Part3/outputs/answers_qwen25_7b_prompt2.csv,answers_qwen25_7b_prompt2,Q061,I,Musical artists,14,ironic iggy,ironic iggy,0,0,0,Q061::14
Part3/outputs/answers_qwen25_7b_prompt2.csv,answers_qwen25_7b_prompt2,Q061,I,Musical artists,15,ironic beans,ironic beans,0,0,0,Q061::15
Part3/outputs/answers_qwen25_7b_prompt2.csv,answers_qwen25_7b_prompt2,Q061,I,Musical artists,16,iron maiden,iron maiden,1,0,1,Q061::16
Part3/outputs/answers_qwen25_7b_prompt2.csv,answers_qwen25_7b_prompt2,Q061,I,Musical artists,17,iron maiden,iron maiden,1,0,1,Q061::17
Part3/outputs/answers_qwen25_7b_prompt2.csv,answers_qwen25_7b_prompt2,Q061,I,Musical artists,18,iron maiden,iron maiden,1,0,1,Q061::18
Part3/outputs/answers_qwen25_7b_prompt2.csv,answers_qwen25_7b_prompt2,Q061,I,Musical artists,19,ironic iggy,ironic iggy,0,0,0,Q061::19
Part3/outputs/answers_qwen25_7b_prompt2.csv,answers_qwen25_7b_prompt2,Q062,J,Things in a refrigerator,0,jam jars,jam jars,1,0,1,Q062::0
Part3/outputs/answers_qwen25_7b_prompt2.csv,answers_qwen25_7b_prompt2,Q062,J,Things in a refrigerator,1,juice,juice,1,0,1,Q062::1
Part3/outputs/answers_qwen25_7b_prompt2.csv,answers_qwen25_7b_prompt2,Q062,J,Things in a refrigerator,2,juice,juice,1,0,1,Q062::2
Part3/outputs/answers_qwen25_7b_prompt2.csv,answers_qwen25_7b_prompt2,Q062,J,Things in a refrigerator,3,juice,juice,1,0,1,Q062::3
Part3/outputs/answers_qwen25_7b_prompt2.csv,answers_qwen25_7b_prompt2,Q062,J,Things in a refrigerator,4,jam,jam,1,0,1,Q062::4
Part3/outputs/answers_qwen25_7b_prompt2.csv,answers_qwen25_7b_prompt2,Q062,J,Things in a refrigerator,5,juice,juice,1,0,1,Q062::5
Part3/outputs/answers_qwen25_7b_prompt2.csv,answers_qwen25_7b_prompt2,Q062,J,Things in a refrigerator,6,juice,juice,1,0,1,Q062::6
Part3/outputs/answers_qwen25_7b_prompt2.csv,answers_qwen25_7b_prompt2,Q062,J,Things in a refrigerator,7,jam,jam,1,0,1,Q062::7
Part3/outputs/answers_qwen25_7b_prompt2.csv,answers_qwen25_7b_prompt2,Q062,J,Things in a refrigerator,8,juice,juice,1,0,1,Q062::8
Part3/outputs/answers_qwen25_7b_prompt2.csv,answers_qwen25_7b_prompt2,Q062,J,Things in a refrigerator,9,jam,jam,1,0,1,Q062::9
Part3/outputs/answers_qwen25_7b_prompt2.csv,answers_qwen25_7b_prompt2,Q062,J,Things in a refrigerator,10,juice,juice,1,0,1,Q062::10
Part3/outputs/answers_qwen25_7b_prompt2.csv,answers_qwen25_7b_prompt2,Q062,J,Things in a refrigerator,11,jam,jam,1,0,1,Q062::11
Part3/outputs/answers_qwen25_7b_prompt2.csv,answers_qwen25_7b_prompt2,Q062,J,Things in a refrigerator,12,jam,jam,1,0,1,Q062::12
Part3/outputs/answers_qwen25_7b_prompt2.csv,answers_qwen25_7b_prompt2,Q062,J,Things in a refrigerator,13,jam jars,jam jars,1,0,1,Q062::13
Part3/outputs/answers_qwen25_7b_prompt2.csv,answers_qwen25_7b_prompt2,Q062,J,Things in a refrigerator,14,juice,juice,1,0,1,Q062::14
Part3/outputs/answers_qwen25_7b_prompt2.csv,answers_qwen25_7b_prompt2,Q062,J,Things in a refrigerator,15,juice,juice,1,0,1,Q062::15
Part3/outputs/answers_qwen25_7b_prompt2.csv,answers_qwen25_7b_prompt2,Q062,J,Things in a refrigerator,16,juice,juice,1,0,1,Q062::16
Part3/outputs/answers_qwen25_7b_prompt2.csv,answers_qwen25_7b_prompt2,Q062,J,Things in a refrigerator,17,juice,juice,1,0,1,Q062::17
Part3/outputs/answers_qwen25_7b_prompt2.csv,answers_qwen25_7b_prompt2,Q062,J,Things in a refrigerator,18,jam,jam,1,0,1,Q062::18
Part3/outputs/answers_qwen25_7b_prompt2.csv,answers_qwen25_7b_prompt2,Q062,J,Things in a refrigerator,19,juice,juice,1,0,1,Q062::19
Part3/outputs/answers_qwen25_7b_prompt2.csv,answers_qwen25_7b_prompt2,Q063,K,Cities,0,kirovograd,kirovograd,1,0,1,Q063::0
Part3/outputs/answers_qwen25_7b_prompt2.csv,answers_qwen25_7b_prompt2,Q063,K,Cities,1,knoxville,knoxville,1,0,1,Q063::1
Part3/outputs/answers_qwen25_7b_prompt2.csv,answers_qwen25_7b_prompt2,Q063,K,Cities,2,knoxville,knoxville,1,0,1,Q063::2
Part3/outputs/answers_qwen25_7b_prompt2.csv,answers_qwen25_7b_prompt2,Q063,K,Cities,3,kitchener,kitchener,1,0,1,Q063::3
Part3/outputs/answers_qwen25_7b_prompt2.csv,answers_qwen25_7b_prompt2,Q063,K,Cities,4,kayakingkelowna,kayakingkelowna,0,0,0,Q063::4
Part3/outputs/answers_qwen25_7b_prompt2.csv,answers_qwen25_7b_prompt2,Q063,K,Cities,5,kitchener,kitchener,1,0,1,Q063::5
Part3/outputs/answers_qwen25_7b_prompt2.csv,answers_qwen25_7b_prompt2,Q063,K,Cities,6,knoxville,knoxville,1,0,1,Q063::6
Part3/outputs/answers_qwen25_7b_prompt2.csv,answers_qwen25_7b_prompt2,Q063,K,Cities,7,knoxville,knoxville,1,0,1,Q063::7
Part3/outputs/answers_qwen25_7b_prompt2.csv,answers_qwen25_7b_prompt2,Q063,K,Cities,8,kansas city,kansas city,1,0,1,Q063::8
Part3/outputs/answers_qwen25_7b_prompt2.csv,answers_qwen25_7b_prompt2,Q063,K,Cities,9,kuala lumpur,kuala lumpur,1,0,1,Q063::9
Part3/outputs/answers_qwen25_7b_prompt2.csv,answers_qwen25_7b_prompt2,Q063,K,Cities,10,knoxville,knoxville,1,0,1,Q063::10
Part3/outputs/answers_qwen25_7b_prompt2.csv,answers_qwen25_7b_prompt2,Q063,K,Cities,11,knoxville,knoxville,1,0,1,Q063::11
Part3/outputs/answers_qwen25_7b_prompt2.csv,answers_qwen25_7b_prompt2,Q063,K,Cities,12,knoxville,knoxville,1,0,1,Q063::12
Part3/outputs/answers_qwen25_7b_prompt2.csv,answers_qwen25_7b_prompt2,Q063,K,Cities,13,kingston,kingston,1,0,1,Q063::13
Part3/outputs/answers_qwen25_7b_prompt2.csv,answers_qwen25_7b_prompt2,Q063,K,Cities,14,kitchener,kitchener,1,0,1,Q063::14
Part3/outputs/answers_qwen25_7b_prompt2.csv,answers_qwen25_7b_prompt2,Q063,K,Cities,15,knoxville,knoxville,1,0,1,Q063::15
Part3/outputs/answers_qwen25_7b_prompt2.csv,answers_qwen25_7b_prompt2,Q063,K,Cities,16,kihei,kihei,1,0,1,Q063::16
Part3/outputs/answers_qwen25_7b_prompt2.csv,answers_qwen25_7b_prompt2,Q063,K,Cities,17,knoxville,knoxville,1,0,1,Q063::17
Part3/outputs/answers_qwen25_7b_prompt2.csv,answers_qwen25_7b_prompt2,Q063,K,Cities,18,kingston,kingston,1,0,1,Q063::18
Part3/outputs/answers_qwen25_7b_prompt2.csv,answers_qwen25_7b_prompt2,Q063,K,Cities,19,knoxville,knoxville,1,0,1,Q063::19
Part3/outputs/answers_qwen25_7b_prompt2.csv,answers_qwen25_7b_prompt2,Q064,L,Things in a library,0,library card,library card,0,0,0,Q064::0
Part3/outputs/answers_qwen25_7b_prompt2.csv,answers_qwen25_7b_prompt2,Q064,L,Things in a library,1,library card,library card,0,0,0,Q064::1
Part3/outputs/answers_qwen25_7b_prompt2.csv,answers_qwen25_7b_prompt2,Q064,L,Things in a library,2,library card,library card,0,0,0,Q064::2
Part3/outputs/answers_qwen25_7b_prompt2.csv,answers_qwen25_7b_prompt2,Q064,L,Things in a library,3,library card,library card,0,0,0,Q064::3
Part3/outputs/answers_qwen25_7b_prompt2.csv,answers_qwen25_7b_prompt2,Q064,L,Things in a library,4,library card,library card,0,0,0,Q064::4
Part3/outputs/answers_qwen25_7b_prompt2.csv,answers_qwen25_7b_prompt2,Q064,L,Things in a library,5,library card,library card,0,0,0,Q064::5
Part3/outputs/answers_qwen25_7b_prompt2.csv,answers_qwen25_7b_prompt2,Q064,L,Things in a library,6,library card,library card,0,0,0,Q064::6
Part3/outputs/answers_qwen25_7b_prompt2.csv,answers_qwen25_7b_prompt2,Q064,L,Things in a library,7,library card,library card,0,0,0,Q064::7
Part3/outputs/answers_qwen25_7b_prompt2.csv,answers_qwen25_7b_prompt2,Q064,L,Things in a library,8,library card,library card,0,0,0,Q064::8
Part3/outputs/answers_qwen25_7b_prompt2.csv,answers_qwen25_7b_prompt2,Q064,L,Things in a library,9,stack of books,stack of books,1,0,1,Q064::9
Part3/outputs/answers_qwen25_7b_prompt2.csv,answers_qwen25_7b_prompt2,Q064,L,Things in a library,10,library card,library card,0,0,0,Q064::10
Part3/outputs/answers_qwen25_7b_prompt2.csv,answers_qwen25_7b_prompt2,Q064,L,Things in a library,11,reference book,reference book,1,0,1,Q064::11
Part3/outputs/answers_qwen25_7b_prompt2.csv,answers_qwen25_7b_prompt2,Q064,L,Things in a library,12,library card,library card,0,0,0,Q064::12
Part3/outputs/answers_qwen25_7b_prompt2.csv,answers_qwen25_7b_prompt2,Q064,L,Things in a library,13,library card,library card,0,0,0,Q064::13
Part3/outputs/answers_qwen25_7b_prompt2.csv,answers_qwen25_7b_prompt2,Q064,L,Things in a library,14,bookshelf,bookshelf,1,0,1,Q064::14
Part3/outputs/answers_qwen25_7b_prompt2.csv,answers_qwen25_7b_prompt2,Q064,L,Things in a library,15,reference book,reference book,1,0,1,Q064::15
Part3/outputs/answers_qwen25_7b_prompt2.csv,answers_qwen25_7b_prompt2,Q064,L,Things in a library,16,library card,library card,0,0,0,Q064::16
Part3/outputs/answers_qwen25_7b_prompt2.csv,answers_qwen25_7b_prompt2,Q064,L,Things in a library,17,bookshelf,bookshelf,1,0,1,Q064::17
Part3/outputs/answers_qwen25_7b_prompt2.csv,answers_qwen25_7b_prompt2,Q064,L,Things in a library,18,bookshelf,bookshelf,1,0,1,Q064::18
Part3/outputs/answers_qwen25_7b_prompt2.csv,answers_qwen25_7b_prompt2,Q064,L,Things in a library,19,library card,library card,0,0,0,Q064::19
Part3/outputs/answers_mistral_7b_prompt2.csv,answers_mistral_7b_prompt2,Q001,A,Animals,0,armadillo,armadillo,1,0,1,Q001::0
Part3/outputs/answers_mistral_7b_prompt2.csv,answers_mistral_7b_prompt2,Q001,A,Animals,1,armadillo,armadillo,1,0,1,Q001::1
Part3/outputs/answers_mistral_7b_prompt2.csv,answers_mistral_7b_prompt2,Q001,A,Animals,2,armadillo,armadillo,1,0,1,Q001::2
Part3/outputs/answers_mistral_7b_prompt2.csv,answers_mistral_7b_prompt2,Q001,A,Animals,3,armadillo,armadillo,1,0,1,Q001::3
Part3/outputs/answers_mistral_7b_prompt2.csv,answers_mistral_7b_prompt2,Q001,A,Animals,4,armadillo,armadillo,1,0,1,Q001::4
Part3/outputs/answers_mistral_7b_prompt2.csv,answers_mistral_7b_prompt2,Q001,A,Animals,5,armadillo,armadillo,1,0,1,Q001::5
Part3/outputs/answers_mistral_7b_prompt2.csv,answers_mistral_7b_prompt2,Q001,A,Animals,6,antelope,antelope,1,0,1,Q001::6
Part3/outputs/answers_mistral_7b_prompt2.csv,answers_mistral_7b_prompt2,Q001,A,Animals,7,apache ant,apache ant,0,0,0,Q001::7
Part3/outputs/answers_mistral_7b_prompt2.csv,answers_mistral_7b_prompt2,Q001,A,Animals,8,antelope,antelope,1,0,1,Q001::8
Part3/outputs/answers_mistral_7b_prompt2.csv,answers_mistral_7b_prompt2,Q001,A,Animals,9,armadillo,armadillo,1,0,1,Q001::9
Part3/outputs/answers_mistral_7b_prompt2.csv,answers_mistral_7b_prompt2,Q001,A,Animals,10,antelope,antelope,1,0,1,Q001::10
Part3/outputs/answers_mistral_7b_prompt2.csv,answers_mistral_7b_prompt2,Q001,A,Animals,11,antelope,antelope,1,0,1,Q001::11
Part3/outputs/answers_mistral_7b_prompt2.csv,answers_mistral_7b_prompt2,Q001,A,Animals,12,armadillo,armadillo,1,0,1,Q001::12
Part3/outputs/answers_mistral_7b_prompt2.csv,answers_mistral_7b_prompt2,Q001,A,Animals,13,armadillo,armadillo,1,0,1,Q001::13
Part3/outputs/answers_mistral_7b_prompt2.csv,answers_mistral_7b_prompt2,Q001,A,Animals,14,aardvark,aardvark,1,0,1,Q001::14
Part3/outputs/answers_mistral_7b_prompt2.csv,answers_mistral_7b_prompt2,Q001,A,Animals,15,albatross,albatross,1,0,1,Q001::15
Part3/outputs/answers_mistral_7b_prompt2.csv,answers_mistral_7b_prompt2,Q001,A,Animals,16,armadillo,armadillo,1,0,1,Q001::16
Part3/outputs/answers_mistral_7b_prompt2.csv,answers_mistral_7b_prompt2,Q001,A,Animals,17,apache ant,apache ant,0,0,0,Q001::17
Part3/outputs/answers_mistral_7b_prompt2.csv,answers_mistral_7b_prompt2,Q001,A,Animals,18,armadillo,armadillo,1,0,1,Q001::18
Part3/outputs/answers_mistral_7b_prompt2.csv,answers_mistral_7b_prompt2,Q001,A,Animals,19,armadillo,armadillo,1,0,1,Q001::19
Part3/outputs/answers_mistral_7b_prompt2.csv,answers_mistral_7b_prompt2,Q002,A,Jobs,0,"accountant
assistant
architect
actor
artist",accountant assistant architect actor artist,1,0,1,Q002::0
Part3/outputs/answers_mistral_7b_prompt2.csv,answers_mistral_7b_prompt2,Q002,A,Jobs,1,architect assistant,architect assistant,0,0,0,Q002::1
Part3/outputs/answers_mistral_7b_prompt2.csv,answers_mistral_7b_prompt2,Q002,A,Jobs,2,apothecaryassistant,apothecaryassistant,0,0,0,Q002::2
Part3/outputs/answers_mistral_7b_prompt2.csv,answers_mistral_7b_prompt2,Q002,A,Jobs,3,architect assistant,architect assistant,0,0,0,Q002::3
Part3/outputs/answers_mistral_7b_prompt2.csv,answers_mistral_7b_prompt2,Q002,A,Jobs,4,appliance repairer,appliance repairer,1,0,1,Q002::4
Part3/outputs/answers_mistral_7b_prompt2.csv,answers_mistral_7b_prompt2,Q002,A,Jobs,5,air traffic controller,air traffic controller,1,0,1,Q002::5
Part3/outputs/answers_mistral_7b_prompt2.csv,answers_mistral_7b_prompt2,Q002,A,Jobs,6,apartment manager,apartment manager,0,0,0,Q002::6
Part3/outputs/answers_mistral_7b_prompt2.csv,answers_mistral_7b_prompt2,Q002,A,Jobs,7,artist's assistant,artist's assistant,1,0,1,Q002::7
Part3/outputs/answers_mistral_7b_prompt2.csv,answers_mistral_7b_prompt2,Q002,A,Jobs,8,actor's assistant,actor's assistant,0,0,0,Q002::8
Part3/outputs/answers_mistral_7b_prompt2.csv,answers_mistral_7b_prompt2,Q002,A,Jobs,9,air traffic controller,air traffic controller,1,0,1,Q002::9
Part3/outputs/answers_mistral_7b_prompt2.csv,answers_mistral_7b_prompt2,Q002,A,Jobs,10,accountant,accountant,1,1,0,Q002::10
Part3/outputs/answers_mistral_7b_prompt2.csv,answers_mistral_7b_prompt2,Q002,A,Jobs,11,apartment complex manager,apartment complex manager,0,0,0,Q002::11
Part3/outputs/answers_mistral_7b_prompt2.csv,answers_mistral_7b_prompt2,Q002,A,Jobs,12,actor assistant architect accountant artist,actor assistant architect accountant artist,1,0,1,Q002::12
Part3/outputs/answers_mistral_7b_prompt2.csv,answers_mistral_7b_prompt2,Q002,A,Jobs,13,architect assistant,architect assistant,0,0,0,Q002::13
Part3/outputs/answers_mistral_7b_prompt2.csv,answers_mistral_7b_prompt2,Q002,A,Jobs,14,architect assistant,architect assistant,0,0,0,Q002::14
Part3/outputs/answers_mistral_7b_prompt2.csv,answers_mistral_7b_prompt2,Q002,A,Jobs,15,air traffic controller,air traffic controller,1,0,1,Q002::15
Part3/outputs/answers_mistral_7b_prompt2.csv,answers_mistral_7b_prompt2,Q002,A,Jobs,16,appliance repairer,appliance repairer,1,0,1,Q002::16
Part3/outputs/answers_mistral_7b_prompt2.csv,answers_mistral_7b_prompt2,Q002,A,Jobs,17,accounting assistant,accounting assistant,1,0,1,Q002::17
Part3/outputs/answers_mistral_7b_prompt2.csv,answers_mistral_7b_prompt2,Q002,A,Jobs,18,architect assistant,architect assistant,0,0,0,Q002::18
Part3/outputs/answers_mistral_7b_prompt2.csv,answers_mistral_7b_prompt2,Q002,A,Jobs,19,architect assistant,architect assistant,0,0,0,Q002::19
Part3/outputs/answers_mistral_7b_prompt2.csv,answers_mistral_7b_prompt2,Q003,B,Fruits,0,blueberry bushberries,blueberry bushberries,0,0,0,Q003::0
Part3/outputs/answers_mistral_7b_prompt2.csv,answers_mistral_7b_prompt2,Q003,B,Fruits,1,blueberrybushberrybaneberryblackberry,blueberrybushberrybaneberryblackberry,0,0,0,Q003::1
Part3/outputs/answers_mistral_7b_prompt2.csv,answers_mistral_7b_prompt2,Q003,B,Fruits,2,blueberry banana,blueberry banana,0,0,0,Q003::2
Part3/outputs/answers_mistral_7b_prompt2.csv,answers_mistral_7b_prompt2,Q003,B,Fruits,3,blackberry,blackberry,1,0,1,Q003::3
Part3/outputs/answers_mistral_7b_prompt2.csv,answers_mistral_7b_prompt2,Q003,B,Fruits,4,blueberry,blueberry,1,1,0,Q003::4
Part3/outputs/answers_mistral_7b_prompt2.csv,answers_mistral_7b_prompt2,Q003,B,Fruits,5,blueberry,blueberry,1,1,0,Q003::5
Part3/outputs/answers_mistral_7b_prompt2.csv,answers_mistral_7b_prompt2,Q003,B,Fruits,6,blueberrybananablackberry,blueberrybananablackberry,0,0,0,Q003::6
Part3/outputs/answers_mistral_7b_prompt2.csv,answers_mistral_7b_prompt2,Q003,B,Fruits,7,blueberry banana boba berry,blueberry banana boba berry,0,0,0,Q003::7
Part3/outputs/answers_mistral_7b_prompt2.csv,answers_mistral_7b_prompt2,Q003,B,Fruits,8,blueberry banana,blueberry banana,0,0,0,Q003::8
Part3/outputs/answers_mistral_7b_prompt2.csv,answers_mistral_7b_prompt2,Q003,B,Fruits,9,blueberrybushbellimelitchi,blueberrybushbellimelitchi,0,0,0,Q003::9
Part3/outputs/answers_mistral_7b_prompt2.csv,answers_mistral_7b_prompt2,Q003,B,Fruits,10,blueberry buermeschen,blueberry buermeschen,0,0,0,Q003::10
Part3/outputs/answers_mistral_7b_prompt2.csv,answers_mistral_7b_prompt2,Q003,B,Fruits,11,blueberry bellimberry,blueberry bellimberry,0,0,0,Q003::11
Part3/outputs/answers_mistral_7b_prompt2.csv,answers_mistral_7b_prompt2,Q003,B,Fruits,12,blueberry banana,blueberry banana,0,0,0,Q003::12
Part3/outputs/answers_mistral_7b_prompt2.csv,answers_mistral_7b_prompt2,Q003,B,Fruits,13,blueberry banana berrybush,blueberry banana berrybush,0,0,0,Q003::13
Part3/outputs/answers_mistral_7b_prompt2.csv,answers_mistral_7b_prompt2,Q003,B,Fruits,14,blueberry buckeberg,blueberry buckeberg,0,0,0,Q003::14
Part3/outputs/answers_mistral_7b_prompt2.csv,answers_mistral_7b_prompt2,Q003,B,Fruits,15,blueberry buckeye,blueberry buckeye,0,0,0,Q003::15
Part3/outputs/answers_mistral_7b_prompt2.csv,answers_mistral_7b_prompt2,Q003,B,Fruits,16,blueberry bumblebee,blueberry bumblebee,0,0,0,Q003::16
Part3/outputs/answers_mistral_7b_prompt2.csv,answers_mistral_7b_prompt2,Q003,B,Fruits,17,blueberry bushberries,blueberry bushberries,0,0,0,Q003::17
Part3/outputs/answers_mistral_7b_prompt2.csv,answers_mistral_7b_prompt2,Q003,B,Fruits,18,blueberry bushberries,blueberry bushberries,0,0,0,Q003::18
Part3/outputs/answers_mistral_7b_prompt2.csv,answers_mistral_7b_prompt2,Q003,B,Fruits,19,blackberry,blackberry,1,0,1,Q003::19
Part3/outputs/answers_mistral_7b_prompt2.csv,answers_mistral_7b_prompt2,Q004,B,Things that are red,0,brickbarn,brickbarn,0,0,0,Q004::0
Part3/outputs/answers_mistral_7b_prompt2.csv,answers_mistral_7b_prompt2,Q004,B,Things that are red,1,brick-o-brack,brick-o-brack,0,0,0,Q004::1
Part3/outputs/answers_mistral_7b_prompt2.csv,answers_mistral_7b_prompt2,Q004,B,Things that are red,2,brickbarndoor,brickbarndoor,0,0,0,Q004::2
Part3/outputs/answers_mistral_7b_prompt2.csv,answers_mistral_7b_prompt2,Q004,B,Things that are red,3,brickbarn,brickbarn,0,0,0,Q004::3
Part3/outputs/answers_mistral_7b_prompt2.csv,answers_mistral_7b_prompt2,Q004,B,Things that are red,4,brickyardgate,brickyardgate,0,0,0,Q004::4
Part3/outputs/answers_mistral_7b_prompt2.csv,answers_mistral_7b_prompt2,Q004,B,Things that are red,5,brickbarndoor,brickbarndoor,0,0,0,Q004::5
Part3/outputs/answers_mistral_7b_prompt2.csv,answers_mistral_7b_prompt2,Q004,B,Things that are red,6,brickbarndoor,brickbarndoor,0,0,0,Q004::6
Part3/outputs/answers_mistral_7b_prompt2.csv,answers_mistral_7b_prompt2,Q004,B,Things that are red,7,brickbarn,brickbarn,0,0,0,Q004::7
Part3/outputs/answers_mistral_7b_prompt2.csv,answers_mistral_7b_prompt2,Q004,B,Things that are red,8,brickshed,brickshed,0,0,0,Q004::8
Part3/outputs/answers_mistral_7b_prompt2.csv,answers_mistral_7b_prompt2,Q004,B,Things that are red,9,brickbarndoor,brickbarndoor,0,0,0,Q004::9
Part3/outputs/answers_mistral_7b_prompt2.csv,answers_mistral_7b_prompt2,Q004,B,Things that are red,10,bricks,bricks,1,0,1,Q004::10
Part3/outputs/answers_mistral_7b_prompt2.csv,answers_mistral_7b_prompt2,Q004,B,Things that are red,11,bricks-and-mortar-store-sign,bricks-and-mortar-store-sign,0,0,0,Q004::11
Part3/outputs/answers_mistral_7b_prompt2.csv,answers_mistral_7b_prompt2,Q004,B,Things that are red,12,brickbarndoor,brickbarndoor,0,0,0,Q004::12
Part3/outputs/answers_mistral_7b_prompt2.csv,answers_mistral_7b_prompt2,Q004,B,Things that are red,13,brickbarn,brickbarn,0,0,0,Q004::13
Part3/outputs/answers_mistral_7b_prompt2.csv,answers_mistral_7b_prompt2,Q004,B,Things that are red,14,brickbarndoorbell,brickbarndoorbell,0,0,0,Q004::14
Part3/outputs/answers_mistral_7b_prompt2.csv,answers_mistral_7b_prompt2,Q004,B,Things that are red,15,brickbarndoor,brickbarndoor,0,0,0,Q004::15
Part3/outputs/answers_mistral_7b_prompt2.csv,answers_mistral_7b_prompt2,Q004,B,Things that are red,16,brickbarndoor,brickbarndoor,0,0,0,Q004::16
Part3/outputs/answers_mistral_7b_prompt2.csv,answers_mistral_7b_prompt2,Q004,B,Things that are red,17,brickyard,brickyard,0,0,0,Q004::17
Part3/outputs/answers_mistral_7b_prompt2.csv,answers_mistral_7b_prompt2,Q004,B,Things that are red,18,brickbarndoor,brickbarndoor,0,0,0,Q004::18
Part3/outputs/answers_mistral_7b_prompt2.csv,answers_mistral_7b_prompt2,Q004,B,Things that are red,19,brickbarn,brickbarn,0,0,0,Q004::19
Part3/outputs/answers_mistral_7b_prompt2.csv,answers_mistral_7b_prompt2,Q005,C,Countries,0,canada,canada,1,1,0,Q005::0
Part3/outputs/answers_mistral_7b_prompt2.csv,answers_mistral_7b_prompt2,Q005,C,Countries,1,canada,canada,1,1,0,Q005::1
Part3/outputs/answers_mistral_7b_prompt2.csv,answers_mistral_7b_prompt2,Q005,C,Countries,2,cameroon,cameroon,1,0,1,Q005::2
Part3/outputs/answers_mistral_7b_prompt2.csv,answers_mistral_7b_prompt2,Q005,C,Countries,3,canada,canada,1,1,0,Q005::3
Part3/outputs/answers_mistral_7b_prompt2.csv,answers_mistral_7b_prompt2,Q005,C,Countries,4,canada,canada,1,1,0,Q005::4
Part3/outputs/answers_mistral_7b_prompt2.csv,answers_mistral_7b_prompt2,Q005,C,Countries,5,canada,canada,1,1,0,Q005::5
Part3/outputs/answers_mistral_7b_prompt2.csv,answers_mistral_7b_prompt2,Q005,C,Countries,6,canada,canada,1,1,0,Q005::6
Part3/outputs/answers_mistral_7b_prompt2.csv,answers_mistral_7b_prompt2,Q005,C,Countries,7,canada,canada,1,1,0,Q005::7
Part3/outputs/answers_mistral_7b_prompt2.csv,answers_mistral_7b_prompt2,Q005,C,Countries,8,canada,canada,1,1,0,Q005::8
Part3/outputs/answers_mistral_7b_prompt2.csv,answers_mistral_7b_prompt2,Q005,C,Countries,9,costa rica,costa rica,1,0,1,Q005::9
Part3/outputs/answers_mistral_7b_prompt2.csv,answers_mistral_7b_prompt2,Q005,C,Countries,10,canada,canada,1,1,0,Q005::10
Part3/outputs/answers_mistral_7b_prompt2.csv,answers_mistral_7b_prompt2,Q005,C,Countries,11,costa rica,costa rica,1,0,1,Q005::11
Part3/outputs/answers_mistral_7b_prompt2.csv,answers_mistral_7b_prompt2,Q005,C,Countries,12,canada,canada,1,0,1,Q005::12
Part3/outputs/answers_mistral_7b_prompt2.csv,answers_mistral_7b_prompt2,Q005,C,Countries,13,canada,canada,1,1,0,Q005::13
Part3/outputs/answers_mistral_7b_prompt2.csv,answers_mistral_7b_prompt2,Q005,C,Countries,14,canada,canada,1,1,0,Q005::14
Part3/outputs/answers_mistral_7b_prompt2.csv,answers_mistral_7b_prompt2,Q005,C,Countries,15,canada,canada,1,1,0,Q005::15
Part3/outputs/answers_mistral_7b_prompt2.csv,answers_mistral_7b_prompt2,Q005,C,Countries,16,canada,canada,1,1,0,Q005::16
Part3/outputs/answers_mistral_7b_prompt2.csv,answers_mistral_7b_prompt2,Q005,C,Countries,17,canada,canada,1,1,0,Q005::17
Part3/outputs/answers_mistral_7b_prompt2.csv,answers_mistral_7b_prompt2,Q005,C,Countries,18,costa rica,costa rica,1,0,1,Q005::18
Part3/outputs/answers_mistral_7b_prompt2.csv,answers_mistral_7b_prompt2,Q005,C,Countries,19,canada,canada,1,1,0,Q005::19
Part3/outputs/answers_mistral_7b_prompt2.csv,answers_mistral_7b_prompt2,Q006,C,Board games,0,cluecrafty,cluecrafty,0,0,0,Q006::0
Part3/outputs/answers_mistral_7b_prompt2.csv,answers_mistral_7b_prompt2,Q006,C,Board games,1,cluedo,cluedo,1,0,1,Q006::1
Part3/outputs/answers_mistral_7b_prompt2.csv,answers_mistral_7b_prompt2,Q006,C,Board games,2,cluedo,cluedo,1,0,1,Q006::2
Part3/outputs/answers_mistral_7b_prompt2.csv,answers_mistral_7b_prompt2,Q006,C,Board games,3,cluedo,cluedo,1,0,1,Q006::3
Part3/outputs/answers_mistral_7b_prompt2.csv,answers_mistral_7b_prompt2,Q006,C,Board games,4,cluedo,cluedo,1,0,1,Q006::4
Part3/outputs/answers_mistral_7b_prompt2.csv,answers_mistral_7b_prompt2,Q006,C,Board games,5,cluedo,cluedo,1,0,1,Q006::5
Part3/outputs/answers_mistral_7b_prompt2.csv,answers_mistral_7b_prompt2,Q006,C,Board games,6,clueMastermind,cluemastermind,0,0,0,Q006::6
Part3/outputs/answers_mistral_7b_prompt2.csv,answers_mistral_7b_prompt2,Q006,C,Board games,7,cluedo,cluedo,1,0,1,Q006::7
Part3/outputs/answers_mistral_7b_prompt2.csv,answers_mistral_7b_prompt2,Q006,C,Board games,8,cluedo,cluedo,1,0,1,Q006::8
Part3/outputs/answers_mistral_7b_prompt2.csv,answers_mistral_7b_prompt2,Q006,C,Board games,9,cluedo,cluedo,1,0,1,Q006::9
Part3/outputs/answers_mistral_7b_prompt2.csv,answers_mistral_7b_prompt2,Q006,C,Board games,10,cluedo,cluedo,1,0,1,Q006::10
Part3/outputs/answers_mistral_7b_prompt2.csv,answers_mistral_7b_prompt2,Q006,C,Board games,11,cluedo,cluedo,1,0,1,Q006::11
Part3/outputs/answers_mistral_7b_prompt2.csv,answers_mistral_7b_prompt2,Q006,C,Board games,12,clue-o-seek,clue-o-seek,0,0,0,Q006::12
Part3/outputs/answers_mistral_7b_prompt2.csv,answers_mistral_7b_prompt2,Q006,C,Board games,13,"cluedo, chess, catan","cluedo, chess, catan",1,0,1,Q006::13
Part3/outputs/answers_mistral_7b_prompt2.csv,answers_mistral_7b_prompt2,Q006,C,Board games,14,cluedo,cluedo,1,0,1,Q006::14
Part3/outputs/answers_mistral_7b_prompt2.csv,answers_mistral_7b_prompt2,Q006,C,Board games,15,cluedo,cluedo,1,0,1,Q006::15
Part3/outputs/answers_mistral_7b_prompt2.csv,answers_mistral_7b_prompt2,Q006,C,Board games,16,clerestory chess,clerestory chess,0,0,0,Q006::16
Part3/outputs/answers_mistral_7b_prompt2.csv,answers_mistral_7b_prompt2,Q006,C,Board games,17,claviusandthefatalflaw,claviusandthefatalflaw,0,0,0,Q006::17
Part3/outputs/answers_mistral_7b_prompt2.csv,answers_mistral_7b_prompt2,Q006,C,Board games,18,cluedo,cluedo,1,0,1,Q006::18
Part3/outputs/answers_mistral_7b_prompt2.csv,answers_mistral_7b_prompt2,Q006,C,Board games,19,cluedo,cluedo,1,0,1,Q006::19
Part3/outputs/answers_mistral_7b_prompt2.csv,answers_mistral_7b_prompt2,Q007,D,Musical instruments,0,didgeridoo,didgeridoo,1,0,1,Q007::0
Part3/outputs/answers_mistral_7b_prompt2.csv,answers_mistral_7b_prompt2,Q007,D,Musical instruments,1,didgeridoo,didgeridoo,1,0,1,Q007::1
Part3/outputs/answers_mistral_7b_prompt2.csv,answers_mistral_7b_prompt2,Q007,D,Musical instruments,2,didgeridoo,didgeridoo,1,0,1,Q007::2
Part3/outputs/answers_mistral_7b_prompt2.csv,answers_mistral_7b_prompt2,Q007,D,Musical instruments,3,didgeridoo,didgeridoo,1,0,1,Q007::3
Part3/outputs/answers_mistral_7b_prompt2.csv,answers_mistral_7b_prompt2,Q007,D,Musical instruments,4,didgeridoo,didgeridoo,1,0,1,Q007::4
Part3/outputs/answers_mistral_7b_prompt2.csv,answers_mistral_7b_prompt2,Q007,D,Musical instruments,5,didgeridoo,didgeridoo,1,0,1,Q007::5
Part3/outputs/answers_mistral_7b_prompt2.csv,answers_mistral_7b_prompt2,Q007,D,Musical instruments,6,didgeridoo,didgeridoo,1,0,1,Q007::6
Part3/outputs/answers_mistral_7b_prompt2.csv,answers_mistral_7b_prompt2,Q007,D,Musical instruments,7,didgeridoo,didgeridoo,1,1,0,Q007::7
Part3/outputs/answers_mistral_7b_prompt2.csv,answers_mistral_7b_prompt2,Q007,D,Musical instruments,8,didgeridoo,didgeridoo,1,0,1,Q007::8
Part3/outputs/answers_mistral_7b_prompt2.csv,answers_mistral_7b_prompt2,Q007,D,Musical instruments,9,didgeridoo,didgeridoo,1,0,1,Q007::9
Part3/outputs/answers_mistral_7b_prompt2.csv,answers_mistral_7b_prompt2,Q007,D,Musical instruments,10,didgeridoo,didgeridoo,1,0,1,Q007::10
Part3/outputs/answers_mistral_7b_prompt2.csv,answers_mistral_7b_prompt2,Q007,D,Musical instruments,11,didgeridoo,didgeridoo,1,0,1,Q007::11
Part3/outputs/answers_mistral_7b_prompt2.csv,answers_mistral_7b_prompt2,Q007,D,Musical instruments,12,didgeridoo,didgeridoo,1,0,1,Q007::12
Part3/outputs/answers_mistral_7b_prompt2.csv,answers_mistral_7b_prompt2,Q007,D,Musical instruments,13,didgeridoo,didgeridoo,1,0,1,Q007::13
Part3/outputs/answers_mistral_7b_prompt2.csv,answers_mistral_7b_prompt2,Q007,D,Musical instruments,14,didgeridoo,didgeridoo,1,0,1,Q007::14
Part3/outputs/answers_mistral_7b_prompt2.csv,answers_mistral_7b_prompt2,Q007,D,Musical instruments,15,didgeridoo,didgeridoo,1,0,1,Q007::15
Part3/outputs/answers_mistral_7b_prompt2.csv,answers_mistral_7b_prompt2,Q007,D,Musical instruments,16,didgeridoo,didgeridoo,1,0,1,Q007::16
Part3/outputs/answers_mistral_7b_prompt2.csv,answers_mistral_7b_prompt2,Q007,D,Musical instruments,17,didgeridoo,didgeridoo,1,0,1,Q007::17
Part3/outputs/answers_mistral_7b_prompt2.csv,answers_mistral_7b_prompt2,Q007,D,Musical instruments,18,didgeridoo,didgeridoo,1,0,1,Q007::18
Part3/outputs/answers_mistral_7b_prompt2.csv,answers_mistral_7b_prompt2,Q007,D,Musical instruments,19,didgeridoo,didgeridoo,1,0,1,Q007::19
Part3/outputs/answers_mistral_7b_prompt2.csv,answers_mistral_7b_prompt2,Q008,D,Things in a bathroom,0,toothbrushholder,toothbrushholder,0,0,0,Q008::0
Part3/outputs/answers_mistral_7b_prompt2.csv,answers_mistral_7b_prompt2,Q008,D,Things in a bathroom,1,dish soap,dish soap,1,0,1,Q008::1
Part3/outputs/answers_mistral_7b_prompt2.csv,answers_mistral_7b_prompt2,Q008,D,Things in a bathroom,2,dish rack,dish rack,0,0,0,Q008::2
Part3/outputs/answers_mistral_7b_prompt2.csv,answers_mistral_7b_prompt2,Q008,D,Things in a bathroom,3,dish rack,dish rack,0,0,0,Q008::3
Part3/outputs/answers_mistral_7b_prompt2.csv,answers_mistral_7b_prompt2,Q008,D,Things in a bathroom,4,dentifrice dispenser,dentifrice dispenser,1,0,1,Q008::4
Part3/outputs/answers_mistral_7b_prompt2.csv,answers_mistral_7b_prompt2,Q008,D,Things in a bathroom,5,dental floss dispenser,dental floss dispenser,1,0,1,Q008::5
Part3/outputs/answers_mistral_7b_prompt2.csv,answers_mistral_7b_prompt2,Q008,D,Things in a bathroom,6,disposable diaper dispenser,disposable diaper dispenser,1,0,1,Q008::6
Part3/outputs/answers_mistral_7b_prompt2.csv,answers_mistral_7b_prompt2,Q008,D,Things in a bathroom,7,dish soap,dish soap,1,0,1,Q008::7
Part3/outputs/answers_mistral_7b_prompt2.csv,answers_mistral_7b_prompt2,Q008,D,Things in a bathroom,8,deodorant dispensers,deodorant dispensers,0,0,0,Q008::8
Part3/outputs/answers_mistral_7b_prompt2.csv,answers_mistral_7b_prompt2,Q008,D,Things in a bathroom,9,toothbrush holder,toothbrush holder,1,0,1,Q008::9
Part3/outputs/answers_mistral_7b_prompt2.csv,answers_mistral_7b_prompt2,Q008,D,Things in a bathroom,10,dish rack,dish rack,0,0,0,Q008::10
Part3/outputs/answers_mistral_7b_prompt2.csv,answers_mistral_7b_prompt2,Q008,D,Things in a bathroom,11,toothpaste dispenser,toothpaste dispenser,0,0,0,Q008::11
Part3/outputs/answers_mistral_7b_prompt2.csv,answers_mistral_7b_prompt2,Q008,D,Things in a bathroom,12,dental floss dispenser,dental floss dispenser,1,0,1,Q008::12
Part3/outputs/answers_mistral_7b_prompt2.csv,answers_mistral_7b_prompt2,Q008,D,Things in a bathroom,13,toothpaste dispenser,toothpaste dispenser,0,0,0,Q008::13
Part3/outputs/answers_mistral_7b_prompt2.csv,answers_mistral_7b_prompt2,Q008,D,Things in a bathroom,14,dental floss dispenser,dental floss dispenser,1,0,1,Q008::14
Part3/outputs/answers_mistral_7b_prompt2.csv,answers_mistral_7b_prompt2,Q008,D,Things in a bathroom,15,dish rack,dish rack,0,0,0,Q008::15
Part3/outputs/answers_mistral_7b_prompt2.csv,answers_mistral_7b_prompt2,Q008,D,Things in a bathroom,16,dental floss dispenser,dental floss dispenser,1,0,1,Q008::16
Part3/outputs/answers_mistral_7b_prompt2.csv,answers_mistral_7b_prompt2,Q008,D,Things in a bathroom,17,detergentdispenser,detergentdispenser,0,0,0,Q008::17
Part3/outputs/answers_mistral_7b_prompt2.csv,answers_mistral_7b_prompt2,Q008,D,Things in a bathroom,18,toothpaste dispenser,toothpaste dispenser,0,0,0,Q008::18
Part3/outputs/answers_mistral_7b_prompt2.csv,answers_mistral_7b_prompt2,Q008,D,Things in a bathroom,19,detergent dispenser,detergent dispenser,1,0,1,Q008::19
Part3/outputs/answers_mistral_7b_prompt2.csv,answers_mistral_7b_prompt2,Q009,E,Sports,0,extreme enduro,extreme enduro,1,0,1,Q009::0
Part3/outputs/answers_mistral_7b_prompt2.csv,answers_mistral_7b_prompt2,Q009,E,Sports,1,extreme skiing,extreme skiing,1,0,1,Q009::1
Part3/outputs/answers_mistral_7b_prompt2.csv,answers_mistral_7b_prompt2,Q009,E,Sports,2,extreme skiing,extreme skiing,1,0,1,Q009::2
Part3/outputs/answers_mistral_7b_prompt2.csv,answers_mistral_7b_prompt2,Q009,E,Sports,3,extreme enduro,extreme enduro,1,0,1,Q009::3
Part3/outputs/answers_mistral_7b_prompt2.csv,answers_mistral_7b_prompt2,Q009,E,Sports,4,extreme enduro,extreme enduro,1,0,1,Q009::4
Part3/outputs/answers_mistral_7b_prompt2.csv,answers_mistral_7b_prompt2,Q009,E,Sports,5,extreme enduro,extreme enduro,1,0,1,Q009::5
Part3/outputs/answers_mistral_7b_prompt2.csv,answers_mistral_7b_prompt2,Q009,E,Sports,6,extreme enduro,extreme enduro,1,0,1,Q009::6
Part3/outputs/answers_mistral_7b_prompt2.csv,answers_mistral_7b_prompt2,Q009,E,Sports,7,extreme enduro,extreme enduro,1,0,1,Q009::7
Part3/outputs/answers_mistral_7b_prompt2.csv,answers_mistral_7b_prompt2,Q009,E,Sports,8,extreme enduro,extreme enduro,1,0,1,Q009::8
Part3/outputs/answers_mistral_7b_prompt2.csv,answers_mistral_7b_prompt2,Q009,E,Sports,9,extreme enduro,extreme enduro,1,0,1,Q009::9
Part3/outputs/answers_mistral_7b_prompt2.csv,answers_mistral_7b_prompt2,Q009,E,Sports,10,extreme enduro,extreme enduro,1,0,1,Q009::10
Part3/outputs/answers_mistral_7b_prompt2.csv,answers_mistral_7b_prompt2,Q009,E,Sports,11,extreme skiing,extreme skiing,1,0,1,Q009::11
Part3/outputs/answers_mistral_7b_prompt2.csv,answers_mistral_7b_prompt2,Q009,E,Sports,12,extreme enduro,extreme enduro,1,0,1,Q009::12
Part3/outputs/answers_mistral_7b_prompt2.csv,answers_mistral_7b_prompt2,Q009,E,Sports,13,extreme enduro,extreme enduro,1,0,1,Q009::13
Part3/outputs/answers_mistral_7b_prompt2.csv,answers_mistral_7b_prompt2,Q009,E,Sports,14,extreme enduro,extreme enduro,1,0,1,Q009::14
Part3/outputs/answers_mistral_7b_prompt2.csv,answers_mistral_7b_prompt2,Q009,E,Sports,15,extreme skiing,extreme skiing,1,0,1,Q009::15
Part3/outputs/answers_mistral_7b_prompt2.csv,answers_mistral_7b_prompt2,Q009,E,Sports,16,extreme-frisbee,extreme-frisbee,0,0,0,Q009::16
Part3/outputs/answers_mistral_7b_prompt2.csv,answers_mistral_7b_prompt2,Q009,E,Sports,17,extremeskiing,extremeskiing,1,0,1,Q009::17
Part3/outputs/answers_mistral_7b_prompt2.csv,answers_mistral_7b_prompt2,Q009,E,Sports,18,extreme skateboarding,extreme skateboarding,1,0,1,Q009::18
Part3/outputs/answers_mistral_7b_prompt2.csv,answers_mistral_7b_prompt2,Q009,E,Sports,19,extreme enduro,extreme enduro,1,0,1,Q009::19
Part3/outputs/answers_mistral_7b_prompt2.csv,answers_mistral_7b_prompt2,Q010,E,Movie titles,0,easter bunny killers,easter bunny killers,0,0,0,Q010::0
Part3/outputs/answers_mistral_7b_prompt2.csv,answers_mistral_7b_prompt2,Q010,E,Movie titles,1,eternal sunshine of the spotless mind,eternal sunshine of the spotless mind,0,0,0,Q010::1
Part3/outputs/answers_mistral_7b_prompt2.csv,answers_mistral_7b_prompt2,Q010,E,Movie titles,2,eternal sunshine of the spotless mind,eternal sunshine of the spotless mind,0,0,0,Q010::2
Part3/outputs/answers_mistral_7b_prompt2.csv,answers_mistral_7b_prompt2,Q010,E,Movie titles,3,empire strike back,empire strike back,0,0,0,Q010::3
Part3/outputs/answers_mistral_7b_prompt2.csv,answers_mistral_7b_prompt2,Q010,E,Movie titles,4,edward-scissorhands,edward-scissorhands,1,0,1,Q010::4
Part3/outputs/answers_mistral_7b_prompt2.csv,answers_mistral_7b_prompt2,Q010,E,Movie titles,5,enemy of the state,enemy of the state,1,0,1,Q010::5
Part3/outputs/answers_mistral_7b_prompt2.csv,answers_mistral_7b_prompt2,Q010,E,Movie titles,6,eastwood's revenge,eastwood's revenge,0,0,0,Q010::6
Part3/outputs/answers_mistral_7b_prompt2.csv,answers_mistral_7b_prompt2,Q010,E,Movie titles,7,enemy-of-the-state,enemy-of-the-state,0,0,0,Q010::7
Part3/outputs/answers_mistral_7b_prompt2.csv,answers_mistral_7b_prompt2,Q010,E,Movie titles,8,eternal sunshine of the spotless mind,eternal sunshine of the spotless mind,0,0,0,Q010::8
Part3/outputs/answers_mistral_7b_prompt2.csv,answers_mistral_7b_prompt2,Q010,E,Movie titles,9,e.t. the extraterrestrial,e.t. the extraterrestrial,1,0,1,Q010::9
Part3/outputs/answers_mistral_7b_prompt2.csv,answers_mistral_7b_prompt2,Q010,E,Movie titles,10,empire strikes back,empire strikes back,0,0,0,Q010::10
Part3/outputs/answers_mistral_7b_prompt2.csv,answers_mistral_7b_prompt2,Q010,E,Movie titles,11,easter egg hunt,easter egg hunt,0,0,0,Q010::11
Part3/outputs/answers_mistral_7b_prompt2.csv,answers_mistral_7b_prompt2,Q010,E,Movie titles,12,eastwood's world,eastwood's world,0,0,0,Q010::12
Part3/outputs/answers_mistral_7b_prompt2.csv,answers_mistral_7b_prompt2,Q010,E,Movie titles,13,everest descent,everest descent,0,0,0,Q010::13
Part3/outputs/answers_mistral_7b_prompt2.csv,answers_mistral_7b_prompt2,Q010,E,Movie titles,14,easy rider,easy rider,1,0,1,Q010::14
Part3/outputs/answers_mistral_7b_prompt2.csv,answers_mistral_7b_prompt2,Q010,E,Movie titles,15,eternal sunshine of the spotless mind,eternal sunshine of the spotless mind,0,0,0,Q010::15
Part3/outputs/answers_mistral_7b_prompt2.csv,answers_mistral_7b_prompt2,Q010,E,Movie titles,16,enemy-at-the-gates,enemy-at-the-gates,0,0,0,Q010::16
Part3/outputs/answers_mistral_7b_prompt2.csv,answers_mistral_7b_prompt2,Q010,E,Movie titles,17,easy rider,easy rider,1,0,1,Q010::17
Part3/outputs/answers_mistral_7b_prompt2.csv,answers_mistral_7b_prompt2,Q010,E,Movie titles,18,easter wormhole,easter wormhole,0,0,0,Q010::18
Part3/outputs/answers_mistral_7b_prompt2.csv,answers_mistral_7b_prompt2,Q010,E,Movie titles,19,eternal sunshine of the spotless mind,eternal sunshine of the spotless mind,0,0,0,Q010::19
Part3/outputs/answers_mistral_7b_prompt2.csv,answers_mistral_7b_prompt2,Q011,F,Fish,0,flounderfrogfish,flounderfrogfish,0,0,0,Q011::0
Part3/outputs/answers_mistral_7b_prompt2.csv,answers_mistral_7b_prompt2,Q011,F,Fish,1,flounderfillet,flounderfillet,0,0,0,Q011::1
Part3/outputs/answers_mistral_7b_prompt2.csv,answers_mistral_7b_prompt2,Q011,F,Fish,2,flounderfillet,flounderfillet,0,0,0,Q011::2
Part3/outputs/answers_mistral_7b_prompt2.csv,answers_mistral_7b_prompt2,Q011,F,Fish,3,flounderfillet,flounderfillet,0,0,0,Q011::3
Part3/outputs/answers_mistral_7b_prompt2.csv,answers_mistral_7b_prompt2,Q011,F,Fish,4,flounderfillet,flounderfillet,0,0,0,Q011::4
Part3/outputs/answers_mistral_7b_prompt2.csv,answers_mistral_7b_prompt2,Q011,F,Fish,5,flounderfillet,flounderfillet,0,0,0,Q011::5
Part3/outputs/answers_mistral_7b_prompt2.csv,answers_mistral_7b_prompt2,Q011,F,Fish,6,flounderfry,flounderfry,0,0,0,Q011::6
Part3/outputs/answers_mistral_7b_prompt2.csv,answers_mistral_7b_prompt2,Q011,F,Fish,7,flounderfinchrayfrogfish,flounderfinchrayfrogfish,0,0,0,Q011::7
Part3/outputs/answers_mistral_7b_prompt2.csv,answers_mistral_7b_prompt2,Q011,F,Fish,8,flounderfangflute,flounderfangflute,0,0,0,Q011::8
Part3/outputs/answers_mistral_7b_prompt2.csv,answers_mistral_7b_prompt2,Q011,F,Fish,9,flounderfillet,flounderfillet,0,0,0,Q011::9
Part3/outputs/answers_mistral_7b_prompt2.csv,answers_mistral_7b_prompt2,Q011,F,Fish,10,flounderfillet,flounderfillet,0,0,0,Q011::10
Part3/outputs/answers_mistral_7b_prompt2.csv,answers_mistral_7b_prompt2,Q011,F,Fish,11,flounder,flounder,1,1,0,Q011::11
Part3/outputs/answers_mistral_7b_prompt2.csv,answers_mistral_7b_prompt2,Q011,F,Fish,12,flounderfilletfrogfish,flounderfilletfrogfish,0,0,0,Q011::12
Part3/outputs/answers_mistral_7b_prompt2.csv,answers_mistral_7b_prompt2,Q011,F,Fish,13,flounderfillet,flounderfillet,0,0,0,Q011::13
Part3/outputs/answers_mistral_7b_prompt2.csv,answers_mistral_7b_prompt2,Q011,F,Fish,14,flounder,flounder,1,0,1,Q011::14
Part3/outputs/answers_mistral_7b_prompt2.csv,answers_mistral_7b_prompt2,Q011,F,Fish,15,flounderfrogfish,flounderfrogfish,0,0,0,Q011::15
Part3/outputs/answers_mistral_7b_prompt2.csv,answers_mistral_7b_prompt2,Q011,F,Fish,16,flounderfillet,flounderfillet,0,0,0,Q011::16
Part3/outputs/answers_mistral_7b_prompt2.csv,answers_mistral_7b_prompt2,Q011,F,Fish,17,flounderfillet,flounderfillet,0,0,0,Q011::17
Part3/outputs/answers_mistral_7b_prompt2.csv,answers_mistral_7b_prompt2,Q011,F,Fish,18,flounderfillet,flounderfillet,0,0,0,Q011::18
Part3/outputs/answers_mistral_7b_prompt2.csv,answers_mistral_7b_prompt2,Q011,F,Fish,19,flounderfillet,flounderfillet,0,0,0,Q011::19
Part3/outputs/answers_mistral_7b_prompt2.csv,answers_mistral_7b_prompt2,Q012,F,Things in a backpack,0,flashlight first aid kit water bottle compass,flashlight first aid kit water bottle compass,0,0,0,Q012::0
Part3/outputs/answers_mistral_7b_prompt2.csv,answers_mistral_7b_prompt2,Q012,F,Things in a backpack,1,flashlightfoldableknifefuelwaterfirstaidkitfleecej,flashlightfoldableknifefuelwaterfirstaidkitfleecej,0,0,0,Q012::1
Part3/outputs/answers_mistral_7b_prompt2.csv,answers_mistral_7b_prompt2,Q012,F,Things in a backpack,2,"flashlight, first aid kit, foldable water bottle, fleece jacket","flashlight, first aid kit, foldable water bottle, fleece jacket",1,0,1,Q012::2
Part3/outputs/answers_mistral_7b_prompt2.csv,answers_mistral_7b_prompt2,Q012,F,Things in a backpack,3,flashlight fuel tablets first aid kit fleece jacket folder water bottle compass,flashlight fuel tablets first aid kit fleece jacket folder water bottle compass,0,0,0,Q012::3
Part3/outputs/answers_mistral_7b_prompt2.csv,answers_mistral_7b_prompt2,Q012,F,Things in a backpack,4,"flashlight, first-aid-kit, foldable-backpack, fle","flashlight, first-aid-kit, foldable-backpack, fle",0,0,0,Q012::4
Part3/outputs/answers_mistral_7b_prompt2.csv,answers_mistral_7b_prompt2,Q012,F,Things in a backpack,5,"flashlight, first-aid-kit, folder","flashlight, first-aid-kit, folder",1,0,1,Q012::5
Part3/outputs/answers_mistral_7b_prompt2.csv,answers_mistral_7b_prompt2,Q012,F,Things in a backpack,6,flashlight-first-aid-kit,flashlight-first-aid-kit,0,0,0,Q012::6
Part3/outputs/answers_mistral_7b_prompt2.csv,answers_mistral_7b_prompt2,Q012,F,Things in a backpack,7,"flashlight, firstaidkit, fibonaccibook, foldablechair","flashlight, firstaidkit, fibonaccibook, foldablechair",0,0,0,Q012::7
Part3/outputs/answers_mistral_7b_prompt2.csv,answers_mistral_7b_prompt2,Q012,F,Things in a backpack,8,"flashlight, first aid kit, foldable water bottle, fuel canister,","flashlight, first aid kit, foldable water bottle, fuel canister",1,0,1,Q012::8
Part3/outputs/answers_mistral_7b_prompt2.csv,answers_mistral_7b_prompt2,Q012,F,Things in a backpack,9,"flashlight, first-aid kit, fitness band, foldable water bottle,","flashlight, first-aid kit, fitness band, foldable water bottle",1,0,1,Q012::9
Part3/outputs/answers_mistral_7b_prompt2.csv,answers_mistral_7b_prompt2,Q012,F,Things in a backpack,10,flashlight-first-aid-kit-foldable-fork-fac,flashlight-first-aid-kit-foldable-fork-fac,0,0,0,Q012::10
Part3/outputs/answers_mistral_7b_prompt2.csv,answers_mistral_7b_prompt2,Q012,F,Things in a backpack,11,flashlightfishingpolefirstaidkitfolderfoldingchair,flashlightfishingpolefirstaidkitfolderfoldingchair,0,0,0,Q012::11
Part3/outputs/answers_mistral_7b_prompt2.csv,answers_mistral_7b_prompt2,Q012,F,Things in a backpack,12,"flashlight, first-aid-kit, foldable-knife, fishing","flashlight, first-aid-kit, foldable-knife, fishing",1,0,1,Q012::12
Part3/outputs/answers_mistral_7b_prompt2.csv,answers_mistral_7b_prompt2,Q012,F,Things in a backpack,13,"flashlight, first-aid-kit, fiber, fleece, fib","flashlight, first-aid-kit, fiber, fleece, fib",0,0,0,Q012::13
Part3/outputs/answers_mistral_7b_prompt2.csv,answers_mistral_7b_prompt2,Q012,F,Things in a backpack,14,flashlight first aid kit foldable chair water bottle food bars map,flashlight first aid kit foldable chair water bottle food bars map,0,0,0,Q012::14
Part3/outputs/answers_mistral_7b_prompt2.csv,answers_mistral_7b_prompt2,Q012,F,Things in a backpack,15,"flashlight, first-aid-kit, fleece-jacket,","flashlight, first-aid-kit, fleece-jacket",1,0,1,Q012::15
Part3/outputs/answers_mistral_7b_prompt2.csv,answers_mistral_7b_prompt2,Q012,F,Things in a backpack,16,flashlightfirstaidkitfoldingknifefruitrollupsfnoodles,flashlightfirstaidkitfoldingknifefruitrollupsfnoodles,0,0,0,Q012::16
Part3/outputs/answers_mistral_7b_prompt2.csv,answers_mistral_7b_prompt2,Q012,F,Things in a backpack,17,flashlight first aid kit foldable chair foam pad fuel canister,flashlight first aid kit foldable chair foam pad fuel canister,0,0,0,Q012::17
Part3/outputs/answers_mistral_7b_prompt2.csv,answers_mistral_7b_prompt2,Q012,F,Things in a backpack,18,flashlight first aid kit foldable backpack,flashlight first aid kit foldable backpack,0,0,0,Q012::18
Part3/outputs/answers_mistral_7b_prompt2.csv,answers_mistral_7b_prompt2,Q012,F,Things in a backpack,19,flashlight first-aid-kit fiber-rich-snack foldable-,flashlight first-aid-kit fiber-rich-snack foldable,0,0,0,Q012::19
Part3/outputs/answers_mistral_7b_prompt2.csv,answers_mistral_7b_prompt2,Q013,G,U.S. states,0,california-golden,california-golden,0,0,0,Q013::0
Part3/outputs/answers_mistral_7b_prompt2.csv,answers_mistral_7b_prompt2,Q013,G,U.S. states,1,grays harbor,grays harbor,0,0,0,Q013::1
Part3/outputs/answers_mistral_7b_prompt2.csv,answers_mistral_7b_prompt2,Q013,G,U.S. states,2,georgia (gulf),georgia (gulf,0,0,0,Q013::2
Part3/outputs/answers_mistral_7b_prompt2.csv,answers_mistral_7b_prompt2,Q013,G,U.S. states,3,grays harbor,grays harbor,0,0,0,Q013::3
Part3/outputs/answers_mistral_7b_prompt2.csv,answers_mistral_7b_prompt2,Q013,G,U.S. states,4,grays harbor,grays harbor,0,0,0,Q013::4
Part3/outputs/answers_mistral_7b_prompt2.csv,answers_mistral_7b_prompt2,Q013,G,U.S. states,5,georgia (gulf),georgia (gulf,0,0,0,Q013::5
Part3/outputs/answers_mistral_7b_prompt2.csv,answers_mistral_7b_prompt2,Q013,G,U.S. states,6,grays harbor,grays harbor,0,0,0,Q013::6
Part3/outputs/answers_mistral_7b_prompt2.csv,answers_mistral_7b_prompt2,Q013,G,U.S. states,7,georgia (gulf),georgia (gulf,0,0,0,Q013::7
Part3/outputs/answers_mistral_7b_prompt2.csv,answers_mistral_7b_prompt2,Q013,G,U.S. states,8,georgia,georgia,1,1,0,Q013::8
Part3/outputs/answers_mistral_7b_prompt2.csv,answers_mistral_7b_prompt2,Q013,G,U.S. states,9,virginia gulf,virginia gulf,0,0,0,Q013::9
Part3/outputs/answers_mistral_7b_prompt2.csv,answers_mistral_7b_prompt2,Q013,G,U.S. states,10,granite-shore,granite-shore,0,0,0,Q013::10
Part3/outputs/answers_mistral_7b_prompt2.csv,answers_mistral_7b_prompt2,Q013,G,U.S. states,11,grays-harbor,grays-harbor,0,0,0,Q013::11
Part3/outputs/answers_mistral_7b_prompt2.csv,answers_mistral_7b_prompt2,Q013,G,U.S. states,12,florida gulf,florida gulf,0,0,0,Q013::12
Part3/outputs/answers_mistral_7b_prompt2.csv,answers_mistral_7b_prompt2,Q013,G,U.S. states,13,granite-shores-new-hampshire,granite-shores-new-hampshire,0,0,0,Q013::13
Part3/outputs/answers_mistral_7b_prompt2.csv,answers_mistral_7b_prompt2,Q013,G,U.S. states,14,virginia,virginia,0,0,0,Q013::14
Part3/outputs/answers_mistral_7b_prompt2.csv,answers_mistral_7b_prompt2,Q013,G,U.S. states,15,georgia (gulf),georgia (gulf,0,0,0,Q013::15
Part3/outputs/answers_mistral_7b_prompt2.csv,answers_mistral_7b_prompt2,Q013,G,U.S. states,16,grays harbor,grays harbor,0,0,0,Q013::16
Part3/outputs/answers_mistral_7b_prompt2.csv,answers_mistral_7b_prompt2,Q013,G,U.S. states,17,grays harbor,grays harbor,0,0,0,Q013::17
Part3/outputs/answers_mistral_7b_prompt2.csv,answers_mistral_7b_prompt2,Q013,G,U.S. states,18,grand canyon state (arizona),grand canyon state (arizona,0,0,0,Q013::18
Part3/outputs/answers_mistral_7b_prompt2.csv,answers_mistral_7b_prompt2,Q013,G,U.S. states,19,grays harbor,grays harbor,0,0,0,Q013::19
Part3/outputs/answers_mistral_7b_prompt2.csv,answers_mistral_7b_prompt2,Q014,G,Foods,0,granadilla gel,granadilla gel,0,0,0,Q014::0
Part3/outputs/answers_mistral_7b_prompt2.csv,answers_mistral_7b_prompt2,Q014,G,Foods,1,grits cake,grits cake,0,0,0,Q014::1
Part3/outputs/answers_mistral_7b_prompt2.csv,answers_mistral_7b_prompt2,Q014,G,Foods,2,granadilla gel,granadilla gel,0,0,0,Q014::2
Part3/outputs/answers_mistral_7b_prompt2.csv,answers_mistral_7b_prompt2,Q014,G,Foods,3,grits garbanzo galette,grits garbanzo galette,1,0,1,Q014::3
Part3/outputs/answers_mistral_7b_prompt2.csv,answers_mistral_7b_prompt2,Q014,G,Foods,4,grits garbanzo gelato guava ganache goulash,grits garbanzo gelato guava ganache goulash,1,0,1,Q014::4
Part3/outputs/answers_mistral_7b_prompt2.csv,answers_mistral_7b_prompt2,Q014,G,Foods,5,grapefruit granola,grapefruit granola,0,0,0,Q014::5
Part3/outputs/answers_mistral_7b_prompt2.csv,answers_mistral_7b_prompt2,Q014,G,Foods,6,grilled cheese garbanzo guacamole,grilled cheese garbanzo guacamole,1,0,1,Q014::6
Part3/outputs/answers_mistral_7b_prompt2.csv,answers_mistral_7b_prompt2,Q014,G,Foods,7,grapefruit granola,grapefruit granola,0,0,0,Q014::7
Part3/outputs/answers_mistral_7b_prompt2.csv,answers_mistral_7b_prompt2,Q014,G,Foods,8,grits garbanzo guacamole gorgonzola goat,grits garbanzo guacamole gorgonzola goat,1,0,1,Q014::8
Part3/outputs/answers_mistral_7b_prompt2.csv,answers_mistral_7b_prompt2,Q014,G,Foods,9,gorgonzola cheese,gorgonzola cheese,1,0,1,Q014::9
Part3/outputs/answers_mistral_7b_prompt2.csv,answers_mistral_7b_prompt2,Q014,G,Foods,10,grits cake,grits cake,0,0,0,Q014::10
Part3/outputs/answers_mistral_7b_prompt2.csv,answers_mistral_7b_prompt2,Q014,G,Foods,11,grapefruit gorgonzola,grapefruit gorgonzola,1,0,1,Q014::11
Part3/outputs/answers_mistral_7b_prompt2.csv,answers_mistral_7b_prompt2,Q014,G,Foods,12,grits cake,grits cake,0,0,0,Q014::12
Part3/outputs/answers_mistral_7b_prompt2.csv,answers_mistral_7b_prompt2,Q014,G,Foods,13,garlic bread,garlic bread,1,0,1,Q014::13
Part3/outputs/answers_mistral_7b_prompt2.csv,answers_mistral_7b_prompt2,Q014,G,Foods,14,gorgonzola cheese,gorgonzola cheese,1,0,1,Q014::14
Part3/outputs/answers_mistral_7b_prompt2.csv,answers_mistral_7b_prompt2,Q014,G,Foods,15,grits guacamole gelato gingerbread gazpacho g,grits guacamole gelato gingerbread gazpacho g,1,0,1,Q014::15
Part3/outputs/answers_mistral_7b_prompt2.csv,answers_mistral_7b_prompt2,Q014,G,Foods,16,gorgonzola cheese,gorgonzola cheese,1,0,1,Q014::16
Part3/outputs/answers_mistral_7b_prompt2.csv,answers_mistral_7b_prompt2,Q014,G,Foods,17,gourmet pizza,gourmet pizza,1,0,1,Q014::17
Part3/outputs/answers_mistral_7b_prompt2.csv,answers_mistral_7b_prompt2,Q014,G,Foods,18,granola bars,granola bars,1,0,1,Q014::18
Part3/outputs/answers_mistral_7b_prompt2.csv,answers_mistral_7b_prompt2,Q014,G,Foods,19,gritsake,gritsake,0,0,0,Q014::19
Part3/outputs/answers_mistral_7b_prompt2.csv,answers_mistral_7b_prompt2,Q015,H,Famous scientists,0,herodotus,herodotus,0,0,0,Q015::0
Part3/outputs/answers_mistral_7b_prompt2.csv,answers_mistral_7b_prompt2,Q015,H,Famous scientists,1,hawking,hawking,1,0,1,Q015::1
Part3/outputs/answers_mistral_7b_prompt2.csv,answers_mistral_7b_prompt2,Q015,H,Famous scientists,2,hugo de vries,hugo de vries,1,0,1,Q015::2
Part3/outputs/answers_mistral_7b_prompt2.csv,answers_mistral_7b_prompt2,Q015,H,Famous scientists,3,galileo helix,galileo helix,0,0,0,Q015::3
Part3/outputs/answers_mistral_7b_prompt2.csv,answers_mistral_7b_prompt2,Q015,H,Famous scientists,4,herman helveg jacobsen,herman helveg jacobsen,0,0,0,Q015::4
Part3/outputs/answers_mistral_7b_prompt2.csv,answers_mistral_7b_prompt2,Q015,H,Famous scientists,5,galileo helianus,galileo helianus,0,0,0,Q015::5
Part3/outputs/answers_mistral_7b_prompt2.csv,answers_mistral_7b_prompt2,Q015,H,Famous scientists,6,hermann helmholtz,hermann helmholtz,1,0,1,Q015::6
Part3/outputs/answers_mistral_7b_prompt2.csv,answers_mistral_7b_prompt2,Q015,H,Famous scientists,7,herodotus,herodotus,0,0,0,Q015::7
Part3/outputs/answers_mistral_7b_prompt2.csv,answers_mistral_7b_prompt2,Q015,H,Famous scientists,8,galileo helianus,galileo helianus,0,0,0,Q015::8
Part3/outputs/answers_mistral_7b_prompt2.csv,answers_mistral_7b_prompt2,Q015,H,Famous scientists,9,galileo helios,galileo helios,0,0,0,Q015::9
Part3/outputs/answers_mistral_7b_prompt2.csv,answers_mistral_7b_prompt2,Q015,H,Famous scientists,10,henry davy,henry davy,0,0,0,Q015::10
Part3/outputs/answers_mistral_7b_prompt2.csv,answers_mistral_7b_prompt2,Q015,H,Famous scientists,11,galileo herbert,galileo herbert,0,0,0,Q015::11
Part3/outputs/answers_mistral_7b_prompt2.csv,answers_mistral_7b_prompt2,Q015,H,Famous scientists,12,archimedes,archimedes,0,0,0,Q015::12
Part3/outputs/answers_mistral_7b_prompt2.csv,answers_mistral_7b_prompt2,Q015,H,Famous scientists,13,heisenberg,heisenberg,1,0,1,Q015::13
Part3/outputs/answers_mistral_7b_prompt2.csv,answers_mistral_7b_prompt2,Q015,H,Famous scientists,14,archimedes,archimedes,0,0,0,Q015::14
Part3/outputs/answers_mistral_7b_prompt2.csv,answers_mistral_7b_prompt2,Q015,H,Famous scientists,15,galileo helios,galileo helios,0,0,0,Q015::15
Part3/outputs/answers_mistral_7b_prompt2.csv,answers_mistral_7b_prompt2,Q015,H,Famous scientists,16,heinrich hertz,heinrich hertz,1,0,1,Q015::16
Part3/outputs/answers_mistral_7b_prompt2.csv,answers_mistral_7b_prompt2,Q015,H,Famous scientists,17,galileo helios,galileo helios,0,0,0,Q015::17
Part3/outputs/answers_mistral_7b_prompt2.csv,answers_mistral_7b_prompt2,Q015,H,Famous scientists,18,hermann oppenheimer,hermann oppenheimer,0,0,0,Q015::18
Part3/outputs/answers_mistral_7b_prompt2.csv,answers_mistral_7b_prompt2,Q015,H,Famous scientists,19,hermann julius müller,hermann julius müller,0,0,0,Q015::19
Part3/outputs/answers_mistral_7b_prompt2.csv,answers_mistral_7b_prompt2,Q016,H,Things at the beach,0,hammock,hammock,1,0,1,Q016::0
Part3/outputs/answers_mistral_7b_prompt2.csv,answers_mistral_7b_prompt2,Q016,H,Things at the beach,1,hammockelephant,hammockelephant,0,0,0,Q016::1
Part3/outputs/answers_mistral_7b_prompt2.csv,answers_mistral_7b_prompt2,Q016,H,Things at the beach,2,hammerhead shark,hammerhead shark,0,0,0,Q016::2
Part3/outputs/answers_mistral_7b_prompt2.csv,answers_mistral_7b_prompt2,Q016,H,Things at the beach,3,hammockstand,hammockstand,0,0,0,Q016::3
Part3/outputs/answers_mistral_7b_prompt2.csv,answers_mistral_7b_prompt2,Q016,H,Things at the beach,4,hammerhead shark,hammerhead shark,0,0,0,Q016::4
Part3/outputs/answers_mistral_7b_prompt2.csv,answers_mistral_7b_prompt2,Q016,H,Things at the beach,5,hammerhead shark,hammerhead shark,0,0,0,Q016::5
Part3/outputs/answers_mistral_7b_prompt2.csv,answers_mistral_7b_prompt2,Q016,H,Things at the beach,6,hammock stand,hammock stand,0,0,0,Q016::6
Part3/outputs/answers_mistral_7b_prompt2.csv,answers_mistral_7b_prompt2,Q016,H,Things at the beach,7,hammock stands,hammock stands,0,0,0,Q016::7
Part3/outputs/answers_mistral_7b_prompt2.csv,answers_mistral_7b_prompt2,Q016,H,Things at the beach,8,hammerhead shark,hammerhead shark,0,0,0,Q016::8
Part3/outputs/answers_mistral_7b_prompt2.csv,answers_mistral_7b_prompt2,Q016,H,Things at the beach,9,"hammockey

Explanation: The answer Hammock is a",hammockey explanation: the answer hammock is a,0,0,0,Q016::9
Part3/outputs/answers_mistral_7b_prompt2.csv,answers_mistral_7b_prompt2,Q016,H,Things at the beach,10,seashells habitat,seashells habitat,0,0,0,Q016::10
Part3/outputs/answers_mistral_7b_prompt2.csv,answers_mistral_7b_prompt2,Q016,H,Things at the beach,11,hammock,hammock,1,0,1,Q016::11
Part3/outputs/answers_mistral_7b_prompt2.csv,answers_mistral_7b_prompt2,Q016,H,Things at the beach,12,hammock sunscreen inflatable raft cooler,hammock sunscreen inflatable raft cooler,1,0,1,Q016::12
Part3/outputs/answers_mistral_7b_prompt2.csv,answers_mistral_7b_prompt2,Q016,H,Things at the beach,13,hammerhead shark,hammerhead shark,0,0,0,Q016::13
Part3/outputs/answers_mistral_7b_prompt2.csv,answers_mistral_7b_prompt2,Q016,H,Things at the beach,14,hammock,hammock,1,0,1,Q016::14
Part3/outputs/answers_mistral_7b_prompt2.csv,answers_mistral_7b_prompt2,Q016,H,Things at the beach,15,hermit crab hole,hermit crab hole,1,0,1,Q016::15
Part3/outputs/answers_mistral_7b_prompt2.csv,answers_mistral_7b_prompt2,Q016,H,Things at the beach,16,hammockstand,hammockstand,0,0,0,Q016::16
Part3/outputs/answers_mistral_7b_prompt2.csv,answers_mistral_7b_prompt2,Q016,H,Things at the beach,17,hammerhead shark,hammerhead shark,0,0,0,Q016::17
Part3/outputs/answers_mistral_7b_prompt2.csv,answers_mistral_7b_prompt2,Q016,H,Things at the beach,18,seashell hammerhead shark,seashell hammerhead shark,0,0,0,Q016::18
Part3/outputs/answers_mistral_7b_prompt2.csv,answers_mistral_7b_prompt2,Q016,H,Things at the beach,19,hammockstand,hammockstand,0,0,0,Q016::19
Part3/outputs/answers_mistral_7b_prompt2.csv,answers_mistral_7b_prompt2,Q017,I,Cities,0,indianapolis,indianapolis,1,1,0,Q017::0
Part3/outputs/answers_mistral_7b_prompt2.csv,answers_mistral_7b_prompt2,Q017,I,Cities,1,ibiza,ibiza,0,0,0,Q017::1
Part3/outputs/answers_mistral_7b_prompt2.csv,answers_mistral_7b_prompt2,Q017,I,Cities,2,indianaopolis,indianaopolis,0,0,0,Q017::2
Part3/outputs/answers_mistral_7b_prompt2.csv,answers_mistral_7b_prompt2,Q017,I,Cities,3,ibiza,ibiza,0,0,0,Q017::3
Part3/outputs/answers_mistral_7b_prompt2.csv,answers_mistral_7b_prompt2,Q017,I,Cities,4,indianapolis,indianapolis,1,0,1,Q017::4
Part3/outputs/answers_mistral_7b_prompt2.csv,answers_mistral_7b_prompt2,Q017,I,Cities,5,innsbruck,innsbruck,1,0,1,Q017::5
Part3/outputs/answers_mistral_7b_prompt2.csv,answers_mistral_7b_prompt2,Q017,I,Cities,6,indianapolis,indianapolis,1,1,0,Q017::6
Part3/outputs/answers_mistral_7b_prompt2.csv,answers_mistral_7b_prompt2,Q017,I,Cities,7,indianapolis,indianapolis,1,0,1,Q017::7
Part3/outputs/answers_mistral_7b_prompt2.csv,answers_mistral_7b_prompt2,Q017,I,Cities,8,indianapolis,indianapolis,1,0,1,Q017::8
Part3/outputs/answers_mistral_7b_prompt2.csv,answers_mistral_7b_prompt2,Q017,I,Cities,9,iceland (Reykjavik),iceland (reykjavik,0,0,0,Q017::9
Part3/outputs/answers_mistral_7b_prompt2.csv,answers_mistral_7b_prompt2,Q017,I,Cities,10,indianapolis,indianapolis,1,0,1,Q017::10
Part3/outputs/answers_mistral_7b_prompt2.csv,answers_mistral_7b_prompt2,Q017,I,Cities,11,innsbruck,innsbruck,1,0,1,Q017::11
Part3/outputs/answers_mistral_7b_prompt2.csv,answers_mistral_7b_prompt2,Q017,I,Cities,12,indianaopolis,indianaopolis,0,0,0,Q017::12
Part3/outputs/answers_mistral_7b_prompt2.csv,answers_mistral_7b_prompt2,Q017,I,Cities,13,irkutsk,irkutsk,1,0,1,Q017::13
Part3/outputs/answers_mistral_7b_prompt2.csv,answers_mistral_7b_prompt2,Q017,I,Cities,14,indianapolis,indianapolis,1,1,0,Q017::14
Part3/outputs/answers_mistral_7b_prompt2.csv,answers_mistral_7b_prompt2,Q017,I,Cities,15,indianaopolis,indianaopolis,0,0,0,Q017::15
Part3/outputs/answers_mistral_7b_prompt2.csv,answers_mistral_7b_prompt2,Q017,I,Cities,16,indianapolis,indianapolis,1,1,0,Q017::16
Part3/outputs/answers_mistral_7b_prompt2.csv,answers_mistral_7b_prompt2,Q017,I,Cities,17,indianapolis,indianapolis,1,1,0,Q017::17
Part3/outputs/answers_mistral_7b_prompt2.csv,answers_mistral_7b_prompt2,Q017,I,Cities,18,ibiza,ibiza,0,0,0,Q017::18
Part3/outputs/answers_mistral_7b_prompt2.csv,answers_mistral_7b_prompt2,Q017,I,Cities,19,innsbruck,innsbruck,1,0,1,Q017::19
Part3/outputs/answers_mistral_7b_prompt2.csv,answers_mistral_7b_prompt2,Q018,I,Things in a classroom,0,"desk lamp

By avoiding overused options like 'apple' or 'eras",desk lamp by avoiding overused options like 'apple' or 'eras,1,0,1,Q018::0
Part3/outputs/answers_mistral_7b_prompt2.csv,answers_mistral_7b_prompt2,Q018,I,Things in a classroom,1,inkwell,inkwell,1,0,1,Q018::1
Part3/outputs/answers_mistral_7b_prompt2.csv,answers_mistral_7b_prompt2,Q018,I,Things in a classroom,2,chalkboard eraser,chalkboard eraser,0,0,0,Q018::2
Part3/outputs/answers_mistral_7b_prompt2.csv,answers_mistral_7b_prompt2,Q018,I,Things in a classroom,3,blackboard eraser,blackboard eraser,0,0,0,Q018::3
Part3/outputs/answers_mistral_7b_prompt2.csv,answers_mistral_7b_prompt2,Q018,I,Things in a classroom,4,"desk lamp

Just to clarify, I tried to choose a common and","desk lamp just to clarify, i tried to choose a common and",1,0,1,Q018::4
Part3/outputs/answers_mistral_7b_prompt2.csv,answers_mistral_7b_prompt2,Q018,I,Things in a classroom,5,"desk lamp

For other letter-category combinations, you can reference this guide","desk lamp for other letter-category combinations, you can reference this guide",1,0,1,Q018::5
Part3/outputs/answers_mistral_7b_prompt2.csv,answers_mistral_7b_prompt2,Q018,I,Things in a classroom,6,"desk lamp

By avoiding the obvious default choice of ""desk"", I","desk lamp by avoiding the obvious default choice of ""desk"", i",1,0,1,Q018::6
Part3/outputs/answers_mistral_7b_prompt2.csv,answers_mistral_7b_prompt2,Q018,I,Things in a classroom,7,"desk lamp

Here are some additional unique answers for this category that start with",desk lamp here are some additional unique answers for this category that start with,1,0,1,Q018::7
Part3/outputs/answers_mistral_7b_prompt2.csv,answers_mistral_7b_prompt2,Q018,I,Things in a classroom,8,"blackboard eraser

For clarification: The most common and realistic,",blackboard eraser for clarification: the most common and realistic,1,0,1,Q018::8
Part3/outputs/answers_mistral_7b_prompt2.csv,answers_mistral_7b_prompt2,Q018,I,Things in a classroom,9,deskmate,deskmate,0,0,0,Q018::9
Part3/outputs/answers_mistral_7b_prompt2.csv,answers_mistral_7b_prompt2,Q018,I,Things in a classroom,10,"desk lamp

Explanation: This answer fits the criteria by being a",desk lamp explanation: this answer fits the criteria by being a,1,0,1,Q018::10
Part3/outputs/answers_mistral_7b_prompt2.csv,answers_mistral_7b_prompt2,Q018,I,Things in a classroom,11,"blackboard eraser

Note: While the blackboard eraser is a",blackboard eraser note: while the blackboard eraser is a,1,0,1,Q018::11
Part3/outputs/answers_mistral_7b_prompt2.csv,answers_mistral_7b_prompt2,Q018,I,Things in a classroom,12,desk chair eraser pencil ruler chalkboard duster books calculator,desk chair eraser pencil ruler chalkboard duster books calculator,1,0,1,Q018::12
Part3/outputs/answers_mistral_7b_prompt2.csv,answers_mistral_7b_prompt2,Q018,I,Things in a classroom,13,blackboard eraser,blackboard eraser,0,0,0,Q018::13
Part3/outputs/answers_mistral_7b_prompt2.csv,answers_mistral_7b_prompt2,Q018,I,Things in a classroom,14,"desk lamp

For more Scattergories help, see my previous responses","desk lamp for more scattergories help, see my previous responses",1,0,1,Q018::14
Part3/outputs/answers_mistral_7b_prompt2.csv,answers_mistral_7b_prompt2,Q018,I,Things in a classroom,15,"blackboard eraser

Explanation: The Blackboard Eraser is",blackboard eraser explanation: the blackboard eraser is,1,0,1,Q018::15
Part3/outputs/answers_mistral_7b_prompt2.csv,answers_mistral_7b_prompt2,Q018,I,Things in a classroom,16,blackboard eraser,blackboard eraser,0,0,0,Q018::16
Part3/outputs/answers_mistral_7b_prompt2.csv,answers_mistral_7b_prompt2,Q018,I,Things in a classroom,17,desk lamp eraser ruler glue projector,desk lamp eraser ruler glue projector,1,0,1,Q018::17
Part3/outputs/answers_mistral_7b_prompt2.csv,answers_mistral_7b_prompt2,Q018,I,Things in a classroom,18,desk lamp eraser ruler chalk board marker,desk lamp eraser ruler chalk board marker,0,0,0,Q018::18
Part3/outputs/answers_mistral_7b_prompt2.csv,answers_mistral_7b_prompt2,Q018,I,Things in a classroom,19,chalkboard eraser,chalkboard eraser,0,0,0,Q018::19
Part3/outputs/answers_mistral_7b_prompt2.csv,answers_mistral_7b_prompt2,Q019,J,Car brands,0,jaguar,jaguar,1,1,0,Q019::0
Part3/outputs/answers_mistral_7b_prompt2.csv,answers_mistral_7b_prompt2,Q019,J,Car brands,1,jaguar,jaguar,1,1,0,Q019::1
Part3/outputs/answers_mistral_7b_prompt2.csv,answers_mistral_7b_prompt2,Q019,J,Car brands,2,jaguar,jaguar,1,1,0,Q019::2
Part3/outputs/answers_mistral_7b_prompt2.csv,answers_mistral_7b_prompt2,Q019,J,Car brands,3,jaguar,jaguar,1,1,0,Q019::3
Part3/outputs/answers_mistral_7b_prompt2.csv,answers_mistral_7b_prompt2,Q019,J,Car brands,4,jaguar,jaguar,1,1,0,Q019::4
Part3/outputs/answers_mistral_7b_prompt2.csv,answers_mistral_7b_prompt2,Q019,J,Car brands,5,jaguar,jaguar,1,1,0,Q019::5
Part3/outputs/answers_mistral_7b_prompt2.csv,answers_mistral_7b_prompt2,Q019,J,Car brands,6,jaguar,jaguar,1,1,0,Q019::6
Part3/outputs/answers_mistral_7b_prompt2.csv,answers_mistral_7b_prompt2,Q019,J,Car brands,7,jaguar,jaguar,1,1,0,Q019::7
Part3/outputs/answers_mistral_7b_prompt2.csv,answers_mistral_7b_prompt2,Q019,J,Car brands,8,jaguar,jaguar,1,1,0,Q019::8
Part3/outputs/answers_mistral_7b_prompt2.csv,answers_mistral_7b_prompt2,Q019,J,Car brands,9,jaguar,jaguar,1,1,0,Q019::9
Part3/outputs/answers_mistral_7b_prompt2.csv,answers_mistral_7b_prompt2,Q019,J,Car brands,10,jaguar,jaguar,1,1,0,Q019::10
Part3/outputs/answers_mistral_7b_prompt2.csv,answers_mistral_7b_prompt2,Q019,J,Car brands,11,jaguar,jaguar,1,1,0,Q019::11
Part3/outputs/answers_mistral_7b_prompt2.csv,answers_mistral_7b_prompt2,Q019,J,Car brands,12,jaguar,jaguar,1,1,0,Q019::12
Part3/outputs/answers_mistral_7b_prompt2.csv,answers_mistral_7b_prompt2,Q019,J,Car brands,13,jaguar,jaguar,1,1,0,Q019::13
Part3/outputs/answers_mistral_7b_prompt2.csv,answers_mistral_7b_prompt2,Q019,J,Car brands,14,jaguar,jaguar,1,1,0,Q019::14
Part3/outputs/answers_mistral_7b_prompt2.csv,answers_mistral_7b_prompt2,Q019,J,Car brands,15,jaguar,jaguar,1,1,0,Q019::15
Part3/outputs/answers_mistral_7b_prompt2.csv,answers_mistral_7b_prompt2,Q019,J,Car brands,16,jaguar,jaguar,1,1,0,Q019::16
Part3/outputs/answers_mistral_7b_prompt2.csv,answers_mistral_7b_prompt2,Q019,J,Car brands,17,jaguar,jaguar,1,1,0,Q019::17
Part3/outputs/answers_mistral_7b_prompt2.csv,answers_mistral_7b_prompt2,Q019,J,Car brands,18,jaguar,jaguar,1,1,0,Q019::18
Part3/outputs/answers_mistral_7b_prompt2.csv,answers_mistral_7b_prompt2,Q019,J,Car brands,19,jaguar,jaguar,1,1,0,Q019::19
Part3/outputs/answers_mistral_7b_prompt2.csv,answers_mistral_7b_prompt2,Q020,J,Video game titles,0,jeweled-heist,jeweled-heist,0,0,0,Q020::0
Part3/outputs/answers_mistral_7b_prompt2.csv,answers_mistral_7b_prompt2,Q020,J,Video game titles,1,jungle_rush,jungle_rush,0,0,0,Q020::1
Part3/outputs/answers_mistral_7b_prompt2.csv,answers_mistral_7b_prompt2,Q020,J,Video game titles,2,juggernaut.jackal.journey,juggernaut.jackal.journey,0,0,0,Q020::2
Part3/outputs/answers_mistral_7b_prompt2.csv,answers_mistral_7b_prompt2,Q020,J,Video game titles,3,jailbreak jurassic park jackbox jellybean journey,jailbreak jurassic park jackbox jellybean journey,0,0,0,Q020::3
Part3/outputs/answers_mistral_7b_prompt2.csv,answers_mistral_7b_prompt2,Q020,J,Video game titles,4,jetsetterjoust,jetsetterjoust,0,0,0,Q020::4
Part3/outputs/answers_mistral_7b_prompt2.csv,answers_mistral_7b_prompt2,Q020,J,Video game titles,5,jedi academy,jedi academy,1,0,1,Q020::5
Part3/outputs/answers_mistral_7b_prompt2.csv,answers_mistral_7b_prompt2,Q020,J,Video game titles,6,jungle.quest,jungle.quest,0,0,0,Q020::6
Part3/outputs/answers_mistral_7b_prompt2.csv,answers_mistral_7b_prompt2,Q020,J,Video game titles,7,jungle_joust_revival,jungle_joust_revival,0,0,0,Q020::7
Part3/outputs/answers_mistral_7b_prompt2.csv,answers_mistral_7b_prompt2,Q020,J,Video game titles,8,jungle_heist,jungle_heist,0,0,0,Q020::8
Part3/outputs/answers_mistral_7b_prompt2.csv,answers_mistral_7b_prompt2,Q020,J,Video game titles,9,jetsetters_journey,jetsetters_journey,0,0,0,Q020::9
Part3/outputs/answers_mistral_7b_prompt2.csv,answers_mistral_7b_prompt2,Q020,J,Video game titles,10,jetsettersjinx,jetsettersjinx,0,0,0,Q020::10
Part3/outputs/answers_mistral_7b_prompt2.csv,answers_mistral_7b_prompt2,Q020,J,Video game titles,11,jetsetters_jamboree,jetsetters_jamboree,0,0,0,Q020::11
Part3/outputs/answers_mistral_7b_prompt2.csv,answers_mistral_7b_prompt2,Q020,J,Video game titles,12,jetsettersjungle,jetsettersjungle,0,0,0,Q020::12
Part3/outputs/answers_mistral_7b_prompt2.csv,answers_mistral_7b_prompt2,Q020,J,Video game titles,13,jetsetters-judgment,jetsetters-judgment,0,0,0,Q020::13
Part3/outputs/answers_mistral_7b_prompt2.csv,answers_mistral_7b_prompt2,Q020,J,Video game titles,14,jetsetterjinx,jetsetterjinx,0,0,0,Q020::14
Part3/outputs/answers_mistral_7b_prompt2.csv,answers_mistral_7b_prompt2,Q020,J,Video game titles,15,jetsetters.jam,jetsetters.jam,0,0,0,Q020::15
Part3/outputs/answers_mistral_7b_prompt2.csv,answers_mistral_7b_prompt2,Q020,J,Video game titles,16,jetsetters junction,jetsetters junction,0,0,0,Q020::16
Part3/outputs/answers_mistral_7b_prompt2.csv,answers_mistral_7b_prompt2,Q020,J,Video game titles,17,"jetsetters journey

[In this category, I avoided the obvious default","jetsetters journey [in this category, i avoided the obvious default",0,0,0,Q020::17
Part3/outputs/answers_mistral_7b_prompt2.csv,answers_mistral_7b_prompt2,Q020,J,Video game titles,18,jungle_quest_journey,jungle_quest_journey,0,0,0,Q020::18
Part3/outputs/answers_mistral_7b_prompt2.csv,answers_mistral_7b_prompt2,Q020,J,Video game titles,19,jetsetters_curse,jetsetters_curse,0,0,0,Q020::19
Part3/outputs/answers_mistral_7b_prompt2.csv,answers_mistral_7b_prompt2,Q021,K,Superheroes,0,kryptonite-man,kryptonite-man,0,0,0,Q021::0
Part3/outputs/answers_mistral_7b_prompt2.csv,answers_mistral_7b_prompt2,Q021,K,Superheroes,1,kryptonian,kryptonian,0,0,0,Q021::1
Part3/outputs/answers_mistral_7b_prompt2.csv,answers_mistral_7b_prompt2,Q021,K,Superheroes,2,kryptonite-man,kryptonite-man,0,0,0,Q021::2
Part3/outputs/answers_mistral_7b_prompt2.csv,answers_mistral_7b_prompt2,Q021,K,Superheroes,3,kryptonite-man,kryptonite-man,0,0,0,Q021::3
Part3/outputs/answers_mistral_7b_prompt2.csv,answers_mistral_7b_prompt2,Q021,K,Superheroes,4,kryptonian,kryptonian,0,0,0,Q021::4
Part3/outputs/answers_mistral_7b_prompt2.csv,answers_mistral_7b_prompt2,Q021,K,Superheroes,5,kryptonianman,kryptonianman,0,0,0,Q021::5
Part3/outputs/answers_mistral_7b_prompt2.csv,answers_mistral_7b_prompt2,Q021,K,Superheroes,6,kryptonite-man,kryptonite-man,0,0,0,Q021::6
Part3/outputs/answers_mistral_7b_prompt2.csv,answers_mistral_7b_prompt2,Q021,K,Superheroes,7,kryptonian,kryptonian,0,0,0,Q021::7
Part3/outputs/answers_mistral_7b_prompt2.csv,answers_mistral_7b_prompt2,Q021,K,Superheroes,8,kryptonian,kryptonian,0,0,0,Q021::8
Part3/outputs/answers_mistral_7b_prompt2.csv,answers_mistral_7b_prompt2,Q021,K,Superheroes,9,kryptonite-man,kryptonite-man,0,0,0,Q021::9
Part3/outputs/answers_mistral_7b_prompt2.csv,answers_mistral_7b_prompt2,Q021,K,Superheroes,10,kryptonian,kryptonian,0,0,0,Q021::10
Part3/outputs/answers_mistral_7b_prompt2.csv,answers_mistral_7b_prompt2,Q021,K,Superheroes,11,kryptonite-man,kryptonite-man,0,0,0,Q021::11
Part3/outputs/answers_mistral_7b_prompt2.csv,answers_mistral_7b_prompt2,Q021,K,Superheroes,12,kryptonite-man,kryptonite-man,0,0,0,Q021::12
Part3/outputs/answers_mistral_7b_prompt2.csv,answers_mistral_7b_prompt2,Q021,K,Superheroes,13,kryptonite-man,kryptonite-man,0,0,0,Q021::13
Part3/outputs/answers_mistral_7b_prompt2.csv,answers_mistral_7b_prompt2,Q021,K,Superheroes,14,kryptonite-man,kryptonite-man,0,0,0,Q021::14
Part3/outputs/answers_mistral_7b_prompt2.csv,answers_mistral_7b_prompt2,Q021,K,Superheroes,15,kryptonite-man,kryptonite-man,0,0,0,Q021::15
Part3/outputs/answers_mistral_7b_prompt2.csv,answers_mistral_7b_prompt2,Q021,K,Superheroes,16,kryptonian,kryptonian,0,0,0,Q021::16
Part3/outputs/answers_mistral_7b_prompt2.csv,answers_mistral_7b_prompt2,Q021,K,Superheroes,17,kryptonite-man,kryptonite-man,0,0,0,Q021::17
Part3/outputs/answers_mistral_7b_prompt2.csv,answers_mistral_7b_prompt2,Q021,K,Superheroes,18,kryptonite-man,kryptonite-man,0,0,0,Q021::18
Part3/outputs/answers_mistral_7b_prompt2.csv,answers_mistral_7b_prompt2,Q021,K,Superheroes,19,kryptonianman,kryptonianman,0,0,0,Q021::19
Part3/outputs/answers_mistral_7b_prompt2.csv,answers_mistral_7b_prompt2,Q022,K,Things in a grocery store,0,ketchup,ketchup,1,1,0,Q022::0
Part3/outputs/answers_mistral_7b_prompt2.csv,answers_mistral_7b_prompt2,Q022,K,Things in a grocery store,1,ketchup,ketchup,1,0,1,Q022::1
Part3/outputs/answers_mistral_7b_prompt2.csv,answers_mistral_7b_prompt2,Q022,K,Things in a grocery store,2,kiwifruit,kiwifruit,1,0,1,Q022::2
Part3/outputs/answers_mistral_7b_prompt2.csv,answers_mistral_7b_prompt2,Q022,K,Things in a grocery store,3,ketchup,ketchup,1,1,0,Q022::3
Part3/outputs/answers_mistral_7b_prompt2.csv,answers_mistral_7b_prompt2,Q022,K,Things in a grocery store,4,ketchup,ketchup,1,1,0,Q022::4
Part3/outputs/answers_mistral_7b_prompt2.csv,answers_mistral_7b_prompt2,Q022,K,Things in a grocery store,5,ketchup bottles,ketchup bottles,1,0,1,Q022::5
Part3/outputs/answers_mistral_7b_prompt2.csv,answers_mistral_7b_prompt2,Q022,K,Things in a grocery store,6,kiwi fruit,kiwi fruit,1,0,1,Q022::6
Part3/outputs/answers_mistral_7b_prompt2.csv,answers_mistral_7b_prompt2,Q022,K,Things in a grocery store,7,ketchup,ketchup,1,1,0,Q022::7
Part3/outputs/answers_mistral_7b_prompt2.csv,answers_mistral_7b_prompt2,Q022,K,Things in a grocery store,8,ketchup,ketchup,1,1,0,Q022::8
Part3/outputs/answers_mistral_7b_prompt2.csv,answers_mistral_7b_prompt2,Q022,K,Things in a grocery store,9,kiwi cereal,kiwi cereal,0,0,0,Q022::9
Part3/outputs/answers_mistral_7b_prompt2.csv,answers_mistral_7b_prompt2,Q022,K,Things in a grocery store,10,ketchup,ketchup,1,0,1,Q022::10
Part3/outputs/answers_mistral_7b_prompt2.csv,answers_mistral_7b_prompt2,Q022,K,Things in a grocery store,11,kiwi fruit,kiwi fruit,1,0,1,Q022::11
Part3/outputs/answers_mistral_7b_prompt2.csv,answers_mistral_7b_prompt2,Q022,K,Things in a grocery store,12,ketchup packets,ketchup packets,1,0,1,Q022::12
Part3/outputs/answers_mistral_7b_prompt2.csv,answers_mistral_7b_prompt2,Q022,K,Things in a grocery store,13,kiwi crackers,kiwi crackers,0,0,0,Q022::13
Part3/outputs/answers_mistral_7b_prompt2.csv,answers_mistral_7b_prompt2,Q022,K,Things in a grocery store,14,ketchup,ketchup,1,0,1,Q022::14
Part3/outputs/answers_mistral_7b_prompt2.csv,answers_mistral_7b_prompt2,Q022,K,Things in a grocery store,15,kielbasa,kielbasa,1,0,1,Q022::15
Part3/outputs/answers_mistral_7b_prompt2.csv,answers_mistral_7b_prompt2,Q022,K,Things in a grocery store,16,ketchup,ketchup,1,1,0,Q022::16
Part3/outputs/answers_mistral_7b_prompt2.csv,answers_mistral_7b_prompt2,Q022,K,Things in a grocery store,17,kiwi pastry,kiwi pastry,0,0,0,Q022::17
Part3/outputs/answers_mistral_7b_prompt2.csv,answers_mistral_7b_prompt2,Q022,K,Things in a grocery store,18,kielbasa,kielbasa,1,0,1,Q022::18
Part3/outputs/answers_mistral_7b_prompt2.csv,answers_mistral_7b_prompt2,Q022,K,Things in a grocery store,19,kiwifruit kebabs,kiwifruit kebabs,0,0,0,Q022::19
Part3/outputs/answers_mistral_7b_prompt2.csv,answers_mistral_7b_prompt2,Q023,L,Dog breeds,0,basset hound,basset hound,0,0,0,Q023::0
Part3/outputs/answers_mistral_7b_prompt2.csv,answers_mistral_7b_prompt2,Q023,L,Dog breeds,1,lhasa apso,lhasa apso,1,0,1,Q023::1
Part3/outputs/answers_mistral_7b_prompt2.csv,answers_mistral_7b_prompt2,Q023,L,Dog breeds,2,lhasa apso,lhasa apso,1,0,1,Q023::2
Part3/outputs/answers_mistral_7b_prompt2.csv,answers_mistral_7b_prompt2,Q023,L,Dog breeds,3,llewellin setter,llewellin setter,0,0,0,Q023::3
Part3/outputs/answers_mistral_7b_prompt2.csv,answers_mistral_7b_prompt2,Q023,L,Dog breeds,4,lhasa apso,lhasa apso,1,0,1,Q023::4
Part3/outputs/answers_mistral_7b_prompt2.csv,answers_mistral_7b_prompt2,Q023,L,Dog breeds,5,lhasa apso,lhasa apso,1,0,1,Q023::5
Part3/outputs/answers_mistral_7b_prompt2.csv,answers_mistral_7b_prompt2,Q023,L,Dog breeds,6,lhasa apso,lhasa apso,1,0,1,Q023::6
Part3/outputs/answers_mistral_7b_prompt2.csv,answers_mistral_7b_prompt2,Q023,L,Dog breeds,7,lhasa apso,lhasa apso,1,0,1,Q023::7
Part3/outputs/answers_mistral_7b_prompt2.csv,answers_mistral_7b_prompt2,Q023,L,Dog breeds,8,lhasa apso,lhasa apso,1,0,1,Q023::8
Part3/outputs/answers_mistral_7b_prompt2.csv,answers_mistral_7b_prompt2,Q023,L,Dog breeds,9,lhasa apso,lhasa apso,1,0,1,Q023::9
Part3/outputs/answers_mistral_7b_prompt2.csv,answers_mistral_7b_prompt2,Q023,L,Dog breeds,10,bloodhound lurcher,bloodhound lurcher,0,0,0,Q023::10
Part3/outputs/answers_mistral_7b_prompt2.csv,answers_mistral_7b_prompt2,Q023,L,Dog breeds,11,spaniel brittany,spaniel brittany,0,0,0,Q023::11
Part3/outputs/answers_mistral_7b_prompt2.csv,answers_mistral_7b_prompt2,Q023,L,Dog breeds,12,llewellyn setter,llewellyn setter,0,0,0,Q023::12
Part3/outputs/answers_mistral_7b_prompt2.csv,answers_mistral_7b_prompt2,Q023,L,Dog breeds,13,lhasa apso,lhasa apso,1,0,1,Q023::13
Part3/outputs/answers_mistral_7b_prompt2.csv,answers_mistral_7b_prompt2,Q023,L,Dog breeds,14,lhasa apso,lhasa apso,1,0,1,Q023::14
Part3/outputs/answers_mistral_7b_prompt2.csv,answers_mistral_7b_prompt2,Q023,L,Dog breeds,15,lhasa apso,lhasa apso,1,0,1,Q023::15
Part3/outputs/answers_mistral_7b_prompt2.csv,answers_mistral_7b_prompt2,Q023,L,Dog breeds,16,lhasa apso,lhasa apso,1,0,1,Q023::16
Part3/outputs/answers_mistral_7b_prompt2.csv,answers_mistral_7b_prompt2,Q023,L,Dog breeds,17,lhasa apso,lhasa apso,1,0,1,Q023::17
Part3/outputs/answers_mistral_7b_prompt2.csv,answers_mistral_7b_prompt2,Q023,L,Dog breeds,18,lhasa apso,lhasa apso,1,0,1,Q023::18
Part3/outputs/answers_mistral_7b_prompt2.csv,answers_mistral_7b_prompt2,Q023,L,Dog breeds,19,leonberger,leonberger,1,0,1,Q023::19
Part3/outputs/answers_mistral_7b_prompt2.csv,answers_mistral_7b_prompt2,Q024,L,Books,0,library loan,library loan,0,0,0,Q024::0
Part3/outputs/answers_mistral_7b_prompt2.csv,answers_mistral_7b_prompt2,Q024,L,Books,1,lois lane's diary,lois lane's diary,0,0,0,Q024::1
Part3/outputs/answers_mistral_7b_prompt2.csv,answers_mistral_7b_prompt2,Q024,L,Books,2,library loan,library loan,0,0,0,Q024::2
Part3/outputs/answers_mistral_7b_prompt2.csv,answers_mistral_7b_prompt2,Q024,L,Books,3,library loan,library loan,0,0,0,Q024::3
Part3/outputs/answers_mistral_7b_prompt2.csv,answers_mistral_7b_prompt2,Q024,L,Books,4,library lounges,library lounges,0,0,0,Q024::4
Part3/outputs/answers_mistral_7b_prompt2.csv,answers_mistral_7b_prompt2,Q024,L,Books,5,library loan,library loan,0,0,0,Q024::5
Part3/outputs/answers_mistral_7b_prompt2.csv,answers_mistral_7b_prompt2,Q024,L,Books,6,library loan,library loan,0,0,0,Q024::6
Part3/outputs/answers_mistral_7b_prompt2.csv,answers_mistral_7b_prompt2,Q024,L,Books,7,library loan,library loan,0,0,0,Q024::7
Part3/outputs/answers_mistral_7b_prompt2.csv,answers_mistral_7b_prompt2,Q024,L,Books,8,library lender,library lender,0,0,0,Q024::8
Part3/outputs/answers_mistral_7b_prompt2.csv,answers_mistral_7b_prompt2,Q024,L,Books,9,library loan,library loan,0,0,0,Q024::9
Part3/outputs/answers_mistral_7b_prompt2.csv,answers_mistral_7b_prompt2,Q024,L,Books,10,librarylovers,librarylovers,0,0,0,Q024::10
Part3/outputs/answers_mistral_7b_prompt2.csv,answers_mistral_7b_prompt2,Q024,L,Books,11,library loan,library loan,0,0,0,Q024::11
Part3/outputs/answers_mistral_7b_prompt2.csv,answers_mistral_7b_prompt2,Q024,L,Books,12,library lending,library lending,0,0,0,Q024::12
Part3/outputs/answers_mistral_7b_prompt2.csv,answers_mistral_7b_prompt2,Q024,L,Books,13,library loan,library loan,0,0,0,Q024::13
Part3/outputs/answers_mistral_7b_prompt2.csv,answers_mistral_7b_prompt2,Q024,L,Books,14,library loan,library loan,0,0,0,Q024::14
Part3/outputs/answers_mistral_7b_prompt2.csv,answers_mistral_7b_prompt2,Q024,L,Books,15,library loan,library loan,0,0,0,Q024::15
Part3/outputs/answers_mistral_7b_prompt2.csv,answers_mistral_7b_prompt2,Q024,L,Books,16,library loans,library loans,0,0,0,Q024::16
Part3/outputs/answers_mistral_7b_prompt2.csv,answers_mistral_7b_prompt2,Q024,L,Books,17,library lending,library lending,0,0,0,Q024::17
Part3/outputs/answers_mistral_7b_prompt2.csv,answers_mistral_7b_prompt2,Q024,L,Books,18,libraries of laruelle,libraries of laruelle,0,0,0,Q024::18
Part3/outputs/answers_mistral_7b_prompt2.csv,answers_mistral_7b_prompt2,Q024,L,Books,19,lord of the flies,lord of the flies,1,0,1,Q024::19
Part3/outputs/answers_mistral_7b_prompt2.csv,answers_mistral_7b_prompt2,Q025,M,Languages,0,mongolian,mongolian,1,0,1,Q025::0
Part3/outputs/answers_mistral_7b_prompt2.csv,answers_mistral_7b_prompt2,Q025,M,Languages,1,mongolian,mongolian,1,0,1,Q025::1
Part3/outputs/answers_mistral_7b_prompt2.csv,answers_mistral_7b_prompt2,Q025,M,Languages,2,mayan,mayan,1,0,1,Q025::2
Part3/outputs/answers_mistral_7b_prompt2.csv,answers_mistral_7b_prompt2,Q025,M,Languages,3,mongolian,mongolian,1,0,1,Q025::3
Part3/outputs/answers_mistral_7b_prompt2.csv,answers_mistral_7b_prompt2,Q025,M,Languages,4,mandarin,mandarin,1,1,0,Q025::4
Part3/outputs/answers_mistral_7b_prompt2.csv,answers_mistral_7b_prompt2,Q025,M,Languages,5,moroccanarabic,moroccanarabic,0,0,0,Q025::5
Part3/outputs/answers_mistral_7b_prompt2.csv,answers_mistral_7b_prompt2,Q025,M,Languages,6,mongolian,mongolian,1,0,1,Q025::6
Part3/outputs/answers_mistral_7b_prompt2.csv,answers_mistral_7b_prompt2,Q025,M,Languages,7,"moroccan, maori","moroccan, maori",1,0,1,Q025::7
Part3/outputs/answers_mistral_7b_prompt2.csv,answers_mistral_7b_prompt2,Q025,M,Languages,8,macedonian,macedonian,1,0,1,Q025::8
Part3/outputs/answers_mistral_7b_prompt2.csv,answers_mistral_7b_prompt2,Q025,M,Languages,9,macedonian,macedonian,1,0,1,Q025::9
Part3/outputs/answers_mistral_7b_prompt2.csv,answers_mistral_7b_prompt2,Q025,M,Languages,10,"mayan

For additional context, a possible Scattergories answer in","mayan for additional context, a possible scattergories answer in",1,0,1,Q025::10
Part3/outputs/answers_mistral_7b_prompt2.csv,answers_mistral_7b_prompt2,Q025,M,Languages,11,mongolian,mongolian,1,0,1,Q025::11
Part3/outputs/answers_mistral_7b_prompt2.csv,answers_mistral_7b_prompt2,Q025,M,Languages,12,mongolian,mongolian,1,1,0,Q025::12
Part3/outputs/answers_mistral_7b_prompt2.csv,answers_mistral_7b_prompt2,Q025,M,Languages,13,mongolian,mongolian,1,0,1,Q025::13
Part3/outputs/answers_mistral_7b_prompt2.csv,answers_mistral_7b_prompt2,Q025,M,Languages,14,moroccanarabic,moroccanarabic,0,0,0,Q025::14
Part3/outputs/answers_mistral_7b_prompt2.csv,answers_mistral_7b_prompt2,Q025,M,Languages,15,maori,maori,1,0,1,Q025::15
Part3/outputs/answers_mistral_7b_prompt2.csv,answers_mistral_7b_prompt2,Q025,M,Languages,16,mongolian,mongolian,1,1,0,Q025::16
Part3/outputs/answers_mistral_7b_prompt2.csv,answers_mistral_7b_prompt2,Q025,M,Languages,17,mandarin,mandarin,1,1,0,Q025::17
Part3/outputs/answers_mistral_7b_prompt2.csv,answers_mistral_7b_prompt2,Q025,M,Languages,18,macedonian,macedonian,1,0,1,Q025::18
Part3/outputs/answers_mistral_7b_prompt2.csv,answers_mistral_7b_prompt2,Q025,M,Languages,19,mammoth language,mammoth language,0,0,0,Q025::19
Part3/outputs/answers_mistral_7b_prompt2.csv,answers_mistral_7b_prompt2,Q026,M,Clothing items,0,mink boots,mink boots,1,0,1,Q026::0
Part3/outputs/answers_mistral_7b_prompt2.csv,answers_mistral_7b_prompt2,Q026,M,Clothing items,1,denim jacket,denim jacket,0,0,0,Q026::1
Part3/outputs/answers_mistral_7b_prompt2.csv,answers_mistral_7b_prompt2,Q026,M,Clothing items,2,mackintosh raincoat,mackintosh raincoat,1,0,1,Q026::2
Part3/outputs/answers_mistral_7b_prompt2.csv,answers_mistral_7b_prompt2,Q026,M,Clothing items,3,mockingbird shirt,mockingbird shirt,0,0,0,Q026::3
Part3/outputs/answers_mistral_7b_prompt2.csv,answers_mistral_7b_prompt2,Q026,M,Clothing items,4,mint green cardigan,mint green cardigan,0,0,0,Q026::4
Part3/outputs/answers_mistral_7b_prompt2.csv,answers_mistral_7b_prompt2,Q026,M,Clothing items,5,mockingbird jacket,mockingbird jacket,0,0,0,Q026::5
Part3/outputs/answers_mistral_7b_prompt2.csv,answers_mistral_7b_prompt2,Q026,M,Clothing items,6,madras shirt,madras shirt,1,0,1,Q026::6
Part3/outputs/answers_mistral_7b_prompt2.csv,answers_mistral_7b_prompt2,Q026,M,Clothing items,7,mockturtleneck,mockturtleneck,1,0,1,Q026::7
Part3/outputs/answers_mistral_7b_prompt2.csv,answers_mistral_7b_prompt2,Q026,M,Clothing items,8,mink coat,mink coat,1,0,1,Q026::8
Part3/outputs/answers_mistral_7b_prompt2.csv,answers_mistral_7b_prompt2,Q026,M,Clothing items,9,denim jacket,denim jacket,0,0,0,Q026::9
Part3/outputs/answers_mistral_7b_prompt2.csv,answers_mistral_7b_prompt2,Q026,M,Clothing items,10,mockingjay pin,mockingjay pin,0,0,0,Q026::10
Part3/outputs/answers_mistral_7b_prompt2.csv,answers_mistral_7b_prompt2,Q026,M,Clothing items,11,mockingbird shirt,mockingbird shirt,0,0,0,Q026::11
Part3/outputs/answers_mistral_7b_prompt2.csv,answers_mistral_7b_prompt2,Q026,M,Clothing items,12,mohair scarf,mohair scarf,1,0,1,Q026::12
Part3/outputs/answers_mistral_7b_prompt2.csv,answers_mistral_7b_prompt2,Q026,M,Clothing items,13,mink coat,mink coat,1,0,1,Q026::13
Part3/outputs/answers_mistral_7b_prompt2.csv,answers_mistral_7b_prompt2,Q026,M,Clothing items,14,denim jacket,denim jacket,0,0,0,Q026::14
Part3/outputs/answers_mistral_7b_prompt2.csv,answers_mistral_7b_prompt2,Q026,M,Clothing items,15,moccasins,moccasins,1,0,1,Q026::15
Part3/outputs/answers_mistral_7b_prompt2.csv,answers_mistral_7b_prompt2,Q026,M,Clothing items,16,mauve scarf,mauve scarf,0,0,0,Q026::16
Part3/outputs/answers_mistral_7b_prompt2.csv,answers_mistral_7b_prompt2,Q026,M,Clothing items,17,mint green maxi dress,mint green maxi dress,0,0,0,Q026::17
Part3/outputs/answers_mistral_7b_prompt2.csv,answers_mistral_7b_prompt2,Q026,M,Clothing items,18,moccasins,moccasins,1,0,1,Q026::18
Part3/outputs/answers_mistral_7b_prompt2.csv,answers_mistral_7b_prompt2,Q026,M,Clothing items,19,mackinaw coat,mackinaw coat,1,0,1,Q026::19
Part3/outputs/answers_mistral_7b_prompt2.csv,answers_mistral_7b_prompt2,Q027,N,Birds,0,nightingale,nightingale,1,1,0,Q027::0
Part3/outputs/answers_mistral_7b_prompt2.csv,answers_mistral_7b_prompt2,Q027,N,Birds,1,nightingale,nightingale,1,1,0,Q027::1
Part3/outputs/answers_mistral_7b_prompt2.csv,answers_mistral_7b_prompt2,Q027,N,Birds,2,nightingale,nightingale,1,1,0,Q027::2
Part3/outputs/answers_mistral_7b_prompt2.csv,answers_mistral_7b_prompt2,Q027,N,Birds,3,nightingale,nightingale,1,1,0,Q027::3
Part3/outputs/answers_mistral_7b_prompt2.csv,answers_mistral_7b_prompt2,Q027,N,Birds,4,nightingale,nightingale,1,1,0,Q027::4
Part3/outputs/answers_mistral_7b_prompt2.csv,answers_mistral_7b_prompt2,Q027,N,Birds,5,nightingale,nightingale,1,0,1,Q027::5
Part3/outputs/answers_mistral_7b_prompt2.csv,answers_mistral_7b_prompt2,Q027,N,Birds,6,nightingale,nightingale,1,0,1,Q027::6
Part3/outputs/answers_mistral_7b_prompt2.csv,answers_mistral_7b_prompt2,Q027,N,Birds,7,nightingale,nightingale,1,1,0,Q027::7
Part3/outputs/answers_mistral_7b_prompt2.csv,answers_mistral_7b_prompt2,Q027,N,Birds,8,nightingale,nightingale,1,1,0,Q027::8
Part3/outputs/answers_mistral_7b_prompt2.csv,answers_mistral_7b_prompt2,Q027,N,Birds,9,nightingale,nightingale,1,0,1,Q027::9
Part3/outputs/answers_mistral_7b_prompt2.csv,answers_mistral_7b_prompt2,Q027,N,Birds,10,nightingale,nightingale,1,1,0,Q027::10
Part3/outputs/answers_mistral_7b_prompt2.csv,answers_mistral_7b_prompt2,Q027,N,Birds,11,nightingale,nightingale,1,1,0,Q027::11
Part3/outputs/answers_mistral_7b_prompt2.csv,answers_mistral_7b_prompt2,Q027,N,Birds,12,nightingale,nightingale,1,0,1,Q027::12
Part3/outputs/answers_mistral_7b_prompt2.csv,answers_mistral_7b_prompt2,Q027,N,Birds,13,nightingale,nightingale,1,1,0,Q027::13
Part3/outputs/answers_mistral_7b_prompt2.csv,answers_mistral_7b_prompt2,Q027,N,Birds,14,nightingale,nightingale,1,0,1,Q027::14
Part3/outputs/answers_mistral_7b_prompt2.csv,answers_mistral_7b_prompt2,Q027,N,Birds,15,nightingale,nightingale,1,1,0,Q027::15
Part3/outputs/answers_mistral_7b_prompt2.csv,answers_mistral_7b_prompt2,Q027,N,Birds,16,nightingale,nightingale,1,1,0,Q027::16
Part3/outputs/answers_mistral_7b_prompt2.csv,answers_mistral_7b_prompt2,Q027,N,Birds,17,nightingale,nightingale,1,1,0,Q027::17
Part3/outputs/answers_mistral_7b_prompt2.csv,answers_mistral_7b_prompt2,Q027,N,Birds,18,nightingale,nightingale,1,0,1,Q027::18
Part3/outputs/answers_mistral_7b_prompt2.csv,answers_mistral_7b_prompt2,Q027,N,Birds,19,nightingale,nightingale,1,1,0,Q027::19
Part3/outputs/answers_mistral_7b_prompt2.csv,answers_mistral_7b_prompt2,Q028,N,Things in a hospital,0,nurse's station,nurse's station,1,0,1,Q028::0
Part3/outputs/answers_mistral_7b_prompt2.csv,answers_mistral_7b_prompt2,Q028,N,Things in a hospital,1,nurse's station,nurse's station,1,0,1,Q028::1
Part3/outputs/answers_mistral_7b_prompt2.csv,answers_mistral_7b_prompt2,Q028,N,Things in a hospital,2,nebulizer,nebulizer,1,0,1,Q028::2
Part3/outputs/answers_mistral_7b_prompt2.csv,answers_mistral_7b_prompt2,Q028,N,Things in a hospital,3,nebulizer,nebulizer,1,0,1,Q028::3
Part3/outputs/answers_mistral_7b_prompt2.csv,answers_mistral_7b_prompt2,Q028,N,Things in a hospital,4,"nurses' station

In this scenario, the choice ""nurses'","nurses' station in this scenario, the choice ""nurses",0,0,0,Q028::4
Part3/outputs/answers_mistral_7b_prompt2.csv,answers_mistral_7b_prompt2,Q028,N,Things in a hospital,5,nurse's station,nurse's station,1,0,1,Q028::5
Part3/outputs/answers_mistral_7b_prompt2.csv,answers_mistral_7b_prompt2,Q028,N,Things in a hospital,6,nursemobile,nursemobile,0,0,0,Q028::6
Part3/outputs/answers_mistral_7b_prompt2.csv,answers_mistral_7b_prompt2,Q028,N,Things in a hospital,7,nebulizer,nebulizer,1,0,1,Q028::7
Part3/outputs/answers_mistral_7b_prompt2.csv,answers_mistral_7b_prompt2,Q028,N,Things in a hospital,8,nebulizer,nebulizer,1,0,1,Q028::8
Part3/outputs/answers_mistral_7b_prompt2.csv,answers_mistral_7b_prompt2,Q028,N,Things in a hospital,9,nurse's station,nurse's station,1,0,1,Q028::9
Part3/outputs/answers_mistral_7b_prompt2.csv,answers_mistral_7b_prompt2,Q028,N,Things in a hospital,10,nebulizer,nebulizer,1,0,1,Q028::10
Part3/outputs/answers_mistral_7b_prompt2.csv,answers_mistral_7b_prompt2,Q028,N,Things in a hospital,11,nebulizer,nebulizer,1,0,1,Q028::11
Part3/outputs/answers_mistral_7b_prompt2.csv,answers_mistral_7b_prompt2,Q028,N,Things in a hospital,12,nebulizer,nebulizer,1,0,1,Q028::12
Part3/outputs/answers_mistral_7b_prompt2.csv,answers_mistral_7b_prompt2,Q028,N,Things in a hospital,13,"nurse's station

Note: The answer avoids the most obvious defaults",nurse's station note: the answer avoids the most obvious defaults,1,0,1,Q028::13
Part3/outputs/answers_mistral_7b_prompt2.csv,answers_mistral_7b_prompt2,Q028,N,Things in a hospital,14,nitrousoxidecanister,nitrousoxidecanister,0,0,0,Q028::14
Part3/outputs/answers_mistral_7b_prompt2.csv,answers_mistral_7b_prompt2,Q028,N,Things in a hospital,15,nitrousoxideanesthesiamachine,nitrousoxideanesthesiamachine,0,0,0,Q028::15
Part3/outputs/answers_mistral_7b_prompt2.csv,answers_mistral_7b_prompt2,Q028,N,Things in a hospital,16,nitrousoxide,nitrousoxide,0,0,0,Q028::16
Part3/outputs/answers_mistral_7b_prompt2.csv,answers_mistral_7b_prompt2,Q028,N,Things in a hospital,17,nitrogen tank,nitrogen tank,0,0,0,Q028::17
Part3/outputs/answers_mistral_7b_prompt2.csv,answers_mistral_7b_prompt2,Q028,N,Things in a hospital,18,nebulizer,nebulizer,1,0,1,Q028::18
Part3/outputs/answers_mistral_7b_prompt2.csv,answers_mistral_7b_prompt2,Q028,N,Things in a hospital,19,nurse's station,nurse's station,1,0,1,Q028::19
Part3/outputs/answers_mistral_7b_prompt2.csv,answers_mistral_7b_prompt2,Q029,O,Companies,0,oraclecorp,oraclecorp,0,0,0,Q029::0
Part3/outputs/answers_mistral_7b_prompt2.csv,answers_mistral_7b_prompt2,Q029,O,Companies,1,oraclecorp,oraclecorp,0,0,0,Q029::1
Part3/outputs/answers_mistral_7b_prompt2.csv,answers_mistral_7b_prompt2,Q029,O,Companies,2,oraclecorp,oraclecorp,0,0,0,Q029::2
Part3/outputs/answers_mistral_7b_prompt2.csv,answers_mistral_7b_prompt2,Q029,O,Companies,3,oraclecorp,oraclecorp,0,0,0,Q029::3
Part3/outputs/answers_mistral_7b_prompt2.csv,answers_mistral_7b_prompt2,Q029,O,Companies,4,oraclecorp,oraclecorp,0,0,0,Q029::4
Part3/outputs/answers_mistral_7b_prompt2.csv,answers_mistral_7b_prompt2,Q029,O,Companies,5,orange-brands,orange-brands,0,0,0,Q029::5
Part3/outputs/answers_mistral_7b_prompt2.csv,answers_mistral_7b_prompt2,Q029,O,Companies,6,oraclecorp,oraclecorp,0,0,0,Q029::6
Part3/outputs/answers_mistral_7b_prompt2.csv,answers_mistral_7b_prompt2,Q029,O,Companies,7,oraclecorp,oraclecorp,0,0,0,Q029::7
Part3/outputs/answers_mistral_7b_prompt2.csv,answers_mistral_7b_prompt2,Q029,O,Companies,8,oraclecorp,oraclecorp,0,0,0,Q029::8
Part3/outputs/answers_mistral_7b_prompt2.csv,answers_mistral_7b_prompt2,Q029,O,Companies,9,oraclecorp,oraclecorp,0,0,0,Q029::9
Part3/outputs/answers_mistral_7b_prompt2.csv,answers_mistral_7b_prompt2,Q029,O,Companies,10,oraclecorp,oraclecorp,0,0,0,Q029::10
Part3/outputs/answers_mistral_7b_prompt2.csv,answers_mistral_7b_prompt2,Q029,O,Companies,11,oraclecorp,oraclecorp,0,0,0,Q029::11
Part3/outputs/answers_mistral_7b_prompt2.csv,answers_mistral_7b_prompt2,Q029,O,Companies,12,oraclecorp,oraclecorp,0,0,0,Q029::12
Part3/outputs/answers_mistral_7b_prompt2.csv,answers_mistral_7b_prompt2,Q029,O,Companies,13,oraclecorp,oraclecorp,0,0,0,Q029::13
Part3/outputs/answers_mistral_7b_prompt2.csv,answers_mistral_7b_prompt2,Q029,O,Companies,14,oraclecorp,oraclecorp,0,0,0,Q029::14
Part3/outputs/answers_mistral_7b_prompt2.csv,answers_mistral_7b_prompt2,Q029,O,Companies,15,oraclecorp,oraclecorp,0,0,0,Q029::15
Part3/outputs/answers_mistral_7b_prompt2.csv,answers_mistral_7b_prompt2,Q029,O,Companies,16,oraclecorp,oraclecorp,0,0,0,Q029::16
Part3/outputs/answers_mistral_7b_prompt2.csv,answers_mistral_7b_prompt2,Q029,O,Companies,17,oraclecorp,oraclecorp,0,0,0,Q029::17
Part3/outputs/answers_mistral_7b_prompt2.csv,answers_mistral_7b_prompt2,Q029,O,Companies,18,oraclecorp,oraclecorp,0,0,0,Q029::18
Part3/outputs/answers_mistral_7b_prompt2.csv,answers_mistral_7b_prompt2,Q029,O,Companies,19,oraclecorp,oraclecorp,0,0,0,Q029::19
Part3/outputs/answers_mistral_7b_prompt2.csv,answers_mistral_7b_prompt2,Q030,O,Things in the sky,0,orbiting satellite,orbiting satellite,0,0,0,Q030::0
Part3/outputs/answers_mistral_7b_prompt2.csv,answers_mistral_7b_prompt2,Q030,O,Things in the sky,1,optica satellite,optica satellite,0,0,0,Q030::1
Part3/outputs/answers_mistral_7b_prompt2.csv,answers_mistral_7b_prompt2,Q030,O,Things in the sky,2,orion constellation,orion constellation,1,0,1,Q030::2
Part3/outputs/answers_mistral_7b_prompt2.csv,answers_mistral_7b_prompt2,Q030,O,Things in the sky,3,orbiting satellite,orbiting satellite,0,0,0,Q030::3
Part3/outputs/answers_mistral_7b_prompt2.csv,answers_mistral_7b_prompt2,Q030,O,Things in the sky,4,orion nebula,orion nebula,1,0,1,Q030::4
Part3/outputs/answers_mistral_7b_prompt2.csv,answers_mistral_7b_prompt2,Q030,O,Things in the sky,5,orbiting satellite,orbiting satellite,0,0,0,Q030::5
Part3/outputs/answers_mistral_7b_prompt2.csv,answers_mistral_7b_prompt2,Q030,O,Things in the sky,6,orion constellation,orion constellation,1,0,1,Q030::6
Part3/outputs/answers_mistral_7b_prompt2.csv,answers_mistral_7b_prompt2,Q030,O,Things in the sky,7,orbital debris,orbital debris,1,0,1,Q030::7
Part3/outputs/answers_mistral_7b_prompt2.csv,answers_mistral_7b_prompt2,Q030,O,Things in the sky,8,orbiting satellite,orbiting satellite,0,0,0,Q030::8
Part3/outputs/answers_mistral_7b_prompt2.csv,answers_mistral_7b_prompt2,Q030,O,Things in the sky,9,orbiting satellite,orbiting satellite,0,0,0,Q030::9
Part3/outputs/answers_mistral_7b_prompt2.csv,answers_mistral_7b_prompt2,Q030,O,Things in the sky,10,orbiting satellite,orbiting satellite,0,0,0,Q030::10
Part3/outputs/answers_mistral_7b_prompt2.csv,answers_mistral_7b_prompt2,Q030,O,Things in the sky,11,"asteroid, nebula, orbit, comet","asteroid, nebula, orbit, comet",1,0,1,Q030::11
Part3/outputs/answers_mistral_7b_prompt2.csv,answers_mistral_7b_prompt2,Q030,O,Things in the sky,12,orion constellation,orion constellation,1,0,1,Q030::12
Part3/outputs/answers_mistral_7b_prompt2.csv,answers_mistral_7b_prompt2,Q030,O,Things in the sky,13,orbital debris,orbital debris,1,0,1,Q030::13
Part3/outputs/answers_mistral_7b_prompt2.csv,answers_mistral_7b_prompt2,Q030,O,Things in the sky,14,orion constellation,orion constellation,1,0,1,Q030::14
Part3/outputs/answers_mistral_7b_prompt2.csv,answers_mistral_7b_prompt2,Q030,O,Things in the sky,15,orbiting satellite,orbiting satellite,0,0,0,Q030::15
Part3/outputs/answers_mistral_7b_prompt2.csv,answers_mistral_7b_prompt2,Q030,O,Things in the sky,16,orion constellation,orion constellation,1,0,1,Q030::16
Part3/outputs/answers_mistral_7b_prompt2.csv,answers_mistral_7b_prompt2,Q030,O,Things in the sky,17,orbital debris,orbital debris,1,0,1,Q030::17
Part3/outputs/answers_mistral_7b_prompt2.csv,answers_mistral_7b_prompt2,Q030,O,Things in the sky,18,orion constellation,orion constellation,1,0,1,Q030::18
Part3/outputs/answers_mistral_7b_prompt2.csv,answers_mistral_7b_prompt2,Q030,O,Things in the sky,19,orion constellation,orion constellation,1,0,1,Q030::19
Part3/outputs/answers_mistral_7b_prompt2.csv,answers_mistral_7b_prompt2,Q031,P,Vegetables,0,purple peppercorn,purple peppercorn,0,0,0,Q031::0
Part3/outputs/answers_mistral_7b_prompt2.csv,answers_mistral_7b_prompt2,Q031,P,Vegetables,1,purple peppercorn,purple peppercorn,0,0,0,Q031::1
Part3/outputs/answers_mistral_7b_prompt2.csv,answers_mistral_7b_prompt2,Q031,P,Vegetables,2,peasprout,peasprout,1,0,1,Q031::2
Part3/outputs/answers_mistral_7b_prompt2.csv,answers_mistral_7b_prompt2,Q031,P,Vegetables,3,purple potatoes,purple potatoes,1,0,1,Q031::3
Part3/outputs/answers_mistral_7b_prompt2.csv,answers_mistral_7b_prompt2,Q031,P,Vegetables,4,purple pepper,purple pepper,0,0,0,Q031::4
Part3/outputs/answers_mistral_7b_prompt2.csv,answers_mistral_7b_prompt2,Q031,P,Vegetables,5,pepparkorn (swedish peppernut),pepparkorn (swedish peppernut,0,0,0,Q031::5
Part3/outputs/answers_mistral_7b_prompt2.csv,answers_mistral_7b_prompt2,Q031,P,Vegetables,6,purple potatoes,purple potatoes,1,0,1,Q031::6
Part3/outputs/answers_mistral_7b_prompt2.csv,answers_mistral_7b_prompt2,Q031,P,Vegetables,7,purple pepper,purple pepper,0,0,0,Q031::7
Part3/outputs/answers_mistral_7b_prompt2.csv,answers_mistral_7b_prompt2,Q031,P,Vegetables,8,pumpkinseed,pumpkinseed,0,0,0,Q031::8
Part3/outputs/answers_mistral_7b_prompt2.csv,answers_mistral_7b_prompt2,Q031,P,Vegetables,9,peasprout,peasprout,1,0,1,Q031::9
Part3/outputs/answers_mistral_7b_prompt2.csv,answers_mistral_7b_prompt2,Q031,P,Vegetables,10,purple potato,purple potato,1,0,1,Q031::10
Part3/outputs/answers_mistral_7b_prompt2.csv,answers_mistral_7b_prompt2,Q031,P,Vegetables,11,pepparkorn,pepparkorn,0,0,0,Q031::11
Part3/outputs/answers_mistral_7b_prompt2.csv,answers_mistral_7b_prompt2,Q031,P,Vegetables,12,purple peppers,purple peppers,1,0,1,Q031::12
Part3/outputs/answers_mistral_7b_prompt2.csv,answers_mistral_7b_prompt2,Q031,P,Vegetables,13,purple pepper,purple pepper,0,0,0,Q031::13
Part3/outputs/answers_mistral_7b_prompt2.csv,answers_mistral_7b_prompt2,Q031,P,Vegetables,14,purple peppercorns,purple peppercorns,0,0,0,Q031::14
Part3/outputs/answers_mistral_7b_prompt2.csv,answers_mistral_7b_prompt2,Q031,P,Vegetables,15,peapod,peapod,1,0,1,Q031::15
Part3/outputs/answers_mistral_7b_prompt2.csv,answers_mistral_7b_prompt2,Q031,P,Vegetables,16,peapod,peapod,1,0,1,Q031::16
Part3/outputs/answers_mistral_7b_prompt2.csv,answers_mistral_7b_prompt2,Q031,P,Vegetables,17,purple potato,purple potato,1,0,1,Q031::17
Part3/outputs/answers_mistral_7b_prompt2.csv,answers_mistral_7b_prompt2,Q031,P,Vegetables,18,purple pepper,purple pepper,0,0,0,Q031::18
Part3/outputs/answers_mistral_7b_prompt2.csv,answers_mistral_7b_prompt2,Q031,P,Vegetables,19,pepparkorn (Swedish pepper kernels),pepparkorn (swedish pepper kernels,0,0,0,Q031::19
Part3/outputs/answers_mistral_7b_prompt2.csv,answers_mistral_7b_prompt2,Q032,P,Historical figures,0,paulrevere,paulrevere,0,0,0,Q032::0
Part3/outputs/answers_mistral_7b_prompt2.csv,answers_mistral_7b_prompt2,Q032,P,Historical figures,1,pyrrhus,pyrrhus,1,0,1,Q032::1
Part3/outputs/answers_mistral_7b_prompt2.csv,answers_mistral_7b_prompt2,Q032,P,Historical figures,2,pyrrhus,pyrrhus,1,0,1,Q032::2
Part3/outputs/answers_mistral_7b_prompt2.csv,answers_mistral_7b_prompt2,Q032,P,Historical figures,3,pyrrhus,pyrrhus,1,0,1,Q032::3
Part3/outputs/answers_mistral_7b_prompt2.csv,answers_mistral_7b_prompt2,Q032,P,Historical figures,4,pyrrhus,pyrrhus,1,0,1,Q032::4
Part3/outputs/answers_mistral_7b_prompt2.csv,answers_mistral_7b_prompt2,Q032,P,Historical figures,5,pyrrhus,pyrrhus,1,0,1,Q032::5
Part3/outputs/answers_mistral_7b_prompt2.csv,answers_mistral_7b_prompt2,Q032,P,Historical figures,6,pyrrhus,pyrrhus,1,0,1,Q032::6
Part3/outputs/answers_mistral_7b_prompt2.csv,answers_mistral_7b_prompt2,Q032,P,Historical figures,7,pyrrhus,pyrrhus,1,0,1,Q032::7
Part3/outputs/answers_mistral_7b_prompt2.csv,answers_mistral_7b_prompt2,Q032,P,Historical figures,8,pyrrhus,pyrrhus,1,0,1,Q032::8
Part3/outputs/answers_mistral_7b_prompt2.csv,answers_mistral_7b_prompt2,Q032,P,Historical figures,9,ponce de leon,ponce de leon,1,0,1,Q032::9
Part3/outputs/answers_mistral_7b_prompt2.csv,answers_mistral_7b_prompt2,Q032,P,Historical figures,10,pyrrhus,pyrrhus,1,0,1,Q032::10
Part3/outputs/answers_mistral_7b_prompt2.csv,answers_mistral_7b_prompt2,Q032,P,Historical figures,11,peter the great,peter the great,1,0,1,Q032::11
Part3/outputs/answers_mistral_7b_prompt2.csv,answers_mistral_7b_prompt2,Q032,P,Historical figures,12,pyrrhus,pyrrhus,1,0,1,Q032::12
Part3/outputs/answers_mistral_7b_prompt2.csv,answers_mistral_7b_prompt2,Q032,P,Historical figures,13,pyrrhus,pyrrhus,1,0,1,Q032::13
Part3/outputs/answers_mistral_7b_prompt2.csv,answers_mistral_7b_prompt2,Q032,P,Historical figures,14,pyrrhus,pyrrhus,1,0,1,Q032::14
Part3/outputs/answers_mistral_7b_prompt2.csv,answers_mistral_7b_prompt2,Q032,P,Historical figures,15,ponce de leon,ponce de leon,1,0,1,Q032::15
Part3/outputs/answers_mistral_7b_prompt2.csv,answers_mistral_7b_prompt2,Q032,P,Historical figures,16,pyrrhus,pyrrhus,1,0,1,Q032::16
Part3/outputs/answers_mistral_7b_prompt2.csv,answers_mistral_7b_prompt2,Q032,P,Historical figures,17,pyrrhus,pyrrhus,1,0,1,Q032::17
Part3/outputs/answers_mistral_7b_prompt2.csv,answers_mistral_7b_prompt2,Q032,P,Historical figures,18,ponce de leon,ponce de leon,1,0,1,Q032::18
Part3/outputs/answers_mistral_7b_prompt2.csv,answers_mistral_7b_prompt2,Q032,P,Historical figures,19,paul revere,paul revere,1,0,1,Q032::19
Part3/outputs/answers_mistral_7b_prompt2.csv,answers_mistral_7b_prompt2,Q033,Q,Words in English,0,quetzalcoatl,quetzalcoatl,0,0,0,Q033::0
Part3/outputs/answers_mistral_7b_prompt2.csv,answers_mistral_7b_prompt2,Q033,Q,Words in English,1,quokka,quokka,1,0,1,Q033::1
Part3/outputs/answers_mistral_7b_prompt2.csv,answers_mistral_7b_prompt2,Q033,Q,Words in English,2,quantum computing,quantum computing,0,0,0,Q033::2
Part3/outputs/answers_mistral_7b_prompt2.csv,answers_mistral_7b_prompt2,Q033,Q,Words in English,3,quasar,quasar,1,0,1,Q033::3
Part3/outputs/answers_mistral_7b_prompt2.csv,answers_mistral_7b_prompt2,Q033,Q,Words in English,4,quinoa,quinoa,1,0,1,Q033::4
Part3/outputs/answers_mistral_7b_prompt2.csv,answers_mistral_7b_prompt2,Q033,Q,Words in English,5,quokka,quokka,1,0,1,Q033::5
Part3/outputs/answers_mistral_7b_prompt2.csv,answers_mistral_7b_prompt2,Q033,Q,Words in English,6,quasar,quasar,1,0,1,Q033::6
Part3/outputs/answers_mistral_7b_prompt2.csv,answers_mistral_7b_prompt2,Q033,Q,Words in English,7,quicksand,quicksand,1,0,1,Q033::7
Part3/outputs/answers_mistral_7b_prompt2.csv,answers_mistral_7b_prompt2,Q033,Q,Words in English,8,quokka,quokka,1,0,1,Q033::8
Part3/outputs/answers_mistral_7b_prompt2.csv,answers_mistral_7b_prompt2,Q033,Q,Words in English,9,quinoa,quinoa,1,0,1,Q033::9
Part3/outputs/answers_mistral_7b_prompt2.csv,answers_mistral_7b_prompt2,Q033,Q,Words in English,10,quahog,quahog,1,0,1,Q033::10
Part3/outputs/answers_mistral_7b_prompt2.csv,answers_mistral_7b_prompt2,Q033,Q,Words in English,11,quirkyqueen,quirkyqueen,0,0,0,Q033::11
Part3/outputs/answers_mistral_7b_prompt2.csv,answers_mistral_7b_prompt2,Q033,Q,Words in English,12,quilted kangaroo,quilted kangaroo,0,0,0,Q033::12
Part3/outputs/answers_mistral_7b_prompt2.csv,answers_mistral_7b_prompt2,Q033,Q,Words in English,13,quinoa,quinoa,1,0,1,Q033::13
Part3/outputs/answers_mistral_7b_prompt2.csv,answers_mistral_7b_prompt2,Q033,Q,Words in English,14,quokka,quokka,1,0,1,Q033::14
Part3/outputs/answers_mistral_7b_prompt2.csv,answers_mistral_7b_prompt2,Q033,Q,Words in English,15,quetzalcoatl,quetzalcoatl,0,0,0,Q033::15
Part3/outputs/answers_mistral_7b_prompt2.csv,answers_mistral_7b_prompt2,Q033,Q,Words in English,16,quinoa,quinoa,1,0,1,Q033::16
Part3/outputs/answers_mistral_7b_prompt2.csv,answers_mistral_7b_prompt2,Q033,Q,Words in English,17,quokka,quokka,1,0,1,Q033::17
Part3/outputs/answers_mistral_7b_prompt2.csv,answers_mistral_7b_prompt2,Q033,Q,Words in English,18,quiche flambé,quiche flamb,0,0,0,Q033::18
Part3/outputs/answers_mistral_7b_prompt2.csv,answers_mistral_7b_prompt2,Q033,Q,Words in English,19,quail-boots,quail-boots,0,0,0,Q033::19
Part3/outputs/answers_mistral_7b_prompt2.csv,answers_mistral_7b_prompt2,Q034,Q,Fictional characters,0,quasimodo,quasimodo,1,1,0,Q034::0
Part3/outputs/answers_mistral_7b_prompt2.csv,answers_mistral_7b_prompt2,Q034,Q,Fictional characters,1,quasimodo,quasimodo,1,1,0,Q034::1
Part3/outputs/answers_mistral_7b_prompt2.csv,answers_mistral_7b_prompt2,Q034,Q,Fictional characters,2,"quixote don

(The character Don Quixote from Miguel de",quixote don (the character don quixote from miguel de,0,0,0,Q034::2
Part3/outputs/answers_mistral_7b_prompt2.csv,answers_mistral_7b_prompt2,Q034,Q,Fictional characters,3,quagmire from family guy,quagmire from family guy,1,0,1,Q034::3
Part3/outputs/answers_mistral_7b_prompt2.csv,answers_mistral_7b_prompt2,Q034,Q,Fictional characters,4,quetzalcoatl,quetzalcoatl,0,0,0,Q034::4
Part3/outputs/answers_mistral_7b_prompt2.csv,answers_mistral_7b_prompt2,Q034,Q,Fictional characters,5,quetzalcoatl,quetzalcoatl,0,0,0,Q034::5
Part3/outputs/answers_mistral_7b_prompt2.csv,answers_mistral_7b_prompt2,Q034,Q,Fictional characters,6,quorra,quorra,0,0,0,Q034::6
Part3/outputs/answers_mistral_7b_prompt2.csv,answers_mistral_7b_prompt2,Q034,Q,Fictional characters,7,quagmire from family guy,quagmire from family guy,1,0,1,Q034::7
Part3/outputs/answers_mistral_7b_prompt2.csv,answers_mistral_7b_prompt2,Q034,Q,Fictional characters,8,"quasimodo

In this case, I have tried to provide a","quasimodo in this case, i have tried to provide a",1,0,1,Q034::8
Part3/outputs/answers_mistral_7b_prompt2.csv,answers_mistral_7b_prompt2,Q034,Q,Fictional characters,9,quetzalcoatl,quetzalcoatl,0,0,0,Q034::9
Part3/outputs/answers_mistral_7b_prompt2.csv,answers_mistral_7b_prompt2,Q034,Q,Fictional characters,10,quasimodo,quasimodo,1,1,0,Q034::10
Part3/outputs/answers_mistral_7b_prompt2.csv,answers_mistral_7b_prompt2,Q034,Q,Fictional characters,11,quorra-tron,quorra-tron,0,0,0,Q034::11
Part3/outputs/answers_mistral_7b_prompt2.csv,answers_mistral_7b_prompt2,Q034,Q,Fictional characters,12,quasimodo,quasimodo,1,1,0,Q034::12
Part3/outputs/answers_mistral_7b_prompt2.csv,answers_mistral_7b_prompt2,Q034,Q,Fictional characters,13,quorra,quorra,0,0,0,Q034::13
Part3/outputs/answers_mistral_7b_prompt2.csv,answers_mistral_7b_prompt2,Q034,Q,Fictional characters,14,quasimodo,quasimodo,1,1,0,Q034::14
Part3/outputs/answers_mistral_7b_prompt2.csv,answers_mistral_7b_prompt2,Q034,Q,Fictional characters,15,quicksilver (Mercury from Marvel Comics),quicksilver (mercury from marvel comics,0,0,0,Q034::15
Part3/outputs/answers_mistral_7b_prompt2.csv,answers_mistral_7b_prompt2,Q034,Q,Fictional characters,16,quasimodo,quasimodo,1,1,0,Q034::16
Part3/outputs/answers_mistral_7b_prompt2.csv,answers_mistral_7b_prompt2,Q034,Q,Fictional characters,17,quicksilver (from Harry Potter),quicksilver (from harry potter,0,0,0,Q034::17
Part3/outputs/answers_mistral_7b_prompt2.csv,answers_mistral_7b_prompt2,Q034,Q,Fictional characters,18,quicksilver (mercury from Marvel Comics),quicksilver (mercury from marvel comics,0,0,0,Q034::18
Part3/outputs/answers_mistral_7b_prompt2.csv,answers_mistral_7b_prompt2,Q034,Q,Fictional characters,19,quintesson,quintesson,1,0,1,Q034::19
Part3/outputs/answers_mistral_7b_prompt2.csv,answers_mistral_7b_prompt2,Q035,R,Songs,0,rolling in the deep,rolling in the deep,0,0,0,Q035::0
Part3/outputs/answers_mistral_7b_prompt2.csv,answers_mistral_7b_prompt2,Q035,R,Songs,1,rolling stones paint it black,rolling stones paint it black,0,0,0,Q035::1
Part3/outputs/answers_mistral_7b_prompt2.csv,answers_mistral_7b_prompt2,Q035,R,Songs,2,rolling in the deep,rolling in the deep,0,0,0,Q035::2
Part3/outputs/answers_mistral_7b_prompt2.csv,answers_mistral_7b_prompt2,Q035,R,Songs,3,rolling in the deep,rolling in the deep,0,0,0,Q035::3
Part3/outputs/answers_mistral_7b_prompt2.csv,answers_mistral_7b_prompt2,Q035,R,Songs,4,rolling stones paint it black,rolling stones paint it black,0,0,0,Q035::4
Part3/outputs/answers_mistral_7b_prompt2.csv,answers_mistral_7b_prompt2,Q035,R,Songs,5,rolling stones painkiller,rolling stones painkiller,0,0,0,Q035::5
Part3/outputs/answers_mistral_7b_prompt2.csv,answers_mistral_7b_prompt2,Q035,R,Songs,6,rocket man,rocket man,1,0,1,Q035::6
Part3/outputs/answers_mistral_7b_prompt2.csv,answers_mistral_7b_prompt2,Q035,R,Songs,7,rolling stones - angie,rolling stones - angie,0,0,0,Q035::7
Part3/outputs/answers_mistral_7b_prompt2.csv,answers_mistral_7b_prompt2,Q035,R,Songs,8,rolling stones - pain in my heart,rolling stones - pain in my heart,0,0,0,Q035::8
Part3/outputs/answers_mistral_7b_prompt2.csv,answers_mistral_7b_prompt2,Q035,R,Songs,9,rolling in the deep,rolling in the deep,0,0,0,Q035::9
Part3/outputs/answers_mistral_7b_prompt2.csv,answers_mistral_7b_prompt2,Q035,R,Songs,10,rolling in the deep,rolling in the deep,0,0,0,Q035::10
Part3/outputs/answers_mistral_7b_prompt2.csv,answers_mistral_7b_prompt2,Q035,R,Songs,11,rolling in the deep,rolling in the deep,0,0,0,Q035::11
Part3/outputs/answers_mistral_7b_prompt2.csv,answers_mistral_7b_prompt2,Q035,R,Songs,12,rolling stones (song),rolling stones (song,0,0,0,Q035::12
Part3/outputs/answers_mistral_7b_prompt2.csv,answers_mistral_7b_prompt2,Q035,R,Songs,13,rolling stones paint it black,rolling stones paint it black,0,0,0,Q035::13
Part3/outputs/answers_mistral_7b_prompt2.csv,answers_mistral_7b_prompt2,Q035,R,Songs,14,rolling in the deep,rolling in the deep,0,0,0,Q035::14
Part3/outputs/answers_mistral_7b_prompt2.csv,answers_mistral_7b_prompt2,Q035,R,Songs,15,rolling in the deep,rolling in the deep,0,0,0,Q035::15
Part3/outputs/answers_mistral_7b_prompt2.csv,answers_mistral_7b_prompt2,Q035,R,Songs,16,rollercoaster ride,rollercoaster ride,0,0,0,Q035::16
Part3/outputs/answers_mistral_7b_prompt2.csv,answers_mistral_7b_prompt2,Q035,R,Songs,17,rolling in the deep (adesia kuzerika),rolling in the deep (adesia kuzerika,0,0,0,Q035::17
Part3/outputs/answers_mistral_7b_prompt2.csv,answers_mistral_7b_prompt2,Q035,R,Songs,18,rolling stones - paint it black,rolling stones - paint it black,0,0,0,Q035::18
Part3/outputs/answers_mistral_7b_prompt2.csv,answers_mistral_7b_prompt2,Q035,R,Songs,19,rolling in the deep,rolling in the deep,0,0,0,Q035::19
Part3/outputs/answers_mistral_7b_prompt2.csv,answers_mistral_7b_prompt2,Q036,R,Tools,0,rotary hammer,rotary hammer,1,0,1,Q036::0
Part3/outputs/answers_mistral_7b_prompt2.csv,answers_mistral_7b_prompt2,Q036,R,Tools,1,rake handle,rake handle,0,0,0,Q036::1
Part3/outputs/answers_mistral_7b_prompt2.csv,answers_mistral_7b_prompt2,Q036,R,Tools,2,rotary hammer,rotary hammer,1,0,1,Q036::2
Part3/outputs/answers_mistral_7b_prompt2.csv,answers_mistral_7b_prompt2,Q036,R,Tools,3,rotary hoe,rotary hoe,1,0,1,Q036::3
Part3/outputs/answers_mistral_7b_prompt2.csv,answers_mistral_7b_prompt2,Q036,R,Tools,4,rotary hammer,rotary hammer,1,0,1,Q036::4
Part3/outputs/answers_mistral_7b_prompt2.csv,answers_mistral_7b_prompt2,Q036,R,Tools,5,rivet-cutter,rivet-cutter,1,0,1,Q036::5
Part3/outputs/answers_mistral_7b_prompt2.csv,answers_mistral_7b_prompt2,Q036,R,Tools,6,rotary hoe,rotary hoe,1,0,1,Q036::6
Part3/outputs/answers_mistral_7b_prompt2.csv,answers_mistral_7b_prompt2,Q036,R,Tools,7,rotary hammer,rotary hammer,1,0,1,Q036::7
Part3/outputs/answers_mistral_7b_prompt2.csv,answers_mistral_7b_prompt2,Q036,R,Tools,8,rivet-cutter,rivet-cutter,1,0,1,Q036::8
Part3/outputs/answers_mistral_7b_prompt2.csv,answers_mistral_7b_prompt2,Q036,R,Tools,9,rusty saw,rusty saw,0,0,0,Q036::9
Part3/outputs/answers_mistral_7b_prompt2.csv,answers_mistral_7b_prompt2,Q036,R,Tools,10,rakehandle,rakehandle,0,0,0,Q036::10
Part3/outputs/answers_mistral_7b_prompt2.csv,answers_mistral_7b_prompt2,Q036,R,Tools,11,rake handle,rake handle,0,0,0,Q036::11
Part3/outputs/answers_mistral_7b_prompt2.csv,answers_mistral_7b_prompt2,Q036,R,Tools,12,rotary drill,rotary drill,1,0,1,Q036::12
Part3/outputs/answers_mistral_7b_prompt2.csv,answers_mistral_7b_prompt2,Q036,R,Tools,13,rake handle,rake handle,0,0,0,Q036::13
Part3/outputs/answers_mistral_7b_prompt2.csv,answers_mistral_7b_prompt2,Q036,R,Tools,14,rake handle,rake handle,0,0,0,Q036::14
Part3/outputs/answers_mistral_7b_prompt2.csv,answers_mistral_7b_prompt2,Q036,R,Tools,15,rake handle,rake handle,0,0,0,Q036::15
Part3/outputs/answers_mistral_7b_prompt2.csv,answers_mistral_7b_prompt2,Q036,R,Tools,16,radial saw,radial saw,1,0,1,Q036::16
Part3/outputs/answers_mistral_7b_prompt2.csv,answers_mistral_7b_prompt2,Q036,R,Tools,17,rakehandle,rakehandle,0,0,0,Q036::17
Part3/outputs/answers_mistral_7b_prompt2.csv,answers_mistral_7b_prompt2,Q036,R,Tools,18,radial arm saw,radial arm saw,1,0,1,Q036::18
Part3/outputs/answers_mistral_7b_prompt2.csv,answers_mistral_7b_prompt2,Q036,R,Tools,19,rusty saw,rusty saw,0,0,0,Q036::19
Part3/outputs/answers_mistral_7b_prompt2.csv,answers_mistral_7b_prompt2,Q037,S,Animals,0,star-nosed mole,star-nosed mole,1,0,1,Q037::0
Part3/outputs/answers_mistral_7b_prompt2.csv,answers_mistral_7b_prompt2,Q037,S,Animals,1,shark seal sparrow skunk starling swan siamese cat s,shark seal sparrow skunk starling swan siamese cat s,0,0,0,Q037::1
Part3/outputs/answers_mistral_7b_prompt2.csv,answers_mistral_7b_prompt2,Q037,S,Animals,2,star-nosed mole,star-nosed mole,1,0,1,Q037::2
Part3/outputs/answers_mistral_7b_prompt2.csv,answers_mistral_7b_prompt2,Q037,S,Animals,3,starfish,starfish,1,0,1,Q037::3
Part3/outputs/answers_mistral_7b_prompt2.csv,answers_mistral_7b_prompt2,Q037,S,Animals,4,starfish,starfish,1,0,1,Q037::4
Part3/outputs/answers_mistral_7b_prompt2.csv,answers_mistral_7b_prompt2,Q037,S,Animals,5,salamander,salamander,1,0,1,Q037::5
Part3/outputs/answers_mistral_7b_prompt2.csv,answers_mistral_7b_prompt2,Q037,S,Animals,6,snowy owl,snowy owl,1,0,1,Q037::6
Part3/outputs/answers_mistral_7b_prompt2.csv,answers_mistral_7b_prompt2,Q037,S,Animals,7,star-nosed mole,star-nosed mole,1,0,1,Q037::7
Part3/outputs/answers_mistral_7b_prompt2.csv,answers_mistral_7b_prompt2,Q037,S,Animals,8,sea otter,sea otter,1,0,1,Q037::8
Part3/outputs/answers_mistral_7b_prompt2.csv,answers_mistral_7b_prompt2,Q037,S,Animals,9,sea otter,sea otter,1,0,1,Q037::9
Part3/outputs/answers_mistral_7b_prompt2.csv,answers_mistral_7b_prompt2,Q037,S,Animals,10,sharkskin seal,sharkskin seal,0,0,0,Q037::10
Part3/outputs/answers_mistral_7b_prompt2.csv,answers_mistral_7b_prompt2,Q037,S,Animals,11,shrew,shrew,1,0,1,Q037::11
Part3/outputs/answers_mistral_7b_prompt2.csv,answers_mistral_7b_prompt2,Q037,S,Animals,12,starling,starling,1,0,1,Q037::12
Part3/outputs/answers_mistral_7b_prompt2.csv,answers_mistral_7b_prompt2,Q037,S,Animals,13,star-nosed mole,star-nosed mole,1,0,1,Q037::13
Part3/outputs/answers_mistral_7b_prompt2.csv,answers_mistral_7b_prompt2,Q037,S,Animals,14,sea otter,sea otter,1,0,1,Q037::14
Part3/outputs/answers_mistral_7b_prompt2.csv,answers_mistral_7b_prompt2,Q037,S,Animals,15,star-nosed mole,star-nosed mole,1,0,1,Q037::15
Part3/outputs/answers_mistral_7b_prompt2.csv,answers_mistral_7b_prompt2,Q037,S,Animals,16,sea otter,sea otter,1,0,1,Q037::16
Part3/outputs/answers_mistral_7b_prompt2.csv,answers_mistral_7b_prompt2,Q037,S,Animals,17,sea otter,sea otter,1,0,1,Q037::17
Part3/outputs/answers_mistral_7b_prompt2.csv,answers_mistral_7b_prompt2,Q037,S,Animals,18,shrew,shrew,1,0,1,Q037::18
Part3/outputs/answers_mistral_7b_prompt2.csv,answers_mistral_7b_prompt2,Q037,S,Animals,19,star-nosed mole,star-nosed mole,1,0,1,Q037::19
Part3/outputs/answers_mistral_7b_prompt2.csv,answers_mistral_7b_prompt2,Q038,S,Things in an office,0,stapler stand,stapler stand,0,0,0,Q038::0
Part3/outputs/answers_mistral_7b_prompt2.csv,answers_mistral_7b_prompt2,Q038,S,Things in an office,1,stapler stand,stapler stand,0,0,0,Q038::1
Part3/outputs/answers_mistral_7b_prompt2.csv,answers_mistral_7b_prompt2,Q038,S,Things in an office,2,stapler stand,stapler stand,0,0,0,Q038::2
Part3/outputs/answers_mistral_7b_prompt2.csv,answers_mistral_7b_prompt2,Q038,S,Things in an office,3,"stapler stand

[Explanation: This is a common office",stapler stand [explanation: this is a common office,0,0,0,Q038::3
Part3/outputs/answers_mistral_7b_prompt2.csv,answers_mistral_7b_prompt2,Q038,S,Things in an office,4,"stapler stand

Explanation: While common office items like st",stapler stand explanation: while common office items like st,0,0,0,Q038::4
Part3/outputs/answers_mistral_7b_prompt2.csv,answers_mistral_7b_prompt2,Q038,S,Things in an office,5,stapler-remover,stapler-remover,0,0,0,Q038::5
Part3/outputs/answers_mistral_7b_prompt2.csv,answers_mistral_7b_prompt2,Q038,S,Things in an office,6,stapler stand,stapler stand,0,0,0,Q038::6
Part3/outputs/answers_mistral_7b_prompt2.csv,answers_mistral_7b_prompt2,Q038,S,Things in an office,7,stapler stand,stapler stand,0,0,0,Q038::7
Part3/outputs/answers_mistral_7b_prompt2.csv,answers_mistral_7b_prompt2,Q038,S,Things in an office,8,stapler remover,stapler remover,0,0,0,Q038::8
Part3/outputs/answers_mistral_7b_prompt2.csv,answers_mistral_7b_prompt2,Q038,S,Things in an office,9,stapler stand,stapler stand,0,0,0,Q038::9
Part3/outputs/answers_mistral_7b_prompt2.csv,answers_mistral_7b_prompt2,Q038,S,Things in an office,10,"stapler

For context, Scattergories is a creative-","stapler for context, scattergories is a creative",1,0,1,Q038::10
Part3/outputs/answers_mistral_7b_prompt2.csv,answers_mistral_7b_prompt2,Q038,S,Things in an office,11,"stapler stand

Explanation: While pens, pencils","stapler stand explanation: while pens, pencils",0,0,0,Q038::11
Part3/outputs/answers_mistral_7b_prompt2.csv,answers_mistral_7b_prompt2,Q038,S,Things in an office,12,"stapler

For future reference: The goal of Scattergories",stapler for future reference: the goal of scattergories,1,0,1,Q038::12
Part3/outputs/answers_mistral_7b_prompt2.csv,answers_mistral_7b_prompt2,Q038,S,Things in an office,13,stapler stand,stapler stand,0,0,0,Q038::13
Part3/outputs/answers_mistral_7b_prompt2.csv,answers_mistral_7b_prompt2,Q038,S,Things in an office,14,stapler stand,stapler stand,0,0,0,Q038::14
Part3/outputs/answers_mistral_7b_prompt2.csv,answers_mistral_7b_prompt2,Q038,S,Things in an office,15,stapler_stand,stapler_stand,0,0,0,Q038::15
Part3/outputs/answers_mistral_7b_prompt2.csv,answers_mistral_7b_prompt2,Q038,S,Things in an office,16,stapler stand,stapler stand,0,0,0,Q038::16
Part3/outputs/answers_mistral_7b_prompt2.csv,answers_mistral_7b_prompt2,Q038,S,Things in an office,17,stapler remover,stapler remover,0,0,0,Q038::17
Part3/outputs/answers_mistral_7b_prompt2.csv,answers_mistral_7b_prompt2,Q038,S,Things in an office,18,stapler stand,stapler stand,0,0,0,Q038::18
Part3/outputs/answers_mistral_7b_prompt2.csv,answers_mistral_7b_prompt2,Q038,S,Things in an office,19,"stapler stand

This answer is a common item found in an office",stapler stand this answer is a common item found in an office,0,0,0,Q038::19
Part3/outputs/answers_mistral_7b_prompt2.csv,answers_mistral_7b_prompt2,Q039,T,Countries,0,timor-leste,timor-leste,1,0,1,Q039::0
Part3/outputs/answers_mistral_7b_prompt2.csv,answers_mistral_7b_prompt2,Q039,T,Countries,1,timor-leste,timor-leste,1,0,1,Q039::1
Part3/outputs/answers_mistral_7b_prompt2.csv,answers_mistral_7b_prompt2,Q039,T,Countries,2,timor-leste,timor-leste,1,0,1,Q039::2
Part3/outputs/answers_mistral_7b_prompt2.csv,answers_mistral_7b_prompt2,Q039,T,Countries,3,tunisia,tunisia,1,1,0,Q039::3
Part3/outputs/answers_mistral_7b_prompt2.csv,answers_mistral_7b_prompt2,Q039,T,Countries,4,tunisia,tunisia,1,0,1,Q039::4
Part3/outputs/answers_mistral_7b_prompt2.csv,answers_mistral_7b_prompt2,Q039,T,Countries,5,turkmenistan,turkmenistan,1,0,1,Q039::5
Part3/outputs/answers_mistral_7b_prompt2.csv,answers_mistral_7b_prompt2,Q039,T,Countries,6,timor-leste,timor-leste,1,0,1,Q039::6
Part3/outputs/answers_mistral_7b_prompt2.csv,answers_mistral_7b_prompt2,Q039,T,Countries,7,timor-leste,timor-leste,1,0,1,Q039::7
Part3/outputs/answers_mistral_7b_prompt2.csv,answers_mistral_7b_prompt2,Q039,T,Countries,8,timor-leste,timor-leste,1,0,1,Q039::8
Part3/outputs/answers_mistral_7b_prompt2.csv,answers_mistral_7b_prompt2,Q039,T,Countries,9,timor-leste,timor-leste,1,0,1,Q039::9
Part3/outputs/answers_mistral_7b_prompt2.csv,answers_mistral_7b_prompt2,Q039,T,Countries,10,timor-leste,timor-leste,1,0,1,Q039::10
Part3/outputs/answers_mistral_7b_prompt2.csv,answers_mistral_7b_prompt2,Q039,T,Countries,11,turkmenistan,turkmenistan,1,0,1,Q039::11
Part3/outputs/answers_mistral_7b_prompt2.csv,answers_mistral_7b_prompt2,Q039,T,Countries,12,timor-leste,timor-leste,1,0,1,Q039::12
Part3/outputs/answers_mistral_7b_prompt2.csv,answers_mistral_7b_prompt2,Q039,T,Countries,13,timor-leste,timor-leste,1,0,1,Q039::13
Part3/outputs/answers_mistral_7b_prompt2.csv,answers_mistral_7b_prompt2,Q039,T,Countries,14,timor-leste,timor-leste,1,0,1,Q039::14
Part3/outputs/answers_mistral_7b_prompt2.csv,answers_mistral_7b_prompt2,Q039,T,Countries,15,timor-leste,timor-leste,1,0,1,Q039::15
Part3/outputs/answers_mistral_7b_prompt2.csv,answers_mistral_7b_prompt2,Q039,T,Countries,16,timor-leste,timor-leste,1,0,1,Q039::16
Part3/outputs/answers_mistral_7b_prompt2.csv,answers_mistral_7b_prompt2,Q039,T,Countries,17,timor-leste,timor-leste,1,0,1,Q039::17
Part3/outputs/answers_mistral_7b_prompt2.csv,answers_mistral_7b_prompt2,Q039,T,Countries,18,timor-leste,timor-leste,1,0,1,Q039::18
Part3/outputs/answers_mistral_7b_prompt2.csv,answers_mistral_7b_prompt2,Q039,T,Countries,19,timor-leste,timor-leste,1,0,1,Q039::19
Part3/outputs/answers_mistral_7b_prompt2.csv,answers_mistral_7b_prompt2,Q040,T,TV shows,0,the twilight zone,the twilight zone,1,0,1,Q040::0
Part3/outputs/answers_mistral_7b_prompt2.csv,answers_mistral_7b_prompt2,Q040,T,TV shows,1,the twilight zone,the twilight zone,1,0,1,Q040::1
Part3/outputs/answers_mistral_7b_prompt2.csv,answers_mistral_7b_prompt2,Q040,T,TV shows,2,the twilight zone,the twilight zone,1,0,1,Q040::2
Part3/outputs/answers_mistral_7b_prompt2.csv,answers_mistral_7b_prompt2,Q040,T,TV shows,3,the twilight zone,the twilight zone,1,0,1,Q040::3
Part3/outputs/answers_mistral_7b_prompt2.csv,answers_mistral_7b_prompt2,Q040,T,TV shows,4,the twilight zone,the twilight zone,1,0,1,Q040::4
Part3/outputs/answers_mistral_7b_prompt2.csv,answers_mistral_7b_prompt2,Q040,T,TV shows,5,the twilight zone,the twilight zone,1,0,1,Q040::5
Part3/outputs/answers_mistral_7b_prompt2.csv,answers_mistral_7b_prompt2,Q040,T,TV shows,6,the twilight zone,the twilight zone,1,0,1,Q040::6
Part3/outputs/answers_mistral_7b_prompt2.csv,answers_mistral_7b_prompt2,Q040,T,TV shows,7,the twilight zone,the twilight zone,1,0,1,Q040::7
Part3/outputs/answers_mistral_7b_prompt2.csv,answers_mistral_7b_prompt2,Q040,T,TV shows,8,the twilight zone,the twilight zone,1,0,1,Q040::8
Part3/outputs/answers_mistral_7b_prompt2.csv,answers_mistral_7b_prompt2,Q040,T,TV shows,9,the twilight zone,the twilight zone,1,0,1,Q040::9
Part3/outputs/answers_mistral_7b_prompt2.csv,answers_mistral_7b_prompt2,Q040,T,TV shows,10,the twilight zone,the twilight zone,1,0,1,Q040::10
Part3/outputs/answers_mistral_7b_prompt2.csv,answers_mistral_7b_prompt2,Q040,T,TV shows,11,the twilight zone,the twilight zone,1,0,1,Q040::11
Part3/outputs/answers_mistral_7b_prompt2.csv,answers_mistral_7b_prompt2,Q040,T,TV shows,12,the twilight zone,the twilight zone,1,0,1,Q040::12
Part3/outputs/answers_mistral_7b_prompt2.csv,answers_mistral_7b_prompt2,Q040,T,TV shows,13,the twilight zone,the twilight zone,1,0,1,Q040::13
Part3/outputs/answers_mistral_7b_prompt2.csv,answers_mistral_7b_prompt2,Q040,T,TV shows,14,star trek: deep space nine,star trek: deep space nine,1,0,1,Q040::14
Part3/outputs/answers_mistral_7b_prompt2.csv,answers_mistral_7b_prompt2,Q040,T,TV shows,15,the twilight zone,the twilight zone,1,0,1,Q040::15
Part3/outputs/answers_mistral_7b_prompt2.csv,answers_mistral_7b_prompt2,Q040,T,TV shows,16,the twilight zone,the twilight zone,1,0,1,Q040::16
Part3/outputs/answers_mistral_7b_prompt2.csv,answers_mistral_7b_prompt2,Q040,T,TV shows,17,friends,friends,0,0,0,Q040::17
Part3/outputs/answers_mistral_7b_prompt2.csv,answers_mistral_7b_prompt2,Q040,T,TV shows,18,the twilight zone,the twilight zone,1,0,1,Q040::18
Part3/outputs/answers_mistral_7b_prompt2.csv,answers_mistral_7b_prompt2,Q040,T,TV shows,19,the twilight zone,the twilight zone,1,0,1,Q040::19
Part3/outputs/answers_mistral_7b_prompt2.csv,answers_mistral_7b_prompt2,Q041,U,U.S. colleges,0,university of utah,university of utah,1,0,1,Q041::0
Part3/outputs/answers_mistral_7b_prompt2.csv,answers_mistral_7b_prompt2,Q041,U,U.S. colleges,1,university of utah,university of utah,1,0,1,Q041::1
Part3/outputs/answers_mistral_7b_prompt2.csv,answers_mistral_7b_prompt2,Q041,U,U.S. colleges,2,university of utah,university of utah,1,0,1,Q041::2
Part3/outputs/answers_mistral_7b_prompt2.csv,answers_mistral_7b_prompt2,Q041,U,U.S. colleges,3,university of utah,university of utah,1,0,1,Q041::3
Part3/outputs/answers_mistral_7b_prompt2.csv,answers_mistral_7b_prompt2,Q041,U,U.S. colleges,4,university of utah,university of utah,1,0,1,Q041::4
Part3/outputs/answers_mistral_7b_prompt2.csv,answers_mistral_7b_prompt2,Q041,U,U.S. colleges,5,university of utah,university of utah,1,0,1,Q041::5
Part3/outputs/answers_mistral_7b_prompt2.csv,answers_mistral_7b_prompt2,Q041,U,U.S. colleges,6,university of utah,university of utah,1,0,1,Q041::6
Part3/outputs/answers_mistral_7b_prompt2.csv,answers_mistral_7b_prompt2,Q041,U,U.S. colleges,7,university of utah,university of utah,1,0,1,Q041::7
Part3/outputs/answers_mistral_7b_prompt2.csv,answers_mistral_7b_prompt2,Q041,U,U.S. colleges,8,university of utah,university of utah,1,0,1,Q041::8
Part3/outputs/answers_mistral_7b_prompt2.csv,answers_mistral_7b_prompt2,Q041,U,U.S. colleges,9,university of utah,university of utah,1,0,1,Q041::9
Part3/outputs/answers_mistral_7b_prompt2.csv,answers_mistral_7b_prompt2,Q041,U,U.S. colleges,10,university of utah,university of utah,1,0,1,Q041::10
Part3/outputs/answers_mistral_7b_prompt2.csv,answers_mistral_7b_prompt2,Q041,U,U.S. colleges,11,university of utah,university of utah,1,0,1,Q041::11
Part3/outputs/answers_mistral_7b_prompt2.csv,answers_mistral_7b_prompt2,Q041,U,U.S. colleges,12,university of utah,university of utah,1,0,1,Q041::12
Part3/outputs/answers_mistral_7b_prompt2.csv,answers_mistral_7b_prompt2,Q041,U,U.S. colleges,13,university of utah,university of utah,1,0,1,Q041::13
Part3/outputs/answers_mistral_7b_prompt2.csv,answers_mistral_7b_prompt2,Q041,U,U.S. colleges,14,university of utah,university of utah,1,0,1,Q041::14
Part3/outputs/answers_mistral_7b_prompt2.csv,answers_mistral_7b_prompt2,Q041,U,U.S. colleges,15,university of utah,university of utah,1,0,1,Q041::15
Part3/outputs/answers_mistral_7b_prompt2.csv,answers_mistral_7b_prompt2,Q041,U,U.S. colleges,16,university of utah,university of utah,1,0,1,Q041::16
Part3/outputs/answers_mistral_7b_prompt2.csv,answers_mistral_7b_prompt2,Q041,U,U.S. colleges,17,university of utah,university of utah,1,0,1,Q041::17
Part3/outputs/answers_mistral_7b_prompt2.csv,answers_mistral_7b_prompt2,Q041,U,U.S. colleges,18,university of utah,university of utah,1,0,1,Q041::18
Part3/outputs/answers_mistral_7b_prompt2.csv,answers_mistral_7b_prompt2,Q041,U,U.S. colleges,19,university of utah,university of utah,1,0,1,Q041::19
Part3/outputs/answers_mistral_7b_prompt2.csv,answers_mistral_7b_prompt2,Q042,U,Things in a garage,0,utility cart,utility cart,1,0,1,Q042::0
Part3/outputs/answers_mistral_7b_prompt2.csv,answers_mistral_7b_prompt2,Q042,U,Things in a garage,1,utility belt,utility belt,0,0,0,Q042::1
Part3/outputs/answers_mistral_7b_prompt2.csv,answers_mistral_7b_prompt2,Q042,U,Things in a garage,2,utility wagon,utility wagon,1,0,1,Q042::2
Part3/outputs/answers_mistral_7b_prompt2.csv,answers_mistral_7b_prompt2,Q042,U,Things in a garage,3,utility cart,utility cart,1,0,1,Q042::3
Part3/outputs/answers_mistral_7b_prompt2.csv,answers_mistral_7b_prompt2,Q042,U,Things in a garage,4,utility cart,utility cart,1,0,1,Q042::4
Part3/outputs/answers_mistral_7b_prompt2.csv,answers_mistral_7b_prompt2,Q042,U,Things in a garage,5,upholstery tool,upholstery tool,1,0,1,Q042::5
Part3/outputs/answers_mistral_7b_prompt2.csv,answers_mistral_7b_prompt2,Q042,U,Things in a garage,6,utility cart,utility cart,1,0,1,Q042::6
Part3/outputs/answers_mistral_7b_prompt2.csv,answers_mistral_7b_prompt2,Q042,U,Things in a garage,7,utility cart,utility cart,1,0,1,Q042::7
Part3/outputs/answers_mistral_7b_prompt2.csv,answers_mistral_7b_prompt2,Q042,U,Things in a garage,8,universal joints,universal joints,1,0,1,Q042::8
Part3/outputs/answers_mistral_7b_prompt2.csv,answers_mistral_7b_prompt2,Q042,U,Things in a garage,9,utility cart,utility cart,1,0,1,Q042::9
Part3/outputs/answers_mistral_7b_prompt2.csv,answers_mistral_7b_prompt2,Q042,U,Things in a garage,10,utility cart,utility cart,1,0,1,Q042::10
Part3/outputs/answers_mistral_7b_prompt2.csv,answers_mistral_7b_prompt2,Q042,U,Things in a garage,11,upholstery tool,upholstery tool,1,0,1,Q042::11
Part3/outputs/answers_mistral_7b_prompt2.csv,answers_mistral_7b_prompt2,Q042,U,Things in a garage,12,utility cart,utility cart,1,0,1,Q042::12
Part3/outputs/answers_mistral_7b_prompt2.csv,answers_mistral_7b_prompt2,Q042,U,Things in a garage,13,universe bike unicycle utensils umbrella utility cart usher tool,universe bike unicycle utensils umbrella utility cart usher tool,0,0,0,Q042::13
Part3/outputs/answers_mistral_7b_prompt2.csv,answers_mistral_7b_prompt2,Q042,U,Things in a garage,14,"universal joint

In this response:
1. ""Universal Joint","universal joint in this response: 1. ""universal joint",1,0,1,Q042::14
Part3/outputs/answers_mistral_7b_prompt2.csv,answers_mistral_7b_prompt2,Q042,U,Things in a garage,15,utility cart,utility cart,1,0,1,Q042::15
Part3/outputs/answers_mistral_7b_prompt2.csv,answers_mistral_7b_prompt2,Q042,U,Things in a garage,16,upholstery tool,upholstery tool,1,0,1,Q042::16
Part3/outputs/answers_mistral_7b_prompt2.csv,answers_mistral_7b_prompt2,Q042,U,Things in a garage,17,utility cart,utility cart,1,0,1,Q042::17
Part3/outputs/answers_mistral_7b_prompt2.csv,answers_mistral_7b_prompt2,Q042,U,Things in a garage,18,utility cart,utility cart,1,0,1,Q042::18
Part3/outputs/answers_mistral_7b_prompt2.csv,answers_mistral_7b_prompt2,Q042,U,Things in a garage,19,utility shovel,utility shovel,1,0,1,Q042::19
Part3/outputs/answers_mistral_7b_prompt2.csv,answers_mistral_7b_prompt2,Q043,V,Jobs,0,veterinarian's assistant,veterinarian's assistant,1,0,1,Q043::0
Part3/outputs/answers_mistral_7b_prompt2.csv,answers_mistral_7b_prompt2,Q043,V,Jobs,1,veterinarian assistant,veterinarian assistant,1,0,1,Q043::1
Part3/outputs/answers_mistral_7b_prompt2.csv,answers_mistral_7b_prompt2,Q043,V,Jobs,2,veterinarian,veterinarian,1,0,1,Q043::2
Part3/outputs/answers_mistral_7b_prompt2.csv,answers_mistral_7b_prompt2,Q043,V,Jobs,3,veterinarian assistant,veterinarian assistant,1,0,1,Q043::3
Part3/outputs/answers_mistral_7b_prompt2.csv,answers_mistral_7b_prompt2,Q043,V,Jobs,4,veterinarian,veterinarian,1,0,1,Q043::4
Part3/outputs/answers_mistral_7b_prompt2.csv,answers_mistral_7b_prompt2,Q043,V,Jobs,5,veterinarian technician,veterinarian technician,0,0,0,Q043::5
Part3/outputs/answers_mistral_7b_prompt2.csv,answers_mistral_7b_prompt2,Q043,V,Jobs,6,veterinarian,veterinarian,1,0,1,Q043::6
Part3/outputs/answers_mistral_7b_prompt2.csv,answers_mistral_7b_prompt2,Q043,V,Jobs,7,veterinarian assistant,veterinarian assistant,1,0,1,Q043::7
Part3/outputs/answers_mistral_7b_prompt2.csv,answers_mistral_7b_prompt2,Q043,V,Jobs,8,veterinarian's assistant,veterinarian's assistant,1,0,1,Q043::8
Part3/outputs/answers_mistral_7b_prompt2.csv,answers_mistral_7b_prompt2,Q043,V,Jobs,9,veterinarian's assistant,veterinarian's assistant,1,0,1,Q043::9
Part3/outputs/answers_mistral_7b_prompt2.csv,answers_mistral_7b_prompt2,Q043,V,Jobs,10,veterinarian technician,veterinarian technician,0,0,0,Q043::10
Part3/outputs/answers_mistral_7b_prompt2.csv,answers_mistral_7b_prompt2,Q043,V,Jobs,11,veterinarian's assistant,veterinarian's assistant,1,0,1,Q043::11
Part3/outputs/answers_mistral_7b_prompt2.csv,answers_mistral_7b_prompt2,Q043,V,Jobs,12,veterinarian assistant,veterinarian assistant,1,0,1,Q043::12
Part3/outputs/answers_mistral_7b_prompt2.csv,answers_mistral_7b_prompt2,Q043,V,Jobs,13,veterinarian assistant,veterinarian assistant,1,0,1,Q043::13
Part3/outputs/answers_mistral_7b_prompt2.csv,answers_mistral_7b_prompt2,Q043,V,Jobs,14,veterinarian,veterinarian,1,0,1,Q043::14
Part3/outputs/answers_mistral_7b_prompt2.csv,answers_mistral_7b_prompt2,Q043,V,Jobs,15,veterinarian,veterinarian,1,0,1,Q043::15
Part3/outputs/answers_mistral_7b_prompt2.csv,answers_mistral_7b_prompt2,Q043,V,Jobs,16,veterinarian,veterinarian,1,0,1,Q043::16
Part3/outputs/answers_mistral_7b_prompt2.csv,answers_mistral_7b_prompt2,Q043,V,Jobs,17,veterinarian's assistant,veterinarian's assistant,1,0,1,Q043::17
Part3/outputs/answers_mistral_7b_prompt2.csv,answers_mistral_7b_prompt2,Q043,V,Jobs,18,veterinarian's assistant,veterinarian's assistant,1,0,1,Q043::18
Part3/outputs/answers_mistral_7b_prompt2.csv,answers_mistral_7b_prompt2,Q043,V,Jobs,19,veterinarian assistant,veterinarian assistant,1,0,1,Q043::19
Part3/outputs/answers_mistral_7b_prompt2.csv,answers_mistral_7b_prompt2,Q044,V,Things you wear,0,velvet vest,velvet vest,1,0,1,Q044::0
Part3/outputs/answers_mistral_7b_prompt2.csv,answers_mistral_7b_prompt2,Q044,V,Things you wear,1,velcro sneaker,velcro sneaker,1,0,1,Q044::1
Part3/outputs/answers_mistral_7b_prompt2.csv,answers_mistral_7b_prompt2,Q044,V,Things you wear,2,vestigial necktie,vestigial necktie,0,0,0,Q044::2
Part3/outputs/answers_mistral_7b_prompt2.csv,answers_mistral_7b_prompt2,Q044,V,Things you wear,3,velcro sneaker,velcro sneaker,1,0,1,Q044::3
Part3/outputs/answers_mistral_7b_prompt2.csv,answers_mistral_7b_prompt2,Q044,V,Things you wear,4,velvet vest,velvet vest,1,0,1,Q044::4
Part3/outputs/answers_mistral_7b_prompt2.csv,answers_mistral_7b_prompt2,Q044,V,Things you wear,5,velvet vest,velvet vest,1,0,1,Q044::5
Part3/outputs/answers_mistral_7b_prompt2.csv,answers_mistral_7b_prompt2,Q044,V,Things you wear,6,vestigial necktie,vestigial necktie,0,0,0,Q044::6
Part3/outputs/answers_mistral_7b_prompt2.csv,answers_mistral_7b_prompt2,Q044,V,Things you wear,7,velcro sneaker,velcro sneaker,1,0,1,Q044::7
Part3/outputs/answers_mistral_7b_prompt2.csv,answers_mistral_7b_prompt2,Q044,V,Things you wear,8,velvet vest,velvet vest,1,0,1,Q044::8
Part3/outputs/answers_mistral_7b_prompt2.csv,answers_mistral_7b_prompt2,Q044,V,Things you wear,9,velcro sneaker,velcro sneaker,1,0,1,Q044::9
Part3/outputs/answers_mistral_7b_prompt2.csv,answers_mistral_7b_prompt2,Q044,V,Things you wear,10,velcro sneaker,velcro sneaker,1,0,1,Q044::10
Part3/outputs/answers_mistral_7b_prompt2.csv,answers_mistral_7b_prompt2,Q044,V,Things you wear,11,velvet vest,velvet vest,1,0,1,Q044::11
Part3/outputs/answers_mistral_7b_prompt2.csv,answers_mistral_7b_prompt2,Q044,V,Things you wear,12,velvet vest,velvet vest,1,0,1,Q044::12
Part3/outputs/answers_mistral_7b_prompt2.csv,answers_mistral_7b_prompt2,Q044,V,Things you wear,13,velcro sneaker,velcro sneaker,1,0,1,Q044::13
Part3/outputs/answers_mistral_7b_prompt2.csv,answers_mistral_7b_prompt2,Q044,V,Things you wear,14,velvet vest,velvet vest,1,0,1,Q044::14
Part3/outputs/answers_mistral_7b_prompt2.csv,answers_mistral_7b_prompt2,Q044,V,Things you wear,15,velvet vest,velvet vest,1,0,1,Q044::15
Part3/outputs/answers_mistral_7b_prompt2.csv,answers_mistral_7b_prompt2,Q044,V,Things you wear,16,velvet vest,velvet vest,1,0,1,Q044::16
Part3/outputs/answers_mistral_7b_prompt2.csv,answers_mistral_7b_prompt2,Q044,V,Things you wear,17,velcro sneaker,velcro sneaker,1,0,1,Q044::17
Part3/outputs/answers_mistral_7b_prompt2.csv,answers_mistral_7b_prompt2,Q044,V,Things you wear,18,velvet vest,velvet vest,1,0,1,Q044::18
Part3/outputs/answers_mistral_7b_prompt2.csv,answers_mistral_7b_prompt2,Q044,V,Things you wear,19,vestigial-velvet-vacuum-cleaner-bag,vestigial-velvet-vacuum-cleaner-bag,0,0,0,Q044::19
Part3/outputs/answers_mistral_7b_prompt2.csv,answers_mistral_7b_prompt2,Q045,W,Cities,0,winnipeg,winnipeg,1,0,1,Q045::0
Part3/outputs/answers_mistral_7b_prompt2.csv,answers_mistral_7b_prompt2,Q045,W,Cities,1,winnipeg,winnipeg,1,0,1,Q045::1
Part3/outputs/answers_mistral_7b_prompt2.csv,answers_mistral_7b_prompt2,Q045,W,Cities,2,warsaw,warsaw,1,0,1,Q045::2
Part3/outputs/answers_mistral_7b_prompt2.csv,answers_mistral_7b_prompt2,Q045,W,Cities,3,wyomingcity,wyomingcity,0,0,0,Q045::3
Part3/outputs/answers_mistral_7b_prompt2.csv,answers_mistral_7b_prompt2,Q045,W,Cities,4,wayne,wayne,0,0,0,Q045::4
Part3/outputs/answers_mistral_7b_prompt2.csv,answers_mistral_7b_prompt2,Q045,W,Cities,5,winnipeg,winnipeg,1,1,0,Q045::5
Part3/outputs/answers_mistral_7b_prompt2.csv,answers_mistral_7b_prompt2,Q045,W,Cities,6,wichita,wichita,1,0,1,Q045::6
Part3/outputs/answers_mistral_7b_prompt2.csv,answers_mistral_7b_prompt2,Q045,W,Cities,7,wolverhampton,wolverhampton,1,0,1,Q045::7
Part3/outputs/answers_mistral_7b_prompt2.csv,answers_mistral_7b_prompt2,Q045,W,Cities,8,wyoming,wyoming,0,0,0,Q045::8
Part3/outputs/answers_mistral_7b_prompt2.csv,answers_mistral_7b_prompt2,Q045,W,Cities,9,wyomingdale,wyomingdale,0,0,0,Q045::9
Part3/outputs/answers_mistral_7b_prompt2.csv,answers_mistral_7b_prompt2,Q045,W,Cities,10,warwick,warwick,1,0,1,Q045::10
Part3/outputs/answers_mistral_7b_prompt2.csv,answers_mistral_7b_prompt2,Q045,W,Cities,11,winnipeg,winnipeg,1,0,1,Q045::11
Part3/outputs/answers_mistral_7b_prompt2.csv,answers_mistral_7b_prompt2,Q045,W,Cities,12,whiteriver,whiteriver,0,0,0,Q045::12
Part3/outputs/answers_mistral_7b_prompt2.csv,answers_mistral_7b_prompt2,Q045,W,Cities,13,winnipeg,winnipeg,1,0,1,Q045::13
Part3/outputs/answers_mistral_7b_prompt2.csv,answers_mistral_7b_prompt2,Q045,W,Cities,14,winnipeg,winnipeg,1,0,1,Q045::14
Part3/outputs/answers_mistral_7b_prompt2.csv,answers_mistral_7b_prompt2,Q045,W,Cities,15,wyomingville,wyomingville,0,0,0,Q045::15
Part3/outputs/answers_mistral_7b_prompt2.csv,answers_mistral_7b_prompt2,Q045,W,Cities,16,worcester,worcester,1,0,1,Q045::16
Part3/outputs/answers_mistral_7b_prompt2.csv,answers_mistral_7b_prompt2,Q045,W,Cities,17,winnipeg,winnipeg,1,0,1,Q045::17
Part3/outputs/answers_mistral_7b_prompt2.csv,answers_mistral_7b_prompt2,Q045,W,Cities,18,washington-dulles,washington-dulles,0,0,0,Q045::18
Part3/outputs/answers_mistral_7b_prompt2.csv,answers_mistral_7b_prompt2,Q045,W,Cities,19,worcester,worcester,1,0,1,Q045::19
Part3/outputs/answers_mistral_7b_prompt2.csv,answers_mistral_7b_prompt2,Q046,W,Things in a park,0,willowtree,willowtree,0,0,0,Q046::0
Part3/outputs/answers_mistral_7b_prompt2.csv,answers_mistral_7b_prompt2,Q046,W,Things in a park,1,willow-tree,willow-tree,1,0,1,Q046::1
Part3/outputs/answers_mistral_7b_prompt2.csv,answers_mistral_7b_prompt2,Q046,W,Things in a park,2,water fountain,water fountain,1,0,1,Q046::2
Part3/outputs/answers_mistral_7b_prompt2.csv,answers_mistral_7b_prompt2,Q046,W,Things in a park,3,waterfall_willow_whistle,waterfall_willow_whistle,0,0,0,Q046::3
Part3/outputs/answers_mistral_7b_prompt2.csv,answers_mistral_7b_prompt2,Q046,W,Things in a park,4,willow-tree,willow-tree,1,0,1,Q046::4
Part3/outputs/answers_mistral_7b_prompt2.csv,answers_mistral_7b_prompt2,Q046,W,Things in a park,5,water fountain,water fountain,1,0,1,Q046::5
Part3/outputs/answers_mistral_7b_prompt2.csv,answers_mistral_7b_prompt2,Q046,W,Things in a park,6,waterfall_wildflower,waterfall_wildflower,0,0,0,Q046::6
Part3/outputs/answers_mistral_7b_prompt2.csv,answers_mistral_7b_prompt2,Q046,W,Things in a park,7,water fountain,water fountain,1,0,1,Q046::7
Part3/outputs/answers_mistral_7b_prompt2.csv,answers_mistral_7b_prompt2,Q046,W,Things in a park,8,willow-bench,willow-bench,0,0,0,Q046::8
Part3/outputs/answers_mistral_7b_prompt2.csv,answers_mistral_7b_prompt2,Q046,W,Things in a park,9,water fountain walnut tree weather vane wrought-iron bench wind,water fountain walnut tree weather vane wrought-iron bench wind,1,0,1,Q046::9
Part3/outputs/answers_mistral_7b_prompt2.csv,answers_mistral_7b_prompt2,Q046,W,Things in a park,10,waterfall-wildflowers,waterfall-wildflowers,0,0,0,Q046::10
Part3/outputs/answers_mistral_7b_prompt2.csv,answers_mistral_7b_prompt2,Q046,W,Things in a park,11,"water fountain

For more Scattergories help, you can","water fountain for more scattergories help, you can",1,0,1,Q046::11
Part3/outputs/answers_mistral_7b_prompt2.csv,answers_mistral_7b_prompt2,Q046,W,Things in a park,12,willow_tree_bench,willow_tree_bench,0,0,0,Q046::12
Part3/outputs/answers_mistral_7b_prompt2.csv,answers_mistral_7b_prompt2,Q046,W,Things in a park,13,water fountain,water fountain,1,0,1,Q046::13
Part3/outputs/answers_mistral_7b_prompt2.csv,answers_mistral_7b_prompt2,Q046,W,Things in a park,14,"water fountain (common, realistic, and less common than a park bench","water fountain (common, realistic, and less common than a park bench",1,0,1,Q046::14
Part3/outputs/answers_mistral_7b_prompt2.csv,answers_mistral_7b_prompt2,Q046,W,Things in a park,15,water fountain,water fountain,1,0,1,Q046::15
Part3/outputs/answers_mistral_7b_prompt2.csv,answers_mistral_7b_prompt2,Q046,W,Things in a park,16,willow_bench,willow_bench,0,0,0,Q046::16
Part3/outputs/answers_mistral_7b_prompt2.csv,answers_mistral_7b_prompt2,Q046,W,Things in a park,17,willow-tree-swings,willow-tree-swings,0,0,0,Q046::17
Part3/outputs/answers_mistral_7b_prompt2.csv,answers_mistral_7b_prompt2,Q046,W,Things in a park,18,water fountain (note: bench and swing are more common choices),water fountain (note: bench and swing are more common choices,1,0,1,Q046::18
Part3/outputs/answers_mistral_7b_prompt2.csv,answers_mistral_7b_prompt2,Q046,W,Things in a park,19,willow-bench,willow-bench,0,0,0,Q046::19
Part3/outputs/answers_mistral_7b_prompt2.csv,answers_mistral_7b_prompt2,Q047,X,Brands,0,xbox360,xbox360,0,0,0,Q047::0
Part3/outputs/answers_mistral_7b_prompt2.csv,answers_mistral_7b_prompt2,Q047,X,Brands,1,xbox360,xbox360,0,0,0,Q047::1
Part3/outputs/answers_mistral_7b_prompt2.csv,answers_mistral_7b_prompt2,Q047,X,Brands,2,xbox live,xbox live,0,0,0,Q047::2
Part3/outputs/answers_mistral_7b_prompt2.csv,answers_mistral_7b_prompt2,Q047,X,Brands,3,xboxlive,xboxlive,0,0,0,Q047::3
Part3/outputs/answers_mistral_7b_prompt2.csv,answers_mistral_7b_prompt2,Q047,X,Brands,4,xerox,xerox,1,0,1,Q047::4
Part3/outputs/answers_mistral_7b_prompt2.csv,answers_mistral_7b_prompt2,Q047,X,Brands,5,xboxone,xboxone,0,0,0,Q047::5
Part3/outputs/answers_mistral_7b_prompt2.csv,answers_mistral_7b_prompt2,Q047,X,Brands,6,xbox live,xbox live,0,0,0,Q047::6
Part3/outputs/answers_mistral_7b_prompt2.csv,answers_mistral_7b_prompt2,Q047,X,Brands,7,xboxlive,xboxlive,0,0,0,Q047::7
Part3/outputs/answers_mistral_7b_prompt2.csv,answers_mistral_7b_prompt2,Q047,X,Brands,8,xboxlive,xboxlive,0,0,0,Q047::8
Part3/outputs/answers_mistral_7b_prompt2.csv,answers_mistral_7b_prompt2,Q047,X,Brands,9,xboxlive,xboxlive,0,0,0,Q047::9
Part3/outputs/answers_mistral_7b_prompt2.csv,answers_mistral_7b_prompt2,Q047,X,Brands,10,"xerox

Explanation:
Xerox is a well",xerox explanation: xerox is a well,1,0,1,Q047::10
Part3/outputs/answers_mistral_7b_prompt2.csv,answers_mistral_7b_prompt2,Q047,X,Brands,11,"xerox

Explanation: Xerox is a well-",xerox explanation: xerox is a well,1,0,1,Q047::11
Part3/outputs/answers_mistral_7b_prompt2.csv,answers_mistral_7b_prompt2,Q047,X,Brands,12,xbox360,xbox360,0,0,0,Q047::12
Part3/outputs/answers_mistral_7b_prompt2.csv,answers_mistral_7b_prompt2,Q047,X,Brands,13,"xbox

(I chose Xbox because it's a well-known",xbox (i chose xbox because it's a well-known,1,0,1,Q047::13
Part3/outputs/answers_mistral_7b_prompt2.csv,answers_mistral_7b_prompt2,Q047,X,Brands,14,xerox (photocopier brand),xerox (photocopier brand,1,0,1,Q047::14
Part3/outputs/answers_mistral_7b_prompt2.csv,answers_mistral_7b_prompt2,Q047,X,Brands,15,xboxlive,xboxlive,0,0,0,Q047::15
Part3/outputs/answers_mistral_7b_prompt2.csv,answers_mistral_7b_prompt2,Q047,X,Brands,16,xbox360,xbox360,0,0,0,Q047::16
Part3/outputs/answers_mistral_7b_prompt2.csv,answers_mistral_7b_prompt2,Q047,X,Brands,17,xbox,xbox,1,0,1,Q047::17
Part3/outputs/answers_mistral_7b_prompt2.csv,answers_mistral_7b_prompt2,Q047,X,Brands,18,xerox,xerox,1,0,1,Q047::18
Part3/outputs/answers_mistral_7b_prompt2.csv,answers_mistral_7b_prompt2,Q047,X,Brands,19,xboxlive,xboxlive,0,0,0,Q047::19
Part3/outputs/answers_mistral_7b_prompt2.csv,answers_mistral_7b_prompt2,Q048,X,Words in English,0,xylophagous,xylophagous,1,0,1,Q048::0
Part3/outputs/answers_mistral_7b_prompt2.csv,answers_mistral_7b_prompt2,Q048,X,Words in English,1,xylophone,xylophone,1,0,1,Q048::1
Part3/outputs/answers_mistral_7b_prompt2.csv,answers_mistral_7b_prompt2,Q048,X,Words in English,2,xylophone,xylophone,1,0,1,Q048::2
Part3/outputs/answers_mistral_7b_prompt2.csv,answers_mistral_7b_prompt2,Q048,X,Words in English,3,xylophone,xylophone,1,0,1,Q048::3
Part3/outputs/answers_mistral_7b_prompt2.csv,answers_mistral_7b_prompt2,Q048,X,Words in English,4,xylophone,xylophone,1,0,1,Q048::4
Part3/outputs/answers_mistral_7b_prompt2.csv,answers_mistral_7b_prompt2,Q048,X,Words in English,5,xylophagous,xylophagous,1,0,1,Q048::5
Part3/outputs/answers_mistral_7b_prompt2.csv,answers_mistral_7b_prompt2,Q048,X,Words in English,6,xylophone,xylophone,1,0,1,Q048::6
Part3/outputs/answers_mistral_7b_prompt2.csv,answers_mistral_7b_prompt2,Q048,X,Words in English,7,xylophagous,xylophagous,1,0,1,Q048::7
Part3/outputs/answers_mistral_7b_prompt2.csv,answers_mistral_7b_prompt2,Q048,X,Words in English,8,xenophobe,xenophobe,1,0,1,Q048::8
Part3/outputs/answers_mistral_7b_prompt2.csv,answers_mistral_7b_prompt2,Q048,X,Words in English,9,xylophagous,xylophagous,1,0,1,Q048::9
Part3/outputs/answers_mistral_7b_prompt2.csv,answers_mistral_7b_prompt2,Q048,X,Words in English,10,xylophone,xylophone,1,0,1,Q048::10
Part3/outputs/answers_mistral_7b_prompt2.csv,answers_mistral_7b_prompt2,Q048,X,Words in English,11,xylophone,xylophone,1,0,1,Q048::11
Part3/outputs/answers_mistral_7b_prompt2.csv,answers_mistral_7b_prompt2,Q048,X,Words in English,12,xylophone,xylophone,1,0,1,Q048::12
Part3/outputs/answers_mistral_7b_prompt2.csv,answers_mistral_7b_prompt2,Q048,X,Words in English,13,xylophone,xylophone,1,0,1,Q048::13
Part3/outputs/answers_mistral_7b_prompt2.csv,answers_mistral_7b_prompt2,Q048,X,Words in English,14,xylophagous,xylophagous,1,0,1,Q048::14
Part3/outputs/answers_mistral_7b_prompt2.csv,answers_mistral_7b_prompt2,Q048,X,Words in English,15,xylophone,xylophone,1,0,1,Q048::15
Part3/outputs/answers_mistral_7b_prompt2.csv,answers_mistral_7b_prompt2,Q048,X,Words in English,16,xylophone,xylophone,1,0,1,Q048::16
Part3/outputs/answers_mistral_7b_prompt2.csv,answers_mistral_7b_prompt2,Q048,X,Words in English,17,xylophone,xylophone,1,0,1,Q048::17
Part3/outputs/answers_mistral_7b_prompt2.csv,answers_mistral_7b_prompt2,Q048,X,Words in English,18,xylophone,xylophone,1,0,1,Q048::18
Part3/outputs/answers_mistral_7b_prompt2.csv,answers_mistral_7b_prompt2,Q048,X,Words in English,19,xylophone,xylophone,1,0,1,Q048::19
Part3/outputs/answers_mistral_7b_prompt2.csv,answers_mistral_7b_prompt2,Q049,Y,Foods,0,yam fritters,yam fritters,1,0,1,Q049::0
Part3/outputs/answers_mistral_7b_prompt2.csv,answers_mistral_7b_prompt2,Q049,Y,Foods,1,yogurt parfait,yogurt parfait,1,0,1,Q049::1
Part3/outputs/answers_mistral_7b_prompt2.csv,answers_mistral_7b_prompt2,Q049,Y,Foods,2,yogurt parfait,yogurt parfait,1,0,1,Q049::2
Part3/outputs/answers_mistral_7b_prompt2.csv,answers_mistral_7b_prompt2,Q049,Y,Foods,3,yogurt parfait,yogurt parfait,1,0,1,Q049::3
Part3/outputs/answers_mistral_7b_prompt2.csv,answers_mistral_7b_prompt2,Q049,Y,Foods,4,yogurt,yogurt,1,1,0,Q049::4
Part3/outputs/answers_mistral_7b_prompt2.csv,answers_mistral_7b_prompt2,Q049,Y,Foods,5,yogurt parfait,yogurt parfait,1,0,1,Q049::5
Part3/outputs/answers_mistral_7b_prompt2.csv,answers_mistral_7b_prompt2,Q049,Y,Foods,6,yogurt parfait,yogurt parfait,1,0,1,Q049::6
Part3/outputs/answers_mistral_7b_prompt2.csv,answers_mistral_7b_prompt2,Q049,Y,Foods,7,yogurt cake,yogurt cake,1,0,1,Q049::7
Part3/outputs/answers_mistral_7b_prompt2.csv,answers_mistral_7b_prompt2,Q049,Y,Foods,8,yogurt parfait,yogurt parfait,1,0,1,Q049::8
Part3/outputs/answers_mistral_7b_prompt2.csv,answers_mistral_7b_prompt2,Q049,Y,Foods,9,yogurt,yogurt,1,1,0,Q049::9
Part3/outputs/answers_mistral_7b_prompt2.csv,answers_mistral_7b_prompt2,Q049,Y,Foods,10,yogurt covers,yogurt covers,0,0,0,Q049::10
Part3/outputs/answers_mistral_7b_prompt2.csv,answers_mistral_7b_prompt2,Q049,Y,Foods,11,yogurt,yogurt,1,1,0,Q049::11
Part3/outputs/answers_mistral_7b_prompt2.csv,answers_mistral_7b_prompt2,Q049,Y,Foods,12,yogurt parfait,yogurt parfait,1,0,1,Q049::12
Part3/outputs/answers_mistral_7b_prompt2.csv,answers_mistral_7b_prompt2,Q049,Y,Foods,13,yogurt granola,yogurt granola,0,0,0,Q049::13
Part3/outputs/answers_mistral_7b_prompt2.csv,answers_mistral_7b_prompt2,Q049,Y,Foods,14,yogurt parfait,yogurt parfait,1,0,1,Q049::14
Part3/outputs/answers_mistral_7b_prompt2.csv,answers_mistral_7b_prompt2,Q049,Y,Foods,15,yogurt parfait,yogurt parfait,1,0,1,Q049::15
Part3/outputs/answers_mistral_7b_prompt2.csv,answers_mistral_7b_prompt2,Q049,Y,Foods,16,yogurt parfait,yogurt parfait,1,0,1,Q049::16
Part3/outputs/answers_mistral_7b_prompt2.csv,answers_mistral_7b_prompt2,Q049,Y,Foods,17,yogurt parfait,yogurt parfait,1,0,1,Q049::17
Part3/outputs/answers_mistral_7b_prompt2.csv,answers_mistral_7b_prompt2,Q049,Y,Foods,18,yogurt parfait,yogurt parfait,1,0,1,Q049::18
Part3/outputs/answers_mistral_7b_prompt2.csv,answers_mistral_7b_prompt2,Q049,Y,Foods,19,yogurt parfait,yogurt parfait,1,0,1,Q049::19
Part3/outputs/answers_mistral_7b_prompt2.csv,answers_mistral_7b_prompt2,Q050,Y,Things at a party,0,yak-appetizer,yak-appetizer,0,0,0,Q050::0
Part3/outputs/answers_mistral_7b_prompt2.csv,answers_mistral_7b_prompt2,Q050,Y,Things at a party,1,yak-appetizer,yak-appetizer,0,0,0,Q050::1
Part3/outputs/answers_mistral_7b_prompt2.csv,answers_mistral_7b_prompt2,Q050,Y,Things at a party,2,yakappa_bowl,yakappa_bowl,0,0,0,Q050::2
Part3/outputs/answers_mistral_7b_prompt2.csv,answers_mistral_7b_prompt2,Q050,Y,Things at a party,3,yakappetizer,yakappetizer,0,0,0,Q050::3
Part3/outputs/answers_mistral_7b_prompt2.csv,answers_mistral_7b_prompt2,Q050,Y,Things at a party,4,yak-appetizer,yak-appetizer,0,0,0,Q050::4
Part3/outputs/answers_mistral_7b_prompt2.csv,answers_mistral_7b_prompt2,Q050,Y,Things at a party,5,yak-appetizer,yak-appetizer,0,0,0,Q050::5
Part3/outputs/answers_mistral_7b_prompt2.csv,answers_mistral_7b_prompt2,Q050,Y,Things at a party,6,yak-appetizer,yak-appetizer,0,0,0,Q050::6
Part3/outputs/answers_mistral_7b_prompt2.csv,answers_mistral_7b_prompt2,Q050,Y,Things at a party,7,yacht cocktails,yacht cocktails,0,0,0,Q050::7
Part3/outputs/answers_mistral_7b_prompt2.csv,answers_mistral_7b_prompt2,Q050,Y,Things at a party,8,yak appetizer,yak appetizer,0,0,0,Q050::8
Part3/outputs/answers_mistral_7b_prompt2.csv,answers_mistral_7b_prompt2,Q050,Y,Things at a party,9,yoga mat,yoga mat,0,0,0,Q050::9
Part3/outputs/answers_mistral_7b_prompt2.csv,answers_mistral_7b_prompt2,Q050,Y,Things at a party,10,yacht cocktail,yacht cocktail,0,0,0,Q050::10
Part3/outputs/answers_mistral_7b_prompt2.csv,answers_mistral_7b_prompt2,Q050,Y,Things at a party,11,yak-appetizer,yak-appetizer,0,0,0,Q050::11
Part3/outputs/answers_mistral_7b_prompt2.csv,answers_mistral_7b_prompt2,Q050,Y,Things at a party,12,jukebox yoyo,jukebox yoyo,0,0,0,Q050::12
Part3/outputs/answers_mistral_7b_prompt2.csv,answers_mistral_7b_prompt2,Q050,Y,Things at a party,13,yak cocktail,yak cocktail,0,0,0,Q050::13
Part3/outputs/answers_mistral_7b_prompt2.csv,answers_mistral_7b_prompt2,Q050,Y,Things at a party,14,yak-appetizer,yak-appetizer,0,0,0,Q050::14
Part3/outputs/answers_mistral_7b_prompt2.csv,answers_mistral_7b_prompt2,Q050,Y,Things at a party,15,cocktail yarn,cocktail yarn,0,0,0,Q050::15
Part3/outputs/answers_mistral_7b_prompt2.csv,answers_mistral_7b_prompt2,Q050,Y,Things at a party,16,yacht cocktails,yacht cocktails,0,0,0,Q050::16
Part3/outputs/answers_mistral_7b_prompt2.csv,answers_mistral_7b_prompt2,Q050,Y,Things at a party,17,yak-appetizer,yak-appetizer,0,0,0,Q050::17
Part3/outputs/answers_mistral_7b_prompt2.csv,answers_mistral_7b_prompt2,Q050,Y,Things at a party,18,yak-appetizer,yak-appetizer,0,0,0,Q050::18
Part3/outputs/answers_mistral_7b_prompt2.csv,answers_mistral_7b_prompt2,Q050,Y,Things at a party,19,yak-appetizer,yak-appetizer,0,0,0,Q050::19
Part3/outputs/answers_mistral_7b_prompt2.csv,answers_mistral_7b_prompt2,Q051,Z,Animals,0,zebrid,zebrid,0,0,0,Q051::0
Part3/outputs/answers_mistral_7b_prompt2.csv,answers_mistral_7b_prompt2,Q051,Z,Animals,1,zebrazoo,zebrazoo,0,0,0,Q051::1
Part3/outputs/answers_mistral_7b_prompt2.csv,answers_mistral_7b_prompt2,Q051,Z,Animals,2,zebra finch,zebra finch,1,0,1,Q051::2
Part3/outputs/answers_mistral_7b_prompt2.csv,answers_mistral_7b_prompt2,Q051,Z,Animals,3,zebra,zebra,1,0,1,Q051::3
Part3/outputs/answers_mistral_7b_prompt2.csv,answers_mistral_7b_prompt2,Q051,Z,Animals,4,zebrafinch,zebrafinch,0,0,0,Q051::4
Part3/outputs/answers_mistral_7b_prompt2.csv,answers_mistral_7b_prompt2,Q051,Z,Animals,5,zebra finch,zebra finch,1,0,1,Q051::5
Part3/outputs/answers_mistral_7b_prompt2.csv,answers_mistral_7b_prompt2,Q051,Z,Animals,6,zebrabird,zebrabird,0,0,0,Q051::6
Part3/outputs/answers_mistral_7b_prompt2.csv,answers_mistral_7b_prompt2,Q051,Z,Animals,7,zebrafish,zebrafish,1,0,1,Q051::7
Part3/outputs/answers_mistral_7b_prompt2.csv,answers_mistral_7b_prompt2,Q051,Z,Animals,8,zebrid,zebrid,0,0,0,Q051::8
Part3/outputs/answers_mistral_7b_prompt2.csv,answers_mistral_7b_prompt2,Q051,Z,Animals,9,zebrafish,zebrafish,1,0,1,Q051::9
Part3/outputs/answers_mistral_7b_prompt2.csv,answers_mistral_7b_prompt2,Q051,Z,Animals,10,zebrafinch,zebrafinch,0,0,0,Q051::10
Part3/outputs/answers_mistral_7b_prompt2.csv,answers_mistral_7b_prompt2,Q051,Z,Animals,11,zebra Finch,zebra finch,1,0,1,Q051::11
Part3/outputs/answers_mistral_7b_prompt2.csv,answers_mistral_7b_prompt2,Q051,Z,Animals,12,zebra finch,zebra finch,1,0,1,Q051::12
Part3/outputs/answers_mistral_7b_prompt2.csv,answers_mistral_7b_prompt2,Q051,Z,Animals,13,zebrabird,zebrabird,0,0,0,Q051::13
Part3/outputs/answers_mistral_7b_prompt2.csv,answers_mistral_7b_prompt2,Q051,Z,Animals,14,zebracub,zebracub,0,0,0,Q051::14
Part3/outputs/answers_mistral_7b_prompt2.csv,answers_mistral_7b_prompt2,Q051,Z,Animals,15,zebrafinch,zebrafinch,0,0,0,Q051::15
Part3/outputs/answers_mistral_7b_prompt2.csv,answers_mistral_7b_prompt2,Q051,Z,Animals,16,zebrafinch,zebrafinch,0,0,0,Q051::16
Part3/outputs/answers_mistral_7b_prompt2.csv,answers_mistral_7b_prompt2,Q051,Z,Animals,17,zebrid,zebrid,0,0,0,Q051::17
Part3/outputs/answers_mistral_7b_prompt2.csv,answers_mistral_7b_prompt2,Q051,Z,Animals,18,zebrafinch,zebrafinch,0,0,0,Q051::18
Part3/outputs/answers_mistral_7b_prompt2.csv,answers_mistral_7b_prompt2,Q051,Z,Animals,19,zebrafinch,zebrafinch,0,0,0,Q051::19
Part3/outputs/answers_mistral_7b_prompt2.csv,answers_mistral_7b_prompt2,Q052,Z,Things in a zoo,0,zebra,zebra,1,1,0,Q052::0
Part3/outputs/answers_mistral_7b_prompt2.csv,answers_mistral_7b_prompt2,Q052,Z,Things in a zoo,1,zebra enclosure,zebra enclosure,0,0,0,Q052::1
Part3/outputs/answers_mistral_7b_prompt2.csv,answers_mistral_7b_prompt2,Q052,Z,Things in a zoo,2,zebra,zebra,1,0,1,Q052::2
Part3/outputs/answers_mistral_7b_prompt2.csv,answers_mistral_7b_prompt2,Q052,Z,Things in a zoo,3,zebra,zebra,1,1,0,Q052::3
Part3/outputs/answers_mistral_7b_prompt2.csv,answers_mistral_7b_prompt2,Q052,Z,Things in a zoo,4,zebra,zebra,1,1,0,Q052::4
Part3/outputs/answers_mistral_7b_prompt2.csv,answers_mistral_7b_prompt2,Q052,Z,Things in a zoo,5,zebra,zebra,1,1,0,Q052::5
Part3/outputs/answers_mistral_7b_prompt2.csv,answers_mistral_7b_prompt2,Q052,Z,Things in a zoo,6,zebra enclosure,zebra enclosure,0,0,0,Q052::6
Part3/outputs/answers_mistral_7b_prompt2.csv,answers_mistral_7b_prompt2,Q052,Z,Things in a zoo,7,zebra enclosure,zebra enclosure,0,0,0,Q052::7
Part3/outputs/answers_mistral_7b_prompt2.csv,answers_mistral_7b_prompt2,Q052,Z,Things in a zoo,8,zebra enclosure,zebra enclosure,0,0,0,Q052::8
Part3/outputs/answers_mistral_7b_prompt2.csv,answers_mistral_7b_prompt2,Q052,Z,Things in a zoo,9,zebra,zebra,1,0,1,Q052::9
Part3/outputs/answers_mistral_7b_prompt2.csv,answers_mistral_7b_prompt2,Q052,Z,Things in a zoo,10,zebra,zebra,1,1,0,Q052::10
Part3/outputs/answers_mistral_7b_prompt2.csv,answers_mistral_7b_prompt2,Q052,Z,Things in a zoo,11,zebra enclosure,zebra enclosure,0,0,0,Q052::11
Part3/outputs/answers_mistral_7b_prompt2.csv,answers_mistral_7b_prompt2,Q052,Z,Things in a zoo,12,zebra,zebra,1,1,0,Q052::12
Part3/outputs/answers_mistral_7b_prompt2.csv,answers_mistral_7b_prompt2,Q052,Z,Things in a zoo,13,zebra enclosure,zebra enclosure,0,0,0,Q052::13
Part3/outputs/answers_mistral_7b_prompt2.csv,answers_mistral_7b_prompt2,Q052,Z,Things in a zoo,14,zebra,zebra,1,1,0,Q052::14
Part3/outputs/answers_mistral_7b_prompt2.csv,answers_mistral_7b_prompt2,Q052,Z,Things in a zoo,15,zebra,zebra,1,1,0,Q052::15
Part3/outputs/answers_mistral_7b_prompt2.csv,answers_mistral_7b_prompt2,Q052,Z,Things in a zoo,16,zebra,zebra,1,1,0,Q052::16
Part3/outputs/answers_mistral_7b_prompt2.csv,answers_mistral_7b_prompt2,Q052,Z,Things in a zoo,17,"zebra, kangaroo, flamingo, zorilla","zebra, kangaroo, flamingo, zorilla",0,0,0,Q052::17
Part3/outputs/answers_mistral_7b_prompt2.csv,answers_mistral_7b_prompt2,Q052,Z,Things in a zoo,18,zebra enclosure,zebra enclosure,0,0,0,Q052::18
Part3/outputs/answers_mistral_7b_prompt2.csv,answers_mistral_7b_prompt2,Q052,Z,Things in a zoo,19,"zebra, kangaroo, flamingo, zonkey","zebra, kangaroo, flamingo, zonkey",0,0,0,Q052::19
Part3/outputs/answers_mistral_7b_prompt2.csv,answers_mistral_7b_prompt2,Q053,A,Things in a kitchen,0,apron hook,apron hook,0,0,0,Q053::0
Part3/outputs/answers_mistral_7b_prompt2.csv,answers_mistral_7b_prompt2,Q053,A,Things in a kitchen,1,apron hook,apron hook,0,0,0,Q053::1
Part3/outputs/answers_mistral_7b_prompt2.csv,answers_mistral_7b_prompt2,Q053,A,Things in a kitchen,2,apron rack,apron rack,0,0,0,Q053::2
Part3/outputs/answers_mistral_7b_prompt2.csv,answers_mistral_7b_prompt2,Q053,A,Things in a kitchen,3,apron hook,apron hook,0,0,0,Q053::3
Part3/outputs/answers_mistral_7b_prompt2.csv,answers_mistral_7b_prompt2,Q053,A,Things in a kitchen,4,apron hook,apron hook,0,0,0,Q053::4
Part3/outputs/answers_mistral_7b_prompt2.csv,answers_mistral_7b_prompt2,Q053,A,Things in a kitchen,5,apron hook,apron hook,0,0,0,Q053::5
Part3/outputs/answers_mistral_7b_prompt2.csv,answers_mistral_7b_prompt2,Q053,A,Things in a kitchen,6,apron hook,apron hook,0,0,0,Q053::6
Part3/outputs/answers_mistral_7b_prompt2.csv,answers_mistral_7b_prompt2,Q053,A,Things in a kitchen,7,apron hook,apron hook,0,0,0,Q053::7
Part3/outputs/answers_mistral_7b_prompt2.csv,answers_mistral_7b_prompt2,Q053,A,Things in a kitchen,8,apron hook,apron hook,0,0,0,Q053::8
Part3/outputs/answers_mistral_7b_prompt2.csv,answers_mistral_7b_prompt2,Q053,A,Things in a kitchen,9,apron rack,apron rack,0,0,0,Q053::9
Part3/outputs/answers_mistral_7b_prompt2.csv,answers_mistral_7b_prompt2,Q053,A,Things in a kitchen,10,apple juice aerator,apple juice aerator,0,0,0,Q053::10
Part3/outputs/answers_mistral_7b_prompt2.csv,answers_mistral_7b_prompt2,Q053,A,Things in a kitchen,11,apron hook,apron hook,0,0,0,Q053::11
Part3/outputs/answers_mistral_7b_prompt2.csv,answers_mistral_7b_prompt2,Q053,A,Things in a kitchen,12,apron rack,apron rack,0,0,0,Q053::12
Part3/outputs/answers_mistral_7b_prompt2.csv,answers_mistral_7b_prompt2,Q053,A,Things in a kitchen,13,apron hook,apron hook,0,0,0,Q053::13
Part3/outputs/answers_mistral_7b_prompt2.csv,answers_mistral_7b_prompt2,Q053,A,Things in a kitchen,14,apron hook,apron hook,0,0,0,Q053::14
Part3/outputs/answers_mistral_7b_prompt2.csv,answers_mistral_7b_prompt2,Q053,A,Things in a kitchen,15,apron hook,apron hook,0,0,0,Q053::15
Part3/outputs/answers_mistral_7b_prompt2.csv,answers_mistral_7b_prompt2,Q053,A,Things in a kitchen,16,apron hook,apron hook,0,0,0,Q053::16
Part3/outputs/answers_mistral_7b_prompt2.csv,answers_mistral_7b_prompt2,Q053,A,Things in a kitchen,17,"apple peeler

For those unfamiliar with Scattergories rules:",apple peeler for those unfamiliar with scattergories rules,1,0,1,Q053::17
Part3/outputs/answers_mistral_7b_prompt2.csv,answers_mistral_7b_prompt2,Q053,A,Things in a kitchen,18,apron hook,apron hook,0,0,0,Q053::18
Part3/outputs/answers_mistral_7b_prompt2.csv,answers_mistral_7b_prompt2,Q053,A,Things in a kitchen,19,apron hook,apron hook,0,0,0,Q053::19
Part3/outputs/answers_mistral_7b_prompt2.csv,answers_mistral_7b_prompt2,Q054,B,Singers,0,bjork,bjork,1,0,1,Q054::0
Part3/outputs/answers_mistral_7b_prompt2.csv,answers_mistral_7b_prompt2,Q054,B,Singers,1,barbra streisand,barbra streisand,1,1,0,Q054::1
Part3/outputs/answers_mistral_7b_prompt2.csv,answers_mistral_7b_prompt2,Q054,B,Singers,2,billy joel,billy joel,1,0,1,Q054::2
Part3/outputs/answers_mistral_7b_prompt2.csv,answers_mistral_7b_prompt2,Q054,B,Singers,3,barbra streisand,barbra streisand,1,0,1,Q054::3
Part3/outputs/answers_mistral_7b_prompt2.csv,answers_mistral_7b_prompt2,Q054,B,Singers,4,bjork,bjork,1,0,1,Q054::4
Part3/outputs/answers_mistral_7b_prompt2.csv,answers_mistral_7b_prompt2,Q054,B,Singers,5,barbra streisand,barbra streisand,1,0,1,Q054::5
Part3/outputs/answers_mistral_7b_prompt2.csv,answers_mistral_7b_prompt2,Q054,B,Singers,6,barbra streisand,barbra streisand,1,0,1,Q054::6
Part3/outputs/answers_mistral_7b_prompt2.csv,answers_mistral_7b_prompt2,Q054,B,Singers,7,barbra streisand,barbra streisand,1,0,1,Q054::7
Part3/outputs/answers_mistral_7b_prompt2.csv,answers_mistral_7b_prompt2,Q054,B,Singers,8,barbra streisand,barbra streisand,1,0,1,Q054::8
Part3/outputs/answers_mistral_7b_prompt2.csv,answers_mistral_7b_prompt2,Q054,B,Singers,9,bjork,bjork,1,0,1,Q054::9
Part3/outputs/answers_mistral_7b_prompt2.csv,answers_mistral_7b_prompt2,Q054,B,Singers,10,barbra streisand,barbra streisand,1,0,1,Q054::10
Part3/outputs/answers_mistral_7b_prompt2.csv,answers_mistral_7b_prompt2,Q054,B,Singers,11,barbra streisand,barbra streisand,1,0,1,Q054::11
Part3/outputs/answers_mistral_7b_prompt2.csv,answers_mistral_7b_prompt2,Q054,B,Singers,12,barbra streisand,barbra streisand,1,0,1,Q054::12
Part3/outputs/answers_mistral_7b_prompt2.csv,answers_mistral_7b_prompt2,Q054,B,Singers,13,barry white,barry white,1,0,1,Q054::13
Part3/outputs/answers_mistral_7b_prompt2.csv,answers_mistral_7b_prompt2,Q054,B,Singers,14,bjork,bjork,1,0,1,Q054::14
Part3/outputs/answers_mistral_7b_prompt2.csv,answers_mistral_7b_prompt2,Q054,B,Singers,15,barrywhite,barrywhite,1,0,1,Q054::15
Part3/outputs/answers_mistral_7b_prompt2.csv,answers_mistral_7b_prompt2,Q054,B,Singers,16,barbra streisand,barbra streisand,1,0,1,Q054::16
Part3/outputs/answers_mistral_7b_prompt2.csv,answers_mistral_7b_prompt2,Q054,B,Singers,17,barbra streisand,barbra streisand,1,0,1,Q054::17
Part3/outputs/answers_mistral_7b_prompt2.csv,answers_mistral_7b_prompt2,Q054,B,Singers,18,brittany spears,brittany spears,1,0,1,Q054::18
Part3/outputs/answers_mistral_7b_prompt2.csv,answers_mistral_7b_prompt2,Q054,B,Singers,19,barbra streisand,barbra streisand,1,0,1,Q054::19
Part3/outputs/answers_mistral_7b_prompt2.csv,answers_mistral_7b_prompt2,Q055,C,Desserts,0,chocolate cake clafoutis,chocolate cake clafoutis,1,0,1,Q055::0
Part3/outputs/answers_mistral_7b_prompt2.csv,answers_mistral_7b_prompt2,Q055,C,Desserts,1,chocolate cake clafoutis,chocolate cake clafoutis,1,0,1,Q055::1
Part3/outputs/answers_mistral_7b_prompt2.csv,answers_mistral_7b_prompt2,Q055,C,Desserts,2,chocolate chip cookie,chocolate chip cookie,1,0,1,Q055::2
Part3/outputs/answers_mistral_7b_prompt2.csv,answers_mistral_7b_prompt2,Q055,C,Desserts,3,chocolate chip cookie cake,chocolate chip cookie cake,1,0,1,Q055::3
Part3/outputs/answers_mistral_7b_prompt2.csv,answers_mistral_7b_prompt2,Q055,C,Desserts,4,chocolate cake,chocolate cake,1,0,1,Q055::4
Part3/outputs/answers_mistral_7b_prompt2.csv,answers_mistral_7b_prompt2,Q055,C,Desserts,5,chocolate chip cookie cake,chocolate chip cookie cake,1,0,1,Q055::5
Part3/outputs/answers_mistral_7b_prompt2.csv,answers_mistral_7b_prompt2,Q055,C,Desserts,6,chocolate crepe cake,chocolate crepe cake,1,0,1,Q055::6
Part3/outputs/answers_mistral_7b_prompt2.csv,answers_mistral_7b_prompt2,Q055,C,Desserts,7,chocolate cake crumble,chocolate cake crumble,0,0,0,Q055::7
Part3/outputs/answers_mistral_7b_prompt2.csv,answers_mistral_7b_prompt2,Q055,C,Desserts,8,chocolate cake crumble,chocolate cake crumble,0,0,0,Q055::8
Part3/outputs/answers_mistral_7b_prompt2.csv,answers_mistral_7b_prompt2,Q055,C,Desserts,9,chocolate cake clafoutis,chocolate cake clafoutis,1,0,1,Q055::9
Part3/outputs/answers_mistral_7b_prompt2.csv,answers_mistral_7b_prompt2,Q055,C,Desserts,10,chocolate chip cannoli,chocolate chip cannoli,1,0,1,Q055::10
Part3/outputs/answers_mistral_7b_prompt2.csv,answers_mistral_7b_prompt2,Q055,C,Desserts,11,cherry clafoutis,cherry clafoutis,1,0,1,Q055::11
Part3/outputs/answers_mistral_7b_prompt2.csv,answers_mistral_7b_prompt2,Q055,C,Desserts,12,chocolate cake clafoutis,chocolate cake clafoutis,1,0,1,Q055::12
Part3/outputs/answers_mistral_7b_prompt2.csv,answers_mistral_7b_prompt2,Q055,C,Desserts,13,chocolate cake,chocolate cake,1,1,0,Q055::13
Part3/outputs/answers_mistral_7b_prompt2.csv,answers_mistral_7b_prompt2,Q055,C,Desserts,14,chocolate creme caramel,chocolate creme caramel,1,0,1,Q055::14
Part3/outputs/answers_mistral_7b_prompt2.csv,answers_mistral_7b_prompt2,Q055,C,Desserts,15,chocolate cake crumble,chocolate cake crumble,0,0,0,Q055::15
Part3/outputs/answers_mistral_7b_prompt2.csv,answers_mistral_7b_prompt2,Q055,C,Desserts,16,chocolate cake clafoutis cinnamon crumble,chocolate cake clafoutis cinnamon crumble,0,0,0,Q055::16
Part3/outputs/answers_mistral_7b_prompt2.csv,answers_mistral_7b_prompt2,Q055,C,Desserts,17,chocolate cake crumble,chocolate cake crumble,0,0,0,Q055::17
Part3/outputs/answers_mistral_7b_prompt2.csv,answers_mistral_7b_prompt2,Q055,C,Desserts,18,chocolate cake clafoutis,chocolate cake clafoutis,1,0,1,Q055::18
Part3/outputs/answers_mistral_7b_prompt2.csv,answers_mistral_7b_prompt2,Q055,C,Desserts,19,chocolate cake crumble,chocolate cake crumble,0,0,0,Q055::19
Part3/outputs/answers_mistral_7b_prompt2.csv,answers_mistral_7b_prompt2,Q056,D,Plants,0,dandelion,dandelion,1,0,1,Q056::0
Part3/outputs/answers_mistral_7b_prompt2.csv,answers_mistral_7b_prompt2,Q056,D,Plants,1,daffodil,daffodil,1,0,1,Q056::1
Part3/outputs/answers_mistral_7b_prompt2.csv,answers_mistral_7b_prompt2,Q056,D,Plants,2,daisy daylily dandelion dogwood,daisy daylily dandelion dogwood,1,0,1,Q056::2
Part3/outputs/answers_mistral_7b_prompt2.csv,answers_mistral_7b_prompt2,Q056,D,Plants,3,dandelion,dandelion,1,0,1,Q056::3
Part3/outputs/answers_mistral_7b_prompt2.csv,answers_mistral_7b_prompt2,Q056,D,Plants,4,dandelion,dandelion,1,0,1,Q056::4
Part3/outputs/answers_mistral_7b_prompt2.csv,answers_mistral_7b_prompt2,Q056,D,Plants,5,dandelion,dandelion,1,0,1,Q056::5
Part3/outputs/answers_mistral_7b_prompt2.csv,answers_mistral_7b_prompt2,Q056,D,Plants,6,dandelion,dandelion,1,0,1,Q056::6
Part3/outputs/answers_mistral_7b_prompt2.csv,answers_mistral_7b_prompt2,Q056,D,Plants,7,dandelion,dandelion,1,0,1,Q056::7
Part3/outputs/answers_mistral_7b_prompt2.csv,answers_mistral_7b_prompt2,Q056,D,Plants,8,dandelion,dandelion,1,0,1,Q056::8
Part3/outputs/answers_mistral_7b_prompt2.csv,answers_mistral_7b_prompt2,Q056,D,Plants,9,dandelion,dandelion,1,0,1,Q056::9
Part3/outputs/answers_mistral_7b_prompt2.csv,answers_mistral_7b_prompt2,Q056,D,Plants,10,dandelion,dandelion,1,0,1,Q056::10
Part3/outputs/answers_mistral_7b_prompt2.csv,answers_mistral_7b_prompt2,Q056,D,Plants,11,daisywood,daisywood,0,0,0,Q056::11
Part3/outputs/answers_mistral_7b_prompt2.csv,answers_mistral_7b_prompt2,Q056,D,Plants,12,dandelion,dandelion,1,0,1,Q056::12
Part3/outputs/answers_mistral_7b_prompt2.csv,answers_mistral_7b_prompt2,Q056,D,Plants,13,dandelion,dandelion,1,0,1,Q056::13
Part3/outputs/answers_mistral_7b_prompt2.csv,answers_mistral_7b_prompt2,Q056,D,Plants,14,dandelion,dandelion,1,0,1,Q056::14
Part3/outputs/answers_mistral_7b_prompt2.csv,answers_mistral_7b_prompt2,Q056,D,Plants,15,dandelion,dandelion,1,0,1,Q056::15
Part3/outputs/answers_mistral_7b_prompt2.csv,answers_mistral_7b_prompt2,Q056,D,Plants,16,dandelion,dandelion,1,0,1,Q056::16
Part3/outputs/answers_mistral_7b_prompt2.csv,answers_mistral_7b_prompt2,Q056,D,Plants,17,dandelion,dandelion,1,0,1,Q056::17
Part3/outputs/answers_mistral_7b_prompt2.csv,answers_mistral_7b_prompt2,Q056,D,Plants,18,dandelion,dandelion,1,1,0,Q056::18
Part3/outputs/answers_mistral_7b_prompt2.csv,answers_mistral_7b_prompt2,Q056,D,Plants,19,dandelion,dandelion,1,0,1,Q056::19
Part3/outputs/answers_mistral_7b_prompt2.csv,answers_mistral_7b_prompt2,Q057,E,Companies,0,ericsson,ericsson,1,0,1,Q057::0
Part3/outputs/answers_mistral_7b_prompt2.csv,answers_mistral_7b_prompt2,Q057,E,Companies,1,ebay,ebay,1,1,0,Q057::1
Part3/outputs/answers_mistral_7b_prompt2.csv,answers_mistral_7b_prompt2,Q057,E,Companies,2,eastman-kodak,eastman-kodak,1,0,1,Q057::2
Part3/outputs/answers_mistral_7b_prompt2.csv,answers_mistral_7b_prompt2,Q057,E,Companies,3,ericsson,ericsson,1,0,1,Q057::3
Part3/outputs/answers_mistral_7b_prompt2.csv,answers_mistral_7b_prompt2,Q057,E,Companies,4,ebay,ebay,1,1,0,Q057::4
Part3/outputs/answers_mistral_7b_prompt2.csv,answers_mistral_7b_prompt2,Q057,E,Companies,5,expedia,expedia,1,0,1,Q057::5
Part3/outputs/answers_mistral_7b_prompt2.csv,answers_mistral_7b_prompt2,Q057,E,Companies,6,ebay,ebay,1,1,0,Q057::6
Part3/outputs/answers_mistral_7b_prompt2.csv,answers_mistral_7b_prompt2,Q057,E,Companies,7,erykite-technologies,erykite-technologies,0,0,0,Q057::7
Part3/outputs/answers_mistral_7b_prompt2.csv,answers_mistral_7b_prompt2,Q057,E,Companies,8,"appleinc

Explanation: The company Apple Inc. is a well",appleinc explanation: the company apple inc. is a well,0,0,0,Q057::8
Part3/outputs/answers_mistral_7b_prompt2.csv,answers_mistral_7b_prompt2,Q057,E,Companies,9,erykite technologies,erykite technologies,0,0,0,Q057::9
Part3/outputs/answers_mistral_7b_prompt2.csv,answers_mistral_7b_prompt2,Q057,E,Companies,10,erminie-jeantet,erminie-jeantet,0,0,0,Q057::10
Part3/outputs/answers_mistral_7b_prompt2.csv,answers_mistral_7b_prompt2,Q057,E,Companies,11,ebay,ebay,1,1,0,Q057::11
Part3/outputs/answers_mistral_7b_prompt2.csv,answers_mistral_7b_prompt2,Q057,E,Companies,12,eBay,ebay,1,1,0,Q057::12
Part3/outputs/answers_mistral_7b_prompt2.csv,answers_mistral_7b_prompt2,Q057,E,Companies,13,ebay,ebay,1,0,1,Q057::13
Part3/outputs/answers_mistral_7b_prompt2.csv,answers_mistral_7b_prompt2,Q057,E,Companies,14,eBay,ebay,1,1,0,Q057::14
Part3/outputs/answers_mistral_7b_prompt2.csv,answers_mistral_7b_prompt2,Q057,E,Companies,15,"appleinc

Explanation: Apple Inc., a multinational technology","appleinc explanation: apple inc., a multinational technology",0,0,0,Q057::15
Part3/outputs/answers_mistral_7b_prompt2.csv,answers_mistral_7b_prompt2,Q057,E,Companies,16,eastman-kodak,eastman-kodak,1,0,1,Q057::16
Part3/outputs/answers_mistral_7b_prompt2.csv,answers_mistral_7b_prompt2,Q057,E,Companies,17,eBay,ebay,1,1,0,Q057::17
Part3/outputs/answers_mistral_7b_prompt2.csv,answers_mistral_7b_prompt2,Q057,E,Companies,18,eBay,ebay,1,1,0,Q057::18
Part3/outputs/answers_mistral_7b_prompt2.csv,answers_mistral_7b_prompt2,Q057,E,Companies,19,elephanttrunkinc,elephanttrunkinc,0,0,0,Q057::19
Part3/outputs/answers_mistral_7b_prompt2.csv,answers_mistral_7b_prompt2,Q058,F,Movie characters,0,forrest gump legman,forrest gump legman,0,0,0,Q058::0
Part3/outputs/answers_mistral_7b_prompt2.csv,answers_mistral_7b_prompt2,Q058,F,Movie characters,1,forrest gump legman,forrest gump legman,0,0,0,Q058::1
Part3/outputs/answers_mistral_7b_prompt2.csv,answers_mistral_7b_prompt2,Q058,F,Movie characters,2,forrest gump legman,forrest gump legman,0,0,0,Q058::2
Part3/outputs/answers_mistral_7b_prompt2.csv,answers_mistral_7b_prompt2,Q058,F,Movie characters,3,forrest gump legman,forrest gump legman,0,0,0,Q058::3
Part3/outputs/answers_mistral_7b_prompt2.csv,answers_mistral_7b_prompt2,Q058,F,Movie characters,4,forrest gump legman,forrest gump legman,0,0,0,Q058::4
Part3/outputs/answers_mistral_7b_prompt2.csv,answers_mistral_7b_prompt2,Q058,F,Movie characters,5,forrest gump legman,forrest gump legman,0,0,0,Q058::5
Part3/outputs/answers_mistral_7b_prompt2.csv,answers_mistral_7b_prompt2,Q058,F,Movie characters,6,forrest gump legman,forrest gump legman,0,0,0,Q058::6
Part3/outputs/answers_mistral_7b_prompt2.csv,answers_mistral_7b_prompt2,Q058,F,Movie characters,7,forrest gump legless salesman,forrest gump legless salesman,0,0,0,Q058::7
Part3/outputs/answers_mistral_7b_prompt2.csv,answers_mistral_7b_prompt2,Q058,F,Movie characters,8,forrest gump legman,forrest gump legman,0,0,0,Q058::8
Part3/outputs/answers_mistral_7b_prompt2.csv,answers_mistral_7b_prompt2,Q058,F,Movie characters,9,forrest gump legs,forrest gump legs,0,0,0,Q058::9
Part3/outputs/answers_mistral_7b_prompt2.csv,answers_mistral_7b_prompt2,Q058,F,Movie characters,10,forrest gump legman,forrest gump legman,0,0,0,Q058::10
Part3/outputs/answers_mistral_7b_prompt2.csv,answers_mistral_7b_prompt2,Q058,F,Movie characters,11,forrest gump legman,forrest gump legman,0,0,0,Q058::11
Part3/outputs/answers_mistral_7b_prompt2.csv,answers_mistral_7b_prompt2,Q058,F,Movie characters,12,forrest gump legless soldier,forrest gump legless soldier,0,0,0,Q058::12
Part3/outputs/answers_mistral_7b_prompt2.csv,answers_mistral_7b_prompt2,Q058,F,Movie characters,13,forrest gump legman,forrest gump legman,0,0,0,Q058::13
Part3/outputs/answers_mistral_7b_prompt2.csv,answers_mistral_7b_prompt2,Q058,F,Movie characters,14,forrest gump legman,forrest gump legman,0,0,0,Q058::14
Part3/outputs/answers_mistral_7b_prompt2.csv,answers_mistral_7b_prompt2,Q058,F,Movie characters,15,forrest gump legman,forrest gump legman,0,0,0,Q058::15
Part3/outputs/answers_mistral_7b_prompt2.csv,answers_mistral_7b_prompt2,Q058,F,Movie characters,16,forrest gump legman,forrest gump legman,0,0,0,Q058::16
Part3/outputs/answers_mistral_7b_prompt2.csv,answers_mistral_7b_prompt2,Q058,F,Movie characters,17,forrest gump legman,forrest gump legman,0,0,0,Q058::17
Part3/outputs/answers_mistral_7b_prompt2.csv,answers_mistral_7b_prompt2,Q058,F,Movie characters,18,forrest gump legman,forrest gump legman,0,0,0,Q058::18
Part3/outputs/answers_mistral_7b_prompt2.csv,answers_mistral_7b_prompt2,Q058,F,Movie characters,19,forrest gump legman,forrest gump legman,0,0,0,Q058::19
Part3/outputs/answers_mistral_7b_prompt2.csv,answers_mistral_7b_prompt2,Q059,G,Things in a toolbox,0,wrench gasket pliers clamp gauge file,wrench gasket pliers clamp gauge file,1,0,1,Q059::0
Part3/outputs/answers_mistral_7b_prompt2.csv,answers_mistral_7b_prompt2,Q059,G,Things in a toolbox,1,allen wrench pliers claw hammer tape measure screwdriver file set level,allen wrench pliers claw hammer tape measure screwdriver file set level,0,0,0,Q059::1
Part3/outputs/answers_mistral_7b_prompt2.csv,answers_mistral_7b_prompt2,Q059,G,Things in a toolbox,2,"philipshead

Explanation: This answer is a common and realistic",philipshead explanation: this answer is a common and realistic,0,0,0,Q059::2
Part3/outputs/answers_mistral_7b_prompt2.csv,answers_mistral_7b_prompt2,Q059,G,Things in a toolbox,3,hammer gauge pliers wrench grease,hammer gauge pliers wrench grease,0,0,0,Q059::3
Part3/outputs/answers_mistral_7b_prompt2.csv,answers_mistral_7b_prompt2,Q059,G,Things in a toolbox,4,gripper pliers gauge hammer wrench screwdriver tape measure,gripper pliers gauge hammer wrench screwdriver tape measure,0,0,0,Q059::4
Part3/outputs/answers_mistral_7b_prompt2.csv,answers_mistral_7b_prompt2,Q059,G,Things in a toolbox,5,hammer grip,hammer grip,0,0,0,Q059::5
Part3/outputs/answers_mistral_7b_prompt2.csv,answers_mistral_7b_prompt2,Q059,G,Things in a toolbox,6,hammer grip,hammer grip,0,0,0,Q059::6
Part3/outputs/answers_mistral_7b_prompt2.csv,answers_mistral_7b_prompt2,Q059,G,Things in a toolbox,7,nail file pliers hammer wrench tape measure level clamps screwdriver,nail file pliers hammer wrench tape measure level clamps screwdriver,0,0,0,Q059::7
Part3/outputs/answers_mistral_7b_prompt2.csv,answers_mistral_7b_prompt2,Q059,G,Things in a toolbox,8,Phillips-head screwdriver,phillips-head screwdriver,0,0,0,Q059::8
Part3/outputs/answers_mistral_7b_prompt2.csv,answers_mistral_7b_prompt2,Q059,G,Things in a toolbox,9,nailfile gripclamp screwdriver hacksaw tape measure pliers level w,nailfile gripclamp screwdriver hacksaw tape measure pliers level w,0,0,0,Q059::9
Part3/outputs/answers_mistral_7b_prompt2.csv,answers_mistral_7b_prompt2,Q059,G,Things in a toolbox,10,hammer gauge wrench pliers screwdriver tape measure clamps file,hammer gauge wrench pliers screwdriver tape measure clamps file,0,0,0,Q059::10
Part3/outputs/answers_mistral_7b_prompt2.csv,answers_mistral_7b_prompt2,Q059,G,Things in a toolbox,11,Phillipsheadscrewdriver,phillipsheadscrewdriver,0,0,0,Q059::11
Part3/outputs/answers_mistral_7b_prompt2.csv,answers_mistral_7b_prompt2,Q059,G,Things in a toolbox,12,nailfile pliers screwdriver tape measure wrench hammer clamps,nailfile pliers screwdriver tape measure wrench hammer clamps,0,0,0,Q059::12
Part3/outputs/answers_mistral_7b_prompt2.csv,answers_mistral_7b_prompt2,Q059,G,Things in a toolbox,13,hammer gauge pliers wrench glue,hammer gauge pliers wrench glue,0,0,0,Q059::13
Part3/outputs/answers_mistral_7b_prompt2.csv,answers_mistral_7b_prompt2,Q059,G,Things in a toolbox,14,hammer grip,hammer grip,0,0,0,Q059::14
Part3/outputs/answers_mistral_7b_prompt2.csv,answers_mistral_7b_prompt2,Q059,G,Things in a toolbox,15,hammer grip,hammer grip,0,0,0,Q059::15
Part3/outputs/answers_mistral_7b_prompt2.csv,answers_mistral_7b_prompt2,Q059,G,Things in a toolbox,16,hammer gauge wrench pliers tape measure level,hammer gauge wrench pliers tape measure level,0,0,0,Q059::16
Part3/outputs/answers_mistral_7b_prompt2.csv,answers_mistral_7b_prompt2,Q059,G,Things in a toolbox,17,nail file hacksaw wrench pliers screwdriver tape measure file clutch pl,nail file hacksaw wrench pliers screwdriver tape measure file clutch pl,0,0,0,Q059::17
Part3/outputs/answers_mistral_7b_prompt2.csv,answers_mistral_7b_prompt2,Q059,G,Things in a toolbox,18,hammer gauge pliers wrench gasket grease gauge guide,hammer gauge pliers wrench gasket grease gauge guide,0,0,0,Q059::18
Part3/outputs/answers_mistral_7b_prompt2.csv,answers_mistral_7b_prompt2,Q059,G,Things in a toolbox,19,hammer grip,hammer grip,0,0,0,Q059::19
Part3/outputs/answers_mistral_7b_prompt2.csv,answers_mistral_7b_prompt2,Q060,H,Countries,0,holland,holland,0,0,0,Q060::0
Part3/outputs/answers_mistral_7b_prompt2.csv,answers_mistral_7b_prompt2,Q060,H,Countries,1,helvetica-switzerland,helvetica-switzerland,0,0,0,Q060::1
Part3/outputs/answers_mistral_7b_prompt2.csv,answers_mistral_7b_prompt2,Q060,H,Countries,2,hectoria,hectoria,0,0,0,Q060::2
Part3/outputs/answers_mistral_7b_prompt2.csv,answers_mistral_7b_prompt2,Q060,H,Countries,3,henderson island,henderson island,0,0,0,Q060::3
Part3/outputs/answers_mistral_7b_prompt2.csv,answers_mistral_7b_prompt2,Q060,H,Countries,4,henderson Island,henderson island,0,0,0,Q060::4
Part3/outputs/answers_mistral_7b_prompt2.csv,answers_mistral_7b_prompt2,Q060,H,Countries,5,hexagonalafrica,hexagonalafrica,0,0,0,Q060::5
Part3/outputs/answers_mistral_7b_prompt2.csv,answers_mistral_7b_prompt2,Q060,H,Countries,6,henderson island,henderson island,0,0,0,Q060::6
Part3/outputs/answers_mistral_7b_prompt2.csv,answers_mistral_7b_prompt2,Q060,H,Countries,7,haiti,haiti,1,0,1,Q060::7
Part3/outputs/answers_mistral_7b_prompt2.csv,answers_mistral_7b_prompt2,Q060,H,Countries,8,henderson island,henderson island,0,0,0,Q060::8
Part3/outputs/answers_mistral_7b_prompt2.csv,answers_mistral_7b_prompt2,Q060,H,Countries,9,henderson island,henderson island,0,0,0,Q060::9
Part3/outputs/answers_mistral_7b_prompt2.csv,answers_mistral_7b_prompt2,Q060,H,Countries,10,holland,holland,0,0,0,Q060::10
Part3/outputs/answers_mistral_7b_prompt2.csv,answers_mistral_7b_prompt2,Q060,H,Countries,11,henderson island,henderson island,0,0,0,Q060::11
Part3/outputs/answers_mistral_7b_prompt2.csv,answers_mistral_7b_prompt2,Q060,H,Countries,12,hectoria,hectoria,0,0,0,Q060::12
Part3/outputs/answers_mistral_7b_prompt2.csv,answers_mistral_7b_prompt2,Q060,H,Countries,13,holland,holland,0,0,0,Q060::13
Part3/outputs/answers_mistral_7b_prompt2.csv,answers_mistral_7b_prompt2,Q060,H,Countries,14,henderson Island,henderson island,0,0,0,Q060::14
Part3/outputs/answers_mistral_7b_prompt2.csv,answers_mistral_7b_prompt2,Q060,H,Countries,15,hawaii,hawaii,0,0,0,Q060::15
Part3/outputs/answers_mistral_7b_prompt2.csv,answers_mistral_7b_prompt2,Q060,H,Countries,16,henderson island,henderson island,0,0,0,Q060::16
Part3/outputs/answers_mistral_7b_prompt2.csv,answers_mistral_7b_prompt2,Q060,H,Countries,17,hectoria-island,hectoria-island,0,0,0,Q060::17
Part3/outputs/answers_mistral_7b_prompt2.csv,answers_mistral_7b_prompt2,Q060,H,Countries,18,honduras,honduras,1,0,1,Q060::18
Part3/outputs/answers_mistral_7b_prompt2.csv,answers_mistral_7b_prompt2,Q060,H,Countries,19,holland,holland,0,0,0,Q060::19
Part3/outputs/answers_mistral_7b_prompt2.csv,answers_mistral_7b_prompt2,Q061,I,Musical artists,0,ice-blue-eyes (Eurythmics),ice-blue-eyes (eurythmics,0,0,0,Q061::0
Part3/outputs/answers_mistral_7b_prompt2.csv,answers_mistral_7b_prompt2,Q061,I,Musical artists,1,ice-cube,ice-cube,0,0,0,Q061::1
Part3/outputs/answers_mistral_7b_prompt2.csv,answers_mistral_7b_prompt2,Q061,I,Musical artists,2,ice-cube,ice-cube,0,0,0,Q061::2
Part3/outputs/answers_mistral_7b_prompt2.csv,answers_mistral_7b_prompt2,Q061,I,Musical artists,3,irish-wild-wilderness,irish-wild-wilderness,0,0,0,Q061::3
Part3/outputs/answers_mistral_7b_prompt2.csv,answers_mistral_7b_prompt2,Q061,I,Musical artists,4,ice-t,ice-t,1,0,1,Q061::4
Part3/outputs/answers_mistral_7b_prompt2.csv,answers_mistral_7b_prompt2,Q061,I,Musical artists,5,iceage denmark,iceage denmark,0,0,0,Q061::5
Part3/outputs/answers_mistral_7b_prompt2.csv,answers_mistral_7b_prompt2,Q061,I,Musical artists,6,ice-t,ice-t,1,0,1,Q061::6
Part3/outputs/answers_mistral_7b_prompt2.csv,answers_mistral_7b_prompt2,Q061,I,Musical artists,7,"irish radionspot

Explanation: Irish Radio Spot is a",irish radionspot explanation: irish radio spot is a,0,0,0,Q061::7
Part3/outputs/answers_mistral_7b_prompt2.csv,answers_mistral_7b_prompt2,Q061,I,Musical artists,8,ice-cube,ice-cube,0,0,0,Q061::8
Part3/outputs/answers_mistral_7b_prompt2.csv,answers_mistral_7b_prompt2,Q061,I,Musical artists,9,ice-t,ice-t,1,0,1,Q061::9
Part3/outputs/answers_mistral_7b_prompt2.csv,answers_mistral_7b_prompt2,Q061,I,Musical artists,10,iron maiden,iron maiden,1,0,1,Q061::10
Part3/outputs/answers_mistral_7b_prompt2.csv,answers_mistral_7b_prompt2,Q061,I,Musical artists,11,irish-wild-colours,irish-wild-colours,0,0,0,Q061::11
Part3/outputs/answers_mistral_7b_prompt2.csv,answers_mistral_7b_prompt2,Q061,I,Musical artists,12,ice-t,ice-t,1,0,1,Q061::12
Part3/outputs/answers_mistral_7b_prompt2.csv,answers_mistral_7b_prompt2,Q061,I,Musical artists,13,ice-blue eyes (Imperial Teen),ice-blue eyes (imperial teen,0,0,0,Q061::13
Part3/outputs/answers_mistral_7b_prompt2.csv,answers_mistral_7b_prompt2,Q061,I,Musical artists,14,ice-t,ice-t,1,0,1,Q061::14
Part3/outputs/answers_mistral_7b_prompt2.csv,answers_mistral_7b_prompt2,Q061,I,Musical artists,15,ice-t,ice-t,1,0,1,Q061::15
Part3/outputs/answers_mistral_7b_prompt2.csv,answers_mistral_7b_prompt2,Q061,I,Musical artists,16,ice-t,ice-t,1,0,1,Q061::16
Part3/outputs/answers_mistral_7b_prompt2.csv,answers_mistral_7b_prompt2,Q061,I,Musical artists,17,irish radiophonic orchestra,irish radiophonic orchestra,0,0,0,Q061::17
Part3/outputs/answers_mistral_7b_prompt2.csv,answers_mistral_7b_prompt2,Q061,I,Musical artists,18,iris dement,iris dement,1,0,1,Q061::18
Part3/outputs/answers_mistral_7b_prompt2.csv,answers_mistral_7b_prompt2,Q061,I,Musical artists,19,ice-t,ice-t,1,0,1,Q061::19
Part3/outputs/answers_mistral_7b_prompt2.csv,answers_mistral_7b_prompt2,Q062,J,Things in a refrigerator,0,juice jug butter yogurt jam,juice jug butter yogurt jam,1,0,1,Q062::0
Part3/outputs/answers_mistral_7b_prompt2.csv,answers_mistral_7b_prompt2,Q062,J,Things in a refrigerator,1,juice jugs jam,juice jugs jam,0,0,0,Q062::1
Part3/outputs/answers_mistral_7b_prompt2.csv,answers_mistral_7b_prompt2,Q062,J,Things in a refrigerator,2,juice jugs jelly jam,juice jugs jelly jam,1,0,1,Q062::2
Part3/outputs/answers_mistral_7b_prompt2.csv,answers_mistral_7b_prompt2,Q062,J,Things in a refrigerator,3,juicejamlettucejuice,juicejamlettucejuice,0,0,0,Q062::3
Part3/outputs/answers_mistral_7b_prompt2.csv,answers_mistral_7b_prompt2,Q062,J,Things in a refrigerator,4,juice jars,juice jars,0,0,0,Q062::4
Part3/outputs/answers_mistral_7b_prompt2.csv,answers_mistral_7b_prompt2,Q062,J,Things in a refrigerator,5,juice jug butter brie jam,juice jug butter brie jam,1,0,1,Q062::5
Part3/outputs/answers_mistral_7b_prompt2.csv,answers_mistral_7b_prompt2,Q062,J,Things in a refrigerator,6,juice jug yogurt jar,juice jug yogurt jar,1,0,1,Q062::6
Part3/outputs/answers_mistral_7b_prompt2.csv,answers_mistral_7b_prompt2,Q062,J,Things in a refrigerator,7,juice jug butter yogurt jam eggs jello,juice jug butter yogurt jam eggs jello,1,0,1,Q062::7
Part3/outputs/answers_mistral_7b_prompt2.csv,answers_mistral_7b_prompt2,Q062,J,Things in a refrigerator,8,juice jugs jelly jam yogurt,juice jugs jelly jam yogurt,1,0,1,Q062::8
Part3/outputs/answers_mistral_7b_prompt2.csv,answers_mistral_7b_prompt2,Q062,J,Things in a refrigerator,9,juice jug butter cheese jelly jam yogurt,juice jug butter cheese jelly jam yogurt,1,0,1,Q062::9
Part3/outputs/answers_mistral_7b_prompt2.csv,answers_mistral_7b_prompt2,Q062,J,Things in a refrigerator,10,juice jug butter jar cream cheese yogurt jelly jam,juice jug butter jar cream cheese yogurt jelly jam,1,0,1,Q062::10
Part3/outputs/answers_mistral_7b_prompt2.csv,answers_mistral_7b_prompt2,Q062,J,Things in a refrigerator,11,juicejamlemonyogurt,juicejamlemonyogurt,0,0,0,Q062::11
Part3/outputs/answers_mistral_7b_prompt2.csv,answers_mistral_7b_prompt2,Q062,J,Things in a refrigerator,12,juice jug yogurt,juice jug yogurt,0,0,0,Q062::12
Part3/outputs/answers_mistral_7b_prompt2.csv,answers_mistral_7b_prompt2,Q062,J,Things in a refrigerator,13,juice jug butter jam eggs yogurt jellies,juice jug butter jam eggs yogurt jellies,1,0,1,Q062::13
Part3/outputs/answers_mistral_7b_prompt2.csv,answers_mistral_7b_prompt2,Q062,J,Things in a refrigerator,14,juice jug yogurt jar,juice jug yogurt jar,1,0,1,Q062::14
Part3/outputs/answers_mistral_7b_prompt2.csv,answers_mistral_7b_prompt2,Q062,J,Things in a refrigerator,15,juice jug yogurt jar,juice jug yogurt jar,1,0,1,Q062::15
Part3/outputs/answers_mistral_7b_prompt2.csv,answers_mistral_7b_prompt2,Q062,J,Things in a refrigerator,16,juice jugs jam jello,juice jugs jam jello,1,0,1,Q062::16
Part3/outputs/answers_mistral_7b_prompt2.csv,answers_mistral_7b_prompt2,Q062,J,Things in a refrigerator,17,juice jug butter yogurt jelly jam,juice jug butter yogurt jelly jam,1,0,1,Q062::17
Part3/outputs/answers_mistral_7b_prompt2.csv,answers_mistral_7b_prompt2,Q062,J,Things in a refrigerator,18,juice jug,juice jug,1,0,1,Q062::18
Part3/outputs/answers_mistral_7b_prompt2.csv,answers_mistral_7b_prompt2,Q062,J,Things in a refrigerator,19,juice jug butter bread jam yogurt,juice jug butter bread jam yogurt,1,0,1,Q062::19
Part3/outputs/answers_mistral_7b_prompt2.csv,answers_mistral_7b_prompt2,Q063,K,Cities,0,kyoto,kyoto,1,0,1,Q063::0
Part3/outputs/answers_mistral_7b_prompt2.csv,answers_mistral_7b_prompt2,Q063,K,Cities,1,kyoto,kyoto,1,0,1,Q063::1
Part3/outputs/answers_mistral_7b_prompt2.csv,answers_mistral_7b_prompt2,Q063,K,Cities,2,kansas_city,kansas_city,0,0,0,Q063::2
Part3/outputs/answers_mistral_7b_prompt2.csv,answers_mistral_7b_prompt2,Q063,K,Cities,3,kyoto,kyoto,1,0,1,Q063::3
Part3/outputs/answers_mistral_7b_prompt2.csv,answers_mistral_7b_prompt2,Q063,K,Cities,4,kyoto,kyoto,1,0,1,Q063::4
Part3/outputs/answers_mistral_7b_prompt2.csv,answers_mistral_7b_prompt2,Q063,K,Cities,5,kyoto,kyoto,1,0,1,Q063::5
Part3/outputs/answers_mistral_7b_prompt2.csv,answers_mistral_7b_prompt2,Q063,K,Cities,6,kyoto,kyoto,1,0,1,Q063::6
Part3/outputs/answers_mistral_7b_prompt2.csv,answers_mistral_7b_prompt2,Q063,K,Cities,7,kyoto,kyoto,1,0,1,Q063::7
Part3/outputs/answers_mistral_7b_prompt2.csv,answers_mistral_7b_prompt2,Q063,K,Cities,8,kyoto,kyoto,1,0,1,Q063::8
Part3/outputs/answers_mistral_7b_prompt2.csv,answers_mistral_7b_prompt2,Q063,K,Cities,9,kyoto,kyoto,1,0,1,Q063::9
Part3/outputs/answers_mistral_7b_prompt2.csv,answers_mistral_7b_prompt2,Q063,K,Cities,10,kyoto,kyoto,1,0,1,Q063::10
Part3/outputs/answers_mistral_7b_prompt2.csv,answers_mistral_7b_prompt2,Q063,K,Cities,11,kyoto,kyoto,1,0,1,Q063::11
Part3/outputs/answers_mistral_7b_prompt2.csv,answers_mistral_7b_prompt2,Q063,K,Cities,12,kyoto,kyoto,1,0,1,Q063::12
Part3/outputs/answers_mistral_7b_prompt2.csv,answers_mistral_7b_prompt2,Q063,K,Cities,13,kyoto,kyoto,1,0,1,Q063::13
Part3/outputs/answers_mistral_7b_prompt2.csv,answers_mistral_7b_prompt2,Q063,K,Cities,14,kyoto,kyoto,1,0,1,Q063::14
Part3/outputs/answers_mistral_7b_prompt2.csv,answers_mistral_7b_prompt2,Q063,K,Cities,15,kyoto,kyoto,1,0,1,Q063::15
Part3/outputs/answers_mistral_7b_prompt2.csv,answers_mistral_7b_prompt2,Q063,K,Cities,16,kyoto,kyoto,1,0,1,Q063::16
Part3/outputs/answers_mistral_7b_prompt2.csv,answers_mistral_7b_prompt2,Q063,K,Cities,17,kyoto,kyoto,1,0,1,Q063::17
Part3/outputs/answers_mistral_7b_prompt2.csv,answers_mistral_7b_prompt2,Q063,K,Cities,18,kansas_city,kansas_city,0,0,0,Q063::18
Part3/outputs/answers_mistral_7b_prompt2.csv,answers_mistral_7b_prompt2,Q063,K,Cities,19,kyoto,kyoto,1,0,1,Q063::19
Part3/outputs/answers_mistral_7b_prompt2.csv,answers_mistral_7b_prompt2,Q064,L,Things in a library,0,leather-bound books,leather-bound books,1,0,1,Q064::0
Part3/outputs/answers_mistral_7b_prompt2.csv,answers_mistral_7b_prompt2,Q064,L,Things in a library,1,bookcart ladders magazines locker,bookcart ladders magazines locker,0,0,0,Q064::1
Part3/outputs/answers_mistral_7b_prompt2.csv,answers_mistral_7b_prompt2,Q064,L,Things in a library,2,bookcart ladders magazine rack,bookcart ladders magazine rack,0,0,0,Q064::2
Part3/outputs/answers_mistral_7b_prompt2.csv,answers_mistral_7b_prompt2,Q064,L,Things in a library,3,bookshelf lamp computer desk chair magazine cart,bookshelf lamp computer desk chair magazine cart,0,0,0,Q064::3
Part3/outputs/answers_mistral_7b_prompt2.csv,answers_mistral_7b_prompt2,Q064,L,Things in a library,4,leather-bound bookshelf,leather-bound bookshelf,0,0,0,Q064::4
Part3/outputs/answers_mistral_7b_prompt2.csv,answers_mistral_7b_prompt2,Q064,L,Things in a library,5,bookcart ladders magazine rack microfilm reader,bookcart ladders magazine rack microfilm reader,1,0,1,Q064::5
Part3/outputs/answers_mistral_7b_prompt2.csv,answers_mistral_7b_prompt2,Q064,L,Things in a library,6,bookcart ladders magazines periodicals stacks shelves table,bookcart ladders magazines periodicals stacks shelves table,1,0,1,Q064::6
Part3/outputs/answers_mistral_7b_prompt2.csv,answers_mistral_7b_prompt2,Q064,L,Things in a library,7,bookcart ladders periodicals shelving stacks tables,bookcart ladders periodicals shelving stacks tables,0,0,0,Q064::7
Part3/outputs/answers_mistral_7b_prompt2.csv,answers_mistral_7b_prompt2,Q064,L,Things in a library,8,library ladder,library ladder,1,0,1,Q064::8
Part3/outputs/answers_mistral_7b_prompt2.csv,answers_mistral_7b_prompt2,Q064,L,Things in a library,9,bookcart ladders magazine rack,bookcart ladders magazine rack,0,0,0,Q064::9
Part3/outputs/answers_mistral_7b_prompt2.csv,answers_mistral_7b_prompt2,Q064,L,Things in a library,10,leather-bound bookshelf,leather-bound bookshelf,0,0,0,Q064::10
Part3/outputs/answers_mistral_7b_prompt2.csv,answers_mistral_7b_prompt2,Q064,L,Things in a library,11,bookcart,bookcart,0,0,0,Q064::11
Part3/outputs/answers_mistral_7b_prompt2.csv,answers_mistral_7b_prompt2,Q064,L,Things in a library,12,library ladder,library ladder,1,0,1,Q064::12
Part3/outputs/answers_mistral_7b_prompt2.csv,answers_mistral_7b_prompt2,Q064,L,Things in a library,13,"bookcart

For other letter-category combinations, you can generate answers using","bookcart for other letter-category combinations, you can generate answers using",0,0,0,Q064::13
Part3/outputs/answers_mistral_7b_prompt2.csv,answers_mistral_7b_prompt2,Q064,L,Things in a library,14,bookcart,bookcart,0,0,0,Q064::14
Part3/outputs/answers_mistral_7b_prompt2.csv,answers_mistral_7b_prompt2,Q064,L,Things in a library,15,"bookcart

Note: The other obvious choices like ""library"" or ""","bookcart note: the other obvious choices like ""library"" or",0,0,0,Q064::15
Part3/outputs/answers_mistral_7b_prompt2.csv,answers_mistral_7b_prompt2,Q064,L,Things in a library,16,book cart desk ladder lift stairs table,book cart desk ladder lift stairs table,0,0,0,Q064::16
Part3/outputs/answers_mistral_7b_prompt2.csv,answers_mistral_7b_prompt2,Q064,L,Things in a library,17,bookcart library laptop computer desk chair table,bookcart library laptop computer desk chair table,0,0,0,Q064::17
Part3/outputs/answers_mistral_7b_prompt2.csv,answers_mistral_7b_prompt2,Q064,L,Things in a library,18,library lamp,library lamp,1,0,1,Q064::18
Part3/outputs/answers_mistral_7b_prompt2.csv,answers_mistral_7b_prompt2,Q064,L,Things in a library,19,bookcart shelf ladder computer desk chair,bookcart shelf ladder computer desk chair,0,0,0,Q064::19
