source_file,player_id,question_id,letter,category,round_idx,answer_raw,answer_norm,valid,collision,score,round_key
Part3/outputs/answers_mistral_7b.csv,answers_mistral_7b,Q001,A,Animals,0,aquatic ape,aquatic ape,0,0,0,Q001::0
Part3/outputs/answers_mistral_7b.csv,answers_mistral_7b,Q001,A,Animals,1,aardvark,aardvark,1,0,1,Q001::1
Part3/outputs/answers_mistral_7b.csv,answers_mistral_7b,Q001,A,Animals,2,aardvark,aardvark,1,1,0,Q001::2
Part3/outputs/answers_mistral_7b.csv,answers_mistral_7b,Q001,A,Animals,3,antelope,antelope,1,0,1,Q001::3
Part3/outputs/answers_mistral_7b.csv,answers_mistral_7b,Q001,A,Animals,4,aardvark,aardvark,1,1,0,Q001::4
Part3/outputs/answers_mistral_7b.csv,answers_mistral_7b,Q001,A,Animals,5,antelope,antelope,1,0,1,Q001::5
Part3/outputs/answers_mistral_7b.csv,answers_mistral_7b,Q001,A,Animals,6,antelope,antelope,1,0,1,Q001::6
Part3/outputs/answers_mistral_7b.csv,answers_mistral_7b,Q001,A,Animals,7,aardvark,aardvark,1,0,1,Q001::7
Part3/outputs/answers_mistral_7b.csv,answers_mistral_7b,Q001,A,Animals,8,aardvark,aardvark,1,1,0,Q001::8
Part3/outputs/answers_mistral_7b.csv,answers_mistral_7b,Q001,A,Animals,9,antelope,antelope,1,0,1,Q001::9
Part3/outputs/answers_mistral_7b.csv,answers_mistral_7b,Q001,A,Animals,10,apes,apes,1,0,1,Q001::10
Part3/outputs/answers_mistral_7b.csv,answers_mistral_7b,Q001,A,Animals,11,aquatic ape,aquatic ape,0,0,0,Q001::11
Part3/outputs/answers_mistral_7b.csv,answers_mistral_7b,Q001,A,Animals,12,antelope,antelope,1,0,1,Q001::12
Part3/outputs/answers_mistral_7b.csv,answers_mistral_7b,Q001,A,Animals,13,antelope,antelope,1,0,1,Q001::13
Part3/outputs/answers_mistral_7b.csv,answers_mistral_7b,Q001,A,Animals,14,albatross,albatross,1,0,1,Q001::14
Part3/outputs/answers_mistral_7b.csv,answers_mistral_7b,Q001,A,Animals,15,aardvark,aardvark,1,1,0,Q001::15
Part3/outputs/answers_mistral_7b.csv,answers_mistral_7b,Q001,A,Animals,16,aardvark,aardvark,1,1,0,Q001::16
Part3/outputs/answers_mistral_7b.csv,answers_mistral_7b,Q001,A,Animals,17,aardvark,aardvark,1,0,1,Q001::17
Part3/outputs/answers_mistral_7b.csv,answers_mistral_7b,Q001,A,Animals,18,antelope,antelope,1,0,1,Q001::18
Part3/outputs/answers_mistral_7b.csv,answers_mistral_7b,Q001,A,Animals,19,antelope,antelope,1,0,1,Q001::19
Part3/outputs/answers_mistral_7b.csv,answers_mistral_7b,Q002,A,Jobs,0,architect assistant,architect assistant,0,0,0,Q002::0
Part3/outputs/answers_mistral_7b.csv,answers_mistral_7b,Q002,A,Jobs,1,architect assistant,architect assistant,0,0,0,Q002::1
Part3/outputs/answers_mistral_7b.csv,answers_mistral_7b,Q002,A,Jobs,2,apothecary,apothecary,1,0,1,Q002::2
Part3/outputs/answers_mistral_7b.csv,answers_mistral_7b,Q002,A,Jobs,3,actor,actor,1,0,1,Q002::3
Part3/outputs/answers_mistral_7b.csv,answers_mistral_7b,Q002,A,Jobs,4,airline pilot,airline pilot,1,0,1,Q002::4
Part3/outputs/answers_mistral_7b.csv,answers_mistral_7b,Q002,A,Jobs,5,artist assistant,artist assistant,1,0,1,Q002::5
Part3/outputs/answers_mistral_7b.csv,answers_mistral_7b,Q002,A,Jobs,6,apothecary assistant,apothecary assistant,1,0,1,Q002::6
Part3/outputs/answers_mistral_7b.csv,answers_mistral_7b,Q002,A,Jobs,7,artist assistant,artist assistant,1,0,1,Q002::7
Part3/outputs/answers_mistral_7b.csv,answers_mistral_7b,Q002,A,Jobs,8,airline pilot,airline pilot,1,0,1,Q002::8
Part3/outputs/answers_mistral_7b.csv,answers_mistral_7b,Q002,A,Jobs,9,artist assistant,artist assistant,1,1,0,Q002::9
Part3/outputs/answers_mistral_7b.csv,answers_mistral_7b,Q002,A,Jobs,10,artist assistant,artist assistant,1,0,1,Q002::10
Part3/outputs/answers_mistral_7b.csv,answers_mistral_7b,Q002,A,Jobs,11,aircraft assembler,aircraft assembler,1,0,1,Q002::11
Part3/outputs/answers_mistral_7b.csv,answers_mistral_7b,Q002,A,Jobs,12,architect assistant,architect assistant,0,0,0,Q002::12
Part3/outputs/answers_mistral_7b.csv,answers_mistral_7b,Q002,A,Jobs,13,actor,actor,1,0,1,Q002::13
Part3/outputs/answers_mistral_7b.csv,answers_mistral_7b,Q002,A,Jobs,14,accountant,accountant,1,0,1,Q002::14
Part3/outputs/answers_mistral_7b.csv,answers_mistral_7b,Q002,A,Jobs,15,actor,actor,1,0,1,Q002::15
Part3/outputs/answers_mistral_7b.csv,answers_mistral_7b,Q002,A,Jobs,16,apothecary assistant,apothecary assistant,1,0,1,Q002::16
Part3/outputs/answers_mistral_7b.csv,answers_mistral_7b,Q002,A,Jobs,17,"actor
assistant
architect
artist
accountant",actor assistant architect artist accountant,1,0,1,Q002::17
Part3/outputs/answers_mistral_7b.csv,answers_mistral_7b,Q002,A,Jobs,18,artist,artist,1,0,1,Q002::18
Part3/outputs/answers_mistral_7b.csv,answers_mistral_7b,Q002,A,Jobs,19,accountant,accountant,1,0,1,Q002::19
Part3/outputs/answers_mistral_7b.csv,answers_mistral_7b,Q003,B,Fruits,0,blueberry,blueberry,1,1,0,Q003::0
Part3/outputs/answers_mistral_7b.csv,answers_mistral_7b,Q003,B,Fruits,1,blueberry,blueberry,1,1,0,Q003::1
Part3/outputs/answers_mistral_7b.csv,answers_mistral_7b,Q003,B,Fruits,2,blueberry,blueberry,1,1,0,Q003::2
Part3/outputs/answers_mistral_7b.csv,answers_mistral_7b,Q003,B,Fruits,3,blueberry,blueberry,1,1,0,Q003::3
Part3/outputs/answers_mistral_7b.csv,answers_mistral_7b,Q003,B,Fruits,4,blueberry,blueberry,1,1,0,Q003::4
Part3/outputs/answers_mistral_7b.csv,answers_mistral_7b,Q003,B,Fruits,5,blueberry,blueberry,1,1,0,Q003::5
Part3/outputs/answers_mistral_7b.csv,answers_mistral_7b,Q003,B,Fruits,6,blueberry,blueberry,1,1,0,Q003::6
Part3/outputs/answers_mistral_7b.csv,answers_mistral_7b,Q003,B,Fruits,7,blueberry,blueberry,1,1,0,Q003::7
Part3/outputs/answers_mistral_7b.csv,answers_mistral_7b,Q003,B,Fruits,8,blueberry,blueberry,1,1,0,Q003::8
Part3/outputs/answers_mistral_7b.csv,answers_mistral_7b,Q003,B,Fruits,9,blueberry,blueberry,1,1,0,Q003::9
Part3/outputs/answers_mistral_7b.csv,answers_mistral_7b,Q003,B,Fruits,10,blueberry,blueberry,1,1,0,Q003::10
Part3/outputs/answers_mistral_7b.csv,answers_mistral_7b,Q003,B,Fruits,11,blueberry,blueberry,1,1,0,Q003::11
Part3/outputs/answers_mistral_7b.csv,answers_mistral_7b,Q003,B,Fruits,12,blueberry,blueberry,1,1,0,Q003::12
Part3/outputs/answers_mistral_7b.csv,answers_mistral_7b,Q003,B,Fruits,13,blueberry,blueberry,1,1,0,Q003::13
Part3/outputs/answers_mistral_7b.csv,answers_mistral_7b,Q003,B,Fruits,14,blueberry,blueberry,1,1,0,Q003::14
Part3/outputs/answers_mistral_7b.csv,answers_mistral_7b,Q003,B,Fruits,15,blueberry,blueberry,1,1,0,Q003::15
Part3/outputs/answers_mistral_7b.csv,answers_mistral_7b,Q003,B,Fruits,16,blueberry,blueberry,1,1,0,Q003::16
Part3/outputs/answers_mistral_7b.csv,answers_mistral_7b,Q003,B,Fruits,17,blueberry,blueberry,1,1,0,Q003::17
Part3/outputs/answers_mistral_7b.csv,answers_mistral_7b,Q003,B,Fruits,18,blueberry,blueberry,1,1,0,Q003::18
Part3/outputs/answers_mistral_7b.csv,answers_mistral_7b,Q003,B,Fruits,19,blueberry,blueberry,1,1,0,Q003::19
Part3/outputs/answers_mistral_7b.csv,answers_mistral_7b,Q004,B,Things that are red,0,brick,brick,1,1,0,Q004::0
Part3/outputs/answers_mistral_7b.csv,answers_mistral_7b,Q004,B,Things that are red,1,"brick

Here's an explanation if needed: A brick is a building",brick here's an explanation if needed: a brick is a building,1,0,1,Q004::1
Part3/outputs/answers_mistral_7b.csv,answers_mistral_7b,Q004,B,Things that are red,2,brick,brick,1,1,0,Q004::2
Part3/outputs/answers_mistral_7b.csv,answers_mistral_7b,Q004,B,Things that are red,3,brick,brick,1,1,0,Q004::3
Part3/outputs/answers_mistral_7b.csv,answers_mistral_7b,Q004,B,Things that are red,4,brick,brick,1,1,0,Q004::4
Part3/outputs/answers_mistral_7b.csv,answers_mistral_7b,Q004,B,Things that are red,5,firetruck,firetruck,1,1,0,Q004::5
Part3/outputs/answers_mistral_7b.csv,answers_mistral_7b,Q004,B,Things that are red,6,firetruck,firetruck,1,0,1,Q004::6
Part3/outputs/answers_mistral_7b.csv,answers_mistral_7b,Q004,B,Things that are red,7,brick,brick,1,0,1,Q004::7
Part3/outputs/answers_mistral_7b.csv,answers_mistral_7b,Q004,B,Things that are red,8,brick,brick,1,0,1,Q004::8
Part3/outputs/answers_mistral_7b.csv,answers_mistral_7b,Q004,B,Things that are red,9,brick,brick,1,1,0,Q004::9
Part3/outputs/answers_mistral_7b.csv,answers_mistral_7b,Q004,B,Things that are red,10,brick,brick,1,1,0,Q004::10
Part3/outputs/answers_mistral_7b.csv,answers_mistral_7b,Q004,B,Things that are red,11,brick,brick,1,1,0,Q004::11
Part3/outputs/answers_mistral_7b.csv,answers_mistral_7b,Q004,B,Things that are red,12,brick,brick,1,1,0,Q004::12
Part3/outputs/answers_mistral_7b.csv,answers_mistral_7b,Q004,B,Things that are red,13,brick,brick,1,1,0,Q004::13
Part3/outputs/answers_mistral_7b.csv,answers_mistral_7b,Q004,B,Things that are red,14,brick,brick,1,1,0,Q004::14
Part3/outputs/answers_mistral_7b.csv,answers_mistral_7b,Q004,B,Things that are red,15,brick,brick,1,1,0,Q004::15
Part3/outputs/answers_mistral_7b.csv,answers_mistral_7b,Q004,B,Things that are red,16,brick,brick,1,1,0,Q004::16
Part3/outputs/answers_mistral_7b.csv,answers_mistral_7b,Q004,B,Things that are red,17,brick,brick,1,1,0,Q004::17
Part3/outputs/answers_mistral_7b.csv,answers_mistral_7b,Q004,B,Things that are red,18,brick,brick,1,1,0,Q004::18
Part3/outputs/answers_mistral_7b.csv,answers_mistral_7b,Q004,B,Things that are red,19,brick,brick,1,0,1,Q004::19
Part3/outputs/answers_mistral_7b.csv,answers_mistral_7b,Q005,C,Countries,0,canada,canada,1,1,0,Q005::0
Part3/outputs/answers_mistral_7b.csv,answers_mistral_7b,Q005,C,Countries,1,canada,canada,1,1,0,Q005::1
Part3/outputs/answers_mistral_7b.csv,answers_mistral_7b,Q005,C,Countries,2,canada,canada,1,1,0,Q005::2
Part3/outputs/answers_mistral_7b.csv,answers_mistral_7b,Q005,C,Countries,3,canada,canada,1,1,0,Q005::3
Part3/outputs/answers_mistral_7b.csv,answers_mistral_7b,Q005,C,Countries,4,canada,canada,1,1,0,Q005::4
Part3/outputs/answers_mistral_7b.csv,answers_mistral_7b,Q005,C,Countries,5,canada,canada,1,1,0,Q005::5
Part3/outputs/answers_mistral_7b.csv,answers_mistral_7b,Q005,C,Countries,6,canada,canada,1,1,0,Q005::6
Part3/outputs/answers_mistral_7b.csv,answers_mistral_7b,Q005,C,Countries,7,canada,canada,1,1,0,Q005::7
Part3/outputs/answers_mistral_7b.csv,answers_mistral_7b,Q005,C,Countries,8,canada,canada,1,1,0,Q005::8
Part3/outputs/answers_mistral_7b.csv,answers_mistral_7b,Q005,C,Countries,9,canada,canada,1,1,0,Q005::9
Part3/outputs/answers_mistral_7b.csv,answers_mistral_7b,Q005,C,Countries,10,canada,canada,1,1,0,Q005::10
Part3/outputs/answers_mistral_7b.csv,answers_mistral_7b,Q005,C,Countries,11,canada,canada,1,1,0,Q005::11
Part3/outputs/answers_mistral_7b.csv,answers_mistral_7b,Q005,C,Countries,12,canada,canada,1,1,0,Q005::12
Part3/outputs/answers_mistral_7b.csv,answers_mistral_7b,Q005,C,Countries,13,canada,canada,1,1,0,Q005::13
Part3/outputs/answers_mistral_7b.csv,answers_mistral_7b,Q005,C,Countries,14,canada,canada,1,1,0,Q005::14
Part3/outputs/answers_mistral_7b.csv,answers_mistral_7b,Q005,C,Countries,15,canada,canada,1,1,0,Q005::15
Part3/outputs/answers_mistral_7b.csv,answers_mistral_7b,Q005,C,Countries,16,canada,canada,1,1,0,Q005::16
Part3/outputs/answers_mistral_7b.csv,answers_mistral_7b,Q005,C,Countries,17,canada,canada,1,1,0,Q005::17
Part3/outputs/answers_mistral_7b.csv,answers_mistral_7b,Q005,C,Countries,18,canada,canada,1,1,0,Q005::18
Part3/outputs/answers_mistral_7b.csv,answers_mistral_7b,Q005,C,Countries,19,canada,canada,1,1,0,Q005::19
Part3/outputs/answers_mistral_7b.csv,answers_mistral_7b,Q006,C,Board games,0,cluedo,cluedo,1,0,1,Q006::0
Part3/outputs/answers_mistral_7b.csv,answers_mistral_7b,Q006,C,Board games,1,cluedo,cluedo,1,0,1,Q006::1
Part3/outputs/answers_mistral_7b.csv,answers_mistral_7b,Q006,C,Board games,2,chinese checkers,chinese checkers,0,0,0,Q006::2
Part3/outputs/answers_mistral_7b.csv,answers_mistral_7b,Q006,C,Board games,3,cluedo,cluedo,1,1,0,Q006::3
Part3/outputs/answers_mistral_7b.csv,answers_mistral_7b,Q006,C,Board games,4,cluedo,cluedo,1,1,0,Q006::4
Part3/outputs/answers_mistral_7b.csv,answers_mistral_7b,Q006,C,Board games,5,cluedo,cluedo,1,1,0,Q006::5
Part3/outputs/answers_mistral_7b.csv,answers_mistral_7b,Q006,C,Board games,6,cluemastercarom,cluemastercarom,0,0,0,Q006::6
Part3/outputs/answers_mistral_7b.csv,answers_mistral_7b,Q006,C,Board games,7,cluedo,cluedo,1,1,0,Q006::7
Part3/outputs/answers_mistral_7b.csv,answers_mistral_7b,Q006,C,Board games,8,cluedo,cluedo,1,1,0,Q006::8
Part3/outputs/answers_mistral_7b.csv,answers_mistral_7b,Q006,C,Board games,9,cluedo,cluedo,1,0,1,Q006::9
Part3/outputs/answers_mistral_7b.csv,answers_mistral_7b,Q006,C,Board games,10,cluedo,cluedo,1,1,0,Q006::10
Part3/outputs/answers_mistral_7b.csv,answers_mistral_7b,Q006,C,Board games,11,cluedo,cluedo,1,0,1,Q006::11
Part3/outputs/answers_mistral_7b.csv,answers_mistral_7b,Q006,C,Board games,12,cluedo,cluedo,1,1,0,Q006::12
Part3/outputs/answers_mistral_7b.csv,answers_mistral_7b,Q006,C,Board games,13,cluedo,cluedo,1,1,0,Q006::13
Part3/outputs/answers_mistral_7b.csv,answers_mistral_7b,Q006,C,Board games,14,cluedo,cluedo,1,1,0,Q006::14
Part3/outputs/answers_mistral_7b.csv,answers_mistral_7b,Q006,C,Board games,15,cluedo,cluedo,1,0,1,Q006::15
Part3/outputs/answers_mistral_7b.csv,answers_mistral_7b,Q006,C,Board games,16,cluedo,cluedo,1,1,0,Q006::16
Part3/outputs/answers_mistral_7b.csv,answers_mistral_7b,Q006,C,Board games,17,cluedo,cluedo,1,1,0,Q006::17
Part3/outputs/answers_mistral_7b.csv,answers_mistral_7b,Q006,C,Board games,18,cluedo,cluedo,1,1,0,Q006::18
Part3/outputs/answers_mistral_7b.csv,answers_mistral_7b,Q006,C,Board games,19,cluedo,cluedo,1,0,1,Q006::19
Part3/outputs/answers_mistral_7b.csv,answers_mistral_7b,Q007,D,Musical instruments,0,drumset,drumset,0,0,0,Q007::0
Part3/outputs/answers_mistral_7b.csv,answers_mistral_7b,Q007,D,Musical instruments,1,didgeridoo,didgeridoo,1,1,0,Q007::1
Part3/outputs/answers_mistral_7b.csv,answers_mistral_7b,Q007,D,Musical instruments,2,drumset,drumset,0,0,0,Q007::2
Part3/outputs/answers_mistral_7b.csv,answers_mistral_7b,Q007,D,Musical instruments,3,didgeridoo,didgeridoo,1,0,1,Q007::3
Part3/outputs/answers_mistral_7b.csv,answers_mistral_7b,Q007,D,Musical instruments,4,drumset,drumset,0,0,0,Q007::4
Part3/outputs/answers_mistral_7b.csv,answers_mistral_7b,Q007,D,Musical instruments,5,didgeridoo,didgeridoo,1,1,0,Q007::5
Part3/outputs/answers_mistral_7b.csv,answers_mistral_7b,Q007,D,Musical instruments,6,didgeridoo,didgeridoo,1,1,0,Q007::6
Part3/outputs/answers_mistral_7b.csv,answers_mistral_7b,Q007,D,Musical instruments,7,didgeridoo,didgeridoo,1,1,0,Q007::7
Part3/outputs/answers_mistral_7b.csv,answers_mistral_7b,Q007,D,Musical instruments,8,didgeridoo,didgeridoo,1,1,0,Q007::8
Part3/outputs/answers_mistral_7b.csv,answers_mistral_7b,Q007,D,Musical instruments,9,didgeridoo,didgeridoo,1,1,0,Q007::9
Part3/outputs/answers_mistral_7b.csv,answers_mistral_7b,Q007,D,Musical instruments,10,didgeridoo,didgeridoo,1,1,0,Q007::10
Part3/outputs/answers_mistral_7b.csv,answers_mistral_7b,Q007,D,Musical instruments,11,didgeridoo,didgeridoo,1,1,0,Q007::11
Part3/outputs/answers_mistral_7b.csv,answers_mistral_7b,Q007,D,Musical instruments,12,didgeridoo,didgeridoo,1,1,0,Q007::12
Part3/outputs/answers_mistral_7b.csv,answers_mistral_7b,Q007,D,Musical instruments,13,didgeridoo,didgeridoo,1,0,1,Q007::13
Part3/outputs/answers_mistral_7b.csv,answers_mistral_7b,Q007,D,Musical instruments,14,drumset,drumset,0,0,0,Q007::14
Part3/outputs/answers_mistral_7b.csv,answers_mistral_7b,Q007,D,Musical instruments,15,didgeridoo,didgeridoo,1,1,0,Q007::15
Part3/outputs/answers_mistral_7b.csv,answers_mistral_7b,Q007,D,Musical instruments,16,didgeridoo,didgeridoo,1,1,0,Q007::16
Part3/outputs/answers_mistral_7b.csv,answers_mistral_7b,Q007,D,Musical instruments,17,didgeridoo,didgeridoo,1,1,0,Q007::17
Part3/outputs/answers_mistral_7b.csv,answers_mistral_7b,Q007,D,Musical instruments,18,didgeridoo,didgeridoo,1,1,0,Q007::18
Part3/outputs/answers_mistral_7b.csv,answers_mistral_7b,Q007,D,Musical instruments,19,didgeridoo,didgeridoo,1,1,0,Q007::19
Part3/outputs/answers_mistral_7b.csv,answers_mistral_7b,Q008,D,Things in a bathroom,0,toothbrush_dentifrice,toothbrush_dentifrice,0,0,0,Q008::0
Part3/outputs/answers_mistral_7b.csv,answers_mistral_7b,Q008,D,Things in a bathroom,1,hairdryer,hairdryer,1,0,1,Q008::1
Part3/outputs/answers_mistral_7b.csv,answers_mistral_7b,Q008,D,Things in a bathroom,2,toothbrush_dock,toothbrush_dock,0,0,0,Q008::2
Part3/outputs/answers_mistral_7b.csv,answers_mistral_7b,Q008,D,Things in a bathroom,3,dish rack,dish rack,0,0,0,Q008::3
Part3/outputs/answers_mistral_7b.csv,answers_mistral_7b,Q008,D,Things in a bathroom,4,toothbrush,toothbrush,0,0,0,Q008::4
Part3/outputs/answers_mistral_7b.csv,answers_mistral_7b,Q008,D,Things in a bathroom,5,shower curtain rod,shower curtain rod,0,0,0,Q008::5
Part3/outputs/answers_mistral_7b.csv,answers_mistral_7b,Q008,D,Things in a bathroom,6,dish rack,dish rack,0,0,0,Q008::6
Part3/outputs/answers_mistral_7b.csv,answers_mistral_7b,Q008,D,Things in a bathroom,7,dish rack,dish rack,0,0,0,Q008::7
Part3/outputs/answers_mistral_7b.csv,answers_mistral_7b,Q008,D,Things in a bathroom,8,deodorant,deodorant,1,0,1,Q008::8
Part3/outputs/answers_mistral_7b.csv,answers_mistral_7b,Q008,D,Things in a bathroom,9,toothpaste dispenser,toothpaste dispenser,0,0,0,Q008::9
Part3/outputs/answers_mistral_7b.csv,answers_mistral_7b,Q008,D,Things in a bathroom,10,dish rack,dish rack,0,0,0,Q008::10
Part3/outputs/answers_mistral_7b.csv,answers_mistral_7b,Q008,D,Things in a bathroom,11,dish rack,dish rack,0,0,0,Q008::11
Part3/outputs/answers_mistral_7b.csv,answers_mistral_7b,Q008,D,Things in a bathroom,12,dish rack,dish rack,0,0,0,Q008::12
Part3/outputs/answers_mistral_7b.csv,answers_mistral_7b,Q008,D,Things in a bathroom,13,toothpaste dispenser,toothpaste dispenser,0,0,0,Q008::13
Part3/outputs/answers_mistral_7b.csv,answers_mistral_7b,Q008,D,Things in a bathroom,14,dental floss,dental floss,1,0,1,Q008::14
Part3/outputs/answers_mistral_7b.csv,answers_mistral_7b,Q008,D,Things in a bathroom,15,dentifrice,dentifrice,1,0,1,Q008::15
Part3/outputs/answers_mistral_7b.csv,answers_mistral_7b,Q008,D,Things in a bathroom,16,dispenser,dispenser,1,0,1,Q008::16
Part3/outputs/answers_mistral_7b.csv,answers_mistral_7b,Q008,D,Things in a bathroom,17,dish rack,dish rack,0,0,0,Q008::17
Part3/outputs/answers_mistral_7b.csv,answers_mistral_7b,Q008,D,Things in a bathroom,18,dish rack,dish rack,0,0,0,Q008::18
Part3/outputs/answers_mistral_7b.csv,answers_mistral_7b,Q008,D,Things in a bathroom,19,dish rack,dish rack,0,0,0,Q008::19
Part3/outputs/answers_mistral_7b.csv,answers_mistral_7b,Q009,E,Sports,0,extreme skiing,extreme skiing,1,1,0,Q009::0
Part3/outputs/answers_mistral_7b.csv,answers_mistral_7b,Q009,E,Sports,1,extreme enduro,extreme enduro,1,0,1,Q009::1
Part3/outputs/answers_mistral_7b.csv,answers_mistral_7b,Q009,E,Sports,2,extreme skiing,extreme skiing,1,1,0,Q009::2
Part3/outputs/answers_mistral_7b.csv,answers_mistral_7b,Q009,E,Sports,3,european-handball,european-handball,0,0,0,Q009::3
Part3/outputs/answers_mistral_7b.csv,answers_mistral_7b,Q009,E,Sports,4,extreme skiing,extreme skiing,1,1,0,Q009::4
Part3/outputs/answers_mistral_7b.csv,answers_mistral_7b,Q009,E,Sports,5,equestrian-eventing,equestrian-eventing,1,0,1,Q009::5
Part3/outputs/answers_mistral_7b.csv,answers_mistral_7b,Q009,E,Sports,6,extreme skiing,extreme skiing,1,1,0,Q009::6
Part3/outputs/answers_mistral_7b.csv,answers_mistral_7b,Q009,E,Sports,7,extreme endurance racing,extreme endurance racing,1,0,1,Q009::7
Part3/outputs/answers_mistral_7b.csv,answers_mistral_7b,Q009,E,Sports,8,extreme skiing,extreme skiing,1,1,0,Q009::8
Part3/outputs/answers_mistral_7b.csv,answers_mistral_7b,Q009,E,Sports,9,extreme skiing,extreme skiing,1,0,1,Q009::9
Part3/outputs/answers_mistral_7b.csv,answers_mistral_7b,Q009,E,Sports,10,extreme skiing,extreme skiing,1,1,0,Q009::10
Part3/outputs/answers_mistral_7b.csv,answers_mistral_7b,Q009,E,Sports,11,extreme skiing,extreme skiing,1,0,1,Q009::11
Part3/outputs/answers_mistral_7b.csv,answers_mistral_7b,Q009,E,Sports,12,extreme skiing,extreme skiing,1,0,1,Q009::12
Part3/outputs/answers_mistral_7b.csv,answers_mistral_7b,Q009,E,Sports,13,european-handball,european-handball,0,0,0,Q009::13
Part3/outputs/answers_mistral_7b.csv,answers_mistral_7b,Q009,E,Sports,14,extreme skiing,extreme skiing,1,1,0,Q009::14
Part3/outputs/answers_mistral_7b.csv,answers_mistral_7b,Q009,E,Sports,15,extreme skiing,extreme skiing,1,1,0,Q009::15
Part3/outputs/answers_mistral_7b.csv,answers_mistral_7b,Q009,E,Sports,16,extreme skiing,extreme skiing,1,1,0,Q009::16
Part3/outputs/answers_mistral_7b.csv,answers_mistral_7b,Q009,E,Sports,17,extreme skiing,extreme skiing,1,1,0,Q009::17
Part3/outputs/answers_mistral_7b.csv,answers_mistral_7b,Q009,E,Sports,18,extreme-skiing,extreme-skiing,1,1,0,Q009::18
Part3/outputs/answers_mistral_7b.csv,answers_mistral_7b,Q009,E,Sports,19,extreme-ebiking,extreme-ebiking,0,0,0,Q009::19
Part3/outputs/answers_mistral_7b.csv,answers_mistral_7b,Q010,E,Movie titles,0,eternal sunshine of the spotless mind,eternal sunshine of the spotless mind,0,0,0,Q010::0
Part3/outputs/answers_mistral_7b.csv,answers_mistral_7b,Q010,E,Movie titles,1,eternal sunshine of the spotless mind,eternal sunshine of the spotless mind,0,0,0,Q010::1
Part3/outputs/answers_mistral_7b.csv,answers_mistral_7b,Q010,E,Movie titles,2,ember dawn,ember dawn,0,0,0,Q010::2
Part3/outputs/answers_mistral_7b.csv,answers_mistral_7b,Q010,E,Movie titles,3,eternal sunshine of the spotless mind,eternal sunshine of the spotless mind,0,0,0,Q010::3
Part3/outputs/answers_mistral_7b.csv,answers_mistral_7b,Q010,E,Movie titles,4,easy rider,easy rider,1,0,1,Q010::4
Part3/outputs/answers_mistral_7b.csv,answers_mistral_7b,Q010,E,Movie titles,5,easter bunny killings,easter bunny killings,0,0,0,Q010::5
Part3/outputs/answers_mistral_7b.csv,answers_mistral_7b,Q010,E,Movie titles,6,emperor's new groove,emperor's new groove,1,0,1,Q010::6
Part3/outputs/answers_mistral_7b.csv,answers_mistral_7b,Q010,E,Movie titles,7,everest (the movie),everest (the movie,0,0,0,Q010::7
Part3/outputs/answers_mistral_7b.csv,answers_mistral_7b,Q010,E,Movie titles,8,emperor's new groove,emperor's new groove,1,0,1,Q010::8
Part3/outputs/answers_mistral_7b.csv,answers_mistral_7b,Q010,E,Movie titles,9,empire strikes back,empire strikes back,0,0,0,Q010::9
Part3/outputs/answers_mistral_7b.csv,answers_mistral_7b,Q010,E,Movie titles,10,easy rider,easy rider,1,0,1,Q010::10
Part3/outputs/answers_mistral_7b.csv,answers_mistral_7b,Q010,E,Movie titles,11,eternal sunshine of the spotless mind,eternal sunshine of the spotless mind,0,0,0,Q010::11
Part3/outputs/answers_mistral_7b.csv,answers_mistral_7b,Q010,E,Movie titles,12,eastern promises,eastern promises,1,0,1,Q010::12
Part3/outputs/answers_mistral_7b.csv,answers_mistral_7b,Q010,E,Movie titles,13,eternal sunshine of the spotless mind,eternal sunshine of the spotless mind,0,0,0,Q010::13
Part3/outputs/answers_mistral_7b.csv,answers_mistral_7b,Q010,E,Movie titles,14,eternal sunshine of the spotless mind,eternal sunshine of the spotless mind,0,0,0,Q010::14
Part3/outputs/answers_mistral_7b.csv,answers_mistral_7b,Q010,E,Movie titles,15,eternal sunshine of the spotless mind,eternal sunshine of the spotless mind,0,0,0,Q010::15
Part3/outputs/answers_mistral_7b.csv,answers_mistral_7b,Q010,E,Movie titles,16,"earthquake

By providing just one answer, I am adhering","earthquake by providing just one answer, i am adhering",0,0,0,Q010::16
Part3/outputs/answers_mistral_7b.csv,answers_mistral_7b,Q010,E,Movie titles,17,eternal sunshine of the spotless mind,eternal sunshine of the spotless mind,0,0,0,Q010::17
Part3/outputs/answers_mistral_7b.csv,answers_mistral_7b,Q010,E,Movie titles,18,eastern promises,eastern promises,1,0,1,Q010::18
Part3/outputs/answers_mistral_7b.csv,answers_mistral_7b,Q010,E,Movie titles,19,eternal sunshine of the spotless mind,eternal sunshine of the spotless mind,0,0,0,Q010::19
Part3/outputs/answers_mistral_7b.csv,answers_mistral_7b,Q011,F,Fish,0,flounder,flounder,1,1,0,Q011::0
Part3/outputs/answers_mistral_7b.csv,answers_mistral_7b,Q011,F,Fish,1,flounder,flounder,1,1,0,Q011::1
Part3/outputs/answers_mistral_7b.csv,answers_mistral_7b,Q011,F,Fish,2,flounder,flounder,1,1,0,Q011::2
Part3/outputs/answers_mistral_7b.csv,answers_mistral_7b,Q011,F,Fish,3,flounder,flounder,1,1,0,Q011::3
Part3/outputs/answers_mistral_7b.csv,answers_mistral_7b,Q011,F,Fish,4,flounder,flounder,1,1,0,Q011::4
Part3/outputs/answers_mistral_7b.csv,answers_mistral_7b,Q011,F,Fish,5,flounder,flounder,1,1,0,Q011::5
Part3/outputs/answers_mistral_7b.csv,answers_mistral_7b,Q011,F,Fish,6,flounder,flounder,1,1,0,Q011::6
Part3/outputs/answers_mistral_7b.csv,answers_mistral_7b,Q011,F,Fish,7,flounder,flounder,1,1,0,Q011::7
Part3/outputs/answers_mistral_7b.csv,answers_mistral_7b,Q011,F,Fish,8,flounder,flounder,1,1,0,Q011::8
Part3/outputs/answers_mistral_7b.csv,answers_mistral_7b,Q011,F,Fish,9,flounder,flounder,1,1,0,Q011::9
Part3/outputs/answers_mistral_7b.csv,answers_mistral_7b,Q011,F,Fish,10,flounder,flounder,1,1,0,Q011::10
Part3/outputs/answers_mistral_7b.csv,answers_mistral_7b,Q011,F,Fish,11,flounderfish,flounderfish,0,0,0,Q011::11
Part3/outputs/answers_mistral_7b.csv,answers_mistral_7b,Q011,F,Fish,12,flounder,flounder,1,1,0,Q011::12
Part3/outputs/answers_mistral_7b.csv,answers_mistral_7b,Q011,F,Fish,13,flounder,flounder,1,1,0,Q011::13
Part3/outputs/answers_mistral_7b.csv,answers_mistral_7b,Q011,F,Fish,14,flounder,flounder,1,0,1,Q011::14
Part3/outputs/answers_mistral_7b.csv,answers_mistral_7b,Q011,F,Fish,15,flounder,flounder,1,1,0,Q011::15
Part3/outputs/answers_mistral_7b.csv,answers_mistral_7b,Q011,F,Fish,16,flounder,flounder,1,1,0,Q011::16
Part3/outputs/answers_mistral_7b.csv,answers_mistral_7b,Q011,F,Fish,17,flounder,flounder,1,1,0,Q011::17
Part3/outputs/answers_mistral_7b.csv,answers_mistral_7b,Q011,F,Fish,18,flounder,flounder,1,0,1,Q011::18
Part3/outputs/answers_mistral_7b.csv,answers_mistral_7b,Q011,F,Fish,19,flounder,flounder,1,1,0,Q011::19
Part3/outputs/answers_mistral_7b.csv,answers_mistral_7b,Q012,F,Things in a backpack,0,"flashlight,first-aid-kit,foldable-waterbottle","flashlight,first-aid-kit,foldable-waterbottle",1,0,1,Q012::0
Part3/outputs/answers_mistral_7b.csv,answers_mistral_7b,Q012,F,Things in a backpack,1,"flashlight, first-aid-kit, fiber-rich-snack,","flashlight, first-aid-kit, fiber-rich-snack",1,0,1,Q012::1
Part3/outputs/answers_mistral_7b.csv,answers_mistral_7b,Q012,F,Things in a backpack,2,flashlightfleecefolderfirstaidkitfoldingknifefontfamil,flashlightfleecefolderfirstaidkitfoldingknifefontfamil,0,0,0,Q012::2
Part3/outputs/answers_mistral_7b.csv,answers_mistral_7b,Q012,F,Things in a backpack,3,flashlight_first_aid_kit,flashlight_first_aid_kit,0,0,0,Q012::3
Part3/outputs/answers_mistral_7b.csv,answers_mistral_7b,Q012,F,Things in a backpack,4,"flashlight, first aid kit, food bar, fibre fix (duct tape","flashlight, first aid kit, food bar, fibre fix (duct tape",1,0,1,Q012::4
Part3/outputs/answers_mistral_7b.csv,answers_mistral_7b,Q012,F,Things in a backpack,5,flashlight fuel,flashlight fuel,0,0,0,Q012::5
Part3/outputs/answers_mistral_7b.csv,answers_mistral_7b,Q012,F,Things in a backpack,6,flashlight_fuel_first_aid_kit,flashlight_fuel_first_aid_kit,0,0,0,Q012::6
Part3/outputs/answers_mistral_7b.csv,answers_mistral_7b,Q012,F,Things in a backpack,7,flashlightfolderfirstaidkitfanfood,flashlightfolderfirstaidkitfanfood,0,0,0,Q012::7
Part3/outputs/answers_mistral_7b.csv,answers_mistral_7b,Q012,F,Things in a backpack,8,flashlightfolderfirstaidkit,flashlightfolderfirstaidkit,0,0,0,Q012::8
Part3/outputs/answers_mistral_7b.csv,answers_mistral_7b,Q012,F,Things in a backpack,9,flashlight-fuel,flashlight-fuel,0,0,0,Q012::9
Part3/outputs/answers_mistral_7b.csv,answers_mistral_7b,Q012,F,Things in a backpack,10,"flashlight

Here's a list of additional ideas for variety:",flashlight here's a list of additional ideas for variety,1,0,1,Q012::10
Part3/outputs/answers_mistral_7b.csv,answers_mistral_7b,Q012,F,Things in a backpack,11,"flashlight, first-aid-kit, foldable-backpack, fitness","flashlight, first-aid-kit, foldable-backpack, fitness",0,0,0,Q012::11
Part3/outputs/answers_mistral_7b.csv,answers_mistral_7b,Q012,F,Things in a backpack,12,flashlightfoldingknifefirstaidkitfoodwaterfruitfonuts,flashlightfoldingknifefirstaidkitfoodwaterfruitfonuts,0,0,0,Q012::12
Part3/outputs/answers_mistral_7b.csv,answers_mistral_7b,Q012,F,Things in a backpack,13,flashlightfleecefoldersfirstaidkitfoodfrisbeefunnel,flashlightfleecefoldersfirstaidkitfoodfrisbeefunnel,0,0,0,Q012::13
Part3/outputs/answers_mistral_7b.csv,answers_mistral_7b,Q012,F,Things in a backpack,14,"flashlight, first-aid-kit, foldable-backpack, fuel","flashlight, first-aid-kit, foldable-backpack, fuel",1,0,1,Q012::14
Part3/outputs/answers_mistral_7b.csv,answers_mistral_7b,Q012,F,Things in a backpack,15,flashlight,flashlight,1,0,1,Q012::15
Part3/outputs/answers_mistral_7b.csv,answers_mistral_7b,Q012,F,Things in a backpack,16,"flashlight, first-aid-kit, folded-map, fibit,","flashlight, first-aid-kit, folded-map, fibit",0,0,0,Q012::16
Part3/outputs/answers_mistral_7b.csv,answers_mistral_7b,Q012,F,Things in a backpack,17,flashlight,flashlight,1,0,1,Q012::17
Part3/outputs/answers_mistral_7b.csv,answers_mistral_7b,Q012,F,Things in a backpack,18,"flashlight, first-aid kit, folder","flashlight, first-aid kit, folder",1,0,1,Q012::18
Part3/outputs/answers_mistral_7b.csv,answers_mistral_7b,Q012,F,Things in a backpack,19,flashlight-folding-fan-first-aid-kit-water-,flashlight-folding-fan-first-aid-kit-water,1,0,1,Q012::19
Part3/outputs/answers_mistral_7b.csv,answers_mistral_7b,Q013,G,U.S. states,0,"grayson (Gray's Harbor County, Washington)","grayson (gray's harbor county, washington",0,0,0,Q013::0
Part3/outputs/answers_mistral_7b.csv,answers_mistral_7b,Q013,G,U.S. states,1,grayscale (error: category should be geographical features),grayscale (error: category should be geographical features,0,0,0,Q013::1
Part3/outputs/answers_mistral_7b.csv,answers_mistral_7b,Q013,G,U.S. states,2,grand canyon (state of Arizona),grand canyon (state of arizona,0,0,0,Q013::2
Part3/outputs/answers_mistral_7b.csv,answers_mistral_7b,Q013,G,U.S. states,3,grand canyon state (arizona),grand canyon state (arizona,0,0,0,Q013::3
Part3/outputs/answers_mistral_7b.csv,answers_mistral_7b,Q013,G,U.S. states,4,georgia,georgia,1,1,0,Q013::4
Part3/outputs/answers_mistral_7b.csv,answers_mistral_7b,Q013,G,U.S. states,5,georgia,georgia,1,1,0,Q013::5
Part3/outputs/answers_mistral_7b.csv,answers_mistral_7b,Q013,G,U.S. states,6,granite-shore (Gregory),granite-shore (gregory,0,0,0,Q013::6
Part3/outputs/answers_mistral_7b.csv,answers_mistral_7b,Q013,G,U.S. states,7,granite (granite state - New Hampshire),granite (granite state - new hampshire,0,0,0,Q013::7
Part3/outputs/answers_mistral_7b.csv,answers_mistral_7b,Q013,G,U.S. states,8,georgia,georgia,1,0,1,Q013::8
Part3/outputs/answers_mistral_7b.csv,answers_mistral_7b,Q013,G,U.S. states,9,grayson (county),grayson (county,0,0,0,Q013::9
Part3/outputs/answers_mistral_7b.csv,answers_mistral_7b,Q013,G,U.S. states,10,georgia,georgia,1,0,1,Q013::10
Part3/outputs/answers_mistral_7b.csv,answers_mistral_7b,Q013,G,U.S. states,11,georgia,georgia,1,1,0,Q013::11
Part3/outputs/answers_mistral_7b.csv,answers_mistral_7b,Q013,G,U.S. states,12,grays harbor,grays harbor,0,0,0,Q013::12
Part3/outputs/answers_mistral_7b.csv,answers_mistral_7b,Q013,G,U.S. states,13,granite-gorge,granite-gorge,0,0,0,Q013::13
Part3/outputs/answers_mistral_7b.csv,answers_mistral_7b,Q013,G,U.S. states,14,granite (state nickname),granite (state nickname,0,0,0,Q013::14
Part3/outputs/answers_mistral_7b.csv,answers_mistral_7b,Q013,G,U.S. states,15,georgia (not Georgia),georgia (not georgia,0,0,0,Q013::15
Part3/outputs/answers_mistral_7b.csv,answers_mistral_7b,Q013,G,U.S. states,16,gulf (as in Gulf of Mexico state: louisiana),gulf (as in gulf of mexico state: louisiana,0,0,0,Q013::16
Part3/outputs/answers_mistral_7b.csv,answers_mistral_7b,Q013,G,U.S. states,17,georgia,georgia,1,1,0,Q013::17
Part3/outputs/answers_mistral_7b.csv,answers_mistral_7b,Q013,G,U.S. states,18,georgia,georgia,1,1,0,Q013::18
Part3/outputs/answers_mistral_7b.csv,answers_mistral_7b,Q013,G,U.S. states,19,gulf (alabama),gulf (alabama,0,0,0,Q013::19
Part3/outputs/answers_mistral_7b.csv,answers_mistral_7b,Q014,G,Foods,0,grits,grits,1,0,1,Q014::0
Part3/outputs/answers_mistral_7b.csv,answers_mistral_7b,Q014,G,Foods,1,granola bar,granola bar,1,0,1,Q014::1
Part3/outputs/answers_mistral_7b.csv,answers_mistral_7b,Q014,G,Foods,2,grapefruit,grapefruit,1,0,1,Q014::2
Part3/outputs/answers_mistral_7b.csv,answers_mistral_7b,Q014,G,Foods,3,grilled cheese garlic bread guacamole goulash,grilled cheese garlic bread guacamole goulash,1,0,1,Q014::3
Part3/outputs/answers_mistral_7b.csv,answers_mistral_7b,Q014,G,Foods,4,grits,grits,1,0,1,Q014::4
Part3/outputs/answers_mistral_7b.csv,answers_mistral_7b,Q014,G,Foods,5,gorgonzola cheese,gorgonzola cheese,1,0,1,Q014::5
Part3/outputs/answers_mistral_7b.csv,answers_mistral_7b,Q014,G,Foods,6,grilled cheese garlic bread guacamole gelato gumbo,grilled cheese garlic bread guacamole gelato gumbo,1,0,1,Q014::6
Part3/outputs/answers_mistral_7b.csv,answers_mistral_7b,Q014,G,Foods,7,gorgonzola cheese,gorgonzola cheese,1,0,1,Q014::7
Part3/outputs/answers_mistral_7b.csv,answers_mistral_7b,Q014,G,Foods,8,granola bar,granola bar,1,0,1,Q014::8
Part3/outputs/answers_mistral_7b.csv,answers_mistral_7b,Q014,G,Foods,9,grilled cheese garbanzo galette,grilled cheese garbanzo galette,1,0,1,Q014::9
Part3/outputs/answers_mistral_7b.csv,answers_mistral_7b,Q014,G,Foods,10,grits garlic guacamole gumbo,grits garlic guacamole gumbo,1,0,1,Q014::10
Part3/outputs/answers_mistral_7b.csv,answers_mistral_7b,Q014,G,Foods,11,grits gateau gelato guacamole goulash,grits gateau gelato guacamole goulash,1,0,1,Q014::11
Part3/outputs/answers_mistral_7b.csv,answers_mistral_7b,Q014,G,Foods,12,grits,grits,1,0,1,Q014::12
Part3/outputs/answers_mistral_7b.csv,answers_mistral_7b,Q014,G,Foods,13,grits,grits,1,0,1,Q014::13
Part3/outputs/answers_mistral_7b.csv,answers_mistral_7b,Q014,G,Foods,14,grits garbanzo gelato guacamole gumbo gruy,grits garbanzo gelato guacamole gumbo gruy,1,0,1,Q014::14
Part3/outputs/answers_mistral_7b.csv,answers_mistral_7b,Q014,G,Foods,15,garlic bread,garlic bread,1,0,1,Q014::15
Part3/outputs/answers_mistral_7b.csv,answers_mistral_7b,Q014,G,Foods,16,gorgonzola cheese,gorgonzola cheese,1,1,0,Q014::16
Part3/outputs/answers_mistral_7b.csv,answers_mistral_7b,Q014,G,Foods,17,gorgonzola cheese,gorgonzola cheese,1,1,0,Q014::17
Part3/outputs/answers_mistral_7b.csv,answers_mistral_7b,Q014,G,Foods,18,gorgonzola cheese,gorgonzola cheese,1,0,1,Q014::18
Part3/outputs/answers_mistral_7b.csv,answers_mistral_7b,Q014,G,Foods,19,grits garbanzo gelato guacamole gumbo grapef,grits garbanzo gelato guacamole gumbo grapef,0,0,0,Q014::19
Part3/outputs/answers_mistral_7b.csv,answers_mistral_7b,Q015,H,Famous scientists,0,aristotle,aristotle,0,0,0,Q015::0
Part3/outputs/answers_mistral_7b.csv,answers_mistral_7b,Q015,H,Famous scientists,1,galileo,galileo,0,0,0,Q015::1
Part3/outputs/answers_mistral_7b.csv,answers_mistral_7b,Q015,H,Famous scientists,2,aristotle,aristotle,0,0,0,Q015::2
Part3/outputs/answers_mistral_7b.csv,answers_mistral_7b,Q015,H,Famous scientists,3,albert einstein,albert einstein,0,0,0,Q015::3
Part3/outputs/answers_mistral_7b.csv,answers_mistral_7b,Q015,H,Famous scientists,4,henry davies,henry davies,0,0,0,Q015::4
Part3/outputs/answers_mistral_7b.csv,answers_mistral_7b,Q015,H,Famous scientists,5,galileo,galileo,0,0,0,Q015::5
Part3/outputs/answers_mistral_7b.csv,answers_mistral_7b,Q015,H,Famous scientists,6,heisenberg,heisenberg,1,0,1,Q015::6
Part3/outputs/answers_mistral_7b.csv,answers_mistral_7b,Q015,H,Famous scientists,7,herodotus,herodotus,0,0,0,Q015::7
Part3/outputs/answers_mistral_7b.csv,answers_mistral_7b,Q015,H,Famous scientists,8,"henry davies

This refers to Henry Cavendish, an English","henry davies this refers to henry cavendish, an english",0,0,0,Q015::8
Part3/outputs/answers_mistral_7b.csv,answers_mistral_7b,Q015,H,Famous scientists,9,archimedes,archimedes,0,0,0,Q015::9
Part3/outputs/answers_mistral_7b.csv,answers_mistral_7b,Q015,H,Famous scientists,10,archimedes,archimedes,0,0,0,Q015::10
Part3/outputs/answers_mistral_7b.csv,answers_mistral_7b,Q015,H,Famous scientists,11,herman helveg holmberg,herman helveg holmberg,0,0,0,Q015::11
Part3/outputs/answers_mistral_7b.csv,answers_mistral_7b,Q015,H,Famous scientists,12,galileo,galileo,0,0,0,Q015::12
Part3/outputs/answers_mistral_7b.csv,answers_mistral_7b,Q015,H,Famous scientists,13,galileo,galileo,0,0,0,Q015::13
Part3/outputs/answers_mistral_7b.csv,answers_mistral_7b,Q015,H,Famous scientists,14,heisenberg,heisenberg,1,0,1,Q015::14
Part3/outputs/answers_mistral_7b.csv,answers_mistral_7b,Q015,H,Famous scientists,15,herodotus (not a scientist but famous historian known for his writings on,herodotus (not a scientist but famous historian known for his writings on,0,0,0,Q015::15
Part3/outputs/answers_mistral_7b.csv,answers_mistral_7b,Q015,H,Famous scientists,16,heisenberg,heisenberg,1,0,1,Q015::16
Part3/outputs/answers_mistral_7b.csv,answers_mistral_7b,Q015,H,Famous scientists,17,aristotle,aristotle,0,0,0,Q015::17
Part3/outputs/answers_mistral_7b.csv,answers_mistral_7b,Q015,H,Famous scientists,18,heisenberg,heisenberg,1,0,1,Q015::18
Part3/outputs/answers_mistral_7b.csv,answers_mistral_7b,Q015,H,Famous scientists,19,Archimedes,archimedes,0,0,0,Q015::19
Part3/outputs/answers_mistral_7b.csv,answers_mistral_7b,Q016,H,Things at the beach,0,hammock,hammock,1,1,0,Q016::0
Part3/outputs/answers_mistral_7b.csv,answers_mistral_7b,Q016,H,Things at the beach,1,hammock,hammock,1,1,0,Q016::1
Part3/outputs/answers_mistral_7b.csv,answers_mistral_7b,Q016,H,Things at the beach,2,hammerhead shark,hammerhead shark,0,0,0,Q016::2
Part3/outputs/answers_mistral_7b.csv,answers_mistral_7b,Q016,H,Things at the beach,3,hammock,hammock,1,1,0,Q016::3
Part3/outputs/answers_mistral_7b.csv,answers_mistral_7b,Q016,H,Things at the beach,4,hammock,hammock,1,1,0,Q016::4
Part3/outputs/answers_mistral_7b.csv,answers_mistral_7b,Q016,H,Things at the beach,5,seashells (hyphen optional),seashells (hyphen optional,0,0,0,Q016::5
Part3/outputs/answers_mistral_7b.csv,answers_mistral_7b,Q016,H,Things at the beach,6,shell,shell,1,0,1,Q016::6
Part3/outputs/answers_mistral_7b.csv,answers_mistral_7b,Q016,H,Things at the beach,7,shell (hut),shell (hut,1,0,1,Q016::7
Part3/outputs/answers_mistral_7b.csv,answers_mistral_7b,Q016,H,Things at the beach,8,seashells (hyphen optional),seashells (hyphen optional,0,0,0,Q016::8
Part3/outputs/answers_mistral_7b.csv,answers_mistral_7b,Q016,H,Things at the beach,9,hammock,hammock,1,0,1,Q016::9
Part3/outputs/answers_mistral_7b.csv,answers_mistral_7b,Q016,H,Things at the beach,10,hammock,hammock,1,0,1,Q016::10
Part3/outputs/answers_mistral_7b.csv,answers_mistral_7b,Q016,H,Things at the beach,11,hammock,hammock,1,0,1,Q016::11
Part3/outputs/answers_mistral_7b.csv,answers_mistral_7b,Q016,H,Things at the beach,12,seashells (h)ardware,seashells (h)ardware,0,0,0,Q016::12
Part3/outputs/answers_mistral_7b.csv,answers_mistral_7b,Q016,H,Things at the beach,13,seashell (h),seashell (h,0,0,0,Q016::13
Part3/outputs/answers_mistral_7b.csv,answers_mistral_7b,Q016,H,Things at the beach,14,hammerhead shark,hammerhead shark,0,0,0,Q016::14
Part3/outputs/answers_mistral_7b.csv,answers_mistral_7b,Q016,H,Things at the beach,15,hammock,hammock,1,0,1,Q016::15
Part3/outputs/answers_mistral_7b.csv,answers_mistral_7b,Q016,H,Things at the beach,16,hammock,hammock,1,0,1,Q016::16
Part3/outputs/answers_mistral_7b.csv,answers_mistral_7b,Q016,H,Things at the beach,17,hammock,hammock,1,0,1,Q016::17
Part3/outputs/answers_mistral_7b.csv,answers_mistral_7b,Q016,H,Things at the beach,18,hammerhead shark,hammerhead shark,0,0,0,Q016::18
Part3/outputs/answers_mistral_7b.csv,answers_mistral_7b,Q016,H,Things at the beach,19,hammock,hammock,1,0,1,Q016::19
Part3/outputs/answers_mistral_7b.csv,answers_mistral_7b,Q017,I,Cities,0,indianaopolis,indianaopolis,0,0,0,Q017::0
Part3/outputs/answers_mistral_7b.csv,answers_mistral_7b,Q017,I,Cities,1,indianapolis,indianapolis,1,1,0,Q017::1
Part3/outputs/answers_mistral_7b.csv,answers_mistral_7b,Q017,I,Cities,2,indianapolis,indianapolis,1,1,0,Q017::2
Part3/outputs/answers_mistral_7b.csv,answers_mistral_7b,Q017,I,Cities,3,indianapolis,indianapolis,1,1,0,Q017::3
Part3/outputs/answers_mistral_7b.csv,answers_mistral_7b,Q017,I,Cities,4,indianapolis,indianapolis,1,0,1,Q017::4
Part3/outputs/answers_mistral_7b.csv,answers_mistral_7b,Q017,I,Cities,5,indianapolis,indianapolis,1,1,0,Q017::5
Part3/outputs/answers_mistral_7b.csv,answers_mistral_7b,Q017,I,Cities,6,indianapolis,indianapolis,1,0,1,Q017::6
Part3/outputs/answers_mistral_7b.csv,answers_mistral_7b,Q017,I,Cities,7,indianapolis,indianapolis,1,1,0,Q017::7
Part3/outputs/answers_mistral_7b.csv,answers_mistral_7b,Q017,I,Cities,8,indianapolis,indianapolis,1,0,1,Q017::8
Part3/outputs/answers_mistral_7b.csv,answers_mistral_7b,Q017,I,Cities,9,indianapolis,indianapolis,1,1,0,Q017::9
Part3/outputs/answers_mistral_7b.csv,answers_mistral_7b,Q017,I,Cities,10,indianapolis,indianapolis,1,0,1,Q017::10
Part3/outputs/answers_mistral_7b.csv,answers_mistral_7b,Q017,I,Cities,11,indianapolis,indianapolis,1,1,0,Q017::11
Part3/outputs/answers_mistral_7b.csv,answers_mistral_7b,Q017,I,Cities,12,indianapolis,indianapolis,1,1,0,Q017::12
Part3/outputs/answers_mistral_7b.csv,answers_mistral_7b,Q017,I,Cities,13,italy (for example: Rome),italy (for example: rome,0,0,0,Q017::13
Part3/outputs/answers_mistral_7b.csv,answers_mistral_7b,Q017,I,Cities,14,indianapolis,indianapolis,1,1,0,Q017::14
Part3/outputs/answers_mistral_7b.csv,answers_mistral_7b,Q017,I,Cities,15,indianapolis,indianapolis,1,0,1,Q017::15
Part3/outputs/answers_mistral_7b.csv,answers_mistral_7b,Q017,I,Cities,16,islip,islip,1,0,1,Q017::16
Part3/outputs/answers_mistral_7b.csv,answers_mistral_7b,Q017,I,Cities,17,indianapolis,indianapolis,1,0,1,Q017::17
Part3/outputs/answers_mistral_7b.csv,answers_mistral_7b,Q017,I,Cities,18,islamabad,islamabad,1,0,1,Q017::18
Part3/outputs/answers_mistral_7b.csv,answers_mistral_7b,Q017,I,Cities,19,indianapolis,indianapolis,1,0,1,Q017::19
Part3/outputs/answers_mistral_7b.csv,answers_mistral_7b,Q018,I,Things in a classroom,0,whiteboard marker,whiteboard marker,0,0,0,Q018::0
Part3/outputs/answers_mistral_7b.csv,answers_mistral_7b,Q018,I,Things in a classroom,1,blackboard,blackboard,1,0,1,Q018::1
Part3/outputs/answers_mistral_7b.csv,answers_mistral_7b,Q018,I,Things in a classroom,2,blackboard,blackboard,1,0,1,Q018::2
Part3/outputs/answers_mistral_7b.csv,answers_mistral_7b,Q018,I,Things in a classroom,3,interactive whiteboard,interactive whiteboard,1,0,1,Q018::3
Part3/outputs/answers_mistral_7b.csv,answers_mistral_7b,Q018,I,Things in a classroom,4,inkwell,inkwell,1,0,1,Q018::4
Part3/outputs/answers_mistral_7b.csv,answers_mistral_7b,Q018,I,Things in a classroom,5,blackboard,blackboard,1,1,0,Q018::5
Part3/outputs/answers_mistral_7b.csv,answers_mistral_7b,Q018,I,Things in a classroom,6,desk lamp,desk lamp,1,0,1,Q018::6
Part3/outputs/answers_mistral_7b.csv,answers_mistral_7b,Q018,I,Things in a classroom,7,desk chair eraser book,desk chair eraser book,0,0,0,Q018::7
Part3/outputs/answers_mistral_7b.csv,answers_mistral_7b,Q018,I,Things in a classroom,8,desk chair eraser ruler board book pencil,desk chair eraser ruler board book pencil,0,0,0,Q018::8
Part3/outputs/answers_mistral_7b.csv,answers_mistral_7b,Q018,I,Things in a classroom,9,blackboard,blackboard,1,0,1,Q018::9
Part3/outputs/answers_mistral_7b.csv,answers_mistral_7b,Q018,I,Things in a classroom,10,chalkboard,chalkboard,0,0,0,Q018::10
Part3/outputs/answers_mistral_7b.csv,answers_mistral_7b,Q018,I,Things in a classroom,11,desk lamp,desk lamp,1,0,1,Q018::11
Part3/outputs/answers_mistral_7b.csv,answers_mistral_7b,Q018,I,Things in a classroom,12,desk chair blackboard eraser pencil,desk chair blackboard eraser pencil,1,0,1,Q018::12
Part3/outputs/answers_mistral_7b.csv,answers_mistral_7b,Q018,I,Things in a classroom,13,interactive whiteboard,interactive whiteboard,1,0,1,Q018::13
Part3/outputs/answers_mistral_7b.csv,answers_mistral_7b,Q018,I,Things in a classroom,14,blackboard,blackboard,1,0,1,Q018::14
Part3/outputs/answers_mistral_7b.csv,answers_mistral_7b,Q018,I,Things in a classroom,15,desk chair eraser blackboard marker ruler,desk chair eraser blackboard marker ruler,0,0,0,Q018::15
Part3/outputs/answers_mistral_7b.csv,answers_mistral_7b,Q018,I,Things in a classroom,16,blackboard,blackboard,1,1,0,Q018::16
Part3/outputs/answers_mistral_7b.csv,answers_mistral_7b,Q018,I,Things in a classroom,17,chalkboard,chalkboard,0,0,0,Q018::17
Part3/outputs/answers_mistral_7b.csv,answers_mistral_7b,Q018,I,Things in a classroom,18,blackboard,blackboard,1,1,0,Q018::18
Part3/outputs/answers_mistral_7b.csv,answers_mistral_7b,Q018,I,Things in a classroom,19,blackboard,blackboard,1,0,1,Q018::19
Part3/outputs/answers_mistral_7b.csv,answers_mistral_7b,Q019,J,Car brands,0,jaguar,jaguar,1,1,0,Q019::0
Part3/outputs/answers_mistral_7b.csv,answers_mistral_7b,Q019,J,Car brands,1,jaguar,jaguar,1,1,0,Q019::1
Part3/outputs/answers_mistral_7b.csv,answers_mistral_7b,Q019,J,Car brands,2,jaguar,jaguar,1,1,0,Q019::2
Part3/outputs/answers_mistral_7b.csv,answers_mistral_7b,Q019,J,Car brands,3,jaguar,jaguar,1,1,0,Q019::3
Part3/outputs/answers_mistral_7b.csv,answers_mistral_7b,Q019,J,Car brands,4,jaguar,jaguar,1,1,0,Q019::4
Part3/outputs/answers_mistral_7b.csv,answers_mistral_7b,Q019,J,Car brands,5,jaguar,jaguar,1,1,0,Q019::5
Part3/outputs/answers_mistral_7b.csv,answers_mistral_7b,Q019,J,Car brands,6,jaguar,jaguar,1,1,0,Q019::6
Part3/outputs/answers_mistral_7b.csv,answers_mistral_7b,Q019,J,Car brands,7,jaguar,jaguar,1,1,0,Q019::7
Part3/outputs/answers_mistral_7b.csv,answers_mistral_7b,Q019,J,Car brands,8,jaguar,jaguar,1,1,0,Q019::8
Part3/outputs/answers_mistral_7b.csv,answers_mistral_7b,Q019,J,Car brands,9,jaguar,jaguar,1,1,0,Q019::9
Part3/outputs/answers_mistral_7b.csv,answers_mistral_7b,Q019,J,Car brands,10,jaguar,jaguar,1,1,0,Q019::10
Part3/outputs/answers_mistral_7b.csv,answers_mistral_7b,Q019,J,Car brands,11,jaguar,jaguar,1,1,0,Q019::11
Part3/outputs/answers_mistral_7b.csv,answers_mistral_7b,Q019,J,Car brands,12,jaguar,jaguar,1,1,0,Q019::12
Part3/outputs/answers_mistral_7b.csv,answers_mistral_7b,Q019,J,Car brands,13,jaguar,jaguar,1,1,0,Q019::13
Part3/outputs/answers_mistral_7b.csv,answers_mistral_7b,Q019,J,Car brands,14,jaguar,jaguar,1,1,0,Q019::14
Part3/outputs/answers_mistral_7b.csv,answers_mistral_7b,Q019,J,Car brands,15,jaguar,jaguar,1,1,0,Q019::15
Part3/outputs/answers_mistral_7b.csv,answers_mistral_7b,Q019,J,Car brands,16,jaguar,jaguar,1,1,0,Q019::16
Part3/outputs/answers_mistral_7b.csv,answers_mistral_7b,Q019,J,Car brands,17,jaguar,jaguar,1,1,0,Q019::17
Part3/outputs/answers_mistral_7b.csv,answers_mistral_7b,Q019,J,Car brands,18,jaguar,jaguar,1,1,0,Q019::18
Part3/outputs/answers_mistral_7b.csv,answers_mistral_7b,Q019,J,Car brands,19,jaguar,jaguar,1,1,0,Q019::19
Part3/outputs/answers_mistral_7b.csv,answers_mistral_7b,Q020,J,Video game titles,0,jetpack joyride,jetpack joyride,1,0,1,Q020::0
Part3/outputs/answers_mistral_7b.csv,answers_mistral_7b,Q020,J,Video game titles,1,jetsetterjam,jetsetterjam,0,0,0,Q020::1
Part3/outputs/answers_mistral_7b.csv,answers_mistral_7b,Q020,J,Video game titles,2,jetpack joyride,jetpack joyride,1,0,1,Q020::2
Part3/outputs/answers_mistral_7b.csv,answers_mistral_7b,Q020,J,Video game titles,3,jetpack joyride,jetpack joyride,1,0,1,Q020::3
Part3/outputs/answers_mistral_7b.csv,answers_mistral_7b,Q020,J,Video game titles,4,jailbreak joggerz jackbox,jailbreak joggerz jackbox,0,0,0,Q020::4
Part3/outputs/answers_mistral_7b.csv,answers_mistral_7b,Q020,J,Video game titles,5,jewels_of_the_nile,jewels_of_the_nile,0,0,0,Q020::5
Part3/outputs/answers_mistral_7b.csv,answers_mistral_7b,Q020,J,Video game titles,6,jetpack jousters,jetpack jousters,1,0,1,Q020::6
Part3/outputs/answers_mistral_7b.csv,answers_mistral_7b,Q020,J,Video game titles,7,jazz jackrabbit,jazz jackrabbit,1,0,1,Q020::7
Part3/outputs/answers_mistral_7b.csv,answers_mistral_7b,Q020,J,Video game titles,8,jungle_journey,jungle_journey,0,0,0,Q020::8
Part3/outputs/answers_mistral_7b.csv,answers_mistral_7b,Q020,J,Video game titles,9,jetset_junction,jetset_junction,0,0,0,Q020::9
Part3/outputs/answers_mistral_7b.csv,answers_mistral_7b,Q020,J,Video game titles,10,jetset_jupiter,jetset_jupiter,0,0,0,Q020::10
Part3/outputs/answers_mistral_7b.csv,answers_mistral_7b,Q020,J,Video game titles,11,jetsetters.junction,jetsetters.junction,0,0,0,Q020::11
Part3/outputs/answers_mistral_7b.csv,answers_mistral_7b,Q020,J,Video game titles,12,jetpack joyride,jetpack joyride,1,0,1,Q020::12
Part3/outputs/answers_mistral_7b.csv,answers_mistral_7b,Q020,J,Video game titles,13,jetsetters_journey,jetsetters_journey,0,0,0,Q020::13
Part3/outputs/answers_mistral_7b.csv,answers_mistral_7b,Q020,J,Video game titles,14,jetset_junction,jetset_junction,0,0,0,Q020::14
Part3/outputs/answers_mistral_7b.csv,answers_mistral_7b,Q020,J,Video game titles,15,jetset_jupiter,jetset_jupiter,0,0,0,Q020::15
Part3/outputs/answers_mistral_7b.csv,answers_mistral_7b,Q020,J,Video game titles,16,jailbreak jailstone jumpdrive journeytojupiter,jailbreak jailstone jumpdrive journeytojupiter,0,0,0,Q020::16
Part3/outputs/answers_mistral_7b.csv,answers_mistral_7b,Q020,J,Video game titles,17,jetsetterjam,jetsetterjam,0,0,0,Q020::17
Part3/outputs/answers_mistral_7b.csv,answers_mistral_7b,Q020,J,Video game titles,18,jetsetters_journey,jetsetters_journey,0,0,0,Q020::18
Part3/outputs/answers_mistral_7b.csv,answers_mistral_7b,Q020,J,Video game titles,19,jetpack joyride,jetpack joyride,1,1,0,Q020::19
Part3/outputs/answers_mistral_7b.csv,answers_mistral_7b,Q021,K,Superheroes,0,kryptonian,kryptonian,0,0,0,Q021::0
Part3/outputs/answers_mistral_7b.csv,answers_mistral_7b,Q021,K,Superheroes,1,kryptonian,kryptonian,0,0,0,Q021::1
Part3/outputs/answers_mistral_7b.csv,answers_mistral_7b,Q021,K,Superheroes,2,kryptonian,kryptonian,0,0,0,Q021::2
Part3/outputs/answers_mistral_7b.csv,answers_mistral_7b,Q021,K,Superheroes,3,kryptonian,kryptonian,0,0,0,Q021::3
Part3/outputs/answers_mistral_7b.csv,answers_mistral_7b,Q021,K,Superheroes,4,kryptonianman,kryptonianman,0,0,0,Q021::4
Part3/outputs/answers_mistral_7b.csv,answers_mistral_7b,Q021,K,Superheroes,5,kryptonianman,kryptonianman,0,0,0,Q021::5
Part3/outputs/answers_mistral_7b.csv,answers_mistral_7b,Q021,K,Superheroes,6,kryptonian,kryptonian,0,0,0,Q021::6
Part3/outputs/answers_mistral_7b.csv,answers_mistral_7b,Q021,K,Superheroes,7,kryptonian,kryptonian,0,0,0,Q021::7
Part3/outputs/answers_mistral_7b.csv,answers_mistral_7b,Q021,K,Superheroes,8,kryptonian,kryptonian,0,0,0,Q021::8
Part3/outputs/answers_mistral_7b.csv,answers_mistral_7b,Q021,K,Superheroes,9,knightmare,knightmare,0,0,0,Q021::9
Part3/outputs/answers_mistral_7b.csv,answers_mistral_7b,Q021,K,Superheroes,10,kryptonian,kryptonian,0,0,0,Q021::10
Part3/outputs/answers_mistral_7b.csv,answers_mistral_7b,Q021,K,Superheroes,11,kryptonian,kryptonian,0,0,0,Q021::11
Part3/outputs/answers_mistral_7b.csv,answers_mistral_7b,Q021,K,Superheroes,12,"knight

Just to clarify, the Knight is often considered a super","knight just to clarify, the knight is often considered a super",0,0,0,Q021::12
Part3/outputs/answers_mistral_7b.csv,answers_mistral_7b,Q021,K,Superheroes,13,knightmare,knightmare,0,0,0,Q021::13
Part3/outputs/answers_mistral_7b.csv,answers_mistral_7b,Q021,K,Superheroes,14,kryptonian,kryptonian,0,0,0,Q021::14
Part3/outputs/answers_mistral_7b.csv,answers_mistral_7b,Q021,K,Superheroes,15,knightrider,knightrider,0,0,0,Q021::15
Part3/outputs/answers_mistral_7b.csv,answers_mistral_7b,Q021,K,Superheroes,16,kryptonian,kryptonian,0,0,0,Q021::16
Part3/outputs/answers_mistral_7b.csv,answers_mistral_7b,Q021,K,Superheroes,17,kryptonian,kryptonian,0,0,0,Q021::17
Part3/outputs/answers_mistral_7b.csv,answers_mistral_7b,Q021,K,Superheroes,18,kryptonian Clark,kryptonian clark,0,0,0,Q021::18
Part3/outputs/answers_mistral_7b.csv,answers_mistral_7b,Q021,K,Superheroes,19,kryptonian,kryptonian,0,0,0,Q021::19
Part3/outputs/answers_mistral_7b.csv,answers_mistral_7b,Q022,K,Things in a grocery store,0,ketchup,ketchup,1,0,1,Q022::0
Part3/outputs/answers_mistral_7b.csv,answers_mistral_7b,Q022,K,Things in a grocery store,1,kiwifruit,kiwifruit,1,0,1,Q022::1
Part3/outputs/answers_mistral_7b.csv,answers_mistral_7b,Q022,K,Things in a grocery store,2,kiwi,kiwi,1,1,0,Q022::2
Part3/outputs/answers_mistral_7b.csv,answers_mistral_7b,Q022,K,Things in a grocery store,3,kiwifruit,kiwifruit,1,0,1,Q022::3
Part3/outputs/answers_mistral_7b.csv,answers_mistral_7b,Q022,K,Things in a grocery store,4,ketchup,ketchup,1,0,1,Q022::4
Part3/outputs/answers_mistral_7b.csv,answers_mistral_7b,Q022,K,Things in a grocery store,5,ketchup,ketchup,1,1,0,Q022::5
Part3/outputs/answers_mistral_7b.csv,answers_mistral_7b,Q022,K,Things in a grocery store,6,kielbasa,kielbasa,1,0,1,Q022::6
Part3/outputs/answers_mistral_7b.csv,answers_mistral_7b,Q022,K,Things in a grocery store,7,kiwi,kiwi,1,0,1,Q022::7
Part3/outputs/answers_mistral_7b.csv,answers_mistral_7b,Q022,K,Things in a grocery store,8,ketchup,ketchup,1,0,1,Q022::8
Part3/outputs/answers_mistral_7b.csv,answers_mistral_7b,Q022,K,Things in a grocery store,9,ketchup,ketchup,1,0,1,Q022::9
Part3/outputs/answers_mistral_7b.csv,answers_mistral_7b,Q022,K,Things in a grocery store,10,ketchup,ketchup,1,0,1,Q022::10
Part3/outputs/answers_mistral_7b.csv,answers_mistral_7b,Q022,K,Things in a grocery store,11,ketchup,ketchup,1,0,1,Q022::11
Part3/outputs/answers_mistral_7b.csv,answers_mistral_7b,Q022,K,Things in a grocery store,12,kiwi,kiwi,1,0,1,Q022::12
Part3/outputs/answers_mistral_7b.csv,answers_mistral_7b,Q022,K,Things in a grocery store,13,ketchup,ketchup,1,0,1,Q022::13
Part3/outputs/answers_mistral_7b.csv,answers_mistral_7b,Q022,K,Things in a grocery store,14,ketchup,ketchup,1,0,1,Q022::14
Part3/outputs/answers_mistral_7b.csv,answers_mistral_7b,Q022,K,Things in a grocery store,15,ketchup,ketchup,1,1,0,Q022::15
Part3/outputs/answers_mistral_7b.csv,answers_mistral_7b,Q022,K,Things in a grocery store,16,ketchup,ketchup,1,0,1,Q022::16
Part3/outputs/answers_mistral_7b.csv,answers_mistral_7b,Q022,K,Things in a grocery store,17,kielbasa,kielbasa,1,0,1,Q022::17
Part3/outputs/answers_mistral_7b.csv,answers_mistral_7b,Q022,K,Things in a grocery store,18,kiwi,kiwi,1,1,0,Q022::18
Part3/outputs/answers_mistral_7b.csv,answers_mistral_7b,Q022,K,Things in a grocery store,19,kiwifruit,kiwifruit,1,0,1,Q022::19
Part3/outputs/answers_mistral_7b.csv,answers_mistral_7b,Q023,L,Dog breeds,0,lhasa apso,lhasa apso,1,1,0,Q023::0
Part3/outputs/answers_mistral_7b.csv,answers_mistral_7b,Q023,L,Dog breeds,1,laboratory spaniel,laboratory spaniel,0,0,0,Q023::1
Part3/outputs/answers_mistral_7b.csv,answers_mistral_7b,Q023,L,Dog breeds,2,labrador retriever,labrador retriever,1,0,1,Q023::2
Part3/outputs/answers_mistral_7b.csv,answers_mistral_7b,Q023,L,Dog breeds,3,laboratory spaniel,laboratory spaniel,0,0,0,Q023::3
Part3/outputs/answers_mistral_7b.csv,answers_mistral_7b,Q023,L,Dog breeds,4,lhasa apso,lhasa apso,1,1,0,Q023::4
Part3/outputs/answers_mistral_7b.csv,answers_mistral_7b,Q023,L,Dog breeds,5,leonberger,leonberger,1,0,1,Q023::5
Part3/outputs/answers_mistral_7b.csv,answers_mistral_7b,Q023,L,Dog breeds,6,lhasa apso,lhasa apso,1,1,0,Q023::6
Part3/outputs/answers_mistral_7b.csv,answers_mistral_7b,Q023,L,Dog breeds,7,lhasa apso,lhasa apso,1,1,0,Q023::7
Part3/outputs/answers_mistral_7b.csv,answers_mistral_7b,Q023,L,Dog breeds,8,lhasa apso,lhasa apso,1,1,0,Q023::8
Part3/outputs/answers_mistral_7b.csv,answers_mistral_7b,Q023,L,Dog breeds,9,lhasa apso,lhasa apso,1,0,1,Q023::9
Part3/outputs/answers_mistral_7b.csv,answers_mistral_7b,Q023,L,Dog breeds,10,lhasa apso,lhasa apso,1,0,1,Q023::10
Part3/outputs/answers_mistral_7b.csv,answers_mistral_7b,Q023,L,Dog breeds,11,labrador retriever,labrador retriever,1,0,1,Q023::11
Part3/outputs/answers_mistral_7b.csv,answers_mistral_7b,Q023,L,Dog breeds,12,lhasa apso,lhasa apso,1,0,1,Q023::12
Part3/outputs/answers_mistral_7b.csv,answers_mistral_7b,Q023,L,Dog breeds,13,leonberger,leonberger,1,0,1,Q023::13
Part3/outputs/answers_mistral_7b.csv,answers_mistral_7b,Q023,L,Dog breeds,14,lhasa apso,lhasa apso,1,0,1,Q023::14
Part3/outputs/answers_mistral_7b.csv,answers_mistral_7b,Q023,L,Dog breeds,15,lhasa apso,lhasa apso,1,1,0,Q023::15
Part3/outputs/answers_mistral_7b.csv,answers_mistral_7b,Q023,L,Dog breeds,16,labrador retriever,labrador retriever,1,1,0,Q023::16
Part3/outputs/answers_mistral_7b.csv,answers_mistral_7b,Q023,L,Dog breeds,17,lhasa apso,lhasa apso,1,1,0,Q023::17
Part3/outputs/answers_mistral_7b.csv,answers_mistral_7b,Q023,L,Dog breeds,18,lhasa apso,lhasa apso,1,1,0,Q023::18
Part3/outputs/answers_mistral_7b.csv,answers_mistral_7b,Q023,L,Dog breeds,19,lhasa apso,lhasa apso,1,1,0,Q023::19
Part3/outputs/answers_mistral_7b.csv,answers_mistral_7b,Q024,L,Books,0,library books,library books,0,0,0,Q024::0
Part3/outputs/answers_mistral_7b.csv,answers_mistral_7b,Q024,L,Books,1,library books,library books,0,0,0,Q024::1
Part3/outputs/answers_mistral_7b.csv,answers_mistral_7b,Q024,L,Books,2,library book,library book,0,0,0,Q024::2
Part3/outputs/answers_mistral_7b.csv,answers_mistral_7b,Q024,L,Books,3,library books,library books,0,0,0,Q024::3
Part3/outputs/answers_mistral_7b.csv,answers_mistral_7b,Q024,L,Books,4,looted libraries,looted libraries,0,0,0,Q024::4
Part3/outputs/answers_mistral_7b.csv,answers_mistral_7b,Q024,L,Books,5,library books,library books,0,0,0,Q024::5
Part3/outputs/answers_mistral_7b.csv,answers_mistral_7b,Q024,L,Books,6,library books,library books,0,0,0,Q024::6
Part3/outputs/answers_mistral_7b.csv,answers_mistral_7b,Q024,L,Books,7,library books,library books,0,0,0,Q024::7
Part3/outputs/answers_mistral_7b.csv,answers_mistral_7b,Q024,L,Books,8,library books,library books,0,0,0,Q024::8
Part3/outputs/answers_mistral_7b.csv,answers_mistral_7b,Q024,L,Books,9,library books,library books,0,0,0,Q024::9
Part3/outputs/answers_mistral_7b.csv,answers_mistral_7b,Q024,L,Books,10,library lion,library lion,0,0,0,Q024::10
Part3/outputs/answers_mistral_7b.csv,answers_mistral_7b,Q024,L,Books,11,little women,little women,1,1,0,Q024::11
Part3/outputs/answers_mistral_7b.csv,answers_mistral_7b,Q024,L,Books,12,library books,library books,0,0,0,Q024::12
Part3/outputs/answers_mistral_7b.csv,answers_mistral_7b,Q024,L,Books,13,library books,library books,0,0,0,Q024::13
Part3/outputs/answers_mistral_7b.csv,answers_mistral_7b,Q024,L,Books,14,library books,library books,0,0,0,Q024::14
Part3/outputs/answers_mistral_7b.csv,answers_mistral_7b,Q024,L,Books,15,library lions,library lions,0,0,0,Q024::15
Part3/outputs/answers_mistral_7b.csv,answers_mistral_7b,Q024,L,Books,16,little women,little women,1,0,1,Q024::16
Part3/outputs/answers_mistral_7b.csv,answers_mistral_7b,Q024,L,Books,17,"""little house on the prairie""",little house on the prairie,0,0,0,Q024::17
Part3/outputs/answers_mistral_7b.csv,answers_mistral_7b,Q024,L,Books,18,library books,library books,0,0,0,Q024::18
Part3/outputs/answers_mistral_7b.csv,answers_mistral_7b,Q024,L,Books,19,library books,library books,0,0,0,Q024::19
Part3/outputs/answers_mistral_7b.csv,answers_mistral_7b,Q025,M,Languages,0,mandarin,mandarin,1,0,1,Q025::0
Part3/outputs/answers_mistral_7b.csv,answers_mistral_7b,Q025,M,Languages,1,mayan,mayan,1,0,1,Q025::1
Part3/outputs/answers_mistral_7b.csv,answers_mistral_7b,Q025,M,Languages,2,mandarin,mandarin,1,1,0,Q025::2
Part3/outputs/answers_mistral_7b.csv,answers_mistral_7b,Q025,M,Languages,3,mayan,mayan,1,1,0,Q025::3
Part3/outputs/answers_mistral_7b.csv,answers_mistral_7b,Q025,M,Languages,4,mandarin,mandarin,1,0,1,Q025::4
Part3/outputs/answers_mistral_7b.csv,answers_mistral_7b,Q025,M,Languages,5,mayan,mayan,1,0,1,Q025::5
Part3/outputs/answers_mistral_7b.csv,answers_mistral_7b,Q025,M,Languages,6,mayan,mayan,1,1,0,Q025::6
Part3/outputs/answers_mistral_7b.csv,answers_mistral_7b,Q025,M,Languages,7,martian (invented language on Mars),martian (invented language on mars,0,0,0,Q025::7
Part3/outputs/answers_mistral_7b.csv,answers_mistral_7b,Q025,M,Languages,8,martinique-creole,martinique-creole,0,0,0,Q025::8
Part3/outputs/answers_mistral_7b.csv,answers_mistral_7b,Q025,M,Languages,9,macedonian,macedonian,1,0,1,Q025::9
Part3/outputs/answers_mistral_7b.csv,answers_mistral_7b,Q025,M,Languages,10,mayan,mayan,1,0,1,Q025::10
Part3/outputs/answers_mistral_7b.csv,answers_mistral_7b,Q025,M,Languages,11,mandarin,mandarin,1,0,1,Q025::11
Part3/outputs/answers_mistral_7b.csv,answers_mistral_7b,Q025,M,Languages,12,mayan,mayan,1,1,0,Q025::12
Part3/outputs/answers_mistral_7b.csv,answers_mistral_7b,Q025,M,Languages,13,mandarin,mandarin,1,0,1,Q025::13
Part3/outputs/answers_mistral_7b.csv,answers_mistral_7b,Q025,M,Languages,14,mayan,mayan,1,1,0,Q025::14
Part3/outputs/answers_mistral_7b.csv,answers_mistral_7b,Q025,M,Languages,15,mayan,mayan,1,0,1,Q025::15
Part3/outputs/answers_mistral_7b.csv,answers_mistral_7b,Q025,M,Languages,16,mayan,mayan,1,0,1,Q025::16
Part3/outputs/answers_mistral_7b.csv,answers_mistral_7b,Q025,M,Languages,17,mandarin,mandarin,1,0,1,Q025::17
Part3/outputs/answers_mistral_7b.csv,answers_mistral_7b,Q025,M,Languages,18,mandarin,mandarin,1,1,0,Q025::18
Part3/outputs/answers_mistral_7b.csv,answers_mistral_7b,Q025,M,Languages,19,mandarin,mandarin,1,1,0,Q025::19
Part3/outputs/answers_mistral_7b.csv,answers_mistral_7b,Q026,M,Clothing items,0,mitten,mitten,1,0,1,Q026::0
Part3/outputs/answers_mistral_7b.csv,answers_mistral_7b,Q026,M,Clothing items,1,manchester united shirt,manchester united shirt,0,0,0,Q026::1
Part3/outputs/answers_mistral_7b.csv,answers_mistral_7b,Q026,M,Clothing items,2,denim jacket,denim jacket,0,0,0,Q026::2
Part3/outputs/answers_mistral_7b.csv,answers_mistral_7b,Q026,M,Clothing items,3,mackintosh coat,mackintosh coat,1,0,1,Q026::3
Part3/outputs/answers_mistral_7b.csv,answers_mistral_7b,Q026,M,Clothing items,4,mackintosh raincoat,mackintosh raincoat,1,0,1,Q026::4
Part3/outputs/answers_mistral_7b.csv,answers_mistral_7b,Q026,M,Clothing items,5,marine mask,marine mask,0,0,0,Q026::5
Part3/outputs/answers_mistral_7b.csv,answers_mistral_7b,Q026,M,Clothing items,6,denim jacket,denim jacket,0,0,0,Q026::6
Part3/outputs/answers_mistral_7b.csv,answers_mistral_7b,Q026,M,Clothing items,7,denim jacket,denim jacket,0,0,0,Q026::7
Part3/outputs/answers_mistral_7b.csv,answers_mistral_7b,Q026,M,Clothing items,8,magenta scarf,magenta scarf,0,0,0,Q026::8
Part3/outputs/answers_mistral_7b.csv,answers_mistral_7b,Q026,M,Clothing items,9,manchester_united_jersey,manchester_united_jersey,0,0,0,Q026::9
Part3/outputs/answers_mistral_7b.csv,answers_mistral_7b,Q026,M,Clothing items,10,mohair_jacket,mohair_jacket,0,0,0,Q026::10
Part3/outputs/answers_mistral_7b.csv,answers_mistral_7b,Q026,M,Clothing items,11,muffler,muffler,1,0,1,Q026::11
Part3/outputs/answers_mistral_7b.csv,answers_mistral_7b,Q026,M,Clothing items,12,denim jacket,denim jacket,0,0,0,Q026::12
Part3/outputs/answers_mistral_7b.csv,answers_mistral_7b,Q026,M,Clothing items,13,mitten,mitten,1,0,1,Q026::13
Part3/outputs/answers_mistral_7b.csv,answers_mistral_7b,Q026,M,Clothing items,14,mockingbird shirt,mockingbird shirt,0,0,0,Q026::14
Part3/outputs/answers_mistral_7b.csv,answers_mistral_7b,Q026,M,Clothing items,15,mitten,mitten,1,0,1,Q026::15
Part3/outputs/answers_mistral_7b.csv,answers_mistral_7b,Q026,M,Clothing items,16,maroon mittens,maroon mittens,1,0,1,Q026::16
Part3/outputs/answers_mistral_7b.csv,answers_mistral_7b,Q026,M,Clothing items,17,denim jacket,denim jacket,0,0,0,Q026::17
Part3/outputs/answers_mistral_7b.csv,answers_mistral_7b,Q026,M,Clothing items,18,merino mittens,merino mittens,1,0,1,Q026::18
Part3/outputs/answers_mistral_7b.csv,answers_mistral_7b,Q026,M,Clothing items,19,maui Jim sunglasses,maui jim sunglasses,0,0,0,Q026::19
Part3/outputs/answers_mistral_7b.csv,answers_mistral_7b,Q027,N,Birds,0,nightingale,nightingale,1,1,0,Q027::0
Part3/outputs/answers_mistral_7b.csv,answers_mistral_7b,Q027,N,Birds,1,nightingale,nightingale,1,0,1,Q027::1
Part3/outputs/answers_mistral_7b.csv,answers_mistral_7b,Q027,N,Birds,2,nightingale,nightingale,1,1,0,Q027::2
Part3/outputs/answers_mistral_7b.csv,answers_mistral_7b,Q027,N,Birds,3,nightingale,nightingale,1,1,0,Q027::3
Part3/outputs/answers_mistral_7b.csv,answers_mistral_7b,Q027,N,Birds,4,nightingale,nightingale,1,1,0,Q027::4
Part3/outputs/answers_mistral_7b.csv,answers_mistral_7b,Q027,N,Birds,5,nightingale,nightingale,1,1,0,Q027::5
Part3/outputs/answers_mistral_7b.csv,answers_mistral_7b,Q027,N,Birds,6,nightingale,nightingale,1,1,0,Q027::6
Part3/outputs/answers_mistral_7b.csv,answers_mistral_7b,Q027,N,Birds,7,nightingale,nightingale,1,1,0,Q027::7
Part3/outputs/answers_mistral_7b.csv,answers_mistral_7b,Q027,N,Birds,8,northern nutcracker,northern nutcracker,1,0,1,Q027::8
Part3/outputs/answers_mistral_7b.csv,answers_mistral_7b,Q027,N,Birds,9,nightingale,nightingale,1,0,1,Q027::9
Part3/outputs/answers_mistral_7b.csv,answers_mistral_7b,Q027,N,Birds,10,nightingale,nightingale,1,1,0,Q027::10
Part3/outputs/answers_mistral_7b.csv,answers_mistral_7b,Q027,N,Birds,11,nightingale,nightingale,1,1,0,Q027::11
Part3/outputs/answers_mistral_7b.csv,answers_mistral_7b,Q027,N,Birds,12,nightingale,nightingale,1,1,0,Q027::12
Part3/outputs/answers_mistral_7b.csv,answers_mistral_7b,Q027,N,Birds,13,nightingale,nightingale,1,1,0,Q027::13
Part3/outputs/answers_mistral_7b.csv,answers_mistral_7b,Q027,N,Birds,14,nightingale,nightingale,1,1,0,Q027::14
Part3/outputs/answers_mistral_7b.csv,answers_mistral_7b,Q027,N,Birds,15,nightingale,nightingale,1,1,0,Q027::15
Part3/outputs/answers_mistral_7b.csv,answers_mistral_7b,Q027,N,Birds,16,nightingale,nightingale,1,1,0,Q027::16
Part3/outputs/answers_mistral_7b.csv,answers_mistral_7b,Q027,N,Birds,17,northern cardinal,northern cardinal,1,0,1,Q027::17
Part3/outputs/answers_mistral_7b.csv,answers_mistral_7b,Q027,N,Birds,18,nightingale,nightingale,1,1,0,Q027::18
Part3/outputs/answers_mistral_7b.csv,answers_mistral_7b,Q027,N,Birds,19,nightingale,nightingale,1,1,0,Q027::19
Part3/outputs/answers_mistral_7b.csv,answers_mistral_7b,Q028,N,Things in a hospital,0,nurse's station,nurse's station,1,0,1,Q028::0
Part3/outputs/answers_mistral_7b.csv,answers_mistral_7b,Q028,N,Things in a hospital,1,nitrogen mask,nitrogen mask,0,0,0,Q028::1
Part3/outputs/answers_mistral_7b.csv,answers_mistral_7b,Q028,N,Things in a hospital,2,nitrogen-tank,nitrogen-tank,0,0,0,Q028::2
Part3/outputs/answers_mistral_7b.csv,answers_mistral_7b,Q028,N,Things in a hospital,3,nitrogen tank,nitrogen tank,0,0,0,Q028::3
Part3/outputs/answers_mistral_7b.csv,answers_mistral_7b,Q028,N,Things in a hospital,4,nebulizer,nebulizer,1,0,1,Q028::4
Part3/outputs/answers_mistral_7b.csv,answers_mistral_7b,Q028,N,Things in a hospital,5,nurse's station,nurse's station,1,0,1,Q028::5
Part3/outputs/answers_mistral_7b.csv,answers_mistral_7b,Q028,N,Things in a hospital,6,nurse's station,nurse's station,1,1,0,Q028::6
Part3/outputs/answers_mistral_7b.csv,answers_mistral_7b,Q028,N,Things in a hospital,7,nitrogen mask,nitrogen mask,0,0,0,Q028::7
Part3/outputs/answers_mistral_7b.csv,answers_mistral_7b,Q028,N,Things in a hospital,8,nurses' station,nurses' station,1,0,1,Q028::8
Part3/outputs/answers_mistral_7b.csv,answers_mistral_7b,Q028,N,Things in a hospital,9,nitrogenmask,nitrogenmask,0,0,0,Q028::9
Part3/outputs/answers_mistral_7b.csv,answers_mistral_7b,Q028,N,Things in a hospital,10,nurse's station,nurse's station,1,1,0,Q028::10
Part3/outputs/answers_mistral_7b.csv,answers_mistral_7b,Q028,N,Things in a hospital,11,nurse's station,nurse's station,1,0,1,Q028::11
Part3/outputs/answers_mistral_7b.csv,answers_mistral_7b,Q028,N,Things in a hospital,12,nurses' station,nurses' station,1,0,1,Q028::12
Part3/outputs/answers_mistral_7b.csv,answers_mistral_7b,Q028,N,Things in a hospital,13,nurse's station,nurse's station,1,0,1,Q028::13
Part3/outputs/answers_mistral_7b.csv,answers_mistral_7b,Q028,N,Things in a hospital,14,nurse's station,nurse's station,1,0,1,Q028::14
Part3/outputs/answers_mistral_7b.csv,answers_mistral_7b,Q028,N,Things in a hospital,15,nursing station,nursing station,1,0,1,Q028::15
Part3/outputs/answers_mistral_7b.csv,answers_mistral_7b,Q028,N,Things in a hospital,16,nurse's station,nurse's station,1,1,0,Q028::16
Part3/outputs/answers_mistral_7b.csv,answers_mistral_7b,Q028,N,Things in a hospital,17,nursingstation,nursingstation,1,0,1,Q028::17
Part3/outputs/answers_mistral_7b.csv,answers_mistral_7b,Q028,N,Things in a hospital,18,nurse's station,nurse's station,1,1,0,Q028::18
Part3/outputs/answers_mistral_7b.csv,answers_mistral_7b,Q028,N,Things in a hospital,19,nursing station,nursing station,1,0,1,Q028::19
Part3/outputs/answers_mistral_7b.csv,answers_mistral_7b,Q029,O,Companies,0,oracle,oracle,1,0,1,Q029::0
Part3/outputs/answers_mistral_7b.csv,answers_mistral_7b,Q029,O,Companies,1,orange-crush-beverages,orange-crush-beverages,0,0,0,Q029::1
Part3/outputs/answers_mistral_7b.csv,answers_mistral_7b,Q029,O,Companies,2,orangegrove,orangegrove,0,0,0,Q029::2
Part3/outputs/answers_mistral_7b.csv,answers_mistral_7b,Q029,O,Companies,3,oracle,oracle,1,0,1,Q029::3
Part3/outputs/answers_mistral_7b.csv,answers_mistral_7b,Q029,O,Companies,4,oraclecorp,oraclecorp,0,0,0,Q029::4
Part3/outputs/answers_mistral_7b.csv,answers_mistral_7b,Q029,O,Companies,5,oracle corporation,oracle corporation,1,0,1,Q029::5
Part3/outputs/answers_mistral_7b.csv,answers_mistral_7b,Q029,O,Companies,6,oraclecorp,oraclecorp,0,0,0,Q029::6
Part3/outputs/answers_mistral_7b.csv,answers_mistral_7b,Q029,O,Companies,7,oracle,oracle,1,0,1,Q029::7
Part3/outputs/answers_mistral_7b.csv,answers_mistral_7b,Q029,O,Companies,8,oracle,oracle,1,0,1,Q029::8
Part3/outputs/answers_mistral_7b.csv,answers_mistral_7b,Q029,O,Companies,9,orangegrove,orangegrove,0,0,0,Q029::9
Part3/outputs/answers_mistral_7b.csv,answers_mistral_7b,Q029,O,Companies,10,oracle,oracle,1,0,1,Q029::10
Part3/outputs/answers_mistral_7b.csv,answers_mistral_7b,Q029,O,Companies,11,oraclecorp,oraclecorp,0,0,0,Q029::11
Part3/outputs/answers_mistral_7b.csv,answers_mistral_7b,Q029,O,Companies,12,"olay
(Olay is a popular skincare brand.)",olay (olay is a popular skincare brand,1,0,1,Q029::12
Part3/outputs/answers_mistral_7b.csv,answers_mistral_7b,Q029,O,Companies,13,orangegrove,orangegrove,0,0,0,Q029::13
Part3/outputs/answers_mistral_7b.csv,answers_mistral_7b,Q029,O,Companies,14,oraclecorp,oraclecorp,0,0,0,Q029::14
Part3/outputs/answers_mistral_7b.csv,answers_mistral_7b,Q029,O,Companies,15,oraclecorp,oraclecorp,0,0,0,Q029::15
Part3/outputs/answers_mistral_7b.csv,answers_mistral_7b,Q029,O,Companies,16,oraclecorp,oraclecorp,0,0,0,Q029::16
Part3/outputs/answers_mistral_7b.csv,answers_mistral_7b,Q029,O,Companies,17,oracle corporation,oracle corporation,1,0,1,Q029::17
Part3/outputs/answers_mistral_7b.csv,answers_mistral_7b,Q029,O,Companies,18,oracle corp,oracle corp,1,0,1,Q029::18
Part3/outputs/answers_mistral_7b.csv,answers_mistral_7b,Q029,O,Companies,19,orange juice company,orange juice company,0,0,0,Q029::19
Part3/outputs/answers_mistral_7b.csv,answers_mistral_7b,Q030,O,Things in the sky,0,asteroid,asteroid,0,0,0,Q030::0
Part3/outputs/answers_mistral_7b.csv,answers_mistral_7b,Q030,O,Things in the sky,1,orion constellation,orion constellation,1,0,1,Q030::1
Part3/outputs/answers_mistral_7b.csv,answers_mistral_7b,Q030,O,Things in the sky,2,orion constellation,orion constellation,1,1,0,Q030::2
Part3/outputs/answers_mistral_7b.csv,answers_mistral_7b,Q030,O,Things in the sky,3,asteroid,asteroid,0,0,0,Q030::3
Part3/outputs/answers_mistral_7b.csv,answers_mistral_7b,Q030,O,Things in the sky,4,orbiting satellite,orbiting satellite,0,0,0,Q030::4
Part3/outputs/answers_mistral_7b.csv,answers_mistral_7b,Q030,O,Things in the sky,5,orion constellation,orion constellation,1,0,1,Q030::5
Part3/outputs/answers_mistral_7b.csv,answers_mistral_7b,Q030,O,Things in the sky,6,"owl

I'm glad to help! Let me know if you",owl i'm glad to help! let me know if you,0,0,0,Q030::6
Part3/outputs/answers_mistral_7b.csv,answers_mistral_7b,Q030,O,Things in the sky,7,orbiting satellite,orbiting satellite,0,0,0,Q030::7
Part3/outputs/answers_mistral_7b.csv,answers_mistral_7b,Q030,O,Things in the sky,8,orion constellation,orion constellation,1,0,1,Q030::8
Part3/outputs/answers_mistral_7b.csv,answers_mistral_7b,Q030,O,Things in the sky,9,orion,orion,0,0,0,Q030::9
Part3/outputs/answers_mistral_7b.csv,answers_mistral_7b,Q030,O,Things in the sky,10,orion constellation,orion constellation,1,1,0,Q030::10
Part3/outputs/answers_mistral_7b.csv,answers_mistral_7b,Q030,O,Things in the sky,11,orbiting satellite,orbiting satellite,0,0,0,Q030::11
Part3/outputs/answers_mistral_7b.csv,answers_mistral_7b,Q030,O,Things in the sky,12,orion constellation,orion constellation,1,1,0,Q030::12
Part3/outputs/answers_mistral_7b.csv,answers_mistral_7b,Q030,O,Things in the sky,13,orbiting asteroid,orbiting asteroid,0,0,0,Q030::13
Part3/outputs/answers_mistral_7b.csv,answers_mistral_7b,Q030,O,Things in the sky,14,orionconstellation,orionconstellation,0,0,0,Q030::14
Part3/outputs/answers_mistral_7b.csv,answers_mistral_7b,Q030,O,Things in the sky,15,orion constellation,orion constellation,1,1,0,Q030::15
Part3/outputs/answers_mistral_7b.csv,answers_mistral_7b,Q030,O,Things in the sky,16,orbiting satellite,orbiting satellite,0,0,0,Q030::16
Part3/outputs/answers_mistral_7b.csv,answers_mistral_7b,Q030,O,Things in the sky,17,orange sunset,orange sunset,0,0,0,Q030::17
Part3/outputs/answers_mistral_7b.csv,answers_mistral_7b,Q030,O,Things in the sky,18,orion constellation,orion constellation,1,0,1,Q030::18
Part3/outputs/answers_mistral_7b.csv,answers_mistral_7b,Q030,O,Things in the sky,19,orbital station,orbital station,1,0,1,Q030::19
Part3/outputs/answers_mistral_7b.csv,answers_mistral_7b,Q031,P,Vegetables,0,purple pepper,purple pepper,0,0,0,Q031::0
Part3/outputs/answers_mistral_7b.csv,answers_mistral_7b,Q031,P,Vegetables,1,purple peppers,purple peppers,1,0,1,Q031::1
Part3/outputs/answers_mistral_7b.csv,answers_mistral_7b,Q031,P,Vegetables,2,purple potato,purple potato,1,0,1,Q031::2
Part3/outputs/answers_mistral_7b.csv,answers_mistral_7b,Q031,P,Vegetables,3,purple pepper,purple pepper,0,0,0,Q031::3
Part3/outputs/answers_mistral_7b.csv,answers_mistral_7b,Q031,P,Vegetables,4,purple potatoes,purple potatoes,1,0,1,Q031::4
Part3/outputs/answers_mistral_7b.csv,answers_mistral_7b,Q031,P,Vegetables,5,purple pepper,purple pepper,0,0,0,Q031::5
Part3/outputs/answers_mistral_7b.csv,answers_mistral_7b,Q031,P,Vegetables,6,purple pepper,purple pepper,0,0,0,Q031::6
Part3/outputs/answers_mistral_7b.csv,answers_mistral_7b,Q031,P,Vegetables,7,purple pepper,purple pepper,0,0,0,Q031::7
Part3/outputs/answers_mistral_7b.csv,answers_mistral_7b,Q031,P,Vegetables,8,purple potatoes,purple potatoes,1,0,1,Q031::8
Part3/outputs/answers_mistral_7b.csv,answers_mistral_7b,Q031,P,Vegetables,9,purple pepper,purple pepper,0,0,0,Q031::9
Part3/outputs/answers_mistral_7b.csv,answers_mistral_7b,Q031,P,Vegetables,10,purple pepper,purple pepper,0,0,0,Q031::10
Part3/outputs/answers_mistral_7b.csv,answers_mistral_7b,Q031,P,Vegetables,11,purple potato,purple potato,1,1,0,Q031::11
Part3/outputs/answers_mistral_7b.csv,answers_mistral_7b,Q031,P,Vegetables,12,purple pepper,purple pepper,0,0,0,Q031::12
Part3/outputs/answers_mistral_7b.csv,answers_mistral_7b,Q031,P,Vegetables,13,peppers,peppers,1,0,1,Q031::13
Part3/outputs/answers_mistral_7b.csv,answers_mistral_7b,Q031,P,Vegetables,14,purple pepper,purple pepper,0,0,0,Q031::14
Part3/outputs/answers_mistral_7b.csv,answers_mistral_7b,Q031,P,Vegetables,15,purple pepper,purple pepper,0,0,0,Q031::15
Part3/outputs/answers_mistral_7b.csv,answers_mistral_7b,Q031,P,Vegetables,16,purple pepper,purple pepper,0,0,0,Q031::16
Part3/outputs/answers_mistral_7b.csv,answers_mistral_7b,Q031,P,Vegetables,17,purple pepper,purple pepper,0,0,0,Q031::17
Part3/outputs/answers_mistral_7b.csv,answers_mistral_7b,Q031,P,Vegetables,18,pepper,pepper,1,0,1,Q031::18
Part3/outputs/answers_mistral_7b.csv,answers_mistral_7b,Q031,P,Vegetables,19,purple pepper,purple pepper,0,0,0,Q031::19
Part3/outputs/answers_mistral_7b.csv,answers_mistral_7b,Q032,P,Historical figures,0,pyrrhus,pyrrhus,1,1,0,Q032::0
Part3/outputs/answers_mistral_7b.csv,answers_mistral_7b,Q032,P,Historical figures,1,pyrrhus,pyrrhus,1,0,1,Q032::1
Part3/outputs/answers_mistral_7b.csv,answers_mistral_7b,Q032,P,Historical figures,2,patton,patton,1,0,1,Q032::2
Part3/outputs/answers_mistral_7b.csv,answers_mistral_7b,Q032,P,Historical figures,3,ponce de leon,ponce de leon,1,1,0,Q032::3
Part3/outputs/answers_mistral_7b.csv,answers_mistral_7b,Q032,P,Historical figures,4,pyrrhus,pyrrhus,1,1,0,Q032::4
Part3/outputs/answers_mistral_7b.csv,answers_mistral_7b,Q032,P,Historical figures,5,pyrrhus,pyrrhus,1,0,1,Q032::5
Part3/outputs/answers_mistral_7b.csv,answers_mistral_7b,Q032,P,Historical figures,6,pyrrhus,pyrrhus,1,1,0,Q032::6
Part3/outputs/answers_mistral_7b.csv,answers_mistral_7b,Q032,P,Historical figures,7,pyrrhus,pyrrhus,1,1,0,Q032::7
Part3/outputs/answers_mistral_7b.csv,answers_mistral_7b,Q032,P,Historical figures,8,ponce de leon,ponce de leon,1,1,0,Q032::8
Part3/outputs/answers_mistral_7b.csv,answers_mistral_7b,Q032,P,Historical figures,9,pyrrhus,pyrrhus,1,1,0,Q032::9
Part3/outputs/answers_mistral_7b.csv,answers_mistral_7b,Q032,P,Historical figures,10,pyrrhus,pyrrhus,1,1,0,Q032::10
Part3/outputs/answers_mistral_7b.csv,answers_mistral_7b,Q032,P,Historical figures,11,pyrrhus,pyrrhus,1,1,0,Q032::11
Part3/outputs/answers_mistral_7b.csv,answers_mistral_7b,Q032,P,Historical figures,12,ponce de leon,ponce de leon,1,0,1,Q032::12
Part3/outputs/answers_mistral_7b.csv,answers_mistral_7b,Q032,P,Historical figures,13,pyrrhus,pyrrhus,1,0,1,Q032::13
Part3/outputs/answers_mistral_7b.csv,answers_mistral_7b,Q032,P,Historical figures,14,pyrrhus,pyrrhus,1,1,0,Q032::14
Part3/outputs/answers_mistral_7b.csv,answers_mistral_7b,Q032,P,Historical figures,15,pyrrhus,pyrrhus,1,1,0,Q032::15
Part3/outputs/answers_mistral_7b.csv,answers_mistral_7b,Q032,P,Historical figures,16,pyrrhus,pyrrhus,1,1,0,Q032::16
Part3/outputs/answers_mistral_7b.csv,answers_mistral_7b,Q032,P,Historical figures,17,paulrevere,paulrevere,0,0,0,Q032::17
Part3/outputs/answers_mistral_7b.csv,answers_mistral_7b,Q032,P,Historical figures,18,pyrrhus,pyrrhus,1,1,0,Q032::18
Part3/outputs/answers_mistral_7b.csv,answers_mistral_7b,Q032,P,Historical figures,19,paul revere,paul revere,1,0,1,Q032::19
Part3/outputs/answers_mistral_7b.csv,answers_mistral_7b,Q033,Q,Words in English,0,quiche,quiche,1,0,1,Q033::0
Part3/outputs/answers_mistral_7b.csv,answers_mistral_7b,Q033,Q,Words in English,1,quilted rabbit,quilted rabbit,0,0,0,Q033::1
Part3/outputs/answers_mistral_7b.csv,answers_mistral_7b,Q033,Q,Words in English,2,quilt pattern,quilt pattern,0,0,0,Q033::2
Part3/outputs/answers_mistral_7b.csv,answers_mistral_7b,Q033,Q,Words in English,3,quilt pattern,quilt pattern,0,0,0,Q033::3
Part3/outputs/answers_mistral_7b.csv,answers_mistral_7b,Q033,Q,Words in English,4,quiche,quiche,1,0,1,Q033::4
Part3/outputs/answers_mistral_7b.csv,answers_mistral_7b,Q033,Q,Words in English,5,quilted flask,quilted flask,0,0,0,Q033::5
Part3/outputs/answers_mistral_7b.csv,answers_mistral_7b,Q033,Q,Words in English,6,quiche,quiche,1,0,1,Q033::6
Part3/outputs/answers_mistral_7b.csv,answers_mistral_7b,Q033,Q,Words in English,7,quilted bag,quilted bag,1,0,1,Q033::7
Part3/outputs/answers_mistral_7b.csv,answers_mistral_7b,Q033,Q,Words in English,8,quiche,quiche,1,0,1,Q033::8
Part3/outputs/answers_mistral_7b.csv,answers_mistral_7b,Q033,Q,Words in English,9,quilt,quilt,1,1,0,Q033::9
Part3/outputs/answers_mistral_7b.csv,answers_mistral_7b,Q033,Q,Words in English,10,quiche,quiche,1,1,0,Q033::10
Part3/outputs/answers_mistral_7b.csv,answers_mistral_7b,Q033,Q,Words in English,11,quiche,quiche,1,0,1,Q033::11
Part3/outputs/answers_mistral_7b.csv,answers_mistral_7b,Q033,Q,Words in English,12,quantum physics,quantum physics,0,0,0,Q033::12
Part3/outputs/answers_mistral_7b.csv,answers_mistral_7b,Q033,Q,Words in English,13,quinoa,quinoa,1,0,1,Q033::13
Part3/outputs/answers_mistral_7b.csv,answers_mistral_7b,Q033,Q,Words in English,14,quokka,quokka,1,0,1,Q033::14
Part3/outputs/answers_mistral_7b.csv,answers_mistral_7b,Q033,Q,Words in English,15,quiche,quiche,1,0,1,Q033::15
Part3/outputs/answers_mistral_7b.csv,answers_mistral_7b,Q033,Q,Words in English,16,quilt pattern,quilt pattern,0,0,0,Q033::16
Part3/outputs/answers_mistral_7b.csv,answers_mistral_7b,Q033,Q,Words in English,17,quokka,quokka,1,0,1,Q033::17
Part3/outputs/answers_mistral_7b.csv,answers_mistral_7b,Q033,Q,Words in English,18,quokka,quokka,1,0,1,Q033::18
Part3/outputs/answers_mistral_7b.csv,answers_mistral_7b,Q033,Q,Words in English,19,quilted shirt,quilted shirt,0,0,0,Q033::19
Part3/outputs/answers_mistral_7b.csv,answers_mistral_7b,Q034,Q,Fictional characters,0,quasimodo,quasimodo,1,1,0,Q034::0
Part3/outputs/answers_mistral_7b.csv,answers_mistral_7b,Q034,Q,Fictional characters,1,quicksilver (from Harry Potter),quicksilver (from harry potter,0,0,0,Q034::1
Part3/outputs/answers_mistral_7b.csv,answers_mistral_7b,Q034,Q,Fictional characters,2,quicksilver (from Marvel Comics),quicksilver (from marvel comics,1,0,1,Q034::2
Part3/outputs/answers_mistral_7b.csv,answers_mistral_7b,Q034,Q,Fictional characters,3,quasimodo,quasimodo,1,1,0,Q034::3
Part3/outputs/answers_mistral_7b.csv,answers_mistral_7b,Q034,Q,Fictional characters,4,quorra,quorra,0,0,0,Q034::4
Part3/outputs/answers_mistral_7b.csv,answers_mistral_7b,Q034,Q,Fictional characters,5,quicksilver (from Harry Potter),quicksilver (from harry potter,0,0,0,Q034::5
Part3/outputs/answers_mistral_7b.csv,answers_mistral_7b,Q034,Q,Fictional characters,6,quasimodo,quasimodo,1,1,0,Q034::6
Part3/outputs/answers_mistral_7b.csv,answers_mistral_7b,Q034,Q,Fictional characters,7,quasimodo,quasimodo,1,0,1,Q034::7
Part3/outputs/answers_mistral_7b.csv,answers_mistral_7b,Q034,Q,Fictional characters,8,quasimodo,quasimodo,1,1,0,Q034::8
Part3/outputs/answers_mistral_7b.csv,answers_mistral_7b,Q034,Q,Fictional characters,9,quorra,quorra,0,0,0,Q034::9
Part3/outputs/answers_mistral_7b.csv,answers_mistral_7b,Q034,Q,Fictional characters,10,quasimodo,quasimodo,1,1,0,Q034::10
Part3/outputs/answers_mistral_7b.csv,answers_mistral_7b,Q034,Q,Fictional characters,11,quasimodo,quasimodo,1,0,1,Q034::11
Part3/outputs/answers_mistral_7b.csv,answers_mistral_7b,Q034,Q,Fictional characters,12,quidditch keeper,quidditch keeper,0,0,0,Q034::12
Part3/outputs/answers_mistral_7b.csv,answers_mistral_7b,Q034,Q,Fictional characters,13,quicksilver (from Harry Potter),quicksilver (from harry potter,0,0,0,Q034::13
Part3/outputs/answers_mistral_7b.csv,answers_mistral_7b,Q034,Q,Fictional characters,14,quasimodo,quasimodo,1,1,0,Q034::14
Part3/outputs/answers_mistral_7b.csv,answers_mistral_7b,Q034,Q,Fictional characters,15,quicksilver (from Marvel Comics),quicksilver (from marvel comics,1,0,1,Q034::15
Part3/outputs/answers_mistral_7b.csv,answers_mistral_7b,Q034,Q,Fictional characters,16,quasimodo,quasimodo,1,1,0,Q034::16
Part3/outputs/answers_mistral_7b.csv,answers_mistral_7b,Q034,Q,Fictional characters,17,quasimodo,quasimodo,1,1,0,Q034::17
Part3/outputs/answers_mistral_7b.csv,answers_mistral_7b,Q034,Q,Fictional characters,18,quasimodo,quasimodo,1,1,0,Q034::18
Part3/outputs/answers_mistral_7b.csv,answers_mistral_7b,Q034,Q,Fictional characters,19,quicksilver (from Marvel Comics),quicksilver (from marvel comics,1,0,1,Q034::19
Part3/outputs/answers_mistral_7b.csv,answers_mistral_7b,Q035,R,Songs,0,red red wine,red red wine,0,0,0,Q035::0
Part3/outputs/answers_mistral_7b.csv,answers_mistral_7b,Q035,R,Songs,1,rolling in the deep,rolling in the deep,0,0,0,Q035::1
Part3/outputs/answers_mistral_7b.csv,answers_mistral_7b,Q035,R,Songs,2,rolling in the deep,rolling in the deep,0,0,0,Q035::2
Part3/outputs/answers_mistral_7b.csv,answers_mistral_7b,Q035,R,Songs,3,roll over beethoven,roll over beethoven,0,0,0,Q035::3
Part3/outputs/answers_mistral_7b.csv,answers_mistral_7b,Q035,R,Songs,4,red red wine,red red wine,0,0,0,Q035::4
Part3/outputs/answers_mistral_7b.csv,answers_mistral_7b,Q035,R,Songs,5,rolling in the deep,rolling in the deep,0,0,0,Q035::5
Part3/outputs/answers_mistral_7b.csv,answers_mistral_7b,Q035,R,Songs,6,red red wine,red red wine,0,0,0,Q035::6
Part3/outputs/answers_mistral_7b.csv,answers_mistral_7b,Q035,R,Songs,7,red red wine,red red wine,0,0,0,Q035::7
Part3/outputs/answers_mistral_7b.csv,answers_mistral_7b,Q035,R,Songs,8,red red wine,red red wine,0,0,0,Q035::8
Part3/outputs/answers_mistral_7b.csv,answers_mistral_7b,Q035,R,Songs,9,rolling in the deep,rolling in the deep,0,0,0,Q035::9
Part3/outputs/answers_mistral_7b.csv,answers_mistral_7b,Q035,R,Songs,10,red red wine,red red wine,0,0,0,Q035::10
Part3/outputs/answers_mistral_7b.csv,answers_mistral_7b,Q035,R,Songs,11,rolling in the deep,rolling in the deep,0,0,0,Q035::11
Part3/outputs/answers_mistral_7b.csv,answers_mistral_7b,Q035,R,Songs,12,rolling in the deep,rolling in the deep,0,0,0,Q035::12
Part3/outputs/answers_mistral_7b.csv,answers_mistral_7b,Q035,R,Songs,13,rolling in the deep,rolling in the deep,0,0,0,Q035::13
Part3/outputs/answers_mistral_7b.csv,answers_mistral_7b,Q035,R,Songs,14,red red wine,red red wine,0,0,0,Q035::14
Part3/outputs/answers_mistral_7b.csv,answers_mistral_7b,Q035,R,Songs,15,rollercoaster ride,rollercoaster ride,0,0,0,Q035::15
Part3/outputs/answers_mistral_7b.csv,answers_mistral_7b,Q035,R,Songs,16,red red wagon,red red wagon,0,0,0,Q035::16
Part3/outputs/answers_mistral_7b.csv,answers_mistral_7b,Q035,R,Songs,17,red red wine,red red wine,0,0,0,Q035::17
Part3/outputs/answers_mistral_7b.csv,answers_mistral_7b,Q035,R,Songs,18,red red wine,red red wine,0,0,0,Q035::18
Part3/outputs/answers_mistral_7b.csv,answers_mistral_7b,Q035,R,Songs,19,red red wine,red red wine,0,0,0,Q035::19
Part3/outputs/answers_mistral_7b.csv,answers_mistral_7b,Q036,R,Tools,0,rake,rake,1,1,0,Q036::0
Part3/outputs/answers_mistral_7b.csv,answers_mistral_7b,Q036,R,Tools,1,rake,rake,1,1,0,Q036::1
Part3/outputs/answers_mistral_7b.csv,answers_mistral_7b,Q036,R,Tools,2,rake,rake,1,1,0,Q036::2
Part3/outputs/answers_mistral_7b.csv,answers_mistral_7b,Q036,R,Tools,3,rake,rake,1,1,0,Q036::3
Part3/outputs/answers_mistral_7b.csv,answers_mistral_7b,Q036,R,Tools,4,rotary hammer,rotary hammer,1,0,1,Q036::4
Part3/outputs/answers_mistral_7b.csv,answers_mistral_7b,Q036,R,Tools,5,rotary hammer,rotary hammer,1,0,1,Q036::5
Part3/outputs/answers_mistral_7b.csv,answers_mistral_7b,Q036,R,Tools,6,rake,rake,1,1,0,Q036::6
Part3/outputs/answers_mistral_7b.csv,answers_mistral_7b,Q036,R,Tools,7,rake,rake,1,0,1,Q036::7
Part3/outputs/answers_mistral_7b.csv,answers_mistral_7b,Q036,R,Tools,8,rake,rake,1,1,0,Q036::8
Part3/outputs/answers_mistral_7b.csv,answers_mistral_7b,Q036,R,Tools,9,rake,rake,1,0,1,Q036::9
Part3/outputs/answers_mistral_7b.csv,answers_mistral_7b,Q036,R,Tools,10,rake,rake,1,0,1,Q036::10
Part3/outputs/answers_mistral_7b.csv,answers_mistral_7b,Q036,R,Tools,11,rusty saw,rusty saw,0,0,0,Q036::11
Part3/outputs/answers_mistral_7b.csv,answers_mistral_7b,Q036,R,Tools,12,rotary hammer,rotary hammer,1,0,1,Q036::12
Part3/outputs/answers_mistral_7b.csv,answers_mistral_7b,Q036,R,Tools,13,ratchet wrench,ratchet wrench,1,0,1,Q036::13
Part3/outputs/answers_mistral_7b.csv,answers_mistral_7b,Q036,R,Tools,14,rake,rake,1,0,1,Q036::14
Part3/outputs/answers_mistral_7b.csv,answers_mistral_7b,Q036,R,Tools,15,ratchet wrench,ratchet wrench,1,0,1,Q036::15
Part3/outputs/answers_mistral_7b.csv,answers_mistral_7b,Q036,R,Tools,16,rake,rake,1,1,0,Q036::16
Part3/outputs/answers_mistral_7b.csv,answers_mistral_7b,Q036,R,Tools,17,rusty rake,rusty rake,1,0,1,Q036::17
Part3/outputs/answers_mistral_7b.csv,answers_mistral_7b,Q036,R,Tools,18,rake,rake,1,1,0,Q036::18
Part3/outputs/answers_mistral_7b.csv,answers_mistral_7b,Q036,R,Tools,19,rake,rake,1,1,0,Q036::19
Part3/outputs/answers_mistral_7b.csv,answers_mistral_7b,Q037,S,Animals,0,sea star,sea star,1,0,1,Q037::0
Part3/outputs/answers_mistral_7b.csv,answers_mistral_7b,Q037,S,Animals,1,stingray,stingray,1,0,1,Q037::1
Part3/outputs/answers_mistral_7b.csv,answers_mistral_7b,Q037,S,Animals,2,sea star,sea star,1,0,1,Q037::2
Part3/outputs/answers_mistral_7b.csv,answers_mistral_7b,Q037,S,Animals,3,sea sloth,sea sloth,0,0,0,Q037::3
Part3/outputs/answers_mistral_7b.csv,answers_mistral_7b,Q037,S,Animals,4,starfish,starfish,1,0,1,Q037::4
Part3/outputs/answers_mistral_7b.csv,answers_mistral_7b,Q037,S,Animals,5,snow leopard,snow leopard,1,0,1,Q037::5
Part3/outputs/answers_mistral_7b.csv,answers_mistral_7b,Q037,S,Animals,6,shark seal sparrow snake skunk squirrel starling stingray,shark seal sparrow snake skunk squirrel starling stingray,1,0,1,Q037::6
Part3/outputs/answers_mistral_7b.csv,answers_mistral_7b,Q037,S,Animals,7,shark,shark,1,0,1,Q037::7
Part3/outputs/answers_mistral_7b.csv,answers_mistral_7b,Q037,S,Animals,8,starling,starling,1,0,1,Q037::8
Part3/outputs/answers_mistral_7b.csv,answers_mistral_7b,Q037,S,Animals,9,sea sloth,sea sloth,0,0,0,Q037::9
Part3/outputs/answers_mistral_7b.csv,answers_mistral_7b,Q037,S,Animals,10,sea turtle,sea turtle,1,0,1,Q037::10
Part3/outputs/answers_mistral_7b.csv,answers_mistral_7b,Q037,S,Animals,11,starfish,starfish,1,0,1,Q037::11
Part3/outputs/answers_mistral_7b.csv,answers_mistral_7b,Q037,S,Animals,12,starling,starling,1,0,1,Q037::12
Part3/outputs/answers_mistral_7b.csv,answers_mistral_7b,Q037,S,Animals,13,shark,shark,1,0,1,Q037::13
Part3/outputs/answers_mistral_7b.csv,answers_mistral_7b,Q037,S,Animals,14,starfish,starfish,1,1,0,Q037::14
Part3/outputs/answers_mistral_7b.csv,answers_mistral_7b,Q037,S,Animals,15,sea snake,sea snake,1,0,1,Q037::15
Part3/outputs/answers_mistral_7b.csv,answers_mistral_7b,Q037,S,Animals,16,sea slug,sea slug,1,0,1,Q037::16
Part3/outputs/answers_mistral_7b.csv,answers_mistral_7b,Q037,S,Animals,17,sea star,sea star,1,0,1,Q037::17
Part3/outputs/answers_mistral_7b.csv,answers_mistral_7b,Q037,S,Animals,18,starfish,starfish,1,1,0,Q037::18
Part3/outputs/answers_mistral_7b.csv,answers_mistral_7b,Q037,S,Animals,19,starfish,starfish,1,0,1,Q037::19
Part3/outputs/answers_mistral_7b.csv,answers_mistral_7b,Q038,S,Things in an office,0,stapler,stapler,1,1,0,Q038::0
Part3/outputs/answers_mistral_7b.csv,answers_mistral_7b,Q038,S,Things in an office,1,stapler,stapler,1,1,0,Q038::1
Part3/outputs/answers_mistral_7b.csv,answers_mistral_7b,Q038,S,Things in an office,2,stapler,stapler,1,1,0,Q038::2
Part3/outputs/answers_mistral_7b.csv,answers_mistral_7b,Q038,S,Things in an office,3,stapler,stapler,1,1,0,Q038::3
Part3/outputs/answers_mistral_7b.csv,answers_mistral_7b,Q038,S,Things in an office,4,stapler,stapler,1,1,0,Q038::4
Part3/outputs/answers_mistral_7b.csv,answers_mistral_7b,Q038,S,Things in an office,5,stapler,stapler,1,1,0,Q038::5
Part3/outputs/answers_mistral_7b.csv,answers_mistral_7b,Q038,S,Things in an office,6,stapler,stapler,1,1,0,Q038::6
Part3/outputs/answers_mistral_7b.csv,answers_mistral_7b,Q038,S,Things in an office,7,stapler,stapler,1,1,0,Q038::7
Part3/outputs/answers_mistral_7b.csv,answers_mistral_7b,Q038,S,Things in an office,8,stapler,stapler,1,1,0,Q038::8
Part3/outputs/answers_mistral_7b.csv,answers_mistral_7b,Q038,S,Things in an office,9,stapler,stapler,1,1,0,Q038::9
Part3/outputs/answers_mistral_7b.csv,answers_mistral_7b,Q038,S,Things in an office,10,stapler,stapler,1,1,0,Q038::10
Part3/outputs/answers_mistral_7b.csv,answers_mistral_7b,Q038,S,Things in an office,11,stapler,stapler,1,1,0,Q038::11
Part3/outputs/answers_mistral_7b.csv,answers_mistral_7b,Q038,S,Things in an office,12,stapler,stapler,1,1,0,Q038::12
Part3/outputs/answers_mistral_7b.csv,answers_mistral_7b,Q038,S,Things in an office,13,stapler,stapler,1,1,0,Q038::13
Part3/outputs/answers_mistral_7b.csv,answers_mistral_7b,Q038,S,Things in an office,14,stapler,stapler,1,1,0,Q038::14
Part3/outputs/answers_mistral_7b.csv,answers_mistral_7b,Q038,S,Things in an office,15,stapler,stapler,1,1,0,Q038::15
Part3/outputs/answers_mistral_7b.csv,answers_mistral_7b,Q038,S,Things in an office,16,stapler,stapler,1,1,0,Q038::16
Part3/outputs/answers_mistral_7b.csv,answers_mistral_7b,Q038,S,Things in an office,17,stapler,stapler,1,1,0,Q038::17
Part3/outputs/answers_mistral_7b.csv,answers_mistral_7b,Q038,S,Things in an office,18,stapler,stapler,1,1,0,Q038::18
Part3/outputs/answers_mistral_7b.csv,answers_mistral_7b,Q038,S,Things in an office,19,stapler,stapler,1,1,0,Q038::19
Part3/outputs/answers_mistral_7b.csv,answers_mistral_7b,Q039,T,Countries,0,timor-leste,timor-leste,1,1,0,Q039::0
Part3/outputs/answers_mistral_7b.csv,answers_mistral_7b,Q039,T,Countries,1,timor-leste,timor-leste,1,1,0,Q039::1
Part3/outputs/answers_mistral_7b.csv,answers_mistral_7b,Q039,T,Countries,2,timor-leste,timor-leste,1,0,1,Q039::2
Part3/outputs/answers_mistral_7b.csv,answers_mistral_7b,Q039,T,Countries,3,tunisia,tunisia,1,0,1,Q039::3
Part3/outputs/answers_mistral_7b.csv,answers_mistral_7b,Q039,T,Countries,4,timor-leste,timor-leste,1,1,0,Q039::4
Part3/outputs/answers_mistral_7b.csv,answers_mistral_7b,Q039,T,Countries,5,timor-leste,timor-leste,1,0,1,Q039::5
Part3/outputs/answers_mistral_7b.csv,answers_mistral_7b,Q039,T,Countries,6,timor-leste,timor-leste,1,1,0,Q039::6
Part3/outputs/answers_mistral_7b.csv,answers_mistral_7b,Q039,T,Countries,7,taiwan,taiwan,1,0,1,Q039::7
Part3/outputs/answers_mistral_7b.csv,answers_mistral_7b,Q039,T,Countries,8,timor-leste,timor-leste,1,1,0,Q039::8
Part3/outputs/answers_mistral_7b.csv,answers_mistral_7b,Q039,T,Countries,9,timor-leste,timor-leste,1,1,0,Q039::9
Part3/outputs/answers_mistral_7b.csv,answers_mistral_7b,Q039,T,Countries,10,timor-leste,timor-leste,1,1,0,Q039::10
Part3/outputs/answers_mistral_7b.csv,answers_mistral_7b,Q039,T,Countries,11,timor-leste,timor-leste,1,1,0,Q039::11
Part3/outputs/answers_mistral_7b.csv,answers_mistral_7b,Q039,T,Countries,12,timor-leste,timor-leste,1,0,1,Q039::12
Part3/outputs/answers_mistral_7b.csv,answers_mistral_7b,Q039,T,Countries,13,turkey,turkey,1,0,1,Q039::13
Part3/outputs/answers_mistral_7b.csv,answers_mistral_7b,Q039,T,Countries,14,timor-leste,timor-leste,1,0,1,Q039::14
Part3/outputs/answers_mistral_7b.csv,answers_mistral_7b,Q039,T,Countries,15,turkey,turkey,1,1,0,Q039::15
Part3/outputs/answers_mistral_7b.csv,answers_mistral_7b,Q039,T,Countries,16,timor-leste,timor-leste,1,0,1,Q039::16
Part3/outputs/answers_mistral_7b.csv,answers_mistral_7b,Q039,T,Countries,17,tanzania,tanzania,1,0,1,Q039::17
Part3/outputs/answers_mistral_7b.csv,answers_mistral_7b,Q039,T,Countries,18,timor-leste,timor-leste,1,0,1,Q039::18
Part3/outputs/answers_mistral_7b.csv,answers_mistral_7b,Q039,T,Countries,19,turkey,turkey,1,0,1,Q039::19
Part3/outputs/answers_mistral_7b.csv,answers_mistral_7b,Q040,T,TV shows,0,the twilight zone,the twilight zone,1,0,1,Q040::0
Part3/outputs/answers_mistral_7b.csv,answers_mistral_7b,Q040,T,TV shows,1,the twilight zone,the twilight zone,1,1,0,Q040::1
Part3/outputs/answers_mistral_7b.csv,answers_mistral_7b,Q040,T,TV shows,2,the twilight zone,the twilight zone,1,1,0,Q040::2
Part3/outputs/answers_mistral_7b.csv,answers_mistral_7b,Q040,T,TV shows,3,the twilight zone,the twilight zone,1,1,0,Q040::3
Part3/outputs/answers_mistral_7b.csv,answers_mistral_7b,Q040,T,TV shows,4,the twilight zone,the twilight zone,1,1,0,Q040::4
Part3/outputs/answers_mistral_7b.csv,answers_mistral_7b,Q040,T,TV shows,5,the office (us),the office (us,0,0,0,Q040::5
Part3/outputs/answers_mistral_7b.csv,answers_mistral_7b,Q040,T,TV shows,6,the flintstones,the flintstones,1,0,1,Q040::6
Part3/outputs/answers_mistral_7b.csv,answers_mistral_7b,Q040,T,TV shows,7,the twilight zone,the twilight zone,1,0,1,Q040::7
Part3/outputs/answers_mistral_7b.csv,answers_mistral_7b,Q040,T,TV shows,8,the twilight zone,the twilight zone,1,0,1,Q040::8
Part3/outputs/answers_mistral_7b.csv,answers_mistral_7b,Q040,T,TV shows,9,the twilight zone,the twilight zone,1,1,0,Q040::9
Part3/outputs/answers_mistral_7b.csv,answers_mistral_7b,Q040,T,TV shows,10,the twilight zone,the twilight zone,1,1,0,Q040::10
Part3/outputs/answers_mistral_7b.csv,answers_mistral_7b,Q040,T,TV shows,11,the twisteds (tv show),the twisteds (tv show,0,0,0,Q040::11
Part3/outputs/answers_mistral_7b.csv,answers_mistral_7b,Q040,T,TV shows,12,the twilight zone,the twilight zone,1,1,0,Q040::12
Part3/outputs/answers_mistral_7b.csv,answers_mistral_7b,Q040,T,TV shows,13,the twilight zone,the twilight zone,1,1,0,Q040::13
Part3/outputs/answers_mistral_7b.csv,answers_mistral_7b,Q040,T,TV shows,14,the office (us),the office (us,0,0,0,Q040::14
Part3/outputs/answers_mistral_7b.csv,answers_mistral_7b,Q040,T,TV shows,15,the twilight zone,the twilight zone,1,0,1,Q040::15
Part3/outputs/answers_mistral_7b.csv,answers_mistral_7b,Q040,T,TV shows,16,the simpsons,the simpsons,0,0,0,Q040::16
Part3/outputs/answers_mistral_7b.csv,answers_mistral_7b,Q040,T,TV shows,17,the twilight zone,the twilight zone,1,1,0,Q040::17
Part3/outputs/answers_mistral_7b.csv,answers_mistral_7b,Q040,T,TV shows,18,the twilight zone,the twilight zone,1,1,0,Q040::18
Part3/outputs/answers_mistral_7b.csv,answers_mistral_7b,Q040,T,TV shows,19,the twilight zone,the twilight zone,1,1,0,Q040::19
Part3/outputs/answers_mistral_7b.csv,answers_mistral_7b,Q041,U,U.S. colleges,0,university of utah,university of utah,1,1,0,Q041::0
Part3/outputs/answers_mistral_7b.csv,answers_mistral_7b,Q041,U,U.S. colleges,1,university of utah,university of utah,1,1,0,Q041::1
Part3/outputs/answers_mistral_7b.csv,answers_mistral_7b,Q041,U,U.S. colleges,2,university of utah,university of utah,1,1,0,Q041::2
Part3/outputs/answers_mistral_7b.csv,answers_mistral_7b,Q041,U,U.S. colleges,3,university of utah,university of utah,1,1,0,Q041::3
Part3/outputs/answers_mistral_7b.csv,answers_mistral_7b,Q041,U,U.S. colleges,4,university of utah,university of utah,1,1,0,Q041::4
Part3/outputs/answers_mistral_7b.csv,answers_mistral_7b,Q041,U,U.S. colleges,5,university of utah,university of utah,1,1,0,Q041::5
Part3/outputs/answers_mistral_7b.csv,answers_mistral_7b,Q041,U,U.S. colleges,6,university of utah,university of utah,1,1,0,Q041::6
Part3/outputs/answers_mistral_7b.csv,answers_mistral_7b,Q041,U,U.S. colleges,7,university of utah,university of utah,1,1,0,Q041::7
Part3/outputs/answers_mistral_7b.csv,answers_mistral_7b,Q041,U,U.S. colleges,8,university of utah,university of utah,1,1,0,Q041::8
Part3/outputs/answers_mistral_7b.csv,answers_mistral_7b,Q041,U,U.S. colleges,9,university of utah,university of utah,1,1,0,Q041::9
Part3/outputs/answers_mistral_7b.csv,answers_mistral_7b,Q041,U,U.S. colleges,10,university of utah,university of utah,1,1,0,Q041::10
Part3/outputs/answers_mistral_7b.csv,answers_mistral_7b,Q041,U,U.S. colleges,11,university of utah,university of utah,1,1,0,Q041::11
Part3/outputs/answers_mistral_7b.csv,answers_mistral_7b,Q041,U,U.S. colleges,12,university of utah,university of utah,1,1,0,Q041::12
Part3/outputs/answers_mistral_7b.csv,answers_mistral_7b,Q041,U,U.S. colleges,13,university of utah,university of utah,1,1,0,Q041::13
Part3/outputs/answers_mistral_7b.csv,answers_mistral_7b,Q041,U,U.S. colleges,14,university of utah,university of utah,1,1,0,Q041::14
Part3/outputs/answers_mistral_7b.csv,answers_mistral_7b,Q041,U,U.S. colleges,15,university of utah,university of utah,1,1,0,Q041::15
Part3/outputs/answers_mistral_7b.csv,answers_mistral_7b,Q041,U,U.S. colleges,16,university of utah,university of utah,1,1,0,Q041::16
Part3/outputs/answers_mistral_7b.csv,answers_mistral_7b,Q041,U,U.S. colleges,17,university of utah,university of utah,1,1,0,Q041::17
Part3/outputs/answers_mistral_7b.csv,answers_mistral_7b,Q041,U,U.S. colleges,18,university of utah,university of utah,1,1,0,Q041::18
Part3/outputs/answers_mistral_7b.csv,answers_mistral_7b,Q041,U,U.S. colleges,19,university of utah,university of utah,1,1,0,Q041::19
Part3/outputs/answers_mistral_7b.csv,answers_mistral_7b,Q042,U,Things in a garage,0,utility shovel,utility shovel,1,1,0,Q042::0
Part3/outputs/answers_mistral_7b.csv,answers_mistral_7b,Q042,U,Things in a garage,1,utility cart,utility cart,1,1,0,Q042::1
Part3/outputs/answers_mistral_7b.csv,answers_mistral_7b,Q042,U,Things in a garage,2,utility cart,utility cart,1,1,0,Q042::2
Part3/outputs/answers_mistral_7b.csv,answers_mistral_7b,Q042,U,Things in a garage,3,utility cart,utility cart,1,0,1,Q042::3
Part3/outputs/answers_mistral_7b.csv,answers_mistral_7b,Q042,U,Things in a garage,4,utility shovel,utility shovel,1,0,1,Q042::4
Part3/outputs/answers_mistral_7b.csv,answers_mistral_7b,Q042,U,Things in a garage,5,universal union jack utility shovel umbrella,universal union jack utility shovel umbrella,0,0,0,Q042::5
Part3/outputs/answers_mistral_7b.csv,answers_mistral_7b,Q042,U,Things in a garage,6,universal union jackscrew umbrella utility belt ultrasonic cleaner,universal union jackscrew umbrella utility belt ultrasonic cleaner,0,0,0,Q042::6
Part3/outputs/answers_mistral_7b.csv,answers_mistral_7b,Q042,U,Things in a garage,7,universal joint,universal joint,1,0,1,Q042::7
Part3/outputs/answers_mistral_7b.csv,answers_mistral_7b,Q042,U,Things in a garage,8,utility shovel,utility shovel,1,0,1,Q042::8
Part3/outputs/answers_mistral_7b.csv,answers_mistral_7b,Q042,U,Things in a garage,9,universaltapeutensil,universaltapeutensil,0,0,0,Q042::9
Part3/outputs/answers_mistral_7b.csv,answers_mistral_7b,Q042,U,Things in a garage,10,utility shovel,utility shovel,1,0,1,Q042::10
Part3/outputs/answers_mistral_7b.csv,answers_mistral_7b,Q042,U,Things in a garage,11,umbrella jack stand,umbrella jack stand,0,0,0,Q042::11
Part3/outputs/answers_mistral_7b.csv,answers_mistral_7b,Q042,U,Things in a garage,12,universal joint,universal joint,1,0,1,Q042::12
Part3/outputs/answers_mistral_7b.csv,answers_mistral_7b,Q042,U,Things in a garage,13,utility shovel,utility shovel,1,0,1,Q042::13
Part3/outputs/answers_mistral_7b.csv,answers_mistral_7b,Q042,U,Things in a garage,14,utility bike,utility bike,1,0,1,Q042::14
Part3/outputs/answers_mistral_7b.csv,answers_mistral_7b,Q042,U,Things in a garage,15,utility cart,utility cart,1,0,1,Q042::15
Part3/outputs/answers_mistral_7b.csv,answers_mistral_7b,Q042,U,Things in a garage,16,utility bike,utility bike,1,0,1,Q042::16
Part3/outputs/answers_mistral_7b.csv,answers_mistral_7b,Q042,U,Things in a garage,17,utility bike,utility bike,1,0,1,Q042::17
Part3/outputs/answers_mistral_7b.csv,answers_mistral_7b,Q042,U,Things in a garage,18,utility shovel,utility shovel,1,0,1,Q042::18
Part3/outputs/answers_mistral_7b.csv,answers_mistral_7b,Q042,U,Things in a garage,19,utility cart,utility cart,1,0,1,Q042::19
Part3/outputs/answers_mistral_7b.csv,answers_mistral_7b,Q043,V,Jobs,0,veterinarian,veterinarian,1,1,0,Q043::0
Part3/outputs/answers_mistral_7b.csv,answers_mistral_7b,Q043,V,Jobs,1,veterinarian,veterinarian,1,1,0,Q043::1
Part3/outputs/answers_mistral_7b.csv,answers_mistral_7b,Q043,V,Jobs,2,veterinarian,veterinarian,1,1,0,Q043::2
Part3/outputs/answers_mistral_7b.csv,answers_mistral_7b,Q043,V,Jobs,3,veterinarian,veterinarian,1,1,0,Q043::3
Part3/outputs/answers_mistral_7b.csv,answers_mistral_7b,Q043,V,Jobs,4,veterinarian,veterinarian,1,1,0,Q043::4
Part3/outputs/answers_mistral_7b.csv,answers_mistral_7b,Q043,V,Jobs,5,veterinarian,veterinarian,1,1,0,Q043::5
Part3/outputs/answers_mistral_7b.csv,answers_mistral_7b,Q043,V,Jobs,6,veterinarian,veterinarian,1,1,0,Q043::6
Part3/outputs/answers_mistral_7b.csv,answers_mistral_7b,Q043,V,Jobs,7,veterinarian,veterinarian,1,1,0,Q043::7
Part3/outputs/answers_mistral_7b.csv,answers_mistral_7b,Q043,V,Jobs,8,veterinarian,veterinarian,1,1,0,Q043::8
Part3/outputs/answers_mistral_7b.csv,answers_mistral_7b,Q043,V,Jobs,9,veterinarian,veterinarian,1,1,0,Q043::9
Part3/outputs/answers_mistral_7b.csv,answers_mistral_7b,Q043,V,Jobs,10,veterinarian,veterinarian,1,1,0,Q043::10
Part3/outputs/answers_mistral_7b.csv,answers_mistral_7b,Q043,V,Jobs,11,veterinarian,veterinarian,1,1,0,Q043::11
Part3/outputs/answers_mistral_7b.csv,answers_mistral_7b,Q043,V,Jobs,12,veterinarian,veterinarian,1,1,0,Q043::12
Part3/outputs/answers_mistral_7b.csv,answers_mistral_7b,Q043,V,Jobs,13,veterinarian,veterinarian,1,1,0,Q043::13
Part3/outputs/answers_mistral_7b.csv,answers_mistral_7b,Q043,V,Jobs,14,veterinarian,veterinarian,1,1,0,Q043::14
Part3/outputs/answers_mistral_7b.csv,answers_mistral_7b,Q043,V,Jobs,15,veterinarian,veterinarian,1,1,0,Q043::15
Part3/outputs/answers_mistral_7b.csv,answers_mistral_7b,Q043,V,Jobs,16,veterinarian,veterinarian,1,1,0,Q043::16
Part3/outputs/answers_mistral_7b.csv,answers_mistral_7b,Q043,V,Jobs,17,veterinarian,veterinarian,1,1,0,Q043::17
Part3/outputs/answers_mistral_7b.csv,answers_mistral_7b,Q043,V,Jobs,18,veterinarian,veterinarian,1,1,0,Q043::18
Part3/outputs/answers_mistral_7b.csv,answers_mistral_7b,Q043,V,Jobs,19,veterinarian,veterinarian,1,1,0,Q043::19
Part3/outputs/answers_mistral_7b.csv,answers_mistral_7b,Q044,V,Things you wear,0,velvet vest,velvet vest,1,1,0,Q044::0
Part3/outputs/answers_mistral_7b.csv,answers_mistral_7b,Q044,V,Things you wear,1,vest,vest,1,0,1,Q044::1
Part3/outputs/answers_mistral_7b.csv,answers_mistral_7b,Q044,V,Things you wear,2,velvet vest,velvet vest,1,1,0,Q044::2
Part3/outputs/answers_mistral_7b.csv,answers_mistral_7b,Q044,V,Things you wear,3,velvet vest,velvet vest,1,1,0,Q044::3
Part3/outputs/answers_mistral_7b.csv,answers_mistral_7b,Q044,V,Things you wear,4,velvet vest,velvet vest,1,1,0,Q044::4
Part3/outputs/answers_mistral_7b.csv,answers_mistral_7b,Q044,V,Things you wear,5,velvet vest,velvet vest,1,1,0,Q044::5
Part3/outputs/answers_mistral_7b.csv,answers_mistral_7b,Q044,V,Things you wear,6,velvet vest,velvet vest,1,1,0,Q044::6
Part3/outputs/answers_mistral_7b.csv,answers_mistral_7b,Q044,V,Things you wear,7,velvet vest,velvet vest,1,1,0,Q044::7
Part3/outputs/answers_mistral_7b.csv,answers_mistral_7b,Q044,V,Things you wear,8,velvet vest,velvet vest,1,1,0,Q044::8
Part3/outputs/answers_mistral_7b.csv,answers_mistral_7b,Q044,V,Things you wear,9,velvet vest,velvet vest,1,1,0,Q044::9
Part3/outputs/answers_mistral_7b.csv,answers_mistral_7b,Q044,V,Things you wear,10,vest (or vestments if you want something church-related),vest (or vestments if you want something church-related,1,0,1,Q044::10
Part3/outputs/answers_mistral_7b.csv,answers_mistral_7b,Q044,V,Things you wear,11,velvet vest,velvet vest,1,1,0,Q044::11
Part3/outputs/answers_mistral_7b.csv,answers_mistral_7b,Q044,V,Things you wear,12,velvet vest,velvet vest,1,1,0,Q044::12
Part3/outputs/answers_mistral_7b.csv,answers_mistral_7b,Q044,V,Things you wear,13,velvet vest,velvet vest,1,1,0,Q044::13
Part3/outputs/answers_mistral_7b.csv,answers_mistral_7b,Q044,V,Things you wear,14,vests,vests,1,0,1,Q044::14
Part3/outputs/answers_mistral_7b.csv,answers_mistral_7b,Q044,V,Things you wear,15,velvet vest,velvet vest,1,0,1,Q044::15
Part3/outputs/answers_mistral_7b.csv,answers_mistral_7b,Q044,V,Things you wear,16,velvet vest,velvet vest,1,0,1,Q044::16
Part3/outputs/answers_mistral_7b.csv,answers_mistral_7b,Q044,V,Things you wear,17,velvet vest,velvet vest,1,0,1,Q044::17
Part3/outputs/answers_mistral_7b.csv,answers_mistral_7b,Q044,V,Things you wear,18,velvet vest,velvet vest,1,1,0,Q044::18
Part3/outputs/answers_mistral_7b.csv,answers_mistral_7b,Q044,V,Things you wear,19,velvet vest,velvet vest,1,1,0,Q044::19
Part3/outputs/answers_mistral_7b.csv,answers_mistral_7b,Q045,W,Cities,0,winnipeg,winnipeg,1,1,0,Q045::0
Part3/outputs/answers_mistral_7b.csv,answers_mistral_7b,Q045,W,Cities,1,winnipeg,winnipeg,1,0,1,Q045::1
Part3/outputs/answers_mistral_7b.csv,answers_mistral_7b,Q045,W,Cities,2,winnipeg,winnipeg,1,0,1,Q045::2
Part3/outputs/answers_mistral_7b.csv,answers_mistral_7b,Q045,W,Cities,3,wayne (Pennsylvania),wayne (pennsylvania,0,0,0,Q045::3
Part3/outputs/answers_mistral_7b.csv,answers_mistral_7b,Q045,W,Cities,4,"wayne (Wayne, Nebraska)","wayne (wayne, nebraska",0,0,0,Q045::4
Part3/outputs/answers_mistral_7b.csv,answers_mistral_7b,Q045,W,Cities,5,windhoek,windhoek,1,1,0,Q045::5
Part3/outputs/answers_mistral_7b.csv,answers_mistral_7b,Q045,W,Cities,6,winnipeg,winnipeg,1,1,0,Q045::6
Part3/outputs/answers_mistral_7b.csv,answers_mistral_7b,Q045,W,Cities,7,wellington,wellington,1,0,1,Q045::7
Part3/outputs/answers_mistral_7b.csv,answers_mistral_7b,Q045,W,Cities,8,"wayne (Wayne, Nebraska)","wayne (wayne, nebraska",0,0,0,Q045::8
Part3/outputs/answers_mistral_7b.csv,answers_mistral_7b,Q045,W,Cities,9,"wayne (Wayne, Nebraska)","wayne (wayne, nebraska",0,0,0,Q045::9
Part3/outputs/answers_mistral_7b.csv,answers_mistral_7b,Q045,W,Cities,10,winnipeg,winnipeg,1,1,0,Q045::10
Part3/outputs/answers_mistral_7b.csv,answers_mistral_7b,Q045,W,Cities,11,winnipeg,winnipeg,1,1,0,Q045::11
Part3/outputs/answers_mistral_7b.csv,answers_mistral_7b,Q045,W,Cities,12,"wyoming (city in Wyoming state, USA)","wyoming (city in wyoming state, usa",0,0,0,Q045::12
Part3/outputs/answers_mistral_7b.csv,answers_mistral_7b,Q045,W,Cities,13,wyomingtown,wyomingtown,0,0,0,Q045::13
Part3/outputs/answers_mistral_7b.csv,answers_mistral_7b,Q045,W,Cities,14,winnipeg,winnipeg,1,0,1,Q045::14
Part3/outputs/answers_mistral_7b.csv,answers_mistral_7b,Q045,W,Cities,15,winnipeg,winnipeg,1,0,1,Q045::15
Part3/outputs/answers_mistral_7b.csv,answers_mistral_7b,Q045,W,Cities,16,winnipeg,winnipeg,1,0,1,Q045::16
Part3/outputs/answers_mistral_7b.csv,answers_mistral_7b,Q045,W,Cities,17,winnipeg,winnipeg,1,1,0,Q045::17
Part3/outputs/answers_mistral_7b.csv,answers_mistral_7b,Q045,W,Cities,18,wellington (New Zealand),wellington (new zealand,1,0,1,Q045::18
Part3/outputs/answers_mistral_7b.csv,answers_mistral_7b,Q045,W,Cities,19,"wayne (Wayne, New Jersey)","wayne (wayne, new jersey",0,0,0,Q045::19
Part3/outputs/answers_mistral_7b.csv,answers_mistral_7b,Q046,W,Things in a park,0,water fountain,water fountain,1,1,0,Q046::0
Part3/outputs/answers_mistral_7b.csv,answers_mistral_7b,Q046,W,Things in a park,1,water fountain,water fountain,1,0,1,Q046::1
Part3/outputs/answers_mistral_7b.csv,answers_mistral_7b,Q046,W,Things in a park,2,waterfall_willow_weedwhacker_wagon_walnut,waterfall_willow_weedwhacker_wagon_walnut,0,0,0,Q046::2
Part3/outputs/answers_mistral_7b.csv,answers_mistral_7b,Q046,W,Things in a park,3,water fountain,water fountain,1,0,1,Q046::3
Part3/outputs/answers_mistral_7b.csv,answers_mistral_7b,Q046,W,Things in a park,4,water fountain,water fountain,1,1,0,Q046::4
Part3/outputs/answers_mistral_7b.csv,answers_mistral_7b,Q046,W,Things in a park,5,water fountain,water fountain,1,1,0,Q046::5
Part3/outputs/answers_mistral_7b.csv,answers_mistral_7b,Q046,W,Things in a park,6,water fountain,water fountain,1,1,0,Q046::6
Part3/outputs/answers_mistral_7b.csv,answers_mistral_7b,Q046,W,Things in a park,7,water fountain,water fountain,1,1,0,Q046::7
Part3/outputs/answers_mistral_7b.csv,answers_mistral_7b,Q046,W,Things in a park,8,waterfall_willow,waterfall_willow,0,0,0,Q046::8
Part3/outputs/answers_mistral_7b.csv,answers_mistral_7b,Q046,W,Things in a park,9,water fountain,water fountain,1,1,0,Q046::9
Part3/outputs/answers_mistral_7b.csv,answers_mistral_7b,Q046,W,Things in a park,10,water fountain,water fountain,1,1,0,Q046::10
Part3/outputs/answers_mistral_7b.csv,answers_mistral_7b,Q046,W,Things in a park,11,water fountain,water fountain,1,0,1,Q046::11
Part3/outputs/answers_mistral_7b.csv,answers_mistral_7b,Q046,W,Things in a park,12,water fountain,water fountain,1,1,0,Q046::12
Part3/outputs/answers_mistral_7b.csv,answers_mistral_7b,Q046,W,Things in a park,13,waterfall,waterfall,1,0,1,Q046::13
Part3/outputs/answers_mistral_7b.csv,answers_mistral_7b,Q046,W,Things in a park,14,water fountain,water fountain,1,0,1,Q046::14
Part3/outputs/answers_mistral_7b.csv,answers_mistral_7b,Q046,W,Things in a park,15,water fountain,water fountain,1,1,0,Q046::15
Part3/outputs/answers_mistral_7b.csv,answers_mistral_7b,Q046,W,Things in a park,16,water fountain,water fountain,1,1,0,Q046::16
Part3/outputs/answers_mistral_7b.csv,answers_mistral_7b,Q046,W,Things in a park,17,water fountain,water fountain,1,0,1,Q046::17
Part3/outputs/answers_mistral_7b.csv,answers_mistral_7b,Q046,W,Things in a park,18,water fountain,water fountain,1,0,1,Q046::18
Part3/outputs/answers_mistral_7b.csv,answers_mistral_7b,Q046,W,Things in a park,19,water fountain,water fountain,1,1,0,Q046::19
Part3/outputs/answers_mistral_7b.csv,answers_mistral_7b,Q047,X,Brands,0,xerox,xerox,1,1,0,Q047::0
Part3/outputs/answers_mistral_7b.csv,answers_mistral_7b,Q047,X,Brands,1,xerox,xerox,1,1,0,Q047::1
Part3/outputs/answers_mistral_7b.csv,answers_mistral_7b,Q047,X,Brands,2,xbox,xbox,1,0,1,Q047::2
Part3/outputs/answers_mistral_7b.csv,answers_mistral_7b,Q047,X,Brands,3,xbox,xbox,1,0,1,Q047::3
Part3/outputs/answers_mistral_7b.csv,answers_mistral_7b,Q047,X,Brands,4,xbox,xbox,1,0,1,Q047::4
Part3/outputs/answers_mistral_7b.csv,answers_mistral_7b,Q047,X,Brands,5,xbox,xbox,1,0,1,Q047::5
Part3/outputs/answers_mistral_7b.csv,answers_mistral_7b,Q047,X,Brands,6,xerox,xerox,1,1,0,Q047::6
Part3/outputs/answers_mistral_7b.csv,answers_mistral_7b,Q047,X,Brands,7,xerox,xerox,1,1,0,Q047::7
Part3/outputs/answers_mistral_7b.csv,answers_mistral_7b,Q047,X,Brands,8,xerox,xerox,1,1,0,Q047::8
Part3/outputs/answers_mistral_7b.csv,answers_mistral_7b,Q047,X,Brands,9,xbox,xbox,1,0,1,Q047::9
Part3/outputs/answers_mistral_7b.csv,answers_mistral_7b,Q047,X,Brands,10,xerox,xerox,1,1,0,Q047::10
Part3/outputs/answers_mistral_7b.csv,answers_mistral_7b,Q047,X,Brands,11,xerox,xerox,1,1,0,Q047::11
Part3/outputs/answers_mistral_7b.csv,answers_mistral_7b,Q047,X,Brands,12,xerox,xerox,1,1,0,Q047::12
Part3/outputs/answers_mistral_7b.csv,answers_mistral_7b,Q047,X,Brands,13,xerox,xerox,1,1,0,Q047::13
Part3/outputs/answers_mistral_7b.csv,answers_mistral_7b,Q047,X,Brands,14,xerox,xerox,1,1,0,Q047::14
Part3/outputs/answers_mistral_7b.csv,answers_mistral_7b,Q047,X,Brands,15,xerox,xerox,1,1,0,Q047::15
Part3/outputs/answers_mistral_7b.csv,answers_mistral_7b,Q047,X,Brands,16,xerox,xerox,1,0,1,Q047::16
Part3/outputs/answers_mistral_7b.csv,answers_mistral_7b,Q047,X,Brands,17,xerox,xerox,1,0,1,Q047::17
Part3/outputs/answers_mistral_7b.csv,answers_mistral_7b,Q047,X,Brands,18,xerox,xerox,1,1,0,Q047::18
Part3/outputs/answers_mistral_7b.csv,answers_mistral_7b,Q047,X,Brands,19,xerox,xerox,1,1,0,Q047::19
Part3/outputs/answers_mistral_7b.csv,answers_mistral_7b,Q048,X,Words in English,0,xylophone,xylophone,1,1,0,Q048::0
Part3/outputs/answers_mistral_7b.csv,answers_mistral_7b,Q048,X,Words in English,1,xylophone,xylophone,1,1,0,Q048::1
Part3/outputs/answers_mistral_7b.csv,answers_mistral_7b,Q048,X,Words in English,2,xylophone,xylophone,1,1,0,Q048::2
Part3/outputs/answers_mistral_7b.csv,answers_mistral_7b,Q048,X,Words in English,3,xylophone,xylophone,1,1,0,Q048::3
Part3/outputs/answers_mistral_7b.csv,answers_mistral_7b,Q048,X,Words in English,4,xylophone,xylophone,1,1,0,Q048::4
Part3/outputs/answers_mistral_7b.csv,answers_mistral_7b,Q048,X,Words in English,5,xylophone,xylophone,1,1,0,Q048::5
Part3/outputs/answers_mistral_7b.csv,answers_mistral_7b,Q048,X,Words in English,6,xylophone,xylophone,1,1,0,Q048::6
Part3/outputs/answers_mistral_7b.csv,answers_mistral_7b,Q048,X,Words in English,7,xylophone,xylophone,1,1,0,Q048::7
Part3/outputs/answers_mistral_7b.csv,answers_mistral_7b,Q048,X,Words in English,8,xylophone,xylophone,1,1,0,Q048::8
Part3/outputs/answers_mistral_7b.csv,answers_mistral_7b,Q048,X,Words in English,9,xylophone,xylophone,1,1,0,Q048::9
Part3/outputs/answers_mistral_7b.csv,answers_mistral_7b,Q048,X,Words in English,10,xylophone,xylophone,1,1,0,Q048::10
Part3/outputs/answers_mistral_7b.csv,answers_mistral_7b,Q048,X,Words in English,11,xylophone,xylophone,1,1,0,Q048::11
Part3/outputs/answers_mistral_7b.csv,answers_mistral_7b,Q048,X,Words in English,12,xylophone,xylophone,1,1,0,Q048::12
Part3/outputs/answers_mistral_7b.csv,answers_mistral_7b,Q048,X,Words in English,13,xylophone,xylophone,1,1,0,Q048::13
Part3/outputs/answers_mistral_7b.csv,answers_mistral_7b,Q048,X,Words in English,14,xylophone,xylophone,1,1,0,Q048::14
Part3/outputs/answers_mistral_7b.csv,answers_mistral_7b,Q048,X,Words in English,15,xylophone,xylophone,1,1,0,Q048::15
Part3/outputs/answers_mistral_7b.csv,answers_mistral_7b,Q048,X,Words in English,16,xylophone,xylophone,1,1,0,Q048::16
Part3/outputs/answers_mistral_7b.csv,answers_mistral_7b,Q048,X,Words in English,17,xylophone,xylophone,1,1,0,Q048::17
Part3/outputs/answers_mistral_7b.csv,answers_mistral_7b,Q048,X,Words in English,18,xylophone,xylophone,1,1,0,Q048::18
Part3/outputs/answers_mistral_7b.csv,answers_mistral_7b,Q048,X,Words in English,19,xylophone,xylophone,1,1,0,Q048::19
Part3/outputs/answers_mistral_7b.csv,answers_mistral_7b,Q049,Y,Foods,0,yogurt,yogurt,1,1,0,Q049::0
Part3/outputs/answers_mistral_7b.csv,answers_mistral_7b,Q049,Y,Foods,1,yogurt,yogurt,1,0,1,Q049::1
Part3/outputs/answers_mistral_7b.csv,answers_mistral_7b,Q049,Y,Foods,2,yam fritters,yam fritters,1,0,1,Q049::2
Part3/outputs/answers_mistral_7b.csv,answers_mistral_7b,Q049,Y,Foods,3,yogurt,yogurt,1,1,0,Q049::3
Part3/outputs/answers_mistral_7b.csv,answers_mistral_7b,Q049,Y,Foods,4,yogurt,yogurt,1,1,0,Q049::4
Part3/outputs/answers_mistral_7b.csv,answers_mistral_7b,Q049,Y,Foods,5,yogurt,yogurt,1,1,0,Q049::5
Part3/outputs/answers_mistral_7b.csv,answers_mistral_7b,Q049,Y,Foods,6,yogurt,yogurt,1,1,0,Q049::6
Part3/outputs/answers_mistral_7b.csv,answers_mistral_7b,Q049,Y,Foods,7,yogurt,yogurt,1,0,1,Q049::7
Part3/outputs/answers_mistral_7b.csv,answers_mistral_7b,Q049,Y,Foods,8,yogurt,yogurt,1,0,1,Q049::8
Part3/outputs/answers_mistral_7b.csv,answers_mistral_7b,Q049,Y,Foods,9,yogurt,yogurt,1,1,0,Q049::9
Part3/outputs/answers_mistral_7b.csv,answers_mistral_7b,Q049,Y,Foods,10,yam fritters,yam fritters,1,1,0,Q049::10
Part3/outputs/answers_mistral_7b.csv,answers_mistral_7b,Q049,Y,Foods,11,yogurt,yogurt,1,0,1,Q049::11
Part3/outputs/answers_mistral_7b.csv,answers_mistral_7b,Q049,Y,Foods,12,yam cake,yam cake,1,0,1,Q049::12
Part3/outputs/answers_mistral_7b.csv,answers_mistral_7b,Q049,Y,Foods,13,yogurt,yogurt,1,1,0,Q049::13
Part3/outputs/answers_mistral_7b.csv,answers_mistral_7b,Q049,Y,Foods,14,yogurt,yogurt,1,1,0,Q049::14
Part3/outputs/answers_mistral_7b.csv,answers_mistral_7b,Q049,Y,Foods,15,yogurt,yogurt,1,0,1,Q049::15
Part3/outputs/answers_mistral_7b.csv,answers_mistral_7b,Q049,Y,Foods,16,yogurt,yogurt,1,1,0,Q049::16
Part3/outputs/answers_mistral_7b.csv,answers_mistral_7b,Q049,Y,Foods,17,yogurt,yogurt,1,1,0,Q049::17
Part3/outputs/answers_mistral_7b.csv,answers_mistral_7b,Q049,Y,Foods,18,yogurt,yogurt,1,1,0,Q049::18
Part3/outputs/answers_mistral_7b.csv,answers_mistral_7b,Q049,Y,Foods,19,yogurt,yogurt,1,0,1,Q049::19
Part3/outputs/answers_mistral_7b.csv,answers_mistral_7b,Q050,Y,Things at a party,0,yakkov's martini,yakkov's martini,0,0,0,Q050::0
Part3/outputs/answers_mistral_7b.csv,answers_mistral_7b,Q050,Y,Things at a party,1,yellow balloons,yellow balloons,1,0,1,Q050::1
Part3/outputs/answers_mistral_7b.csv,answers_mistral_7b,Q050,Y,Things at a party,2,yak-appetizer,yak-appetizer,0,0,0,Q050::2
Part3/outputs/answers_mistral_7b.csv,answers_mistral_7b,Q050,Y,Things at a party,3,yakappa_hat,yakappa_hat,0,0,0,Q050::3
Part3/outputs/answers_mistral_7b.csv,answers_mistral_7b,Q050,Y,Things at a party,4,yak-appetizer,yak-appetizer,0,0,0,Q050::4
Part3/outputs/answers_mistral_7b.csv,answers_mistral_7b,Q050,Y,Things at a party,5,yak-appetizer,yak-appetizer,0,0,0,Q050::5
Part3/outputs/answers_mistral_7b.csv,answers_mistral_7b,Q050,Y,Things at a party,6,yak-appetizer,yak-appetizer,0,0,0,Q050::6
Part3/outputs/answers_mistral_7b.csv,answers_mistral_7b,Q050,Y,Things at a party,7,yak costume,yak costume,0,0,0,Q050::7
Part3/outputs/answers_mistral_7b.csv,answers_mistral_7b,Q050,Y,Things at a party,8,yakappa_hat,yakappa_hat,0,0,0,Q050::8
Part3/outputs/answers_mistral_7b.csv,answers_mistral_7b,Q050,Y,Things at a party,9,yakitori (grilled skewered chicken),yakitori (grilled skewered chicken,1,0,1,Q050::9
Part3/outputs/answers_mistral_7b.csv,answers_mistral_7b,Q050,Y,Things at a party,10,yakappa-bowl,yakappa-bowl,0,0,0,Q050::10
Part3/outputs/answers_mistral_7b.csv,answers_mistral_7b,Q050,Y,Things at a party,11,yak-appetizer,yak-appetizer,0,0,0,Q050::11
Part3/outputs/answers_mistral_7b.csv,answers_mistral_7b,Q050,Y,Things at a party,12,yellow balloons,yellow balloons,1,0,1,Q050::12
Part3/outputs/answers_mistral_7b.csv,answers_mistral_7b,Q050,Y,Things at a party,13,yak-appetizer,yak-appetizer,0,0,0,Q050::13
Part3/outputs/answers_mistral_7b.csv,answers_mistral_7b,Q050,Y,Things at a party,14,yak-appetizer,yak-appetizer,0,0,0,Q050::14
Part3/outputs/answers_mistral_7b.csv,answers_mistral_7b,Q050,Y,Things at a party,15,yakety-yak (dance song),yakety-yak (dance song,0,0,0,Q050::15
Part3/outputs/answers_mistral_7b.csv,answers_mistral_7b,Q050,Y,Things at a party,16,yakappetizer,yakappetizer,0,0,0,Q050::16
Part3/outputs/answers_mistral_7b.csv,answers_mistral_7b,Q050,Y,Things at a party,17,yak-appetizer,yak-appetizer,0,0,0,Q050::17
Part3/outputs/answers_mistral_7b.csv,answers_mistral_7b,Q050,Y,Things at a party,18,yakkov's hat,yakkov's hat,0,0,0,Q050::18
Part3/outputs/answers_mistral_7b.csv,answers_mistral_7b,Q050,Y,Things at a party,19,yak-appetizer,yak-appetizer,0,0,0,Q050::19
Part3/outputs/answers_mistral_7b.csv,answers_mistral_7b,Q051,Z,Animals,0,zebra,zebra,1,1,0,Q051::0
Part3/outputs/answers_mistral_7b.csv,answers_mistral_7b,Q051,Z,Animals,1,zebra,zebra,1,1,0,Q051::1
Part3/outputs/answers_mistral_7b.csv,answers_mistral_7b,Q051,Z,Animals,2,zebra,zebra,1,1,0,Q051::2
Part3/outputs/answers_mistral_7b.csv,answers_mistral_7b,Q051,Z,Animals,3,zebra,zebra,1,1,0,Q051::3
Part3/outputs/answers_mistral_7b.csv,answers_mistral_7b,Q051,Z,Animals,4,zebra,zebra,1,1,0,Q051::4
Part3/outputs/answers_mistral_7b.csv,answers_mistral_7b,Q051,Z,Animals,5,zebra,zebra,1,1,0,Q051::5
Part3/outputs/answers_mistral_7b.csv,answers_mistral_7b,Q051,Z,Animals,6,zebra,zebra,1,1,0,Q051::6
Part3/outputs/answers_mistral_7b.csv,answers_mistral_7b,Q051,Z,Animals,7,zebra,zebra,1,1,0,Q051::7
Part3/outputs/answers_mistral_7b.csv,answers_mistral_7b,Q051,Z,Animals,8,zebra,zebra,1,1,0,Q051::8
Part3/outputs/answers_mistral_7b.csv,answers_mistral_7b,Q051,Z,Animals,9,zebra,zebra,1,1,0,Q051::9
Part3/outputs/answers_mistral_7b.csv,answers_mistral_7b,Q051,Z,Animals,10,zebra,zebra,1,1,0,Q051::10
Part3/outputs/answers_mistral_7b.csv,answers_mistral_7b,Q051,Z,Animals,11,zebra,zebra,1,1,0,Q051::11
Part3/outputs/answers_mistral_7b.csv,answers_mistral_7b,Q051,Z,Animals,12,zebra,zebra,1,1,0,Q051::12
Part3/outputs/answers_mistral_7b.csv,answers_mistral_7b,Q051,Z,Animals,13,zebra,zebra,1,1,0,Q051::13
Part3/outputs/answers_mistral_7b.csv,answers_mistral_7b,Q051,Z,Animals,14,zebra,zebra,1,1,0,Q051::14
Part3/outputs/answers_mistral_7b.csv,answers_mistral_7b,Q051,Z,Animals,15,zebra,zebra,1,1,0,Q051::15
Part3/outputs/answers_mistral_7b.csv,answers_mistral_7b,Q051,Z,Animals,16,zebra,zebra,1,1,0,Q051::16
Part3/outputs/answers_mistral_7b.csv,answers_mistral_7b,Q051,Z,Animals,17,zebra,zebra,1,1,0,Q051::17
Part3/outputs/answers_mistral_7b.csv,answers_mistral_7b,Q051,Z,Animals,18,zebra,zebra,1,1,0,Q051::18
Part3/outputs/answers_mistral_7b.csv,answers_mistral_7b,Q051,Z,Animals,19,zebra,zebra,1,1,0,Q051::19
Part3/outputs/answers_mistral_7b.csv,answers_mistral_7b,Q052,Z,Things in a zoo,0,zebra,zebra,1,1,0,Q052::0
Part3/outputs/answers_mistral_7b.csv,answers_mistral_7b,Q052,Z,Things in a zoo,1,zebra,zebra,1,1,0,Q052::1
Part3/outputs/answers_mistral_7b.csv,answers_mistral_7b,Q052,Z,Things in a zoo,2,zebra,zebra,1,1,0,Q052::2
Part3/outputs/answers_mistral_7b.csv,answers_mistral_7b,Q052,Z,Things in a zoo,3,zebra,zebra,1,1,0,Q052::3
Part3/outputs/answers_mistral_7b.csv,answers_mistral_7b,Q052,Z,Things in a zoo,4,zebra,zebra,1,1,0,Q052::4
Part3/outputs/answers_mistral_7b.csv,answers_mistral_7b,Q052,Z,Things in a zoo,5,zebra,zebra,1,1,0,Q052::5
Part3/outputs/answers_mistral_7b.csv,answers_mistral_7b,Q052,Z,Things in a zoo,6,zebra,zebra,1,1,0,Q052::6
Part3/outputs/answers_mistral_7b.csv,answers_mistral_7b,Q052,Z,Things in a zoo,7,zebra,zebra,1,1,0,Q052::7
Part3/outputs/answers_mistral_7b.csv,answers_mistral_7b,Q052,Z,Things in a zoo,8,zebra,zebra,1,1,0,Q052::8
Part3/outputs/answers_mistral_7b.csv,answers_mistral_7b,Q052,Z,Things in a zoo,9,zebra,zebra,1,1,0,Q052::9
Part3/outputs/answers_mistral_7b.csv,answers_mistral_7b,Q052,Z,Things in a zoo,10,zebra,zebra,1,1,0,Q052::10
Part3/outputs/answers_mistral_7b.csv,answers_mistral_7b,Q052,Z,Things in a zoo,11,zebra,zebra,1,1,0,Q052::11
Part3/outputs/answers_mistral_7b.csv,answers_mistral_7b,Q052,Z,Things in a zoo,12,zebra,zebra,1,1,0,Q052::12
Part3/outputs/answers_mistral_7b.csv,answers_mistral_7b,Q052,Z,Things in a zoo,13,zebra,zebra,1,1,0,Q052::13
Part3/outputs/answers_mistral_7b.csv,answers_mistral_7b,Q052,Z,Things in a zoo,14,zebra,zebra,1,1,0,Q052::14
Part3/outputs/answers_mistral_7b.csv,answers_mistral_7b,Q052,Z,Things in a zoo,15,zebra,zebra,1,1,0,Q052::15
Part3/outputs/answers_mistral_7b.csv,answers_mistral_7b,Q052,Z,Things in a zoo,16,zebra,zebra,1,1,0,Q052::16
Part3/outputs/answers_mistral_7b.csv,answers_mistral_7b,Q052,Z,Things in a zoo,17,zebra,zebra,1,1,0,Q052::17
Part3/outputs/answers_mistral_7b.csv,answers_mistral_7b,Q052,Z,Things in a zoo,18,zebra,zebra,1,1,0,Q052::18
Part3/outputs/answers_mistral_7b.csv,answers_mistral_7b,Q052,Z,Things in a zoo,19,zebra,zebra,1,1,0,Q052::19
Part3/outputs/answers_mistral_7b.csv,answers_mistral_7b,Q053,A,Things in a kitchen,0,apron avocado,apron avocado,0,0,0,Q053::0
Part3/outputs/answers_mistral_7b.csv,answers_mistral_7b,Q053,A,Things in a kitchen,1,apron,apron,1,1,0,Q053::1
Part3/outputs/answers_mistral_7b.csv,answers_mistral_7b,Q053,A,Things in a kitchen,2,apron,apron,1,1,0,Q053::2
Part3/outputs/answers_mistral_7b.csv,answers_mistral_7b,Q053,A,Things in a kitchen,3,"apron aid

The ""apron"" is an item commonly found in","apron aid the ""apron"" is an item commonly found in",1,0,1,Q053::3
Part3/outputs/answers_mistral_7b.csv,answers_mistral_7b,Q053,A,Things in a kitchen,4,apron,apron,1,0,1,Q053::4
Part3/outputs/answers_mistral_7b.csv,answers_mistral_7b,Q053,A,Things in a kitchen,5,apron,apron,1,0,1,Q053::5
Part3/outputs/answers_mistral_7b.csv,answers_mistral_7b,Q053,A,Things in a kitchen,6,apron,apron,1,0,1,Q053::6
Part3/outputs/answers_mistral_7b.csv,answers_mistral_7b,Q053,A,Things in a kitchen,7,"apron

For future reference, the game Scattergories requires players","apron for future reference, the game scattergories requires players",1,0,1,Q053::7
Part3/outputs/answers_mistral_7b.csv,answers_mistral_7b,Q053,A,Things in a kitchen,8,apron,apron,1,1,0,Q053::8
Part3/outputs/answers_mistral_7b.csv,answers_mistral_7b,Q053,A,Things in a kitchen,9,apron hook,apron hook,0,0,0,Q053::9
Part3/outputs/answers_mistral_7b.csv,answers_mistral_7b,Q053,A,Things in a kitchen,10,apron,apron,1,1,0,Q053::10
Part3/outputs/answers_mistral_7b.csv,answers_mistral_7b,Q053,A,Things in a kitchen,11,appliance rack,appliance rack,0,0,0,Q053::11
Part3/outputs/answers_mistral_7b.csv,answers_mistral_7b,Q053,A,Things in a kitchen,12,apron,apron,1,1,0,Q053::12
Part3/outputs/answers_mistral_7b.csv,answers_mistral_7b,Q053,A,Things in a kitchen,13,apron,apron,1,0,1,Q053::13
Part3/outputs/answers_mistral_7b.csv,answers_mistral_7b,Q053,A,Things in a kitchen,14,apron hook,apron hook,0,0,0,Q053::14
Part3/outputs/answers_mistral_7b.csv,answers_mistral_7b,Q053,A,Things in a kitchen,15,apron,apron,1,0,1,Q053::15
Part3/outputs/answers_mistral_7b.csv,answers_mistral_7b,Q053,A,Things in a kitchen,16,apron hook,apron hook,0,0,0,Q053::16
Part3/outputs/answers_mistral_7b.csv,answers_mistral_7b,Q053,A,Things in a kitchen,17,"apron

In the event of multiple answers starting with 'a' but",apron in the event of multiple answers starting with 'a' but,1,0,1,Q053::17
Part3/outputs/answers_mistral_7b.csv,answers_mistral_7b,Q053,A,Things in a kitchen,18,apron hook,apron hook,0,0,0,Q053::18
Part3/outputs/answers_mistral_7b.csv,answers_mistral_7b,Q053,A,Things in a kitchen,19,apron,apron,1,0,1,Q053::19
Part3/outputs/answers_mistral_7b.csv,answers_mistral_7b,Q054,B,Singers,0,barbra streisand,barbra streisand,1,1,0,Q054::0
Part3/outputs/answers_mistral_7b.csv,answers_mistral_7b,Q054,B,Singers,1,barbra streisand,barbra streisand,1,1,0,Q054::1
Part3/outputs/answers_mistral_7b.csv,answers_mistral_7b,Q054,B,Singers,2,barbra streisand,barbra streisand,1,1,0,Q054::2
Part3/outputs/answers_mistral_7b.csv,answers_mistral_7b,Q054,B,Singers,3,barbra streisand,barbra streisand,1,0,1,Q054::3
Part3/outputs/answers_mistral_7b.csv,answers_mistral_7b,Q054,B,Singers,4,barbra streisand,barbra streisand,1,1,0,Q054::4
Part3/outputs/answers_mistral_7b.csv,answers_mistral_7b,Q054,B,Singers,5,barbra streisand,barbra streisand,1,1,0,Q054::5
Part3/outputs/answers_mistral_7b.csv,answers_mistral_7b,Q054,B,Singers,6,barbra streisand,barbra streisand,1,1,0,Q054::6
Part3/outputs/answers_mistral_7b.csv,answers_mistral_7b,Q054,B,Singers,7,beyoncé,beyonc,0,0,0,Q054::7
Part3/outputs/answers_mistral_7b.csv,answers_mistral_7b,Q054,B,Singers,8,barbra streisand,barbra streisand,1,0,1,Q054::8
Part3/outputs/answers_mistral_7b.csv,answers_mistral_7b,Q054,B,Singers,9,billie eilish,billie eilish,1,0,1,Q054::9
Part3/outputs/answers_mistral_7b.csv,answers_mistral_7b,Q054,B,Singers,10,barbra streisand,barbra streisand,1,1,0,Q054::10
Part3/outputs/answers_mistral_7b.csv,answers_mistral_7b,Q054,B,Singers,11,barbra streisand,barbra streisand,1,1,0,Q054::11
Part3/outputs/answers_mistral_7b.csv,answers_mistral_7b,Q054,B,Singers,12,barbra streisand,barbra streisand,1,1,0,Q054::12
Part3/outputs/answers_mistral_7b.csv,answers_mistral_7b,Q054,B,Singers,13,barbra streisand,barbra streisand,1,1,0,Q054::13
Part3/outputs/answers_mistral_7b.csv,answers_mistral_7b,Q054,B,Singers,14,barbra streisand,barbra streisand,1,1,0,Q054::14
Part3/outputs/answers_mistral_7b.csv,answers_mistral_7b,Q054,B,Singers,15,barbra streisand,barbra streisand,1,1,0,Q054::15
Part3/outputs/answers_mistral_7b.csv,answers_mistral_7b,Q054,B,Singers,16,barbra streisand,barbra streisand,1,0,1,Q054::16
Part3/outputs/answers_mistral_7b.csv,answers_mistral_7b,Q054,B,Singers,17,barbra streisand,barbra streisand,1,0,1,Q054::17
Part3/outputs/answers_mistral_7b.csv,answers_mistral_7b,Q054,B,Singers,18,barbra streisand,barbra streisand,1,1,0,Q054::18
Part3/outputs/answers_mistral_7b.csv,answers_mistral_7b,Q054,B,Singers,19,barbra streisand,barbra streisand,1,1,0,Q054::19
Part3/outputs/answers_mistral_7b.csv,answers_mistral_7b,Q055,C,Desserts,0,chocolate cake,chocolate cake,1,1,0,Q055::0
Part3/outputs/answers_mistral_7b.csv,answers_mistral_7b,Q055,C,Desserts,1,chocolate cake,chocolate cake,1,1,0,Q055::1
Part3/outputs/answers_mistral_7b.csv,answers_mistral_7b,Q055,C,Desserts,2,chocolate cake,chocolate cake,1,1,0,Q055::2
Part3/outputs/answers_mistral_7b.csv,answers_mistral_7b,Q055,C,Desserts,3,chocolate cake,chocolate cake,1,1,0,Q055::3
Part3/outputs/answers_mistral_7b.csv,answers_mistral_7b,Q055,C,Desserts,4,chocolate cake,chocolate cake,1,1,0,Q055::4
Part3/outputs/answers_mistral_7b.csv,answers_mistral_7b,Q055,C,Desserts,5,chocolate cake,chocolate cake,1,1,0,Q055::5
Part3/outputs/answers_mistral_7b.csv,answers_mistral_7b,Q055,C,Desserts,6,chocolate cake,chocolate cake,1,1,0,Q055::6
Part3/outputs/answers_mistral_7b.csv,answers_mistral_7b,Q055,C,Desserts,7,chocolate cake,chocolate cake,1,1,0,Q055::7
Part3/outputs/answers_mistral_7b.csv,answers_mistral_7b,Q055,C,Desserts,8,chocolate cake,chocolate cake,1,1,0,Q055::8
Part3/outputs/answers_mistral_7b.csv,answers_mistral_7b,Q055,C,Desserts,9,chocolate cake,chocolate cake,1,1,0,Q055::9
Part3/outputs/answers_mistral_7b.csv,answers_mistral_7b,Q055,C,Desserts,10,chocolate cake,chocolate cake,1,1,0,Q055::10
Part3/outputs/answers_mistral_7b.csv,answers_mistral_7b,Q055,C,Desserts,11,chocolate cake,chocolate cake,1,1,0,Q055::11
Part3/outputs/answers_mistral_7b.csv,answers_mistral_7b,Q055,C,Desserts,12,chocolate cake,chocolate cake,1,1,0,Q055::12
Part3/outputs/answers_mistral_7b.csv,answers_mistral_7b,Q055,C,Desserts,13,chocolate cake,chocolate cake,1,1,0,Q055::13
Part3/outputs/answers_mistral_7b.csv,answers_mistral_7b,Q055,C,Desserts,14,chocolate cake,chocolate cake,1,1,0,Q055::14
Part3/outputs/answers_mistral_7b.csv,answers_mistral_7b,Q055,C,Desserts,15,chocolate cake,chocolate cake,1,1,0,Q055::15
Part3/outputs/answers_mistral_7b.csv,answers_mistral_7b,Q055,C,Desserts,16,chocolate cake,chocolate cake,1,1,0,Q055::16
Part3/outputs/answers_mistral_7b.csv,answers_mistral_7b,Q055,C,Desserts,17,chocolate cake,chocolate cake,1,1,0,Q055::17
Part3/outputs/answers_mistral_7b.csv,answers_mistral_7b,Q055,C,Desserts,18,chocolate cake,chocolate cake,1,1,0,Q055::18
Part3/outputs/answers_mistral_7b.csv,answers_mistral_7b,Q055,C,Desserts,19,chocolate cake,chocolate cake,1,1,0,Q055::19
Part3/outputs/answers_mistral_7b.csv,answers_mistral_7b,Q056,D,Plants,0,daffodil,daffodil,1,0,1,Q056::0
Part3/outputs/answers_mistral_7b.csv,answers_mistral_7b,Q056,D,Plants,1,dandelion,dandelion,1,1,0,Q056::1
Part3/outputs/answers_mistral_7b.csv,answers_mistral_7b,Q056,D,Plants,2,daisy,daisy,1,1,0,Q056::2
Part3/outputs/answers_mistral_7b.csv,answers_mistral_7b,Q056,D,Plants,3,daffodil,daffodil,1,0,1,Q056::3
Part3/outputs/answers_mistral_7b.csv,answers_mistral_7b,Q056,D,Plants,4,daisy,daisy,1,0,1,Q056::4
Part3/outputs/answers_mistral_7b.csv,answers_mistral_7b,Q056,D,Plants,5,dandelion,dandelion,1,1,0,Q056::5
Part3/outputs/answers_mistral_7b.csv,answers_mistral_7b,Q056,D,Plants,6,dandelion,dandelion,1,1,0,Q056::6
Part3/outputs/answers_mistral_7b.csv,answers_mistral_7b,Q056,D,Plants,7,dandelion,dandelion,1,0,1,Q056::7
Part3/outputs/answers_mistral_7b.csv,answers_mistral_7b,Q056,D,Plants,8,dandelion,dandelion,1,1,0,Q056::8
Part3/outputs/answers_mistral_7b.csv,answers_mistral_7b,Q056,D,Plants,9,dandelion,dandelion,1,0,1,Q056::9
Part3/outputs/answers_mistral_7b.csv,answers_mistral_7b,Q056,D,Plants,10,dandelion,dandelion,1,1,0,Q056::10
Part3/outputs/answers_mistral_7b.csv,answers_mistral_7b,Q056,D,Plants,11,daisy,daisy,1,0,1,Q056::11
Part3/outputs/answers_mistral_7b.csv,answers_mistral_7b,Q056,D,Plants,12,dandelion,dandelion,1,1,0,Q056::12
Part3/outputs/answers_mistral_7b.csv,answers_mistral_7b,Q056,D,Plants,13,daisy,daisy,1,0,1,Q056::13
Part3/outputs/answers_mistral_7b.csv,answers_mistral_7b,Q056,D,Plants,14,daisy,daisy,1,1,0,Q056::14
Part3/outputs/answers_mistral_7b.csv,answers_mistral_7b,Q056,D,Plants,15,dandelion,dandelion,1,1,0,Q056::15
Part3/outputs/answers_mistral_7b.csv,answers_mistral_7b,Q056,D,Plants,16,dandelion,dandelion,1,1,0,Q056::16
Part3/outputs/answers_mistral_7b.csv,answers_mistral_7b,Q056,D,Plants,17,dandelion,dandelion,1,1,0,Q056::17
Part3/outputs/answers_mistral_7b.csv,answers_mistral_7b,Q056,D,Plants,18,daffodil,daffodil,1,0,1,Q056::18
Part3/outputs/answers_mistral_7b.csv,answers_mistral_7b,Q056,D,Plants,19,dandelion,dandelion,1,1,0,Q056::19
Part3/outputs/answers_mistral_7b.csv,answers_mistral_7b,Q057,E,Companies,0,"3m

Explanation: 3M is an American mult",3m explanation: 3m is an american mult,0,0,0,Q057::0
Part3/outputs/answers_mistral_7b.csv,answers_mistral_7b,Q057,E,Companies,1,eBay,ebay,1,1,0,Q057::1
Part3/outputs/answers_mistral_7b.csv,answers_mistral_7b,Q057,E,Companies,2,eBay,ebay,1,0,1,Q057::2
Part3/outputs/answers_mistral_7b.csv,answers_mistral_7b,Q057,E,Companies,3,"3m

I hope this helps! Let me know if you need",3m i hope this helps! let me know if you need,0,0,0,Q057::3
Part3/outputs/answers_mistral_7b.csv,answers_mistral_7b,Q057,E,Companies,4,"3m

Explanation: The company 3M (Three",3m explanation: the company 3m (three,1,0,1,Q057::4
Part3/outputs/answers_mistral_7b.csv,answers_mistral_7b,Q057,E,Companies,5,eastman-kodak,eastman-kodak,1,0,1,Q057::5
Part3/outputs/answers_mistral_7b.csv,answers_mistral_7b,Q057,E,Companies,6,7-eleven,7-eleven,0,0,0,Q057::6
Part3/outputs/answers_mistral_7b.csv,answers_mistral_7b,Q057,E,Companies,7,easyjet,easyjet,1,0,1,Q057::7
Part3/outputs/answers_mistral_7b.csv,answers_mistral_7b,Q057,E,Companies,8,eBay,ebay,1,1,0,Q057::8
Part3/outputs/answers_mistral_7b.csv,answers_mistral_7b,Q057,E,Companies,9,eastman-kodak,eastman-kodak,1,0,1,Q057::9
Part3/outputs/answers_mistral_7b.csv,answers_mistral_7b,Q057,E,Companies,10,easterleigh-estates,easterleigh-estates,0,0,0,Q057::10
Part3/outputs/answers_mistral_7b.csv,answers_mistral_7b,Q057,E,Companies,11,"erycksonsenators
(Erickson is a company known for",erycksonsenators (erickson is a company known for,0,0,0,Q057::11
Part3/outputs/answers_mistral_7b.csv,answers_mistral_7b,Q057,E,Companies,12,elephant-trucks,elephant-trucks,0,0,0,Q057::12
Part3/outputs/answers_mistral_7b.csv,answers_mistral_7b,Q057,E,Companies,13,easyjet,easyjet,1,0,1,Q057::13
Part3/outputs/answers_mistral_7b.csv,answers_mistral_7b,Q057,E,Companies,14,eBay,ebay,1,0,1,Q057::14
Part3/outputs/answers_mistral_7b.csv,answers_mistral_7b,Q057,E,Companies,15,electronic Arts,electronic arts,1,0,1,Q057::15
Part3/outputs/answers_mistral_7b.csv,answers_mistral_7b,Q057,E,Companies,16,"3m

Just to clarify, the answer is ""3M","3m just to clarify, the answer is ""3m",1,0,1,Q057::16
Part3/outputs/answers_mistral_7b.csv,answers_mistral_7b,Q057,E,Companies,17,"electronics company

(Answer is ""electronics company"" as","electronics company (answer is ""electronics company"" as",0,0,0,Q057::17
Part3/outputs/answers_mistral_7b.csv,answers_mistral_7b,Q057,E,Companies,18,easyjet,easyjet,1,0,1,Q057::18
Part3/outputs/answers_mistral_7b.csv,answers_mistral_7b,Q057,E,Companies,19,eBay,ebay,1,0,1,Q057::19
Part3/outputs/answers_mistral_7b.csv,answers_mistral_7b,Q058,F,Movie characters,0,forrest gump,forrest gump,1,1,0,Q058::0
Part3/outputs/answers_mistral_7b.csv,answers_mistral_7b,Q058,F,Movie characters,1,forrest gump,forrest gump,1,1,0,Q058::1
Part3/outputs/answers_mistral_7b.csv,answers_mistral_7b,Q058,F,Movie characters,2,forrest gump,forrest gump,1,1,0,Q058::2
Part3/outputs/answers_mistral_7b.csv,answers_mistral_7b,Q058,F,Movie characters,3,forrest gump,forrest gump,1,1,0,Q058::3
Part3/outputs/answers_mistral_7b.csv,answers_mistral_7b,Q058,F,Movie characters,4,forrest gump,forrest gump,1,1,0,Q058::4
Part3/outputs/answers_mistral_7b.csv,answers_mistral_7b,Q058,F,Movie characters,5,forrest gump,forrest gump,1,1,0,Q058::5
Part3/outputs/answers_mistral_7b.csv,answers_mistral_7b,Q058,F,Movie characters,6,forrest gump,forrest gump,1,1,0,Q058::6
Part3/outputs/answers_mistral_7b.csv,answers_mistral_7b,Q058,F,Movie characters,7,frodo,frodo,1,0,1,Q058::7
Part3/outputs/answers_mistral_7b.csv,answers_mistral_7b,Q058,F,Movie characters,8,forrest gump,forrest gump,1,1,0,Q058::8
Part3/outputs/answers_mistral_7b.csv,answers_mistral_7b,Q058,F,Movie characters,9,forrest gump,forrest gump,1,1,0,Q058::9
Part3/outputs/answers_mistral_7b.csv,answers_mistral_7b,Q058,F,Movie characters,10,forrest gump,forrest gump,1,1,0,Q058::10
Part3/outputs/answers_mistral_7b.csv,answers_mistral_7b,Q058,F,Movie characters,11,forrest gump,forrest gump,1,1,0,Q058::11
Part3/outputs/answers_mistral_7b.csv,answers_mistral_7b,Q058,F,Movie characters,12,forrest gump,forrest gump,1,1,0,Q058::12
Part3/outputs/answers_mistral_7b.csv,answers_mistral_7b,Q058,F,Movie characters,13,forrest gump,forrest gump,1,1,0,Q058::13
Part3/outputs/answers_mistral_7b.csv,answers_mistral_7b,Q058,F,Movie characters,14,forrest gump,forrest gump,1,1,0,Q058::14
Part3/outputs/answers_mistral_7b.csv,answers_mistral_7b,Q058,F,Movie characters,15,forrest gump,forrest gump,1,1,0,Q058::15
Part3/outputs/answers_mistral_7b.csv,answers_mistral_7b,Q058,F,Movie characters,16,frodo baggins,frodo baggins,1,0,1,Q058::16
Part3/outputs/answers_mistral_7b.csv,answers_mistral_7b,Q058,F,Movie characters,17,forrest gump,forrest gump,1,1,0,Q058::17
Part3/outputs/answers_mistral_7b.csv,answers_mistral_7b,Q058,F,Movie characters,18,forrest gump,forrest gump,1,1,0,Q058::18
Part3/outputs/answers_mistral_7b.csv,answers_mistral_7b,Q058,F,Movie characters,19,forrest gump,forrest gump,1,1,0,Q058::19
Part3/outputs/answers_mistral_7b.csv,answers_mistral_7b,Q059,G,Things in a toolbox,0,hammer gauge wrench screwdriver pliers tape measure nail file,hammer gauge wrench screwdriver pliers tape measure nail file,0,0,0,Q059::0
Part3/outputs/answers_mistral_7b.csv,answers_mistral_7b,Q059,G,Things in a toolbox,1,hammer gauge wrench pliers screwdriver gasket,hammer gauge wrench pliers screwdriver gasket,1,0,1,Q059::1
Part3/outputs/answers_mistral_7b.csv,answers_mistral_7b,Q059,G,Things in a toolbox,2,"pliers, gasket, gauge, wrench, glue","pliers, gasket, gauge, wrench, glue",1,0,1,Q059::2
Part3/outputs/answers_mistral_7b.csv,answers_mistral_7b,Q059,G,Things in a toolbox,3,nail-file,nail-file,0,0,0,Q059::3
Part3/outputs/answers_mistral_7b.csv,answers_mistral_7b,Q059,G,Things in a toolbox,4,hammer gauge wrench pliers screwdriver gasket,hammer gauge wrench pliers screwdriver gasket,1,0,1,Q059::4
Part3/outputs/answers_mistral_7b.csv,answers_mistral_7b,Q059,G,Things in a toolbox,5,Phillips screwdriver,phillips screwdriver,0,0,0,Q059::5
Part3/outputs/answers_mistral_7b.csv,answers_mistral_7b,Q059,G,Things in a toolbox,6,Phillips screwdriver,phillips screwdriver,0,0,0,Q059::6
Part3/outputs/answers_mistral_7b.csv,answers_mistral_7b,Q059,G,Things in a toolbox,7,hammer grip,hammer grip,0,0,0,Q059::7
Part3/outputs/answers_mistral_7b.csv,answers_mistral_7b,Q059,G,Things in a toolbox,8,nail file,nail file,0,0,0,Q059::8
Part3/outputs/answers_mistral_7b.csv,answers_mistral_7b,Q059,G,Things in a toolbox,9,hammer gauge wrench gasket glue grip tape,hammer gauge wrench gasket glue grip tape,1,1,0,Q059::9
Part3/outputs/answers_mistral_7b.csv,answers_mistral_7b,Q059,G,Things in a toolbox,10,hammer gauge pliers wrench nuts screws gasket,hammer gauge pliers wrench nuts screws gasket,0,0,0,Q059::10
Part3/outputs/answers_mistral_7b.csv,answers_mistral_7b,Q059,G,Things in a toolbox,11,hammer grip,hammer grip,0,0,0,Q059::11
Part3/outputs/answers_mistral_7b.csv,answers_mistral_7b,Q059,G,Things in a toolbox,12,nail file pliers wrench hammer screwdriver tape measure,nail file pliers wrench hammer screwdriver tape measure,1,0,1,Q059::12
Part3/outputs/answers_mistral_7b.csv,answers_mistral_7b,Q059,G,Things in a toolbox,13,hammer gauge wrench gasket pliers screwdriver,hammer gauge wrench gasket pliers screwdriver,0,0,0,Q059::13
Part3/outputs/answers_mistral_7b.csv,answers_mistral_7b,Q059,G,Things in a toolbox,14,nail-file,nail-file,0,0,0,Q059::14
Part3/outputs/answers_mistral_7b.csv,answers_mistral_7b,Q059,G,Things in a toolbox,15,gasket wrench,gasket wrench,1,0,1,Q059::15
Part3/outputs/answers_mistral_7b.csv,answers_mistral_7b,Q059,G,Things in a toolbox,16,hammer gauge pliers wrench gasket grease,hammer gauge pliers wrench gasket grease,0,0,0,Q059::16
Part3/outputs/answers_mistral_7b.csv,answers_mistral_7b,Q059,G,Things in a toolbox,17,hammer gauge wrench pliers screwdriver grip tape glue,hammer gauge wrench pliers screwdriver grip tape glue,0,0,0,Q059::17
Part3/outputs/answers_mistral_7b.csv,answers_mistral_7b,Q059,G,Things in a toolbox,18,nail file grip wrench gasket,nail file grip wrench gasket,0,0,0,Q059::18
Part3/outputs/answers_mistral_7b.csv,answers_mistral_7b,Q059,G,Things in a toolbox,19,nail gauge,nail gauge,0,0,0,Q059::19
Part3/outputs/answers_mistral_7b.csv,answers_mistral_7b,Q060,H,Countries,0,hector island,hector island,0,0,0,Q060::0
Part3/outputs/answers_mistral_7b.csv,answers_mistral_7b,Q060,H,Countries,1,hectoring havana,hectoring havana,0,0,0,Q060::1
Part3/outputs/answers_mistral_7b.csv,answers_mistral_7b,Q060,H,Countries,2,holland,holland,0,0,0,Q060::2
Part3/outputs/answers_mistral_7b.csv,answers_mistral_7b,Q060,H,Countries,3,haiti,haiti,1,0,1,Q060::3
Part3/outputs/answers_mistral_7b.csv,answers_mistral_7b,Q060,H,Countries,4,holysee,holysee,0,0,0,Q060::4
Part3/outputs/answers_mistral_7b.csv,answers_mistral_7b,Q060,H,Countries,5,haiti,haiti,1,0,1,Q060::5
Part3/outputs/answers_mistral_7b.csv,answers_mistral_7b,Q060,H,Countries,6,hector islands,hector islands,0,0,0,Q060::6
Part3/outputs/answers_mistral_7b.csv,answers_mistral_7b,Q060,H,Countries,7,hector island,hector island,0,0,0,Q060::7
Part3/outputs/answers_mistral_7b.csv,answers_mistral_7b,Q060,H,Countries,8,henderson island,henderson island,0,0,0,Q060::8
Part3/outputs/answers_mistral_7b.csv,answers_mistral_7b,Q060,H,Countries,9,hungary,hungary,1,0,1,Q060::9
Part3/outputs/answers_mistral_7b.csv,answers_mistral_7b,Q060,H,Countries,10,hectoria,hectoria,0,0,0,Q060::10
Part3/outputs/answers_mistral_7b.csv,answers_mistral_7b,Q060,H,Countries,11,holysee,holysee,0,0,0,Q060::11
Part3/outputs/answers_mistral_7b.csv,answers_mistral_7b,Q060,H,Countries,12,hectoria (fictional),hectoria (fictional,0,0,0,Q060::12
Part3/outputs/answers_mistral_7b.csv,answers_mistral_7b,Q060,H,Countries,13,henderson island,henderson island,0,0,0,Q060::13
Part3/outputs/answers_mistral_7b.csv,answers_mistral_7b,Q060,H,Countries,14,hector island,hector island,0,0,0,Q060::14
Part3/outputs/answers_mistral_7b.csv,answers_mistral_7b,Q060,H,Countries,15,holland,holland,0,0,0,Q060::15
Part3/outputs/answers_mistral_7b.csv,answers_mistral_7b,Q060,H,Countries,16,hawaii,hawaii,0,0,0,Q060::16
Part3/outputs/answers_mistral_7b.csv,answers_mistral_7b,Q060,H,Countries,17,holland,holland,0,0,0,Q060::17
Part3/outputs/answers_mistral_7b.csv,answers_mistral_7b,Q060,H,Countries,18,haiti,haiti,1,0,1,Q060::18
Part3/outputs/answers_mistral_7b.csv,answers_mistral_7b,Q060,H,Countries,19,henderson (island),henderson (island,0,0,0,Q060::19
Part3/outputs/answers_mistral_7b.csv,answers_mistral_7b,Q061,I,Musical artists,0,ice-cube,ice-cube,0,0,0,Q061::0
Part3/outputs/answers_mistral_7b.csv,answers_mistral_7b,Q061,I,Musical artists,1,ice-ice-baby vanilla-ice,ice-ice-baby vanilla-ice,0,0,0,Q061::1
Part3/outputs/answers_mistral_7b.csv,answers_mistral_7b,Q061,I,Musical artists,2,ice-cube,ice-cube,0,0,0,Q061::2
Part3/outputs/answers_mistral_7b.csv,answers_mistral_7b,Q061,I,Musical artists,3,ice-cube,ice-cube,0,0,0,Q061::3
Part3/outputs/answers_mistral_7b.csv,answers_mistral_7b,Q061,I,Musical artists,4,ice-blue-eyes (Yazoo),ice-blue-eyes (yazoo,0,0,0,Q061::4
Part3/outputs/answers_mistral_7b.csv,answers_mistral_7b,Q061,I,Musical artists,5,ice-ice-baby (vanilla ice),ice-ice-baby (vanilla ice,0,0,0,Q061::5
Part3/outputs/answers_mistral_7b.csv,answers_mistral_7b,Q061,I,Musical artists,6,ice-cube,ice-cube,0,0,0,Q061::6
Part3/outputs/answers_mistral_7b.csv,answers_mistral_7b,Q061,I,Musical artists,7,ice-cube,ice-cube,0,0,0,Q061::7
Part3/outputs/answers_mistral_7b.csv,answers_mistral_7b,Q061,I,Musical artists,8,ice-ice-baby vanilla ice,ice-ice-baby vanilla ice,0,0,0,Q061::8
Part3/outputs/answers_mistral_7b.csv,answers_mistral_7b,Q061,I,Musical artists,9,irish band (The Cranberries),irish band (the cranberries,0,0,0,Q061::9
Part3/outputs/answers_mistral_7b.csv,answers_mistral_7b,Q061,I,Musical artists,10,ice-cube,ice-cube,0,0,0,Q061::10
Part3/outputs/answers_mistral_7b.csv,answers_mistral_7b,Q061,I,Musical artists,11,ice-ice-baby (vanilla ice),ice-ice-baby (vanilla ice,0,0,0,Q061::11
Part3/outputs/answers_mistral_7b.csv,answers_mistral_7b,Q061,I,Musical artists,12,irish folk band (the chieftains),irish folk band (the chieftains,0,0,0,Q061::12
Part3/outputs/answers_mistral_7b.csv,answers_mistral_7b,Q061,I,Musical artists,13,irish band (U2),irish band (u2,0,0,0,Q061::13
Part3/outputs/answers_mistral_7b.csv,answers_mistral_7b,Q061,I,Musical artists,14,ice-cube,ice-cube,0,0,0,Q061::14
Part3/outputs/answers_mistral_7b.csv,answers_mistral_7b,Q061,I,Musical artists,15,ice-cube,ice-cube,0,0,0,Q061::15
Part3/outputs/answers_mistral_7b.csv,answers_mistral_7b,Q061,I,Musical artists,16,ice-ice-baby (vanilla ice),ice-ice-baby (vanilla ice,0,0,0,Q061::16
Part3/outputs/answers_mistral_7b.csv,answers_mistral_7b,Q061,I,Musical artists,17,ice-ice-baby (vanilla ice),ice-ice-baby (vanilla ice,0,0,0,Q061::17
Part3/outputs/answers_mistral_7b.csv,answers_mistral_7b,Q061,I,Musical artists,18,ice-ice-baby vanilla ice,ice-ice-baby vanilla ice,0,0,0,Q061::18
Part3/outputs/answers_mistral_7b.csv,answers_mistral_7b,Q061,I,Musical artists,19,irish bands,irish bands,0,0,0,Q061::19
Part3/outputs/answers_mistral_7b.csv,answers_mistral_7b,Q062,J,Things in a refrigerator,0,juice box,juice box,1,0,1,Q062::0
Part3/outputs/answers_mistral_7b.csv,answers_mistral_7b,Q062,J,Things in a refrigerator,1,juice jug,juice jug,1,0,1,Q062::1
Part3/outputs/answers_mistral_7b.csv,answers_mistral_7b,Q062,J,Things in a refrigerator,2,juice jug butter jam eggs yogurt,juice jug butter jam eggs yogurt,1,0,1,Q062::2
Part3/outputs/answers_mistral_7b.csv,answers_mistral_7b,Q062,J,Things in a refrigerator,3,juice jug,juice jug,1,1,0,Q062::3
Part3/outputs/answers_mistral_7b.csv,answers_mistral_7b,Q062,J,Things in a refrigerator,4,jam jar,jam jar,0,0,0,Q062::4
Part3/outputs/answers_mistral_7b.csv,answers_mistral_7b,Q062,J,Things in a refrigerator,5,juice jar,juice jar,1,0,1,Q062::5
Part3/outputs/answers_mistral_7b.csv,answers_mistral_7b,Q062,J,Things in a refrigerator,6,juice jug,juice jug,1,1,0,Q062::6
Part3/outputs/answers_mistral_7b.csv,answers_mistral_7b,Q062,J,Things in a refrigerator,7,juice jug,juice jug,1,1,0,Q062::7
Part3/outputs/answers_mistral_7b.csv,answers_mistral_7b,Q062,J,Things in a refrigerator,8,"juicebox, jam, jelly, yogurt, juice, butter","juicebox, jam, jelly, yogurt, juice, butter",1,0,1,Q062::8
Part3/outputs/answers_mistral_7b.csv,answers_mistral_7b,Q062,J,Things in a refrigerator,9,juicebox,juicebox,1,0,1,Q062::9
Part3/outputs/answers_mistral_7b.csv,answers_mistral_7b,Q062,J,Things in a refrigerator,10,juice jug butter,juice jug butter,0,0,0,Q062::10
Part3/outputs/answers_mistral_7b.csv,answers_mistral_7b,Q062,J,Things in a refrigerator,11,juice jug,juice jug,1,1,0,Q062::11
Part3/outputs/answers_mistral_7b.csv,answers_mistral_7b,Q062,J,Things in a refrigerator,12,juice jug,juice jug,1,0,1,Q062::12
Part3/outputs/answers_mistral_7b.csv,answers_mistral_7b,Q062,J,Things in a refrigerator,13,juice box,juice box,1,0,1,Q062::13
Part3/outputs/answers_mistral_7b.csv,answers_mistral_7b,Q062,J,Things in a refrigerator,14,juice jug,juice jug,1,1,0,Q062::14
Part3/outputs/answers_mistral_7b.csv,answers_mistral_7b,Q062,J,Things in a refrigerator,15,juice jugs jam,juice jugs jam,0,0,0,Q062::15
Part3/outputs/answers_mistral_7b.csv,answers_mistral_7b,Q062,J,Things in a refrigerator,16,juice jug,juice jug,1,1,0,Q062::16
Part3/outputs/answers_mistral_7b.csv,answers_mistral_7b,Q062,J,Things in a refrigerator,17,juice jug,juice jug,1,0,1,Q062::17
Part3/outputs/answers_mistral_7b.csv,answers_mistral_7b,Q062,J,Things in a refrigerator,18,juice jug,juice jug,1,1,0,Q062::18
Part3/outputs/answers_mistral_7b.csv,answers_mistral_7b,Q062,J,Things in a refrigerator,19,juice jug,juice jug,1,1,0,Q062::19
Part3/outputs/answers_mistral_7b.csv,answers_mistral_7b,Q063,K,Cities,0,kansas-city,kansas-city,0,0,0,Q063::0
Part3/outputs/answers_mistral_7b.csv,answers_mistral_7b,Q063,K,Cities,1,kyoto,kyoto,1,0,1,Q063::1
Part3/outputs/answers_mistral_7b.csv,answers_mistral_7b,Q063,K,Cities,2,kansas-city,kansas-city,0,0,0,Q063::2
Part3/outputs/answers_mistral_7b.csv,answers_mistral_7b,Q063,K,Cities,3,kyoto,kyoto,1,1,0,Q063::3
Part3/outputs/answers_mistral_7b.csv,answers_mistral_7b,Q063,K,Cities,4,kansas-city,kansas-city,0,0,0,Q063::4
Part3/outputs/answers_mistral_7b.csv,answers_mistral_7b,Q063,K,Cities,5,kyoto,kyoto,1,0,1,Q063::5
Part3/outputs/answers_mistral_7b.csv,answers_mistral_7b,Q063,K,Cities,6,kansas-city,kansas-city,0,0,0,Q063::6
Part3/outputs/answers_mistral_7b.csv,answers_mistral_7b,Q063,K,Cities,7,kyoto,kyoto,1,1,0,Q063::7
Part3/outputs/answers_mistral_7b.csv,answers_mistral_7b,Q063,K,Cities,8,kansas-city,kansas-city,0,0,0,Q063::8
Part3/outputs/answers_mistral_7b.csv,answers_mistral_7b,Q063,K,Cities,9,kyoto,kyoto,1,1,0,Q063::9
Part3/outputs/answers_mistral_7b.csv,answers_mistral_7b,Q063,K,Cities,10,kansas-city,kansas-city,0,0,0,Q063::10
Part3/outputs/answers_mistral_7b.csv,answers_mistral_7b,Q063,K,Cities,11,kansas_city,kansas_city,0,0,0,Q063::11
Part3/outputs/answers_mistral_7b.csv,answers_mistral_7b,Q063,K,Cities,12,kyoto,kyoto,1,1,0,Q063::12
Part3/outputs/answers_mistral_7b.csv,answers_mistral_7b,Q063,K,Cities,13,kyoto,kyoto,1,1,0,Q063::13
Part3/outputs/answers_mistral_7b.csv,answers_mistral_7b,Q063,K,Cities,14,kyoto,kyoto,1,0,1,Q063::14
Part3/outputs/answers_mistral_7b.csv,answers_mistral_7b,Q063,K,Cities,15,kansas-city,kansas-city,0,0,0,Q063::15
Part3/outputs/answers_mistral_7b.csv,answers_mistral_7b,Q063,K,Cities,16,kyoto,kyoto,1,1,0,Q063::16
Part3/outputs/answers_mistral_7b.csv,answers_mistral_7b,Q063,K,Cities,17,kyoto,kyoto,1,0,1,Q063::17
Part3/outputs/answers_mistral_7b.csv,answers_mistral_7b,Q063,K,Cities,18,kyoto,kyoto,1,0,1,Q063::18
Part3/outputs/answers_mistral_7b.csv,answers_mistral_7b,Q063,K,Cities,19,kansas-city,kansas-city,0,0,0,Q063::19
Part3/outputs/answers_mistral_7b.csv,answers_mistral_7b,Q064,L,Things in a library,0,bookcase lamp desk chair shelf table book cart,bookcase lamp desk chair shelf table book cart,1,0,1,Q064::0
Part3/outputs/answers_mistral_7b.csv,answers_mistral_7b,Q064,L,Things in a library,1,bookcart,bookcart,0,0,0,Q064::1
Part3/outputs/answers_mistral_7b.csv,answers_mistral_7b,Q064,L,Things in a library,2,bookcase,bookcase,1,1,0,Q064::2
Part3/outputs/answers_mistral_7b.csv,answers_mistral_7b,Q064,L,Things in a library,3,bookcart,bookcart,0,0,0,Q064::3
Part3/outputs/answers_mistral_7b.csv,answers_mistral_7b,Q064,L,Things in a library,4,bookcase ladders literature magazines lamps,bookcase ladders literature magazines lamps,1,0,1,Q064::4
Part3/outputs/answers_mistral_7b.csv,answers_mistral_7b,Q064,L,Things in a library,5,bookcase ladder lamps louvre magazine rack,bookcase ladder lamps louvre magazine rack,1,0,1,Q064::5
Part3/outputs/answers_mistral_7b.csv,answers_mistral_7b,Q064,L,Things in a library,6,bookcase lamp desk chair shelves bookshelf,bookcase lamp desk chair shelves bookshelf,1,0,1,Q064::6
Part3/outputs/answers_mistral_7b.csv,answers_mistral_7b,Q064,L,Things in a library,7,bookshelf,bookshelf,1,1,0,Q064::7
Part3/outputs/answers_mistral_7b.csv,answers_mistral_7b,Q064,L,Things in a library,8,bookcase ladder librarian literature loom large louvre lantern lamp,bookcase ladder librarian literature loom large louvre lantern lamp,1,0,1,Q064::8
Part3/outputs/answers_mistral_7b.csv,answers_mistral_7b,Q064,L,Things in a library,9,leatherbound book,leatherbound book,1,0,1,Q064::9
Part3/outputs/answers_mistral_7b.csv,answers_mistral_7b,Q064,L,Things in a library,10,library ladder,library ladder,1,0,1,Q064::10
Part3/outputs/answers_mistral_7b.csv,answers_mistral_7b,Q064,L,Things in a library,11,bookcart,bookcart,0,0,0,Q064::11
Part3/outputs/answers_mistral_7b.csv,answers_mistral_7b,Q064,L,Things in a library,12,bookcart,bookcart,0,0,0,Q064::12
Part3/outputs/answers_mistral_7b.csv,answers_mistral_7b,Q064,L,Things in a library,13,bookcart,bookcart,0,0,0,Q064::13
Part3/outputs/answers_mistral_7b.csv,answers_mistral_7b,Q064,L,Things in a library,14,bookcases,bookcases,1,0,1,Q064::14
Part3/outputs/answers_mistral_7b.csv,answers_mistral_7b,Q064,L,Things in a library,15,bookcase ladders magazines literature,bookcase ladders magazines literature,0,0,0,Q064::15
Part3/outputs/answers_mistral_7b.csv,answers_mistral_7b,Q064,L,Things in a library,16,bookcase,bookcase,1,0,1,Q064::16
Part3/outputs/answers_mistral_7b.csv,answers_mistral_7b,Q064,L,Things in a library,17,bookshelf,bookshelf,1,0,1,Q064::17
Part3/outputs/answers_mistral_7b.csv,answers_mistral_7b,Q064,L,Things in a library,18,bookcase ladder lamps light switch lounge chair laptop,bookcase ladder lamps light switch lounge chair laptop,1,0,1,Q064::18
Part3/outputs/answers_mistral_7b.csv,answers_mistral_7b,Q064,L,Things in a library,19,bookcase ladder library lounger magazine rack shelf tables,bookcase ladder library lounger magazine rack shelf tables,0,0,0,Q064::19
Part3/outputs/answers_mistral_7b_player2.csv,answers_mistral_7b_player2,Q001,A,Animals,0,albatross,albatross,1,0,1,Q001::0
Part3/outputs/answers_mistral_7b_player2.csv,answers_mistral_7b_player2,Q001,A,Animals,1,antelope,antelope,1,0,1,Q001::1
Part3/outputs/answers_mistral_7b_player2.csv,answers_mistral_7b_player2,Q001,A,Animals,2,aardvark,aardvark,1,1,0,Q001::2
Part3/outputs/answers_mistral_7b_player2.csv,answers_mistral_7b_player2,Q001,A,Animals,3,aardvark,aardvark,1,0,1,Q001::3
Part3/outputs/answers_mistral_7b_player2.csv,answers_mistral_7b_player2,Q001,A,Animals,4,aardvark,aardvark,1,1,0,Q001::4
Part3/outputs/answers_mistral_7b_player2.csv,answers_mistral_7b_player2,Q001,A,Animals,5,aardvark,aardvark,1,0,1,Q001::5
Part3/outputs/answers_mistral_7b_player2.csv,answers_mistral_7b_player2,Q001,A,Animals,6,aardvark,aardvark,1,0,1,Q001::6
Part3/outputs/answers_mistral_7b_player2.csv,answers_mistral_7b_player2,Q001,A,Animals,7,antelope,antelope,1,0,1,Q001::7
Part3/outputs/answers_mistral_7b_player2.csv,answers_mistral_7b_player2,Q001,A,Animals,8,aardvark,aardvark,1,1,0,Q001::8
Part3/outputs/answers_mistral_7b_player2.csv,answers_mistral_7b_player2,Q001,A,Animals,9,aardvark,aardvark,1,0,1,Q001::9
Part3/outputs/answers_mistral_7b_player2.csv,answers_mistral_7b_player2,Q001,A,Animals,10,albatross,albatross,1,0,1,Q001::10
Part3/outputs/answers_mistral_7b_player2.csv,answers_mistral_7b_player2,Q001,A,Animals,11,aardvark,aardvark,1,0,1,Q001::11
Part3/outputs/answers_mistral_7b_player2.csv,answers_mistral_7b_player2,Q001,A,Animals,12,aardvark,aardvark,1,0,1,Q001::12
Part3/outputs/answers_mistral_7b_player2.csv,answers_mistral_7b_player2,Q001,A,Animals,13,aardvark,aardvark,1,0,1,Q001::13
Part3/outputs/answers_mistral_7b_player2.csv,answers_mistral_7b_player2,Q001,A,Animals,14,aardvark,aardvark,1,0,1,Q001::14
Part3/outputs/answers_mistral_7b_player2.csv,answers_mistral_7b_player2,Q001,A,Animals,15,aardvark,aardvark,1,1,0,Q001::15
Part3/outputs/answers_mistral_7b_player2.csv,answers_mistral_7b_player2,Q001,A,Animals,16,aardvark,aardvark,1,1,0,Q001::16
Part3/outputs/answers_mistral_7b_player2.csv,answers_mistral_7b_player2,Q001,A,Animals,17,antelope,antelope,1,0,1,Q001::17
Part3/outputs/answers_mistral_7b_player2.csv,answers_mistral_7b_player2,Q001,A,Animals,18,albatross,albatross,1,0,1,Q001::18
Part3/outputs/answers_mistral_7b_player2.csv,answers_mistral_7b_player2,Q001,A,Animals,19,aardvark,aardvark,1,0,1,Q001::19
Part3/outputs/answers_mistral_7b_player2.csv,answers_mistral_7b_player2,Q002,A,Jobs,0,apricot farmer,apricot farmer,0,0,0,Q002::0
Part3/outputs/answers_mistral_7b_player2.csv,answers_mistral_7b_player2,Q002,A,Jobs,1,apothecary,apothecary,1,0,1,Q002::1
Part3/outputs/answers_mistral_7b_player2.csv,answers_mistral_7b_player2,Q002,A,Jobs,2,aircraft assembler,aircraft assembler,1,0,1,Q002::2
Part3/outputs/answers_mistral_7b_player2.csv,answers_mistral_7b_player2,Q002,A,Jobs,3,artist assistant,artist assistant,1,0,1,Q002::3
Part3/outputs/answers_mistral_7b_player2.csv,answers_mistral_7b_player2,Q002,A,Jobs,4,architect assistant,architect assistant,0,0,0,Q002::4
Part3/outputs/answers_mistral_7b_player2.csv,answers_mistral_7b_player2,Q002,A,Jobs,5,accountant,accountant,1,0,1,Q002::5
Part3/outputs/answers_mistral_7b_player2.csv,answers_mistral_7b_player2,Q002,A,Jobs,6,artist assistant,artist assistant,1,0,1,Q002::6
Part3/outputs/answers_mistral_7b_player2.csv,answers_mistral_7b_player2,Q002,A,Jobs,7,architect assistant,architect assistant,0,0,0,Q002::7
Part3/outputs/answers_mistral_7b_player2.csv,answers_mistral_7b_player2,Q002,A,Jobs,8,accountant,accountant,1,0,1,Q002::8
Part3/outputs/answers_mistral_7b_player2.csv,answers_mistral_7b_player2,Q002,A,Jobs,9,artist assistant,artist assistant,1,1,0,Q002::9
Part3/outputs/answers_mistral_7b_player2.csv,answers_mistral_7b_player2,Q002,A,Jobs,10,actor,actor,1,0,1,Q002::10
Part3/outputs/answers_mistral_7b_player2.csv,answers_mistral_7b_player2,Q002,A,Jobs,11,accountant,accountant,1,0,1,Q002::11
Part3/outputs/answers_mistral_7b_player2.csv,answers_mistral_7b_player2,Q002,A,Jobs,12,actor,actor,1,0,1,Q002::12
Part3/outputs/answers_mistral_7b_player2.csv,answers_mistral_7b_player2,Q002,A,Jobs,13,artist,artist,1,0,1,Q002::13
Part3/outputs/answers_mistral_7b_player2.csv,answers_mistral_7b_player2,Q002,A,Jobs,14,archaeologist assistant,archaeologist assistant,0,0,0,Q002::14
Part3/outputs/answers_mistral_7b_player2.csv,answers_mistral_7b_player2,Q002,A,Jobs,15,architect assistant,architect assistant,0,0,0,Q002::15
Part3/outputs/answers_mistral_7b_player2.csv,answers_mistral_7b_player2,Q002,A,Jobs,16,airline pilot,airline pilot,1,0,1,Q002::16
Part3/outputs/answers_mistral_7b_player2.csv,answers_mistral_7b_player2,Q002,A,Jobs,17,apartment manager,apartment manager,0,0,0,Q002::17
Part3/outputs/answers_mistral_7b_player2.csv,answers_mistral_7b_player2,Q002,A,Jobs,18,artist assistant,artist assistant,1,0,1,Q002::18
Part3/outputs/answers_mistral_7b_player2.csv,answers_mistral_7b_player2,Q002,A,Jobs,19,architect assistant,architect assistant,0,0,0,Q002::19
Part3/outputs/answers_mistral_7b_player2.csv,answers_mistral_7b_player2,Q003,B,Fruits,0,blueberry,blueberry,1,1,0,Q003::0
Part3/outputs/answers_mistral_7b_player2.csv,answers_mistral_7b_player2,Q003,B,Fruits,1,blueberry,blueberry,1,1,0,Q003::1
Part3/outputs/answers_mistral_7b_player2.csv,answers_mistral_7b_player2,Q003,B,Fruits,2,blueberry,blueberry,1,1,0,Q003::2
Part3/outputs/answers_mistral_7b_player2.csv,answers_mistral_7b_player2,Q003,B,Fruits,3,blueberry,blueberry,1,1,0,Q003::3
Part3/outputs/answers_mistral_7b_player2.csv,answers_mistral_7b_player2,Q003,B,Fruits,4,blueberry,blueberry,1,1,0,Q003::4
Part3/outputs/answers_mistral_7b_player2.csv,answers_mistral_7b_player2,Q003,B,Fruits,5,blueberry,blueberry,1,1,0,Q003::5
Part3/outputs/answers_mistral_7b_player2.csv,answers_mistral_7b_player2,Q003,B,Fruits,6,blueberry,blueberry,1,1,0,Q003::6
Part3/outputs/answers_mistral_7b_player2.csv,answers_mistral_7b_player2,Q003,B,Fruits,7,blueberry,blueberry,1,1,0,Q003::7
Part3/outputs/answers_mistral_7b_player2.csv,answers_mistral_7b_player2,Q003,B,Fruits,8,blueberry,blueberry,1,1,0,Q003::8
Part3/outputs/answers_mistral_7b_player2.csv,answers_mistral_7b_player2,Q003,B,Fruits,9,blueberry,blueberry,1,1,0,Q003::9
Part3/outputs/answers_mistral_7b_player2.csv,answers_mistral_7b_player2,Q003,B,Fruits,10,blueberry,blueberry,1,1,0,Q003::10
Part3/outputs/answers_mistral_7b_player2.csv,answers_mistral_7b_player2,Q003,B,Fruits,11,blueberry,blueberry,1,1,0,Q003::11
Part3/outputs/answers_mistral_7b_player2.csv,answers_mistral_7b_player2,Q003,B,Fruits,12,blueberry,blueberry,1,1,0,Q003::12
Part3/outputs/answers_mistral_7b_player2.csv,answers_mistral_7b_player2,Q003,B,Fruits,13,blueberry,blueberry,1,1,0,Q003::13
Part3/outputs/answers_mistral_7b_player2.csv,answers_mistral_7b_player2,Q003,B,Fruits,14,blueberry,blueberry,1,1,0,Q003::14
Part3/outputs/answers_mistral_7b_player2.csv,answers_mistral_7b_player2,Q003,B,Fruits,15,blueberry,blueberry,1,1,0,Q003::15
Part3/outputs/answers_mistral_7b_player2.csv,answers_mistral_7b_player2,Q003,B,Fruits,16,blueberry,blueberry,1,1,0,Q003::16
Part3/outputs/answers_mistral_7b_player2.csv,answers_mistral_7b_player2,Q003,B,Fruits,17,blueberry,blueberry,1,1,0,Q003::17
Part3/outputs/answers_mistral_7b_player2.csv,answers_mistral_7b_player2,Q003,B,Fruits,18,blueberry,blueberry,1,1,0,Q003::18
Part3/outputs/answers_mistral_7b_player2.csv,answers_mistral_7b_player2,Q003,B,Fruits,19,blueberry,blueberry,1,1,0,Q003::19
Part3/outputs/answers_mistral_7b_player2.csv,answers_mistral_7b_player2,Q004,B,Things that are red,0,brick,brick,1,1,0,Q004::0
Part3/outputs/answers_mistral_7b_player2.csv,answers_mistral_7b_player2,Q004,B,Things that are red,1,brick,brick,1,0,1,Q004::1
Part3/outputs/answers_mistral_7b_player2.csv,answers_mistral_7b_player2,Q004,B,Things that are red,2,brick,brick,1,1,0,Q004::2
Part3/outputs/answers_mistral_7b_player2.csv,answers_mistral_7b_player2,Q004,B,Things that are red,3,brick,brick,1,1,0,Q004::3
Part3/outputs/answers_mistral_7b_player2.csv,answers_mistral_7b_player2,Q004,B,Things that are red,4,brick,brick,1,1,0,Q004::4
Part3/outputs/answers_mistral_7b_player2.csv,answers_mistral_7b_player2,Q004,B,Things that are red,5,firetruck,firetruck,1,1,0,Q004::5
Part3/outputs/answers_mistral_7b_player2.csv,answers_mistral_7b_player2,Q004,B,Things that are red,6,brick,brick,1,0,1,Q004::6
Part3/outputs/answers_mistral_7b_player2.csv,answers_mistral_7b_player2,Q004,B,Things that are red,7,brick (building material),brick (building material,1,0,1,Q004::7
Part3/outputs/answers_mistral_7b_player2.csv,answers_mistral_7b_player2,Q004,B,Things that are red,8,"brick

Note: This is a computer simulation. I don't actually",brick note: this is a computer simulation. i don't actually,1,0,1,Q004::8
Part3/outputs/answers_mistral_7b_player2.csv,answers_mistral_7b_player2,Q004,B,Things that are red,9,brick,brick,1,1,0,Q004::9
Part3/outputs/answers_mistral_7b_player2.csv,answers_mistral_7b_player2,Q004,B,Things that are red,10,brick,brick,1,1,0,Q004::10
Part3/outputs/answers_mistral_7b_player2.csv,answers_mistral_7b_player2,Q004,B,Things that are red,11,brick,brick,1,1,0,Q004::11
Part3/outputs/answers_mistral_7b_player2.csv,answers_mistral_7b_player2,Q004,B,Things that are red,12,brick,brick,1,1,0,Q004::12
Part3/outputs/answers_mistral_7b_player2.csv,answers_mistral_7b_player2,Q004,B,Things that are red,13,brick,brick,1,1,0,Q004::13
Part3/outputs/answers_mistral_7b_player2.csv,answers_mistral_7b_player2,Q004,B,Things that are red,14,brick,brick,1,1,0,Q004::14
Part3/outputs/answers_mistral_7b_player2.csv,answers_mistral_7b_player2,Q004,B,Things that are red,15,brick,brick,1,1,0,Q004::15
Part3/outputs/answers_mistral_7b_player2.csv,answers_mistral_7b_player2,Q004,B,Things that are red,16,brick,brick,1,1,0,Q004::16
Part3/outputs/answers_mistral_7b_player2.csv,answers_mistral_7b_player2,Q004,B,Things that are red,17,brick,brick,1,1,0,Q004::17
Part3/outputs/answers_mistral_7b_player2.csv,answers_mistral_7b_player2,Q004,B,Things that are red,18,brick,brick,1,1,0,Q004::18
Part3/outputs/answers_mistral_7b_player2.csv,answers_mistral_7b_player2,Q004,B,Things that are red,19,firetruck,firetruck,1,0,1,Q004::19
Part3/outputs/answers_mistral_7b_player2.csv,answers_mistral_7b_player2,Q005,C,Countries,0,canada,canada,1,1,0,Q005::0
Part3/outputs/answers_mistral_7b_player2.csv,answers_mistral_7b_player2,Q005,C,Countries,1,canada,canada,1,1,0,Q005::1
Part3/outputs/answers_mistral_7b_player2.csv,answers_mistral_7b_player2,Q005,C,Countries,2,canada,canada,1,1,0,Q005::2
Part3/outputs/answers_mistral_7b_player2.csv,answers_mistral_7b_player2,Q005,C,Countries,3,canada,canada,1,1,0,Q005::3
Part3/outputs/answers_mistral_7b_player2.csv,answers_mistral_7b_player2,Q005,C,Countries,4,canada,canada,1,1,0,Q005::4
Part3/outputs/answers_mistral_7b_player2.csv,answers_mistral_7b_player2,Q005,C,Countries,5,canada,canada,1,1,0,Q005::5
Part3/outputs/answers_mistral_7b_player2.csv,answers_mistral_7b_player2,Q005,C,Countries,6,canada,canada,1,1,0,Q005::6
Part3/outputs/answers_mistral_7b_player2.csv,answers_mistral_7b_player2,Q005,C,Countries,7,canada,canada,1,1,0,Q005::7
Part3/outputs/answers_mistral_7b_player2.csv,answers_mistral_7b_player2,Q005,C,Countries,8,canada,canada,1,1,0,Q005::8
Part3/outputs/answers_mistral_7b_player2.csv,answers_mistral_7b_player2,Q005,C,Countries,9,canada,canada,1,1,0,Q005::9
Part3/outputs/answers_mistral_7b_player2.csv,answers_mistral_7b_player2,Q005,C,Countries,10,canada,canada,1,1,0,Q005::10
Part3/outputs/answers_mistral_7b_player2.csv,answers_mistral_7b_player2,Q005,C,Countries,11,canada,canada,1,1,0,Q005::11
Part3/outputs/answers_mistral_7b_player2.csv,answers_mistral_7b_player2,Q005,C,Countries,12,canada,canada,1,1,0,Q005::12
Part3/outputs/answers_mistral_7b_player2.csv,answers_mistral_7b_player2,Q005,C,Countries,13,canada,canada,1,1,0,Q005::13
Part3/outputs/answers_mistral_7b_player2.csv,answers_mistral_7b_player2,Q005,C,Countries,14,canada,canada,1,1,0,Q005::14
Part3/outputs/answers_mistral_7b_player2.csv,answers_mistral_7b_player2,Q005,C,Countries,15,canada,canada,1,1,0,Q005::15
Part3/outputs/answers_mistral_7b_player2.csv,answers_mistral_7b_player2,Q005,C,Countries,16,canada,canada,1,1,0,Q005::16
Part3/outputs/answers_mistral_7b_player2.csv,answers_mistral_7b_player2,Q005,C,Countries,17,canada,canada,1,1,0,Q005::17
Part3/outputs/answers_mistral_7b_player2.csv,answers_mistral_7b_player2,Q005,C,Countries,18,canada,canada,1,1,0,Q005::18
Part3/outputs/answers_mistral_7b_player2.csv,answers_mistral_7b_player2,Q005,C,Countries,19,canada,canada,1,1,0,Q005::19
Part3/outputs/answers_mistral_7b_player2.csv,answers_mistral_7b_player2,Q006,C,Board games,0,"cluedo

For clarification, here is a formatted version of","cluedo for clarification, here is a formatted version of",1,0,1,Q006::0
Part3/outputs/answers_mistral_7b_player2.csv,answers_mistral_7b_player2,Q006,C,Board games,1,charades clue game,charades clue game,0,0,0,Q006::1
Part3/outputs/answers_mistral_7b_player2.csv,answers_mistral_7b_player2,Q006,C,Board games,2,cluedo,cluedo,1,0,1,Q006::2
Part3/outputs/answers_mistral_7b_player2.csv,answers_mistral_7b_player2,Q006,C,Board games,3,cluedo,cluedo,1,1,0,Q006::3
Part3/outputs/answers_mistral_7b_player2.csv,answers_mistral_7b_player2,Q006,C,Board games,4,cluedo,cluedo,1,1,0,Q006::4
Part3/outputs/answers_mistral_7b_player2.csv,answers_mistral_7b_player2,Q006,C,Board games,5,cluedo,cluedo,1,1,0,Q006::5
Part3/outputs/answers_mistral_7b_player2.csv,answers_mistral_7b_player2,Q006,C,Board games,6,cluedo,cluedo,1,0,1,Q006::6
Part3/outputs/answers_mistral_7b_player2.csv,answers_mistral_7b_player2,Q006,C,Board games,7,cluedo,cluedo,1,1,0,Q006::7
Part3/outputs/answers_mistral_7b_player2.csv,answers_mistral_7b_player2,Q006,C,Board games,8,cluedo,cluedo,1,1,0,Q006::8
Part3/outputs/answers_mistral_7b_player2.csv,answers_mistral_7b_player2,Q006,C,Board games,9,clockwork-orange,clockwork-orange,0,0,0,Q006::9
Part3/outputs/answers_mistral_7b_player2.csv,answers_mistral_7b_player2,Q006,C,Board games,10,cluedo,cluedo,1,1,0,Q006::10
Part3/outputs/answers_mistral_7b_player2.csv,answers_mistral_7b_player2,Q006,C,Board games,11,chinese checkers,chinese checkers,0,0,0,Q006::11
Part3/outputs/answers_mistral_7b_player2.csv,answers_mistral_7b_player2,Q006,C,Board games,12,cluedo,cluedo,1,1,0,Q006::12
Part3/outputs/answers_mistral_7b_player2.csv,answers_mistral_7b_player2,Q006,C,Board games,13,cluedo,cluedo,1,1,0,Q006::13
Part3/outputs/answers_mistral_7b_player2.csv,answers_mistral_7b_player2,Q006,C,Board games,14,cluedo,cluedo,1,1,0,Q006::14
Part3/outputs/answers_mistral_7b_player2.csv,answers_mistral_7b_player2,Q006,C,Board games,15,cluemastery,cluemastery,0,0,0,Q006::15
Part3/outputs/answers_mistral_7b_player2.csv,answers_mistral_7b_player2,Q006,C,Board games,16,cluedo,cluedo,1,1,0,Q006::16
Part3/outputs/answers_mistral_7b_player2.csv,answers_mistral_7b_player2,Q006,C,Board games,17,cluedo,cluedo,1,1,0,Q006::17
Part3/outputs/answers_mistral_7b_player2.csv,answers_mistral_7b_player2,Q006,C,Board games,18,cluedo,cluedo,1,1,0,Q006::18
Part3/outputs/answers_mistral_7b_player2.csv,answers_mistral_7b_player2,Q006,C,Board games,19,charades carcassonne chess checkers cluedo,charades carcassonne chess checkers cluedo,1,0,1,Q006::19
Part3/outputs/answers_mistral_7b_player2.csv,answers_mistral_7b_player2,Q007,D,Musical instruments,0,didgeridoo,didgeridoo,1,0,1,Q007::0
Part3/outputs/answers_mistral_7b_player2.csv,answers_mistral_7b_player2,Q007,D,Musical instruments,1,didgeridoo,didgeridoo,1,1,0,Q007::1
Part3/outputs/answers_mistral_7b_player2.csv,answers_mistral_7b_player2,Q007,D,Musical instruments,2,didgeridoo,didgeridoo,1,0,1,Q007::2
Part3/outputs/answers_mistral_7b_player2.csv,answers_mistral_7b_player2,Q007,D,Musical instruments,3,drumset,drumset,0,0,0,Q007::3
Part3/outputs/answers_mistral_7b_player2.csv,answers_mistral_7b_player2,Q007,D,Musical instruments,4,didgeridoo,didgeridoo,1,0,1,Q007::4
Part3/outputs/answers_mistral_7b_player2.csv,answers_mistral_7b_player2,Q007,D,Musical instruments,5,didgeridoo,didgeridoo,1,1,0,Q007::5
Part3/outputs/answers_mistral_7b_player2.csv,answers_mistral_7b_player2,Q007,D,Musical instruments,6,didgeridoo,didgeridoo,1,1,0,Q007::6
Part3/outputs/answers_mistral_7b_player2.csv,answers_mistral_7b_player2,Q007,D,Musical instruments,7,didgeridoo,didgeridoo,1,1,0,Q007::7
Part3/outputs/answers_mistral_7b_player2.csv,answers_mistral_7b_player2,Q007,D,Musical instruments,8,didgeridoo,didgeridoo,1,1,0,Q007::8
Part3/outputs/answers_mistral_7b_player2.csv,answers_mistral_7b_player2,Q007,D,Musical instruments,9,didgeridoo,didgeridoo,1,1,0,Q007::9
Part3/outputs/answers_mistral_7b_player2.csv,answers_mistral_7b_player2,Q007,D,Musical instruments,10,didgeridoo,didgeridoo,1,1,0,Q007::10
Part3/outputs/answers_mistral_7b_player2.csv,answers_mistral_7b_player2,Q007,D,Musical instruments,11,didgeridoo,didgeridoo,1,1,0,Q007::11
Part3/outputs/answers_mistral_7b_player2.csv,answers_mistral_7b_player2,Q007,D,Musical instruments,12,didgeridoo,didgeridoo,1,1,0,Q007::12
Part3/outputs/answers_mistral_7b_player2.csv,answers_mistral_7b_player2,Q007,D,Musical instruments,13,drumset,drumset,0,0,0,Q007::13
Part3/outputs/answers_mistral_7b_player2.csv,answers_mistral_7b_player2,Q007,D,Musical instruments,14,didgeridoo,didgeridoo,1,0,1,Q007::14
Part3/outputs/answers_mistral_7b_player2.csv,answers_mistral_7b_player2,Q007,D,Musical instruments,15,didgeridoo,didgeridoo,1,1,0,Q007::15
Part3/outputs/answers_mistral_7b_player2.csv,answers_mistral_7b_player2,Q007,D,Musical instruments,16,didgeridoo,didgeridoo,1,1,0,Q007::16
Part3/outputs/answers_mistral_7b_player2.csv,answers_mistral_7b_player2,Q007,D,Musical instruments,17,didgeridoo,didgeridoo,1,1,0,Q007::17
Part3/outputs/answers_mistral_7b_player2.csv,answers_mistral_7b_player2,Q007,D,Musical instruments,18,didgeridoo,didgeridoo,1,1,0,Q007::18
Part3/outputs/answers_mistral_7b_player2.csv,answers_mistral_7b_player2,Q007,D,Musical instruments,19,didgeridoo,didgeridoo,1,1,0,Q007::19
Part3/outputs/answers_mistral_7b_player2.csv,answers_mistral_7b_player2,Q008,D,Things in a bathroom,0,dental floss,dental floss,1,0,1,Q008::0
Part3/outputs/answers_mistral_7b_player2.csv,answers_mistral_7b_player2,Q008,D,Things in a bathroom,1,toothpaste dispenser,toothpaste dispenser,0,0,0,Q008::1
Part3/outputs/answers_mistral_7b_player2.csv,answers_mistral_7b_player2,Q008,D,Things in a bathroom,2,dental floss,dental floss,1,0,1,Q008::2
Part3/outputs/answers_mistral_7b_player2.csv,answers_mistral_7b_player2,Q008,D,Things in a bathroom,3,dental floss,dental floss,1,0,1,Q008::3
Part3/outputs/answers_mistral_7b_player2.csv,answers_mistral_7b_player2,Q008,D,Things in a bathroom,4,hairdryer,hairdryer,1,0,1,Q008::4
Part3/outputs/answers_mistral_7b_player2.csv,answers_mistral_7b_player2,Q008,D,Things in a bathroom,5,hairdryer,hairdryer,1,0,1,Q008::5
Part3/outputs/answers_mistral_7b_player2.csv,answers_mistral_7b_player2,Q008,D,Things in a bathroom,6,toothbrush holder,toothbrush holder,1,0,1,Q008::6
Part3/outputs/answers_mistral_7b_player2.csv,answers_mistral_7b_player2,Q008,D,Things in a bathroom,7,detergent dispensers,detergent dispensers,0,0,0,Q008::7
Part3/outputs/answers_mistral_7b_player2.csv,answers_mistral_7b_player2,Q008,D,Things in a bathroom,8,toothbrush holder,toothbrush holder,1,0,1,Q008::8
Part3/outputs/answers_mistral_7b_player2.csv,answers_mistral_7b_player2,Q008,D,Things in a bathroom,9,dentifrice,dentifrice,1,0,1,Q008::9
Part3/outputs/answers_mistral_7b_player2.csv,answers_mistral_7b_player2,Q008,D,Things in a bathroom,10,toothbrush holder,toothbrush holder,1,0,1,Q008::10
Part3/outputs/answers_mistral_7b_player2.csv,answers_mistral_7b_player2,Q008,D,Things in a bathroom,11,dish rack,dish rack,0,0,0,Q008::11
Part3/outputs/answers_mistral_7b_player2.csv,answers_mistral_7b_player2,Q008,D,Things in a bathroom,12,dental floss,dental floss,1,0,1,Q008::12
Part3/outputs/answers_mistral_7b_player2.csv,answers_mistral_7b_player2,Q008,D,Things in a bathroom,13,toothbrush holder,toothbrush holder,1,0,1,Q008::13
Part3/outputs/answers_mistral_7b_player2.csv,answers_mistral_7b_player2,Q008,D,Things in a bathroom,14,dish rack,dish rack,0,0,0,Q008::14
Part3/outputs/answers_mistral_7b_player2.csv,answers_mistral_7b_player2,Q008,D,Things in a bathroom,15,toothbrush denture,toothbrush denture,0,0,0,Q008::15
Part3/outputs/answers_mistral_7b_player2.csv,answers_mistral_7b_player2,Q008,D,Things in a bathroom,16,dish rack,dish rack,0,0,0,Q008::16
Part3/outputs/answers_mistral_7b_player2.csv,answers_mistral_7b_player2,Q008,D,Things in a bathroom,17,dish rack,dish rack,0,0,0,Q008::17
Part3/outputs/answers_mistral_7b_player2.csv,answers_mistral_7b_player2,Q008,D,Things in a bathroom,18,toothpaste dispenser,toothpaste dispenser,0,0,0,Q008::18
Part3/outputs/answers_mistral_7b_player2.csv,answers_mistral_7b_player2,Q008,D,Things in a bathroom,19,dish rack,dish rack,0,0,0,Q008::19
Part3/outputs/answers_mistral_7b_player2.csv,answers_mistral_7b_player2,Q009,E,Sports,0,extreme skiing,extreme skiing,1,1,0,Q009::0
Part3/outputs/answers_mistral_7b_player2.csv,answers_mistral_7b_player2,Q009,E,Sports,1,equestrian-event,equestrian-event,0,0,0,Q009::1
Part3/outputs/answers_mistral_7b_player2.csv,answers_mistral_7b_player2,Q009,E,Sports,2,extreme skiing,extreme skiing,1,1,0,Q009::2
Part3/outputs/answers_mistral_7b_player2.csv,answers_mistral_7b_player2,Q009,E,Sports,3,extreme skiing,extreme skiing,1,0,1,Q009::3
Part3/outputs/answers_mistral_7b_player2.csv,answers_mistral_7b_player2,Q009,E,Sports,4,extreme skiing,extreme skiing,1,1,0,Q009::4
Part3/outputs/answers_mistral_7b_player2.csv,answers_mistral_7b_player2,Q009,E,Sports,5,extreme skiing,extreme skiing,1,0,1,Q009::5
Part3/outputs/answers_mistral_7b_player2.csv,answers_mistral_7b_player2,Q009,E,Sports,6,extreme skiing,extreme skiing,1,1,0,Q009::6
Part3/outputs/answers_mistral_7b_player2.csv,answers_mistral_7b_player2,Q009,E,Sports,7,extreme skiing,extreme skiing,1,0,1,Q009::7
Part3/outputs/answers_mistral_7b_player2.csv,answers_mistral_7b_player2,Q009,E,Sports,8,extreme skiing,extreme skiing,1,1,0,Q009::8
Part3/outputs/answers_mistral_7b_player2.csv,answers_mistral_7b_player2,Q009,E,Sports,9,extreme skating,extreme skating,0,0,0,Q009::9
Part3/outputs/answers_mistral_7b_player2.csv,answers_mistral_7b_player2,Q009,E,Sports,10,extreme skiing,extreme skiing,1,1,0,Q009::10
Part3/outputs/answers_mistral_7b_player2.csv,answers_mistral_7b_player2,Q009,E,Sports,11,ultimate frisbee,ultimate frisbee,1,0,1,Q009::11
Part3/outputs/answers_mistral_7b_player2.csv,answers_mistral_7b_player2,Q009,E,Sports,12,extremist's egg chase,extremist's egg chase,0,0,0,Q009::12
Part3/outputs/answers_mistral_7b_player2.csv,answers_mistral_7b_player2,Q009,E,Sports,13,extreme skiing,extreme skiing,1,0,1,Q009::13
Part3/outputs/answers_mistral_7b_player2.csv,answers_mistral_7b_player2,Q009,E,Sports,14,extreme skiing,extreme skiing,1,1,0,Q009::14
Part3/outputs/answers_mistral_7b_player2.csv,answers_mistral_7b_player2,Q009,E,Sports,15,extreme skiing,extreme skiing,1,1,0,Q009::15
Part3/outputs/answers_mistral_7b_player2.csv,answers_mistral_7b_player2,Q009,E,Sports,16,extreme skiing,extreme skiing,1,1,0,Q009::16
Part3/outputs/answers_mistral_7b_player2.csv,answers_mistral_7b_player2,Q009,E,Sports,17,extreme skiing,extreme skiing,1,1,0,Q009::17
Part3/outputs/answers_mistral_7b_player2.csv,answers_mistral_7b_player2,Q009,E,Sports,18,extreme-skiing,extreme-skiing,1,1,0,Q009::18
Part3/outputs/answers_mistral_7b_player2.csv,answers_mistral_7b_player2,Q009,E,Sports,19,extreme skiing,extreme skiing,1,0,1,Q009::19
Part3/outputs/answers_mistral_7b_player2.csv,answers_mistral_7b_player2,Q010,E,Movie titles,0,einstein-racehoax,einstein-racehoax,0,0,0,Q010::0
Part3/outputs/answers_mistral_7b_player2.csv,answers_mistral_7b_player2,Q010,E,Movie titles,1,eternal sunshine of the spotless mind,eternal sunshine of the spotless mind,0,0,0,Q010::1
Part3/outputs/answers_mistral_7b_player2.csv,answers_mistral_7b_player2,Q010,E,Movie titles,2,"easter bunny, killers","easter bunny, killers",0,0,0,Q010::2
Part3/outputs/answers_mistral_7b_player2.csv,answers_mistral_7b_player2,Q010,E,Movie titles,3,eternal sunshine of the spotless mind,eternal sunshine of the spotless mind,0,0,0,Q010::3
Part3/outputs/answers_mistral_7b_player2.csv,answers_mistral_7b_player2,Q010,E,Movie titles,4,eternal sunshine of the spotless mind,eternal sunshine of the spotless mind,0,0,0,Q010::4
Part3/outputs/answers_mistral_7b_player2.csv,answers_mistral_7b_player2,Q010,E,Movie titles,5,empire strike back,empire strike back,0,0,0,Q010::5
Part3/outputs/answers_mistral_7b_player2.csv,answers_mistral_7b_player2,Q010,E,Movie titles,6,empire strike back,empire strike back,0,0,0,Q010::6
Part3/outputs/answers_mistral_7b_player2.csv,answers_mistral_7b_player2,Q010,E,Movie titles,7,ember awake,ember awake,0,0,0,Q010::7
Part3/outputs/answers_mistral_7b_player2.csv,answers_mistral_7b_player2,Q010,E,Movie titles,8,eternal sunshine of the spotless mind,eternal sunshine of the spotless mind,0,0,0,Q010::8
Part3/outputs/answers_mistral_7b_player2.csv,answers_mistral_7b_player2,Q010,E,Movie titles,9,emperor's new groove,emperor's new groove,1,0,1,Q010::9
Part3/outputs/answers_mistral_7b_player2.csv,answers_mistral_7b_player2,Q010,E,Movie titles,10,eternal sunshine of the spotless mind,eternal sunshine of the spotless mind,0,0,0,Q010::10
Part3/outputs/answers_mistral_7b_player2.csv,answers_mistral_7b_player2,Q010,E,Movie titles,11,empire strikes back,empire strikes back,0,0,0,Q010::11
Part3/outputs/answers_mistral_7b_player2.csv,answers_mistral_7b_player2,Q010,E,Movie titles,12,eastwood's revenge,eastwood's revenge,0,0,0,Q010::12
Part3/outputs/answers_mistral_7b_player2.csv,answers_mistral_7b_player2,Q010,E,Movie titles,13,empires strike back,empires strike back,0,0,0,Q010::13
Part3/outputs/answers_mistral_7b_player2.csv,answers_mistral_7b_player2,Q010,E,Movie titles,14,eastern promise,eastern promise,0,0,0,Q010::14
Part3/outputs/answers_mistral_7b_player2.csv,answers_mistral_7b_player2,Q010,E,Movie titles,15,eternal sunshine of the spotless mind,eternal sunshine of the spotless mind,0,0,0,Q010::15
Part3/outputs/answers_mistral_7b_player2.csv,answers_mistral_7b_player2,Q010,E,Movie titles,16,eternal sunshine of the spotless mind,eternal sunshine of the spotless mind,0,0,0,Q010::16
Part3/outputs/answers_mistral_7b_player2.csv,answers_mistral_7b_player2,Q010,E,Movie titles,17,eternal sunshine of the spotless mind,eternal sunshine of the spotless mind,0,0,0,Q010::17
Part3/outputs/answers_mistral_7b_player2.csv,answers_mistral_7b_player2,Q010,E,Movie titles,18,empire strike back,empire strike back,0,0,0,Q010::18
Part3/outputs/answers_mistral_7b_player2.csv,answers_mistral_7b_player2,Q010,E,Movie titles,19,eternal sunshine of the spotless mind,eternal sunshine of the spotless mind,0,0,0,Q010::19
Part3/outputs/answers_mistral_7b_player2.csv,answers_mistral_7b_player2,Q011,F,Fish,0,flounder,flounder,1,1,0,Q011::0
Part3/outputs/answers_mistral_7b_player2.csv,answers_mistral_7b_player2,Q011,F,Fish,1,flounder,flounder,1,1,0,Q011::1
Part3/outputs/answers_mistral_7b_player2.csv,answers_mistral_7b_player2,Q011,F,Fish,2,flounder,flounder,1,1,0,Q011::2
Part3/outputs/answers_mistral_7b_player2.csv,answers_mistral_7b_player2,Q011,F,Fish,3,flounder,flounder,1,1,0,Q011::3
Part3/outputs/answers_mistral_7b_player2.csv,answers_mistral_7b_player2,Q011,F,Fish,4,flounder,flounder,1,1,0,Q011::4
Part3/outputs/answers_mistral_7b_player2.csv,answers_mistral_7b_player2,Q011,F,Fish,5,flounder,flounder,1,1,0,Q011::5
Part3/outputs/answers_mistral_7b_player2.csv,answers_mistral_7b_player2,Q011,F,Fish,6,flounder,flounder,1,1,0,Q011::6
Part3/outputs/answers_mistral_7b_player2.csv,answers_mistral_7b_player2,Q011,F,Fish,7,flounder,flounder,1,1,0,Q011::7
Part3/outputs/answers_mistral_7b_player2.csv,answers_mistral_7b_player2,Q011,F,Fish,8,flounder,flounder,1,1,0,Q011::8
Part3/outputs/answers_mistral_7b_player2.csv,answers_mistral_7b_player2,Q011,F,Fish,9,flounder,flounder,1,1,0,Q011::9
Part3/outputs/answers_mistral_7b_player2.csv,answers_mistral_7b_player2,Q011,F,Fish,10,flounder,flounder,1,1,0,Q011::10
Part3/outputs/answers_mistral_7b_player2.csv,answers_mistral_7b_player2,Q011,F,Fish,11,flounder,flounder,1,0,1,Q011::11
Part3/outputs/answers_mistral_7b_player2.csv,answers_mistral_7b_player2,Q011,F,Fish,12,flounder,flounder,1,1,0,Q011::12
Part3/outputs/answers_mistral_7b_player2.csv,answers_mistral_7b_player2,Q011,F,Fish,13,flounder,flounder,1,1,0,Q011::13
Part3/outputs/answers_mistral_7b_player2.csv,answers_mistral_7b_player2,Q011,F,Fish,14,flounderfish,flounderfish,0,0,0,Q011::14
Part3/outputs/answers_mistral_7b_player2.csv,answers_mistral_7b_player2,Q011,F,Fish,15,flounder,flounder,1,1,0,Q011::15
Part3/outputs/answers_mistral_7b_player2.csv,answers_mistral_7b_player2,Q011,F,Fish,16,flounder,flounder,1,1,0,Q011::16
Part3/outputs/answers_mistral_7b_player2.csv,answers_mistral_7b_player2,Q011,F,Fish,17,flounder,flounder,1,1,0,Q011::17
Part3/outputs/answers_mistral_7b_player2.csv,answers_mistral_7b_player2,Q011,F,Fish,18,flounderfish,flounderfish,0,0,0,Q011::18
Part3/outputs/answers_mistral_7b_player2.csv,answers_mistral_7b_player2,Q011,F,Fish,19,flounder,flounder,1,1,0,Q011::19
Part3/outputs/answers_mistral_7b_player2.csv,answers_mistral_7b_player2,Q012,F,Things in a backpack,0,flashlightfolderfirstaidkitfanfarefruitfortunafoodfrisbe,flashlightfolderfirstaidkitfanfarefruitfortunafoodfrisbe,0,0,0,Q012::0
Part3/outputs/answers_mistral_7b_player2.csv,answers_mistral_7b_player2,Q012,F,Things in a backpack,1,flashlight fuel (fuel pack),flashlight fuel (fuel pack,0,0,0,Q012::1
Part3/outputs/answers_mistral_7b_player2.csv,answers_mistral_7b_player2,Q012,F,Things in a backpack,2,flashlightfoldablefanfirstaidkitfountainpenfood,flashlightfoldablefanfirstaidkitfountainpenfood,0,0,0,Q012::2
Part3/outputs/answers_mistral_7b_player2.csv,answers_mistral_7b_player2,Q012,F,Things in a backpack,3,flashlight,flashlight,1,0,1,Q012::3
Part3/outputs/answers_mistral_7b_player2.csv,answers_mistral_7b_player2,Q012,F,Things in a backpack,4,"flashlight, firstaidkit, foldablebackpack, foodbar, fle","flashlight, firstaidkit, foldablebackpack, foodbar, fle",0,0,0,Q012::4
Part3/outputs/answers_mistral_7b_player2.csv,answers_mistral_7b_player2,Q012,F,Things in a backpack,5,flashlight,flashlight,1,0,1,Q012::5
Part3/outputs/answers_mistral_7b_player2.csv,answers_mistral_7b_player2,Q012,F,Things in a backpack,6,flashlightfoldingknifefirstaidkitfruitchapstick,flashlightfoldingknifefirstaidkitfruitchapstick,0,0,0,Q012::6
Part3/outputs/answers_mistral_7b_player2.csv,answers_mistral_7b_player2,Q012,F,Things in a backpack,7,flashlightfolderfirstaidkitfanfuelwaterfoldablechair,flashlightfolderfirstaidkitfanfuelwaterfoldablechair,0,0,0,Q012::7
Part3/outputs/answers_mistral_7b_player2.csv,answers_mistral_7b_player2,Q012,F,Things in a backpack,8,"flashlight, first-aid-kit, fitness-band","flashlight, first-aid-kit, fitness-band",1,0,1,Q012::8
Part3/outputs/answers_mistral_7b_player2.csv,answers_mistral_7b_player2,Q012,F,Things in a backpack,9,"flashlight, first aid kit, foldable water bottle, fiber filled sleeping pad","flashlight, first aid kit, foldable water bottle, fiber filled sleeping pad",1,0,1,Q012::9
Part3/outputs/answers_mistral_7b_player2.csv,answers_mistral_7b_player2,Q012,F,Things in a backpack,10,flashlight fastener first aid kit foldable backpack food water,flashlight fastener first aid kit foldable backpack food water,0,0,0,Q012::10
Part3/outputs/answers_mistral_7b_player2.csv,answers_mistral_7b_player2,Q012,F,Things in a backpack,11,flashlightfleecefolderfirstaidkitfoldingknifefontanaf,flashlightfleecefolderfirstaidkitfoldingknifefontanaf,0,0,0,Q012::11
Part3/outputs/answers_mistral_7b_player2.csv,answers_mistral_7b_player2,Q012,F,Things in a backpack,12,flashlightfolderfirstaidkit,flashlightfolderfirstaidkit,0,0,0,Q012::12
Part3/outputs/answers_mistral_7b_player2.csv,answers_mistral_7b_player2,Q012,F,Things in a backpack,13,flashlight fuel (fuel pack),flashlight fuel (fuel pack,0,0,0,Q012::13
Part3/outputs/answers_mistral_7b_player2.csv,answers_mistral_7b_player2,Q012,F,Things in a backpack,14,flashlight,flashlight,1,0,1,Q012::14
Part3/outputs/answers_mistral_7b_player2.csv,answers_mistral_7b_player2,Q012,F,Things in a backpack,15,flashlightfoldingknifefirstaidkitfoodwater,flashlightfoldingknifefirstaidkitfoodwater,0,0,0,Q012::15
Part3/outputs/answers_mistral_7b_player2.csv,answers_mistral_7b_player2,Q012,F,Things in a backpack,16,"flashlight, first aid kit, foldable water bottle, fitness band, fold","flashlight, first aid kit, foldable water bottle, fitness band, fold",1,0,1,Q012::16
Part3/outputs/answers_mistral_7b_player2.csv,answers_mistral_7b_player2,Q012,F,Things in a backpack,17,"flashlight, first-aid-kit, folder","flashlight, first-aid-kit, folder",1,0,1,Q012::17
Part3/outputs/answers_mistral_7b_player2.csv,answers_mistral_7b_player2,Q012,F,Things in a backpack,18,flashlight-firstaidkit-foldingknife-foldablechair-,flashlight-firstaidkit-foldingknife-foldablechair,0,0,0,Q012::18
Part3/outputs/answers_mistral_7b_player2.csv,answers_mistral_7b_player2,Q012,F,Things in a backpack,19,flashlightfoldablefanfirstaidkitfood,flashlightfoldablefanfirstaidkitfood,0,0,0,Q012::19
Part3/outputs/answers_mistral_7b_player2.csv,answers_mistral_7b_player2,Q013,G,U.S. states,0,georgia,georgia,1,0,1,Q013::0
Part3/outputs/answers_mistral_7b_player2.csv,answers_mistral_7b_player2,Q013,G,U.S. states,1,granite-shore (G-Granite State) - for New Hampshire,granite-shore (g-granite state) - for new hampshire,0,0,0,Q013::1
Part3/outputs/answers_mistral_7b_player2.csv,answers_mistral_7b_player2,Q013,G,U.S. states,2,georgia,georgia,1,0,1,Q013::2
Part3/outputs/answers_mistral_7b_player2.csv,answers_mistral_7b_player2,Q013,G,U.S. states,3,georgia,georgia,1,0,1,Q013::3
Part3/outputs/answers_mistral_7b_player2.csv,answers_mistral_7b_player2,Q013,G,U.S. states,4,georgia,georgia,1,1,0,Q013::4
Part3/outputs/answers_mistral_7b_player2.csv,answers_mistral_7b_player2,Q013,G,U.S. states,5,georgia,georgia,1,1,0,Q013::5
Part3/outputs/answers_mistral_7b_player2.csv,answers_mistral_7b_player2,Q013,G,U.S. states,6,georgia,georgia,1,0,1,Q013::6
Part3/outputs/answers_mistral_7b_player2.csv,answers_mistral_7b_player2,Q013,G,U.S. states,7,grays harbor,grays harbor,0,0,0,Q013::7
Part3/outputs/answers_mistral_7b_player2.csv,answers_mistral_7b_player2,Q013,G,U.S. states,8,"granite (state, not county)","granite (state, not county",0,0,0,Q013::8
Part3/outputs/answers_mistral_7b_player2.csv,answers_mistral_7b_player2,Q013,G,U.S. states,9,grayscale (Gray),grayscale (gray,0,0,0,Q013::9
Part3/outputs/answers_mistral_7b_player2.csv,answers_mistral_7b_player2,Q013,G,U.S. states,10,granite (state of),granite (state of,0,0,0,Q013::10
Part3/outputs/answers_mistral_7b_player2.csv,answers_mistral_7b_player2,Q013,G,U.S. states,11,georgia,georgia,1,1,0,Q013::11
Part3/outputs/answers_mistral_7b_player2.csv,answers_mistral_7b_player2,Q013,G,U.S. states,12,georgia,georgia,1,0,1,Q013::12
Part3/outputs/answers_mistral_7b_player2.csv,answers_mistral_7b_player2,Q013,G,U.S. states,13,grand canyon (state of arizona),grand canyon (state of arizona,0,0,0,Q013::13
Part3/outputs/answers_mistral_7b_player2.csv,answers_mistral_7b_player2,Q013,G,U.S. states,14,georgia,georgia,1,0,1,Q013::14
Part3/outputs/answers_mistral_7b_player2.csv,answers_mistral_7b_player2,Q013,G,U.S. states,15,griffin (a fictional state in The Simpsons) is not,griffin (a fictional state in the simpsons) is not,0,0,0,Q013::15
Part3/outputs/answers_mistral_7b_player2.csv,answers_mistral_7b_player2,Q013,G,U.S. states,16,georgia,georgia,1,0,1,Q013::16
Part3/outputs/answers_mistral_7b_player2.csv,answers_mistral_7b_player2,Q013,G,U.S. states,17,georgia,georgia,1,1,0,Q013::17
Part3/outputs/answers_mistral_7b_player2.csv,answers_mistral_7b_player2,Q013,G,U.S. states,18,georgia,georgia,1,1,0,Q013::18
Part3/outputs/answers_mistral_7b_player2.csv,answers_mistral_7b_player2,Q013,G,U.S. states,19,georgia,georgia,1,0,1,Q013::19
Part3/outputs/answers_mistral_7b_player2.csv,answers_mistral_7b_player2,Q014,G,Foods,0,grits garbanzo granola guava gelato gumbo,grits garbanzo granola guava gelato gumbo,1,0,1,Q014::0
Part3/outputs/answers_mistral_7b_player2.csv,answers_mistral_7b_player2,Q014,G,Foods,1,grilled cheese garbanzo,grilled cheese garbanzo,0,0,0,Q014::1
Part3/outputs/answers_mistral_7b_player2.csv,answers_mistral_7b_player2,Q014,G,Foods,2,gorgonzola cheese,gorgonzola cheese,1,0,1,Q014::2
Part3/outputs/answers_mistral_7b_player2.csv,answers_mistral_7b_player2,Q014,G,Foods,3,granola bars,granola bars,1,0,1,Q014::3
Part3/outputs/answers_mistral_7b_player2.csv,answers_mistral_7b_player2,Q014,G,Foods,4,garlic bread,garlic bread,1,0,1,Q014::4
Part3/outputs/answers_mistral_7b_player2.csv,answers_mistral_7b_player2,Q014,G,Foods,5,grits garbanzo guacamole gumbo gorgonz,grits garbanzo guacamole gumbo gorgonz,0,0,0,Q014::5
Part3/outputs/answers_mistral_7b_player2.csv,answers_mistral_7b_player2,Q014,G,Foods,6,granola bar,granola bar,1,0,1,Q014::6
Part3/outputs/answers_mistral_7b_player2.csv,answers_mistral_7b_player2,Q014,G,Foods,7,grass-fed-beef-galette,grass-fed-beef-galette,0,0,0,Q014::7
Part3/outputs/answers_mistral_7b_player2.csv,answers_mistral_7b_player2,Q014,G,Foods,8,grilled cheese,grilled cheese,1,0,1,Q014::8
Part3/outputs/answers_mistral_7b_player2.csv,answers_mistral_7b_player2,Q014,G,Foods,9,grits,grits,1,0,1,Q014::9
Part3/outputs/answers_mistral_7b_player2.csv,answers_mistral_7b_player2,Q014,G,Foods,10,grilled cheese,grilled cheese,1,0,1,Q014::10
Part3/outputs/answers_mistral_7b_player2.csv,answers_mistral_7b_player2,Q014,G,Foods,11,grapefruit,grapefruit,1,0,1,Q014::11
Part3/outputs/answers_mistral_7b_player2.csv,answers_mistral_7b_player2,Q014,G,Foods,12,garlic bread,garlic bread,1,0,1,Q014::12
Part3/outputs/answers_mistral_7b_player2.csv,answers_mistral_7b_player2,Q014,G,Foods,13,grapefruit,grapefruit,1,0,1,Q014::13
Part3/outputs/answers_mistral_7b_player2.csv,answers_mistral_7b_player2,Q014,G,Foods,14,grapefruit,grapefruit,1,0,1,Q014::14
Part3/outputs/answers_mistral_7b_player2.csv,answers_mistral_7b_player2,Q014,G,Foods,15,gorgonzola cheese,gorgonzola cheese,1,0,1,Q014::15
Part3/outputs/answers_mistral_7b_player2.csv,answers_mistral_7b_player2,Q014,G,Foods,16,gorgonzola cheese,gorgonzola cheese,1,1,0,Q014::16
Part3/outputs/answers_mistral_7b_player2.csv,answers_mistral_7b_player2,Q014,G,Foods,17,gorgonzola cheese,gorgonzola cheese,1,1,0,Q014::17
Part3/outputs/answers_mistral_7b_player2.csv,answers_mistral_7b_player2,Q014,G,Foods,18,grilled cheese garlic bread guacamole,grilled cheese garlic bread guacamole,0,0,0,Q014::18
Part3/outputs/answers_mistral_7b_player2.csv,answers_mistral_7b_player2,Q014,G,Foods,19,grits (not garbanzo or guacamole),grits (not garbanzo or guacamole,1,0,1,Q014::19
Part3/outputs/answers_mistral_7b_player2.csv,answers_mistral_7b_player2,Q015,H,Famous scientists,0,herodotus,herodotus,0,0,0,Q015::0
Part3/outputs/answers_mistral_7b_player2.csv,answers_mistral_7b_player2,Q015,H,Famous scientists,1,albert einstein,albert einstein,0,0,0,Q015::1
Part3/outputs/answers_mistral_7b_player2.csv,answers_mistral_7b_player2,Q015,H,Famous scientists,2,alexander fleming,alexander fleming,0,0,0,Q015::2
Part3/outputs/answers_mistral_7b_player2.csv,answers_mistral_7b_player2,Q015,H,Famous scientists,3,edwin hubble,edwin hubble,1,0,1,Q015::3
Part3/outputs/answers_mistral_7b_player2.csv,answers_mistral_7b_player2,Q015,H,Famous scientists,4,albert heisenberg,albert heisenberg,0,0,0,Q015::4
Part3/outputs/answers_mistral_7b_player2.csv,answers_mistral_7b_player2,Q015,H,Famous scientists,5,Heinrich helix,heinrich helix,0,0,0,Q015::5
Part3/outputs/answers_mistral_7b_player2.csv,answers_mistral_7b_player2,Q015,H,Famous scientists,6,galileo,galileo,0,0,0,Q015::6
Part3/outputs/answers_mistral_7b_player2.csv,answers_mistral_7b_player2,Q015,H,Famous scientists,7,henry davies,henry davies,0,0,0,Q015::7
Part3/outputs/answers_mistral_7b_player2.csv,answers_mistral_7b_player2,Q015,H,Famous scientists,8,herodotus (ancient greek historian),herodotus (ancient greek historian,0,0,0,Q015::8
Part3/outputs/answers_mistral_7b_player2.csv,answers_mistral_7b_player2,Q015,H,Famous scientists,9,aristotle,aristotle,0,0,0,Q015::9
Part3/outputs/answers_mistral_7b_player2.csv,answers_mistral_7b_player2,Q015,H,Famous scientists,10,heisenberg,heisenberg,1,0,1,Q015::10
Part3/outputs/answers_mistral_7b_player2.csv,answers_mistral_7b_player2,Q015,H,Famous scientists,11,"henry davarai

(Henry David Thoreau is",henry davarai (henry david thoreau is,0,0,0,Q015::11
Part3/outputs/answers_mistral_7b_player2.csv,answers_mistral_7b_player2,Q015,H,Famous scientists,12,albert heisenberg,albert heisenberg,0,0,0,Q015::12
Part3/outputs/answers_mistral_7b_player2.csv,answers_mistral_7b_player2,Q015,H,Famous scientists,13,archimedes,archimedes,0,0,0,Q015::13
Part3/outputs/answers_mistral_7b_player2.csv,answers_mistral_7b_player2,Q015,H,Famous scientists,14,archimedes,archimedes,0,0,0,Q015::14
Part3/outputs/answers_mistral_7b_player2.csv,answers_mistral_7b_player2,Q015,H,Famous scientists,15,heisenberg,heisenberg,1,0,1,Q015::15
Part3/outputs/answers_mistral_7b_player2.csv,answers_mistral_7b_player2,Q015,H,Famous scientists,16,archimedes,archimedes,0,0,0,Q015::16
Part3/outputs/answers_mistral_7b_player2.csv,answers_mistral_7b_player2,Q015,H,Famous scientists,17,herodotus (historian who wrote about early greek scientists),herodotus (historian who wrote about early greek scientists,0,0,0,Q015::17
Part3/outputs/answers_mistral_7b_player2.csv,answers_mistral_7b_player2,Q015,H,Famous scientists,18,ada lovelace,ada lovelace,0,0,0,Q015::18
Part3/outputs/answers_mistral_7b_player2.csv,answers_mistral_7b_player2,Q015,H,Famous scientists,19,hawkingstephen,hawkingstephen,0,0,0,Q015::19
Part3/outputs/answers_mistral_7b_player2.csv,answers_mistral_7b_player2,Q016,H,Things at the beach,0,hammock,hammock,1,1,0,Q016::0
Part3/outputs/answers_mistral_7b_player2.csv,answers_mistral_7b_player2,Q016,H,Things at the beach,1,hammock,hammock,1,1,0,Q016::1
Part3/outputs/answers_mistral_7b_player2.csv,answers_mistral_7b_player2,Q016,H,Things at the beach,2,seashells (hawksbill),seashells (hawksbill,0,0,0,Q016::2
Part3/outputs/answers_mistral_7b_player2.csv,answers_mistral_7b_player2,Q016,H,Things at the beach,3,hammock,hammock,1,1,0,Q016::3
Part3/outputs/answers_mistral_7b_player2.csv,answers_mistral_7b_player2,Q016,H,Things at the beach,4,hammock,hammock,1,1,0,Q016::4
Part3/outputs/answers_mistral_7b_player2.csv,answers_mistral_7b_player2,Q016,H,Things at the beach,5,hammock,hammock,1,0,1,Q016::5
Part3/outputs/answers_mistral_7b_player2.csv,answers_mistral_7b_player2,Q016,H,Things at the beach,6,seashells (hawksbill),seashells (hawksbill,0,0,0,Q016::6
Part3/outputs/answers_mistral_7b_player2.csv,answers_mistral_7b_player2,Q016,H,Things at the beach,7,hammerhead shark,hammerhead shark,0,0,0,Q016::7
Part3/outputs/answers_mistral_7b_player2.csv,answers_mistral_7b_player2,Q016,H,Things at the beach,8,hammock,hammock,1,0,1,Q016::8
Part3/outputs/answers_mistral_7b_player2.csv,answers_mistral_7b_player2,Q016,H,Things at the beach,9,hammerhead shark,hammerhead shark,0,0,0,Q016::9
Part3/outputs/answers_mistral_7b_player2.csv,answers_mistral_7b_player2,Q016,H,Things at the beach,10,seashell (h),seashell (h,0,0,0,Q016::10
Part3/outputs/answers_mistral_7b_player2.csv,answers_mistral_7b_player2,Q016,H,Things at the beach,11,seashell (h),seashell (h,0,0,0,Q016::11
Part3/outputs/answers_mistral_7b_player2.csv,answers_mistral_7b_player2,Q016,H,Things at the beach,12,hammerhead shark,hammerhead shark,0,0,0,Q016::12
Part3/outputs/answers_mistral_7b_player2.csv,answers_mistral_7b_player2,Q016,H,Things at the beach,13,seashells (hyphen optional),seashells (hyphen optional,0,0,0,Q016::13
Part3/outputs/answers_mistral_7b_player2.csv,answers_mistral_7b_player2,Q016,H,Things at the beach,14,hammerhead shark,hammerhead shark,0,0,0,Q016::14
Part3/outputs/answers_mistral_7b_player2.csv,answers_mistral_7b_player2,Q016,H,Things at the beach,15,seashell hammer,seashell hammer,0,0,0,Q016::15
Part3/outputs/answers_mistral_7b_player2.csv,answers_mistral_7b_player2,Q016,H,Things at the beach,16,seashells (h),seashells (h,0,0,0,Q016::16
Part3/outputs/answers_mistral_7b_player2.csv,answers_mistral_7b_player2,Q016,H,Things at the beach,17,seashells (hyphen optional),seashells (hyphen optional,0,0,0,Q016::17
Part3/outputs/answers_mistral_7b_player2.csv,answers_mistral_7b_player2,Q016,H,Things at the beach,18,hammerhead shark,hammerhead shark,0,0,0,Q016::18
Part3/outputs/answers_mistral_7b_player2.csv,answers_mistral_7b_player2,Q016,H,Things at the beach,19,seashells (hyphen optional),seashells (hyphen optional,0,0,0,Q016::19
Part3/outputs/answers_mistral_7b_player2.csv,answers_mistral_7b_player2,Q017,I,Cities,0,indianapolis,indianapolis,1,0,1,Q017::0
Part3/outputs/answers_mistral_7b_player2.csv,answers_mistral_7b_player2,Q017,I,Cities,1,indianapolis,indianapolis,1,1,0,Q017::1
Part3/outputs/answers_mistral_7b_player2.csv,answers_mistral_7b_player2,Q017,I,Cities,2,indianapolis,indianapolis,1,1,0,Q017::2
Part3/outputs/answers_mistral_7b_player2.csv,answers_mistral_7b_player2,Q017,I,Cities,3,indianapolis,indianapolis,1,1,0,Q017::3
Part3/outputs/answers_mistral_7b_player2.csv,answers_mistral_7b_player2,Q017,I,Cities,4,indianaapolis,indianaapolis,0,0,0,Q017::4
Part3/outputs/answers_mistral_7b_player2.csv,answers_mistral_7b_player2,Q017,I,Cities,5,indianapolis,indianapolis,1,1,0,Q017::5
Part3/outputs/answers_mistral_7b_player2.csv,answers_mistral_7b_player2,Q017,I,Cities,6,innsbruck,innsbruck,1,0,1,Q017::6
Part3/outputs/answers_mistral_7b_player2.csv,answers_mistral_7b_player2,Q017,I,Cities,7,indianapolis,indianapolis,1,1,0,Q017::7
Part3/outputs/answers_mistral_7b_player2.csv,answers_mistral_7b_player2,Q017,I,Cities,8,innsbruck,innsbruck,1,0,1,Q017::8
Part3/outputs/answers_mistral_7b_player2.csv,answers_mistral_7b_player2,Q017,I,Cities,9,indianapolis,indianapolis,1,1,0,Q017::9
Part3/outputs/answers_mistral_7b_player2.csv,answers_mistral_7b_player2,Q017,I,Cities,10,indianaopolis,indianaopolis,0,0,0,Q017::10
Part3/outputs/answers_mistral_7b_player2.csv,answers_mistral_7b_player2,Q017,I,Cities,11,indianapolis,indianapolis,1,1,0,Q017::11
Part3/outputs/answers_mistral_7b_player2.csv,answers_mistral_7b_player2,Q017,I,Cities,12,indianapolis,indianapolis,1,1,0,Q017::12
Part3/outputs/answers_mistral_7b_player2.csv,answers_mistral_7b_player2,Q017,I,Cities,13,indianaopolis,indianaopolis,0,0,0,Q017::13
Part3/outputs/answers_mistral_7b_player2.csv,answers_mistral_7b_player2,Q017,I,Cities,14,indianapolis,indianapolis,1,1,0,Q017::14
Part3/outputs/answers_mistral_7b_player2.csv,answers_mistral_7b_player2,Q017,I,Cities,15,indianaopolis,indianaopolis,0,0,0,Q017::15
Part3/outputs/answers_mistral_7b_player2.csv,answers_mistral_7b_player2,Q017,I,Cities,16,indianaopolis,indianaopolis,0,0,0,Q017::16
Part3/outputs/answers_mistral_7b_player2.csv,answers_mistral_7b_player2,Q017,I,Cities,17,islamabad,islamabad,1,0,1,Q017::17
Part3/outputs/answers_mistral_7b_player2.csv,answers_mistral_7b_player2,Q017,I,Cities,18,indianaopolis,indianaopolis,0,0,0,Q017::18
Part3/outputs/answers_mistral_7b_player2.csv,answers_mistral_7b_player2,Q017,I,Cities,19,indianaapolis,indianaapolis,0,0,0,Q017::19
Part3/outputs/answers_mistral_7b_player2.csv,answers_mistral_7b_player2,Q018,I,Things in a classroom,0,blackboard,blackboard,1,0,1,Q018::0
Part3/outputs/answers_mistral_7b_player2.csv,answers_mistral_7b_player2,Q018,I,Things in a classroom,1,blackboard eraser,blackboard eraser,0,0,0,Q018::1
Part3/outputs/answers_mistral_7b_player2.csv,answers_mistral_7b_player2,Q018,I,Things in a classroom,2,inkwell,inkwell,1,0,1,Q018::2
Part3/outputs/answers_mistral_7b_player2.csv,answers_mistral_7b_player2,Q018,I,Things in a classroom,3,desk lamp,desk lamp,1,0,1,Q018::3
Part3/outputs/answers_mistral_7b_player2.csv,answers_mistral_7b_player2,Q018,I,Things in a classroom,4,blackboard,blackboard,1,0,1,Q018::4
Part3/outputs/answers_mistral_7b_player2.csv,answers_mistral_7b_player2,Q018,I,Things in a classroom,5,blackboard,blackboard,1,1,0,Q018::5
Part3/outputs/answers_mistral_7b_player2.csv,answers_mistral_7b_player2,Q018,I,Things in a classroom,6,blackboard,blackboard,1,0,1,Q018::6
Part3/outputs/answers_mistral_7b_player2.csv,answers_mistral_7b_player2,Q018,I,Things in a classroom,7,blackboard,blackboard,1,0,1,Q018::7
Part3/outputs/answers_mistral_7b_player2.csv,answers_mistral_7b_player2,Q018,I,Things in a classroom,8,blackboard,blackboard,1,0,1,Q018::8
Part3/outputs/answers_mistral_7b_player2.csv,answers_mistral_7b_player2,Q018,I,Things in a classroom,9,interactive whiteboard,interactive whiteboard,1,0,1,Q018::9
Part3/outputs/answers_mistral_7b_player2.csv,answers_mistral_7b_player2,Q018,I,Things in a classroom,10,blackboard,blackboard,1,0,1,Q018::10
Part3/outputs/answers_mistral_7b_player2.csv,answers_mistral_7b_player2,Q018,I,Things in a classroom,11,desk chair eraser book ruler pencil,desk chair eraser book ruler pencil,0,0,0,Q018::11
Part3/outputs/answers_mistral_7b_player2.csv,answers_mistral_7b_player2,Q018,I,Things in a classroom,12,desktop chair,desktop chair,0,0,0,Q018::12
Part3/outputs/answers_mistral_7b_player2.csv,answers_mistral_7b_player2,Q018,I,Things in a classroom,13,blackboard,blackboard,1,0,1,Q018::13
Part3/outputs/answers_mistral_7b_player2.csv,answers_mistral_7b_player2,Q018,I,Things in a classroom,14,chalkboard,chalkboard,0,0,0,Q018::14
Part3/outputs/answers_mistral_7b_player2.csv,answers_mistral_7b_player2,Q018,I,Things in a classroom,15,desk lamp,desk lamp,1,0,1,Q018::15
Part3/outputs/answers_mistral_7b_player2.csv,answers_mistral_7b_player2,Q018,I,Things in a classroom,16,blackboard,blackboard,1,1,0,Q018::16
Part3/outputs/answers_mistral_7b_player2.csv,answers_mistral_7b_player2,Q018,I,Things in a classroom,17,blackboard,blackboard,1,0,1,Q018::17
Part3/outputs/answers_mistral_7b_player2.csv,answers_mistral_7b_player2,Q018,I,Things in a classroom,18,blackboard,blackboard,1,1,0,Q018::18
Part3/outputs/answers_mistral_7b_player2.csv,answers_mistral_7b_player2,Q018,I,Things in a classroom,19,whiteboard marker,whiteboard marker,0,0,0,Q018::19
Part3/outputs/answers_mistral_7b_player2.csv,answers_mistral_7b_player2,Q019,J,Car brands,0,jaguar,jaguar,1,1,0,Q019::0
Part3/outputs/answers_mistral_7b_player2.csv,answers_mistral_7b_player2,Q019,J,Car brands,1,jaguar,jaguar,1,1,0,Q019::1
Part3/outputs/answers_mistral_7b_player2.csv,answers_mistral_7b_player2,Q019,J,Car brands,2,jaguar,jaguar,1,1,0,Q019::2
Part3/outputs/answers_mistral_7b_player2.csv,answers_mistral_7b_player2,Q019,J,Car brands,3,jaguar,jaguar,1,1,0,Q019::3
Part3/outputs/answers_mistral_7b_player2.csv,answers_mistral_7b_player2,Q019,J,Car brands,4,jaguar,jaguar,1,1,0,Q019::4
Part3/outputs/answers_mistral_7b_player2.csv,answers_mistral_7b_player2,Q019,J,Car brands,5,jaguar,jaguar,1,1,0,Q019::5
Part3/outputs/answers_mistral_7b_player2.csv,answers_mistral_7b_player2,Q019,J,Car brands,6,jaguar,jaguar,1,1,0,Q019::6
Part3/outputs/answers_mistral_7b_player2.csv,answers_mistral_7b_player2,Q019,J,Car brands,7,jaguar,jaguar,1,1,0,Q019::7
Part3/outputs/answers_mistral_7b_player2.csv,answers_mistral_7b_player2,Q019,J,Car brands,8,jaguar,jaguar,1,1,0,Q019::8
Part3/outputs/answers_mistral_7b_player2.csv,answers_mistral_7b_player2,Q019,J,Car brands,9,jaguar,jaguar,1,1,0,Q019::9
Part3/outputs/answers_mistral_7b_player2.csv,answers_mistral_7b_player2,Q019,J,Car brands,10,jaguar,jaguar,1,1,0,Q019::10
Part3/outputs/answers_mistral_7b_player2.csv,answers_mistral_7b_player2,Q019,J,Car brands,11,jaguar,jaguar,1,1,0,Q019::11
Part3/outputs/answers_mistral_7b_player2.csv,answers_mistral_7b_player2,Q019,J,Car brands,12,jaguar,jaguar,1,1,0,Q019::12
Part3/outputs/answers_mistral_7b_player2.csv,answers_mistral_7b_player2,Q019,J,Car brands,13,jaguar,jaguar,1,1,0,Q019::13
Part3/outputs/answers_mistral_7b_player2.csv,answers_mistral_7b_player2,Q019,J,Car brands,14,jaguar,jaguar,1,1,0,Q019::14
Part3/outputs/answers_mistral_7b_player2.csv,answers_mistral_7b_player2,Q019,J,Car brands,15,jaguar,jaguar,1,1,0,Q019::15
Part3/outputs/answers_mistral_7b_player2.csv,answers_mistral_7b_player2,Q019,J,Car brands,16,jaguar,jaguar,1,1,0,Q019::16
Part3/outputs/answers_mistral_7b_player2.csv,answers_mistral_7b_player2,Q019,J,Car brands,17,jaguar,jaguar,1,1,0,Q019::17
Part3/outputs/answers_mistral_7b_player2.csv,answers_mistral_7b_player2,Q019,J,Car brands,18,jaguar,jaguar,1,1,0,Q019::18
Part3/outputs/answers_mistral_7b_player2.csv,answers_mistral_7b_player2,Q019,J,Car brands,19,jaguar,jaguar,1,1,0,Q019::19
Part3/outputs/answers_mistral_7b_player2.csv,answers_mistral_7b_player2,Q020,J,Video game titles,0,jetset_jupiter,jetset_jupiter,0,0,0,Q020::0
Part3/outputs/answers_mistral_7b_player2.csv,answers_mistral_7b_player2,Q020,J,Video game titles,1,jousting_tournament,jousting_tournament,0,0,0,Q020::1
Part3/outputs/answers_mistral_7b_player2.csv,answers_mistral_7b_player2,Q020,J,Video game titles,2,"jamestown

This is a popular video game title that fits the given",jamestown this is a popular video game title that fits the given,1,0,1,Q020::2
Part3/outputs/answers_mistral_7b_player2.csv,answers_mistral_7b_player2,Q020,J,Video game titles,3,jetset_jupiter,jetset_jupiter,0,0,0,Q020::3
Part3/outputs/answers_mistral_7b_player2.csv,answers_mistral_7b_player2,Q020,J,Video game titles,4,jazz jackrabbit,jazz jackrabbit,1,0,1,Q020::4
Part3/outputs/answers_mistral_7b_player2.csv,answers_mistral_7b_player2,Q020,J,Video game titles,5,jetpack joyride,jetpack joyride,1,0,1,Q020::5
Part3/outputs/answers_mistral_7b_player2.csv,answers_mistral_7b_player2,Q020,J,Video game titles,6,jetsetterjungle,jetsetterjungle,0,0,0,Q020::6
Part3/outputs/answers_mistral_7b_player2.csv,answers_mistral_7b_player2,Q020,J,Video game titles,7,jetpack joyride,jetpack joyride,1,0,1,Q020::7
Part3/outputs/answers_mistral_7b_player2.csv,answers_mistral_7b_player2,Q020,J,Video game titles,8,jetsetterjinx,jetsetterjinx,0,0,0,Q020::8
Part3/outputs/answers_mistral_7b_player2.csv,answers_mistral_7b_player2,Q020,J,Video game titles,9,jetpack joyride,jetpack joyride,1,0,1,Q020::9
Part3/outputs/answers_mistral_7b_player2.csv,answers_mistral_7b_player2,Q020,J,Video game titles,10,jetsetterjunction,jetsetterjunction,0,0,0,Q020::10
Part3/outputs/answers_mistral_7b_player2.csv,answers_mistral_7b_player2,Q020,J,Video game titles,11,jungle_quest,jungle_quest,0,0,0,Q020::11
Part3/outputs/answers_mistral_7b_player2.csv,answers_mistral_7b_player2,Q020,J,Video game titles,12,jungle_joust,jungle_joust,0,0,0,Q020::12
Part3/outputs/answers_mistral_7b_player2.csv,answers_mistral_7b_player2,Q020,J,Video game titles,13,jetpack jumpers,jetpack jumpers,0,0,0,Q020::13
Part3/outputs/answers_mistral_7b_player2.csv,answers_mistral_7b_player2,Q020,J,Video game titles,14,jetset_junction,jetset_junction,0,0,0,Q020::14
Part3/outputs/answers_mistral_7b_player2.csv,answers_mistral_7b_player2,Q020,J,Video game titles,15,jetpack joyride,jetpack joyride,1,0,1,Q020::15
Part3/outputs/answers_mistral_7b_player2.csv,answers_mistral_7b_player2,Q020,J,Video game titles,16,jetset_junction,jetset_junction,0,0,0,Q020::16
Part3/outputs/answers_mistral_7b_player2.csv,answers_mistral_7b_player2,Q020,J,Video game titles,17,jetset_junction,jetset_junction,0,0,0,Q020::17
Part3/outputs/answers_mistral_7b_player2.csv,answers_mistral_7b_player2,Q020,J,Video game titles,18,jetsetterjam,jetsetterjam,0,0,0,Q020::18
Part3/outputs/answers_mistral_7b_player2.csv,answers_mistral_7b_player2,Q020,J,Video game titles,19,jetpack joyride,jetpack joyride,1,1,0,Q020::19
Part3/outputs/answers_mistral_7b_player2.csv,answers_mistral_7b_player2,Q021,K,Superheroes,0,kryptonianman,kryptonianman,0,0,0,Q021::0
Part3/outputs/answers_mistral_7b_player2.csv,answers_mistral_7b_player2,Q021,K,Superheroes,1,kryptonian,kryptonian,0,0,0,Q021::1
Part3/outputs/answers_mistral_7b_player2.csv,answers_mistral_7b_player2,Q021,K,Superheroes,2,kryptonian,kryptonian,0,0,0,Q021::2
Part3/outputs/answers_mistral_7b_player2.csv,answers_mistral_7b_player2,Q021,K,Superheroes,3,kryptonian,kryptonian,0,0,0,Q021::3
Part3/outputs/answers_mistral_7b_player2.csv,answers_mistral_7b_player2,Q021,K,Superheroes,4,kryptonian,kryptonian,0,0,0,Q021::4
Part3/outputs/answers_mistral_7b_player2.csv,answers_mistral_7b_player2,Q021,K,Superheroes,5,kryptonian,kryptonian,0,0,0,Q021::5
Part3/outputs/answers_mistral_7b_player2.csv,answers_mistral_7b_player2,Q021,K,Superheroes,6,kryptonianman,kryptonianman,0,0,0,Q021::6
Part3/outputs/answers_mistral_7b_player2.csv,answers_mistral_7b_player2,Q021,K,Superheroes,7,knightmare,knightmare,0,0,0,Q021::7
Part3/outputs/answers_mistral_7b_player2.csv,answers_mistral_7b_player2,Q021,K,Superheroes,8,kryptonian,kryptonian,0,0,0,Q021::8
Part3/outputs/answers_mistral_7b_player2.csv,answers_mistral_7b_player2,Q021,K,Superheroes,9,knightmare,knightmare,0,0,0,Q021::9
Part3/outputs/answers_mistral_7b_player2.csv,answers_mistral_7b_player2,Q021,K,Superheroes,10,kryptonian,kryptonian,0,0,0,Q021::10
Part3/outputs/answers_mistral_7b_player2.csv,answers_mistral_7b_player2,Q021,K,Superheroes,11,knightmare,knightmare,0,0,0,Q021::11
Part3/outputs/answers_mistral_7b_player2.csv,answers_mistral_7b_player2,Q021,K,Superheroes,12,kryptonian,kryptonian,0,0,0,Q021::12
Part3/outputs/answers_mistral_7b_player2.csv,answers_mistral_7b_player2,Q021,K,Superheroes,13,kryptonian,kryptonian,0,0,0,Q021::13
Part3/outputs/answers_mistral_7b_player2.csv,answers_mistral_7b_player2,Q021,K,Superheroes,14,kryptonian,kryptonian,0,0,0,Q021::14
Part3/outputs/answers_mistral_7b_player2.csv,answers_mistral_7b_player2,Q021,K,Superheroes,15,kryptonian,kryptonian,0,0,0,Q021::15
Part3/outputs/answers_mistral_7b_player2.csv,answers_mistral_7b_player2,Q021,K,Superheroes,16,kryptonian,kryptonian,0,0,0,Q021::16
Part3/outputs/answers_mistral_7b_player2.csv,answers_mistral_7b_player2,Q021,K,Superheroes,17,kryptonian,kryptonian,0,0,0,Q021::17
Part3/outputs/answers_mistral_7b_player2.csv,answers_mistral_7b_player2,Q021,K,Superheroes,18,kryptonianman,kryptonianman,0,0,0,Q021::18
Part3/outputs/answers_mistral_7b_player2.csv,answers_mistral_7b_player2,Q021,K,Superheroes,19,knightrider,knightrider,0,0,0,Q021::19
Part3/outputs/answers_mistral_7b_player2.csv,answers_mistral_7b_player2,Q022,K,Things in a grocery store,0,kiwifruit,kiwifruit,1,0,1,Q022::0
Part3/outputs/answers_mistral_7b_player2.csv,answers_mistral_7b_player2,Q022,K,Things in a grocery store,1,kiwi,kiwi,1,0,1,Q022::1
Part3/outputs/answers_mistral_7b_player2.csv,answers_mistral_7b_player2,Q022,K,Things in a grocery store,2,kiwi,kiwi,1,1,0,Q022::2
Part3/outputs/answers_mistral_7b_player2.csv,answers_mistral_7b_player2,Q022,K,Things in a grocery store,3,ketchup,ketchup,1,0,1,Q022::3
Part3/outputs/answers_mistral_7b_player2.csv,answers_mistral_7b_player2,Q022,K,Things in a grocery store,4,kiwifruit,kiwifruit,1,0,1,Q022::4
Part3/outputs/answers_mistral_7b_player2.csv,answers_mistral_7b_player2,Q022,K,Things in a grocery store,5,ketchup,ketchup,1,1,0,Q022::5
Part3/outputs/answers_mistral_7b_player2.csv,answers_mistral_7b_player2,Q022,K,Things in a grocery store,6,ketchup,ketchup,1,0,1,Q022::6
Part3/outputs/answers_mistral_7b_player2.csv,answers_mistral_7b_player2,Q022,K,Things in a grocery store,7,kielbasa,kielbasa,1,0,1,Q022::7
Part3/outputs/answers_mistral_7b_player2.csv,answers_mistral_7b_player2,Q022,K,Things in a grocery store,8,kielbasa,kielbasa,1,0,1,Q022::8
Part3/outputs/answers_mistral_7b_player2.csv,answers_mistral_7b_player2,Q022,K,Things in a grocery store,9,kiwi,kiwi,1,0,1,Q022::9
Part3/outputs/answers_mistral_7b_player2.csv,answers_mistral_7b_player2,Q022,K,Things in a grocery store,10,kielbasa,kielbasa,1,0,1,Q022::10
Part3/outputs/answers_mistral_7b_player2.csv,answers_mistral_7b_player2,Q022,K,Things in a grocery store,11,kiwi,kiwi,1,0,1,Q022::11
Part3/outputs/answers_mistral_7b_player2.csv,answers_mistral_7b_player2,Q022,K,Things in a grocery store,12,kielbasa,kielbasa,1,0,1,Q022::12
Part3/outputs/answers_mistral_7b_player2.csv,answers_mistral_7b_player2,Q022,K,Things in a grocery store,13,kiwi,kiwi,1,0,1,Q022::13
Part3/outputs/answers_mistral_7b_player2.csv,answers_mistral_7b_player2,Q022,K,Things in a grocery store,14,kielbasa,kielbasa,1,0,1,Q022::14
Part3/outputs/answers_mistral_7b_player2.csv,answers_mistral_7b_player2,Q022,K,Things in a grocery store,15,ketchup,ketchup,1,1,0,Q022::15
Part3/outputs/answers_mistral_7b_player2.csv,answers_mistral_7b_player2,Q022,K,Things in a grocery store,16,kielbasa,kielbasa,1,0,1,Q022::16
Part3/outputs/answers_mistral_7b_player2.csv,answers_mistral_7b_player2,Q022,K,Things in a grocery store,17,ketchup,ketchup,1,0,1,Q022::17
Part3/outputs/answers_mistral_7b_player2.csv,answers_mistral_7b_player2,Q022,K,Things in a grocery store,18,kiwi,kiwi,1,1,0,Q022::18
Part3/outputs/answers_mistral_7b_player2.csv,answers_mistral_7b_player2,Q022,K,Things in a grocery store,19,ketchup,ketchup,1,0,1,Q022::19
Part3/outputs/answers_mistral_7b_player2.csv,answers_mistral_7b_player2,Q023,L,Dog breeds,0,lhasa apso,lhasa apso,1,1,0,Q023::0
Part3/outputs/answers_mistral_7b_player2.csv,answers_mistral_7b_player2,Q023,L,Dog breeds,1,lhasa apso,lhasa apso,1,0,1,Q023::1
Part3/outputs/answers_mistral_7b_player2.csv,answers_mistral_7b_player2,Q023,L,Dog breeds,2,lhasa apso,lhasa apso,1,0,1,Q023::2
Part3/outputs/answers_mistral_7b_player2.csv,answers_mistral_7b_player2,Q023,L,Dog breeds,3,lhasa apso,lhasa apso,1,0,1,Q023::3
Part3/outputs/answers_mistral_7b_player2.csv,answers_mistral_7b_player2,Q023,L,Dog breeds,4,lhasa apso,lhasa apso,1,1,0,Q023::4
Part3/outputs/answers_mistral_7b_player2.csv,answers_mistral_7b_player2,Q023,L,Dog breeds,5,lhasa apso,lhasa apso,1,0,1,Q023::5
Part3/outputs/answers_mistral_7b_player2.csv,answers_mistral_7b_player2,Q023,L,Dog breeds,6,lhasa apso,lhasa apso,1,1,0,Q023::6
Part3/outputs/answers_mistral_7b_player2.csv,answers_mistral_7b_player2,Q023,L,Dog breeds,7,lhasa apso,lhasa apso,1,1,0,Q023::7
Part3/outputs/answers_mistral_7b_player2.csv,answers_mistral_7b_player2,Q023,L,Dog breeds,8,lhasa apso,lhasa apso,1,1,0,Q023::8
Part3/outputs/answers_mistral_7b_player2.csv,answers_mistral_7b_player2,Q023,L,Dog breeds,9,labrador retriever,labrador retriever,1,0,1,Q023::9
Part3/outputs/answers_mistral_7b_player2.csv,answers_mistral_7b_player2,Q023,L,Dog breeds,10,leonberger,leonberger,1,0,1,Q023::10
Part3/outputs/answers_mistral_7b_player2.csv,answers_mistral_7b_player2,Q023,L,Dog breeds,11,lhasa apso,lhasa apso,1,0,1,Q023::11
Part3/outputs/answers_mistral_7b_player2.csv,answers_mistral_7b_player2,Q023,L,Dog breeds,12,labrador retriever,labrador retriever,1,0,1,Q023::12
Part3/outputs/answers_mistral_7b_player2.csv,answers_mistral_7b_player2,Q023,L,Dog breeds,13,lhasa apso,lhasa apso,1,0,1,Q023::13
Part3/outputs/answers_mistral_7b_player2.csv,answers_mistral_7b_player2,Q023,L,Dog breeds,14,spaniel lurcher,spaniel lurcher,0,0,0,Q023::14
Part3/outputs/answers_mistral_7b_player2.csv,answers_mistral_7b_player2,Q023,L,Dog breeds,15,lhasa apso,lhasa apso,1,1,0,Q023::15
Part3/outputs/answers_mistral_7b_player2.csv,answers_mistral_7b_player2,Q023,L,Dog breeds,16,labrador retriever,labrador retriever,1,1,0,Q023::16
Part3/outputs/answers_mistral_7b_player2.csv,answers_mistral_7b_player2,Q023,L,Dog breeds,17,lhasa apso,lhasa apso,1,1,0,Q023::17
Part3/outputs/answers_mistral_7b_player2.csv,answers_mistral_7b_player2,Q023,L,Dog breeds,18,lhasa apso,lhasa apso,1,1,0,Q023::18
Part3/outputs/answers_mistral_7b_player2.csv,answers_mistral_7b_player2,Q023,L,Dog breeds,19,lhasa apso,lhasa apso,1,1,0,Q023::19
Part3/outputs/answers_mistral_7b_player2.csv,answers_mistral_7b_player2,Q024,L,Books,0,library books,library books,0,0,0,Q024::0
Part3/outputs/answers_mistral_7b_player2.csv,answers_mistral_7b_player2,Q024,L,Books,1,library books,library books,0,0,0,Q024::1
Part3/outputs/answers_mistral_7b_player2.csv,answers_mistral_7b_player2,Q024,L,Books,2,library books,library books,0,0,0,Q024::2
Part3/outputs/answers_mistral_7b_player2.csv,answers_mistral_7b_player2,Q024,L,Books,3,library books,library books,0,0,0,Q024::3
Part3/outputs/answers_mistral_7b_player2.csv,answers_mistral_7b_player2,Q024,L,Books,4,libraries,libraries,0,0,0,Q024::4
Part3/outputs/answers_mistral_7b_player2.csv,answers_mistral_7b_player2,Q024,L,Books,5,little women,little women,1,0,1,Q024::5
Part3/outputs/answers_mistral_7b_player2.csv,answers_mistral_7b_player2,Q024,L,Books,6,library books,library books,0,0,0,Q024::6
Part3/outputs/answers_mistral_7b_player2.csv,answers_mistral_7b_player2,Q024,L,Books,7,library lion,library lion,0,0,0,Q024::7
Part3/outputs/answers_mistral_7b_player2.csv,answers_mistral_7b_player2,Q024,L,Books,8,library books,library books,0,0,0,Q024::8
Part3/outputs/answers_mistral_7b_player2.csv,answers_mistral_7b_player2,Q024,L,Books,9,little women,little women,1,0,1,Q024::9
Part3/outputs/answers_mistral_7b_player2.csv,answers_mistral_7b_player2,Q024,L,Books,10,library books,library books,0,0,0,Q024::10
Part3/outputs/answers_mistral_7b_player2.csv,answers_mistral_7b_player2,Q024,L,Books,11,little women,little women,1,1,0,Q024::11
Part3/outputs/answers_mistral_7b_player2.csv,answers_mistral_7b_player2,Q024,L,Books,12,library books,library books,0,0,0,Q024::12
Part3/outputs/answers_mistral_7b_player2.csv,answers_mistral_7b_player2,Q024,L,Books,13,library books,library books,0,0,0,Q024::13
Part3/outputs/answers_mistral_7b_player2.csv,answers_mistral_7b_player2,Q024,L,Books,14,library books,library books,0,0,0,Q024::14
Part3/outputs/answers_mistral_7b_player2.csv,answers_mistral_7b_player2,Q024,L,Books,15,library books,library books,0,0,0,Q024::15
Part3/outputs/answers_mistral_7b_player2.csv,answers_mistral_7b_player2,Q024,L,Books,16,library book,library book,0,0,0,Q024::16
Part3/outputs/answers_mistral_7b_player2.csv,answers_mistral_7b_player2,Q024,L,Books,17,little women,little women,1,0,1,Q024::17
Part3/outputs/answers_mistral_7b_player2.csv,answers_mistral_7b_player2,Q024,L,Books,18,library of Alexandria,library of alexandria,0,0,0,Q024::18
Part3/outputs/answers_mistral_7b_player2.csv,answers_mistral_7b_player2,Q024,L,Books,19,library books,library books,0,0,0,Q024::19
Part3/outputs/answers_mistral_7b_player2.csv,answers_mistral_7b_player2,Q025,M,Languages,0,marathi,marathi,1,0,1,Q025::0
Part3/outputs/answers_mistral_7b_player2.csv,answers_mistral_7b_player2,Q025,M,Languages,1,mandarin,mandarin,1,0,1,Q025::1
Part3/outputs/answers_mistral_7b_player2.csv,answers_mistral_7b_player2,Q025,M,Languages,2,mandarin,mandarin,1,1,0,Q025::2
Part3/outputs/answers_mistral_7b_player2.csv,answers_mistral_7b_player2,Q025,M,Languages,3,mayan,mayan,1,1,0,Q025::3
Part3/outputs/answers_mistral_7b_player2.csv,answers_mistral_7b_player2,Q025,M,Languages,4,macedonian,macedonian,1,0,1,Q025::4
Part3/outputs/answers_mistral_7b_player2.csv,answers_mistral_7b_player2,Q025,M,Languages,5,mandarin,mandarin,1,0,1,Q025::5
Part3/outputs/answers_mistral_7b_player2.csv,answers_mistral_7b_player2,Q025,M,Languages,6,mayan,mayan,1,1,0,Q025::6
Part3/outputs/answers_mistral_7b_player2.csv,answers_mistral_7b_player2,Q025,M,Languages,7,mandarin,mandarin,1,0,1,Q025::7
Part3/outputs/answers_mistral_7b_player2.csv,answers_mistral_7b_player2,Q025,M,Languages,8,mandarin,mandarin,1,0,1,Q025::8
Part3/outputs/answers_mistral_7b_player2.csv,answers_mistral_7b_player2,Q025,M,Languages,9,mandarin,mandarin,1,0,1,Q025::9
Part3/outputs/answers_mistral_7b_player2.csv,answers_mistral_7b_player2,Q025,M,Languages,10,mandarin,mandarin,1,0,1,Q025::10
Part3/outputs/answers_mistral_7b_player2.csv,answers_mistral_7b_player2,Q025,M,Languages,11,macedonian,macedonian,1,0,1,Q025::11
Part3/outputs/answers_mistral_7b_player2.csv,answers_mistral_7b_player2,Q025,M,Languages,12,mayan,mayan,1,1,0,Q025::12
Part3/outputs/answers_mistral_7b_player2.csv,answers_mistral_7b_player2,Q025,M,Languages,13,mayan,mayan,1,0,1,Q025::13
Part3/outputs/answers_mistral_7b_player2.csv,answers_mistral_7b_player2,Q025,M,Languages,14,mayan,mayan,1,1,0,Q025::14
Part3/outputs/answers_mistral_7b_player2.csv,answers_mistral_7b_player2,Q025,M,Languages,15,mandarin,mandarin,1,0,1,Q025::15
Part3/outputs/answers_mistral_7b_player2.csv,answers_mistral_7b_player2,Q025,M,Languages,16,martinique-creole-french,martinique-creole-french,0,0,0,Q025::16
Part3/outputs/answers_mistral_7b_player2.csv,answers_mistral_7b_player2,Q025,M,Languages,17,mayan,mayan,1,0,1,Q025::17
Part3/outputs/answers_mistral_7b_player2.csv,answers_mistral_7b_player2,Q025,M,Languages,18,mandarin,mandarin,1,1,0,Q025::18
Part3/outputs/answers_mistral_7b_player2.csv,answers_mistral_7b_player2,Q025,M,Languages,19,mandarin,mandarin,1,1,0,Q025::19
Part3/outputs/answers_mistral_7b_player2.csv,answers_mistral_7b_player2,Q026,M,Clothing items,0,mint green mini dress,mint green mini dress,0,0,0,Q026::0
Part3/outputs/answers_mistral_7b_player2.csv,answers_mistral_7b_player2,Q026,M,Clothing items,1,mackintosh raincoat,mackintosh raincoat,1,0,1,Q026::1
Part3/outputs/answers_mistral_7b_player2.csv,answers_mistral_7b_player2,Q026,M,Clothing items,2,denim jacket,denim jacket,0,0,0,Q026::2
Part3/outputs/answers_mistral_7b_player2.csv,answers_mistral_7b_player2,Q026,M,Clothing items,3,maui Jim sunglasses,maui jim sunglasses,0,0,0,Q026::3
Part3/outputs/answers_mistral_7b_player2.csv,answers_mistral_7b_player2,Q026,M,Clothing items,4,denim jacket,denim jacket,0,0,0,Q026::4
Part3/outputs/answers_mistral_7b_player2.csv,answers_mistral_7b_player2,Q026,M,Clothing items,5,maui shirt,maui shirt,0,0,0,Q026::5
Part3/outputs/answers_mistral_7b_player2.csv,answers_mistral_7b_player2,Q026,M,Clothing items,6,mauve scarf,mauve scarf,0,0,0,Q026::6
Part3/outputs/answers_mistral_7b_player2.csv,answers_mistral_7b_player2,Q026,M,Clothing items,7,maui-shirt,maui-shirt,0,0,0,Q026::7
Part3/outputs/answers_mistral_7b_player2.csv,answers_mistral_7b_player2,Q026,M,Clothing items,8,denim jacket,denim jacket,0,0,0,Q026::8
Part3/outputs/answers_mistral_7b_player2.csv,answers_mistral_7b_player2,Q026,M,Clothing items,9,denim jacket,denim jacket,0,0,0,Q026::9
Part3/outputs/answers_mistral_7b_player2.csv,answers_mistral_7b_player2,Q026,M,Clothing items,10,mackintosh raincoat,mackintosh raincoat,1,0,1,Q026::10
Part3/outputs/answers_mistral_7b_player2.csv,answers_mistral_7b_player2,Q026,M,Clothing items,11,denim jacket,denim jacket,0,0,0,Q026::11
Part3/outputs/answers_mistral_7b_player2.csv,answers_mistral_7b_player2,Q026,M,Clothing items,12,mint dress,mint dress,0,0,0,Q026::12
Part3/outputs/answers_mistral_7b_player2.csv,answers_mistral_7b_player2,Q026,M,Clothing items,13,mauve scarf,mauve scarf,0,0,0,Q026::13
Part3/outputs/answers_mistral_7b_player2.csv,answers_mistral_7b_player2,Q026,M,Clothing items,14,mackintosh raincoat,mackintosh raincoat,1,0,1,Q026::14
Part3/outputs/answers_mistral_7b_player2.csv,answers_mistral_7b_player2,Q026,M,Clothing items,15,moccasins,moccasins,1,0,1,Q026::15
Part3/outputs/answers_mistral_7b_player2.csv,answers_mistral_7b_player2,Q026,M,Clothing items,16,denim jacket,denim jacket,0,0,0,Q026::16
Part3/outputs/answers_mistral_7b_player2.csv,answers_mistral_7b_player2,Q026,M,Clothing items,17,mohair_sweater,mohair_sweater,1,0,1,Q026::17
Part3/outputs/answers_mistral_7b_player2.csv,answers_mistral_7b_player2,Q026,M,Clothing items,18,mockingbird shirt,mockingbird shirt,0,0,0,Q026::18
Part3/outputs/answers_mistral_7b_player2.csv,answers_mistral_7b_player2,Q026,M,Clothing items,19,mitten,mitten,1,0,1,Q026::19
Part3/outputs/answers_mistral_7b_player2.csv,answers_mistral_7b_player2,Q027,N,Birds,0,nightingale,nightingale,1,1,0,Q027::0
Part3/outputs/answers_mistral_7b_player2.csv,answers_mistral_7b_player2,Q027,N,Birds,1,northern cardinal,northern cardinal,1,0,1,Q027::1
Part3/outputs/answers_mistral_7b_player2.csv,answers_mistral_7b_player2,Q027,N,Birds,2,nightingale,nightingale,1,1,0,Q027::2
Part3/outputs/answers_mistral_7b_player2.csv,answers_mistral_7b_player2,Q027,N,Birds,3,nightingale,nightingale,1,1,0,Q027::3
Part3/outputs/answers_mistral_7b_player2.csv,answers_mistral_7b_player2,Q027,N,Birds,4,nightingale,nightingale,1,1,0,Q027::4
Part3/outputs/answers_mistral_7b_player2.csv,answers_mistral_7b_player2,Q027,N,Birds,5,nightingale,nightingale,1,1,0,Q027::5
Part3/outputs/answers_mistral_7b_player2.csv,answers_mistral_7b_player2,Q027,N,Birds,6,nightingale,nightingale,1,1,0,Q027::6
Part3/outputs/answers_mistral_7b_player2.csv,answers_mistral_7b_player2,Q027,N,Birds,7,nightingale,nightingale,1,1,0,Q027::7
Part3/outputs/answers_mistral_7b_player2.csv,answers_mistral_7b_player2,Q027,N,Birds,8,nightingale,nightingale,1,0,1,Q027::8
Part3/outputs/answers_mistral_7b_player2.csv,answers_mistral_7b_player2,Q027,N,Birds,9,northern cardinal,northern cardinal,1,0,1,Q027::9
Part3/outputs/answers_mistral_7b_player2.csv,answers_mistral_7b_player2,Q027,N,Birds,10,nightingale,nightingale,1,1,0,Q027::10
Part3/outputs/answers_mistral_7b_player2.csv,answers_mistral_7b_player2,Q027,N,Birds,11,nightingale,nightingale,1,1,0,Q027::11
Part3/outputs/answers_mistral_7b_player2.csv,answers_mistral_7b_player2,Q027,N,Birds,12,nightingale,nightingale,1,1,0,Q027::12
Part3/outputs/answers_mistral_7b_player2.csv,answers_mistral_7b_player2,Q027,N,Birds,13,nightingale,nightingale,1,1,0,Q027::13
Part3/outputs/answers_mistral_7b_player2.csv,answers_mistral_7b_player2,Q027,N,Birds,14,nightingale,nightingale,1,1,0,Q027::14
Part3/outputs/answers_mistral_7b_player2.csv,answers_mistral_7b_player2,Q027,N,Birds,15,nightingale,nightingale,1,1,0,Q027::15
Part3/outputs/answers_mistral_7b_player2.csv,answers_mistral_7b_player2,Q027,N,Birds,16,nightingale,nightingale,1,1,0,Q027::16
Part3/outputs/answers_mistral_7b_player2.csv,answers_mistral_7b_player2,Q027,N,Birds,17,nightingale,nightingale,1,0,1,Q027::17
Part3/outputs/answers_mistral_7b_player2.csv,answers_mistral_7b_player2,Q027,N,Birds,18,nightingale,nightingale,1,1,0,Q027::18
Part3/outputs/answers_mistral_7b_player2.csv,answers_mistral_7b_player2,Q027,N,Birds,19,nightingale,nightingale,1,1,0,Q027::19
Part3/outputs/answers_mistral_7b_player2.csv,answers_mistral_7b_player2,Q028,N,Things in a hospital,0,nebulizer,nebulizer,1,0,1,Q028::0
Part3/outputs/answers_mistral_7b_player2.csv,answers_mistral_7b_player2,Q028,N,Things in a hospital,1,nurse's station,nurse's station,1,0,1,Q028::1
Part3/outputs/answers_mistral_7b_player2.csv,answers_mistral_7b_player2,Q028,N,Things in a hospital,2,nebulizer,nebulizer,1,0,1,Q028::2
Part3/outputs/answers_mistral_7b_player2.csv,answers_mistral_7b_player2,Q028,N,Things in a hospital,3,nebulizer,nebulizer,1,0,1,Q028::3
Part3/outputs/answers_mistral_7b_player2.csv,answers_mistral_7b_player2,Q028,N,Things in a hospital,4,nurse's station,nurse's station,1,0,1,Q028::4
Part3/outputs/answers_mistral_7b_player2.csv,answers_mistral_7b_player2,Q028,N,Things in a hospital,5,nitrogen tank,nitrogen tank,0,0,0,Q028::5
Part3/outputs/answers_mistral_7b_player2.csv,answers_mistral_7b_player2,Q028,N,Things in a hospital,6,nurse's station,nurse's station,1,1,0,Q028::6
Part3/outputs/answers_mistral_7b_player2.csv,answers_mistral_7b_player2,Q028,N,Things in a hospital,7,nursing station,nursing station,1,0,1,Q028::7
Part3/outputs/answers_mistral_7b_player2.csv,answers_mistral_7b_player2,Q028,N,Things in a hospital,8,nursing station,nursing station,1,0,1,Q028::8
Part3/outputs/answers_mistral_7b_player2.csv,answers_mistral_7b_player2,Q028,N,Things in a hospital,9,nurse's station,nurse's station,1,0,1,Q028::9
Part3/outputs/answers_mistral_7b_player2.csv,answers_mistral_7b_player2,Q028,N,Things in a hospital,10,nurse's station,nurse's station,1,1,0,Q028::10
Part3/outputs/answers_mistral_7b_player2.csv,answers_mistral_7b_player2,Q028,N,Things in a hospital,11,nursing station,nursing station,1,0,1,Q028::11
Part3/outputs/answers_mistral_7b_player2.csv,answers_mistral_7b_player2,Q028,N,Things in a hospital,12,nursing station,nursing station,1,0,1,Q028::12
Part3/outputs/answers_mistral_7b_player2.csv,answers_mistral_7b_player2,Q028,N,Things in a hospital,13,nasal cannula,nasal cannula,1,0,1,Q028::13
Part3/outputs/answers_mistral_7b_player2.csv,answers_mistral_7b_player2,Q028,N,Things in a hospital,14,nitrogen-tank,nitrogen-tank,0,0,0,Q028::14
Part3/outputs/answers_mistral_7b_player2.csv,answers_mistral_7b_player2,Q028,N,Things in a hospital,15,nebulizer,nebulizer,1,0,1,Q028::15
Part3/outputs/answers_mistral_7b_player2.csv,answers_mistral_7b_player2,Q028,N,Things in a hospital,16,nurse's station,nurse's station,1,1,0,Q028::16
Part3/outputs/answers_mistral_7b_player2.csv,answers_mistral_7b_player2,Q028,N,Things in a hospital,17,nebulizer,nebulizer,1,0,1,Q028::17
Part3/outputs/answers_mistral_7b_player2.csv,answers_mistral_7b_player2,Q028,N,Things in a hospital,18,nurse's station,nurse's station,1,1,0,Q028::18
Part3/outputs/answers_mistral_7b_player2.csv,answers_mistral_7b_player2,Q028,N,Things in a hospital,19,nurse's station,nurse's station,1,0,1,Q028::19
Part3/outputs/answers_mistral_7b_player2.csv,answers_mistral_7b_player2,Q029,O,Companies,0,oracle corporation,oracle corporation,1,0,1,Q029::0
Part3/outputs/answers_mistral_7b_player2.csv,answers_mistral_7b_player2,Q029,O,Companies,1,orangegrove-oils,orangegrove-oils,0,0,0,Q029::1
Part3/outputs/answers_mistral_7b_player2.csv,answers_mistral_7b_player2,Q029,O,Companies,2,oraclecorp,oraclecorp,0,0,0,Q029::2
Part3/outputs/answers_mistral_7b_player2.csv,answers_mistral_7b_player2,Q029,O,Companies,3,orangegrove-oils,orangegrove-oils,0,0,0,Q029::3
Part3/outputs/answers_mistral_7b_player2.csv,answers_mistral_7b_player2,Q029,O,Companies,4,oracle,oracle,1,0,1,Q029::4
Part3/outputs/answers_mistral_7b_player2.csv,answers_mistral_7b_player2,Q029,O,Companies,5,oracle,oracle,1,0,1,Q029::5
Part3/outputs/answers_mistral_7b_player2.csv,answers_mistral_7b_player2,Q029,O,Companies,6,oraclecorp,oraclecorp,0,0,0,Q029::6
Part3/outputs/answers_mistral_7b_player2.csv,answers_mistral_7b_player2,Q029,O,Companies,7,oraclecorp,oraclecorp,0,0,0,Q029::7
Part3/outputs/answers_mistral_7b_player2.csv,answers_mistral_7b_player2,Q029,O,Companies,8,orangegrove-oils,orangegrove-oils,0,0,0,Q029::8
Part3/outputs/answers_mistral_7b_player2.csv,answers_mistral_7b_player2,Q029,O,Companies,9,orangegrove,orangegrove,0,0,0,Q029::9
Part3/outputs/answers_mistral_7b_player2.csv,answers_mistral_7b_player2,Q029,O,Companies,10,orangegroveoils,orangegroveoils,0,0,0,Q029::10
Part3/outputs/answers_mistral_7b_player2.csv,answers_mistral_7b_player2,Q029,O,Companies,11,oraclecorp,oraclecorp,0,0,0,Q029::11
Part3/outputs/answers_mistral_7b_player2.csv,answers_mistral_7b_player2,Q029,O,Companies,12,oracle,oracle,1,0,1,Q029::12
Part3/outputs/answers_mistral_7b_player2.csv,answers_mistral_7b_player2,Q029,O,Companies,13,oracle,oracle,1,0,1,Q029::13
Part3/outputs/answers_mistral_7b_player2.csv,answers_mistral_7b_player2,Q029,O,Companies,14,oraclecorp,oraclecorp,0,0,0,Q029::14
Part3/outputs/answers_mistral_7b_player2.csv,answers_mistral_7b_player2,Q029,O,Companies,15,orangegrove-oils,orangegrove-oils,0,0,0,Q029::15
Part3/outputs/answers_mistral_7b_player2.csv,answers_mistral_7b_player2,Q029,O,Companies,16,orangegrove-oils,orangegrove-oils,0,0,0,Q029::16
Part3/outputs/answers_mistral_7b_player2.csv,answers_mistral_7b_player2,Q029,O,Companies,17,oraclecorp,oraclecorp,0,0,0,Q029::17
Part3/outputs/answers_mistral_7b_player2.csv,answers_mistral_7b_player2,Q029,O,Companies,18,oraclecorp,oraclecorp,0,0,0,Q029::18
Part3/outputs/answers_mistral_7b_player2.csv,answers_mistral_7b_player2,Q029,O,Companies,19,oracle,oracle,1,0,1,Q029::19
Part3/outputs/answers_mistral_7b_player2.csv,answers_mistral_7b_player2,Q030,O,Things in the sky,0,orbital station,orbital station,1,0,1,Q030::0
Part3/outputs/answers_mistral_7b_player2.csv,answers_mistral_7b_player2,Q030,O,Things in the sky,1,orbiting satellite,orbiting satellite,0,0,0,Q030::1
Part3/outputs/answers_mistral_7b_player2.csv,answers_mistral_7b_player2,Q030,O,Things in the sky,2,orion constellation,orion constellation,1,1,0,Q030::2
Part3/outputs/answers_mistral_7b_player2.csv,answers_mistral_7b_player2,Q030,O,Things in the sky,3,orbiting satellite,orbiting satellite,0,0,0,Q030::3
Part3/outputs/answers_mistral_7b_player2.csv,answers_mistral_7b_player2,Q030,O,Things in the sky,4,orbiting satellite,orbiting satellite,0,0,0,Q030::4
Part3/outputs/answers_mistral_7b_player2.csv,answers_mistral_7b_player2,Q030,O,Things in the sky,5,orbiting asteroid,orbiting asteroid,0,0,0,Q030::5
Part3/outputs/answers_mistral_7b_player2.csv,answers_mistral_7b_player2,Q030,O,Things in the sky,6,orbiting satellite,orbiting satellite,0,0,0,Q030::6
Part3/outputs/answers_mistral_7b_player2.csv,answers_mistral_7b_player2,Q030,O,Things in the sky,7,orbiting satellite,orbiting satellite,0,0,0,Q030::7
Part3/outputs/answers_mistral_7b_player2.csv,answers_mistral_7b_player2,Q030,O,Things in the sky,8,orbiting satellite,orbiting satellite,0,0,0,Q030::8
Part3/outputs/answers_mistral_7b_player2.csv,answers_mistral_7b_player2,Q030,O,Things in the sky,9,orion constellation,orion constellation,1,0,1,Q030::9
Part3/outputs/answers_mistral_7b_player2.csv,answers_mistral_7b_player2,Q030,O,Things in the sky,10,orion constellation,orion constellation,1,1,0,Q030::10
Part3/outputs/answers_mistral_7b_player2.csv,answers_mistral_7b_player2,Q030,O,Things in the sky,11,orbiting asteroid,orbiting asteroid,0,0,0,Q030::11
Part3/outputs/answers_mistral_7b_player2.csv,answers_mistral_7b_player2,Q030,O,Things in the sky,12,orion constellation,orion constellation,1,1,0,Q030::12
Part3/outputs/answers_mistral_7b_player2.csv,answers_mistral_7b_player2,Q030,O,Things in the sky,13,orange,orange,0,0,0,Q030::13
Part3/outputs/answers_mistral_7b_player2.csv,answers_mistral_7b_player2,Q030,O,Things in the sky,14,orion constellation,orion constellation,1,0,1,Q030::14
Part3/outputs/answers_mistral_7b_player2.csv,answers_mistral_7b_player2,Q030,O,Things in the sky,15,orion constellation,orion constellation,1,1,0,Q030::15
Part3/outputs/answers_mistral_7b_player2.csv,answers_mistral_7b_player2,Q030,O,Things in the sky,16,orbiting satellite,orbiting satellite,0,0,0,Q030::16
Part3/outputs/answers_mistral_7b_player2.csv,answers_mistral_7b_player2,Q030,O,Things in the sky,17,orion constellation,orion constellation,1,0,1,Q030::17
Part3/outputs/answers_mistral_7b_player2.csv,answers_mistral_7b_player2,Q030,O,Things in the sky,18,orbital satellite,orbital satellite,1,0,1,Q030::18
Part3/outputs/answers_mistral_7b_player2.csv,answers_mistral_7b_player2,Q030,O,Things in the sky,19,Orion constellation,orion constellation,1,0,1,Q030::19
Part3/outputs/answers_mistral_7b_player2.csv,answers_mistral_7b_player2,Q031,P,Vegetables,0,purple pepper,purple pepper,0,0,0,Q031::0
Part3/outputs/answers_mistral_7b_player2.csv,answers_mistral_7b_player2,Q031,P,Vegetables,1,papaya,papaya,0,0,0,Q031::1
Part3/outputs/answers_mistral_7b_player2.csv,answers_mistral_7b_player2,Q031,P,Vegetables,2,pear,pear,0,0,0,Q031::2
Part3/outputs/answers_mistral_7b_player2.csv,answers_mistral_7b_player2,Q031,P,Vegetables,3,papaya,papaya,0,0,0,Q031::3
Part3/outputs/answers_mistral_7b_player2.csv,answers_mistral_7b_player2,Q031,P,Vegetables,4,purple potato,purple potato,1,0,1,Q031::4
Part3/outputs/answers_mistral_7b_player2.csv,answers_mistral_7b_player2,Q031,P,Vegetables,5,purple pepper,purple pepper,0,0,0,Q031::5
Part3/outputs/answers_mistral_7b_player2.csv,answers_mistral_7b_player2,Q031,P,Vegetables,6,purple potato,purple potato,1,0,1,Q031::6
Part3/outputs/answers_mistral_7b_player2.csv,answers_mistral_7b_player2,Q031,P,Vegetables,7,purple potato,purple potato,1,0,1,Q031::7
Part3/outputs/answers_mistral_7b_player2.csv,answers_mistral_7b_player2,Q031,P,Vegetables,8,peppers,peppers,1,0,1,Q031::8
Part3/outputs/answers_mistral_7b_player2.csv,answers_mistral_7b_player2,Q031,P,Vegetables,9,purple potato,purple potato,1,0,1,Q031::9
Part3/outputs/answers_mistral_7b_player2.csv,answers_mistral_7b_player2,Q031,P,Vegetables,10,purple potato,purple potato,1,0,1,Q031::10
Part3/outputs/answers_mistral_7b_player2.csv,answers_mistral_7b_player2,Q031,P,Vegetables,11,purple potato,purple potato,1,1,0,Q031::11
Part3/outputs/answers_mistral_7b_player2.csv,answers_mistral_7b_player2,Q031,P,Vegetables,12,purple pepper,purple pepper,0,0,0,Q031::12
Part3/outputs/answers_mistral_7b_player2.csv,answers_mistral_7b_player2,Q031,P,Vegetables,13,purple pepper,purple pepper,0,0,0,Q031::13
Part3/outputs/answers_mistral_7b_player2.csv,answers_mistral_7b_player2,Q031,P,Vegetables,14,purple potato,purple potato,1,0,1,Q031::14
Part3/outputs/answers_mistral_7b_player2.csv,answers_mistral_7b_player2,Q031,P,Vegetables,15,paprika,paprika,1,0,1,Q031::15
Part3/outputs/answers_mistral_7b_player2.csv,answers_mistral_7b_player2,Q031,P,Vegetables,16,purple potato,purple potato,1,0,1,Q031::16
Part3/outputs/answers_mistral_7b_player2.csv,answers_mistral_7b_player2,Q031,P,Vegetables,17,purple peppers,purple peppers,1,0,1,Q031::17
Part3/outputs/answers_mistral_7b_player2.csv,answers_mistral_7b_player2,Q031,P,Vegetables,18,purple potato,purple potato,1,0,1,Q031::18
Part3/outputs/answers_mistral_7b_player2.csv,answers_mistral_7b_player2,Q031,P,Vegetables,19,pepper,pepper,1,0,1,Q031::19
Part3/outputs/answers_mistral_7b_player2.csv,answers_mistral_7b_player2,Q032,P,Historical figures,0,pyrrhus,pyrrhus,1,1,0,Q032::0
Part3/outputs/answers_mistral_7b_player2.csv,answers_mistral_7b_player2,Q032,P,Historical figures,1,paulrevere,paulrevere,0,0,0,Q032::1
Part3/outputs/answers_mistral_7b_player2.csv,answers_mistral_7b_player2,Q032,P,Historical figures,2,peter the great,peter the great,1,0,1,Q032::2
Part3/outputs/answers_mistral_7b_player2.csv,answers_mistral_7b_player2,Q032,P,Historical figures,3,ponce de leon,ponce de leon,1,1,0,Q032::3
Part3/outputs/answers_mistral_7b_player2.csv,answers_mistral_7b_player2,Q032,P,Historical figures,4,pyrrhus,pyrrhus,1,1,0,Q032::4
Part3/outputs/answers_mistral_7b_player2.csv,answers_mistral_7b_player2,Q032,P,Historical figures,5,paulrevere,paulrevere,0,0,0,Q032::5
Part3/outputs/answers_mistral_7b_player2.csv,answers_mistral_7b_player2,Q032,P,Historical figures,6,pyrrhus,pyrrhus,1,1,0,Q032::6
Part3/outputs/answers_mistral_7b_player2.csv,answers_mistral_7b_player2,Q032,P,Historical figures,7,pyrrhus,pyrrhus,1,1,0,Q032::7
Part3/outputs/answers_mistral_7b_player2.csv,answers_mistral_7b_player2,Q032,P,Historical figures,8,ponce de leon,ponce de leon,1,1,0,Q032::8
Part3/outputs/answers_mistral_7b_player2.csv,answers_mistral_7b_player2,Q032,P,Historical figures,9,pyrrhus,pyrrhus,1,1,0,Q032::9
Part3/outputs/answers_mistral_7b_player2.csv,answers_mistral_7b_player2,Q032,P,Historical figures,10,pyrrhus,pyrrhus,1,1,0,Q032::10
Part3/outputs/answers_mistral_7b_player2.csv,answers_mistral_7b_player2,Q032,P,Historical figures,11,pyrrhus,pyrrhus,1,1,0,Q032::11
Part3/outputs/answers_mistral_7b_player2.csv,answers_mistral_7b_player2,Q032,P,Historical figures,12,pablo picasso,pablo picasso,0,0,0,Q032::12
Part3/outputs/answers_mistral_7b_player2.csv,answers_mistral_7b_player2,Q032,P,Historical figures,13,pythagoras,pythagoras,1,0,1,Q032::13
Part3/outputs/answers_mistral_7b_player2.csv,answers_mistral_7b_player2,Q032,P,Historical figures,14,pyrrhus,pyrrhus,1,1,0,Q032::14
Part3/outputs/answers_mistral_7b_player2.csv,answers_mistral_7b_player2,Q032,P,Historical figures,15,pyrrhus,pyrrhus,1,1,0,Q032::15
Part3/outputs/answers_mistral_7b_player2.csv,answers_mistral_7b_player2,Q032,P,Historical figures,16,pyrrhus,pyrrhus,1,1,0,Q032::16
Part3/outputs/answers_mistral_7b_player2.csv,answers_mistral_7b_player2,Q032,P,Historical figures,17,pyrrhus,pyrrhus,1,0,1,Q032::17
Part3/outputs/answers_mistral_7b_player2.csv,answers_mistral_7b_player2,Q032,P,Historical figures,18,pyrrhus,pyrrhus,1,1,0,Q032::18
Part3/outputs/answers_mistral_7b_player2.csv,answers_mistral_7b_player2,Q032,P,Historical figures,19,pyrrhus,pyrrhus,1,0,1,Q032::19
Part3/outputs/answers_mistral_7b_player2.csv,answers_mistral_7b_player2,Q033,Q,Words in English,0,quilt,quilt,1,0,1,Q033::0
Part3/outputs/answers_mistral_7b_player2.csv,answers_mistral_7b_player2,Q033,Q,Words in English,1,quinoa,quinoa,1,0,1,Q033::1
Part3/outputs/answers_mistral_7b_player2.csv,answers_mistral_7b_player2,Q033,Q,Words in English,2,quilted,quilted,1,0,1,Q033::2
Part3/outputs/answers_mistral_7b_player2.csv,answers_mistral_7b_player2,Q033,Q,Words in English,3,quilt pattern,quilt pattern,0,0,0,Q033::3
Part3/outputs/answers_mistral_7b_player2.csv,answers_mistral_7b_player2,Q033,Q,Words in English,4,quokka,quokka,1,0,1,Q033::4
Part3/outputs/answers_mistral_7b_player2.csv,answers_mistral_7b_player2,Q033,Q,Words in English,5,quilt,quilt,1,0,1,Q033::5
Part3/outputs/answers_mistral_7b_player2.csv,answers_mistral_7b_player2,Q033,Q,Words in English,6,quilt,quilt,1,0,1,Q033::6
Part3/outputs/answers_mistral_7b_player2.csv,answers_mistral_7b_player2,Q033,Q,Words in English,7,quokka,quokka,1,0,1,Q033::7
Part3/outputs/answers_mistral_7b_player2.csv,answers_mistral_7b_player2,Q033,Q,Words in English,8,quilt,quilt,1,0,1,Q033::8
Part3/outputs/answers_mistral_7b_player2.csv,answers_mistral_7b_player2,Q033,Q,Words in English,9,quilt,quilt,1,1,0,Q033::9
Part3/outputs/answers_mistral_7b_player2.csv,answers_mistral_7b_player2,Q033,Q,Words in English,10,quiche,quiche,1,1,0,Q033::10
Part3/outputs/answers_mistral_7b_player2.csv,answers_mistral_7b_player2,Q033,Q,Words in English,11,quilt pattern,quilt pattern,0,0,0,Q033::11
Part3/outputs/answers_mistral_7b_player2.csv,answers_mistral_7b_player2,Q033,Q,Words in English,12,quilt,quilt,1,0,1,Q033::12
Part3/outputs/answers_mistral_7b_player2.csv,answers_mistral_7b_player2,Q033,Q,Words in English,13,quill pen,quill pen,1,0,1,Q033::13
Part3/outputs/answers_mistral_7b_player2.csv,answers_mistral_7b_player2,Q033,Q,Words in English,14,quilt,quilt,1,0,1,Q033::14
Part3/outputs/answers_mistral_7b_player2.csv,answers_mistral_7b_player2,Q033,Q,Words in English,15,quilt,quilt,1,0,1,Q033::15
Part3/outputs/answers_mistral_7b_player2.csv,answers_mistral_7b_player2,Q033,Q,Words in English,16,quilted rabbit,quilted rabbit,0,0,0,Q033::16
Part3/outputs/answers_mistral_7b_player2.csv,answers_mistral_7b_player2,Q033,Q,Words in English,17,quilted bag,quilted bag,1,0,1,Q033::17
Part3/outputs/answers_mistral_7b_player2.csv,answers_mistral_7b_player2,Q033,Q,Words in English,18,quilted questionnaire,quilted questionnaire,0,0,0,Q033::18
Part3/outputs/answers_mistral_7b_player2.csv,answers_mistral_7b_player2,Q033,Q,Words in English,19,quilt,quilt,1,0,1,Q033::19
Part3/outputs/answers_mistral_7b_player2.csv,answers_mistral_7b_player2,Q034,Q,Fictional characters,0,quasimodo,quasimodo,1,1,0,Q034::0
Part3/outputs/answers_mistral_7b_player2.csv,answers_mistral_7b_player2,Q034,Q,Fictional characters,1,quasimodo,quasimodo,1,0,1,Q034::1
Part3/outputs/answers_mistral_7b_player2.csv,answers_mistral_7b_player2,Q034,Q,Fictional characters,2,quasimodo,quasimodo,1,0,1,Q034::2
Part3/outputs/answers_mistral_7b_player2.csv,answers_mistral_7b_player2,Q034,Q,Fictional characters,3,quasimodo,quasimodo,1,1,0,Q034::3
Part3/outputs/answers_mistral_7b_player2.csv,answers_mistral_7b_player2,Q034,Q,Fictional characters,4,quasimodo,quasimodo,1,0,1,Q034::4
Part3/outputs/answers_mistral_7b_player2.csv,answers_mistral_7b_player2,Q034,Q,Fictional characters,5,quicksilver (mercury from Harry Potter),quicksilver (mercury from harry potter,0,0,0,Q034::5
Part3/outputs/answers_mistral_7b_player2.csv,answers_mistral_7b_player2,Q034,Q,Fictional characters,6,quasimodo,quasimodo,1,1,0,Q034::6
Part3/outputs/answers_mistral_7b_player2.csv,answers_mistral_7b_player2,Q034,Q,Fictional characters,7,quicksilver (from Harry Potter),quicksilver (from harry potter,0,0,0,Q034::7
Part3/outputs/answers_mistral_7b_player2.csv,answers_mistral_7b_player2,Q034,Q,Fictional characters,8,quasimodo,quasimodo,1,1,0,Q034::8
Part3/outputs/answers_mistral_7b_player2.csv,answers_mistral_7b_player2,Q034,Q,Fictional characters,9,quasimodo,quasimodo,1,0,1,Q034::9
Part3/outputs/answers_mistral_7b_player2.csv,answers_mistral_7b_player2,Q034,Q,Fictional characters,10,quasimodo,quasimodo,1,1,0,Q034::10
Part3/outputs/answers_mistral_7b_player2.csv,answers_mistral_7b_player2,Q034,Q,Fictional characters,11,quicksilver (from Marvel comics),quicksilver (from marvel comics,1,0,1,Q034::11
Part3/outputs/answers_mistral_7b_player2.csv,answers_mistral_7b_player2,Q034,Q,Fictional characters,12,quicksilver (from Harry Potter),quicksilver (from harry potter,0,0,0,Q034::12
Part3/outputs/answers_mistral_7b_player2.csv,answers_mistral_7b_player2,Q034,Q,Fictional characters,13,quasimodo,quasimodo,1,0,1,Q034::13
Part3/outputs/answers_mistral_7b_player2.csv,answers_mistral_7b_player2,Q034,Q,Fictional characters,14,quasimodo,quasimodo,1,1,0,Q034::14
Part3/outputs/answers_mistral_7b_player2.csv,answers_mistral_7b_player2,Q034,Q,Fictional characters,15,quasimodo,quasimodo,1,0,1,Q034::15
Part3/outputs/answers_mistral_7b_player2.csv,answers_mistral_7b_player2,Q034,Q,Fictional characters,16,quasimodo,quasimodo,1,1,0,Q034::16
Part3/outputs/answers_mistral_7b_player2.csv,answers_mistral_7b_player2,Q034,Q,Fictional characters,17,quasimodo,quasimodo,1,1,0,Q034::17
Part3/outputs/answers_mistral_7b_player2.csv,answers_mistral_7b_player2,Q034,Q,Fictional characters,18,quasimodo,quasimodo,1,1,0,Q034::18
Part3/outputs/answers_mistral_7b_player2.csv,answers_mistral_7b_player2,Q034,Q,Fictional characters,19,quasimodo,quasimodo,1,0,1,Q034::19
Part3/outputs/answers_mistral_7b_player2.csv,answers_mistral_7b_player2,Q035,R,Songs,0,rolling in the deep,rolling in the deep,0,0,0,Q035::0
Part3/outputs/answers_mistral_7b_player2.csv,answers_mistral_7b_player2,Q035,R,Songs,1,rolling in the deep,rolling in the deep,0,0,0,Q035::1
Part3/outputs/answers_mistral_7b_player2.csv,answers_mistral_7b_player2,Q035,R,Songs,2,red red wine,red red wine,0,0,0,Q035::2
Part3/outputs/answers_mistral_7b_player2.csv,answers_mistral_7b_player2,Q035,R,Songs,3,red red wine,red red wine,0,0,0,Q035::3
Part3/outputs/answers_mistral_7b_player2.csv,answers_mistral_7b_player2,Q035,R,Songs,4,rolling in the deep,rolling in the deep,0,0,0,Q035::4
Part3/outputs/answers_mistral_7b_player2.csv,answers_mistral_7b_player2,Q035,R,Songs,5,rollin-stones-satisfaction,rollin-stones-satisfaction,0,0,0,Q035::5
Part3/outputs/answers_mistral_7b_player2.csv,answers_mistral_7b_player2,Q035,R,Songs,6,red red wine,red red wine,0,0,0,Q035::6
Part3/outputs/answers_mistral_7b_player2.csv,answers_mistral_7b_player2,Q035,R,Songs,7,rolling in the deep,rolling in the deep,0,0,0,Q035::7
Part3/outputs/answers_mistral_7b_player2.csv,answers_mistral_7b_player2,Q035,R,Songs,8,rolling in the deep,rolling in the deep,0,0,0,Q035::8
Part3/outputs/answers_mistral_7b_player2.csv,answers_mistral_7b_player2,Q035,R,Songs,9,red red wine,red red wine,0,0,0,Q035::9
Part3/outputs/answers_mistral_7b_player2.csv,answers_mistral_7b_player2,Q035,R,Songs,10,rolling in the deep,rolling in the deep,0,0,0,Q035::10
Part3/outputs/answers_mistral_7b_player2.csv,answers_mistral_7b_player2,Q035,R,Songs,11,rolling in the deep,rolling in the deep,0,0,0,Q035::11
Part3/outputs/answers_mistral_7b_player2.csv,answers_mistral_7b_player2,Q035,R,Songs,12,rolling in the deep,rolling in the deep,0,0,0,Q035::12
Part3/outputs/answers_mistral_7b_player2.csv,answers_mistral_7b_player2,Q035,R,Songs,13,rolling in the deep,rolling in the deep,0,0,0,Q035::13
Part3/outputs/answers_mistral_7b_player2.csv,answers_mistral_7b_player2,Q035,R,Songs,14,red red wine,red red wine,0,0,0,Q035::14
Part3/outputs/answers_mistral_7b_player2.csv,answers_mistral_7b_player2,Q035,R,Songs,15,rolling in the deep,rolling in the deep,0,0,0,Q035::15
Part3/outputs/answers_mistral_7b_player2.csv,answers_mistral_7b_player2,Q035,R,Songs,16,rolling in the deep,rolling in the deep,0,0,0,Q035::16
Part3/outputs/answers_mistral_7b_player2.csv,answers_mistral_7b_player2,Q035,R,Songs,17,rolling in the deep,rolling in the deep,0,0,0,Q035::17
Part3/outputs/answers_mistral_7b_player2.csv,answers_mistral_7b_player2,Q035,R,Songs,18,red red wine,red red wine,0,0,0,Q035::18
Part3/outputs/answers_mistral_7b_player2.csv,answers_mistral_7b_player2,Q035,R,Songs,19,red red wine,red red wine,0,0,0,Q035::19
Part3/outputs/answers_mistral_7b_player2.csv,answers_mistral_7b_player2,Q036,R,Tools,0,rake,rake,1,1,0,Q036::0
Part3/outputs/answers_mistral_7b_player2.csv,answers_mistral_7b_player2,Q036,R,Tools,1,rake,rake,1,1,0,Q036::1
Part3/outputs/answers_mistral_7b_player2.csv,answers_mistral_7b_player2,Q036,R,Tools,2,rake,rake,1,1,0,Q036::2
Part3/outputs/answers_mistral_7b_player2.csv,answers_mistral_7b_player2,Q036,R,Tools,3,rake,rake,1,1,0,Q036::3
Part3/outputs/answers_mistral_7b_player2.csv,answers_mistral_7b_player2,Q036,R,Tools,4,rake,rake,1,0,1,Q036::4
Part3/outputs/answers_mistral_7b_player2.csv,answers_mistral_7b_player2,Q036,R,Tools,5,ruler,ruler,1,0,1,Q036::5
Part3/outputs/answers_mistral_7b_player2.csv,answers_mistral_7b_player2,Q036,R,Tools,6,rake,rake,1,1,0,Q036::6
Part3/outputs/answers_mistral_7b_player2.csv,answers_mistral_7b_player2,Q036,R,Tools,7,ratchet wrench,ratchet wrench,1,0,1,Q036::7
Part3/outputs/answers_mistral_7b_player2.csv,answers_mistral_7b_player2,Q036,R,Tools,8,rake,rake,1,1,0,Q036::8
Part3/outputs/answers_mistral_7b_player2.csv,answers_mistral_7b_player2,Q036,R,Tools,9,ragweed rake,ragweed rake,0,0,0,Q036::9
Part3/outputs/answers_mistral_7b_player2.csv,answers_mistral_7b_player2,Q036,R,Tools,10,rotary drill,rotary drill,1,0,1,Q036::10
Part3/outputs/answers_mistral_7b_player2.csv,answers_mistral_7b_player2,Q036,R,Tools,11,rake,rake,1,0,1,Q036::11
Part3/outputs/answers_mistral_7b_player2.csv,answers_mistral_7b_player2,Q036,R,Tools,12,rusty saw,rusty saw,0,0,0,Q036::12
Part3/outputs/answers_mistral_7b_player2.csv,answers_mistral_7b_player2,Q036,R,Tools,13,rake,rake,1,0,1,Q036::13
Part3/outputs/answers_mistral_7b_player2.csv,answers_mistral_7b_player2,Q036,R,Tools,14,rusty rake,rusty rake,1,0,1,Q036::14
Part3/outputs/answers_mistral_7b_player2.csv,answers_mistral_7b_player2,Q036,R,Tools,15,rake,rake,1,0,1,Q036::15
Part3/outputs/answers_mistral_7b_player2.csv,answers_mistral_7b_player2,Q036,R,Tools,16,rake,rake,1,1,0,Q036::16
Part3/outputs/answers_mistral_7b_player2.csv,answers_mistral_7b_player2,Q036,R,Tools,17,ragweed rake,ragweed rake,0,0,0,Q036::17
Part3/outputs/answers_mistral_7b_player2.csv,answers_mistral_7b_player2,Q036,R,Tools,18,rake,rake,1,1,0,Q036::18
Part3/outputs/answers_mistral_7b_player2.csv,answers_mistral_7b_player2,Q036,R,Tools,19,rake,rake,1,1,0,Q036::19
Part3/outputs/answers_mistral_7b_player2.csv,answers_mistral_7b_player2,Q037,S,Animals,0,starfish,starfish,1,0,1,Q037::0
Part3/outputs/answers_mistral_7b_player2.csv,answers_mistral_7b_player2,Q037,S,Animals,1,starfish,starfish,1,0,1,Q037::1
Part3/outputs/answers_mistral_7b_player2.csv,answers_mistral_7b_player2,Q037,S,Animals,2,starfish,starfish,1,0,1,Q037::2
Part3/outputs/answers_mistral_7b_player2.csv,answers_mistral_7b_player2,Q037,S,Animals,3,starfish,starfish,1,0,1,Q037::3
Part3/outputs/answers_mistral_7b_player2.csv,answers_mistral_7b_player2,Q037,S,Animals,4,sea sloth,sea sloth,0,0,0,Q037::4
Part3/outputs/answers_mistral_7b_player2.csv,answers_mistral_7b_player2,Q037,S,Animals,5,starfish,starfish,1,0,1,Q037::5
Part3/outputs/answers_mistral_7b_player2.csv,answers_mistral_7b_player2,Q037,S,Animals,6,starfish,starfish,1,0,1,Q037::6
Part3/outputs/answers_mistral_7b_player2.csv,answers_mistral_7b_player2,Q037,S,Animals,7,sea slug,sea slug,1,0,1,Q037::7
Part3/outputs/answers_mistral_7b_player2.csv,answers_mistral_7b_player2,Q037,S,Animals,8,shark,shark,1,0,1,Q037::8
Part3/outputs/answers_mistral_7b_player2.csv,answers_mistral_7b_player2,Q037,S,Animals,9,starling,starling,1,0,1,Q037::9
Part3/outputs/answers_mistral_7b_player2.csv,answers_mistral_7b_player2,Q037,S,Animals,10,starling,starling,1,0,1,Q037::10
Part3/outputs/answers_mistral_7b_player2.csv,answers_mistral_7b_player2,Q037,S,Animals,11,starling,starling,1,0,1,Q037::11
Part3/outputs/answers_mistral_7b_player2.csv,answers_mistral_7b_player2,Q037,S,Animals,12,sea turtle,sea turtle,1,0,1,Q037::12
Part3/outputs/answers_mistral_7b_player2.csv,answers_mistral_7b_player2,Q037,S,Animals,13,starfish,starfish,1,0,1,Q037::13
Part3/outputs/answers_mistral_7b_player2.csv,answers_mistral_7b_player2,Q037,S,Animals,14,starfish,starfish,1,1,0,Q037::14
Part3/outputs/answers_mistral_7b_player2.csv,answers_mistral_7b_player2,Q037,S,Animals,15,starfish,starfish,1,0,1,Q037::15
Part3/outputs/answers_mistral_7b_player2.csv,answers_mistral_7b_player2,Q037,S,Animals,16,sea sloth,sea sloth,0,0,0,Q037::16
Part3/outputs/answers_mistral_7b_player2.csv,answers_mistral_7b_player2,Q037,S,Animals,17,sea sloth,sea sloth,0,0,0,Q037::17
Part3/outputs/answers_mistral_7b_player2.csv,answers_mistral_7b_player2,Q037,S,Animals,18,starfish,starfish,1,1,0,Q037::18
Part3/outputs/answers_mistral_7b_player2.csv,answers_mistral_7b_player2,Q037,S,Animals,19,sea star,sea star,1,0,1,Q037::19
Part3/outputs/answers_mistral_7b_player2.csv,answers_mistral_7b_player2,Q038,S,Things in an office,0,stapler,stapler,1,1,0,Q038::0
Part3/outputs/answers_mistral_7b_player2.csv,answers_mistral_7b_player2,Q038,S,Things in an office,1,stapler,stapler,1,1,0,Q038::1
Part3/outputs/answers_mistral_7b_player2.csv,answers_mistral_7b_player2,Q038,S,Things in an office,2,stapler,stapler,1,1,0,Q038::2
Part3/outputs/answers_mistral_7b_player2.csv,answers_mistral_7b_player2,Q038,S,Things in an office,3,stapler,stapler,1,1,0,Q038::3
Part3/outputs/answers_mistral_7b_player2.csv,answers_mistral_7b_player2,Q038,S,Things in an office,4,stapler,stapler,1,1,0,Q038::4
Part3/outputs/answers_mistral_7b_player2.csv,answers_mistral_7b_player2,Q038,S,Things in an office,5,stapler,stapler,1,1,0,Q038::5
Part3/outputs/answers_mistral_7b_player2.csv,answers_mistral_7b_player2,Q038,S,Things in an office,6,stapler,stapler,1,1,0,Q038::6
Part3/outputs/answers_mistral_7b_player2.csv,answers_mistral_7b_player2,Q038,S,Things in an office,7,stapler,stapler,1,1,0,Q038::7
Part3/outputs/answers_mistral_7b_player2.csv,answers_mistral_7b_player2,Q038,S,Things in an office,8,stapler,stapler,1,1,0,Q038::8
Part3/outputs/answers_mistral_7b_player2.csv,answers_mistral_7b_player2,Q038,S,Things in an office,9,stapler,stapler,1,1,0,Q038::9
Part3/outputs/answers_mistral_7b_player2.csv,answers_mistral_7b_player2,Q038,S,Things in an office,10,stapler,stapler,1,1,0,Q038::10
Part3/outputs/answers_mistral_7b_player2.csv,answers_mistral_7b_player2,Q038,S,Things in an office,11,stapler,stapler,1,1,0,Q038::11
Part3/outputs/answers_mistral_7b_player2.csv,answers_mistral_7b_player2,Q038,S,Things in an office,12,stapler,stapler,1,1,0,Q038::12
Part3/outputs/answers_mistral_7b_player2.csv,answers_mistral_7b_player2,Q038,S,Things in an office,13,stapler,stapler,1,1,0,Q038::13
Part3/outputs/answers_mistral_7b_player2.csv,answers_mistral_7b_player2,Q038,S,Things in an office,14,stapler,stapler,1,1,0,Q038::14
Part3/outputs/answers_mistral_7b_player2.csv,answers_mistral_7b_player2,Q038,S,Things in an office,15,stapler,stapler,1,1,0,Q038::15
Part3/outputs/answers_mistral_7b_player2.csv,answers_mistral_7b_player2,Q038,S,Things in an office,16,stapler,stapler,1,1,0,Q038::16
Part3/outputs/answers_mistral_7b_player2.csv,answers_mistral_7b_player2,Q038,S,Things in an office,17,stapler,stapler,1,1,0,Q038::17
Part3/outputs/answers_mistral_7b_player2.csv,answers_mistral_7b_player2,Q038,S,Things in an office,18,stapler,stapler,1,1,0,Q038::18
Part3/outputs/answers_mistral_7b_player2.csv,answers_mistral_7b_player2,Q038,S,Things in an office,19,stapler,stapler,1,1,0,Q038::19
Part3/outputs/answers_mistral_7b_player2.csv,answers_mistral_7b_player2,Q039,T,Countries,0,timor-leste,timor-leste,1,1,0,Q039::0
Part3/outputs/answers_mistral_7b_player2.csv,answers_mistral_7b_player2,Q039,T,Countries,1,timor-leste,timor-leste,1,1,0,Q039::1
Part3/outputs/answers_mistral_7b_player2.csv,answers_mistral_7b_player2,Q039,T,Countries,2,turkey,turkey,1,0,1,Q039::2
Part3/outputs/answers_mistral_7b_player2.csv,answers_mistral_7b_player2,Q039,T,Countries,3,timor-leste,timor-leste,1,0,1,Q039::3
Part3/outputs/answers_mistral_7b_player2.csv,answers_mistral_7b_player2,Q039,T,Countries,4,timor-leste,timor-leste,1,1,0,Q039::4
Part3/outputs/answers_mistral_7b_player2.csv,answers_mistral_7b_player2,Q039,T,Countries,5,tunisia,tunisia,1,0,1,Q039::5
Part3/outputs/answers_mistral_7b_player2.csv,answers_mistral_7b_player2,Q039,T,Countries,6,timor-leste,timor-leste,1,1,0,Q039::6
Part3/outputs/answers_mistral_7b_player2.csv,answers_mistral_7b_player2,Q039,T,Countries,7,timor-leste,timor-leste,1,0,1,Q039::7
Part3/outputs/answers_mistral_7b_player2.csv,answers_mistral_7b_player2,Q039,T,Countries,8,timor-leste,timor-leste,1,1,0,Q039::8
Part3/outputs/answers_mistral_7b_player2.csv,answers_mistral_7b_player2,Q039,T,Countries,9,timor-leste,timor-leste,1,1,0,Q039::9
Part3/outputs/answers_mistral_7b_player2.csv,answers_mistral_7b_player2,Q039,T,Countries,10,timor-leste,timor-leste,1,1,0,Q039::10
Part3/outputs/answers_mistral_7b_player2.csv,answers_mistral_7b_player2,Q039,T,Countries,11,timor-leste,timor-leste,1,1,0,Q039::11
Part3/outputs/answers_mistral_7b_player2.csv,answers_mistral_7b_player2,Q039,T,Countries,12,tajikistan,tajikistan,1,0,1,Q039::12
Part3/outputs/answers_mistral_7b_player2.csv,answers_mistral_7b_player2,Q039,T,Countries,13,timor-leste,timor-leste,1,0,1,Q039::13
Part3/outputs/answers_mistral_7b_player2.csv,answers_mistral_7b_player2,Q039,T,Countries,14,turkey (Turkey is the country),turkey (turkey is the country,1,0,1,Q039::14
Part3/outputs/answers_mistral_7b_player2.csv,answers_mistral_7b_player2,Q039,T,Countries,15,turkey,turkey,1,1,0,Q039::15
Part3/outputs/answers_mistral_7b_player2.csv,answers_mistral_7b_player2,Q039,T,Countries,16,trinidad+tobago,trinidad+tobago,1,0,1,Q039::16
Part3/outputs/answers_mistral_7b_player2.csv,answers_mistral_7b_player2,Q039,T,Countries,17,timor-leste,timor-leste,1,0,1,Q039::17
Part3/outputs/answers_mistral_7b_player2.csv,answers_mistral_7b_player2,Q039,T,Countries,18,turkey,turkey,1,0,1,Q039::18
Part3/outputs/answers_mistral_7b_player2.csv,answers_mistral_7b_player2,Q039,T,Countries,19,timor-leste,timor-leste,1,0,1,Q039::19
Part3/outputs/answers_mistral_7b_player2.csv,answers_mistral_7b_player2,Q040,T,TV shows,0,the-off,the-off,0,0,0,Q040::0
Part3/outputs/answers_mistral_7b_player2.csv,answers_mistral_7b_player2,Q040,T,TV shows,1,the twilight zone,the twilight zone,1,1,0,Q040::1
Part3/outputs/answers_mistral_7b_player2.csv,answers_mistral_7b_player2,Q040,T,TV shows,2,the twilight zone,the twilight zone,1,1,0,Q040::2
Part3/outputs/answers_mistral_7b_player2.csv,answers_mistral_7b_player2,Q040,T,TV shows,3,the twilight zone,the twilight zone,1,1,0,Q040::3
Part3/outputs/answers_mistral_7b_player2.csv,answers_mistral_7b_player2,Q040,T,TV shows,4,the twilight zone,the twilight zone,1,1,0,Q040::4
Part3/outputs/answers_mistral_7b_player2.csv,answers_mistral_7b_player2,Q040,T,TV shows,5,the twilight zone,the twilight zone,1,0,1,Q040::5
Part3/outputs/answers_mistral_7b_player2.csv,answers_mistral_7b_player2,Q040,T,TV shows,6,the twilight zone,the twilight zone,1,0,1,Q040::6
Part3/outputs/answers_mistral_7b_player2.csv,answers_mistral_7b_player2,Q040,T,TV shows,7,the simpsons,the simpsons,0,0,0,Q040::7
Part3/outputs/answers_mistral_7b_player2.csv,answers_mistral_7b_player2,Q040,T,TV shows,8,the simpsons,the simpsons,0,0,0,Q040::8
Part3/outputs/answers_mistral_7b_player2.csv,answers_mistral_7b_player2,Q040,T,TV shows,9,the twilight zone,the twilight zone,1,1,0,Q040::9
Part3/outputs/answers_mistral_7b_player2.csv,answers_mistral_7b_player2,Q040,T,TV shows,10,the twilight zone,the twilight zone,1,1,0,Q040::10
Part3/outputs/answers_mistral_7b_player2.csv,answers_mistral_7b_player2,Q040,T,TV shows,11,the flintstones,the flintstones,1,0,1,Q040::11
Part3/outputs/answers_mistral_7b_player2.csv,answers_mistral_7b_player2,Q040,T,TV shows,12,the twilight zone,the twilight zone,1,1,0,Q040::12
Part3/outputs/answers_mistral_7b_player2.csv,answers_mistral_7b_player2,Q040,T,TV shows,13,the twilight zone,the twilight zone,1,1,0,Q040::13
Part3/outputs/answers_mistral_7b_player2.csv,answers_mistral_7b_player2,Q040,T,TV shows,14,the simpsons,the simpsons,0,0,0,Q040::14
Part3/outputs/answers_mistral_7b_player2.csv,answers_mistral_7b_player2,Q040,T,TV shows,15,the office (u.s.),the office (u.s,0,0,0,Q040::15
Part3/outputs/answers_mistral_7b_player2.csv,answers_mistral_7b_player2,Q040,T,TV shows,16,the Office (us),the office (us,0,0,0,Q040::16
Part3/outputs/answers_mistral_7b_player2.csv,answers_mistral_7b_player2,Q040,T,TV shows,17,the twilight zone,the twilight zone,1,1,0,Q040::17
Part3/outputs/answers_mistral_7b_player2.csv,answers_mistral_7b_player2,Q040,T,TV shows,18,the twilight zone,the twilight zone,1,1,0,Q040::18
Part3/outputs/answers_mistral_7b_player2.csv,answers_mistral_7b_player2,Q040,T,TV shows,19,the twilight zone,the twilight zone,1,1,0,Q040::19
Part3/outputs/answers_mistral_7b_player2.csv,answers_mistral_7b_player2,Q041,U,U.S. colleges,0,university of utah,university of utah,1,1,0,Q041::0
Part3/outputs/answers_mistral_7b_player2.csv,answers_mistral_7b_player2,Q041,U,U.S. colleges,1,university of utah,university of utah,1,1,0,Q041::1
Part3/outputs/answers_mistral_7b_player2.csv,answers_mistral_7b_player2,Q041,U,U.S. colleges,2,university of utah,university of utah,1,1,0,Q041::2
Part3/outputs/answers_mistral_7b_player2.csv,answers_mistral_7b_player2,Q041,U,U.S. colleges,3,university of utah,university of utah,1,1,0,Q041::3
Part3/outputs/answers_mistral_7b_player2.csv,answers_mistral_7b_player2,Q041,U,U.S. colleges,4,university of utah,university of utah,1,1,0,Q041::4
Part3/outputs/answers_mistral_7b_player2.csv,answers_mistral_7b_player2,Q041,U,U.S. colleges,5,university of utah,university of utah,1,1,0,Q041::5
Part3/outputs/answers_mistral_7b_player2.csv,answers_mistral_7b_player2,Q041,U,U.S. colleges,6,university of utah,university of utah,1,1,0,Q041::6
Part3/outputs/answers_mistral_7b_player2.csv,answers_mistral_7b_player2,Q041,U,U.S. colleges,7,university of utah,university of utah,1,1,0,Q041::7
Part3/outputs/answers_mistral_7b_player2.csv,answers_mistral_7b_player2,Q041,U,U.S. colleges,8,university of utah,university of utah,1,1,0,Q041::8
Part3/outputs/answers_mistral_7b_player2.csv,answers_mistral_7b_player2,Q041,U,U.S. colleges,9,university of utah,university of utah,1,1,0,Q041::9
Part3/outputs/answers_mistral_7b_player2.csv,answers_mistral_7b_player2,Q041,U,U.S. colleges,10,university of utah,university of utah,1,1,0,Q041::10
Part3/outputs/answers_mistral_7b_player2.csv,answers_mistral_7b_player2,Q041,U,U.S. colleges,11,university of utah,university of utah,1,1,0,Q041::11
Part3/outputs/answers_mistral_7b_player2.csv,answers_mistral_7b_player2,Q041,U,U.S. colleges,12,university of utah,university of utah,1,1,0,Q041::12
Part3/outputs/answers_mistral_7b_player2.csv,answers_mistral_7b_player2,Q041,U,U.S. colleges,13,university of utah,university of utah,1,1,0,Q041::13
Part3/outputs/answers_mistral_7b_player2.csv,answers_mistral_7b_player2,Q041,U,U.S. colleges,14,university of utah,university of utah,1,1,0,Q041::14
Part3/outputs/answers_mistral_7b_player2.csv,answers_mistral_7b_player2,Q041,U,U.S. colleges,15,university of utah,university of utah,1,1,0,Q041::15
Part3/outputs/answers_mistral_7b_player2.csv,answers_mistral_7b_player2,Q041,U,U.S. colleges,16,university of utah,university of utah,1,1,0,Q041::16
Part3/outputs/answers_mistral_7b_player2.csv,answers_mistral_7b_player2,Q041,U,U.S. colleges,17,university of utah,university of utah,1,1,0,Q041::17
Part3/outputs/answers_mistral_7b_player2.csv,answers_mistral_7b_player2,Q041,U,U.S. colleges,18,university of utah,university of utah,1,1,0,Q041::18
Part3/outputs/answers_mistral_7b_player2.csv,answers_mistral_7b_player2,Q041,U,U.S. colleges,19,university of utah,university of utah,1,1,0,Q041::19
Part3/outputs/answers_mistral_7b_player2.csv,answers_mistral_7b_player2,Q042,U,Things in a garage,0,utility shovel,utility shovel,1,1,0,Q042::0
Part3/outputs/answers_mistral_7b_player2.csv,answers_mistral_7b_player2,Q042,U,Things in a garage,1,utility cart,utility cart,1,1,0,Q042::1
Part3/outputs/answers_mistral_7b_player2.csv,answers_mistral_7b_player2,Q042,U,Things in a garage,2,utility cart,utility cart,1,1,0,Q042::2
Part3/outputs/answers_mistral_7b_player2.csv,answers_mistral_7b_player2,Q042,U,Things in a garage,3,utility vehicle,utility vehicle,1,0,1,Q042::3
Part3/outputs/answers_mistral_7b_player2.csv,answers_mistral_7b_player2,Q042,U,Things in a garage,4,utility cart,utility cart,1,0,1,Q042::4
Part3/outputs/answers_mistral_7b_player2.csv,answers_mistral_7b_player2,Q042,U,Things in a garage,5,utility cart,utility cart,1,0,1,Q042::5
Part3/outputs/answers_mistral_7b_player2.csv,answers_mistral_7b_player2,Q042,U,Things in a garage,6,utility cart,utility cart,1,0,1,Q042::6
Part3/outputs/answers_mistral_7b_player2.csv,answers_mistral_7b_player2,Q042,U,Things in a garage,7,utility cart,utility cart,1,0,1,Q042::7
Part3/outputs/answers_mistral_7b_player2.csv,answers_mistral_7b_player2,Q042,U,Things in a garage,8,utility cart,utility cart,1,0,1,Q042::8
Part3/outputs/answers_mistral_7b_player2.csv,answers_mistral_7b_player2,Q042,U,Things in a garage,9,utility cart,utility cart,1,0,1,Q042::9
Part3/outputs/answers_mistral_7b_player2.csv,answers_mistral_7b_player2,Q042,U,Things in a garage,10,umbrella jack hammer wrench utility cart extension cable,umbrella jack hammer wrench utility cart extension cable,1,0,1,Q042::10
Part3/outputs/answers_mistral_7b_player2.csv,answers_mistral_7b_player2,Q042,U,Things in a garage,11,universal remote control,universal remote control,0,0,0,Q042::11
Part3/outputs/answers_mistral_7b_player2.csv,answers_mistral_7b_player2,Q042,U,Things in a garage,12,utensil rack,utensil rack,0,0,0,Q042::12
Part3/outputs/answers_mistral_7b_player2.csv,answers_mistral_7b_player2,Q042,U,Things in a garage,13,utility cart,utility cart,1,0,1,Q042::13
Part3/outputs/answers_mistral_7b_player2.csv,answers_mistral_7b_player2,Q042,U,Things in a garage,14,utility cart,utility cart,1,0,1,Q042::14
Part3/outputs/answers_mistral_7b_player2.csv,answers_mistral_7b_player2,Q042,U,Things in a garage,15,utility bike,utility bike,1,0,1,Q042::15
Part3/outputs/answers_mistral_7b_player2.csv,answers_mistral_7b_player2,Q042,U,Things in a garage,16,utility cart,utility cart,1,0,1,Q042::16
Part3/outputs/answers_mistral_7b_player2.csv,answers_mistral_7b_player2,Q042,U,Things in a garage,17,utility cart,utility cart,1,0,1,Q042::17
Part3/outputs/answers_mistral_7b_player2.csv,answers_mistral_7b_player2,Q042,U,Things in a garage,18,utility cart,utility cart,1,0,1,Q042::18
Part3/outputs/answers_mistral_7b_player2.csv,answers_mistral_7b_player2,Q042,U,Things in a garage,19,universal joint,universal joint,1,0,1,Q042::19
Part3/outputs/answers_mistral_7b_player2.csv,answers_mistral_7b_player2,Q043,V,Jobs,0,veterinarian,veterinarian,1,1,0,Q043::0
Part3/outputs/answers_mistral_7b_player2.csv,answers_mistral_7b_player2,Q043,V,Jobs,1,veterinarian,veterinarian,1,1,0,Q043::1
Part3/outputs/answers_mistral_7b_player2.csv,answers_mistral_7b_player2,Q043,V,Jobs,2,veterinarian,veterinarian,1,1,0,Q043::2
Part3/outputs/answers_mistral_7b_player2.csv,answers_mistral_7b_player2,Q043,V,Jobs,3,veterinarian,veterinarian,1,1,0,Q043::3
Part3/outputs/answers_mistral_7b_player2.csv,answers_mistral_7b_player2,Q043,V,Jobs,4,veterinarian,veterinarian,1,1,0,Q043::4
Part3/outputs/answers_mistral_7b_player2.csv,answers_mistral_7b_player2,Q043,V,Jobs,5,veterinarian,veterinarian,1,1,0,Q043::5
Part3/outputs/answers_mistral_7b_player2.csv,answers_mistral_7b_player2,Q043,V,Jobs,6,veterinarian,veterinarian,1,1,0,Q043::6
Part3/outputs/answers_mistral_7b_player2.csv,answers_mistral_7b_player2,Q043,V,Jobs,7,veterinarian,veterinarian,1,1,0,Q043::7
Part3/outputs/answers_mistral_7b_player2.csv,answers_mistral_7b_player2,Q043,V,Jobs,8,veterinarian,veterinarian,1,1,0,Q043::8
Part3/outputs/answers_mistral_7b_player2.csv,answers_mistral_7b_player2,Q043,V,Jobs,9,veterinarian,veterinarian,1,1,0,Q043::9
Part3/outputs/answers_mistral_7b_player2.csv,answers_mistral_7b_player2,Q043,V,Jobs,10,veterinarian,veterinarian,1,1,0,Q043::10
Part3/outputs/answers_mistral_7b_player2.csv,answers_mistral_7b_player2,Q043,V,Jobs,11,veterinarian,veterinarian,1,1,0,Q043::11
Part3/outputs/answers_mistral_7b_player2.csv,answers_mistral_7b_player2,Q043,V,Jobs,12,veterinarian,veterinarian,1,1,0,Q043::12
Part3/outputs/answers_mistral_7b_player2.csv,answers_mistral_7b_player2,Q043,V,Jobs,13,veterinarian,veterinarian,1,1,0,Q043::13
Part3/outputs/answers_mistral_7b_player2.csv,answers_mistral_7b_player2,Q043,V,Jobs,14,veterinarian,veterinarian,1,1,0,Q043::14
Part3/outputs/answers_mistral_7b_player2.csv,answers_mistral_7b_player2,Q043,V,Jobs,15,veterinarian,veterinarian,1,1,0,Q043::15
Part3/outputs/answers_mistral_7b_player2.csv,answers_mistral_7b_player2,Q043,V,Jobs,16,veterinarian,veterinarian,1,1,0,Q043::16
Part3/outputs/answers_mistral_7b_player2.csv,answers_mistral_7b_player2,Q043,V,Jobs,17,veterinarian,veterinarian,1,1,0,Q043::17
Part3/outputs/answers_mistral_7b_player2.csv,answers_mistral_7b_player2,Q043,V,Jobs,18,veterinarian,veterinarian,1,1,0,Q043::18
Part3/outputs/answers_mistral_7b_player2.csv,answers_mistral_7b_player2,Q043,V,Jobs,19,veterinarian,veterinarian,1,1,0,Q043::19
Part3/outputs/answers_mistral_7b_player2.csv,answers_mistral_7b_player2,Q044,V,Things you wear,0,velvet vest,velvet vest,1,1,0,Q044::0
Part3/outputs/answers_mistral_7b_player2.csv,answers_mistral_7b_player2,Q044,V,Things you wear,1,velvet vest,velvet vest,1,0,1,Q044::1
Part3/outputs/answers_mistral_7b_player2.csv,answers_mistral_7b_player2,Q044,V,Things you wear,2,velvet vest,velvet vest,1,1,0,Q044::2
Part3/outputs/answers_mistral_7b_player2.csv,answers_mistral_7b_player2,Q044,V,Things you wear,3,velvet vest,velvet vest,1,1,0,Q044::3
Part3/outputs/answers_mistral_7b_player2.csv,answers_mistral_7b_player2,Q044,V,Things you wear,4,velvet vest,velvet vest,1,1,0,Q044::4
Part3/outputs/answers_mistral_7b_player2.csv,answers_mistral_7b_player2,Q044,V,Things you wear,5,velvet vest,velvet vest,1,1,0,Q044::5
Part3/outputs/answers_mistral_7b_player2.csv,answers_mistral_7b_player2,Q044,V,Things you wear,6,velvet vest,velvet vest,1,1,0,Q044::6
Part3/outputs/answers_mistral_7b_player2.csv,answers_mistral_7b_player2,Q044,V,Things you wear,7,velvet vest,velvet vest,1,1,0,Q044::7
Part3/outputs/answers_mistral_7b_player2.csv,answers_mistral_7b_player2,Q044,V,Things you wear,8,velvet vest,velvet vest,1,1,0,Q044::8
Part3/outputs/answers_mistral_7b_player2.csv,answers_mistral_7b_player2,Q044,V,Things you wear,9,velvet vest,velvet vest,1,1,0,Q044::9
Part3/outputs/answers_mistral_7b_player2.csv,answers_mistral_7b_player2,Q044,V,Things you wear,10,velvet vest,velvet vest,1,0,1,Q044::10
Part3/outputs/answers_mistral_7b_player2.csv,answers_mistral_7b_player2,Q044,V,Things you wear,11,velvet vest,velvet vest,1,1,0,Q044::11
Part3/outputs/answers_mistral_7b_player2.csv,answers_mistral_7b_player2,Q044,V,Things you wear,12,velvet vest,velvet vest,1,1,0,Q044::12
Part3/outputs/answers_mistral_7b_player2.csv,answers_mistral_7b_player2,Q044,V,Things you wear,13,velvet vest,velvet vest,1,1,0,Q044::13
Part3/outputs/answers_mistral_7b_player2.csv,answers_mistral_7b_player2,Q044,V,Things you wear,14,velvet vest,velvet vest,1,0,1,Q044::14
Part3/outputs/answers_mistral_7b_player2.csv,answers_mistral_7b_player2,Q044,V,Things you wear,15,vest,vest,1,0,1,Q044::15
Part3/outputs/answers_mistral_7b_player2.csv,answers_mistral_7b_player2,Q044,V,Things you wear,16,vest,vest,1,0,1,Q044::16
Part3/outputs/answers_mistral_7b_player2.csv,answers_mistral_7b_player2,Q044,V,Things you wear,17,vest,vest,1,0,1,Q044::17
Part3/outputs/answers_mistral_7b_player2.csv,answers_mistral_7b_player2,Q044,V,Things you wear,18,velvet vest,velvet vest,1,1,0,Q044::18
Part3/outputs/answers_mistral_7b_player2.csv,answers_mistral_7b_player2,Q044,V,Things you wear,19,velvet vest,velvet vest,1,1,0,Q044::19
Part3/outputs/answers_mistral_7b_player2.csv,answers_mistral_7b_player2,Q045,W,Cities,0,winnipeg,winnipeg,1,1,0,Q045::0
Part3/outputs/answers_mistral_7b_player2.csv,answers_mistral_7b_player2,Q045,W,Cities,1,washington-dc,washington-dc,0,0,0,Q045::1
Part3/outputs/answers_mistral_7b_player2.csv,answers_mistral_7b_player2,Q045,W,Cities,2,wyoming (city),wyoming (city,0,0,0,Q045::2
Part3/outputs/answers_mistral_7b_player2.csv,answers_mistral_7b_player2,Q045,W,Cities,3,whiteriver,whiteriver,0,0,0,Q045::3
Part3/outputs/answers_mistral_7b_player2.csv,answers_mistral_7b_player2,Q045,W,Cities,4,winnipeg,winnipeg,1,0,1,Q045::4
Part3/outputs/answers_mistral_7b_player2.csv,answers_mistral_7b_player2,Q045,W,Cities,5,windhoek,windhoek,1,1,0,Q045::5
Part3/outputs/answers_mistral_7b_player2.csv,answers_mistral_7b_player2,Q045,W,Cities,6,winnipeg,winnipeg,1,1,0,Q045::6
Part3/outputs/answers_mistral_7b_player2.csv,answers_mistral_7b_player2,Q045,W,Cities,7,winnipeg,winnipeg,1,0,1,Q045::7
Part3/outputs/answers_mistral_7b_player2.csv,answers_mistral_7b_player2,Q045,W,Cities,8,winnipeg,winnipeg,1,0,1,Q045::8
Part3/outputs/answers_mistral_7b_player2.csv,answers_mistral_7b_player2,Q045,W,Cities,9,winnipeg,winnipeg,1,0,1,Q045::9
Part3/outputs/answers_mistral_7b_player2.csv,answers_mistral_7b_player2,Q045,W,Cities,10,winnipeg,winnipeg,1,1,0,Q045::10
Part3/outputs/answers_mistral_7b_player2.csv,answers_mistral_7b_player2,Q045,W,Cities,11,winnipeg,winnipeg,1,1,0,Q045::11
Part3/outputs/answers_mistral_7b_player2.csv,answers_mistral_7b_player2,Q045,W,Cities,12,wyoming,wyoming,0,0,0,Q045::12
Part3/outputs/answers_mistral_7b_player2.csv,answers_mistral_7b_player2,Q045,W,Cities,13,winnipeg,winnipeg,1,0,1,Q045::13
Part3/outputs/answers_mistral_7b_player2.csv,answers_mistral_7b_player2,Q045,W,Cities,14,wichita,wichita,1,0,1,Q045::14
Part3/outputs/answers_mistral_7b_player2.csv,answers_mistral_7b_player2,Q045,W,Cities,15,"wayne (Wayne, Nebraska)","wayne (wayne, nebraska",0,0,0,Q045::15
Part3/outputs/answers_mistral_7b_player2.csv,answers_mistral_7b_player2,Q045,W,Cities,16,"wyoming (city) - Evanston, Laramie, Chey","wyoming (city) - evanston, laramie, chey",0,0,0,Q045::16
Part3/outputs/answers_mistral_7b_player2.csv,answers_mistral_7b_player2,Q045,W,Cities,17,winnipeg,winnipeg,1,1,0,Q045::17
Part3/outputs/answers_mistral_7b_player2.csv,answers_mistral_7b_player2,Q045,W,Cities,18,wormsley (UK),wormsley (uk,0,0,0,Q045::18
Part3/outputs/answers_mistral_7b_player2.csv,answers_mistral_7b_player2,Q045,W,Cities,19,winnipeg,winnipeg,1,0,1,Q045::19
Part3/outputs/answers_mistral_7b_player2.csv,answers_mistral_7b_player2,Q046,W,Things in a park,0,water fountain,water fountain,1,1,0,Q046::0
Part3/outputs/answers_mistral_7b_player2.csv,answers_mistral_7b_player2,Q046,W,Things in a park,1,waterfall walnut wharf weathered wooden bench,waterfall walnut wharf weathered wooden bench,0,0,0,Q046::1
Part3/outputs/answers_mistral_7b_player2.csv,answers_mistral_7b_player2,Q046,W,Things in a park,2,waterfall walnut wharf weather vane wagonway willow wheelbar,waterfall walnut wharf weather vane wagonway willow wheelbar,0,0,0,Q046::2
Part3/outputs/answers_mistral_7b_player2.csv,answers_mistral_7b_player2,Q046,W,Things in a park,3,willow tree,willow tree,1,0,1,Q046::3
Part3/outputs/answers_mistral_7b_player2.csv,answers_mistral_7b_player2,Q046,W,Things in a park,4,water fountain,water fountain,1,1,0,Q046::4
Part3/outputs/answers_mistral_7b_player2.csv,answers_mistral_7b_player2,Q046,W,Things in a park,5,water fountain,water fountain,1,1,0,Q046::5
Part3/outputs/answers_mistral_7b_player2.csv,answers_mistral_7b_player2,Q046,W,Things in a park,6,water fountain,water fountain,1,1,0,Q046::6
Part3/outputs/answers_mistral_7b_player2.csv,answers_mistral_7b_player2,Q046,W,Things in a park,7,water fountain,water fountain,1,1,0,Q046::7
Part3/outputs/answers_mistral_7b_player2.csv,answers_mistral_7b_player2,Q046,W,Things in a park,8,water fountain,water fountain,1,0,1,Q046::8
Part3/outputs/answers_mistral_7b_player2.csv,answers_mistral_7b_player2,Q046,W,Things in a park,9,water fountain,water fountain,1,1,0,Q046::9
Part3/outputs/answers_mistral_7b_player2.csv,answers_mistral_7b_player2,Q046,W,Things in a park,10,water fountain,water fountain,1,1,0,Q046::10
Part3/outputs/answers_mistral_7b_player2.csv,answers_mistral_7b_player2,Q046,W,Things in a park,11,waterfall walnut tree wisteria weed whittled woodwork wading,waterfall walnut tree wisteria weed whittled woodwork wading,1,0,1,Q046::11
Part3/outputs/answers_mistral_7b_player2.csv,answers_mistral_7b_player2,Q046,W,Things in a park,12,water fountain,water fountain,1,1,0,Q046::12
Part3/outputs/answers_mistral_7b_player2.csv,answers_mistral_7b_player2,Q046,W,Things in a park,13,waterfall-willow,waterfall-willow,0,0,0,Q046::13
Part3/outputs/answers_mistral_7b_player2.csv,answers_mistral_7b_player2,Q046,W,Things in a park,14,waterfall-willow-whistle,waterfall-willow-whistle,0,0,0,Q046::14
Part3/outputs/answers_mistral_7b_player2.csv,answers_mistral_7b_player2,Q046,W,Things in a park,15,water fountain,water fountain,1,1,0,Q046::15
Part3/outputs/answers_mistral_7b_player2.csv,answers_mistral_7b_player2,Q046,W,Things in a park,16,water fountain,water fountain,1,1,0,Q046::16
Part3/outputs/answers_mistral_7b_player2.csv,answers_mistral_7b_player2,Q046,W,Things in a park,17,wicker bench,wicker bench,1,0,1,Q046::17
Part3/outputs/answers_mistral_7b_player2.csv,answers_mistral_7b_player2,Q046,W,Things in a park,18,water fountain (w-a-t-e-r f-,water fountain (w-a-t-e-r f,1,0,1,Q046::18
Part3/outputs/answers_mistral_7b_player2.csv,answers_mistral_7b_player2,Q046,W,Things in a park,19,water fountain,water fountain,1,1,0,Q046::19
Part3/outputs/answers_mistral_7b_player2.csv,answers_mistral_7b_player2,Q047,X,Brands,0,xerox,xerox,1,1,0,Q047::0
Part3/outputs/answers_mistral_7b_player2.csv,answers_mistral_7b_player2,Q047,X,Brands,1,xerox,xerox,1,1,0,Q047::1
Part3/outputs/answers_mistral_7b_player2.csv,answers_mistral_7b_player2,Q047,X,Brands,2,xerox,xerox,1,0,1,Q047::2
Part3/outputs/answers_mistral_7b_player2.csv,answers_mistral_7b_player2,Q047,X,Brands,3,xerox,xerox,1,0,1,Q047::3
Part3/outputs/answers_mistral_7b_player2.csv,answers_mistral_7b_player2,Q047,X,Brands,4,xerox,xerox,1,0,1,Q047::4
Part3/outputs/answers_mistral_7b_player2.csv,answers_mistral_7b_player2,Q047,X,Brands,5,xerox,xerox,1,0,1,Q047::5
Part3/outputs/answers_mistral_7b_player2.csv,answers_mistral_7b_player2,Q047,X,Brands,6,xerox,xerox,1,1,0,Q047::6
Part3/outputs/answers_mistral_7b_player2.csv,answers_mistral_7b_player2,Q047,X,Brands,7,xerox,xerox,1,1,0,Q047::7
Part3/outputs/answers_mistral_7b_player2.csv,answers_mistral_7b_player2,Q047,X,Brands,8,xerox,xerox,1,1,0,Q047::8
Part3/outputs/answers_mistral_7b_player2.csv,answers_mistral_7b_player2,Q047,X,Brands,9,xerox,xerox,1,0,1,Q047::9
Part3/outputs/answers_mistral_7b_player2.csv,answers_mistral_7b_player2,Q047,X,Brands,10,xerox,xerox,1,1,0,Q047::10
Part3/outputs/answers_mistral_7b_player2.csv,answers_mistral_7b_player2,Q047,X,Brands,11,xerox,xerox,1,1,0,Q047::11
Part3/outputs/answers_mistral_7b_player2.csv,answers_mistral_7b_player2,Q047,X,Brands,12,xerox,xerox,1,1,0,Q047::12
Part3/outputs/answers_mistral_7b_player2.csv,answers_mistral_7b_player2,Q047,X,Brands,13,xerox,xerox,1,1,0,Q047::13
Part3/outputs/answers_mistral_7b_player2.csv,answers_mistral_7b_player2,Q047,X,Brands,14,xerox,xerox,1,1,0,Q047::14
Part3/outputs/answers_mistral_7b_player2.csv,answers_mistral_7b_player2,Q047,X,Brands,15,xerox,xerox,1,1,0,Q047::15
Part3/outputs/answers_mistral_7b_player2.csv,answers_mistral_7b_player2,Q047,X,Brands,16,xbox,xbox,1,0,1,Q047::16
Part3/outputs/answers_mistral_7b_player2.csv,answers_mistral_7b_player2,Q047,X,Brands,17,xerox (Xerox Corporation is an American multinational corporation known,xerox (xerox corporation is an american multinational corporation known,1,0,1,Q047::17
Part3/outputs/answers_mistral_7b_player2.csv,answers_mistral_7b_player2,Q047,X,Brands,18,xerox,xerox,1,1,0,Q047::18
Part3/outputs/answers_mistral_7b_player2.csv,answers_mistral_7b_player2,Q047,X,Brands,19,xerox,xerox,1,1,0,Q047::19
Part3/outputs/answers_mistral_7b_player2.csv,answers_mistral_7b_player2,Q048,X,Words in English,0,xylophone,xylophone,1,1,0,Q048::0
Part3/outputs/answers_mistral_7b_player2.csv,answers_mistral_7b_player2,Q048,X,Words in English,1,xylophone,xylophone,1,1,0,Q048::1
Part3/outputs/answers_mistral_7b_player2.csv,answers_mistral_7b_player2,Q048,X,Words in English,2,xylophone,xylophone,1,1,0,Q048::2
Part3/outputs/answers_mistral_7b_player2.csv,answers_mistral_7b_player2,Q048,X,Words in English,3,xylophone,xylophone,1,1,0,Q048::3
Part3/outputs/answers_mistral_7b_player2.csv,answers_mistral_7b_player2,Q048,X,Words in English,4,xylophone,xylophone,1,1,0,Q048::4
Part3/outputs/answers_mistral_7b_player2.csv,answers_mistral_7b_player2,Q048,X,Words in English,5,xylophone,xylophone,1,1,0,Q048::5
Part3/outputs/answers_mistral_7b_player2.csv,answers_mistral_7b_player2,Q048,X,Words in English,6,xylophone,xylophone,1,1,0,Q048::6
Part3/outputs/answers_mistral_7b_player2.csv,answers_mistral_7b_player2,Q048,X,Words in English,7,xylophone,xylophone,1,1,0,Q048::7
Part3/outputs/answers_mistral_7b_player2.csv,answers_mistral_7b_player2,Q048,X,Words in English,8,xylophone,xylophone,1,1,0,Q048::8
Part3/outputs/answers_mistral_7b_player2.csv,answers_mistral_7b_player2,Q048,X,Words in English,9,xylophone,xylophone,1,1,0,Q048::9
Part3/outputs/answers_mistral_7b_player2.csv,answers_mistral_7b_player2,Q048,X,Words in English,10,xylophone,xylophone,1,1,0,Q048::10
Part3/outputs/answers_mistral_7b_player2.csv,answers_mistral_7b_player2,Q048,X,Words in English,11,xylophone,xylophone,1,1,0,Q048::11
Part3/outputs/answers_mistral_7b_player2.csv,answers_mistral_7b_player2,Q048,X,Words in English,12,xylophone,xylophone,1,1,0,Q048::12
Part3/outputs/answers_mistral_7b_player2.csv,answers_mistral_7b_player2,Q048,X,Words in English,13,xylophone,xylophone,1,1,0,Q048::13
Part3/outputs/answers_mistral_7b_player2.csv,answers_mistral_7b_player2,Q048,X,Words in English,14,xylophone,xylophone,1,1,0,Q048::14
Part3/outputs/answers_mistral_7b_player2.csv,answers_mistral_7b_player2,Q048,X,Words in English,15,xylophone,xylophone,1,1,0,Q048::15
Part3/outputs/answers_mistral_7b_player2.csv,answers_mistral_7b_player2,Q048,X,Words in English,16,xylophone,xylophone,1,1,0,Q048::16
Part3/outputs/answers_mistral_7b_player2.csv,answers_mistral_7b_player2,Q048,X,Words in English,17,xylophone,xylophone,1,1,0,Q048::17
Part3/outputs/answers_mistral_7b_player2.csv,answers_mistral_7b_player2,Q048,X,Words in English,18,xylophone,xylophone,1,1,0,Q048::18
Part3/outputs/answers_mistral_7b_player2.csv,answers_mistral_7b_player2,Q048,X,Words in English,19,xylophone,xylophone,1,1,0,Q048::19
Part3/outputs/answers_mistral_7b_player2.csv,answers_mistral_7b_player2,Q049,Y,Foods,0,yogurt,yogurt,1,1,0,Q049::0
Part3/outputs/answers_mistral_7b_player2.csv,answers_mistral_7b_player2,Q049,Y,Foods,1,yam fritters,yam fritters,1,0,1,Q049::1
Part3/outputs/answers_mistral_7b_player2.csv,answers_mistral_7b_player2,Q049,Y,Foods,2,yam fritter,yam fritter,1,0,1,Q049::2
Part3/outputs/answers_mistral_7b_player2.csv,answers_mistral_7b_player2,Q049,Y,Foods,3,yogurt,yogurt,1,1,0,Q049::3
Part3/outputs/answers_mistral_7b_player2.csv,answers_mistral_7b_player2,Q049,Y,Foods,4,yogurt,yogurt,1,1,0,Q049::4
Part3/outputs/answers_mistral_7b_player2.csv,answers_mistral_7b_player2,Q049,Y,Foods,5,yogurt,yogurt,1,1,0,Q049::5
Part3/outputs/answers_mistral_7b_player2.csv,answers_mistral_7b_player2,Q049,Y,Foods,6,yogurt,yogurt,1,1,0,Q049::6
Part3/outputs/answers_mistral_7b_player2.csv,answers_mistral_7b_player2,Q049,Y,Foods,7,yam fritters,yam fritters,1,0,1,Q049::7
Part3/outputs/answers_mistral_7b_player2.csv,answers_mistral_7b_player2,Q049,Y,Foods,8,yam fritters,yam fritters,1,0,1,Q049::8
Part3/outputs/answers_mistral_7b_player2.csv,answers_mistral_7b_player2,Q049,Y,Foods,9,yogurt,yogurt,1,1,0,Q049::9
Part3/outputs/answers_mistral_7b_player2.csv,answers_mistral_7b_player2,Q049,Y,Foods,10,yam fritters,yam fritters,1,1,0,Q049::10
Part3/outputs/answers_mistral_7b_player2.csv,answers_mistral_7b_player2,Q049,Y,Foods,11,yam fritters,yam fritters,1,0,1,Q049::11
Part3/outputs/answers_mistral_7b_player2.csv,answers_mistral_7b_player2,Q049,Y,Foods,12,yogurt,yogurt,1,0,1,Q049::12
Part3/outputs/answers_mistral_7b_player2.csv,answers_mistral_7b_player2,Q049,Y,Foods,13,yogurt,yogurt,1,1,0,Q049::13
Part3/outputs/answers_mistral_7b_player2.csv,answers_mistral_7b_player2,Q049,Y,Foods,14,yogurt,yogurt,1,1,0,Q049::14
Part3/outputs/answers_mistral_7b_player2.csv,answers_mistral_7b_player2,Q049,Y,Foods,15,yellowfin tuna,yellowfin tuna,1,0,1,Q049::15
Part3/outputs/answers_mistral_7b_player2.csv,answers_mistral_7b_player2,Q049,Y,Foods,16,yogurt,yogurt,1,1,0,Q049::16
Part3/outputs/answers_mistral_7b_player2.csv,answers_mistral_7b_player2,Q049,Y,Foods,17,yogurt,yogurt,1,1,0,Q049::17
Part3/outputs/answers_mistral_7b_player2.csv,answers_mistral_7b_player2,Q049,Y,Foods,18,yogurt,yogurt,1,1,0,Q049::18
Part3/outputs/answers_mistral_7b_player2.csv,answers_mistral_7b_player2,Q049,Y,Foods,19,yam fritters,yam fritters,1,0,1,Q049::19
Part3/outputs/answers_mistral_7b_player2.csv,answers_mistral_7b_player2,Q050,Y,Things at a party,0,yellow balloons,yellow balloons,1,0,1,Q050::0
Part3/outputs/answers_mistral_7b_player2.csv,answers_mistral_7b_player2,Q050,Y,Things at a party,1,yak-appetizer,yak-appetizer,0,0,0,Q050::1
Part3/outputs/answers_mistral_7b_player2.csv,answers_mistral_7b_player2,Q050,Y,Things at a party,2,yak-appetizer,yak-appetizer,0,0,0,Q050::2
Part3/outputs/answers_mistral_7b_player2.csv,answers_mistral_7b_player2,Q050,Y,Things at a party,3,yakkovyakovich,yakkovyakovich,0,0,0,Q050::3
Part3/outputs/answers_mistral_7b_player2.csv,answers_mistral_7b_player2,Q050,Y,Things at a party,4,yak-appetizer,yak-appetizer,0,0,0,Q050::4
Part3/outputs/answers_mistral_7b_player2.csv,answers_mistral_7b_player2,Q050,Y,Things at a party,5,yak-appetizer,yak-appetizer,0,0,0,Q050::5
Part3/outputs/answers_mistral_7b_player2.csv,answers_mistral_7b_player2,Q050,Y,Things at a party,6,yakitos,yakitos,0,0,0,Q050::6
Part3/outputs/answers_mistral_7b_player2.csv,answers_mistral_7b_player2,Q050,Y,Things at a party,7,yak-appetizer,yak-appetizer,0,0,0,Q050::7
Part3/outputs/answers_mistral_7b_player2.csv,answers_mistral_7b_player2,Q050,Y,Things at a party,8,yakappa_hat,yakappa_hat,0,0,0,Q050::8
Part3/outputs/answers_mistral_7b_player2.csv,answers_mistral_7b_player2,Q050,Y,Things at a party,9,yak-appetizer,yak-appetizer,0,0,0,Q050::9
Part3/outputs/answers_mistral_7b_player2.csv,answers_mistral_7b_player2,Q050,Y,Things at a party,10,yakitori,yakitori,1,0,1,Q050::10
Part3/outputs/answers_mistral_7b_player2.csv,answers_mistral_7b_player2,Q050,Y,Things at a party,11,yakappa-hat,yakappa-hat,0,0,0,Q050::11
Part3/outputs/answers_mistral_7b_player2.csv,answers_mistral_7b_player2,Q050,Y,Things at a party,12,yakitoys,yakitoys,0,0,0,Q050::12
Part3/outputs/answers_mistral_7b_player2.csv,answers_mistral_7b_player2,Q050,Y,Things at a party,13,yakety-yolk,yakety-yolk,0,0,0,Q050::13
Part3/outputs/answers_mistral_7b_player2.csv,answers_mistral_7b_player2,Q050,Y,Things at a party,14,yak costume,yak costume,0,0,0,Q050::14
Part3/outputs/answers_mistral_7b_player2.csv,answers_mistral_7b_player2,Q050,Y,Things at a party,15,yak-on-a-stick,yak-on-a-stick,0,0,0,Q050::15
Part3/outputs/answers_mistral_7b_player2.csv,answers_mistral_7b_player2,Q050,Y,Things at a party,16,yakkovs_hat,yakkovs_hat,0,0,0,Q050::16
Part3/outputs/answers_mistral_7b_player2.csv,answers_mistral_7b_player2,Q050,Y,Things at a party,17,yakappa_platter,yakappa_platter,0,0,0,Q050::17
Part3/outputs/answers_mistral_7b_player2.csv,answers_mistral_7b_player2,Q050,Y,Things at a party,18,yakappa-cup,yakappa-cup,0,0,0,Q050::18
Part3/outputs/answers_mistral_7b_player2.csv,answers_mistral_7b_player2,Q050,Y,Things at a party,19,yellowballoons,yellowballoons,0,0,0,Q050::19
Part3/outputs/answers_mistral_7b_player2.csv,answers_mistral_7b_player2,Q051,Z,Animals,0,zebra,zebra,1,1,0,Q051::0
Part3/outputs/answers_mistral_7b_player2.csv,answers_mistral_7b_player2,Q051,Z,Animals,1,zebra,zebra,1,1,0,Q051::1
Part3/outputs/answers_mistral_7b_player2.csv,answers_mistral_7b_player2,Q051,Z,Animals,2,zebra,zebra,1,1,0,Q051::2
Part3/outputs/answers_mistral_7b_player2.csv,answers_mistral_7b_player2,Q051,Z,Animals,3,zebra,zebra,1,1,0,Q051::3
Part3/outputs/answers_mistral_7b_player2.csv,answers_mistral_7b_player2,Q051,Z,Animals,4,zebra,zebra,1,1,0,Q051::4
Part3/outputs/answers_mistral_7b_player2.csv,answers_mistral_7b_player2,Q051,Z,Animals,5,zebra,zebra,1,1,0,Q051::5
Part3/outputs/answers_mistral_7b_player2.csv,answers_mistral_7b_player2,Q051,Z,Animals,6,zebra,zebra,1,1,0,Q051::6
Part3/outputs/answers_mistral_7b_player2.csv,answers_mistral_7b_player2,Q051,Z,Animals,7,zebra,zebra,1,1,0,Q051::7
Part3/outputs/answers_mistral_7b_player2.csv,answers_mistral_7b_player2,Q051,Z,Animals,8,zebra,zebra,1,1,0,Q051::8
Part3/outputs/answers_mistral_7b_player2.csv,answers_mistral_7b_player2,Q051,Z,Animals,9,zebra,zebra,1,1,0,Q051::9
Part3/outputs/answers_mistral_7b_player2.csv,answers_mistral_7b_player2,Q051,Z,Animals,10,zebra,zebra,1,1,0,Q051::10
Part3/outputs/answers_mistral_7b_player2.csv,answers_mistral_7b_player2,Q051,Z,Animals,11,zebra,zebra,1,1,0,Q051::11
Part3/outputs/answers_mistral_7b_player2.csv,answers_mistral_7b_player2,Q051,Z,Animals,12,zebra,zebra,1,1,0,Q051::12
Part3/outputs/answers_mistral_7b_player2.csv,answers_mistral_7b_player2,Q051,Z,Animals,13,zebra,zebra,1,1,0,Q051::13
Part3/outputs/answers_mistral_7b_player2.csv,answers_mistral_7b_player2,Q051,Z,Animals,14,zebra,zebra,1,1,0,Q051::14
Part3/outputs/answers_mistral_7b_player2.csv,answers_mistral_7b_player2,Q051,Z,Animals,15,zebra,zebra,1,1,0,Q051::15
Part3/outputs/answers_mistral_7b_player2.csv,answers_mistral_7b_player2,Q051,Z,Animals,16,zebra,zebra,1,1,0,Q051::16
Part3/outputs/answers_mistral_7b_player2.csv,answers_mistral_7b_player2,Q051,Z,Animals,17,zebra,zebra,1,1,0,Q051::17
Part3/outputs/answers_mistral_7b_player2.csv,answers_mistral_7b_player2,Q051,Z,Animals,18,zebra,zebra,1,1,0,Q051::18
Part3/outputs/answers_mistral_7b_player2.csv,answers_mistral_7b_player2,Q051,Z,Animals,19,zebra,zebra,1,1,0,Q051::19
Part3/outputs/answers_mistral_7b_player2.csv,answers_mistral_7b_player2,Q052,Z,Things in a zoo,0,zebra,zebra,1,1,0,Q052::0
Part3/outputs/answers_mistral_7b_player2.csv,answers_mistral_7b_player2,Q052,Z,Things in a zoo,1,zebra,zebra,1,1,0,Q052::1
Part3/outputs/answers_mistral_7b_player2.csv,answers_mistral_7b_player2,Q052,Z,Things in a zoo,2,zebra,zebra,1,1,0,Q052::2
Part3/outputs/answers_mistral_7b_player2.csv,answers_mistral_7b_player2,Q052,Z,Things in a zoo,3,zebra,zebra,1,1,0,Q052::3
Part3/outputs/answers_mistral_7b_player2.csv,answers_mistral_7b_player2,Q052,Z,Things in a zoo,4,zebra,zebra,1,1,0,Q052::4
Part3/outputs/answers_mistral_7b_player2.csv,answers_mistral_7b_player2,Q052,Z,Things in a zoo,5,zebra,zebra,1,1,0,Q052::5
Part3/outputs/answers_mistral_7b_player2.csv,answers_mistral_7b_player2,Q052,Z,Things in a zoo,6,zebra,zebra,1,1,0,Q052::6
Part3/outputs/answers_mistral_7b_player2.csv,answers_mistral_7b_player2,Q052,Z,Things in a zoo,7,zebra,zebra,1,1,0,Q052::7
Part3/outputs/answers_mistral_7b_player2.csv,answers_mistral_7b_player2,Q052,Z,Things in a zoo,8,zebra,zebra,1,1,0,Q052::8
Part3/outputs/answers_mistral_7b_player2.csv,answers_mistral_7b_player2,Q052,Z,Things in a zoo,9,zebra,zebra,1,1,0,Q052::9
Part3/outputs/answers_mistral_7b_player2.csv,answers_mistral_7b_player2,Q052,Z,Things in a zoo,10,zebra,zebra,1,1,0,Q052::10
Part3/outputs/answers_mistral_7b_player2.csv,answers_mistral_7b_player2,Q052,Z,Things in a zoo,11,zebra,zebra,1,1,0,Q052::11
Part3/outputs/answers_mistral_7b_player2.csv,answers_mistral_7b_player2,Q052,Z,Things in a zoo,12,zebra,zebra,1,1,0,Q052::12
Part3/outputs/answers_mistral_7b_player2.csv,answers_mistral_7b_player2,Q052,Z,Things in a zoo,13,zebra,zebra,1,1,0,Q052::13
Part3/outputs/answers_mistral_7b_player2.csv,answers_mistral_7b_player2,Q052,Z,Things in a zoo,14,zebra,zebra,1,1,0,Q052::14
Part3/outputs/answers_mistral_7b_player2.csv,answers_mistral_7b_player2,Q052,Z,Things in a zoo,15,zebra,zebra,1,1,0,Q052::15
Part3/outputs/answers_mistral_7b_player2.csv,answers_mistral_7b_player2,Q052,Z,Things in a zoo,16,zebra,zebra,1,1,0,Q052::16
Part3/outputs/answers_mistral_7b_player2.csv,answers_mistral_7b_player2,Q052,Z,Things in a zoo,17,zebra,zebra,1,1,0,Q052::17
Part3/outputs/answers_mistral_7b_player2.csv,answers_mistral_7b_player2,Q052,Z,Things in a zoo,18,zebra,zebra,1,1,0,Q052::18
Part3/outputs/answers_mistral_7b_player2.csv,answers_mistral_7b_player2,Q052,Z,Things in a zoo,19,zebra,zebra,1,1,0,Q052::19
Part3/outputs/answers_mistral_7b_player2.csv,answers_mistral_7b_player2,Q053,A,Things in a kitchen,0,"apron

For more information about Scattergories rules and scoring:",apron for more information about scattergories rules and scoring,1,0,1,Q053::0
Part3/outputs/answers_mistral_7b_player2.csv,answers_mistral_7b_player2,Q053,A,Things in a kitchen,1,apron,apron,1,1,0,Q053::1
Part3/outputs/answers_mistral_7b_player2.csv,answers_mistral_7b_player2,Q053,A,Things in a kitchen,2,apron,apron,1,1,0,Q053::2
Part3/outputs/answers_mistral_7b_player2.csv,answers_mistral_7b_player2,Q053,A,Things in a kitchen,3,"apron aid

(Answer: an apron, which is used","apron aid (answer: an apron, which is used",0,0,0,Q053::3
Part3/outputs/answers_mistral_7b_player2.csv,answers_mistral_7b_player2,Q053,A,Things in a kitchen,4,"apron

(For clarification: I tried to follow the rules of",apron (for clarification: i tried to follow the rules of,1,0,1,Q053::4
Part3/outputs/answers_mistral_7b_player2.csv,answers_mistral_7b_player2,Q053,A,Things in a kitchen,5,apron hook,apron hook,0,0,0,Q053::5
Part3/outputs/answers_mistral_7b_player2.csv,answers_mistral_7b_player2,Q053,A,Things in a kitchen,6,apple juice agitator,apple juice agitator,0,0,0,Q053::6
Part3/outputs/answers_mistral_7b_player2.csv,answers_mistral_7b_player2,Q053,A,Things in a kitchen,7,apron hook,apron hook,0,0,0,Q053::7
Part3/outputs/answers_mistral_7b_player2.csv,answers_mistral_7b_player2,Q053,A,Things in a kitchen,8,apron,apron,1,1,0,Q053::8
Part3/outputs/answers_mistral_7b_player2.csv,answers_mistral_7b_player2,Q053,A,Things in a kitchen,9,apron,apron,1,0,1,Q053::9
Part3/outputs/answers_mistral_7b_player2.csv,answers_mistral_7b_player2,Q053,A,Things in a kitchen,10,apron,apron,1,1,0,Q053::10
Part3/outputs/answers_mistral_7b_player2.csv,answers_mistral_7b_player2,Q053,A,Things in a kitchen,11,"apple juice agar

Explanation: In Scattergories,",apple juice agar explanation: in scattergories,0,0,0,Q053::11
Part3/outputs/answers_mistral_7b_player2.csv,answers_mistral_7b_player2,Q053,A,Things in a kitchen,12,apron,apron,1,1,0,Q053::12
Part3/outputs/answers_mistral_7b_player2.csv,answers_mistral_7b_player2,Q053,A,Things in a kitchen,13,apron hook,apron hook,0,0,0,Q053::13
Part3/outputs/answers_mistral_7b_player2.csv,answers_mistral_7b_player2,Q053,A,Things in a kitchen,14,"apron

Here's another one:

Letter: B",apron here's another one: letter: b,1,0,1,Q053::14
Part3/outputs/answers_mistral_7b_player2.csv,answers_mistral_7b_player2,Q053,A,Things in a kitchen,15,apple apron,apple apron,0,0,0,Q053::15
Part3/outputs/answers_mistral_7b_player2.csv,answers_mistral_7b_player2,Q053,A,Things in a kitchen,16,apron,apron,1,0,1,Q053::16
Part3/outputs/answers_mistral_7b_player2.csv,answers_mistral_7b_player2,Q053,A,Things in a kitchen,17,apron,apron,1,0,1,Q053::17
Part3/outputs/answers_mistral_7b_player2.csv,answers_mistral_7b_player2,Q053,A,Things in a kitchen,18,"apron

For future references, here's an additional example for the","apron for future references, here's an additional example for the",1,0,1,Q053::18
Part3/outputs/answers_mistral_7b_player2.csv,answers_mistral_7b_player2,Q053,A,Things in a kitchen,19,apple juice aerator,apple juice aerator,0,0,0,Q053::19
Part3/outputs/answers_mistral_7b_player2.csv,answers_mistral_7b_player2,Q054,B,Singers,0,barbra streisand,barbra streisand,1,1,0,Q054::0
Part3/outputs/answers_mistral_7b_player2.csv,answers_mistral_7b_player2,Q054,B,Singers,1,barbra streisand,barbra streisand,1,1,0,Q054::1
Part3/outputs/answers_mistral_7b_player2.csv,answers_mistral_7b_player2,Q054,B,Singers,2,barbra streisand,barbra streisand,1,1,0,Q054::2
Part3/outputs/answers_mistral_7b_player2.csv,answers_mistral_7b_player2,Q054,B,Singers,3,billie eilish,billie eilish,1,0,1,Q054::3
Part3/outputs/answers_mistral_7b_player2.csv,answers_mistral_7b_player2,Q054,B,Singers,4,barbra streisand,barbra streisand,1,1,0,Q054::4
Part3/outputs/answers_mistral_7b_player2.csv,answers_mistral_7b_player2,Q054,B,Singers,5,barbra streisand,barbra streisand,1,1,0,Q054::5
Part3/outputs/answers_mistral_7b_player2.csv,answers_mistral_7b_player2,Q054,B,Singers,6,barbra streisand,barbra streisand,1,1,0,Q054::6
Part3/outputs/answers_mistral_7b_player2.csv,answers_mistral_7b_player2,Q054,B,Singers,7,barbra streisand,barbra streisand,1,0,1,Q054::7
Part3/outputs/answers_mistral_7b_player2.csv,answers_mistral_7b_player2,Q054,B,Singers,8,badley (Morphine singer),badley (morphine singer,0,0,0,Q054::8
Part3/outputs/answers_mistral_7b_player2.csv,answers_mistral_7b_player2,Q054,B,Singers,9,barbra streisand,barbra streisand,1,0,1,Q054::9
Part3/outputs/answers_mistral_7b_player2.csv,answers_mistral_7b_player2,Q054,B,Singers,10,barbra streisand,barbra streisand,1,1,0,Q054::10
Part3/outputs/answers_mistral_7b_player2.csv,answers_mistral_7b_player2,Q054,B,Singers,11,barbra streisand,barbra streisand,1,1,0,Q054::11
Part3/outputs/answers_mistral_7b_player2.csv,answers_mistral_7b_player2,Q054,B,Singers,12,barbra streisand,barbra streisand,1,1,0,Q054::12
Part3/outputs/answers_mistral_7b_player2.csv,answers_mistral_7b_player2,Q054,B,Singers,13,barbra streisand,barbra streisand,1,1,0,Q054::13
Part3/outputs/answers_mistral_7b_player2.csv,answers_mistral_7b_player2,Q054,B,Singers,14,barbra streisand,barbra streisand,1,1,0,Q054::14
Part3/outputs/answers_mistral_7b_player2.csv,answers_mistral_7b_player2,Q054,B,Singers,15,barbra streisand,barbra streisand,1,1,0,Q054::15
Part3/outputs/answers_mistral_7b_player2.csv,answers_mistral_7b_player2,Q054,B,Singers,16,bobby brown,bobby brown,1,0,1,Q054::16
Part3/outputs/answers_mistral_7b_player2.csv,answers_mistral_7b_player2,Q054,B,Singers,17,beyonce,beyonce,1,0,1,Q054::17
Part3/outputs/answers_mistral_7b_player2.csv,answers_mistral_7b_player2,Q054,B,Singers,18,barbra streisand,barbra streisand,1,1,0,Q054::18
Part3/outputs/answers_mistral_7b_player2.csv,answers_mistral_7b_player2,Q054,B,Singers,19,barbra streisand,barbra streisand,1,1,0,Q054::19
Part3/outputs/answers_mistral_7b_player2.csv,answers_mistral_7b_player2,Q055,C,Desserts,0,chocolate cake,chocolate cake,1,1,0,Q055::0
Part3/outputs/answers_mistral_7b_player2.csv,answers_mistral_7b_player2,Q055,C,Desserts,1,chocolate cake,chocolate cake,1,1,0,Q055::1
Part3/outputs/answers_mistral_7b_player2.csv,answers_mistral_7b_player2,Q055,C,Desserts,2,chocolate cake,chocolate cake,1,1,0,Q055::2
Part3/outputs/answers_mistral_7b_player2.csv,answers_mistral_7b_player2,Q055,C,Desserts,3,chocolate cake,chocolate cake,1,1,0,Q055::3
Part3/outputs/answers_mistral_7b_player2.csv,answers_mistral_7b_player2,Q055,C,Desserts,4,chocolate cake,chocolate cake,1,1,0,Q055::4
Part3/outputs/answers_mistral_7b_player2.csv,answers_mistral_7b_player2,Q055,C,Desserts,5,chocolate cake,chocolate cake,1,1,0,Q055::5
Part3/outputs/answers_mistral_7b_player2.csv,answers_mistral_7b_player2,Q055,C,Desserts,6,chocolate cake,chocolate cake,1,1,0,Q055::6
Part3/outputs/answers_mistral_7b_player2.csv,answers_mistral_7b_player2,Q055,C,Desserts,7,chocolate cake,chocolate cake,1,1,0,Q055::7
Part3/outputs/answers_mistral_7b_player2.csv,answers_mistral_7b_player2,Q055,C,Desserts,8,chocolate cake,chocolate cake,1,1,0,Q055::8
Part3/outputs/answers_mistral_7b_player2.csv,answers_mistral_7b_player2,Q055,C,Desserts,9,chocolate cake,chocolate cake,1,1,0,Q055::9
Part3/outputs/answers_mistral_7b_player2.csv,answers_mistral_7b_player2,Q055,C,Desserts,10,chocolate cake,chocolate cake,1,1,0,Q055::10
Part3/outputs/answers_mistral_7b_player2.csv,answers_mistral_7b_player2,Q055,C,Desserts,11,chocolate cake,chocolate cake,1,1,0,Q055::11
Part3/outputs/answers_mistral_7b_player2.csv,answers_mistral_7b_player2,Q055,C,Desserts,12,chocolate cake,chocolate cake,1,1,0,Q055::12
Part3/outputs/answers_mistral_7b_player2.csv,answers_mistral_7b_player2,Q055,C,Desserts,13,chocolate cake,chocolate cake,1,1,0,Q055::13
Part3/outputs/answers_mistral_7b_player2.csv,answers_mistral_7b_player2,Q055,C,Desserts,14,chocolate cake,chocolate cake,1,1,0,Q055::14
Part3/outputs/answers_mistral_7b_player2.csv,answers_mistral_7b_player2,Q055,C,Desserts,15,chocolate cake,chocolate cake,1,1,0,Q055::15
Part3/outputs/answers_mistral_7b_player2.csv,answers_mistral_7b_player2,Q055,C,Desserts,16,chocolate cake,chocolate cake,1,1,0,Q055::16
Part3/outputs/answers_mistral_7b_player2.csv,answers_mistral_7b_player2,Q055,C,Desserts,17,chocolate cake,chocolate cake,1,1,0,Q055::17
Part3/outputs/answers_mistral_7b_player2.csv,answers_mistral_7b_player2,Q055,C,Desserts,18,chocolate cake,chocolate cake,1,1,0,Q055::18
Part3/outputs/answers_mistral_7b_player2.csv,answers_mistral_7b_player2,Q055,C,Desserts,19,chocolate cake,chocolate cake,1,1,0,Q055::19
Part3/outputs/answers_mistral_7b_player2.csv,answers_mistral_7b_player2,Q056,D,Plants,0,daisy,daisy,1,0,1,Q056::0
Part3/outputs/answers_mistral_7b_player2.csv,answers_mistral_7b_player2,Q056,D,Plants,1,dandelion,dandelion,1,1,0,Q056::1
Part3/outputs/answers_mistral_7b_player2.csv,answers_mistral_7b_player2,Q056,D,Plants,2,daisy,daisy,1,1,0,Q056::2
Part3/outputs/answers_mistral_7b_player2.csv,answers_mistral_7b_player2,Q056,D,Plants,3,dandelion,dandelion,1,0,1,Q056::3
Part3/outputs/answers_mistral_7b_player2.csv,answers_mistral_7b_player2,Q056,D,Plants,4,dandelion,dandelion,1,0,1,Q056::4
Part3/outputs/answers_mistral_7b_player2.csv,answers_mistral_7b_player2,Q056,D,Plants,5,dandelion,dandelion,1,1,0,Q056::5
Part3/outputs/answers_mistral_7b_player2.csv,answers_mistral_7b_player2,Q056,D,Plants,6,dandelion,dandelion,1,1,0,Q056::6
Part3/outputs/answers_mistral_7b_player2.csv,answers_mistral_7b_player2,Q056,D,Plants,7,daisy,daisy,1,0,1,Q056::7
Part3/outputs/answers_mistral_7b_player2.csv,answers_mistral_7b_player2,Q056,D,Plants,8,dandelion,dandelion,1,1,0,Q056::8
Part3/outputs/answers_mistral_7b_player2.csv,answers_mistral_7b_player2,Q056,D,Plants,9,daffodil,daffodil,1,0,1,Q056::9
Part3/outputs/answers_mistral_7b_player2.csv,answers_mistral_7b_player2,Q056,D,Plants,10,dandelion,dandelion,1,1,0,Q056::10
Part3/outputs/answers_mistral_7b_player2.csv,answers_mistral_7b_player2,Q056,D,Plants,11,dandelion,dandelion,1,0,1,Q056::11
Part3/outputs/answers_mistral_7b_player2.csv,answers_mistral_7b_player2,Q056,D,Plants,12,dandelion,dandelion,1,1,0,Q056::12
Part3/outputs/answers_mistral_7b_player2.csv,answers_mistral_7b_player2,Q056,D,Plants,13,dandelion,dandelion,1,0,1,Q056::13
Part3/outputs/answers_mistral_7b_player2.csv,answers_mistral_7b_player2,Q056,D,Plants,14,daisy,daisy,1,1,0,Q056::14
Part3/outputs/answers_mistral_7b_player2.csv,answers_mistral_7b_player2,Q056,D,Plants,15,dandelion,dandelion,1,1,0,Q056::15
Part3/outputs/answers_mistral_7b_player2.csv,answers_mistral_7b_player2,Q056,D,Plants,16,dandelion,dandelion,1,1,0,Q056::16
Part3/outputs/answers_mistral_7b_player2.csv,answers_mistral_7b_player2,Q056,D,Plants,17,dandelion,dandelion,1,1,0,Q056::17
Part3/outputs/answers_mistral_7b_player2.csv,answers_mistral_7b_player2,Q056,D,Plants,18,daisy,daisy,1,0,1,Q056::18
Part3/outputs/answers_mistral_7b_player2.csv,answers_mistral_7b_player2,Q056,D,Plants,19,dandelion,dandelion,1,1,0,Q056::19
Part3/outputs/answers_mistral_7b_player2.csv,answers_mistral_7b_player2,Q057,E,Companies,0,easyjet,easyjet,1,0,1,Q057::0
Part3/outputs/answers_mistral_7b_player2.csv,answers_mistral_7b_player2,Q057,E,Companies,1,eBay,ebay,1,1,0,Q057::1
Part3/outputs/answers_mistral_7b_player2.csv,answers_mistral_7b_player2,Q057,E,Companies,2,easyjet,easyjet,1,0,1,Q057::2
Part3/outputs/answers_mistral_7b_player2.csv,answers_mistral_7b_player2,Q057,E,Companies,3,eBay,ebay,1,0,1,Q057::3
Part3/outputs/answers_mistral_7b_player2.csv,answers_mistral_7b_player2,Q057,E,Companies,4,easyjet,easyjet,1,0,1,Q057::4
Part3/outputs/answers_mistral_7b_player2.csv,answers_mistral_7b_player2,Q057,E,Companies,5,electronic arts,electronic arts,1,0,1,Q057::5
Part3/outputs/answers_mistral_7b_player2.csv,answers_mistral_7b_player2,Q057,E,Companies,6,easyjet,easyjet,1,0,1,Q057::6
Part3/outputs/answers_mistral_7b_player2.csv,answers_mistral_7b_player2,Q057,E,Companies,7,"3m, eBay, expedia, estee lauder,","3m, ebay, expedia, estee lauder",1,0,1,Q057::7
Part3/outputs/answers_mistral_7b_player2.csv,answers_mistral_7b_player2,Q057,E,Companies,8,eBay,ebay,1,1,0,Q057::8
Part3/outputs/answers_mistral_7b_player2.csv,answers_mistral_7b_player2,Q057,E,Companies,9,easyjet,easyjet,1,0,1,Q057::9
Part3/outputs/answers_mistral_7b_player2.csv,answers_mistral_7b_player2,Q057,E,Companies,10,eBay,ebay,1,0,1,Q057::10
Part3/outputs/answers_mistral_7b_player2.csv,answers_mistral_7b_player2,Q057,E,Companies,11,easterleigh-estates,easterleigh-estates,0,0,0,Q057::11
Part3/outputs/answers_mistral_7b_player2.csv,answers_mistral_7b_player2,Q057,E,Companies,12,easyjet,easyjet,1,0,1,Q057::12
Part3/outputs/answers_mistral_7b_player2.csv,answers_mistral_7b_player2,Q057,E,Companies,13,eBay,ebay,1,0,1,Q057::13
Part3/outputs/answers_mistral_7b_player2.csv,answers_mistral_7b_player2,Q057,E,Companies,14,easyjet,easyjet,1,0,1,Q057::14
Part3/outputs/answers_mistral_7b_player2.csv,answers_mistral_7b_player2,Q057,E,Companies,15,"3m

(Explanation: 3M is a mult",3m (explanation: 3m is a mult,0,0,0,Q057::15
Part3/outputs/answers_mistral_7b_player2.csv,answers_mistral_7b_player2,Q057,E,Companies,16,easyjet,easyjet,1,0,1,Q057::16
Part3/outputs/answers_mistral_7b_player2.csv,answers_mistral_7b_player2,Q057,E,Companies,17,esprit,esprit,1,0,1,Q057::17
Part3/outputs/answers_mistral_7b_player2.csv,answers_mistral_7b_player2,Q057,E,Companies,18,eBay,ebay,1,0,1,Q057::18
Part3/outputs/answers_mistral_7b_player2.csv,answers_mistral_7b_player2,Q057,E,Companies,19,easyjet,easyjet,1,0,1,Q057::19
Part3/outputs/answers_mistral_7b_player2.csv,answers_mistral_7b_player2,Q058,F,Movie characters,0,forrest gump,forrest gump,1,1,0,Q058::0
Part3/outputs/answers_mistral_7b_player2.csv,answers_mistral_7b_player2,Q058,F,Movie characters,1,forrest gump,forrest gump,1,1,0,Q058::1
Part3/outputs/answers_mistral_7b_player2.csv,answers_mistral_7b_player2,Q058,F,Movie characters,2,forrest gump,forrest gump,1,1,0,Q058::2
Part3/outputs/answers_mistral_7b_player2.csv,answers_mistral_7b_player2,Q058,F,Movie characters,3,forrest gump,forrest gump,1,1,0,Q058::3
Part3/outputs/answers_mistral_7b_player2.csv,answers_mistral_7b_player2,Q058,F,Movie characters,4,forrest gump,forrest gump,1,1,0,Q058::4
Part3/outputs/answers_mistral_7b_player2.csv,answers_mistral_7b_player2,Q058,F,Movie characters,5,forrest gump,forrest gump,1,1,0,Q058::5
Part3/outputs/answers_mistral_7b_player2.csv,answers_mistral_7b_player2,Q058,F,Movie characters,6,forrest gump,forrest gump,1,1,0,Q058::6
Part3/outputs/answers_mistral_7b_player2.csv,answers_mistral_7b_player2,Q058,F,Movie characters,7,forrest gump,forrest gump,1,0,1,Q058::7
Part3/outputs/answers_mistral_7b_player2.csv,answers_mistral_7b_player2,Q058,F,Movie characters,8,forrest gump,forrest gump,1,1,0,Q058::8
Part3/outputs/answers_mistral_7b_player2.csv,answers_mistral_7b_player2,Q058,F,Movie characters,9,forrest gump,forrest gump,1,1,0,Q058::9
Part3/outputs/answers_mistral_7b_player2.csv,answers_mistral_7b_player2,Q058,F,Movie characters,10,forrest gump,forrest gump,1,1,0,Q058::10
Part3/outputs/answers_mistral_7b_player2.csv,answers_mistral_7b_player2,Q058,F,Movie characters,11,forrest gump,forrest gump,1,1,0,Q058::11
Part3/outputs/answers_mistral_7b_player2.csv,answers_mistral_7b_player2,Q058,F,Movie characters,12,forrest gump,forrest gump,1,1,0,Q058::12
Part3/outputs/answers_mistral_7b_player2.csv,answers_mistral_7b_player2,Q058,F,Movie characters,13,forrest gump,forrest gump,1,1,0,Q058::13
Part3/outputs/answers_mistral_7b_player2.csv,answers_mistral_7b_player2,Q058,F,Movie characters,14,forrest gump,forrest gump,1,1,0,Q058::14
Part3/outputs/answers_mistral_7b_player2.csv,answers_mistral_7b_player2,Q058,F,Movie characters,15,forrest gump,forrest gump,1,1,0,Q058::15
Part3/outputs/answers_mistral_7b_player2.csv,answers_mistral_7b_player2,Q058,F,Movie characters,16,forrest gump,forrest gump,1,0,1,Q058::16
Part3/outputs/answers_mistral_7b_player2.csv,answers_mistral_7b_player2,Q058,F,Movie characters,17,forrest gump,forrest gump,1,1,0,Q058::17
Part3/outputs/answers_mistral_7b_player2.csv,answers_mistral_7b_player2,Q058,F,Movie characters,18,forrest gump,forrest gump,1,1,0,Q058::18
Part3/outputs/answers_mistral_7b_player2.csv,answers_mistral_7b_player2,Q058,F,Movie characters,19,forrest gump,forrest gump,1,1,0,Q058::19
Part3/outputs/answers_mistral_7b_player2.csv,answers_mistral_7b_player2,Q059,G,Things in a toolbox,0,hammer gauge pliers wrench gaff tape screwdriver,hammer gauge pliers wrench gaff tape screwdriver,0,0,0,Q059::0
Part3/outputs/answers_mistral_7b_player2.csv,answers_mistral_7b_player2,Q059,G,Things in a toolbox,1,hammer gauge wrench gasket screwdriver,hammer gauge wrench gasket screwdriver,0,0,0,Q059::1
Part3/outputs/answers_mistral_7b_player2.csv,answers_mistral_7b_player2,Q059,G,Things in a toolbox,2,hammer gauge wrench gasket,hammer gauge wrench gasket,0,0,0,Q059::2
Part3/outputs/answers_mistral_7b_player2.csv,answers_mistral_7b_player2,Q059,G,Things in a toolbox,3,screwdriver,screwdriver,1,0,1,Q059::3
Part3/outputs/answers_mistral_7b_player2.csv,answers_mistral_7b_player2,Q059,G,Things in a toolbox,4,Phillips screwdriver,phillips screwdriver,0,0,0,Q059::4
Part3/outputs/answers_mistral_7b_player2.csv,answers_mistral_7b_player2,Q059,G,Things in a toolbox,5,screwdriver griplock pliers wrench hammer gauge tape measure,screwdriver griplock pliers wrench hammer gauge tape measure,0,0,0,Q059::5
Part3/outputs/answers_mistral_7b_player2.csv,answers_mistral_7b_player2,Q059,G,Things in a toolbox,6,nail file grip wrench gaff tape gauge,nail file grip wrench gaff tape gauge,0,0,0,Q059::6
Part3/outputs/answers_mistral_7b_player2.csv,answers_mistral_7b_player2,Q059,G,Things in a toolbox,7,g-clamps,g-clamps,1,0,1,Q059::7
Part3/outputs/answers_mistral_7b_player2.csv,answers_mistral_7b_player2,Q059,G,Things in a toolbox,8,hammer gauge wrench grip tape glue gun gasket,hammer gauge wrench grip tape glue gun gasket,1,0,1,Q059::8
Part3/outputs/answers_mistral_7b_player2.csv,answers_mistral_7b_player2,Q059,G,Things in a toolbox,9,hammer gauge wrench gasket glue grip tape,hammer gauge wrench gasket glue grip tape,1,1,0,Q059::9
Part3/outputs/answers_mistral_7b_player2.csv,answers_mistral_7b_player2,Q059,G,Things in a toolbox,10,"allen wrench

I hope that helps! Let me know if you",allen wrench i hope that helps! let me know if you,1,0,1,Q059::10
Part3/outputs/answers_mistral_7b_player2.csv,answers_mistral_7b_player2,Q059,G,Things in a toolbox,11,"wrench, gauge, grip, gloves, gasket","wrench, gauge, grip, gloves, gasket",1,0,1,Q059::11
Part3/outputs/answers_mistral_7b_player2.csv,answers_mistral_7b_player2,Q059,G,Things in a toolbox,12,hammer gauge wrench gasket,hammer gauge wrench gasket,0,0,0,Q059::12
Part3/outputs/answers_mistral_7b_player2.csv,answers_mistral_7b_player2,Q059,G,Things in a toolbox,13,"screwdriver

Here's an additional answer to make it two:",screwdriver here's an additional answer to make it two,1,0,1,Q059::13
Part3/outputs/answers_mistral_7b_player2.csv,answers_mistral_7b_player2,Q059,G,Things in a toolbox,14,nail-file,nail-file,0,0,0,Q059::14
Part3/outputs/answers_mistral_7b_player2.csv,answers_mistral_7b_player2,Q059,G,Things in a toolbox,15,nail-file,nail-file,0,0,0,Q059::15
Part3/outputs/answers_mistral_7b_player2.csv,answers_mistral_7b_player2,Q059,G,Things in a toolbox,16,hammer gauge wrench pliers screwdriver tape (duct),hammer gauge wrench pliers screwdriver tape (duct,0,0,0,Q059::16
Part3/outputs/answers_mistral_7b_player2.csv,answers_mistral_7b_player2,Q059,G,Things in a toolbox,17,hammer grip,hammer grip,0,0,0,Q059::17
Part3/outputs/answers_mistral_7b_player2.csv,answers_mistral_7b_player2,Q059,G,Things in a toolbox,18,hammer gauge wrench gloves gaff tape screwdriver goggles,hammer gauge wrench gloves gaff tape screwdriver goggles,0,0,0,Q059::18
Part3/outputs/answers_mistral_7b_player2.csv,answers_mistral_7b_player2,Q059,G,Things in a toolbox,19,Phillips screwdriver,phillips screwdriver,0,0,0,Q059::19
Part3/outputs/answers_mistral_7b_player2.csv,answers_mistral_7b_player2,Q060,H,Countries,0,hectoria (a fictional country for the purpose of this game),hectoria (a fictional country for the purpose of this game,0,0,0,Q060::0
Part3/outputs/answers_mistral_7b_player2.csv,answers_mistral_7b_player2,Q060,H,Countries,1,haiti,haiti,1,0,1,Q060::1
Part3/outputs/answers_mistral_7b_player2.csv,answers_mistral_7b_player2,Q060,H,Countries,2,holland,holland,0,0,0,Q060::2
Part3/outputs/answers_mistral_7b_player2.csv,answers_mistral_7b_player2,Q060,H,Countries,3,hectorite (Heard Island and McDonald Islands),hectorite (heard island and mcdonald islands,0,0,0,Q060::3
Part3/outputs/answers_mistral_7b_player2.csv,answers_mistral_7b_player2,Q060,H,Countries,4,holland,holland,0,0,0,Q060::4
Part3/outputs/answers_mistral_7b_player2.csv,answers_mistral_7b_player2,Q060,H,Countries,5,hectoringoven,hectoringoven,0,0,0,Q060::5
Part3/outputs/answers_mistral_7b_player2.csv,answers_mistral_7b_player2,Q060,H,Countries,6,hector Island (British Antarctic Territory),hector island (british antarctic territory,0,0,0,Q060::6
Part3/outputs/answers_mistral_7b_player2.csv,answers_mistral_7b_player2,Q060,H,Countries,7,holland,holland,0,0,0,Q060::7
Part3/outputs/answers_mistral_7b_player2.csv,answers_mistral_7b_player2,Q060,H,Countries,8,hectoria (a fictional country often used in Scattergories),hectoria (a fictional country often used in scattergories,0,0,0,Q060::8
Part3/outputs/answers_mistral_7b_player2.csv,answers_mistral_7b_player2,Q060,H,Countries,9,holland,holland,0,0,0,Q060::9
Part3/outputs/answers_mistral_7b_player2.csv,answers_mistral_7b_player2,Q060,H,Countries,10,holland,holland,0,0,0,Q060::10
Part3/outputs/answers_mistral_7b_player2.csv,answers_mistral_7b_player2,Q060,H,Countries,11,hectoria,hectoria,0,0,0,Q060::11
Part3/outputs/answers_mistral_7b_player2.csv,answers_mistral_7b_player2,Q060,H,Countries,12,hector island,hector island,0,0,0,Q060::12
Part3/outputs/answers_mistral_7b_player2.csv,answers_mistral_7b_player2,Q060,H,Countries,13,holland,holland,0,0,0,Q060::13
Part3/outputs/answers_mistral_7b_player2.csv,answers_mistral_7b_player2,Q060,H,Countries,14,hectoringhavana,hectoringhavana,0,0,0,Q060::14
Part3/outputs/answers_mistral_7b_player2.csv,answers_mistral_7b_player2,Q060,H,Countries,15,hectoring island,hectoring island,0,0,0,Q060::15
Part3/outputs/answers_mistral_7b_player2.csv,answers_mistral_7b_player2,Q060,H,Countries,16,hector island,hector island,0,0,0,Q060::16
Part3/outputs/answers_mistral_7b_player2.csv,answers_mistral_7b_player2,Q060,H,Countries,17,haita (Haiti),haita (haiti,0,0,0,Q060::17
Part3/outputs/answers_mistral_7b_player2.csv,answers_mistral_7b_player2,Q060,H,Countries,18,hectoria (island nation in the Pacific Ocean),hectoria (island nation in the pacific ocean,0,0,0,Q060::18
Part3/outputs/answers_mistral_7b_player2.csv,answers_mistral_7b_player2,Q060,H,Countries,19,hawaii,hawaii,0,0,0,Q060::19
Part3/outputs/answers_mistral_7b_player2.csv,answers_mistral_7b_player2,Q061,I,Musical artists,0,ice-ice-baby (vanilla ice),ice-ice-baby (vanilla ice,0,0,0,Q061::0
Part3/outputs/answers_mistral_7b_player2.csv,answers_mistral_7b_player2,Q061,I,Musical artists,1,irish band (U2),irish band (u2,0,0,0,Q061::1
Part3/outputs/answers_mistral_7b_player2.csv,answers_mistral_7b_player2,Q061,I,Musical artists,2,irish band (The),irish band (the,0,0,0,Q061::2
Part3/outputs/answers_mistral_7b_player2.csv,answers_mistral_7b_player2,Q061,I,Musical artists,3,iron maiden,iron maiden,1,0,1,Q061::3
Part3/outputs/answers_mistral_7b_player2.csv,answers_mistral_7b_player2,Q061,I,Musical artists,4,ice-nine (Band),ice-nine (band,1,0,1,Q061::4
Part3/outputs/answers_mistral_7b_player2.csv,answers_mistral_7b_player2,Q061,I,Musical artists,5,irish band (U2),irish band (u2,0,0,0,Q061::5
Part3/outputs/answers_mistral_7b_player2.csv,answers_mistral_7b_player2,Q061,I,Musical artists,6,ice-ice-baby (vanilla ice),ice-ice-baby (vanilla ice,0,0,0,Q061::6
Part3/outputs/answers_mistral_7b_player2.csv,answers_mistral_7b_player2,Q061,I,Musical artists,7,ice-cube,ice-cube,0,0,0,Q061::7
Part3/outputs/answers_mistral_7b_player2.csv,answers_mistral_7b_player2,Q061,I,Musical artists,8,irish bands,irish bands,0,0,0,Q061::8
Part3/outputs/answers_mistral_7b_player2.csv,answers_mistral_7b_player2,Q061,I,Musical artists,9,irish band (U2),irish band (u2,0,0,0,Q061::9
Part3/outputs/answers_mistral_7b_player2.csv,answers_mistral_7b_player2,Q061,I,Musical artists,10,ice-ice-baby vanilla,ice-ice-baby vanilla,0,0,0,Q061::10
Part3/outputs/answers_mistral_7b_player2.csv,answers_mistral_7b_player2,Q061,I,Musical artists,11,ice-cube,ice-cube,0,0,0,Q061::11
Part3/outputs/answers_mistral_7b_player2.csv,answers_mistral_7b_player2,Q061,I,Musical artists,12,ice-ice-baby (vanilla ice),ice-ice-baby (vanilla ice,0,0,0,Q061::12
Part3/outputs/answers_mistral_7b_player2.csv,answers_mistral_7b_player2,Q061,I,Musical artists,13,ice-ice-baby (vanilla ice),ice-ice-baby (vanilla ice,0,0,0,Q061::13
Part3/outputs/answers_mistral_7b_player2.csv,answers_mistral_7b_player2,Q061,I,Musical artists,14,ice-cube,ice-cube,0,0,0,Q061::14
Part3/outputs/answers_mistral_7b_player2.csv,answers_mistral_7b_player2,Q061,I,Musical artists,15,ice-cube,ice-cube,0,0,0,Q061::15
Part3/outputs/answers_mistral_7b_player2.csv,answers_mistral_7b_player2,Q061,I,Musical artists,16,ice-ice-baby (vanilla ice),ice-ice-baby (vanilla ice,0,0,0,Q061::16
Part3/outputs/answers_mistral_7b_player2.csv,answers_mistral_7b_player2,Q061,I,Musical artists,17,irish radition,irish radition,0,0,0,Q061::17
Part3/outputs/answers_mistral_7b_player2.csv,answers_mistral_7b_player2,Q061,I,Musical artists,18,ice-cube,ice-cube,0,0,0,Q061::18
Part3/outputs/answers_mistral_7b_player2.csv,answers_mistral_7b_player2,Q061,I,Musical artists,19,ice-cube,ice-cube,0,0,0,Q061::19
Part3/outputs/answers_mistral_7b_player2.csv,answers_mistral_7b_player2,Q062,J,Things in a refrigerator,0,juice jug,juice jug,1,0,1,Q062::0
Part3/outputs/answers_mistral_7b_player2.csv,answers_mistral_7b_player2,Q062,J,Things in a refrigerator,1,juice jug butter,juice jug butter,0,0,0,Q062::1
Part3/outputs/answers_mistral_7b_player2.csv,answers_mistral_7b_player2,Q062,J,Things in a refrigerator,2,juicebox,juicebox,1,0,1,Q062::2
Part3/outputs/answers_mistral_7b_player2.csv,answers_mistral_7b_player2,Q062,J,Things in a refrigerator,3,juice jug,juice jug,1,1,0,Q062::3
Part3/outputs/answers_mistral_7b_player2.csv,answers_mistral_7b_player2,Q062,J,Things in a refrigerator,4,juice jug butter yogurt jam,juice jug butter yogurt jam,1,0,1,Q062::4
Part3/outputs/answers_mistral_7b_player2.csv,answers_mistral_7b_player2,Q062,J,Things in a refrigerator,5,juice jug,juice jug,1,0,1,Q062::5
Part3/outputs/answers_mistral_7b_player2.csv,answers_mistral_7b_player2,Q062,J,Things in a refrigerator,6,juice jug,juice jug,1,1,0,Q062::6
Part3/outputs/answers_mistral_7b_player2.csv,answers_mistral_7b_player2,Q062,J,Things in a refrigerator,7,juice jug,juice jug,1,1,0,Q062::7
Part3/outputs/answers_mistral_7b_player2.csv,answers_mistral_7b_player2,Q062,J,Things in a refrigerator,8,juice jug,juice jug,1,0,1,Q062::8
Part3/outputs/answers_mistral_7b_player2.csv,answers_mistral_7b_player2,Q062,J,Things in a refrigerator,9,juice jug,juice jug,1,0,1,Q062::9
Part3/outputs/answers_mistral_7b_player2.csv,answers_mistral_7b_player2,Q062,J,Things in a refrigerator,10,juice jug,juice jug,1,0,1,Q062::10
Part3/outputs/answers_mistral_7b_player2.csv,answers_mistral_7b_player2,Q062,J,Things in a refrigerator,11,juice jug,juice jug,1,1,0,Q062::11
Part3/outputs/answers_mistral_7b_player2.csv,answers_mistral_7b_player2,Q062,J,Things in a refrigerator,12,juiceboxjamjarcheese,juiceboxjamjarcheese,0,0,0,Q062::12
Part3/outputs/answers_mistral_7b_player2.csv,answers_mistral_7b_player2,Q062,J,Things in a refrigerator,13,juice jug,juice jug,1,0,1,Q062::13
Part3/outputs/answers_mistral_7b_player2.csv,answers_mistral_7b_player2,Q062,J,Things in a refrigerator,14,juice jug,juice jug,1,1,0,Q062::14
Part3/outputs/answers_mistral_7b_player2.csv,answers_mistral_7b_player2,Q062,J,Things in a refrigerator,15,juicer orange juice,juicer orange juice,0,0,0,Q062::15
Part3/outputs/answers_mistral_7b_player2.csv,answers_mistral_7b_player2,Q062,J,Things in a refrigerator,16,juice jug,juice jug,1,1,0,Q062::16
Part3/outputs/answers_mistral_7b_player2.csv,answers_mistral_7b_player2,Q062,J,Things in a refrigerator,17,juicesapplesjam,juicesapplesjam,0,0,0,Q062::17
Part3/outputs/answers_mistral_7b_player2.csv,answers_mistral_7b_player2,Q062,J,Things in a refrigerator,18,juice jug,juice jug,1,1,0,Q062::18
Part3/outputs/answers_mistral_7b_player2.csv,answers_mistral_7b_player2,Q062,J,Things in a refrigerator,19,juice jug,juice jug,1,1,0,Q062::19
Part3/outputs/answers_mistral_7b_player2.csv,answers_mistral_7b_player2,Q063,K,Cities,0,kyoto,kyoto,1,0,1,Q063::0
Part3/outputs/answers_mistral_7b_player2.csv,answers_mistral_7b_player2,Q063,K,Cities,1,kathmandu,kathmandu,1,0,1,Q063::1
Part3/outputs/answers_mistral_7b_player2.csv,answers_mistral_7b_player2,Q063,K,Cities,2,kyoto,kyoto,1,0,1,Q063::2
Part3/outputs/answers_mistral_7b_player2.csv,answers_mistral_7b_player2,Q063,K,Cities,3,kyoto,kyoto,1,1,0,Q063::3
Part3/outputs/answers_mistral_7b_player2.csv,answers_mistral_7b_player2,Q063,K,Cities,4,kansas-city,kansas-city,0,0,0,Q063::4
Part3/outputs/answers_mistral_7b_player2.csv,answers_mistral_7b_player2,Q063,K,Cities,5,kansas_city,kansas_city,0,0,0,Q063::5
Part3/outputs/answers_mistral_7b_player2.csv,answers_mistral_7b_player2,Q063,K,Cities,6,kyoto,kyoto,1,0,1,Q063::6
Part3/outputs/answers_mistral_7b_player2.csv,answers_mistral_7b_player2,Q063,K,Cities,7,kyoto,kyoto,1,1,0,Q063::7
Part3/outputs/answers_mistral_7b_player2.csv,answers_mistral_7b_player2,Q063,K,Cities,8,kyoto,kyoto,1,0,1,Q063::8
Part3/outputs/answers_mistral_7b_player2.csv,answers_mistral_7b_player2,Q063,K,Cities,9,kyoto,kyoto,1,1,0,Q063::9
Part3/outputs/answers_mistral_7b_player2.csv,answers_mistral_7b_player2,Q063,K,Cities,10,kyoto,kyoto,1,0,1,Q063::10
Part3/outputs/answers_mistral_7b_player2.csv,answers_mistral_7b_player2,Q063,K,Cities,11,kyoto,kyoto,1,0,1,Q063::11
Part3/outputs/answers_mistral_7b_player2.csv,answers_mistral_7b_player2,Q063,K,Cities,12,kyoto,kyoto,1,1,0,Q063::12
Part3/outputs/answers_mistral_7b_player2.csv,answers_mistral_7b_player2,Q063,K,Cities,13,kyoto,kyoto,1,1,0,Q063::13
Part3/outputs/answers_mistral_7b_player2.csv,answers_mistral_7b_player2,Q063,K,Cities,14,kansas-city,kansas-city,0,0,0,Q063::14
Part3/outputs/answers_mistral_7b_player2.csv,answers_mistral_7b_player2,Q063,K,Cities,15,kyoto,kyoto,1,0,1,Q063::15
Part3/outputs/answers_mistral_7b_player2.csv,answers_mistral_7b_player2,Q063,K,Cities,16,kyoto,kyoto,1,1,0,Q063::16
Part3/outputs/answers_mistral_7b_player2.csv,answers_mistral_7b_player2,Q063,K,Cities,17,kiev,kiev,1,0,1,Q063::17
Part3/outputs/answers_mistral_7b_player2.csv,answers_mistral_7b_player2,Q063,K,Cities,18,kirkuk,kirkuk,1,0,1,Q063::18
Part3/outputs/answers_mistral_7b_player2.csv,answers_mistral_7b_player2,Q063,K,Cities,19,kansas-city,kansas-city,0,0,0,Q063::19
Part3/outputs/answers_mistral_7b_player2.csv,answers_mistral_7b_player2,Q064,L,Things in a library,0,bookcase lamp table chairs desk bookshelf,bookcase lamp table chairs desk bookshelf,0,0,0,Q064::0
Part3/outputs/answers_mistral_7b_player2.csv,answers_mistral_7b_player2,Q064,L,Things in a library,1,bookcase,bookcase,1,0,1,Q064::1
Part3/outputs/answers_mistral_7b_player2.csv,answers_mistral_7b_player2,Q064,L,Things in a library,2,bookcase,bookcase,1,1,0,Q064::2
Part3/outputs/answers_mistral_7b_player2.csv,answers_mistral_7b_player2,Q064,L,Things in a library,3,bookshelf,bookshelf,1,0,1,Q064::3
Part3/outputs/answers_mistral_7b_player2.csv,answers_mistral_7b_player2,Q064,L,Things in a library,4,bookcase,bookcase,1,0,1,Q064::4
Part3/outputs/answers_mistral_7b_player2.csv,answers_mistral_7b_player2,Q064,L,Things in a library,5,bookshelf,bookshelf,1,0,1,Q064::5
Part3/outputs/answers_mistral_7b_player2.csv,answers_mistral_7b_player2,Q064,L,Things in a library,6,bookcase ladder librarian lamp literature,bookcase ladder librarian lamp literature,1,0,1,Q064::6
Part3/outputs/answers_mistral_7b_player2.csv,answers_mistral_7b_player2,Q064,L,Things in a library,7,bookshelf,bookshelf,1,1,0,Q064::7
Part3/outputs/answers_mistral_7b_player2.csv,answers_mistral_7b_player2,Q064,L,Things in a library,8,book cart ladder shelf desk chair ladder,book cart ladder shelf desk chair ladder,0,0,0,Q064::8
Part3/outputs/answers_mistral_7b_player2.csv,answers_mistral_7b_player2,Q064,L,Things in a library,9,bookcase ladders literature magazines shelves,bookcase ladders literature magazines shelves,1,0,1,Q064::9
Part3/outputs/answers_mistral_7b_player2.csv,answers_mistral_7b_player2,Q064,L,Things in a library,10,bookcase,bookcase,1,0,1,Q064::10
Part3/outputs/answers_mistral_7b_player2.csv,answers_mistral_7b_player2,Q064,L,Things in a library,11,bookcase,bookcase,1,0,1,Q064::11
Part3/outputs/answers_mistral_7b_player2.csv,answers_mistral_7b_player2,Q064,L,Things in a library,12,bookcase ladder librarian laptop,bookcase ladder librarian laptop,1,0,1,Q064::12
Part3/outputs/answers_mistral_7b_player2.csv,answers_mistral_7b_player2,Q064,L,Things in a library,13,bookcase lamp shelf desk chair bookcart cart,bookcase lamp shelf desk chair bookcart cart,0,0,0,Q064::13
Part3/outputs/answers_mistral_7b_player2.csv,answers_mistral_7b_player2,Q064,L,Things in a library,14,bookshelf,bookshelf,1,0,1,Q064::14
Part3/outputs/answers_mistral_7b_player2.csv,answers_mistral_7b_player2,Q064,L,Things in a library,15,bookcart,bookcart,0,0,0,Q064::15
Part3/outputs/answers_mistral_7b_player2.csv,answers_mistral_7b_player2,Q064,L,Things in a library,16,bookcase ladders library desk,bookcase ladders library desk,0,0,0,Q064::16
Part3/outputs/answers_mistral_7b_player2.csv,answers_mistral_7b_player2,Q064,L,Things in a library,17,bookstands,bookstands,1,0,1,Q064::17
Part3/outputs/answers_mistral_7b_player2.csv,answers_mistral_7b_player2,Q064,L,Things in a library,18,bookshelf,bookshelf,1,0,1,Q064::18
Part3/outputs/answers_mistral_7b_player2.csv,answers_mistral_7b_player2,Q064,L,Things in a library,19,library bookcart lampshelf,library bookcart lampshelf,0,0,0,Q064::19
