source_file,player_id,question_id,letter,category,round_idx,answer_raw,answer_norm,valid,collision,score,round_key
Part3/outputs/answers_mistral_7b_prompt2.csv,answers_mistral_7b_prompt2,Q001,A,Animals,0,armadillo,armadillo,1,1,0,Q001::0
Part3/outputs/answers_mistral_7b_prompt2.csv,answers_mistral_7b_prompt2,Q001,A,Animals,1,armadillo,armadillo,1,1,0,Q001::1
Part3/outputs/answers_mistral_7b_prompt2.csv,answers_mistral_7b_prompt2,Q001,A,Animals,2,armadillo,armadillo,1,1,0,Q001::2
Part3/outputs/answers_mistral_7b_prompt2.csv,answers_mistral_7b_prompt2,Q001,A,Animals,3,armadillo,armadillo,1,0,1,Q001::3
Part3/outputs/answers_mistral_7b_prompt2.csv,answers_mistral_7b_prompt2,Q001,A,Animals,4,armadillo,armadillo,1,0,1,Q001::4
Part3/outputs/answers_mistral_7b_prompt2.csv,answers_mistral_7b_prompt2,Q001,A,Animals,5,armadillo,armadillo,1,0,1,Q001::5
Part3/outputs/answers_mistral_7b_prompt2.csv,answers_mistral_7b_prompt2,Q001,A,Animals,6,antelope,antelope,1,0,1,Q001::6
Part3/outputs/answers_mistral_7b_prompt2.csv,answers_mistral_7b_prompt2,Q001,A,Animals,7,apache ant,apache ant,0,0,0,Q001::7
Part3/outputs/answers_mistral_7b_prompt2.csv,answers_mistral_7b_prompt2,Q001,A,Animals,8,antelope,antelope,1,0,1,Q001::8
Part3/outputs/answers_mistral_7b_prompt2.csv,answers_mistral_7b_prompt2,Q001,A,Animals,9,armadillo,armadillo,1,1,0,Q001::9
Part3/outputs/answers_mistral_7b_prompt2.csv,answers_mistral_7b_prompt2,Q001,A,Animals,10,antelope,antelope,1,0,1,Q001::10
Part3/outputs/answers_mistral_7b_prompt2.csv,answers_mistral_7b_prompt2,Q001,A,Animals,11,antelope,antelope,1,0,1,Q001::11
Part3/outputs/answers_mistral_7b_prompt2.csv,answers_mistral_7b_prompt2,Q001,A,Animals,12,armadillo,armadillo,1,0,1,Q001::12
Part3/outputs/answers_mistral_7b_prompt2.csv,answers_mistral_7b_prompt2,Q001,A,Animals,13,armadillo,armadillo,1,0,1,Q001::13
Part3/outputs/answers_mistral_7b_prompt2.csv,answers_mistral_7b_prompt2,Q001,A,Animals,14,aardvark,aardvark,1,0,1,Q001::14
Part3/outputs/answers_mistral_7b_prompt2.csv,answers_mistral_7b_prompt2,Q001,A,Animals,15,albatross,albatross,1,0,1,Q001::15
Part3/outputs/answers_mistral_7b_prompt2.csv,answers_mistral_7b_prompt2,Q001,A,Animals,16,armadillo,armadillo,1,0,1,Q001::16
Part3/outputs/answers_mistral_7b_prompt2.csv,answers_mistral_7b_prompt2,Q001,A,Animals,17,apache ant,apache ant,0,0,0,Q001::17
Part3/outputs/answers_mistral_7b_prompt2.csv,answers_mistral_7b_prompt2,Q001,A,Animals,18,armadillo,armadillo,1,0,1,Q001::18
Part3/outputs/answers_mistral_7b_prompt2.csv,answers_mistral_7b_prompt2,Q001,A,Animals,19,armadillo,armadillo,1,0,1,Q001::19
Part3/outputs/answers_mistral_7b_prompt2.csv,answers_mistral_7b_prompt2,Q002,A,Jobs,0,"accountant
assistant
architect
actor
artist",accountant assistant architect actor artist,1,0,1,Q002::0
Part3/outputs/answers_mistral_7b_prompt2.csv,answers_mistral_7b_prompt2,Q002,A,Jobs,1,architect assistant,architect assistant,0,0,0,Q002::1
Part3/outputs/answers_mistral_7b_prompt2.csv,answers_mistral_7b_prompt2,Q002,A,Jobs,2,apothecaryassistant,apothecaryassistant,0,0,0,Q002::2
Part3/outputs/answers_mistral_7b_prompt2.csv,answers_mistral_7b_prompt2,Q002,A,Jobs,3,architect assistant,architect assistant,0,0,0,Q002::3
Part3/outputs/answers_mistral_7b_prompt2.csv,answers_mistral_7b_prompt2,Q002,A,Jobs,4,appliance repairer,appliance repairer,1,0,1,Q002::4
Part3/outputs/answers_mistral_7b_prompt2.csv,answers_mistral_7b_prompt2,Q002,A,Jobs,5,air traffic controller,air traffic controller,1,0,1,Q002::5
Part3/outputs/answers_mistral_7b_prompt2.csv,answers_mistral_7b_prompt2,Q002,A,Jobs,6,apartment manager,apartment manager,0,0,0,Q002::6
Part3/outputs/answers_mistral_7b_prompt2.csv,answers_mistral_7b_prompt2,Q002,A,Jobs,7,artist's assistant,artist's assistant,1,0,1,Q002::7
Part3/outputs/answers_mistral_7b_prompt2.csv,answers_mistral_7b_prompt2,Q002,A,Jobs,8,actor's assistant,actor's assistant,0,0,0,Q002::8
Part3/outputs/answers_mistral_7b_prompt2.csv,answers_mistral_7b_prompt2,Q002,A,Jobs,9,air traffic controller,air traffic controller,1,0,1,Q002::9
Part3/outputs/answers_mistral_7b_prompt2.csv,answers_mistral_7b_prompt2,Q002,A,Jobs,10,accountant,accountant,1,1,0,Q002::10
Part3/outputs/answers_mistral_7b_prompt2.csv,answers_mistral_7b_prompt2,Q002,A,Jobs,11,apartment complex manager,apartment complex manager,0,0,0,Q002::11
Part3/outputs/answers_mistral_7b_prompt2.csv,answers_mistral_7b_prompt2,Q002,A,Jobs,12,actor assistant architect accountant artist,actor assistant architect accountant artist,1,0,1,Q002::12
Part3/outputs/answers_mistral_7b_prompt2.csv,answers_mistral_7b_prompt2,Q002,A,Jobs,13,architect assistant,architect assistant,0,0,0,Q002::13
Part3/outputs/answers_mistral_7b_prompt2.csv,answers_mistral_7b_prompt2,Q002,A,Jobs,14,architect assistant,architect assistant,0,0,0,Q002::14
Part3/outputs/answers_mistral_7b_prompt2.csv,answers_mistral_7b_prompt2,Q002,A,Jobs,15,air traffic controller,air traffic controller,1,0,1,Q002::15
Part3/outputs/answers_mistral_7b_prompt2.csv,answers_mistral_7b_prompt2,Q002,A,Jobs,16,appliance repairer,appliance repairer,1,0,1,Q002::16
Part3/outputs/answers_mistral_7b_prompt2.csv,answers_mistral_7b_prompt2,Q002,A,Jobs,17,accounting assistant,accounting assistant,1,0,1,Q002::17
Part3/outputs/answers_mistral_7b_prompt2.csv,answers_mistral_7b_prompt2,Q002,A,Jobs,18,architect assistant,architect assistant,0,0,0,Q002::18
Part3/outputs/answers_mistral_7b_prompt2.csv,answers_mistral_7b_prompt2,Q002,A,Jobs,19,architect assistant,architect assistant,0,0,0,Q002::19
Part3/outputs/answers_mistral_7b_prompt2.csv,answers_mistral_7b_prompt2,Q003,B,Fruits,0,blueberry bushberries,blueberry bushberries,0,0,0,Q003::0
Part3/outputs/answers_mistral_7b_prompt2.csv,answers_mistral_7b_prompt2,Q003,B,Fruits,1,blueberrybushberrybaneberryblackberry,blueberrybushberrybaneberryblackberry,0,0,0,Q003::1
Part3/outputs/answers_mistral_7b_prompt2.csv,answers_mistral_7b_prompt2,Q003,B,Fruits,2,blueberry banana,blueberry banana,0,0,0,Q003::2
Part3/outputs/answers_mistral_7b_prompt2.csv,answers_mistral_7b_prompt2,Q003,B,Fruits,3,blackberry,blackberry,1,0,1,Q003::3
Part3/outputs/answers_mistral_7b_prompt2.csv,answers_mistral_7b_prompt2,Q003,B,Fruits,4,blueberry,blueberry,1,1,0,Q003::4
Part3/outputs/answers_mistral_7b_prompt2.csv,answers_mistral_7b_prompt2,Q003,B,Fruits,5,blueberry,blueberry,1,0,1,Q003::5
Part3/outputs/answers_mistral_7b_prompt2.csv,answers_mistral_7b_prompt2,Q003,B,Fruits,6,blueberrybananablackberry,blueberrybananablackberry,0,0,0,Q003::6
Part3/outputs/answers_mistral_7b_prompt2.csv,answers_mistral_7b_prompt2,Q003,B,Fruits,7,blueberry banana boba berry,blueberry banana boba berry,0,0,0,Q003::7
Part3/outputs/answers_mistral_7b_prompt2.csv,answers_mistral_7b_prompt2,Q003,B,Fruits,8,blueberry banana,blueberry banana,0,0,0,Q003::8
Part3/outputs/answers_mistral_7b_prompt2.csv,answers_mistral_7b_prompt2,Q003,B,Fruits,9,blueberrybushbellimelitchi,blueberrybushbellimelitchi,0,0,0,Q003::9
Part3/outputs/answers_mistral_7b_prompt2.csv,answers_mistral_7b_prompt2,Q003,B,Fruits,10,blueberry buermeschen,blueberry buermeschen,0,0,0,Q003::10
Part3/outputs/answers_mistral_7b_prompt2.csv,answers_mistral_7b_prompt2,Q003,B,Fruits,11,blueberry bellimberry,blueberry bellimberry,0,0,0,Q003::11
Part3/outputs/answers_mistral_7b_prompt2.csv,answers_mistral_7b_prompt2,Q003,B,Fruits,12,blueberry banana,blueberry banana,0,0,0,Q003::12
Part3/outputs/answers_mistral_7b_prompt2.csv,answers_mistral_7b_prompt2,Q003,B,Fruits,13,blueberry banana berrybush,blueberry banana berrybush,0,0,0,Q003::13
Part3/outputs/answers_mistral_7b_prompt2.csv,answers_mistral_7b_prompt2,Q003,B,Fruits,14,blueberry buckeberg,blueberry buckeberg,0,0,0,Q003::14
Part3/outputs/answers_mistral_7b_prompt2.csv,answers_mistral_7b_prompt2,Q003,B,Fruits,15,blueberry buckeye,blueberry buckeye,0,0,0,Q003::15
Part3/outputs/answers_mistral_7b_prompt2.csv,answers_mistral_7b_prompt2,Q003,B,Fruits,16,blueberry bumblebee,blueberry bumblebee,0,0,0,Q003::16
Part3/outputs/answers_mistral_7b_prompt2.csv,answers_mistral_7b_prompt2,Q003,B,Fruits,17,blueberry bushberries,blueberry bushberries,0,0,0,Q003::17
Part3/outputs/answers_mistral_7b_prompt2.csv,answers_mistral_7b_prompt2,Q003,B,Fruits,18,blueberry bushberries,blueberry bushberries,0,0,0,Q003::18
Part3/outputs/answers_mistral_7b_prompt2.csv,answers_mistral_7b_prompt2,Q003,B,Fruits,19,blackberry,blackberry,1,0,1,Q003::19
Part3/outputs/answers_mistral_7b_prompt2.csv,answers_mistral_7b_prompt2,Q004,B,Things that are red,0,brickbarn,brickbarn,0,0,0,Q004::0
Part3/outputs/answers_mistral_7b_prompt2.csv,answers_mistral_7b_prompt2,Q004,B,Things that are red,1,brick-o-brack,brick-o-brack,0,0,0,Q004::1
Part3/outputs/answers_mistral_7b_prompt2.csv,answers_mistral_7b_prompt2,Q004,B,Things that are red,2,brickbarndoor,brickbarndoor,0,0,0,Q004::2
Part3/outputs/answers_mistral_7b_prompt2.csv,answers_mistral_7b_prompt2,Q004,B,Things that are red,3,brickbarn,brickbarn,0,0,0,Q004::3
Part3/outputs/answers_mistral_7b_prompt2.csv,answers_mistral_7b_prompt2,Q004,B,Things that are red,4,brickyardgate,brickyardgate,0,0,0,Q004::4
Part3/outputs/answers_mistral_7b_prompt2.csv,answers_mistral_7b_prompt2,Q004,B,Things that are red,5,brickbarndoor,brickbarndoor,0,0,0,Q004::5
Part3/outputs/answers_mistral_7b_prompt2.csv,answers_mistral_7b_prompt2,Q004,B,Things that are red,6,brickbarndoor,brickbarndoor,0,0,0,Q004::6
Part3/outputs/answers_mistral_7b_prompt2.csv,answers_mistral_7b_prompt2,Q004,B,Things that are red,7,brickbarn,brickbarn,0,0,0,Q004::7
Part3/outputs/answers_mistral_7b_prompt2.csv,answers_mistral_7b_prompt2,Q004,B,Things that are red,8,brickshed,brickshed,0,0,0,Q004::8
Part3/outputs/answers_mistral_7b_prompt2.csv,answers_mistral_7b_prompt2,Q004,B,Things that are red,9,brickbarndoor,brickbarndoor,0,0,0,Q004::9
Part3/outputs/answers_mistral_7b_prompt2.csv,answers_mistral_7b_prompt2,Q004,B,Things that are red,10,bricks,bricks,1,0,1,Q004::10
Part3/outputs/answers_mistral_7b_prompt2.csv,answers_mistral_7b_prompt2,Q004,B,Things that are red,11,bricks-and-mortar-store-sign,bricks-and-mortar-store-sign,0,0,0,Q004::11
Part3/outputs/answers_mistral_7b_prompt2.csv,answers_mistral_7b_prompt2,Q004,B,Things that are red,12,brickbarndoor,brickbarndoor,0,0,0,Q004::12
Part3/outputs/answers_mistral_7b_prompt2.csv,answers_mistral_7b_prompt2,Q004,B,Things that are red,13,brickbarn,brickbarn,0,0,0,Q004::13
Part3/outputs/answers_mistral_7b_prompt2.csv,answers_mistral_7b_prompt2,Q004,B,Things that are red,14,brickbarndoorbell,brickbarndoorbell,0,0,0,Q004::14
Part3/outputs/answers_mistral_7b_prompt2.csv,answers_mistral_7b_prompt2,Q004,B,Things that are red,15,brickbarndoor,brickbarndoor,0,0,0,Q004::15
Part3/outputs/answers_mistral_7b_prompt2.csv,answers_mistral_7b_prompt2,Q004,B,Things that are red,16,brickbarndoor,brickbarndoor,0,0,0,Q004::16
Part3/outputs/answers_mistral_7b_prompt2.csv,answers_mistral_7b_prompt2,Q004,B,Things that are red,17,brickyard,brickyard,0,0,0,Q004::17
Part3/outputs/answers_mistral_7b_prompt2.csv,answers_mistral_7b_prompt2,Q004,B,Things that are red,18,brickbarndoor,brickbarndoor,0,0,0,Q004::18
Part3/outputs/answers_mistral_7b_prompt2.csv,answers_mistral_7b_prompt2,Q004,B,Things that are red,19,brickbarn,brickbarn,0,0,0,Q004::19
Part3/outputs/answers_mistral_7b_prompt2.csv,answers_mistral_7b_prompt2,Q005,C,Countries,0,canada,canada,1,0,1,Q005::0
Part3/outputs/answers_mistral_7b_prompt2.csv,answers_mistral_7b_prompt2,Q005,C,Countries,1,canada,canada,1,0,1,Q005::1
Part3/outputs/answers_mistral_7b_prompt2.csv,answers_mistral_7b_prompt2,Q005,C,Countries,2,cameroon,cameroon,1,1,0,Q005::2
Part3/outputs/answers_mistral_7b_prompt2.csv,answers_mistral_7b_prompt2,Q005,C,Countries,3,canada,canada,1,0,1,Q005::3
Part3/outputs/answers_mistral_7b_prompt2.csv,answers_mistral_7b_prompt2,Q005,C,Countries,4,canada,canada,1,0,1,Q005::4
Part3/outputs/answers_mistral_7b_prompt2.csv,answers_mistral_7b_prompt2,Q005,C,Countries,5,canada,canada,1,1,0,Q005::5
Part3/outputs/answers_mistral_7b_prompt2.csv,answers_mistral_7b_prompt2,Q005,C,Countries,6,canada,canada,1,1,0,Q005::6
Part3/outputs/answers_mistral_7b_prompt2.csv,answers_mistral_7b_prompt2,Q005,C,Countries,7,canada,canada,1,0,1,Q005::7
Part3/outputs/answers_mistral_7b_prompt2.csv,answers_mistral_7b_prompt2,Q005,C,Countries,8,canada,canada,1,0,1,Q005::8
Part3/outputs/answers_mistral_7b_prompt2.csv,answers_mistral_7b_prompt2,Q005,C,Countries,9,costa rica,costa rica,1,0,1,Q005::9
Part3/outputs/answers_mistral_7b_prompt2.csv,answers_mistral_7b_prompt2,Q005,C,Countries,10,canada,canada,1,0,1,Q005::10
Part3/outputs/answers_mistral_7b_prompt2.csv,answers_mistral_7b_prompt2,Q005,C,Countries,11,costa rica,costa rica,1,1,0,Q005::11
Part3/outputs/answers_mistral_7b_prompt2.csv,answers_mistral_7b_prompt2,Q005,C,Countries,12,canada,canada,1,0,1,Q005::12
Part3/outputs/answers_mistral_7b_prompt2.csv,answers_mistral_7b_prompt2,Q005,C,Countries,13,canada,canada,1,0,1,Q005::13
Part3/outputs/answers_mistral_7b_prompt2.csv,answers_mistral_7b_prompt2,Q005,C,Countries,14,canada,canada,1,0,1,Q005::14
Part3/outputs/answers_mistral_7b_prompt2.csv,answers_mistral_7b_prompt2,Q005,C,Countries,15,canada,canada,1,0,1,Q005::15
Part3/outputs/answers_mistral_7b_prompt2.csv,answers_mistral_7b_prompt2,Q005,C,Countries,16,canada,canada,1,1,0,Q005::16
Part3/outputs/answers_mistral_7b_prompt2.csv,answers_mistral_7b_prompt2,Q005,C,Countries,17,canada,canada,1,0,1,Q005::17
Part3/outputs/answers_mistral_7b_prompt2.csv,answers_mistral_7b_prompt2,Q005,C,Countries,18,costa rica,costa rica,1,0,1,Q005::18
Part3/outputs/answers_mistral_7b_prompt2.csv,answers_mistral_7b_prompt2,Q005,C,Countries,19,canada,canada,1,1,0,Q005::19
Part3/outputs/answers_mistral_7b_prompt2.csv,answers_mistral_7b_prompt2,Q006,C,Board games,0,cluecrafty,cluecrafty,0,0,0,Q006::0
Part3/outputs/answers_mistral_7b_prompt2.csv,answers_mistral_7b_prompt2,Q006,C,Board games,1,cluedo,cluedo,1,0,1,Q006::1
Part3/outputs/answers_mistral_7b_prompt2.csv,answers_mistral_7b_prompt2,Q006,C,Board games,2,cluedo,cluedo,1,0,1,Q006::2
Part3/outputs/answers_mistral_7b_prompt2.csv,answers_mistral_7b_prompt2,Q006,C,Board games,3,cluedo,cluedo,1,0,1,Q006::3
Part3/outputs/answers_mistral_7b_prompt2.csv,answers_mistral_7b_prompt2,Q006,C,Board games,4,cluedo,cluedo,1,0,1,Q006::4
Part3/outputs/answers_mistral_7b_prompt2.csv,answers_mistral_7b_prompt2,Q006,C,Board games,5,cluedo,cluedo,1,0,1,Q006::5
Part3/outputs/answers_mistral_7b_prompt2.csv,answers_mistral_7b_prompt2,Q006,C,Board games,6,clueMastermind,cluemastermind,0,0,0,Q006::6
Part3/outputs/answers_mistral_7b_prompt2.csv,answers_mistral_7b_prompt2,Q006,C,Board games,7,cluedo,cluedo,1,0,1,Q006::7
Part3/outputs/answers_mistral_7b_prompt2.csv,answers_mistral_7b_prompt2,Q006,C,Board games,8,cluedo,cluedo,1,0,1,Q006::8
Part3/outputs/answers_mistral_7b_prompt2.csv,answers_mistral_7b_prompt2,Q006,C,Board games,9,cluedo,cluedo,1,0,1,Q006::9
Part3/outputs/answers_mistral_7b_prompt2.csv,answers_mistral_7b_prompt2,Q006,C,Board games,10,cluedo,cluedo,1,0,1,Q006::10
Part3/outputs/answers_mistral_7b_prompt2.csv,answers_mistral_7b_prompt2,Q006,C,Board games,11,cluedo,cluedo,1,0,1,Q006::11
Part3/outputs/answers_mistral_7b_prompt2.csv,answers_mistral_7b_prompt2,Q006,C,Board games,12,clue-o-seek,clue-o-seek,0,0,0,Q006::12
Part3/outputs/answers_mistral_7b_prompt2.csv,answers_mistral_7b_prompt2,Q006,C,Board games,13,"cluedo, chess, catan","cluedo, chess, catan",1,0,1,Q006::13
Part3/outputs/answers_mistral_7b_prompt2.csv,answers_mistral_7b_prompt2,Q006,C,Board games,14,cluedo,cluedo,1,0,1,Q006::14
Part3/outputs/answers_mistral_7b_prompt2.csv,answers_mistral_7b_prompt2,Q006,C,Board games,15,cluedo,cluedo,1,0,1,Q006::15
Part3/outputs/answers_mistral_7b_prompt2.csv,answers_mistral_7b_prompt2,Q006,C,Board games,16,clerestory chess,clerestory chess,0,0,0,Q006::16
Part3/outputs/answers_mistral_7b_prompt2.csv,answers_mistral_7b_prompt2,Q006,C,Board games,17,claviusandthefatalflaw,claviusandthefatalflaw,0,0,0,Q006::17
Part3/outputs/answers_mistral_7b_prompt2.csv,answers_mistral_7b_prompt2,Q006,C,Board games,18,cluedo,cluedo,1,0,1,Q006::18
Part3/outputs/answers_mistral_7b_prompt2.csv,answers_mistral_7b_prompt2,Q006,C,Board games,19,cluedo,cluedo,1,0,1,Q006::19
Part3/outputs/answers_mistral_7b_prompt2.csv,answers_mistral_7b_prompt2,Q007,D,Musical instruments,0,didgeridoo,didgeridoo,1,0,1,Q007::0
Part3/outputs/answers_mistral_7b_prompt2.csv,answers_mistral_7b_prompt2,Q007,D,Musical instruments,1,didgeridoo,didgeridoo,1,0,1,Q007::1
Part3/outputs/answers_mistral_7b_prompt2.csv,answers_mistral_7b_prompt2,Q007,D,Musical instruments,2,didgeridoo,didgeridoo,1,0,1,Q007::2
Part3/outputs/answers_mistral_7b_prompt2.csv,answers_mistral_7b_prompt2,Q007,D,Musical instruments,3,didgeridoo,didgeridoo,1,0,1,Q007::3
Part3/outputs/answers_mistral_7b_prompt2.csv,answers_mistral_7b_prompt2,Q007,D,Musical instruments,4,didgeridoo,didgeridoo,1,0,1,Q007::4
Part3/outputs/answers_mistral_7b_prompt2.csv,answers_mistral_7b_prompt2,Q007,D,Musical instruments,5,didgeridoo,didgeridoo,1,0,1,Q007::5
Part3/outputs/answers_mistral_7b_prompt2.csv,answers_mistral_7b_prompt2,Q007,D,Musical instruments,6,didgeridoo,didgeridoo,1,0,1,Q007::6
Part3/outputs/answers_mistral_7b_prompt2.csv,answers_mistral_7b_prompt2,Q007,D,Musical instruments,7,didgeridoo,didgeridoo,1,0,1,Q007::7
Part3/outputs/answers_mistral_7b_prompt2.csv,answers_mistral_7b_prompt2,Q007,D,Musical instruments,8,didgeridoo,didgeridoo,1,0,1,Q007::8
Part3/outputs/answers_mistral_7b_prompt2.csv,answers_mistral_7b_prompt2,Q007,D,Musical instruments,9,didgeridoo,didgeridoo,1,0,1,Q007::9
Part3/outputs/answers_mistral_7b_prompt2.csv,answers_mistral_7b_prompt2,Q007,D,Musical instruments,10,didgeridoo,didgeridoo,1,0,1,Q007::10
Part3/outputs/answers_mistral_7b_prompt2.csv,answers_mistral_7b_prompt2,Q007,D,Musical instruments,11,didgeridoo,didgeridoo,1,0,1,Q007::11
Part3/outputs/answers_mistral_7b_prompt2.csv,answers_mistral_7b_prompt2,Q007,D,Musical instruments,12,didgeridoo,didgeridoo,1,0,1,Q007::12
Part3/outputs/answers_mistral_7b_prompt2.csv,answers_mistral_7b_prompt2,Q007,D,Musical instruments,13,didgeridoo,didgeridoo,1,0,1,Q007::13
Part3/outputs/answers_mistral_7b_prompt2.csv,answers_mistral_7b_prompt2,Q007,D,Musical instruments,14,didgeridoo,didgeridoo,1,0,1,Q007::14
Part3/outputs/answers_mistral_7b_prompt2.csv,answers_mistral_7b_prompt2,Q007,D,Musical instruments,15,didgeridoo,didgeridoo,1,0,1,Q007::15
Part3/outputs/answers_mistral_7b_prompt2.csv,answers_mistral_7b_prompt2,Q007,D,Musical instruments,16,didgeridoo,didgeridoo,1,0,1,Q007::16
Part3/outputs/answers_mistral_7b_prompt2.csv,answers_mistral_7b_prompt2,Q007,D,Musical instruments,17,didgeridoo,didgeridoo,1,0,1,Q007::17
Part3/outputs/answers_mistral_7b_prompt2.csv,answers_mistral_7b_prompt2,Q007,D,Musical instruments,18,didgeridoo,didgeridoo,1,0,1,Q007::18
Part3/outputs/answers_mistral_7b_prompt2.csv,answers_mistral_7b_prompt2,Q007,D,Musical instruments,19,didgeridoo,didgeridoo,1,0,1,Q007::19
Part3/outputs/answers_mistral_7b_prompt2.csv,answers_mistral_7b_prompt2,Q008,D,Things in a bathroom,0,toothbrushholder,toothbrushholder,0,0,0,Q008::0
Part3/outputs/answers_mistral_7b_prompt2.csv,answers_mistral_7b_prompt2,Q008,D,Things in a bathroom,1,dish soap,dish soap,1,0,1,Q008::1
Part3/outputs/answers_mistral_7b_prompt2.csv,answers_mistral_7b_prompt2,Q008,D,Things in a bathroom,2,dish rack,dish rack,0,0,0,Q008::2
Part3/outputs/answers_mistral_7b_prompt2.csv,answers_mistral_7b_prompt2,Q008,D,Things in a bathroom,3,dish rack,dish rack,0,0,0,Q008::3
Part3/outputs/answers_mistral_7b_prompt2.csv,answers_mistral_7b_prompt2,Q008,D,Things in a bathroom,4,dentifrice dispenser,dentifrice dispenser,1,0,1,Q008::4
Part3/outputs/answers_mistral_7b_prompt2.csv,answers_mistral_7b_prompt2,Q008,D,Things in a bathroom,5,dental floss dispenser,dental floss dispenser,1,0,1,Q008::5
Part3/outputs/answers_mistral_7b_prompt2.csv,answers_mistral_7b_prompt2,Q008,D,Things in a bathroom,6,disposable diaper dispenser,disposable diaper dispenser,1,0,1,Q008::6
Part3/outputs/answers_mistral_7b_prompt2.csv,answers_mistral_7b_prompt2,Q008,D,Things in a bathroom,7,dish soap,dish soap,1,0,1,Q008::7
Part3/outputs/answers_mistral_7b_prompt2.csv,answers_mistral_7b_prompt2,Q008,D,Things in a bathroom,8,deodorant dispensers,deodorant dispensers,0,0,0,Q008::8
Part3/outputs/answers_mistral_7b_prompt2.csv,answers_mistral_7b_prompt2,Q008,D,Things in a bathroom,9,toothbrush holder,toothbrush holder,1,0,1,Q008::9
Part3/outputs/answers_mistral_7b_prompt2.csv,answers_mistral_7b_prompt2,Q008,D,Things in a bathroom,10,dish rack,dish rack,0,0,0,Q008::10
Part3/outputs/answers_mistral_7b_prompt2.csv,answers_mistral_7b_prompt2,Q008,D,Things in a bathroom,11,toothpaste dispenser,toothpaste dispenser,0,0,0,Q008::11
Part3/outputs/answers_mistral_7b_prompt2.csv,answers_mistral_7b_prompt2,Q008,D,Things in a bathroom,12,dental floss dispenser,dental floss dispenser,1,0,1,Q008::12
Part3/outputs/answers_mistral_7b_prompt2.csv,answers_mistral_7b_prompt2,Q008,D,Things in a bathroom,13,toothpaste dispenser,toothpaste dispenser,0,0,0,Q008::13
Part3/outputs/answers_mistral_7b_prompt2.csv,answers_mistral_7b_prompt2,Q008,D,Things in a bathroom,14,dental floss dispenser,dental floss dispenser,1,0,1,Q008::14
Part3/outputs/answers_mistral_7b_prompt2.csv,answers_mistral_7b_prompt2,Q008,D,Things in a bathroom,15,dish rack,dish rack,0,0,0,Q008::15
Part3/outputs/answers_mistral_7b_prompt2.csv,answers_mistral_7b_prompt2,Q008,D,Things in a bathroom,16,dental floss dispenser,dental floss dispenser,1,0,1,Q008::16
Part3/outputs/answers_mistral_7b_prompt2.csv,answers_mistral_7b_prompt2,Q008,D,Things in a bathroom,17,detergentdispenser,detergentdispenser,0,0,0,Q008::17
Part3/outputs/answers_mistral_7b_prompt2.csv,answers_mistral_7b_prompt2,Q008,D,Things in a bathroom,18,toothpaste dispenser,toothpaste dispenser,0,0,0,Q008::18
Part3/outputs/answers_mistral_7b_prompt2.csv,answers_mistral_7b_prompt2,Q008,D,Things in a bathroom,19,detergent dispenser,detergent dispenser,1,0,1,Q008::19
Part3/outputs/answers_mistral_7b_prompt2.csv,answers_mistral_7b_prompt2,Q009,E,Sports,0,extreme enduro,extreme enduro,1,0,1,Q009::0
Part3/outputs/answers_mistral_7b_prompt2.csv,answers_mistral_7b_prompt2,Q009,E,Sports,1,extreme skiing,extreme skiing,1,0,1,Q009::1
Part3/outputs/answers_mistral_7b_prompt2.csv,answers_mistral_7b_prompt2,Q009,E,Sports,2,extreme skiing,extreme skiing,1,0,1,Q009::2
Part3/outputs/answers_mistral_7b_prompt2.csv,answers_mistral_7b_prompt2,Q009,E,Sports,3,extreme enduro,extreme enduro,1,0,1,Q009::3
Part3/outputs/answers_mistral_7b_prompt2.csv,answers_mistral_7b_prompt2,Q009,E,Sports,4,extreme enduro,extreme enduro,1,0,1,Q009::4
Part3/outputs/answers_mistral_7b_prompt2.csv,answers_mistral_7b_prompt2,Q009,E,Sports,5,extreme enduro,extreme enduro,1,0,1,Q009::5
Part3/outputs/answers_mistral_7b_prompt2.csv,answers_mistral_7b_prompt2,Q009,E,Sports,6,extreme enduro,extreme enduro,1,0,1,Q009::6
Part3/outputs/answers_mistral_7b_prompt2.csv,answers_mistral_7b_prompt2,Q009,E,Sports,7,extreme enduro,extreme enduro,1,0,1,Q009::7
Part3/outputs/answers_mistral_7b_prompt2.csv,answers_mistral_7b_prompt2,Q009,E,Sports,8,extreme enduro,extreme enduro,1,0,1,Q009::8
Part3/outputs/answers_mistral_7b_prompt2.csv,answers_mistral_7b_prompt2,Q009,E,Sports,9,extreme enduro,extreme enduro,1,0,1,Q009::9
Part3/outputs/answers_mistral_7b_prompt2.csv,answers_mistral_7b_prompt2,Q009,E,Sports,10,extreme enduro,extreme enduro,1,0,1,Q009::10
Part3/outputs/answers_mistral_7b_prompt2.csv,answers_mistral_7b_prompt2,Q009,E,Sports,11,extreme skiing,extreme skiing,1,0,1,Q009::11
Part3/outputs/answers_mistral_7b_prompt2.csv,answers_mistral_7b_prompt2,Q009,E,Sports,12,extreme enduro,extreme enduro,1,0,1,Q009::12
Part3/outputs/answers_mistral_7b_prompt2.csv,answers_mistral_7b_prompt2,Q009,E,Sports,13,extreme enduro,extreme enduro,1,0,1,Q009::13
Part3/outputs/answers_mistral_7b_prompt2.csv,answers_mistral_7b_prompt2,Q009,E,Sports,14,extreme enduro,extreme enduro,1,0,1,Q009::14
Part3/outputs/answers_mistral_7b_prompt2.csv,answers_mistral_7b_prompt2,Q009,E,Sports,15,extreme skiing,extreme skiing,1,0,1,Q009::15
Part3/outputs/answers_mistral_7b_prompt2.csv,answers_mistral_7b_prompt2,Q009,E,Sports,16,extreme-frisbee,extreme-frisbee,0,0,0,Q009::16
Part3/outputs/answers_mistral_7b_prompt2.csv,answers_mistral_7b_prompt2,Q009,E,Sports,17,extremeskiing,extremeskiing,1,0,1,Q009::17
Part3/outputs/answers_mistral_7b_prompt2.csv,answers_mistral_7b_prompt2,Q009,E,Sports,18,extreme skateboarding,extreme skateboarding,1,0,1,Q009::18
Part3/outputs/answers_mistral_7b_prompt2.csv,answers_mistral_7b_prompt2,Q009,E,Sports,19,extreme enduro,extreme enduro,1,0,1,Q009::19
Part3/outputs/answers_mistral_7b_prompt2.csv,answers_mistral_7b_prompt2,Q010,E,Movie titles,0,easter bunny killers,easter bunny killers,0,0,0,Q010::0
Part3/outputs/answers_mistral_7b_prompt2.csv,answers_mistral_7b_prompt2,Q010,E,Movie titles,1,eternal sunshine of the spotless mind,eternal sunshine of the spotless mind,0,0,0,Q010::1
Part3/outputs/answers_mistral_7b_prompt2.csv,answers_mistral_7b_prompt2,Q010,E,Movie titles,2,eternal sunshine of the spotless mind,eternal sunshine of the spotless mind,0,0,0,Q010::2
Part3/outputs/answers_mistral_7b_prompt2.csv,answers_mistral_7b_prompt2,Q010,E,Movie titles,3,empire strike back,empire strike back,0,0,0,Q010::3
Part3/outputs/answers_mistral_7b_prompt2.csv,answers_mistral_7b_prompt2,Q010,E,Movie titles,4,edward-scissorhands,edward-scissorhands,1,0,1,Q010::4
Part3/outputs/answers_mistral_7b_prompt2.csv,answers_mistral_7b_prompt2,Q010,E,Movie titles,5,enemy of the state,enemy of the state,1,0,1,Q010::5
Part3/outputs/answers_mistral_7b_prompt2.csv,answers_mistral_7b_prompt2,Q010,E,Movie titles,6,eastwood's revenge,eastwood's revenge,0,0,0,Q010::6
Part3/outputs/answers_mistral_7b_prompt2.csv,answers_mistral_7b_prompt2,Q010,E,Movie titles,7,enemy-of-the-state,enemy-of-the-state,0,0,0,Q010::7
Part3/outputs/answers_mistral_7b_prompt2.csv,answers_mistral_7b_prompt2,Q010,E,Movie titles,8,eternal sunshine of the spotless mind,eternal sunshine of the spotless mind,0,0,0,Q010::8
Part3/outputs/answers_mistral_7b_prompt2.csv,answers_mistral_7b_prompt2,Q010,E,Movie titles,9,e.t. the extraterrestrial,e.t. the extraterrestrial,1,0,1,Q010::9
Part3/outputs/answers_mistral_7b_prompt2.csv,answers_mistral_7b_prompt2,Q010,E,Movie titles,10,empire strikes back,empire strikes back,0,0,0,Q010::10
Part3/outputs/answers_mistral_7b_prompt2.csv,answers_mistral_7b_prompt2,Q010,E,Movie titles,11,easter egg hunt,easter egg hunt,0,0,0,Q010::11
Part3/outputs/answers_mistral_7b_prompt2.csv,answers_mistral_7b_prompt2,Q010,E,Movie titles,12,eastwood's world,eastwood's world,0,0,0,Q010::12
Part3/outputs/answers_mistral_7b_prompt2.csv,answers_mistral_7b_prompt2,Q010,E,Movie titles,13,everest descent,everest descent,0,0,0,Q010::13
Part3/outputs/answers_mistral_7b_prompt2.csv,answers_mistral_7b_prompt2,Q010,E,Movie titles,14,easy rider,easy rider,1,0,1,Q010::14
Part3/outputs/answers_mistral_7b_prompt2.csv,answers_mistral_7b_prompt2,Q010,E,Movie titles,15,eternal sunshine of the spotless mind,eternal sunshine of the spotless mind,0,0,0,Q010::15
Part3/outputs/answers_mistral_7b_prompt2.csv,answers_mistral_7b_prompt2,Q010,E,Movie titles,16,enemy-at-the-gates,enemy-at-the-gates,0,0,0,Q010::16
Part3/outputs/answers_mistral_7b_prompt2.csv,answers_mistral_7b_prompt2,Q010,E,Movie titles,17,easy rider,easy rider,1,0,1,Q010::17
Part3/outputs/answers_mistral_7b_prompt2.csv,answers_mistral_7b_prompt2,Q010,E,Movie titles,18,easter wormhole,easter wormhole,0,0,0,Q010::18
Part3/outputs/answers_mistral_7b_prompt2.csv,answers_mistral_7b_prompt2,Q010,E,Movie titles,19,eternal sunshine of the spotless mind,eternal sunshine of the spotless mind,0,0,0,Q010::19
Part3/outputs/answers_mistral_7b_prompt2.csv,answers_mistral_7b_prompt2,Q011,F,Fish,0,flounderfrogfish,flounderfrogfish,0,0,0,Q011::0
Part3/outputs/answers_mistral_7b_prompt2.csv,answers_mistral_7b_prompt2,Q011,F,Fish,1,flounderfillet,flounderfillet,0,0,0,Q011::1
Part3/outputs/answers_mistral_7b_prompt2.csv,answers_mistral_7b_prompt2,Q011,F,Fish,2,flounderfillet,flounderfillet,0,0,0,Q011::2
Part3/outputs/answers_mistral_7b_prompt2.csv,answers_mistral_7b_prompt2,Q011,F,Fish,3,flounderfillet,flounderfillet,0,0,0,Q011::3
Part3/outputs/answers_mistral_7b_prompt2.csv,answers_mistral_7b_prompt2,Q011,F,Fish,4,flounderfillet,flounderfillet,0,0,0,Q011::4
Part3/outputs/answers_mistral_7b_prompt2.csv,answers_mistral_7b_prompt2,Q011,F,Fish,5,flounderfillet,flounderfillet,0,0,0,Q011::5
Part3/outputs/answers_mistral_7b_prompt2.csv,answers_mistral_7b_prompt2,Q011,F,Fish,6,flounderfry,flounderfry,0,0,0,Q011::6
Part3/outputs/answers_mistral_7b_prompt2.csv,answers_mistral_7b_prompt2,Q011,F,Fish,7,flounderfinchrayfrogfish,flounderfinchrayfrogfish,0,0,0,Q011::7
Part3/outputs/answers_mistral_7b_prompt2.csv,answers_mistral_7b_prompt2,Q011,F,Fish,8,flounderfangflute,flounderfangflute,0,0,0,Q011::8
Part3/outputs/answers_mistral_7b_prompt2.csv,answers_mistral_7b_prompt2,Q011,F,Fish,9,flounderfillet,flounderfillet,0,0,0,Q011::9
Part3/outputs/answers_mistral_7b_prompt2.csv,answers_mistral_7b_prompt2,Q011,F,Fish,10,flounderfillet,flounderfillet,0,0,0,Q011::10
Part3/outputs/answers_mistral_7b_prompt2.csv,answers_mistral_7b_prompt2,Q011,F,Fish,11,flounder,flounder,1,1,0,Q011::11
Part3/outputs/answers_mistral_7b_prompt2.csv,answers_mistral_7b_prompt2,Q011,F,Fish,12,flounderfilletfrogfish,flounderfilletfrogfish,0,0,0,Q011::12
Part3/outputs/answers_mistral_7b_prompt2.csv,answers_mistral_7b_prompt2,Q011,F,Fish,13,flounderfillet,flounderfillet,0,0,0,Q011::13
Part3/outputs/answers_mistral_7b_prompt2.csv,answers_mistral_7b_prompt2,Q011,F,Fish,14,flounder,flounder,1,1,0,Q011::14
Part3/outputs/answers_mistral_7b_prompt2.csv,answers_mistral_7b_prompt2,Q011,F,Fish,15,flounderfrogfish,flounderfrogfish,0,0,0,Q011::15
Part3/outputs/answers_mistral_7b_prompt2.csv,answers_mistral_7b_prompt2,Q011,F,Fish,16,flounderfillet,flounderfillet,0,0,0,Q011::16
Part3/outputs/answers_mistral_7b_prompt2.csv,answers_mistral_7b_prompt2,Q011,F,Fish,17,flounderfillet,flounderfillet,0,0,0,Q011::17
Part3/outputs/answers_mistral_7b_prompt2.csv,answers_mistral_7b_prompt2,Q011,F,Fish,18,flounderfillet,flounderfillet,0,0,0,Q011::18
Part3/outputs/answers_mistral_7b_prompt2.csv,answers_mistral_7b_prompt2,Q011,F,Fish,19,flounderfillet,flounderfillet,0,0,0,Q011::19
Part3/outputs/answers_mistral_7b_prompt2.csv,answers_mistral_7b_prompt2,Q012,F,Things in a backpack,0,flashlight first aid kit water bottle compass,flashlight first aid kit water bottle compass,0,0,0,Q012::0
Part3/outputs/answers_mistral_7b_prompt2.csv,answers_mistral_7b_prompt2,Q012,F,Things in a backpack,1,flashlightfoldableknifefuelwaterfirstaidkitfleecej,flashlightfoldableknifefuelwaterfirstaidkitfleecej,0,0,0,Q012::1
Part3/outputs/answers_mistral_7b_prompt2.csv,answers_mistral_7b_prompt2,Q012,F,Things in a backpack,2,"flashlight, first aid kit, foldable water bottle, fleece jacket","flashlight, first aid kit, foldable water bottle, fleece jacket",1,0,1,Q012::2
Part3/outputs/answers_mistral_7b_prompt2.csv,answers_mistral_7b_prompt2,Q012,F,Things in a backpack,3,flashlight fuel tablets first aid kit fleece jacket folder water bottle compass,flashlight fuel tablets first aid kit fleece jacket folder water bottle compass,0,0,0,Q012::3
Part3/outputs/answers_mistral_7b_prompt2.csv,answers_mistral_7b_prompt2,Q012,F,Things in a backpack,4,"flashlight, first-aid-kit, foldable-backpack, fle","flashlight, first-aid-kit, foldable-backpack, fle",0,0,0,Q012::4
Part3/outputs/answers_mistral_7b_prompt2.csv,answers_mistral_7b_prompt2,Q012,F,Things in a backpack,5,"flashlight, first-aid-kit, folder","flashlight, first-aid-kit, folder",1,0,1,Q012::5
Part3/outputs/answers_mistral_7b_prompt2.csv,answers_mistral_7b_prompt2,Q012,F,Things in a backpack,6,flashlight-first-aid-kit,flashlight-first-aid-kit,0,0,0,Q012::6
Part3/outputs/answers_mistral_7b_prompt2.csv,answers_mistral_7b_prompt2,Q012,F,Things in a backpack,7,"flashlight, firstaidkit, fibonaccibook, foldablechair","flashlight, firstaidkit, fibonaccibook, foldablechair",0,0,0,Q012::7
Part3/outputs/answers_mistral_7b_prompt2.csv,answers_mistral_7b_prompt2,Q012,F,Things in a backpack,8,"flashlight, first aid kit, foldable water bottle, fuel canister,","flashlight, first aid kit, foldable water bottle, fuel canister",1,0,1,Q012::8
Part3/outputs/answers_mistral_7b_prompt2.csv,answers_mistral_7b_prompt2,Q012,F,Things in a backpack,9,"flashlight, first-aid kit, fitness band, foldable water bottle,","flashlight, first-aid kit, fitness band, foldable water bottle",1,0,1,Q012::9
Part3/outputs/answers_mistral_7b_prompt2.csv,answers_mistral_7b_prompt2,Q012,F,Things in a backpack,10,flashlight-first-aid-kit-foldable-fork-fac,flashlight-first-aid-kit-foldable-fork-fac,0,0,0,Q012::10
Part3/outputs/answers_mistral_7b_prompt2.csv,answers_mistral_7b_prompt2,Q012,F,Things in a backpack,11,flashlightfishingpolefirstaidkitfolderfoldingchair,flashlightfishingpolefirstaidkitfolderfoldingchair,0,0,0,Q012::11
Part3/outputs/answers_mistral_7b_prompt2.csv,answers_mistral_7b_prompt2,Q012,F,Things in a backpack,12,"flashlight, first-aid-kit, foldable-knife, fishing","flashlight, first-aid-kit, foldable-knife, fishing",1,0,1,Q012::12
Part3/outputs/answers_mistral_7b_prompt2.csv,answers_mistral_7b_prompt2,Q012,F,Things in a backpack,13,"flashlight, first-aid-kit, fiber, fleece, fib","flashlight, first-aid-kit, fiber, fleece, fib",0,0,0,Q012::13
Part3/outputs/answers_mistral_7b_prompt2.csv,answers_mistral_7b_prompt2,Q012,F,Things in a backpack,14,flashlight first aid kit foldable chair water bottle food bars map,flashlight first aid kit foldable chair water bottle food bars map,0,0,0,Q012::14
Part3/outputs/answers_mistral_7b_prompt2.csv,answers_mistral_7b_prompt2,Q012,F,Things in a backpack,15,"flashlight, first-aid-kit, fleece-jacket,","flashlight, first-aid-kit, fleece-jacket",1,0,1,Q012::15
Part3/outputs/answers_mistral_7b_prompt2.csv,answers_mistral_7b_prompt2,Q012,F,Things in a backpack,16,flashlightfirstaidkitfoldingknifefruitrollupsfnoodles,flashlightfirstaidkitfoldingknifefruitrollupsfnoodles,0,0,0,Q012::16
Part3/outputs/answers_mistral_7b_prompt2.csv,answers_mistral_7b_prompt2,Q012,F,Things in a backpack,17,flashlight first aid kit foldable chair foam pad fuel canister,flashlight first aid kit foldable chair foam pad fuel canister,0,0,0,Q012::17
Part3/outputs/answers_mistral_7b_prompt2.csv,answers_mistral_7b_prompt2,Q012,F,Things in a backpack,18,flashlight first aid kit foldable backpack,flashlight first aid kit foldable backpack,0,0,0,Q012::18
Part3/outputs/answers_mistral_7b_prompt2.csv,answers_mistral_7b_prompt2,Q012,F,Things in a backpack,19,flashlight first-aid-kit fiber-rich-snack foldable-,flashlight first-aid-kit fiber-rich-snack foldable,0,0,0,Q012::19
Part3/outputs/answers_mistral_7b_prompt2.csv,answers_mistral_7b_prompt2,Q013,G,U.S. states,0,california-golden,california-golden,0,0,0,Q013::0
Part3/outputs/answers_mistral_7b_prompt2.csv,answers_mistral_7b_prompt2,Q013,G,U.S. states,1,grays harbor,grays harbor,0,0,0,Q013::1
Part3/outputs/answers_mistral_7b_prompt2.csv,answers_mistral_7b_prompt2,Q013,G,U.S. states,2,georgia (gulf),georgia (gulf,0,0,0,Q013::2
Part3/outputs/answers_mistral_7b_prompt2.csv,answers_mistral_7b_prompt2,Q013,G,U.S. states,3,grays harbor,grays harbor,0,0,0,Q013::3
Part3/outputs/answers_mistral_7b_prompt2.csv,answers_mistral_7b_prompt2,Q013,G,U.S. states,4,grays harbor,grays harbor,0,0,0,Q013::4
Part3/outputs/answers_mistral_7b_prompt2.csv,answers_mistral_7b_prompt2,Q013,G,U.S. states,5,georgia (gulf),georgia (gulf,0,0,0,Q013::5
Part3/outputs/answers_mistral_7b_prompt2.csv,answers_mistral_7b_prompt2,Q013,G,U.S. states,6,grays harbor,grays harbor,0,0,0,Q013::6
Part3/outputs/answers_mistral_7b_prompt2.csv,answers_mistral_7b_prompt2,Q013,G,U.S. states,7,georgia (gulf),georgia (gulf,0,0,0,Q013::7
Part3/outputs/answers_mistral_7b_prompt2.csv,answers_mistral_7b_prompt2,Q013,G,U.S. states,8,georgia,georgia,1,1,0,Q013::8
Part3/outputs/answers_mistral_7b_prompt2.csv,answers_mistral_7b_prompt2,Q013,G,U.S. states,9,virginia gulf,virginia gulf,0,0,0,Q013::9
Part3/outputs/answers_mistral_7b_prompt2.csv,answers_mistral_7b_prompt2,Q013,G,U.S. states,10,granite-shore,granite-shore,0,0,0,Q013::10
Part3/outputs/answers_mistral_7b_prompt2.csv,answers_mistral_7b_prompt2,Q013,G,U.S. states,11,grays-harbor,grays-harbor,0,0,0,Q013::11
Part3/outputs/answers_mistral_7b_prompt2.csv,answers_mistral_7b_prompt2,Q013,G,U.S. states,12,florida gulf,florida gulf,0,0,0,Q013::12
Part3/outputs/answers_mistral_7b_prompt2.csv,answers_mistral_7b_prompt2,Q013,G,U.S. states,13,granite-shores-new-hampshire,granite-shores-new-hampshire,0,0,0,Q013::13
Part3/outputs/answers_mistral_7b_prompt2.csv,answers_mistral_7b_prompt2,Q013,G,U.S. states,14,virginia,virginia,0,0,0,Q013::14
Part3/outputs/answers_mistral_7b_prompt2.csv,answers_mistral_7b_prompt2,Q013,G,U.S. states,15,georgia (gulf),georgia (gulf,0,0,0,Q013::15
Part3/outputs/answers_mistral_7b_prompt2.csv,answers_mistral_7b_prompt2,Q013,G,U.S. states,16,grays harbor,grays harbor,0,0,0,Q013::16
Part3/outputs/answers_mistral_7b_prompt2.csv,answers_mistral_7b_prompt2,Q013,G,U.S. states,17,grays harbor,grays harbor,0,0,0,Q013::17
Part3/outputs/answers_mistral_7b_prompt2.csv,answers_mistral_7b_prompt2,Q013,G,U.S. states,18,grand canyon state (arizona),grand canyon state (arizona,0,0,0,Q013::18
Part3/outputs/answers_mistral_7b_prompt2.csv,answers_mistral_7b_prompt2,Q013,G,U.S. states,19,grays harbor,grays harbor,0,0,0,Q013::19
Part3/outputs/answers_mistral_7b_prompt2.csv,answers_mistral_7b_prompt2,Q014,G,Foods,0,granadilla gel,granadilla gel,0,0,0,Q014::0
Part3/outputs/answers_mistral_7b_prompt2.csv,answers_mistral_7b_prompt2,Q014,G,Foods,1,grits cake,grits cake,0,0,0,Q014::1
Part3/outputs/answers_mistral_7b_prompt2.csv,answers_mistral_7b_prompt2,Q014,G,Foods,2,granadilla gel,granadilla gel,0,0,0,Q014::2
Part3/outputs/answers_mistral_7b_prompt2.csv,answers_mistral_7b_prompt2,Q014,G,Foods,3,grits garbanzo galette,grits garbanzo galette,1,0,1,Q014::3
Part3/outputs/answers_mistral_7b_prompt2.csv,answers_mistral_7b_prompt2,Q014,G,Foods,4,grits garbanzo gelato guava ganache goulash,grits garbanzo gelato guava ganache goulash,1,0,1,Q014::4
Part3/outputs/answers_mistral_7b_prompt2.csv,answers_mistral_7b_prompt2,Q014,G,Foods,5,grapefruit granola,grapefruit granola,0,0,0,Q014::5
Part3/outputs/answers_mistral_7b_prompt2.csv,answers_mistral_7b_prompt2,Q014,G,Foods,6,grilled cheese garbanzo guacamole,grilled cheese garbanzo guacamole,1,0,1,Q014::6
Part3/outputs/answers_mistral_7b_prompt2.csv,answers_mistral_7b_prompt2,Q014,G,Foods,7,grapefruit granola,grapefruit granola,0,0,0,Q014::7
Part3/outputs/answers_mistral_7b_prompt2.csv,answers_mistral_7b_prompt2,Q014,G,Foods,8,grits garbanzo guacamole gorgonzola goat,grits garbanzo guacamole gorgonzola goat,1,0,1,Q014::8
Part3/outputs/answers_mistral_7b_prompt2.csv,answers_mistral_7b_prompt2,Q014,G,Foods,9,gorgonzola cheese,gorgonzola cheese,1,0,1,Q014::9
Part3/outputs/answers_mistral_7b_prompt2.csv,answers_mistral_7b_prompt2,Q014,G,Foods,10,grits cake,grits cake,0,0,0,Q014::10
Part3/outputs/answers_mistral_7b_prompt2.csv,answers_mistral_7b_prompt2,Q014,G,Foods,11,grapefruit gorgonzola,grapefruit gorgonzola,1,0,1,Q014::11
Part3/outputs/answers_mistral_7b_prompt2.csv,answers_mistral_7b_prompt2,Q014,G,Foods,12,grits cake,grits cake,0,0,0,Q014::12
Part3/outputs/answers_mistral_7b_prompt2.csv,answers_mistral_7b_prompt2,Q014,G,Foods,13,garlic bread,garlic bread,1,0,1,Q014::13
Part3/outputs/answers_mistral_7b_prompt2.csv,answers_mistral_7b_prompt2,Q014,G,Foods,14,gorgonzola cheese,gorgonzola cheese,1,0,1,Q014::14
Part3/outputs/answers_mistral_7b_prompt2.csv,answers_mistral_7b_prompt2,Q014,G,Foods,15,grits guacamole gelato gingerbread gazpacho g,grits guacamole gelato gingerbread gazpacho g,1,0,1,Q014::15
Part3/outputs/answers_mistral_7b_prompt2.csv,answers_mistral_7b_prompt2,Q014,G,Foods,16,gorgonzola cheese,gorgonzola cheese,1,0,1,Q014::16
Part3/outputs/answers_mistral_7b_prompt2.csv,answers_mistral_7b_prompt2,Q014,G,Foods,17,gourmet pizza,gourmet pizza,1,0,1,Q014::17
Part3/outputs/answers_mistral_7b_prompt2.csv,answers_mistral_7b_prompt2,Q014,G,Foods,18,granola bars,granola bars,1,0,1,Q014::18
Part3/outputs/answers_mistral_7b_prompt2.csv,answers_mistral_7b_prompt2,Q014,G,Foods,19,gritsake,gritsake,0,0,0,Q014::19
Part3/outputs/answers_mistral_7b_prompt2.csv,answers_mistral_7b_prompt2,Q015,H,Famous scientists,0,herodotus,herodotus,0,0,0,Q015::0
Part3/outputs/answers_mistral_7b_prompt2.csv,answers_mistral_7b_prompt2,Q015,H,Famous scientists,1,hawking,hawking,1,0,1,Q015::1
Part3/outputs/answers_mistral_7b_prompt2.csv,answers_mistral_7b_prompt2,Q015,H,Famous scientists,2,hugo de vries,hugo de vries,1,0,1,Q015::2
Part3/outputs/answers_mistral_7b_prompt2.csv,answers_mistral_7b_prompt2,Q015,H,Famous scientists,3,galileo helix,galileo helix,0,0,0,Q015::3
Part3/outputs/answers_mistral_7b_prompt2.csv,answers_mistral_7b_prompt2,Q015,H,Famous scientists,4,herman helveg jacobsen,herman helveg jacobsen,0,0,0,Q015::4
Part3/outputs/answers_mistral_7b_prompt2.csv,answers_mistral_7b_prompt2,Q015,H,Famous scientists,5,galileo helianus,galileo helianus,0,0,0,Q015::5
Part3/outputs/answers_mistral_7b_prompt2.csv,answers_mistral_7b_prompt2,Q015,H,Famous scientists,6,hermann helmholtz,hermann helmholtz,1,0,1,Q015::6
Part3/outputs/answers_mistral_7b_prompt2.csv,answers_mistral_7b_prompt2,Q015,H,Famous scientists,7,herodotus,herodotus,0,0,0,Q015::7
Part3/outputs/answers_mistral_7b_prompt2.csv,answers_mistral_7b_prompt2,Q015,H,Famous scientists,8,galileo helianus,galileo helianus,0,0,0,Q015::8
Part3/outputs/answers_mistral_7b_prompt2.csv,answers_mistral_7b_prompt2,Q015,H,Famous scientists,9,galileo helios,galileo helios,0,0,0,Q015::9
Part3/outputs/answers_mistral_7b_prompt2.csv,answers_mistral_7b_prompt2,Q015,H,Famous scientists,10,henry davy,henry davy,0,0,0,Q015::10
Part3/outputs/answers_mistral_7b_prompt2.csv,answers_mistral_7b_prompt2,Q015,H,Famous scientists,11,galileo herbert,galileo herbert,0,0,0,Q015::11
Part3/outputs/answers_mistral_7b_prompt2.csv,answers_mistral_7b_prompt2,Q015,H,Famous scientists,12,archimedes,archimedes,0,0,0,Q015::12
Part3/outputs/answers_mistral_7b_prompt2.csv,answers_mistral_7b_prompt2,Q015,H,Famous scientists,13,heisenberg,heisenberg,1,0,1,Q015::13
Part3/outputs/answers_mistral_7b_prompt2.csv,answers_mistral_7b_prompt2,Q015,H,Famous scientists,14,archimedes,archimedes,0,0,0,Q015::14
Part3/outputs/answers_mistral_7b_prompt2.csv,answers_mistral_7b_prompt2,Q015,H,Famous scientists,15,galileo helios,galileo helios,0,0,0,Q015::15
Part3/outputs/answers_mistral_7b_prompt2.csv,answers_mistral_7b_prompt2,Q015,H,Famous scientists,16,heinrich hertz,heinrich hertz,1,0,1,Q015::16
Part3/outputs/answers_mistral_7b_prompt2.csv,answers_mistral_7b_prompt2,Q015,H,Famous scientists,17,galileo helios,galileo helios,0,0,0,Q015::17
Part3/outputs/answers_mistral_7b_prompt2.csv,answers_mistral_7b_prompt2,Q015,H,Famous scientists,18,hermann oppenheimer,hermann oppenheimer,0,0,0,Q015::18
Part3/outputs/answers_mistral_7b_prompt2.csv,answers_mistral_7b_prompt2,Q015,H,Famous scientists,19,hermann julius müller,hermann julius müller,0,0,0,Q015::19
Part3/outputs/answers_mistral_7b_prompt2.csv,answers_mistral_7b_prompt2,Q016,H,Things at the beach,0,hammock,hammock,1,0,1,Q016::0
Part3/outputs/answers_mistral_7b_prompt2.csv,answers_mistral_7b_prompt2,Q016,H,Things at the beach,1,hammockelephant,hammockelephant,0,0,0,Q016::1
Part3/outputs/answers_mistral_7b_prompt2.csv,answers_mistral_7b_prompt2,Q016,H,Things at the beach,2,hammerhead shark,hammerhead shark,0,0,0,Q016::2
Part3/outputs/answers_mistral_7b_prompt2.csv,answers_mistral_7b_prompt2,Q016,H,Things at the beach,3,hammockstand,hammockstand,0,0,0,Q016::3
Part3/outputs/answers_mistral_7b_prompt2.csv,answers_mistral_7b_prompt2,Q016,H,Things at the beach,4,hammerhead shark,hammerhead shark,0,0,0,Q016::4
Part3/outputs/answers_mistral_7b_prompt2.csv,answers_mistral_7b_prompt2,Q016,H,Things at the beach,5,hammerhead shark,hammerhead shark,0,0,0,Q016::5
Part3/outputs/answers_mistral_7b_prompt2.csv,answers_mistral_7b_prompt2,Q016,H,Things at the beach,6,hammock stand,hammock stand,0,0,0,Q016::6
Part3/outputs/answers_mistral_7b_prompt2.csv,answers_mistral_7b_prompt2,Q016,H,Things at the beach,7,hammock stands,hammock stands,0,0,0,Q016::7
Part3/outputs/answers_mistral_7b_prompt2.csv,answers_mistral_7b_prompt2,Q016,H,Things at the beach,8,hammerhead shark,hammerhead shark,0,0,0,Q016::8
Part3/outputs/answers_mistral_7b_prompt2.csv,answers_mistral_7b_prompt2,Q016,H,Things at the beach,9,"hammockey

Explanation: The answer Hammock is a",hammockey explanation: the answer hammock is a,0,0,0,Q016::9
Part3/outputs/answers_mistral_7b_prompt2.csv,answers_mistral_7b_prompt2,Q016,H,Things at the beach,10,seashells habitat,seashells habitat,0,0,0,Q016::10
Part3/outputs/answers_mistral_7b_prompt2.csv,answers_mistral_7b_prompt2,Q016,H,Things at the beach,11,hammock,hammock,1,0,1,Q016::11
Part3/outputs/answers_mistral_7b_prompt2.csv,answers_mistral_7b_prompt2,Q016,H,Things at the beach,12,hammock sunscreen inflatable raft cooler,hammock sunscreen inflatable raft cooler,1,0,1,Q016::12
Part3/outputs/answers_mistral_7b_prompt2.csv,answers_mistral_7b_prompt2,Q016,H,Things at the beach,13,hammerhead shark,hammerhead shark,0,0,0,Q016::13
Part3/outputs/answers_mistral_7b_prompt2.csv,answers_mistral_7b_prompt2,Q016,H,Things at the beach,14,hammock,hammock,1,0,1,Q016::14
Part3/outputs/answers_mistral_7b_prompt2.csv,answers_mistral_7b_prompt2,Q016,H,Things at the beach,15,hermit crab hole,hermit crab hole,1,0,1,Q016::15
Part3/outputs/answers_mistral_7b_prompt2.csv,answers_mistral_7b_prompt2,Q016,H,Things at the beach,16,hammockstand,hammockstand,0,0,0,Q016::16
Part3/outputs/answers_mistral_7b_prompt2.csv,answers_mistral_7b_prompt2,Q016,H,Things at the beach,17,hammerhead shark,hammerhead shark,0,0,0,Q016::17
Part3/outputs/answers_mistral_7b_prompt2.csv,answers_mistral_7b_prompt2,Q016,H,Things at the beach,18,seashell hammerhead shark,seashell hammerhead shark,0,0,0,Q016::18
Part3/outputs/answers_mistral_7b_prompt2.csv,answers_mistral_7b_prompt2,Q016,H,Things at the beach,19,hammockstand,hammockstand,0,0,0,Q016::19
Part3/outputs/answers_mistral_7b_prompt2.csv,answers_mistral_7b_prompt2,Q017,I,Cities,0,indianapolis,indianapolis,1,0,1,Q017::0
Part3/outputs/answers_mistral_7b_prompt2.csv,answers_mistral_7b_prompt2,Q017,I,Cities,1,ibiza,ibiza,0,0,0,Q017::1
Part3/outputs/answers_mistral_7b_prompt2.csv,answers_mistral_7b_prompt2,Q017,I,Cities,2,indianaopolis,indianaopolis,0,0,0,Q017::2
Part3/outputs/answers_mistral_7b_prompt2.csv,answers_mistral_7b_prompt2,Q017,I,Cities,3,ibiza,ibiza,0,0,0,Q017::3
Part3/outputs/answers_mistral_7b_prompt2.csv,answers_mistral_7b_prompt2,Q017,I,Cities,4,indianapolis,indianapolis,1,0,1,Q017::4
Part3/outputs/answers_mistral_7b_prompt2.csv,answers_mistral_7b_prompt2,Q017,I,Cities,5,innsbruck,innsbruck,1,0,1,Q017::5
Part3/outputs/answers_mistral_7b_prompt2.csv,answers_mistral_7b_prompt2,Q017,I,Cities,6,indianapolis,indianapolis,1,0,1,Q017::6
Part3/outputs/answers_mistral_7b_prompt2.csv,answers_mistral_7b_prompt2,Q017,I,Cities,7,indianapolis,indianapolis,1,0,1,Q017::7
Part3/outputs/answers_mistral_7b_prompt2.csv,answers_mistral_7b_prompt2,Q017,I,Cities,8,indianapolis,indianapolis,1,0,1,Q017::8
Part3/outputs/answers_mistral_7b_prompt2.csv,answers_mistral_7b_prompt2,Q017,I,Cities,9,iceland (Reykjavik),iceland (reykjavik,0,0,0,Q017::9
Part3/outputs/answers_mistral_7b_prompt2.csv,answers_mistral_7b_prompt2,Q017,I,Cities,10,indianapolis,indianapolis,1,0,1,Q017::10
Part3/outputs/answers_mistral_7b_prompt2.csv,answers_mistral_7b_prompt2,Q017,I,Cities,11,innsbruck,innsbruck,1,0,1,Q017::11
Part3/outputs/answers_mistral_7b_prompt2.csv,answers_mistral_7b_prompt2,Q017,I,Cities,12,indianaopolis,indianaopolis,0,0,0,Q017::12
Part3/outputs/answers_mistral_7b_prompt2.csv,answers_mistral_7b_prompt2,Q017,I,Cities,13,irkutsk,irkutsk,1,0,1,Q017::13
Part3/outputs/answers_mistral_7b_prompt2.csv,answers_mistral_7b_prompt2,Q017,I,Cities,14,indianapolis,indianapolis,1,0,1,Q017::14
Part3/outputs/answers_mistral_7b_prompt2.csv,answers_mistral_7b_prompt2,Q017,I,Cities,15,indianaopolis,indianaopolis,0,0,0,Q017::15
Part3/outputs/answers_mistral_7b_prompt2.csv,answers_mistral_7b_prompt2,Q017,I,Cities,16,indianapolis,indianapolis,1,0,1,Q017::16
Part3/outputs/answers_mistral_7b_prompt2.csv,answers_mistral_7b_prompt2,Q017,I,Cities,17,indianapolis,indianapolis,1,0,1,Q017::17
Part3/outputs/answers_mistral_7b_prompt2.csv,answers_mistral_7b_prompt2,Q017,I,Cities,18,ibiza,ibiza,0,0,0,Q017::18
Part3/outputs/answers_mistral_7b_prompt2.csv,answers_mistral_7b_prompt2,Q017,I,Cities,19,innsbruck,innsbruck,1,0,1,Q017::19
Part3/outputs/answers_mistral_7b_prompt2.csv,answers_mistral_7b_prompt2,Q018,I,Things in a classroom,0,"desk lamp

By avoiding overused options like 'apple' or 'eras",desk lamp by avoiding overused options like 'apple' or 'eras,1,0,1,Q018::0
Part3/outputs/answers_mistral_7b_prompt2.csv,answers_mistral_7b_prompt2,Q018,I,Things in a classroom,1,inkwell,inkwell,1,0,1,Q018::1
Part3/outputs/answers_mistral_7b_prompt2.csv,answers_mistral_7b_prompt2,Q018,I,Things in a classroom,2,chalkboard eraser,chalkboard eraser,0,0,0,Q018::2
Part3/outputs/answers_mistral_7b_prompt2.csv,answers_mistral_7b_prompt2,Q018,I,Things in a classroom,3,blackboard eraser,blackboard eraser,0,0,0,Q018::3
Part3/outputs/answers_mistral_7b_prompt2.csv,answers_mistral_7b_prompt2,Q018,I,Things in a classroom,4,"desk lamp

Just to clarify, I tried to choose a common and","desk lamp just to clarify, i tried to choose a common and",1,0,1,Q018::4
Part3/outputs/answers_mistral_7b_prompt2.csv,answers_mistral_7b_prompt2,Q018,I,Things in a classroom,5,"desk lamp

For other letter-category combinations, you can reference this guide","desk lamp for other letter-category combinations, you can reference this guide",1,0,1,Q018::5
Part3/outputs/answers_mistral_7b_prompt2.csv,answers_mistral_7b_prompt2,Q018,I,Things in a classroom,6,"desk lamp

By avoiding the obvious default choice of ""desk"", I","desk lamp by avoiding the obvious default choice of ""desk"", i",1,0,1,Q018::6
Part3/outputs/answers_mistral_7b_prompt2.csv,answers_mistral_7b_prompt2,Q018,I,Things in a classroom,7,"desk lamp

Here are some additional unique answers for this category that start with",desk lamp here are some additional unique answers for this category that start with,1,0,1,Q018::7
Part3/outputs/answers_mistral_7b_prompt2.csv,answers_mistral_7b_prompt2,Q018,I,Things in a classroom,8,"blackboard eraser

For clarification: The most common and realistic,",blackboard eraser for clarification: the most common and realistic,1,0,1,Q018::8
Part3/outputs/answers_mistral_7b_prompt2.csv,answers_mistral_7b_prompt2,Q018,I,Things in a classroom,9,deskmate,deskmate,0,0,0,Q018::9
Part3/outputs/answers_mistral_7b_prompt2.csv,answers_mistral_7b_prompt2,Q018,I,Things in a classroom,10,"desk lamp

Explanation: This answer fits the criteria by being a",desk lamp explanation: this answer fits the criteria by being a,1,0,1,Q018::10
Part3/outputs/answers_mistral_7b_prompt2.csv,answers_mistral_7b_prompt2,Q018,I,Things in a classroom,11,"blackboard eraser

Note: While the blackboard eraser is a",blackboard eraser note: while the blackboard eraser is a,1,0,1,Q018::11
Part3/outputs/answers_mistral_7b_prompt2.csv,answers_mistral_7b_prompt2,Q018,I,Things in a classroom,12,desk chair eraser pencil ruler chalkboard duster books calculator,desk chair eraser pencil ruler chalkboard duster books calculator,1,0,1,Q018::12
Part3/outputs/answers_mistral_7b_prompt2.csv,answers_mistral_7b_prompt2,Q018,I,Things in a classroom,13,blackboard eraser,blackboard eraser,0,0,0,Q018::13
Part3/outputs/answers_mistral_7b_prompt2.csv,answers_mistral_7b_prompt2,Q018,I,Things in a classroom,14,"desk lamp

For more Scattergories help, see my previous responses","desk lamp for more scattergories help, see my previous responses",1,0,1,Q018::14
Part3/outputs/answers_mistral_7b_prompt2.csv,answers_mistral_7b_prompt2,Q018,I,Things in a classroom,15,"blackboard eraser

Explanation: The Blackboard Eraser is",blackboard eraser explanation: the blackboard eraser is,1,0,1,Q018::15
Part3/outputs/answers_mistral_7b_prompt2.csv,answers_mistral_7b_prompt2,Q018,I,Things in a classroom,16,blackboard eraser,blackboard eraser,0,0,0,Q018::16
Part3/outputs/answers_mistral_7b_prompt2.csv,answers_mistral_7b_prompt2,Q018,I,Things in a classroom,17,desk lamp eraser ruler glue projector,desk lamp eraser ruler glue projector,1,0,1,Q018::17
Part3/outputs/answers_mistral_7b_prompt2.csv,answers_mistral_7b_prompt2,Q018,I,Things in a classroom,18,desk lamp eraser ruler chalk board marker,desk lamp eraser ruler chalk board marker,0,0,0,Q018::18
Part3/outputs/answers_mistral_7b_prompt2.csv,answers_mistral_7b_prompt2,Q018,I,Things in a classroom,19,chalkboard eraser,chalkboard eraser,0,0,0,Q018::19
Part3/outputs/answers_mistral_7b_prompt2.csv,answers_mistral_7b_prompt2,Q019,J,Car brands,0,jaguar,jaguar,1,1,0,Q019::0
Part3/outputs/answers_mistral_7b_prompt2.csv,answers_mistral_7b_prompt2,Q019,J,Car brands,1,jaguar,jaguar,1,1,0,Q019::1
Part3/outputs/answers_mistral_7b_prompt2.csv,answers_mistral_7b_prompt2,Q019,J,Car brands,2,jaguar,jaguar,1,1,0,Q019::2
Part3/outputs/answers_mistral_7b_prompt2.csv,answers_mistral_7b_prompt2,Q019,J,Car brands,3,jaguar,jaguar,1,1,0,Q019::3
Part3/outputs/answers_mistral_7b_prompt2.csv,answers_mistral_7b_prompt2,Q019,J,Car brands,4,jaguar,jaguar,1,1,0,Q019::4
Part3/outputs/answers_mistral_7b_prompt2.csv,answers_mistral_7b_prompt2,Q019,J,Car brands,5,jaguar,jaguar,1,1,0,Q019::5
Part3/outputs/answers_mistral_7b_prompt2.csv,answers_mistral_7b_prompt2,Q019,J,Car brands,6,jaguar,jaguar,1,1,0,Q019::6
Part3/outputs/answers_mistral_7b_prompt2.csv,answers_mistral_7b_prompt2,Q019,J,Car brands,7,jaguar,jaguar,1,1,0,Q019::7
Part3/outputs/answers_mistral_7b_prompt2.csv,answers_mistral_7b_prompt2,Q019,J,Car brands,8,jaguar,jaguar,1,1,0,Q019::8
Part3/outputs/answers_mistral_7b_prompt2.csv,answers_mistral_7b_prompt2,Q019,J,Car brands,9,jaguar,jaguar,1,1,0,Q019::9
Part3/outputs/answers_mistral_7b_prompt2.csv,answers_mistral_7b_prompt2,Q019,J,Car brands,10,jaguar,jaguar,1,1,0,Q019::10
Part3/outputs/answers_mistral_7b_prompt2.csv,answers_mistral_7b_prompt2,Q019,J,Car brands,11,jaguar,jaguar,1,1,0,Q019::11
Part3/outputs/answers_mistral_7b_prompt2.csv,answers_mistral_7b_prompt2,Q019,J,Car brands,12,jaguar,jaguar,1,1,0,Q019::12
Part3/outputs/answers_mistral_7b_prompt2.csv,answers_mistral_7b_prompt2,Q019,J,Car brands,13,jaguar,jaguar,1,1,0,Q019::13
Part3/outputs/answers_mistral_7b_prompt2.csv,answers_mistral_7b_prompt2,Q019,J,Car brands,14,jaguar,jaguar,1,1,0,Q019::14
Part3/outputs/answers_mistral_7b_prompt2.csv,answers_mistral_7b_prompt2,Q019,J,Car brands,15,jaguar,jaguar,1,1,0,Q019::15
Part3/outputs/answers_mistral_7b_prompt2.csv,answers_mistral_7b_prompt2,Q019,J,Car brands,16,jaguar,jaguar,1,1,0,Q019::16
Part3/outputs/answers_mistral_7b_prompt2.csv,answers_mistral_7b_prompt2,Q019,J,Car brands,17,jaguar,jaguar,1,1,0,Q019::17
Part3/outputs/answers_mistral_7b_prompt2.csv,answers_mistral_7b_prompt2,Q019,J,Car brands,18,jaguar,jaguar,1,1,0,Q019::18
Part3/outputs/answers_mistral_7b_prompt2.csv,answers_mistral_7b_prompt2,Q019,J,Car brands,19,jaguar,jaguar,1,1,0,Q019::19
Part3/outputs/answers_mistral_7b_prompt2.csv,answers_mistral_7b_prompt2,Q020,J,Video game titles,0,jeweled-heist,jeweled-heist,0,0,0,Q020::0
Part3/outputs/answers_mistral_7b_prompt2.csv,answers_mistral_7b_prompt2,Q020,J,Video game titles,1,jungle_rush,jungle_rush,0,0,0,Q020::1
Part3/outputs/answers_mistral_7b_prompt2.csv,answers_mistral_7b_prompt2,Q020,J,Video game titles,2,juggernaut.jackal.journey,juggernaut.jackal.journey,0,0,0,Q020::2
Part3/outputs/answers_mistral_7b_prompt2.csv,answers_mistral_7b_prompt2,Q020,J,Video game titles,3,jailbreak jurassic park jackbox jellybean journey,jailbreak jurassic park jackbox jellybean journey,0,0,0,Q020::3
Part3/outputs/answers_mistral_7b_prompt2.csv,answers_mistral_7b_prompt2,Q020,J,Video game titles,4,jetsetterjoust,jetsetterjoust,0,0,0,Q020::4
Part3/outputs/answers_mistral_7b_prompt2.csv,answers_mistral_7b_prompt2,Q020,J,Video game titles,5,jedi academy,jedi academy,1,0,1,Q020::5
Part3/outputs/answers_mistral_7b_prompt2.csv,answers_mistral_7b_prompt2,Q020,J,Video game titles,6,jungle.quest,jungle.quest,0,0,0,Q020::6
Part3/outputs/answers_mistral_7b_prompt2.csv,answers_mistral_7b_prompt2,Q020,J,Video game titles,7,jungle_joust_revival,jungle_joust_revival,0,0,0,Q020::7
Part3/outputs/answers_mistral_7b_prompt2.csv,answers_mistral_7b_prompt2,Q020,J,Video game titles,8,jungle_heist,jungle_heist,0,0,0,Q020::8
Part3/outputs/answers_mistral_7b_prompt2.csv,answers_mistral_7b_prompt2,Q020,J,Video game titles,9,jetsetters_journey,jetsetters_journey,0,0,0,Q020::9
Part3/outputs/answers_mistral_7b_prompt2.csv,answers_mistral_7b_prompt2,Q020,J,Video game titles,10,jetsettersjinx,jetsettersjinx,0,0,0,Q020::10
Part3/outputs/answers_mistral_7b_prompt2.csv,answers_mistral_7b_prompt2,Q020,J,Video game titles,11,jetsetters_jamboree,jetsetters_jamboree,0,0,0,Q020::11
Part3/outputs/answers_mistral_7b_prompt2.csv,answers_mistral_7b_prompt2,Q020,J,Video game titles,12,jetsettersjungle,jetsettersjungle,0,0,0,Q020::12
Part3/outputs/answers_mistral_7b_prompt2.csv,answers_mistral_7b_prompt2,Q020,J,Video game titles,13,jetsetters-judgment,jetsetters-judgment,0,0,0,Q020::13
Part3/outputs/answers_mistral_7b_prompt2.csv,answers_mistral_7b_prompt2,Q020,J,Video game titles,14,jetsetterjinx,jetsetterjinx,0,0,0,Q020::14
Part3/outputs/answers_mistral_7b_prompt2.csv,answers_mistral_7b_prompt2,Q020,J,Video game titles,15,jetsetters.jam,jetsetters.jam,0,0,0,Q020::15
Part3/outputs/answers_mistral_7b_prompt2.csv,answers_mistral_7b_prompt2,Q020,J,Video game titles,16,jetsetters junction,jetsetters junction,0,0,0,Q020::16
Part3/outputs/answers_mistral_7b_prompt2.csv,answers_mistral_7b_prompt2,Q020,J,Video game titles,17,"jetsetters journey

[In this category, I avoided the obvious default","jetsetters journey [in this category, i avoided the obvious default",0,0,0,Q020::17
Part3/outputs/answers_mistral_7b_prompt2.csv,answers_mistral_7b_prompt2,Q020,J,Video game titles,18,jungle_quest_journey,jungle_quest_journey,0,0,0,Q020::18
Part3/outputs/answers_mistral_7b_prompt2.csv,answers_mistral_7b_prompt2,Q020,J,Video game titles,19,jetsetters_curse,jetsetters_curse,0,0,0,Q020::19
Part3/outputs/answers_mistral_7b_prompt2.csv,answers_mistral_7b_prompt2,Q021,K,Superheroes,0,kryptonite-man,kryptonite-man,0,0,0,Q021::0
Part3/outputs/answers_mistral_7b_prompt2.csv,answers_mistral_7b_prompt2,Q021,K,Superheroes,1,kryptonian,kryptonian,0,0,0,Q021::1
Part3/outputs/answers_mistral_7b_prompt2.csv,answers_mistral_7b_prompt2,Q021,K,Superheroes,2,kryptonite-man,kryptonite-man,0,0,0,Q021::2
Part3/outputs/answers_mistral_7b_prompt2.csv,answers_mistral_7b_prompt2,Q021,K,Superheroes,3,kryptonite-man,kryptonite-man,0,0,0,Q021::3
Part3/outputs/answers_mistral_7b_prompt2.csv,answers_mistral_7b_prompt2,Q021,K,Superheroes,4,kryptonian,kryptonian,0,0,0,Q021::4
Part3/outputs/answers_mistral_7b_prompt2.csv,answers_mistral_7b_prompt2,Q021,K,Superheroes,5,kryptonianman,kryptonianman,0,0,0,Q021::5
Part3/outputs/answers_mistral_7b_prompt2.csv,answers_mistral_7b_prompt2,Q021,K,Superheroes,6,kryptonite-man,kryptonite-man,0,0,0,Q021::6
Part3/outputs/answers_mistral_7b_prompt2.csv,answers_mistral_7b_prompt2,Q021,K,Superheroes,7,kryptonian,kryptonian,0,0,0,Q021::7
Part3/outputs/answers_mistral_7b_prompt2.csv,answers_mistral_7b_prompt2,Q021,K,Superheroes,8,kryptonian,kryptonian,0,0,0,Q021::8
Part3/outputs/answers_mistral_7b_prompt2.csv,answers_mistral_7b_prompt2,Q021,K,Superheroes,9,kryptonite-man,kryptonite-man,0,0,0,Q021::9
Part3/outputs/answers_mistral_7b_prompt2.csv,answers_mistral_7b_prompt2,Q021,K,Superheroes,10,kryptonian,kryptonian,0,0,0,Q021::10
Part3/outputs/answers_mistral_7b_prompt2.csv,answers_mistral_7b_prompt2,Q021,K,Superheroes,11,kryptonite-man,kryptonite-man,0,0,0,Q021::11
Part3/outputs/answers_mistral_7b_prompt2.csv,answers_mistral_7b_prompt2,Q021,K,Superheroes,12,kryptonite-man,kryptonite-man,0,0,0,Q021::12
Part3/outputs/answers_mistral_7b_prompt2.csv,answers_mistral_7b_prompt2,Q021,K,Superheroes,13,kryptonite-man,kryptonite-man,0,0,0,Q021::13
Part3/outputs/answers_mistral_7b_prompt2.csv,answers_mistral_7b_prompt2,Q021,K,Superheroes,14,kryptonite-man,kryptonite-man,0,0,0,Q021::14
Part3/outputs/answers_mistral_7b_prompt2.csv,answers_mistral_7b_prompt2,Q021,K,Superheroes,15,kryptonite-man,kryptonite-man,0,0,0,Q021::15
Part3/outputs/answers_mistral_7b_prompt2.csv,answers_mistral_7b_prompt2,Q021,K,Superheroes,16,kryptonian,kryptonian,0,0,0,Q021::16
Part3/outputs/answers_mistral_7b_prompt2.csv,answers_mistral_7b_prompt2,Q021,K,Superheroes,17,kryptonite-man,kryptonite-man,0,0,0,Q021::17
Part3/outputs/answers_mistral_7b_prompt2.csv,answers_mistral_7b_prompt2,Q021,K,Superheroes,18,kryptonite-man,kryptonite-man,0,0,0,Q021::18
Part3/outputs/answers_mistral_7b_prompt2.csv,answers_mistral_7b_prompt2,Q021,K,Superheroes,19,kryptonianman,kryptonianman,0,0,0,Q021::19
Part3/outputs/answers_mistral_7b_prompt2.csv,answers_mistral_7b_prompt2,Q022,K,Things in a grocery store,0,ketchup,ketchup,1,1,0,Q022::0
Part3/outputs/answers_mistral_7b_prompt2.csv,answers_mistral_7b_prompt2,Q022,K,Things in a grocery store,1,ketchup,ketchup,1,1,0,Q022::1
Part3/outputs/answers_mistral_7b_prompt2.csv,answers_mistral_7b_prompt2,Q022,K,Things in a grocery store,2,kiwifruit,kiwifruit,1,0,1,Q022::2
Part3/outputs/answers_mistral_7b_prompt2.csv,answers_mistral_7b_prompt2,Q022,K,Things in a grocery store,3,ketchup,ketchup,1,0,1,Q022::3
Part3/outputs/answers_mistral_7b_prompt2.csv,answers_mistral_7b_prompt2,Q022,K,Things in a grocery store,4,ketchup,ketchup,1,0,1,Q022::4
Part3/outputs/answers_mistral_7b_prompt2.csv,answers_mistral_7b_prompt2,Q022,K,Things in a grocery store,5,ketchup bottles,ketchup bottles,1,0,1,Q022::5
Part3/outputs/answers_mistral_7b_prompt2.csv,answers_mistral_7b_prompt2,Q022,K,Things in a grocery store,6,kiwi fruit,kiwi fruit,1,0,1,Q022::6
Part3/outputs/answers_mistral_7b_prompt2.csv,answers_mistral_7b_prompt2,Q022,K,Things in a grocery store,7,ketchup,ketchup,1,1,0,Q022::7
Part3/outputs/answers_mistral_7b_prompt2.csv,answers_mistral_7b_prompt2,Q022,K,Things in a grocery store,8,ketchup,ketchup,1,1,0,Q022::8
Part3/outputs/answers_mistral_7b_prompt2.csv,answers_mistral_7b_prompt2,Q022,K,Things in a grocery store,9,kiwi cereal,kiwi cereal,0,0,0,Q022::9
Part3/outputs/answers_mistral_7b_prompt2.csv,answers_mistral_7b_prompt2,Q022,K,Things in a grocery store,10,ketchup,ketchup,1,0,1,Q022::10
Part3/outputs/answers_mistral_7b_prompt2.csv,answers_mistral_7b_prompt2,Q022,K,Things in a grocery store,11,kiwi fruit,kiwi fruit,1,0,1,Q022::11
Part3/outputs/answers_mistral_7b_prompt2.csv,answers_mistral_7b_prompt2,Q022,K,Things in a grocery store,12,ketchup packets,ketchup packets,1,0,1,Q022::12
Part3/outputs/answers_mistral_7b_prompt2.csv,answers_mistral_7b_prompt2,Q022,K,Things in a grocery store,13,kiwi crackers,kiwi crackers,0,0,0,Q022::13
Part3/outputs/answers_mistral_7b_prompt2.csv,answers_mistral_7b_prompt2,Q022,K,Things in a grocery store,14,ketchup,ketchup,1,1,0,Q022::14
Part3/outputs/answers_mistral_7b_prompt2.csv,answers_mistral_7b_prompt2,Q022,K,Things in a grocery store,15,kielbasa,kielbasa,1,0,1,Q022::15
Part3/outputs/answers_mistral_7b_prompt2.csv,answers_mistral_7b_prompt2,Q022,K,Things in a grocery store,16,ketchup,ketchup,1,1,0,Q022::16
Part3/outputs/answers_mistral_7b_prompt2.csv,answers_mistral_7b_prompt2,Q022,K,Things in a grocery store,17,kiwi pastry,kiwi pastry,0,0,0,Q022::17
Part3/outputs/answers_mistral_7b_prompt2.csv,answers_mistral_7b_prompt2,Q022,K,Things in a grocery store,18,kielbasa,kielbasa,1,0,1,Q022::18
Part3/outputs/answers_mistral_7b_prompt2.csv,answers_mistral_7b_prompt2,Q022,K,Things in a grocery store,19,kiwifruit kebabs,kiwifruit kebabs,0,0,0,Q022::19
Part3/outputs/answers_mistral_7b_prompt2.csv,answers_mistral_7b_prompt2,Q023,L,Dog breeds,0,basset hound,basset hound,0,0,0,Q023::0
Part3/outputs/answers_mistral_7b_prompt2.csv,answers_mistral_7b_prompt2,Q023,L,Dog breeds,1,lhasa apso,lhasa apso,1,0,1,Q023::1
Part3/outputs/answers_mistral_7b_prompt2.csv,answers_mistral_7b_prompt2,Q023,L,Dog breeds,2,lhasa apso,lhasa apso,1,0,1,Q023::2
Part3/outputs/answers_mistral_7b_prompt2.csv,answers_mistral_7b_prompt2,Q023,L,Dog breeds,3,llewellin setter,llewellin setter,0,0,0,Q023::3
Part3/outputs/answers_mistral_7b_prompt2.csv,answers_mistral_7b_prompt2,Q023,L,Dog breeds,4,lhasa apso,lhasa apso,1,0,1,Q023::4
Part3/outputs/answers_mistral_7b_prompt2.csv,answers_mistral_7b_prompt2,Q023,L,Dog breeds,5,lhasa apso,lhasa apso,1,0,1,Q023::5
Part3/outputs/answers_mistral_7b_prompt2.csv,answers_mistral_7b_prompt2,Q023,L,Dog breeds,6,lhasa apso,lhasa apso,1,0,1,Q023::6
Part3/outputs/answers_mistral_7b_prompt2.csv,answers_mistral_7b_prompt2,Q023,L,Dog breeds,7,lhasa apso,lhasa apso,1,0,1,Q023::7
Part3/outputs/answers_mistral_7b_prompt2.csv,answers_mistral_7b_prompt2,Q023,L,Dog breeds,8,lhasa apso,lhasa apso,1,0,1,Q023::8
Part3/outputs/answers_mistral_7b_prompt2.csv,answers_mistral_7b_prompt2,Q023,L,Dog breeds,9,lhasa apso,lhasa apso,1,0,1,Q023::9
Part3/outputs/answers_mistral_7b_prompt2.csv,answers_mistral_7b_prompt2,Q023,L,Dog breeds,10,bloodhound lurcher,bloodhound lurcher,0,0,0,Q023::10
Part3/outputs/answers_mistral_7b_prompt2.csv,answers_mistral_7b_prompt2,Q023,L,Dog breeds,11,spaniel brittany,spaniel brittany,0,0,0,Q023::11
Part3/outputs/answers_mistral_7b_prompt2.csv,answers_mistral_7b_prompt2,Q023,L,Dog breeds,12,llewellyn setter,llewellyn setter,0,0,0,Q023::12
Part3/outputs/answers_mistral_7b_prompt2.csv,answers_mistral_7b_prompt2,Q023,L,Dog breeds,13,lhasa apso,lhasa apso,1,0,1,Q023::13
Part3/outputs/answers_mistral_7b_prompt2.csv,answers_mistral_7b_prompt2,Q023,L,Dog breeds,14,lhasa apso,lhasa apso,1,0,1,Q023::14
Part3/outputs/answers_mistral_7b_prompt2.csv,answers_mistral_7b_prompt2,Q023,L,Dog breeds,15,lhasa apso,lhasa apso,1,0,1,Q023::15
Part3/outputs/answers_mistral_7b_prompt2.csv,answers_mistral_7b_prompt2,Q023,L,Dog breeds,16,lhasa apso,lhasa apso,1,0,1,Q023::16
Part3/outputs/answers_mistral_7b_prompt2.csv,answers_mistral_7b_prompt2,Q023,L,Dog breeds,17,lhasa apso,lhasa apso,1,0,1,Q023::17
Part3/outputs/answers_mistral_7b_prompt2.csv,answers_mistral_7b_prompt2,Q023,L,Dog breeds,18,lhasa apso,lhasa apso,1,0,1,Q023::18
Part3/outputs/answers_mistral_7b_prompt2.csv,answers_mistral_7b_prompt2,Q023,L,Dog breeds,19,leonberger,leonberger,1,0,1,Q023::19
Part3/outputs/answers_mistral_7b_prompt2.csv,answers_mistral_7b_prompt2,Q024,L,Books,0,library loan,library loan,0,0,0,Q024::0
Part3/outputs/answers_mistral_7b_prompt2.csv,answers_mistral_7b_prompt2,Q024,L,Books,1,lois lane's diary,lois lane's diary,0,0,0,Q024::1
Part3/outputs/answers_mistral_7b_prompt2.csv,answers_mistral_7b_prompt2,Q024,L,Books,2,library loan,library loan,0,0,0,Q024::2
Part3/outputs/answers_mistral_7b_prompt2.csv,answers_mistral_7b_prompt2,Q024,L,Books,3,library loan,library loan,0,0,0,Q024::3
Part3/outputs/answers_mistral_7b_prompt2.csv,answers_mistral_7b_prompt2,Q024,L,Books,4,library lounges,library lounges,0,0,0,Q024::4
Part3/outputs/answers_mistral_7b_prompt2.csv,answers_mistral_7b_prompt2,Q024,L,Books,5,library loan,library loan,0,0,0,Q024::5
Part3/outputs/answers_mistral_7b_prompt2.csv,answers_mistral_7b_prompt2,Q024,L,Books,6,library loan,library loan,0,0,0,Q024::6
Part3/outputs/answers_mistral_7b_prompt2.csv,answers_mistral_7b_prompt2,Q024,L,Books,7,library loan,library loan,0,0,0,Q024::7
Part3/outputs/answers_mistral_7b_prompt2.csv,answers_mistral_7b_prompt2,Q024,L,Books,8,library lender,library lender,0,0,0,Q024::8
Part3/outputs/answers_mistral_7b_prompt2.csv,answers_mistral_7b_prompt2,Q024,L,Books,9,library loan,library loan,0,0,0,Q024::9
Part3/outputs/answers_mistral_7b_prompt2.csv,answers_mistral_7b_prompt2,Q024,L,Books,10,librarylovers,librarylovers,0,0,0,Q024::10
Part3/outputs/answers_mistral_7b_prompt2.csv,answers_mistral_7b_prompt2,Q024,L,Books,11,library loan,library loan,0,0,0,Q024::11
Part3/outputs/answers_mistral_7b_prompt2.csv,answers_mistral_7b_prompt2,Q024,L,Books,12,library lending,library lending,0,0,0,Q024::12
Part3/outputs/answers_mistral_7b_prompt2.csv,answers_mistral_7b_prompt2,Q024,L,Books,13,library loan,library loan,0,0,0,Q024::13
Part3/outputs/answers_mistral_7b_prompt2.csv,answers_mistral_7b_prompt2,Q024,L,Books,14,library loan,library loan,0,0,0,Q024::14
Part3/outputs/answers_mistral_7b_prompt2.csv,answers_mistral_7b_prompt2,Q024,L,Books,15,library loan,library loan,0,0,0,Q024::15
Part3/outputs/answers_mistral_7b_prompt2.csv,answers_mistral_7b_prompt2,Q024,L,Books,16,library loans,library loans,0,0,0,Q024::16
Part3/outputs/answers_mistral_7b_prompt2.csv,answers_mistral_7b_prompt2,Q024,L,Books,17,library lending,library lending,0,0,0,Q024::17
Part3/outputs/answers_mistral_7b_prompt2.csv,answers_mistral_7b_prompt2,Q024,L,Books,18,libraries of laruelle,libraries of laruelle,0,0,0,Q024::18
Part3/outputs/answers_mistral_7b_prompt2.csv,answers_mistral_7b_prompt2,Q024,L,Books,19,lord of the flies,lord of the flies,1,0,1,Q024::19
Part3/outputs/answers_mistral_7b_prompt2.csv,answers_mistral_7b_prompt2,Q025,M,Languages,0,mongolian,mongolian,1,0,1,Q025::0
Part3/outputs/answers_mistral_7b_prompt2.csv,answers_mistral_7b_prompt2,Q025,M,Languages,1,mongolian,mongolian,1,0,1,Q025::1
Part3/outputs/answers_mistral_7b_prompt2.csv,answers_mistral_7b_prompt2,Q025,M,Languages,2,mayan,mayan,1,0,1,Q025::2
Part3/outputs/answers_mistral_7b_prompt2.csv,answers_mistral_7b_prompt2,Q025,M,Languages,3,mongolian,mongolian,1,0,1,Q025::3
Part3/outputs/answers_mistral_7b_prompt2.csv,answers_mistral_7b_prompt2,Q025,M,Languages,4,mandarin,mandarin,1,0,1,Q025::4
Part3/outputs/answers_mistral_7b_prompt2.csv,answers_mistral_7b_prompt2,Q025,M,Languages,5,moroccanarabic,moroccanarabic,0,0,0,Q025::5
Part3/outputs/answers_mistral_7b_prompt2.csv,answers_mistral_7b_prompt2,Q025,M,Languages,6,mongolian,mongolian,1,0,1,Q025::6
Part3/outputs/answers_mistral_7b_prompt2.csv,answers_mistral_7b_prompt2,Q025,M,Languages,7,"moroccan, maori","moroccan, maori",1,0,1,Q025::7
Part3/outputs/answers_mistral_7b_prompt2.csv,answers_mistral_7b_prompt2,Q025,M,Languages,8,macedonian,macedonian,1,0,1,Q025::8
Part3/outputs/answers_mistral_7b_prompt2.csv,answers_mistral_7b_prompt2,Q025,M,Languages,9,macedonian,macedonian,1,0,1,Q025::9
Part3/outputs/answers_mistral_7b_prompt2.csv,answers_mistral_7b_prompt2,Q025,M,Languages,10,"mayan

For additional context, a possible Scattergories answer in","mayan for additional context, a possible scattergories answer in",1,0,1,Q025::10
Part3/outputs/answers_mistral_7b_prompt2.csv,answers_mistral_7b_prompt2,Q025,M,Languages,11,mongolian,mongolian,1,0,1,Q025::11
Part3/outputs/answers_mistral_7b_prompt2.csv,answers_mistral_7b_prompt2,Q025,M,Languages,12,mongolian,mongolian,1,0,1,Q025::12
Part3/outputs/answers_mistral_7b_prompt2.csv,answers_mistral_7b_prompt2,Q025,M,Languages,13,mongolian,mongolian,1,0,1,Q025::13
Part3/outputs/answers_mistral_7b_prompt2.csv,answers_mistral_7b_prompt2,Q025,M,Languages,14,moroccanarabic,moroccanarabic,0,0,0,Q025::14
Part3/outputs/answers_mistral_7b_prompt2.csv,answers_mistral_7b_prompt2,Q025,M,Languages,15,maori,maori,1,0,1,Q025::15
Part3/outputs/answers_mistral_7b_prompt2.csv,answers_mistral_7b_prompt2,Q025,M,Languages,16,mongolian,mongolian,1,0,1,Q025::16
Part3/outputs/answers_mistral_7b_prompt2.csv,answers_mistral_7b_prompt2,Q025,M,Languages,17,mandarin,mandarin,1,0,1,Q025::17
Part3/outputs/answers_mistral_7b_prompt2.csv,answers_mistral_7b_prompt2,Q025,M,Languages,18,macedonian,macedonian,1,0,1,Q025::18
Part3/outputs/answers_mistral_7b_prompt2.csv,answers_mistral_7b_prompt2,Q025,M,Languages,19,mammoth language,mammoth language,0,0,0,Q025::19
Part3/outputs/answers_mistral_7b_prompt2.csv,answers_mistral_7b_prompt2,Q026,M,Clothing items,0,mink boots,mink boots,1,0,1,Q026::0
Part3/outputs/answers_mistral_7b_prompt2.csv,answers_mistral_7b_prompt2,Q026,M,Clothing items,1,denim jacket,denim jacket,0,0,0,Q026::1
Part3/outputs/answers_mistral_7b_prompt2.csv,answers_mistral_7b_prompt2,Q026,M,Clothing items,2,mackintosh raincoat,mackintosh raincoat,1,0,1,Q026::2
Part3/outputs/answers_mistral_7b_prompt2.csv,answers_mistral_7b_prompt2,Q026,M,Clothing items,3,mockingbird shirt,mockingbird shirt,0,0,0,Q026::3
Part3/outputs/answers_mistral_7b_prompt2.csv,answers_mistral_7b_prompt2,Q026,M,Clothing items,4,mint green cardigan,mint green cardigan,0,0,0,Q026::4
Part3/outputs/answers_mistral_7b_prompt2.csv,answers_mistral_7b_prompt2,Q026,M,Clothing items,5,mockingbird jacket,mockingbird jacket,0,0,0,Q026::5
Part3/outputs/answers_mistral_7b_prompt2.csv,answers_mistral_7b_prompt2,Q026,M,Clothing items,6,madras shirt,madras shirt,1,0,1,Q026::6
Part3/outputs/answers_mistral_7b_prompt2.csv,answers_mistral_7b_prompt2,Q026,M,Clothing items,7,mockturtleneck,mockturtleneck,1,0,1,Q026::7
Part3/outputs/answers_mistral_7b_prompt2.csv,answers_mistral_7b_prompt2,Q026,M,Clothing items,8,mink coat,mink coat,1,0,1,Q026::8
Part3/outputs/answers_mistral_7b_prompt2.csv,answers_mistral_7b_prompt2,Q026,M,Clothing items,9,denim jacket,denim jacket,0,0,0,Q026::9
Part3/outputs/answers_mistral_7b_prompt2.csv,answers_mistral_7b_prompt2,Q026,M,Clothing items,10,mockingjay pin,mockingjay pin,0,0,0,Q026::10
Part3/outputs/answers_mistral_7b_prompt2.csv,answers_mistral_7b_prompt2,Q026,M,Clothing items,11,mockingbird shirt,mockingbird shirt,0,0,0,Q026::11
Part3/outputs/answers_mistral_7b_prompt2.csv,answers_mistral_7b_prompt2,Q026,M,Clothing items,12,mohair scarf,mohair scarf,1,0,1,Q026::12
Part3/outputs/answers_mistral_7b_prompt2.csv,answers_mistral_7b_prompt2,Q026,M,Clothing items,13,mink coat,mink coat,1,0,1,Q026::13
Part3/outputs/answers_mistral_7b_prompt2.csv,answers_mistral_7b_prompt2,Q026,M,Clothing items,14,denim jacket,denim jacket,0,0,0,Q026::14
Part3/outputs/answers_mistral_7b_prompt2.csv,answers_mistral_7b_prompt2,Q026,M,Clothing items,15,moccasins,moccasins,1,0,1,Q026::15
Part3/outputs/answers_mistral_7b_prompt2.csv,answers_mistral_7b_prompt2,Q026,M,Clothing items,16,mauve scarf,mauve scarf,0,0,0,Q026::16
Part3/outputs/answers_mistral_7b_prompt2.csv,answers_mistral_7b_prompt2,Q026,M,Clothing items,17,mint green maxi dress,mint green maxi dress,0,0,0,Q026::17
Part3/outputs/answers_mistral_7b_prompt2.csv,answers_mistral_7b_prompt2,Q026,M,Clothing items,18,moccasins,moccasins,1,0,1,Q026::18
Part3/outputs/answers_mistral_7b_prompt2.csv,answers_mistral_7b_prompt2,Q026,M,Clothing items,19,mackinaw coat,mackinaw coat,1,0,1,Q026::19
Part3/outputs/answers_mistral_7b_prompt2.csv,answers_mistral_7b_prompt2,Q027,N,Birds,0,nightingale,nightingale,1,0,1,Q027::0
Part3/outputs/answers_mistral_7b_prompt2.csv,answers_mistral_7b_prompt2,Q027,N,Birds,1,nightingale,nightingale,1,1,0,Q027::1
Part3/outputs/answers_mistral_7b_prompt2.csv,answers_mistral_7b_prompt2,Q027,N,Birds,2,nightingale,nightingale,1,0,1,Q027::2
Part3/outputs/answers_mistral_7b_prompt2.csv,answers_mistral_7b_prompt2,Q027,N,Birds,3,nightingale,nightingale,1,0,1,Q027::3
Part3/outputs/answers_mistral_7b_prompt2.csv,answers_mistral_7b_prompt2,Q027,N,Birds,4,nightingale,nightingale,1,0,1,Q027::4
Part3/outputs/answers_mistral_7b_prompt2.csv,answers_mistral_7b_prompt2,Q027,N,Birds,5,nightingale,nightingale,1,0,1,Q027::5
Part3/outputs/answers_mistral_7b_prompt2.csv,answers_mistral_7b_prompt2,Q027,N,Birds,6,nightingale,nightingale,1,0,1,Q027::6
Part3/outputs/answers_mistral_7b_prompt2.csv,answers_mistral_7b_prompt2,Q027,N,Birds,7,nightingale,nightingale,1,0,1,Q027::7
Part3/outputs/answers_mistral_7b_prompt2.csv,answers_mistral_7b_prompt2,Q027,N,Birds,8,nightingale,nightingale,1,0,1,Q027::8
Part3/outputs/answers_mistral_7b_prompt2.csv,answers_mistral_7b_prompt2,Q027,N,Birds,9,nightingale,nightingale,1,0,1,Q027::9
Part3/outputs/answers_mistral_7b_prompt2.csv,answers_mistral_7b_prompt2,Q027,N,Birds,10,nightingale,nightingale,1,0,1,Q027::10
Part3/outputs/answers_mistral_7b_prompt2.csv,answers_mistral_7b_prompt2,Q027,N,Birds,11,nightingale,nightingale,1,0,1,Q027::11
Part3/outputs/answers_mistral_7b_prompt2.csv,answers_mistral_7b_prompt2,Q027,N,Birds,12,nightingale,nightingale,1,0,1,Q027::12
Part3/outputs/answers_mistral_7b_prompt2.csv,answers_mistral_7b_prompt2,Q027,N,Birds,13,nightingale,nightingale,1,0,1,Q027::13
Part3/outputs/answers_mistral_7b_prompt2.csv,answers_mistral_7b_prompt2,Q027,N,Birds,14,nightingale,nightingale,1,0,1,Q027::14
Part3/outputs/answers_mistral_7b_prompt2.csv,answers_mistral_7b_prompt2,Q027,N,Birds,15,nightingale,nightingale,1,1,0,Q027::15
Part3/outputs/answers_mistral_7b_prompt2.csv,answers_mistral_7b_prompt2,Q027,N,Birds,16,nightingale,nightingale,1,0,1,Q027::16
Part3/outputs/answers_mistral_7b_prompt2.csv,answers_mistral_7b_prompt2,Q027,N,Birds,17,nightingale,nightingale,1,0,1,Q027::17
Part3/outputs/answers_mistral_7b_prompt2.csv,answers_mistral_7b_prompt2,Q027,N,Birds,18,nightingale,nightingale,1,0,1,Q027::18
Part3/outputs/answers_mistral_7b_prompt2.csv,answers_mistral_7b_prompt2,Q027,N,Birds,19,nightingale,nightingale,1,0,1,Q027::19
Part3/outputs/answers_mistral_7b_prompt2.csv,answers_mistral_7b_prompt2,Q028,N,Things in a hospital,0,nurse's station,nurse's station,1,0,1,Q028::0
Part3/outputs/answers_mistral_7b_prompt2.csv,answers_mistral_7b_prompt2,Q028,N,Things in a hospital,1,nurse's station,nurse's station,1,0,1,Q028::1
Part3/outputs/answers_mistral_7b_prompt2.csv,answers_mistral_7b_prompt2,Q028,N,Things in a hospital,2,nebulizer,nebulizer,1,0,1,Q028::2
Part3/outputs/answers_mistral_7b_prompt2.csv,answers_mistral_7b_prompt2,Q028,N,Things in a hospital,3,nebulizer,nebulizer,1,0,1,Q028::3
Part3/outputs/answers_mistral_7b_prompt2.csv,answers_mistral_7b_prompt2,Q028,N,Things in a hospital,4,"nurses' station

In this scenario, the choice ""nurses'","nurses' station in this scenario, the choice ""nurses",0,0,0,Q028::4
Part3/outputs/answers_mistral_7b_prompt2.csv,answers_mistral_7b_prompt2,Q028,N,Things in a hospital,5,nurse's station,nurse's station,1,0,1,Q028::5
Part3/outputs/answers_mistral_7b_prompt2.csv,answers_mistral_7b_prompt2,Q028,N,Things in a hospital,6,nursemobile,nursemobile,0,0,0,Q028::6
Part3/outputs/answers_mistral_7b_prompt2.csv,answers_mistral_7b_prompt2,Q028,N,Things in a hospital,7,nebulizer,nebulizer,1,0,1,Q028::7
Part3/outputs/answers_mistral_7b_prompt2.csv,answers_mistral_7b_prompt2,Q028,N,Things in a hospital,8,nebulizer,nebulizer,1,0,1,Q028::8
Part3/outputs/answers_mistral_7b_prompt2.csv,answers_mistral_7b_prompt2,Q028,N,Things in a hospital,9,nurse's station,nurse's station,1,0,1,Q028::9
Part3/outputs/answers_mistral_7b_prompt2.csv,answers_mistral_7b_prompt2,Q028,N,Things in a hospital,10,nebulizer,nebulizer,1,0,1,Q028::10
Part3/outputs/answers_mistral_7b_prompt2.csv,answers_mistral_7b_prompt2,Q028,N,Things in a hospital,11,nebulizer,nebulizer,1,0,1,Q028::11
Part3/outputs/answers_mistral_7b_prompt2.csv,answers_mistral_7b_prompt2,Q028,N,Things in a hospital,12,nebulizer,nebulizer,1,0,1,Q028::12
Part3/outputs/answers_mistral_7b_prompt2.csv,answers_mistral_7b_prompt2,Q028,N,Things in a hospital,13,"nurse's station

Note: The answer avoids the most obvious defaults",nurse's station note: the answer avoids the most obvious defaults,1,0,1,Q028::13
Part3/outputs/answers_mistral_7b_prompt2.csv,answers_mistral_7b_prompt2,Q028,N,Things in a hospital,14,nitrousoxidecanister,nitrousoxidecanister,0,0,0,Q028::14
Part3/outputs/answers_mistral_7b_prompt2.csv,answers_mistral_7b_prompt2,Q028,N,Things in a hospital,15,nitrousoxideanesthesiamachine,nitrousoxideanesthesiamachine,0,0,0,Q028::15
Part3/outputs/answers_mistral_7b_prompt2.csv,answers_mistral_7b_prompt2,Q028,N,Things in a hospital,16,nitrousoxide,nitrousoxide,0,0,0,Q028::16
Part3/outputs/answers_mistral_7b_prompt2.csv,answers_mistral_7b_prompt2,Q028,N,Things in a hospital,17,nitrogen tank,nitrogen tank,0,0,0,Q028::17
Part3/outputs/answers_mistral_7b_prompt2.csv,answers_mistral_7b_prompt2,Q028,N,Things in a hospital,18,nebulizer,nebulizer,1,0,1,Q028::18
Part3/outputs/answers_mistral_7b_prompt2.csv,answers_mistral_7b_prompt2,Q028,N,Things in a hospital,19,nurse's station,nurse's station,1,0,1,Q028::19
Part3/outputs/answers_mistral_7b_prompt2.csv,answers_mistral_7b_prompt2,Q029,O,Companies,0,oraclecorp,oraclecorp,0,0,0,Q029::0
Part3/outputs/answers_mistral_7b_prompt2.csv,answers_mistral_7b_prompt2,Q029,O,Companies,1,oraclecorp,oraclecorp,0,0,0,Q029::1
Part3/outputs/answers_mistral_7b_prompt2.csv,answers_mistral_7b_prompt2,Q029,O,Companies,2,oraclecorp,oraclecorp,0,0,0,Q029::2
Part3/outputs/answers_mistral_7b_prompt2.csv,answers_mistral_7b_prompt2,Q029,O,Companies,3,oraclecorp,oraclecorp,0,0,0,Q029::3
Part3/outputs/answers_mistral_7b_prompt2.csv,answers_mistral_7b_prompt2,Q029,O,Companies,4,oraclecorp,oraclecorp,0,0,0,Q029::4
Part3/outputs/answers_mistral_7b_prompt2.csv,answers_mistral_7b_prompt2,Q029,O,Companies,5,orange-brands,orange-brands,0,0,0,Q029::5
Part3/outputs/answers_mistral_7b_prompt2.csv,answers_mistral_7b_prompt2,Q029,O,Companies,6,oraclecorp,oraclecorp,0,0,0,Q029::6
Part3/outputs/answers_mistral_7b_prompt2.csv,answers_mistral_7b_prompt2,Q029,O,Companies,7,oraclecorp,oraclecorp,0,0,0,Q029::7
Part3/outputs/answers_mistral_7b_prompt2.csv,answers_mistral_7b_prompt2,Q029,O,Companies,8,oraclecorp,oraclecorp,0,0,0,Q029::8
Part3/outputs/answers_mistral_7b_prompt2.csv,answers_mistral_7b_prompt2,Q029,O,Companies,9,oraclecorp,oraclecorp,0,0,0,Q029::9
Part3/outputs/answers_mistral_7b_prompt2.csv,answers_mistral_7b_prompt2,Q029,O,Companies,10,oraclecorp,oraclecorp,0,0,0,Q029::10
Part3/outputs/answers_mistral_7b_prompt2.csv,answers_mistral_7b_prompt2,Q029,O,Companies,11,oraclecorp,oraclecorp,0,0,0,Q029::11
Part3/outputs/answers_mistral_7b_prompt2.csv,answers_mistral_7b_prompt2,Q029,O,Companies,12,oraclecorp,oraclecorp,0,0,0,Q029::12
Part3/outputs/answers_mistral_7b_prompt2.csv,answers_mistral_7b_prompt2,Q029,O,Companies,13,oraclecorp,oraclecorp,0,0,0,Q029::13
Part3/outputs/answers_mistral_7b_prompt2.csv,answers_mistral_7b_prompt2,Q029,O,Companies,14,oraclecorp,oraclecorp,0,0,0,Q029::14
Part3/outputs/answers_mistral_7b_prompt2.csv,answers_mistral_7b_prompt2,Q029,O,Companies,15,oraclecorp,oraclecorp,0,0,0,Q029::15
Part3/outputs/answers_mistral_7b_prompt2.csv,answers_mistral_7b_prompt2,Q029,O,Companies,16,oraclecorp,oraclecorp,0,0,0,Q029::16
Part3/outputs/answers_mistral_7b_prompt2.csv,answers_mistral_7b_prompt2,Q029,O,Companies,17,oraclecorp,oraclecorp,0,0,0,Q029::17
Part3/outputs/answers_mistral_7b_prompt2.csv,answers_mistral_7b_prompt2,Q029,O,Companies,18,oraclecorp,oraclecorp,0,0,0,Q029::18
Part3/outputs/answers_mistral_7b_prompt2.csv,answers_mistral_7b_prompt2,Q029,O,Companies,19,oraclecorp,oraclecorp,0,0,0,Q029::19
Part3/outputs/answers_mistral_7b_prompt2.csv,answers_mistral_7b_prompt2,Q030,O,Things in the sky,0,orbiting satellite,orbiting satellite,0,0,0,Q030::0
Part3/outputs/answers_mistral_7b_prompt2.csv,answers_mistral_7b_prompt2,Q030,O,Things in the sky,1,optica satellite,optica satellite,0,0,0,Q030::1
Part3/outputs/answers_mistral_7b_prompt2.csv,answers_mistral_7b_prompt2,Q030,O,Things in the sky,2,orion constellation,orion constellation,1,0,1,Q030::2
Part3/outputs/answers_mistral_7b_prompt2.csv,answers_mistral_7b_prompt2,Q030,O,Things in the sky,3,orbiting satellite,orbiting satellite,0,0,0,Q030::3
Part3/outputs/answers_mistral_7b_prompt2.csv,answers_mistral_7b_prompt2,Q030,O,Things in the sky,4,orion nebula,orion nebula,1,0,1,Q030::4
Part3/outputs/answers_mistral_7b_prompt2.csv,answers_mistral_7b_prompt2,Q030,O,Things in the sky,5,orbiting satellite,orbiting satellite,0,0,0,Q030::5
Part3/outputs/answers_mistral_7b_prompt2.csv,answers_mistral_7b_prompt2,Q030,O,Things in the sky,6,orion constellation,orion constellation,1,0,1,Q030::6
Part3/outputs/answers_mistral_7b_prompt2.csv,answers_mistral_7b_prompt2,Q030,O,Things in the sky,7,orbital debris,orbital debris,1,0,1,Q030::7
Part3/outputs/answers_mistral_7b_prompt2.csv,answers_mistral_7b_prompt2,Q030,O,Things in the sky,8,orbiting satellite,orbiting satellite,0,0,0,Q030::8
Part3/outputs/answers_mistral_7b_prompt2.csv,answers_mistral_7b_prompt2,Q030,O,Things in the sky,9,orbiting satellite,orbiting satellite,0,0,0,Q030::9
Part3/outputs/answers_mistral_7b_prompt2.csv,answers_mistral_7b_prompt2,Q030,O,Things in the sky,10,orbiting satellite,orbiting satellite,0,0,0,Q030::10
Part3/outputs/answers_mistral_7b_prompt2.csv,answers_mistral_7b_prompt2,Q030,O,Things in the sky,11,"asteroid, nebula, orbit, comet","asteroid, nebula, orbit, comet",1,0,1,Q030::11
Part3/outputs/answers_mistral_7b_prompt2.csv,answers_mistral_7b_prompt2,Q030,O,Things in the sky,12,orion constellation,orion constellation,1,0,1,Q030::12
Part3/outputs/answers_mistral_7b_prompt2.csv,answers_mistral_7b_prompt2,Q030,O,Things in the sky,13,orbital debris,orbital debris,1,0,1,Q030::13
Part3/outputs/answers_mistral_7b_prompt2.csv,answers_mistral_7b_prompt2,Q030,O,Things in the sky,14,orion constellation,orion constellation,1,0,1,Q030::14
Part3/outputs/answers_mistral_7b_prompt2.csv,answers_mistral_7b_prompt2,Q030,O,Things in the sky,15,orbiting satellite,orbiting satellite,0,0,0,Q030::15
Part3/outputs/answers_mistral_7b_prompt2.csv,answers_mistral_7b_prompt2,Q030,O,Things in the sky,16,orion constellation,orion constellation,1,0,1,Q030::16
Part3/outputs/answers_mistral_7b_prompt2.csv,answers_mistral_7b_prompt2,Q030,O,Things in the sky,17,orbital debris,orbital debris,1,0,1,Q030::17
Part3/outputs/answers_mistral_7b_prompt2.csv,answers_mistral_7b_prompt2,Q030,O,Things in the sky,18,orion constellation,orion constellation,1,0,1,Q030::18
Part3/outputs/answers_mistral_7b_prompt2.csv,answers_mistral_7b_prompt2,Q030,O,Things in the sky,19,orion constellation,orion constellation,1,0,1,Q030::19
Part3/outputs/answers_mistral_7b_prompt2.csv,answers_mistral_7b_prompt2,Q031,P,Vegetables,0,purple peppercorn,purple peppercorn,0,0,0,Q031::0
Part3/outputs/answers_mistral_7b_prompt2.csv,answers_mistral_7b_prompt2,Q031,P,Vegetables,1,purple peppercorn,purple peppercorn,0,0,0,Q031::1
Part3/outputs/answers_mistral_7b_prompt2.csv,answers_mistral_7b_prompt2,Q031,P,Vegetables,2,peasprout,peasprout,1,0,1,Q031::2
Part3/outputs/answers_mistral_7b_prompt2.csv,answers_mistral_7b_prompt2,Q031,P,Vegetables,3,purple potatoes,purple potatoes,1,0,1,Q031::3
Part3/outputs/answers_mistral_7b_prompt2.csv,answers_mistral_7b_prompt2,Q031,P,Vegetables,4,purple pepper,purple pepper,0,0,0,Q031::4
Part3/outputs/answers_mistral_7b_prompt2.csv,answers_mistral_7b_prompt2,Q031,P,Vegetables,5,pepparkorn (swedish peppernut),pepparkorn (swedish peppernut,0,0,0,Q031::5
Part3/outputs/answers_mistral_7b_prompt2.csv,answers_mistral_7b_prompt2,Q031,P,Vegetables,6,purple potatoes,purple potatoes,1,0,1,Q031::6
Part3/outputs/answers_mistral_7b_prompt2.csv,answers_mistral_7b_prompt2,Q031,P,Vegetables,7,purple pepper,purple pepper,0,0,0,Q031::7
Part3/outputs/answers_mistral_7b_prompt2.csv,answers_mistral_7b_prompt2,Q031,P,Vegetables,8,pumpkinseed,pumpkinseed,0,0,0,Q031::8
Part3/outputs/answers_mistral_7b_prompt2.csv,answers_mistral_7b_prompt2,Q031,P,Vegetables,9,peasprout,peasprout,1,0,1,Q031::9
Part3/outputs/answers_mistral_7b_prompt2.csv,answers_mistral_7b_prompt2,Q031,P,Vegetables,10,purple potato,purple potato,1,0,1,Q031::10
Part3/outputs/answers_mistral_7b_prompt2.csv,answers_mistral_7b_prompt2,Q031,P,Vegetables,11,pepparkorn,pepparkorn,0,0,0,Q031::11
Part3/outputs/answers_mistral_7b_prompt2.csv,answers_mistral_7b_prompt2,Q031,P,Vegetables,12,purple peppers,purple peppers,1,0,1,Q031::12
Part3/outputs/answers_mistral_7b_prompt2.csv,answers_mistral_7b_prompt2,Q031,P,Vegetables,13,purple pepper,purple pepper,0,0,0,Q031::13
Part3/outputs/answers_mistral_7b_prompt2.csv,answers_mistral_7b_prompt2,Q031,P,Vegetables,14,purple peppercorns,purple peppercorns,0,0,0,Q031::14
Part3/outputs/answers_mistral_7b_prompt2.csv,answers_mistral_7b_prompt2,Q031,P,Vegetables,15,peapod,peapod,1,0,1,Q031::15
Part3/outputs/answers_mistral_7b_prompt2.csv,answers_mistral_7b_prompt2,Q031,P,Vegetables,16,peapod,peapod,1,0,1,Q031::16
Part3/outputs/answers_mistral_7b_prompt2.csv,answers_mistral_7b_prompt2,Q031,P,Vegetables,17,purple potato,purple potato,1,0,1,Q031::17
Part3/outputs/answers_mistral_7b_prompt2.csv,answers_mistral_7b_prompt2,Q031,P,Vegetables,18,purple pepper,purple pepper,0,0,0,Q031::18
Part3/outputs/answers_mistral_7b_prompt2.csv,answers_mistral_7b_prompt2,Q031,P,Vegetables,19,pepparkorn (Swedish pepper kernels),pepparkorn (swedish pepper kernels,0,0,0,Q031::19
Part3/outputs/answers_mistral_7b_prompt2.csv,answers_mistral_7b_prompt2,Q032,P,Historical figures,0,paulrevere,paulrevere,0,0,0,Q032::0
Part3/outputs/answers_mistral_7b_prompt2.csv,answers_mistral_7b_prompt2,Q032,P,Historical figures,1,pyrrhus,pyrrhus,1,0,1,Q032::1
Part3/outputs/answers_mistral_7b_prompt2.csv,answers_mistral_7b_prompt2,Q032,P,Historical figures,2,pyrrhus,pyrrhus,1,0,1,Q032::2
Part3/outputs/answers_mistral_7b_prompt2.csv,answers_mistral_7b_prompt2,Q032,P,Historical figures,3,pyrrhus,pyrrhus,1,0,1,Q032::3
Part3/outputs/answers_mistral_7b_prompt2.csv,answers_mistral_7b_prompt2,Q032,P,Historical figures,4,pyrrhus,pyrrhus,1,0,1,Q032::4
Part3/outputs/answers_mistral_7b_prompt2.csv,answers_mistral_7b_prompt2,Q032,P,Historical figures,5,pyrrhus,pyrrhus,1,0,1,Q032::5
Part3/outputs/answers_mistral_7b_prompt2.csv,answers_mistral_7b_prompt2,Q032,P,Historical figures,6,pyrrhus,pyrrhus,1,0,1,Q032::6
Part3/outputs/answers_mistral_7b_prompt2.csv,answers_mistral_7b_prompt2,Q032,P,Historical figures,7,pyrrhus,pyrrhus,1,0,1,Q032::7
Part3/outputs/answers_mistral_7b_prompt2.csv,answers_mistral_7b_prompt2,Q032,P,Historical figures,8,pyrrhus,pyrrhus,1,0,1,Q032::8
Part3/outputs/answers_mistral_7b_prompt2.csv,answers_mistral_7b_prompt2,Q032,P,Historical figures,9,ponce de leon,ponce de leon,1,0,1,Q032::9
Part3/outputs/answers_mistral_7b_prompt2.csv,answers_mistral_7b_prompt2,Q032,P,Historical figures,10,pyrrhus,pyrrhus,1,0,1,Q032::10
Part3/outputs/answers_mistral_7b_prompt2.csv,answers_mistral_7b_prompt2,Q032,P,Historical figures,11,peter the great,peter the great,1,1,0,Q032::11
Part3/outputs/answers_mistral_7b_prompt2.csv,answers_mistral_7b_prompt2,Q032,P,Historical figures,12,pyrrhus,pyrrhus,1,0,1,Q032::12
Part3/outputs/answers_mistral_7b_prompt2.csv,answers_mistral_7b_prompt2,Q032,P,Historical figures,13,pyrrhus,pyrrhus,1,0,1,Q032::13
Part3/outputs/answers_mistral_7b_prompt2.csv,answers_mistral_7b_prompt2,Q032,P,Historical figures,14,pyrrhus,pyrrhus,1,0,1,Q032::14
Part3/outputs/answers_mistral_7b_prompt2.csv,answers_mistral_7b_prompt2,Q032,P,Historical figures,15,ponce de leon,ponce de leon,1,0,1,Q032::15
Part3/outputs/answers_mistral_7b_prompt2.csv,answers_mistral_7b_prompt2,Q032,P,Historical figures,16,pyrrhus,pyrrhus,1,0,1,Q032::16
Part3/outputs/answers_mistral_7b_prompt2.csv,answers_mistral_7b_prompt2,Q032,P,Historical figures,17,pyrrhus,pyrrhus,1,0,1,Q032::17
Part3/outputs/answers_mistral_7b_prompt2.csv,answers_mistral_7b_prompt2,Q032,P,Historical figures,18,ponce de leon,ponce de leon,1,0,1,Q032::18
Part3/outputs/answers_mistral_7b_prompt2.csv,answers_mistral_7b_prompt2,Q032,P,Historical figures,19,paul revere,paul revere,1,0,1,Q032::19
Part3/outputs/answers_mistral_7b_prompt2.csv,answers_mistral_7b_prompt2,Q033,Q,Words in English,0,quetzalcoatl,quetzalcoatl,0,0,0,Q033::0
Part3/outputs/answers_mistral_7b_prompt2.csv,answers_mistral_7b_prompt2,Q033,Q,Words in English,1,quokka,quokka,1,0,1,Q033::1
Part3/outputs/answers_mistral_7b_prompt2.csv,answers_mistral_7b_prompt2,Q033,Q,Words in English,2,quantum computing,quantum computing,0,0,0,Q033::2
Part3/outputs/answers_mistral_7b_prompt2.csv,answers_mistral_7b_prompt2,Q033,Q,Words in English,3,quasar,quasar,1,0,1,Q033::3
Part3/outputs/answers_mistral_7b_prompt2.csv,answers_mistral_7b_prompt2,Q033,Q,Words in English,4,quinoa,quinoa,1,0,1,Q033::4
Part3/outputs/answers_mistral_7b_prompt2.csv,answers_mistral_7b_prompt2,Q033,Q,Words in English,5,quokka,quokka,1,0,1,Q033::5
Part3/outputs/answers_mistral_7b_prompt2.csv,answers_mistral_7b_prompt2,Q033,Q,Words in English,6,quasar,quasar,1,0,1,Q033::6
Part3/outputs/answers_mistral_7b_prompt2.csv,answers_mistral_7b_prompt2,Q033,Q,Words in English,7,quicksand,quicksand,1,0,1,Q033::7
Part3/outputs/answers_mistral_7b_prompt2.csv,answers_mistral_7b_prompt2,Q033,Q,Words in English,8,quokka,quokka,1,0,1,Q033::8
Part3/outputs/answers_mistral_7b_prompt2.csv,answers_mistral_7b_prompt2,Q033,Q,Words in English,9,quinoa,quinoa,1,0,1,Q033::9
Part3/outputs/answers_mistral_7b_prompt2.csv,answers_mistral_7b_prompt2,Q033,Q,Words in English,10,quahog,quahog,1,0,1,Q033::10
Part3/outputs/answers_mistral_7b_prompt2.csv,answers_mistral_7b_prompt2,Q033,Q,Words in English,11,quirkyqueen,quirkyqueen,0,0,0,Q033::11
Part3/outputs/answers_mistral_7b_prompt2.csv,answers_mistral_7b_prompt2,Q033,Q,Words in English,12,quilted kangaroo,quilted kangaroo,0,0,0,Q033::12
Part3/outputs/answers_mistral_7b_prompt2.csv,answers_mistral_7b_prompt2,Q033,Q,Words in English,13,quinoa,quinoa,1,0,1,Q033::13
Part3/outputs/answers_mistral_7b_prompt2.csv,answers_mistral_7b_prompt2,Q033,Q,Words in English,14,quokka,quokka,1,0,1,Q033::14
Part3/outputs/answers_mistral_7b_prompt2.csv,answers_mistral_7b_prompt2,Q033,Q,Words in English,15,quetzalcoatl,quetzalcoatl,0,0,0,Q033::15
Part3/outputs/answers_mistral_7b_prompt2.csv,answers_mistral_7b_prompt2,Q033,Q,Words in English,16,quinoa,quinoa,1,0,1,Q033::16
Part3/outputs/answers_mistral_7b_prompt2.csv,answers_mistral_7b_prompt2,Q033,Q,Words in English,17,quokka,quokka,1,0,1,Q033::17
Part3/outputs/answers_mistral_7b_prompt2.csv,answers_mistral_7b_prompt2,Q033,Q,Words in English,18,quiche flambé,quiche flamb,0,0,0,Q033::18
Part3/outputs/answers_mistral_7b_prompt2.csv,answers_mistral_7b_prompt2,Q033,Q,Words in English,19,quail-boots,quail-boots,0,0,0,Q033::19
Part3/outputs/answers_mistral_7b_prompt2.csv,answers_mistral_7b_prompt2,Q034,Q,Fictional characters,0,quasimodo,quasimodo,1,0,1,Q034::0
Part3/outputs/answers_mistral_7b_prompt2.csv,answers_mistral_7b_prompt2,Q034,Q,Fictional characters,1,quasimodo,quasimodo,1,1,0,Q034::1
Part3/outputs/answers_mistral_7b_prompt2.csv,answers_mistral_7b_prompt2,Q034,Q,Fictional characters,2,"quixote don

(The character Don Quixote from Miguel de",quixote don (the character don quixote from miguel de,0,0,0,Q034::2
Part3/outputs/answers_mistral_7b_prompt2.csv,answers_mistral_7b_prompt2,Q034,Q,Fictional characters,3,quagmire from family guy,quagmire from family guy,1,0,1,Q034::3
Part3/outputs/answers_mistral_7b_prompt2.csv,answers_mistral_7b_prompt2,Q034,Q,Fictional characters,4,quetzalcoatl,quetzalcoatl,0,0,0,Q034::4
Part3/outputs/answers_mistral_7b_prompt2.csv,answers_mistral_7b_prompt2,Q034,Q,Fictional characters,5,quetzalcoatl,quetzalcoatl,0,0,0,Q034::5
Part3/outputs/answers_mistral_7b_prompt2.csv,answers_mistral_7b_prompt2,Q034,Q,Fictional characters,6,quorra,quorra,0,0,0,Q034::6
Part3/outputs/answers_mistral_7b_prompt2.csv,answers_mistral_7b_prompt2,Q034,Q,Fictional characters,7,quagmire from family guy,quagmire from family guy,1,0,1,Q034::7
Part3/outputs/answers_mistral_7b_prompt2.csv,answers_mistral_7b_prompt2,Q034,Q,Fictional characters,8,"quasimodo

In this case, I have tried to provide a","quasimodo in this case, i have tried to provide a",1,0,1,Q034::8
Part3/outputs/answers_mistral_7b_prompt2.csv,answers_mistral_7b_prompt2,Q034,Q,Fictional characters,9,quetzalcoatl,quetzalcoatl,0,0,0,Q034::9
Part3/outputs/answers_mistral_7b_prompt2.csv,answers_mistral_7b_prompt2,Q034,Q,Fictional characters,10,quasimodo,quasimodo,1,0,1,Q034::10
Part3/outputs/answers_mistral_7b_prompt2.csv,answers_mistral_7b_prompt2,Q034,Q,Fictional characters,11,quorra-tron,quorra-tron,0,0,0,Q034::11
Part3/outputs/answers_mistral_7b_prompt2.csv,answers_mistral_7b_prompt2,Q034,Q,Fictional characters,12,quasimodo,quasimodo,1,0,1,Q034::12
Part3/outputs/answers_mistral_7b_prompt2.csv,answers_mistral_7b_prompt2,Q034,Q,Fictional characters,13,quorra,quorra,0,0,0,Q034::13
Part3/outputs/answers_mistral_7b_prompt2.csv,answers_mistral_7b_prompt2,Q034,Q,Fictional characters,14,quasimodo,quasimodo,1,0,1,Q034::14
Part3/outputs/answers_mistral_7b_prompt2.csv,answers_mistral_7b_prompt2,Q034,Q,Fictional characters,15,quicksilver (Mercury from Marvel Comics),quicksilver (mercury from marvel comics,0,0,0,Q034::15
Part3/outputs/answers_mistral_7b_prompt2.csv,answers_mistral_7b_prompt2,Q034,Q,Fictional characters,16,quasimodo,quasimodo,1,0,1,Q034::16
Part3/outputs/answers_mistral_7b_prompt2.csv,answers_mistral_7b_prompt2,Q034,Q,Fictional characters,17,quicksilver (from Harry Potter),quicksilver (from harry potter,0,0,0,Q034::17
Part3/outputs/answers_mistral_7b_prompt2.csv,answers_mistral_7b_prompt2,Q034,Q,Fictional characters,18,quicksilver (mercury from Marvel Comics),quicksilver (mercury from marvel comics,0,0,0,Q034::18
Part3/outputs/answers_mistral_7b_prompt2.csv,answers_mistral_7b_prompt2,Q034,Q,Fictional characters,19,quintesson,quintesson,1,0,1,Q034::19
Part3/outputs/answers_mistral_7b_prompt2.csv,answers_mistral_7b_prompt2,Q035,R,Songs,0,rolling in the deep,rolling in the deep,0,0,0,Q035::0
Part3/outputs/answers_mistral_7b_prompt2.csv,answers_mistral_7b_prompt2,Q035,R,Songs,1,rolling stones paint it black,rolling stones paint it black,0,0,0,Q035::1
Part3/outputs/answers_mistral_7b_prompt2.csv,answers_mistral_7b_prompt2,Q035,R,Songs,2,rolling in the deep,rolling in the deep,0,0,0,Q035::2
Part3/outputs/answers_mistral_7b_prompt2.csv,answers_mistral_7b_prompt2,Q035,R,Songs,3,rolling in the deep,rolling in the deep,0,0,0,Q035::3
Part3/outputs/answers_mistral_7b_prompt2.csv,answers_mistral_7b_prompt2,Q035,R,Songs,4,rolling stones paint it black,rolling stones paint it black,0,0,0,Q035::4
Part3/outputs/answers_mistral_7b_prompt2.csv,answers_mistral_7b_prompt2,Q035,R,Songs,5,rolling stones painkiller,rolling stones painkiller,0,0,0,Q035::5
Part3/outputs/answers_mistral_7b_prompt2.csv,answers_mistral_7b_prompt2,Q035,R,Songs,6,rocket man,rocket man,1,0,1,Q035::6
Part3/outputs/answers_mistral_7b_prompt2.csv,answers_mistral_7b_prompt2,Q035,R,Songs,7,rolling stones - angie,rolling stones - angie,0,0,0,Q035::7
Part3/outputs/answers_mistral_7b_prompt2.csv,answers_mistral_7b_prompt2,Q035,R,Songs,8,rolling stones - pain in my heart,rolling stones - pain in my heart,0,0,0,Q035::8
Part3/outputs/answers_mistral_7b_prompt2.csv,answers_mistral_7b_prompt2,Q035,R,Songs,9,rolling in the deep,rolling in the deep,0,0,0,Q035::9
Part3/outputs/answers_mistral_7b_prompt2.csv,answers_mistral_7b_prompt2,Q035,R,Songs,10,rolling in the deep,rolling in the deep,0,0,0,Q035::10
Part3/outputs/answers_mistral_7b_prompt2.csv,answers_mistral_7b_prompt2,Q035,R,Songs,11,rolling in the deep,rolling in the deep,0,0,0,Q035::11
Part3/outputs/answers_mistral_7b_prompt2.csv,answers_mistral_7b_prompt2,Q035,R,Songs,12,rolling stones (song),rolling stones (song,0,0,0,Q035::12
Part3/outputs/answers_mistral_7b_prompt2.csv,answers_mistral_7b_prompt2,Q035,R,Songs,13,rolling stones paint it black,rolling stones paint it black,0,0,0,Q035::13
Part3/outputs/answers_mistral_7b_prompt2.csv,answers_mistral_7b_prompt2,Q035,R,Songs,14,rolling in the deep,rolling in the deep,0,0,0,Q035::14
Part3/outputs/answers_mistral_7b_prompt2.csv,answers_mistral_7b_prompt2,Q035,R,Songs,15,rolling in the deep,rolling in the deep,0,0,0,Q035::15
Part3/outputs/answers_mistral_7b_prompt2.csv,answers_mistral_7b_prompt2,Q035,R,Songs,16,rollercoaster ride,rollercoaster ride,0,0,0,Q035::16
Part3/outputs/answers_mistral_7b_prompt2.csv,answers_mistral_7b_prompt2,Q035,R,Songs,17,rolling in the deep (adesia kuzerika),rolling in the deep (adesia kuzerika,0,0,0,Q035::17
Part3/outputs/answers_mistral_7b_prompt2.csv,answers_mistral_7b_prompt2,Q035,R,Songs,18,rolling stones - paint it black,rolling stones - paint it black,0,0,0,Q035::18
Part3/outputs/answers_mistral_7b_prompt2.csv,answers_mistral_7b_prompt2,Q035,R,Songs,19,rolling in the deep,rolling in the deep,0,0,0,Q035::19
Part3/outputs/answers_mistral_7b_prompt2.csv,answers_mistral_7b_prompt2,Q036,R,Tools,0,rotary hammer,rotary hammer,1,0,1,Q036::0
Part3/outputs/answers_mistral_7b_prompt2.csv,answers_mistral_7b_prompt2,Q036,R,Tools,1,rake handle,rake handle,0,0,0,Q036::1
Part3/outputs/answers_mistral_7b_prompt2.csv,answers_mistral_7b_prompt2,Q036,R,Tools,2,rotary hammer,rotary hammer,1,0,1,Q036::2
Part3/outputs/answers_mistral_7b_prompt2.csv,answers_mistral_7b_prompt2,Q036,R,Tools,3,rotary hoe,rotary hoe,1,0,1,Q036::3
Part3/outputs/answers_mistral_7b_prompt2.csv,answers_mistral_7b_prompt2,Q036,R,Tools,4,rotary hammer,rotary hammer,1,0,1,Q036::4
Part3/outputs/answers_mistral_7b_prompt2.csv,answers_mistral_7b_prompt2,Q036,R,Tools,5,rivet-cutter,rivet-cutter,1,0,1,Q036::5
Part3/outputs/answers_mistral_7b_prompt2.csv,answers_mistral_7b_prompt2,Q036,R,Tools,6,rotary hoe,rotary hoe,1,0,1,Q036::6
Part3/outputs/answers_mistral_7b_prompt2.csv,answers_mistral_7b_prompt2,Q036,R,Tools,7,rotary hammer,rotary hammer,1,0,1,Q036::7
Part3/outputs/answers_mistral_7b_prompt2.csv,answers_mistral_7b_prompt2,Q036,R,Tools,8,rivet-cutter,rivet-cutter,1,0,1,Q036::8
Part3/outputs/answers_mistral_7b_prompt2.csv,answers_mistral_7b_prompt2,Q036,R,Tools,9,rusty saw,rusty saw,0,0,0,Q036::9
Part3/outputs/answers_mistral_7b_prompt2.csv,answers_mistral_7b_prompt2,Q036,R,Tools,10,rakehandle,rakehandle,0,0,0,Q036::10
Part3/outputs/answers_mistral_7b_prompt2.csv,answers_mistral_7b_prompt2,Q036,R,Tools,11,rake handle,rake handle,0,0,0,Q036::11
Part3/outputs/answers_mistral_7b_prompt2.csv,answers_mistral_7b_prompt2,Q036,R,Tools,12,rotary drill,rotary drill,1,0,1,Q036::12
Part3/outputs/answers_mistral_7b_prompt2.csv,answers_mistral_7b_prompt2,Q036,R,Tools,13,rake handle,rake handle,0,0,0,Q036::13
Part3/outputs/answers_mistral_7b_prompt2.csv,answers_mistral_7b_prompt2,Q036,R,Tools,14,rake handle,rake handle,0,0,0,Q036::14
Part3/outputs/answers_mistral_7b_prompt2.csv,answers_mistral_7b_prompt2,Q036,R,Tools,15,rake handle,rake handle,0,0,0,Q036::15
Part3/outputs/answers_mistral_7b_prompt2.csv,answers_mistral_7b_prompt2,Q036,R,Tools,16,radial saw,radial saw,1,0,1,Q036::16
Part3/outputs/answers_mistral_7b_prompt2.csv,answers_mistral_7b_prompt2,Q036,R,Tools,17,rakehandle,rakehandle,0,0,0,Q036::17
Part3/outputs/answers_mistral_7b_prompt2.csv,answers_mistral_7b_prompt2,Q036,R,Tools,18,radial arm saw,radial arm saw,1,0,1,Q036::18
Part3/outputs/answers_mistral_7b_prompt2.csv,answers_mistral_7b_prompt2,Q036,R,Tools,19,rusty saw,rusty saw,0,0,0,Q036::19
Part3/outputs/answers_mistral_7b_prompt2.csv,answers_mistral_7b_prompt2,Q037,S,Animals,0,star-nosed mole,star-nosed mole,1,0,1,Q037::0
Part3/outputs/answers_mistral_7b_prompt2.csv,answers_mistral_7b_prompt2,Q037,S,Animals,1,shark seal sparrow skunk starling swan siamese cat s,shark seal sparrow skunk starling swan siamese cat s,0,0,0,Q037::1
Part3/outputs/answers_mistral_7b_prompt2.csv,answers_mistral_7b_prompt2,Q037,S,Animals,2,star-nosed mole,star-nosed mole,1,0,1,Q037::2
Part3/outputs/answers_mistral_7b_prompt2.csv,answers_mistral_7b_prompt2,Q037,S,Animals,3,starfish,starfish,1,0,1,Q037::3
Part3/outputs/answers_mistral_7b_prompt2.csv,answers_mistral_7b_prompt2,Q037,S,Animals,4,starfish,starfish,1,0,1,Q037::4
Part3/outputs/answers_mistral_7b_prompt2.csv,answers_mistral_7b_prompt2,Q037,S,Animals,5,salamander,salamander,1,0,1,Q037::5
Part3/outputs/answers_mistral_7b_prompt2.csv,answers_mistral_7b_prompt2,Q037,S,Animals,6,snowy owl,snowy owl,1,0,1,Q037::6
Part3/outputs/answers_mistral_7b_prompt2.csv,answers_mistral_7b_prompt2,Q037,S,Animals,7,star-nosed mole,star-nosed mole,1,0,1,Q037::7
Part3/outputs/answers_mistral_7b_prompt2.csv,answers_mistral_7b_prompt2,Q037,S,Animals,8,sea otter,sea otter,1,0,1,Q037::8
Part3/outputs/answers_mistral_7b_prompt2.csv,answers_mistral_7b_prompt2,Q037,S,Animals,9,sea otter,sea otter,1,0,1,Q037::9
Part3/outputs/answers_mistral_7b_prompt2.csv,answers_mistral_7b_prompt2,Q037,S,Animals,10,sharkskin seal,sharkskin seal,0,0,0,Q037::10
Part3/outputs/answers_mistral_7b_prompt2.csv,answers_mistral_7b_prompt2,Q037,S,Animals,11,shrew,shrew,1,0,1,Q037::11
Part3/outputs/answers_mistral_7b_prompt2.csv,answers_mistral_7b_prompt2,Q037,S,Animals,12,starling,starling,1,0,1,Q037::12
Part3/outputs/answers_mistral_7b_prompt2.csv,answers_mistral_7b_prompt2,Q037,S,Animals,13,star-nosed mole,star-nosed mole,1,0,1,Q037::13
Part3/outputs/answers_mistral_7b_prompt2.csv,answers_mistral_7b_prompt2,Q037,S,Animals,14,sea otter,sea otter,1,0,1,Q037::14
Part3/outputs/answers_mistral_7b_prompt2.csv,answers_mistral_7b_prompt2,Q037,S,Animals,15,star-nosed mole,star-nosed mole,1,0,1,Q037::15
Part3/outputs/answers_mistral_7b_prompt2.csv,answers_mistral_7b_prompt2,Q037,S,Animals,16,sea otter,sea otter,1,0,1,Q037::16
Part3/outputs/answers_mistral_7b_prompt2.csv,answers_mistral_7b_prompt2,Q037,S,Animals,17,sea otter,sea otter,1,0,1,Q037::17
Part3/outputs/answers_mistral_7b_prompt2.csv,answers_mistral_7b_prompt2,Q037,S,Animals,18,shrew,shrew,1,0,1,Q037::18
Part3/outputs/answers_mistral_7b_prompt2.csv,answers_mistral_7b_prompt2,Q037,S,Animals,19,star-nosed mole,star-nosed mole,1,0,1,Q037::19
Part3/outputs/answers_mistral_7b_prompt2.csv,answers_mistral_7b_prompt2,Q038,S,Things in an office,0,stapler stand,stapler stand,0,0,0,Q038::0
Part3/outputs/answers_mistral_7b_prompt2.csv,answers_mistral_7b_prompt2,Q038,S,Things in an office,1,stapler stand,stapler stand,0,0,0,Q038::1
Part3/outputs/answers_mistral_7b_prompt2.csv,answers_mistral_7b_prompt2,Q038,S,Things in an office,2,stapler stand,stapler stand,0,0,0,Q038::2
Part3/outputs/answers_mistral_7b_prompt2.csv,answers_mistral_7b_prompt2,Q038,S,Things in an office,3,"stapler stand

[Explanation: This is a common office",stapler stand [explanation: this is a common office,0,0,0,Q038::3
Part3/outputs/answers_mistral_7b_prompt2.csv,answers_mistral_7b_prompt2,Q038,S,Things in an office,4,"stapler stand

Explanation: While common office items like st",stapler stand explanation: while common office items like st,0,0,0,Q038::4
Part3/outputs/answers_mistral_7b_prompt2.csv,answers_mistral_7b_prompt2,Q038,S,Things in an office,5,stapler-remover,stapler-remover,0,0,0,Q038::5
Part3/outputs/answers_mistral_7b_prompt2.csv,answers_mistral_7b_prompt2,Q038,S,Things in an office,6,stapler stand,stapler stand,0,0,0,Q038::6
Part3/outputs/answers_mistral_7b_prompt2.csv,answers_mistral_7b_prompt2,Q038,S,Things in an office,7,stapler stand,stapler stand,0,0,0,Q038::7
Part3/outputs/answers_mistral_7b_prompt2.csv,answers_mistral_7b_prompt2,Q038,S,Things in an office,8,stapler remover,stapler remover,0,0,0,Q038::8
Part3/outputs/answers_mistral_7b_prompt2.csv,answers_mistral_7b_prompt2,Q038,S,Things in an office,9,stapler stand,stapler stand,0,0,0,Q038::9
Part3/outputs/answers_mistral_7b_prompt2.csv,answers_mistral_7b_prompt2,Q038,S,Things in an office,10,"stapler

For context, Scattergories is a creative-","stapler for context, scattergories is a creative",1,0,1,Q038::10
Part3/outputs/answers_mistral_7b_prompt2.csv,answers_mistral_7b_prompt2,Q038,S,Things in an office,11,"stapler stand

Explanation: While pens, pencils","stapler stand explanation: while pens, pencils",0,0,0,Q038::11
Part3/outputs/answers_mistral_7b_prompt2.csv,answers_mistral_7b_prompt2,Q038,S,Things in an office,12,"stapler

For future reference: The goal of Scattergories",stapler for future reference: the goal of scattergories,1,0,1,Q038::12
Part3/outputs/answers_mistral_7b_prompt2.csv,answers_mistral_7b_prompt2,Q038,S,Things in an office,13,stapler stand,stapler stand,0,0,0,Q038::13
Part3/outputs/answers_mistral_7b_prompt2.csv,answers_mistral_7b_prompt2,Q038,S,Things in an office,14,stapler stand,stapler stand,0,0,0,Q038::14
Part3/outputs/answers_mistral_7b_prompt2.csv,answers_mistral_7b_prompt2,Q038,S,Things in an office,15,stapler_stand,stapler_stand,0,0,0,Q038::15
Part3/outputs/answers_mistral_7b_prompt2.csv,answers_mistral_7b_prompt2,Q038,S,Things in an office,16,stapler stand,stapler stand,0,0,0,Q038::16
Part3/outputs/answers_mistral_7b_prompt2.csv,answers_mistral_7b_prompt2,Q038,S,Things in an office,17,stapler remover,stapler remover,0,0,0,Q038::17
Part3/outputs/answers_mistral_7b_prompt2.csv,answers_mistral_7b_prompt2,Q038,S,Things in an office,18,stapler stand,stapler stand,0,0,0,Q038::18
Part3/outputs/answers_mistral_7b_prompt2.csv,answers_mistral_7b_prompt2,Q038,S,Things in an office,19,"stapler stand

This answer is a common item found in an office",stapler stand this answer is a common item found in an office,0,0,0,Q038::19
Part3/outputs/answers_mistral_7b_prompt2.csv,answers_mistral_7b_prompt2,Q039,T,Countries,0,timor-leste,timor-leste,1,0,1,Q039::0
Part3/outputs/answers_mistral_7b_prompt2.csv,answers_mistral_7b_prompt2,Q039,T,Countries,1,timor-leste,timor-leste,1,0,1,Q039::1
Part3/outputs/answers_mistral_7b_prompt2.csv,answers_mistral_7b_prompt2,Q039,T,Countries,2,timor-leste,timor-leste,1,0,1,Q039::2
Part3/outputs/answers_mistral_7b_prompt2.csv,answers_mistral_7b_prompt2,Q039,T,Countries,3,tunisia,tunisia,1,1,0,Q039::3
Part3/outputs/answers_mistral_7b_prompt2.csv,answers_mistral_7b_prompt2,Q039,T,Countries,4,tunisia,tunisia,1,1,0,Q039::4
Part3/outputs/answers_mistral_7b_prompt2.csv,answers_mistral_7b_prompt2,Q039,T,Countries,5,turkmenistan,turkmenistan,1,0,1,Q039::5
Part3/outputs/answers_mistral_7b_prompt2.csv,answers_mistral_7b_prompt2,Q039,T,Countries,6,timor-leste,timor-leste,1,0,1,Q039::6
Part3/outputs/answers_mistral_7b_prompt2.csv,answers_mistral_7b_prompt2,Q039,T,Countries,7,timor-leste,timor-leste,1,0,1,Q039::7
Part3/outputs/answers_mistral_7b_prompt2.csv,answers_mistral_7b_prompt2,Q039,T,Countries,8,timor-leste,timor-leste,1,0,1,Q039::8
Part3/outputs/answers_mistral_7b_prompt2.csv,answers_mistral_7b_prompt2,Q039,T,Countries,9,timor-leste,timor-leste,1,0,1,Q039::9
Part3/outputs/answers_mistral_7b_prompt2.csv,answers_mistral_7b_prompt2,Q039,T,Countries,10,timor-leste,timor-leste,1,0,1,Q039::10
Part3/outputs/answers_mistral_7b_prompt2.csv,answers_mistral_7b_prompt2,Q039,T,Countries,11,turkmenistan,turkmenistan,1,0,1,Q039::11
Part3/outputs/answers_mistral_7b_prompt2.csv,answers_mistral_7b_prompt2,Q039,T,Countries,12,timor-leste,timor-leste,1,0,1,Q039::12
Part3/outputs/answers_mistral_7b_prompt2.csv,answers_mistral_7b_prompt2,Q039,T,Countries,13,timor-leste,timor-leste,1,0,1,Q039::13
Part3/outputs/answers_mistral_7b_prompt2.csv,answers_mistral_7b_prompt2,Q039,T,Countries,14,timor-leste,timor-leste,1,0,1,Q039::14
Part3/outputs/answers_mistral_7b_prompt2.csv,answers_mistral_7b_prompt2,Q039,T,Countries,15,timor-leste,timor-leste,1,0,1,Q039::15
Part3/outputs/answers_mistral_7b_prompt2.csv,answers_mistral_7b_prompt2,Q039,T,Countries,16,timor-leste,timor-leste,1,0,1,Q039::16
Part3/outputs/answers_mistral_7b_prompt2.csv,answers_mistral_7b_prompt2,Q039,T,Countries,17,timor-leste,timor-leste,1,0,1,Q039::17
Part3/outputs/answers_mistral_7b_prompt2.csv,answers_mistral_7b_prompt2,Q039,T,Countries,18,timor-leste,timor-leste,1,0,1,Q039::18
Part3/outputs/answers_mistral_7b_prompt2.csv,answers_mistral_7b_prompt2,Q039,T,Countries,19,timor-leste,timor-leste,1,0,1,Q039::19
Part3/outputs/answers_mistral_7b_prompt2.csv,answers_mistral_7b_prompt2,Q040,T,TV shows,0,the twilight zone,the twilight zone,1,0,1,Q040::0
Part3/outputs/answers_mistral_7b_prompt2.csv,answers_mistral_7b_prompt2,Q040,T,TV shows,1,the twilight zone,the twilight zone,1,0,1,Q040::1
Part3/outputs/answers_mistral_7b_prompt2.csv,answers_mistral_7b_prompt2,Q040,T,TV shows,2,the twilight zone,the twilight zone,1,1,0,Q040::2
Part3/outputs/answers_mistral_7b_prompt2.csv,answers_mistral_7b_prompt2,Q040,T,TV shows,3,the twilight zone,the twilight zone,1,0,1,Q040::3
Part3/outputs/answers_mistral_7b_prompt2.csv,answers_mistral_7b_prompt2,Q040,T,TV shows,4,the twilight zone,the twilight zone,1,1,0,Q040::4
Part3/outputs/answers_mistral_7b_prompt2.csv,answers_mistral_7b_prompt2,Q040,T,TV shows,5,the twilight zone,the twilight zone,1,0,1,Q040::5
Part3/outputs/answers_mistral_7b_prompt2.csv,answers_mistral_7b_prompt2,Q040,T,TV shows,6,the twilight zone,the twilight zone,1,0,1,Q040::6
Part3/outputs/answers_mistral_7b_prompt2.csv,answers_mistral_7b_prompt2,Q040,T,TV shows,7,the twilight zone,the twilight zone,1,0,1,Q040::7
Part3/outputs/answers_mistral_7b_prompt2.csv,answers_mistral_7b_prompt2,Q040,T,TV shows,8,the twilight zone,the twilight zone,1,0,1,Q040::8
Part3/outputs/answers_mistral_7b_prompt2.csv,answers_mistral_7b_prompt2,Q040,T,TV shows,9,the twilight zone,the twilight zone,1,0,1,Q040::9
Part3/outputs/answers_mistral_7b_prompt2.csv,answers_mistral_7b_prompt2,Q040,T,TV shows,10,the twilight zone,the twilight zone,1,0,1,Q040::10
Part3/outputs/answers_mistral_7b_prompt2.csv,answers_mistral_7b_prompt2,Q040,T,TV shows,11,the twilight zone,the twilight zone,1,0,1,Q040::11
Part3/outputs/answers_mistral_7b_prompt2.csv,answers_mistral_7b_prompt2,Q040,T,TV shows,12,the twilight zone,the twilight zone,1,0,1,Q040::12
Part3/outputs/answers_mistral_7b_prompt2.csv,answers_mistral_7b_prompt2,Q040,T,TV shows,13,the twilight zone,the twilight zone,1,0,1,Q040::13
Part3/outputs/answers_mistral_7b_prompt2.csv,answers_mistral_7b_prompt2,Q040,T,TV shows,14,star trek: deep space nine,star trek: deep space nine,1,0,1,Q040::14
Part3/outputs/answers_mistral_7b_prompt2.csv,answers_mistral_7b_prompt2,Q040,T,TV shows,15,the twilight zone,the twilight zone,1,0,1,Q040::15
Part3/outputs/answers_mistral_7b_prompt2.csv,answers_mistral_7b_prompt2,Q040,T,TV shows,16,the twilight zone,the twilight zone,1,0,1,Q040::16
Part3/outputs/answers_mistral_7b_prompt2.csv,answers_mistral_7b_prompt2,Q040,T,TV shows,17,friends,friends,0,0,0,Q040::17
Part3/outputs/answers_mistral_7b_prompt2.csv,answers_mistral_7b_prompt2,Q040,T,TV shows,18,the twilight zone,the twilight zone,1,0,1,Q040::18
Part3/outputs/answers_mistral_7b_prompt2.csv,answers_mistral_7b_prompt2,Q040,T,TV shows,19,the twilight zone,the twilight zone,1,0,1,Q040::19
Part3/outputs/answers_mistral_7b_prompt2.csv,answers_mistral_7b_prompt2,Q041,U,U.S. colleges,0,university of utah,university of utah,1,0,1,Q041::0
Part3/outputs/answers_mistral_7b_prompt2.csv,answers_mistral_7b_prompt2,Q041,U,U.S. colleges,1,university of utah,university of utah,1,1,0,Q041::1
Part3/outputs/answers_mistral_7b_prompt2.csv,answers_mistral_7b_prompt2,Q041,U,U.S. colleges,2,university of utah,university of utah,1,1,0,Q041::2
Part3/outputs/answers_mistral_7b_prompt2.csv,answers_mistral_7b_prompt2,Q041,U,U.S. colleges,3,university of utah,university of utah,1,0,1,Q041::3
Part3/outputs/answers_mistral_7b_prompt2.csv,answers_mistral_7b_prompt2,Q041,U,U.S. colleges,4,university of utah,university of utah,1,1,0,Q041::4
Part3/outputs/answers_mistral_7b_prompt2.csv,answers_mistral_7b_prompt2,Q041,U,U.S. colleges,5,university of utah,university of utah,1,0,1,Q041::5
Part3/outputs/answers_mistral_7b_prompt2.csv,answers_mistral_7b_prompt2,Q041,U,U.S. colleges,6,university of utah,university of utah,1,1,0,Q041::6
Part3/outputs/answers_mistral_7b_prompt2.csv,answers_mistral_7b_prompt2,Q041,U,U.S. colleges,7,university of utah,university of utah,1,0,1,Q041::7
Part3/outputs/answers_mistral_7b_prompt2.csv,answers_mistral_7b_prompt2,Q041,U,U.S. colleges,8,university of utah,university of utah,1,1,0,Q041::8
Part3/outputs/answers_mistral_7b_prompt2.csv,answers_mistral_7b_prompt2,Q041,U,U.S. colleges,9,university of utah,university of utah,1,1,0,Q041::9
Part3/outputs/answers_mistral_7b_prompt2.csv,answers_mistral_7b_prompt2,Q041,U,U.S. colleges,10,university of utah,university of utah,1,0,1,Q041::10
Part3/outputs/answers_mistral_7b_prompt2.csv,answers_mistral_7b_prompt2,Q041,U,U.S. colleges,11,university of utah,university of utah,1,1,0,Q041::11
Part3/outputs/answers_mistral_7b_prompt2.csv,answers_mistral_7b_prompt2,Q041,U,U.S. colleges,12,university of utah,university of utah,1,1,0,Q041::12
Part3/outputs/answers_mistral_7b_prompt2.csv,answers_mistral_7b_prompt2,Q041,U,U.S. colleges,13,university of utah,university of utah,1,1,0,Q041::13
Part3/outputs/answers_mistral_7b_prompt2.csv,answers_mistral_7b_prompt2,Q041,U,U.S. colleges,14,university of utah,university of utah,1,1,0,Q041::14
Part3/outputs/answers_mistral_7b_prompt2.csv,answers_mistral_7b_prompt2,Q041,U,U.S. colleges,15,university of utah,university of utah,1,1,0,Q041::15
Part3/outputs/answers_mistral_7b_prompt2.csv,answers_mistral_7b_prompt2,Q041,U,U.S. colleges,16,university of utah,university of utah,1,1,0,Q041::16
Part3/outputs/answers_mistral_7b_prompt2.csv,answers_mistral_7b_prompt2,Q041,U,U.S. colleges,17,university of utah,university of utah,1,1,0,Q041::17
Part3/outputs/answers_mistral_7b_prompt2.csv,answers_mistral_7b_prompt2,Q041,U,U.S. colleges,18,university of utah,university of utah,1,1,0,Q041::18
Part3/outputs/answers_mistral_7b_prompt2.csv,answers_mistral_7b_prompt2,Q041,U,U.S. colleges,19,university of utah,university of utah,1,1,0,Q041::19
Part3/outputs/answers_mistral_7b_prompt2.csv,answers_mistral_7b_prompt2,Q042,U,Things in a garage,0,utility cart,utility cart,1,0,1,Q042::0
Part3/outputs/answers_mistral_7b_prompt2.csv,answers_mistral_7b_prompt2,Q042,U,Things in a garage,1,utility belt,utility belt,0,0,0,Q042::1
Part3/outputs/answers_mistral_7b_prompt2.csv,answers_mistral_7b_prompt2,Q042,U,Things in a garage,2,utility wagon,utility wagon,1,0,1,Q042::2
Part3/outputs/answers_mistral_7b_prompt2.csv,answers_mistral_7b_prompt2,Q042,U,Things in a garage,3,utility cart,utility cart,1,0,1,Q042::3
Part3/outputs/answers_mistral_7b_prompt2.csv,answers_mistral_7b_prompt2,Q042,U,Things in a garage,4,utility cart,utility cart,1,0,1,Q042::4
Part3/outputs/answers_mistral_7b_prompt2.csv,answers_mistral_7b_prompt2,Q042,U,Things in a garage,5,upholstery tool,upholstery tool,1,0,1,Q042::5
Part3/outputs/answers_mistral_7b_prompt2.csv,answers_mistral_7b_prompt2,Q042,U,Things in a garage,6,utility cart,utility cart,1,0,1,Q042::6
Part3/outputs/answers_mistral_7b_prompt2.csv,answers_mistral_7b_prompt2,Q042,U,Things in a garage,7,utility cart,utility cart,1,0,1,Q042::7
Part3/outputs/answers_mistral_7b_prompt2.csv,answers_mistral_7b_prompt2,Q042,U,Things in a garage,8,universal joints,universal joints,1,0,1,Q042::8
Part3/outputs/answers_mistral_7b_prompt2.csv,answers_mistral_7b_prompt2,Q042,U,Things in a garage,9,utility cart,utility cart,1,0,1,Q042::9
Part3/outputs/answers_mistral_7b_prompt2.csv,answers_mistral_7b_prompt2,Q042,U,Things in a garage,10,utility cart,utility cart,1,0,1,Q042::10
Part3/outputs/answers_mistral_7b_prompt2.csv,answers_mistral_7b_prompt2,Q042,U,Things in a garage,11,upholstery tool,upholstery tool,1,0,1,Q042::11
Part3/outputs/answers_mistral_7b_prompt2.csv,answers_mistral_7b_prompt2,Q042,U,Things in a garage,12,utility cart,utility cart,1,0,1,Q042::12
Part3/outputs/answers_mistral_7b_prompt2.csv,answers_mistral_7b_prompt2,Q042,U,Things in a garage,13,universe bike unicycle utensils umbrella utility cart usher tool,universe bike unicycle utensils umbrella utility cart usher tool,0,0,0,Q042::13
Part3/outputs/answers_mistral_7b_prompt2.csv,answers_mistral_7b_prompt2,Q042,U,Things in a garage,14,"universal joint

In this response:
1. ""Universal Joint","universal joint in this response: 1. ""universal joint",1,0,1,Q042::14
Part3/outputs/answers_mistral_7b_prompt2.csv,answers_mistral_7b_prompt2,Q042,U,Things in a garage,15,utility cart,utility cart,1,0,1,Q042::15
Part3/outputs/answers_mistral_7b_prompt2.csv,answers_mistral_7b_prompt2,Q042,U,Things in a garage,16,upholstery tool,upholstery tool,1,0,1,Q042::16
Part3/outputs/answers_mistral_7b_prompt2.csv,answers_mistral_7b_prompt2,Q042,U,Things in a garage,17,utility cart,utility cart,1,0,1,Q042::17
Part3/outputs/answers_mistral_7b_prompt2.csv,answers_mistral_7b_prompt2,Q042,U,Things in a garage,18,utility cart,utility cart,1,0,1,Q042::18
Part3/outputs/answers_mistral_7b_prompt2.csv,answers_mistral_7b_prompt2,Q042,U,Things in a garage,19,utility shovel,utility shovel,1,0,1,Q042::19
Part3/outputs/answers_mistral_7b_prompt2.csv,answers_mistral_7b_prompt2,Q043,V,Jobs,0,veterinarian's assistant,veterinarian's assistant,1,0,1,Q043::0
Part3/outputs/answers_mistral_7b_prompt2.csv,answers_mistral_7b_prompt2,Q043,V,Jobs,1,veterinarian assistant,veterinarian assistant,1,0,1,Q043::1
Part3/outputs/answers_mistral_7b_prompt2.csv,answers_mistral_7b_prompt2,Q043,V,Jobs,2,veterinarian,veterinarian,1,0,1,Q043::2
Part3/outputs/answers_mistral_7b_prompt2.csv,answers_mistral_7b_prompt2,Q043,V,Jobs,3,veterinarian assistant,veterinarian assistant,1,0,1,Q043::3
Part3/outputs/answers_mistral_7b_prompt2.csv,answers_mistral_7b_prompt2,Q043,V,Jobs,4,veterinarian,veterinarian,1,0,1,Q043::4
Part3/outputs/answers_mistral_7b_prompt2.csv,answers_mistral_7b_prompt2,Q043,V,Jobs,5,veterinarian technician,veterinarian technician,0,0,0,Q043::5
Part3/outputs/answers_mistral_7b_prompt2.csv,answers_mistral_7b_prompt2,Q043,V,Jobs,6,veterinarian,veterinarian,1,1,0,Q043::6
Part3/outputs/answers_mistral_7b_prompt2.csv,answers_mistral_7b_prompt2,Q043,V,Jobs,7,veterinarian assistant,veterinarian assistant,1,0,1,Q043::7
Part3/outputs/answers_mistral_7b_prompt2.csv,answers_mistral_7b_prompt2,Q043,V,Jobs,8,veterinarian's assistant,veterinarian's assistant,1,0,1,Q043::8
Part3/outputs/answers_mistral_7b_prompt2.csv,answers_mistral_7b_prompt2,Q043,V,Jobs,9,veterinarian's assistant,veterinarian's assistant,1,0,1,Q043::9
Part3/outputs/answers_mistral_7b_prompt2.csv,answers_mistral_7b_prompt2,Q043,V,Jobs,10,veterinarian technician,veterinarian technician,0,0,0,Q043::10
Part3/outputs/answers_mistral_7b_prompt2.csv,answers_mistral_7b_prompt2,Q043,V,Jobs,11,veterinarian's assistant,veterinarian's assistant,1,0,1,Q043::11
Part3/outputs/answers_mistral_7b_prompt2.csv,answers_mistral_7b_prompt2,Q043,V,Jobs,12,veterinarian assistant,veterinarian assistant,1,0,1,Q043::12
Part3/outputs/answers_mistral_7b_prompt2.csv,answers_mistral_7b_prompt2,Q043,V,Jobs,13,veterinarian assistant,veterinarian assistant,1,0,1,Q043::13
Part3/outputs/answers_mistral_7b_prompt2.csv,answers_mistral_7b_prompt2,Q043,V,Jobs,14,veterinarian,veterinarian,1,1,0,Q043::14
Part3/outputs/answers_mistral_7b_prompt2.csv,answers_mistral_7b_prompt2,Q043,V,Jobs,15,veterinarian,veterinarian,1,1,0,Q043::15
Part3/outputs/answers_mistral_7b_prompt2.csv,answers_mistral_7b_prompt2,Q043,V,Jobs,16,veterinarian,veterinarian,1,1,0,Q043::16
Part3/outputs/answers_mistral_7b_prompt2.csv,answers_mistral_7b_prompt2,Q043,V,Jobs,17,veterinarian's assistant,veterinarian's assistant,1,0,1,Q043::17
Part3/outputs/answers_mistral_7b_prompt2.csv,answers_mistral_7b_prompt2,Q043,V,Jobs,18,veterinarian's assistant,veterinarian's assistant,1,0,1,Q043::18
Part3/outputs/answers_mistral_7b_prompt2.csv,answers_mistral_7b_prompt2,Q043,V,Jobs,19,veterinarian assistant,veterinarian assistant,1,0,1,Q043::19
Part3/outputs/answers_mistral_7b_prompt2.csv,answers_mistral_7b_prompt2,Q044,V,Things you wear,0,velvet vest,velvet vest,1,0,1,Q044::0
Part3/outputs/answers_mistral_7b_prompt2.csv,answers_mistral_7b_prompt2,Q044,V,Things you wear,1,velcro sneaker,velcro sneaker,1,0,1,Q044::1
Part3/outputs/answers_mistral_7b_prompt2.csv,answers_mistral_7b_prompt2,Q044,V,Things you wear,2,vestigial necktie,vestigial necktie,0,0,0,Q044::2
Part3/outputs/answers_mistral_7b_prompt2.csv,answers_mistral_7b_prompt2,Q044,V,Things you wear,3,velcro sneaker,velcro sneaker,1,0,1,Q044::3
Part3/outputs/answers_mistral_7b_prompt2.csv,answers_mistral_7b_prompt2,Q044,V,Things you wear,4,velvet vest,velvet vest,1,0,1,Q044::4
Part3/outputs/answers_mistral_7b_prompt2.csv,answers_mistral_7b_prompt2,Q044,V,Things you wear,5,velvet vest,velvet vest,1,0,1,Q044::5
Part3/outputs/answers_mistral_7b_prompt2.csv,answers_mistral_7b_prompt2,Q044,V,Things you wear,6,vestigial necktie,vestigial necktie,0,0,0,Q044::6
Part3/outputs/answers_mistral_7b_prompt2.csv,answers_mistral_7b_prompt2,Q044,V,Things you wear,7,velcro sneaker,velcro sneaker,1,0,1,Q044::7
Part3/outputs/answers_mistral_7b_prompt2.csv,answers_mistral_7b_prompt2,Q044,V,Things you wear,8,velvet vest,velvet vest,1,0,1,Q044::8
Part3/outputs/answers_mistral_7b_prompt2.csv,answers_mistral_7b_prompt2,Q044,V,Things you wear,9,velcro sneaker,velcro sneaker,1,0,1,Q044::9
Part3/outputs/answers_mistral_7b_prompt2.csv,answers_mistral_7b_prompt2,Q044,V,Things you wear,10,velcro sneaker,velcro sneaker,1,0,1,Q044::10
Part3/outputs/answers_mistral_7b_prompt2.csv,answers_mistral_7b_prompt2,Q044,V,Things you wear,11,velvet vest,velvet vest,1,0,1,Q044::11
Part3/outputs/answers_mistral_7b_prompt2.csv,answers_mistral_7b_prompt2,Q044,V,Things you wear,12,velvet vest,velvet vest,1,0,1,Q044::12
Part3/outputs/answers_mistral_7b_prompt2.csv,answers_mistral_7b_prompt2,Q044,V,Things you wear,13,velcro sneaker,velcro sneaker,1,0,1,Q044::13
Part3/outputs/answers_mistral_7b_prompt2.csv,answers_mistral_7b_prompt2,Q044,V,Things you wear,14,velvet vest,velvet vest,1,0,1,Q044::14
Part3/outputs/answers_mistral_7b_prompt2.csv,answers_mistral_7b_prompt2,Q044,V,Things you wear,15,velvet vest,velvet vest,1,0,1,Q044::15
Part3/outputs/answers_mistral_7b_prompt2.csv,answers_mistral_7b_prompt2,Q044,V,Things you wear,16,velvet vest,velvet vest,1,0,1,Q044::16
Part3/outputs/answers_mistral_7b_prompt2.csv,answers_mistral_7b_prompt2,Q044,V,Things you wear,17,velcro sneaker,velcro sneaker,1,0,1,Q044::17
Part3/outputs/answers_mistral_7b_prompt2.csv,answers_mistral_7b_prompt2,Q044,V,Things you wear,18,velvet vest,velvet vest,1,0,1,Q044::18
Part3/outputs/answers_mistral_7b_prompt2.csv,answers_mistral_7b_prompt2,Q044,V,Things you wear,19,vestigial-velvet-vacuum-cleaner-bag,vestigial-velvet-vacuum-cleaner-bag,0,0,0,Q044::19
Part3/outputs/answers_mistral_7b_prompt2.csv,answers_mistral_7b_prompt2,Q045,W,Cities,0,winnipeg,winnipeg,1,0,1,Q045::0
Part3/outputs/answers_mistral_7b_prompt2.csv,answers_mistral_7b_prompt2,Q045,W,Cities,1,winnipeg,winnipeg,1,0,1,Q045::1
Part3/outputs/answers_mistral_7b_prompt2.csv,answers_mistral_7b_prompt2,Q045,W,Cities,2,warsaw,warsaw,1,0,1,Q045::2
Part3/outputs/answers_mistral_7b_prompt2.csv,answers_mistral_7b_prompt2,Q045,W,Cities,3,wyomingcity,wyomingcity,0,0,0,Q045::3
Part3/outputs/answers_mistral_7b_prompt2.csv,answers_mistral_7b_prompt2,Q045,W,Cities,4,wayne,wayne,0,0,0,Q045::4
Part3/outputs/answers_mistral_7b_prompt2.csv,answers_mistral_7b_prompt2,Q045,W,Cities,5,winnipeg,winnipeg,1,0,1,Q045::5
Part3/outputs/answers_mistral_7b_prompt2.csv,answers_mistral_7b_prompt2,Q045,W,Cities,6,wichita,wichita,1,1,0,Q045::6
Part3/outputs/answers_mistral_7b_prompt2.csv,answers_mistral_7b_prompt2,Q045,W,Cities,7,wolverhampton,wolverhampton,1,0,1,Q045::7
Part3/outputs/answers_mistral_7b_prompt2.csv,answers_mistral_7b_prompt2,Q045,W,Cities,8,wyoming,wyoming,0,0,0,Q045::8
Part3/outputs/answers_mistral_7b_prompt2.csv,answers_mistral_7b_prompt2,Q045,W,Cities,9,wyomingdale,wyomingdale,0,0,0,Q045::9
Part3/outputs/answers_mistral_7b_prompt2.csv,answers_mistral_7b_prompt2,Q045,W,Cities,10,warwick,warwick,1,0,1,Q045::10
Part3/outputs/answers_mistral_7b_prompt2.csv,answers_mistral_7b_prompt2,Q045,W,Cities,11,winnipeg,winnipeg,1,0,1,Q045::11
Part3/outputs/answers_mistral_7b_prompt2.csv,answers_mistral_7b_prompt2,Q045,W,Cities,12,whiteriver,whiteriver,0,0,0,Q045::12
Part3/outputs/answers_mistral_7b_prompt2.csv,answers_mistral_7b_prompt2,Q045,W,Cities,13,winnipeg,winnipeg,1,0,1,Q045::13
Part3/outputs/answers_mistral_7b_prompt2.csv,answers_mistral_7b_prompt2,Q045,W,Cities,14,winnipeg,winnipeg,1,0,1,Q045::14
Part3/outputs/answers_mistral_7b_prompt2.csv,answers_mistral_7b_prompt2,Q045,W,Cities,15,wyomingville,wyomingville,0,0,0,Q045::15
Part3/outputs/answers_mistral_7b_prompt2.csv,answers_mistral_7b_prompt2,Q045,W,Cities,16,worcester,worcester,1,0,1,Q045::16
Part3/outputs/answers_mistral_7b_prompt2.csv,answers_mistral_7b_prompt2,Q045,W,Cities,17,winnipeg,winnipeg,1,0,1,Q045::17
Part3/outputs/answers_mistral_7b_prompt2.csv,answers_mistral_7b_prompt2,Q045,W,Cities,18,washington-dulles,washington-dulles,0,0,0,Q045::18
Part3/outputs/answers_mistral_7b_prompt2.csv,answers_mistral_7b_prompt2,Q045,W,Cities,19,worcester,worcester,1,0,1,Q045::19
Part3/outputs/answers_mistral_7b_prompt2.csv,answers_mistral_7b_prompt2,Q046,W,Things in a park,0,willowtree,willowtree,0,0,0,Q046::0
Part3/outputs/answers_mistral_7b_prompt2.csv,answers_mistral_7b_prompt2,Q046,W,Things in a park,1,willow-tree,willow-tree,1,0,1,Q046::1
Part3/outputs/answers_mistral_7b_prompt2.csv,answers_mistral_7b_prompt2,Q046,W,Things in a park,2,water fountain,water fountain,1,0,1,Q046::2
Part3/outputs/answers_mistral_7b_prompt2.csv,answers_mistral_7b_prompt2,Q046,W,Things in a park,3,waterfall_willow_whistle,waterfall_willow_whistle,0,0,0,Q046::3
Part3/outputs/answers_mistral_7b_prompt2.csv,answers_mistral_7b_prompt2,Q046,W,Things in a park,4,willow-tree,willow-tree,1,0,1,Q046::4
Part3/outputs/answers_mistral_7b_prompt2.csv,answers_mistral_7b_prompt2,Q046,W,Things in a park,5,water fountain,water fountain,1,0,1,Q046::5
Part3/outputs/answers_mistral_7b_prompt2.csv,answers_mistral_7b_prompt2,Q046,W,Things in a park,6,waterfall_wildflower,waterfall_wildflower,0,0,0,Q046::6
Part3/outputs/answers_mistral_7b_prompt2.csv,answers_mistral_7b_prompt2,Q046,W,Things in a park,7,water fountain,water fountain,1,1,0,Q046::7
Part3/outputs/answers_mistral_7b_prompt2.csv,answers_mistral_7b_prompt2,Q046,W,Things in a park,8,willow-bench,willow-bench,0,0,0,Q046::8
Part3/outputs/answers_mistral_7b_prompt2.csv,answers_mistral_7b_prompt2,Q046,W,Things in a park,9,water fountain walnut tree weather vane wrought-iron bench wind,water fountain walnut tree weather vane wrought-iron bench wind,1,0,1,Q046::9
Part3/outputs/answers_mistral_7b_prompt2.csv,answers_mistral_7b_prompt2,Q046,W,Things in a park,10,waterfall-wildflowers,waterfall-wildflowers,0,0,0,Q046::10
Part3/outputs/answers_mistral_7b_prompt2.csv,answers_mistral_7b_prompt2,Q046,W,Things in a park,11,"water fountain

For more Scattergories help, you can","water fountain for more scattergories help, you can",1,0,1,Q046::11
Part3/outputs/answers_mistral_7b_prompt2.csv,answers_mistral_7b_prompt2,Q046,W,Things in a park,12,willow_tree_bench,willow_tree_bench,0,0,0,Q046::12
Part3/outputs/answers_mistral_7b_prompt2.csv,answers_mistral_7b_prompt2,Q046,W,Things in a park,13,water fountain,water fountain,1,0,1,Q046::13
Part3/outputs/answers_mistral_7b_prompt2.csv,answers_mistral_7b_prompt2,Q046,W,Things in a park,14,"water fountain (common, realistic, and less common than a park bench","water fountain (common, realistic, and less common than a park bench",1,0,1,Q046::14
Part3/outputs/answers_mistral_7b_prompt2.csv,answers_mistral_7b_prompt2,Q046,W,Things in a park,15,water fountain,water fountain,1,0,1,Q046::15
Part3/outputs/answers_mistral_7b_prompt2.csv,answers_mistral_7b_prompt2,Q046,W,Things in a park,16,willow_bench,willow_bench,0,0,0,Q046::16
Part3/outputs/answers_mistral_7b_prompt2.csv,answers_mistral_7b_prompt2,Q046,W,Things in a park,17,willow-tree-swings,willow-tree-swings,0,0,0,Q046::17
Part3/outputs/answers_mistral_7b_prompt2.csv,answers_mistral_7b_prompt2,Q046,W,Things in a park,18,water fountain (note: bench and swing are more common choices),water fountain (note: bench and swing are more common choices,1,0,1,Q046::18
Part3/outputs/answers_mistral_7b_prompt2.csv,answers_mistral_7b_prompt2,Q046,W,Things in a park,19,willow-bench,willow-bench,0,0,0,Q046::19
Part3/outputs/answers_mistral_7b_prompt2.csv,answers_mistral_7b_prompt2,Q047,X,Brands,0,xbox360,xbox360,0,0,0,Q047::0
Part3/outputs/answers_mistral_7b_prompt2.csv,answers_mistral_7b_prompt2,Q047,X,Brands,1,xbox360,xbox360,0,0,0,Q047::1
Part3/outputs/answers_mistral_7b_prompt2.csv,answers_mistral_7b_prompt2,Q047,X,Brands,2,xbox live,xbox live,0,0,0,Q047::2
Part3/outputs/answers_mistral_7b_prompt2.csv,answers_mistral_7b_prompt2,Q047,X,Brands,3,xboxlive,xboxlive,0,0,0,Q047::3
Part3/outputs/answers_mistral_7b_prompt2.csv,answers_mistral_7b_prompt2,Q047,X,Brands,4,xerox,xerox,1,1,0,Q047::4
Part3/outputs/answers_mistral_7b_prompt2.csv,answers_mistral_7b_prompt2,Q047,X,Brands,5,xboxone,xboxone,0,0,0,Q047::5
Part3/outputs/answers_mistral_7b_prompt2.csv,answers_mistral_7b_prompt2,Q047,X,Brands,6,xbox live,xbox live,0,0,0,Q047::6
Part3/outputs/answers_mistral_7b_prompt2.csv,answers_mistral_7b_prompt2,Q047,X,Brands,7,xboxlive,xboxlive,0,0,0,Q047::7
Part3/outputs/answers_mistral_7b_prompt2.csv,answers_mistral_7b_prompt2,Q047,X,Brands,8,xboxlive,xboxlive,0,0,0,Q047::8
Part3/outputs/answers_mistral_7b_prompt2.csv,answers_mistral_7b_prompt2,Q047,X,Brands,9,xboxlive,xboxlive,0,0,0,Q047::9
Part3/outputs/answers_mistral_7b_prompt2.csv,answers_mistral_7b_prompt2,Q047,X,Brands,10,"xerox

Explanation:
Xerox is a well",xerox explanation: xerox is a well,1,0,1,Q047::10
Part3/outputs/answers_mistral_7b_prompt2.csv,answers_mistral_7b_prompt2,Q047,X,Brands,11,"xerox

Explanation: Xerox is a well-",xerox explanation: xerox is a well,1,0,1,Q047::11
Part3/outputs/answers_mistral_7b_prompt2.csv,answers_mistral_7b_prompt2,Q047,X,Brands,12,xbox360,xbox360,0,0,0,Q047::12
Part3/outputs/answers_mistral_7b_prompt2.csv,answers_mistral_7b_prompt2,Q047,X,Brands,13,"xbox

(I chose Xbox because it's a well-known",xbox (i chose xbox because it's a well-known,1,0,1,Q047::13
Part3/outputs/answers_mistral_7b_prompt2.csv,answers_mistral_7b_prompt2,Q047,X,Brands,14,xerox (photocopier brand),xerox (photocopier brand,1,0,1,Q047::14
Part3/outputs/answers_mistral_7b_prompt2.csv,answers_mistral_7b_prompt2,Q047,X,Brands,15,xboxlive,xboxlive,0,0,0,Q047::15
Part3/outputs/answers_mistral_7b_prompt2.csv,answers_mistral_7b_prompt2,Q047,X,Brands,16,xbox360,xbox360,0,0,0,Q047::16
Part3/outputs/answers_mistral_7b_prompt2.csv,answers_mistral_7b_prompt2,Q047,X,Brands,17,xbox,xbox,1,0,1,Q047::17
Part3/outputs/answers_mistral_7b_prompt2.csv,answers_mistral_7b_prompt2,Q047,X,Brands,18,xerox,xerox,1,1,0,Q047::18
Part3/outputs/answers_mistral_7b_prompt2.csv,answers_mistral_7b_prompt2,Q047,X,Brands,19,xboxlive,xboxlive,0,0,0,Q047::19
Part3/outputs/answers_mistral_7b_prompt2.csv,answers_mistral_7b_prompt2,Q048,X,Words in English,0,xylophagous,xylophagous,1,0,1,Q048::0
Part3/outputs/answers_mistral_7b_prompt2.csv,answers_mistral_7b_prompt2,Q048,X,Words in English,1,xylophone,xylophone,1,0,1,Q048::1
Part3/outputs/answers_mistral_7b_prompt2.csv,answers_mistral_7b_prompt2,Q048,X,Words in English,2,xylophone,xylophone,1,0,1,Q048::2
Part3/outputs/answers_mistral_7b_prompt2.csv,answers_mistral_7b_prompt2,Q048,X,Words in English,3,xylophone,xylophone,1,0,1,Q048::3
Part3/outputs/answers_mistral_7b_prompt2.csv,answers_mistral_7b_prompt2,Q048,X,Words in English,4,xylophone,xylophone,1,0,1,Q048::4
Part3/outputs/answers_mistral_7b_prompt2.csv,answers_mistral_7b_prompt2,Q048,X,Words in English,5,xylophagous,xylophagous,1,0,1,Q048::5
Part3/outputs/answers_mistral_7b_prompt2.csv,answers_mistral_7b_prompt2,Q048,X,Words in English,6,xylophone,xylophone,1,0,1,Q048::6
Part3/outputs/answers_mistral_7b_prompt2.csv,answers_mistral_7b_prompt2,Q048,X,Words in English,7,xylophagous,xylophagous,1,0,1,Q048::7
Part3/outputs/answers_mistral_7b_prompt2.csv,answers_mistral_7b_prompt2,Q048,X,Words in English,8,xenophobe,xenophobe,1,0,1,Q048::8
Part3/outputs/answers_mistral_7b_prompt2.csv,answers_mistral_7b_prompt2,Q048,X,Words in English,9,xylophagous,xylophagous,1,0,1,Q048::9
Part3/outputs/answers_mistral_7b_prompt2.csv,answers_mistral_7b_prompt2,Q048,X,Words in English,10,xylophone,xylophone,1,0,1,Q048::10
Part3/outputs/answers_mistral_7b_prompt2.csv,answers_mistral_7b_prompt2,Q048,X,Words in English,11,xylophone,xylophone,1,0,1,Q048::11
Part3/outputs/answers_mistral_7b_prompt2.csv,answers_mistral_7b_prompt2,Q048,X,Words in English,12,xylophone,xylophone,1,0,1,Q048::12
Part3/outputs/answers_mistral_7b_prompt2.csv,answers_mistral_7b_prompt2,Q048,X,Words in English,13,xylophone,xylophone,1,0,1,Q048::13
Part3/outputs/answers_mistral_7b_prompt2.csv,answers_mistral_7b_prompt2,Q048,X,Words in English,14,xylophagous,xylophagous,1,0,1,Q048::14
Part3/outputs/answers_mistral_7b_prompt2.csv,answers_mistral_7b_prompt2,Q048,X,Words in English,15,xylophone,xylophone,1,0,1,Q048::15
Part3/outputs/answers_mistral_7b_prompt2.csv,answers_mistral_7b_prompt2,Q048,X,Words in English,16,xylophone,xylophone,1,0,1,Q048::16
Part3/outputs/answers_mistral_7b_prompt2.csv,answers_mistral_7b_prompt2,Q048,X,Words in English,17,xylophone,xylophone,1,0,1,Q048::17
Part3/outputs/answers_mistral_7b_prompt2.csv,answers_mistral_7b_prompt2,Q048,X,Words in English,18,xylophone,xylophone,1,0,1,Q048::18
Part3/outputs/answers_mistral_7b_prompt2.csv,answers_mistral_7b_prompt2,Q048,X,Words in English,19,xylophone,xylophone,1,0,1,Q048::19
Part3/outputs/answers_mistral_7b_prompt2.csv,answers_mistral_7b_prompt2,Q049,Y,Foods,0,yam fritters,yam fritters,1,0,1,Q049::0
Part3/outputs/answers_mistral_7b_prompt2.csv,answers_mistral_7b_prompt2,Q049,Y,Foods,1,yogurt parfait,yogurt parfait,1,0,1,Q049::1
Part3/outputs/answers_mistral_7b_prompt2.csv,answers_mistral_7b_prompt2,Q049,Y,Foods,2,yogurt parfait,yogurt parfait,1,0,1,Q049::2
Part3/outputs/answers_mistral_7b_prompt2.csv,answers_mistral_7b_prompt2,Q049,Y,Foods,3,yogurt parfait,yogurt parfait,1,0,1,Q049::3
Part3/outputs/answers_mistral_7b_prompt2.csv,answers_mistral_7b_prompt2,Q049,Y,Foods,4,yogurt,yogurt,1,1,0,Q049::4
Part3/outputs/answers_mistral_7b_prompt2.csv,answers_mistral_7b_prompt2,Q049,Y,Foods,5,yogurt parfait,yogurt parfait,1,0,1,Q049::5
Part3/outputs/answers_mistral_7b_prompt2.csv,answers_mistral_7b_prompt2,Q049,Y,Foods,6,yogurt parfait,yogurt parfait,1,0,1,Q049::6
Part3/outputs/answers_mistral_7b_prompt2.csv,answers_mistral_7b_prompt2,Q049,Y,Foods,7,yogurt cake,yogurt cake,1,0,1,Q049::7
Part3/outputs/answers_mistral_7b_prompt2.csv,answers_mistral_7b_prompt2,Q049,Y,Foods,8,yogurt parfait,yogurt parfait,1,0,1,Q049::8
Part3/outputs/answers_mistral_7b_prompt2.csv,answers_mistral_7b_prompt2,Q049,Y,Foods,9,yogurt,yogurt,1,1,0,Q049::9
Part3/outputs/answers_mistral_7b_prompt2.csv,answers_mistral_7b_prompt2,Q049,Y,Foods,10,yogurt covers,yogurt covers,0,0,0,Q049::10
Part3/outputs/answers_mistral_7b_prompt2.csv,answers_mistral_7b_prompt2,Q049,Y,Foods,11,yogurt,yogurt,1,0,1,Q049::11
Part3/outputs/answers_mistral_7b_prompt2.csv,answers_mistral_7b_prompt2,Q049,Y,Foods,12,yogurt parfait,yogurt parfait,1,0,1,Q049::12
Part3/outputs/answers_mistral_7b_prompt2.csv,answers_mistral_7b_prompt2,Q049,Y,Foods,13,yogurt granola,yogurt granola,0,0,0,Q049::13
Part3/outputs/answers_mistral_7b_prompt2.csv,answers_mistral_7b_prompt2,Q049,Y,Foods,14,yogurt parfait,yogurt parfait,1,0,1,Q049::14
Part3/outputs/answers_mistral_7b_prompt2.csv,answers_mistral_7b_prompt2,Q049,Y,Foods,15,yogurt parfait,yogurt parfait,1,0,1,Q049::15
Part3/outputs/answers_mistral_7b_prompt2.csv,answers_mistral_7b_prompt2,Q049,Y,Foods,16,yogurt parfait,yogurt parfait,1,0,1,Q049::16
Part3/outputs/answers_mistral_7b_prompt2.csv,answers_mistral_7b_prompt2,Q049,Y,Foods,17,yogurt parfait,yogurt parfait,1,0,1,Q049::17
Part3/outputs/answers_mistral_7b_prompt2.csv,answers_mistral_7b_prompt2,Q049,Y,Foods,18,yogurt parfait,yogurt parfait,1,0,1,Q049::18
Part3/outputs/answers_mistral_7b_prompt2.csv,answers_mistral_7b_prompt2,Q049,Y,Foods,19,yogurt parfait,yogurt parfait,1,0,1,Q049::19
Part3/outputs/answers_mistral_7b_prompt2.csv,answers_mistral_7b_prompt2,Q050,Y,Things at a party,0,yak-appetizer,yak-appetizer,0,0,0,Q050::0
Part3/outputs/answers_mistral_7b_prompt2.csv,answers_mistral_7b_prompt2,Q050,Y,Things at a party,1,yak-appetizer,yak-appetizer,0,0,0,Q050::1
Part3/outputs/answers_mistral_7b_prompt2.csv,answers_mistral_7b_prompt2,Q050,Y,Things at a party,2,yakappa_bowl,yakappa_bowl,0,0,0,Q050::2
Part3/outputs/answers_mistral_7b_prompt2.csv,answers_mistral_7b_prompt2,Q050,Y,Things at a party,3,yakappetizer,yakappetizer,0,0,0,Q050::3
Part3/outputs/answers_mistral_7b_prompt2.csv,answers_mistral_7b_prompt2,Q050,Y,Things at a party,4,yak-appetizer,yak-appetizer,0,0,0,Q050::4
Part3/outputs/answers_mistral_7b_prompt2.csv,answers_mistral_7b_prompt2,Q050,Y,Things at a party,5,yak-appetizer,yak-appetizer,0,0,0,Q050::5
Part3/outputs/answers_mistral_7b_prompt2.csv,answers_mistral_7b_prompt2,Q050,Y,Things at a party,6,yak-appetizer,yak-appetizer,0,0,0,Q050::6
Part3/outputs/answers_mistral_7b_prompt2.csv,answers_mistral_7b_prompt2,Q050,Y,Things at a party,7,yacht cocktails,yacht cocktails,0,0,0,Q050::7
Part3/outputs/answers_mistral_7b_prompt2.csv,answers_mistral_7b_prompt2,Q050,Y,Things at a party,8,yak appetizer,yak appetizer,0,0,0,Q050::8
Part3/outputs/answers_mistral_7b_prompt2.csv,answers_mistral_7b_prompt2,Q050,Y,Things at a party,9,yoga mat,yoga mat,0,0,0,Q050::9
Part3/outputs/answers_mistral_7b_prompt2.csv,answers_mistral_7b_prompt2,Q050,Y,Things at a party,10,yacht cocktail,yacht cocktail,0,0,0,Q050::10
Part3/outputs/answers_mistral_7b_prompt2.csv,answers_mistral_7b_prompt2,Q050,Y,Things at a party,11,yak-appetizer,yak-appetizer,0,0,0,Q050::11
Part3/outputs/answers_mistral_7b_prompt2.csv,answers_mistral_7b_prompt2,Q050,Y,Things at a party,12,jukebox yoyo,jukebox yoyo,0,0,0,Q050::12
Part3/outputs/answers_mistral_7b_prompt2.csv,answers_mistral_7b_prompt2,Q050,Y,Things at a party,13,yak cocktail,yak cocktail,0,0,0,Q050::13
Part3/outputs/answers_mistral_7b_prompt2.csv,answers_mistral_7b_prompt2,Q050,Y,Things at a party,14,yak-appetizer,yak-appetizer,0,0,0,Q050::14
Part3/outputs/answers_mistral_7b_prompt2.csv,answers_mistral_7b_prompt2,Q050,Y,Things at a party,15,cocktail yarn,cocktail yarn,0,0,0,Q050::15
Part3/outputs/answers_mistral_7b_prompt2.csv,answers_mistral_7b_prompt2,Q050,Y,Things at a party,16,yacht cocktails,yacht cocktails,0,0,0,Q050::16
Part3/outputs/answers_mistral_7b_prompt2.csv,answers_mistral_7b_prompt2,Q050,Y,Things at a party,17,yak-appetizer,yak-appetizer,0,0,0,Q050::17
Part3/outputs/answers_mistral_7b_prompt2.csv,answers_mistral_7b_prompt2,Q050,Y,Things at a party,18,yak-appetizer,yak-appetizer,0,0,0,Q050::18
Part3/outputs/answers_mistral_7b_prompt2.csv,answers_mistral_7b_prompt2,Q050,Y,Things at a party,19,yak-appetizer,yak-appetizer,0,0,0,Q050::19
Part3/outputs/answers_mistral_7b_prompt2.csv,answers_mistral_7b_prompt2,Q051,Z,Animals,0,zebrid,zebrid,0,0,0,Q051::0
Part3/outputs/answers_mistral_7b_prompt2.csv,answers_mistral_7b_prompt2,Q051,Z,Animals,1,zebrazoo,zebrazoo,0,0,0,Q051::1
Part3/outputs/answers_mistral_7b_prompt2.csv,answers_mistral_7b_prompt2,Q051,Z,Animals,2,zebra finch,zebra finch,1,0,1,Q051::2
Part3/outputs/answers_mistral_7b_prompt2.csv,answers_mistral_7b_prompt2,Q051,Z,Animals,3,zebra,zebra,1,1,0,Q051::3
Part3/outputs/answers_mistral_7b_prompt2.csv,answers_mistral_7b_prompt2,Q051,Z,Animals,4,zebrafinch,zebrafinch,0,0,0,Q051::4
Part3/outputs/answers_mistral_7b_prompt2.csv,answers_mistral_7b_prompt2,Q051,Z,Animals,5,zebra finch,zebra finch,1,0,1,Q051::5
Part3/outputs/answers_mistral_7b_prompt2.csv,answers_mistral_7b_prompt2,Q051,Z,Animals,6,zebrabird,zebrabird,0,0,0,Q051::6
Part3/outputs/answers_mistral_7b_prompt2.csv,answers_mistral_7b_prompt2,Q051,Z,Animals,7,zebrafish,zebrafish,1,0,1,Q051::7
Part3/outputs/answers_mistral_7b_prompt2.csv,answers_mistral_7b_prompt2,Q051,Z,Animals,8,zebrid,zebrid,0,0,0,Q051::8
Part3/outputs/answers_mistral_7b_prompt2.csv,answers_mistral_7b_prompt2,Q051,Z,Animals,9,zebrafish,zebrafish,1,0,1,Q051::9
Part3/outputs/answers_mistral_7b_prompt2.csv,answers_mistral_7b_prompt2,Q051,Z,Animals,10,zebrafinch,zebrafinch,0,0,0,Q051::10
Part3/outputs/answers_mistral_7b_prompt2.csv,answers_mistral_7b_prompt2,Q051,Z,Animals,11,zebra Finch,zebra finch,1,0,1,Q051::11
Part3/outputs/answers_mistral_7b_prompt2.csv,answers_mistral_7b_prompt2,Q051,Z,Animals,12,zebra finch,zebra finch,1,0,1,Q051::12
Part3/outputs/answers_mistral_7b_prompt2.csv,answers_mistral_7b_prompt2,Q051,Z,Animals,13,zebrabird,zebrabird,0,0,0,Q051::13
Part3/outputs/answers_mistral_7b_prompt2.csv,answers_mistral_7b_prompt2,Q051,Z,Animals,14,zebracub,zebracub,0,0,0,Q051::14
Part3/outputs/answers_mistral_7b_prompt2.csv,answers_mistral_7b_prompt2,Q051,Z,Animals,15,zebrafinch,zebrafinch,0,0,0,Q051::15
Part3/outputs/answers_mistral_7b_prompt2.csv,answers_mistral_7b_prompt2,Q051,Z,Animals,16,zebrafinch,zebrafinch,0,0,0,Q051::16
Part3/outputs/answers_mistral_7b_prompt2.csv,answers_mistral_7b_prompt2,Q051,Z,Animals,17,zebrid,zebrid,0,0,0,Q051::17
Part3/outputs/answers_mistral_7b_prompt2.csv,answers_mistral_7b_prompt2,Q051,Z,Animals,18,zebrafinch,zebrafinch,0,0,0,Q051::18
Part3/outputs/answers_mistral_7b_prompt2.csv,answers_mistral_7b_prompt2,Q051,Z,Animals,19,zebrafinch,zebrafinch,0,0,0,Q051::19
Part3/outputs/answers_mistral_7b_prompt2.csv,answers_mistral_7b_prompt2,Q052,Z,Things in a zoo,0,zebra,zebra,1,0,1,Q052::0
Part3/outputs/answers_mistral_7b_prompt2.csv,answers_mistral_7b_prompt2,Q052,Z,Things in a zoo,1,zebra enclosure,zebra enclosure,0,0,0,Q052::1
Part3/outputs/answers_mistral_7b_prompt2.csv,answers_mistral_7b_prompt2,Q052,Z,Things in a zoo,2,zebra,zebra,1,1,0,Q052::2
Part3/outputs/answers_mistral_7b_prompt2.csv,answers_mistral_7b_prompt2,Q052,Z,Things in a zoo,3,zebra,zebra,1,1,0,Q052::3
Part3/outputs/answers_mistral_7b_prompt2.csv,answers_mistral_7b_prompt2,Q052,Z,Things in a zoo,4,zebra,zebra,1,1,0,Q052::4
Part3/outputs/answers_mistral_7b_prompt2.csv,answers_mistral_7b_prompt2,Q052,Z,Things in a zoo,5,zebra,zebra,1,1,0,Q052::5
Part3/outputs/answers_mistral_7b_prompt2.csv,answers_mistral_7b_prompt2,Q052,Z,Things in a zoo,6,zebra enclosure,zebra enclosure,0,0,0,Q052::6
Part3/outputs/answers_mistral_7b_prompt2.csv,answers_mistral_7b_prompt2,Q052,Z,Things in a zoo,7,zebra enclosure,zebra enclosure,0,0,0,Q052::7
Part3/outputs/answers_mistral_7b_prompt2.csv,answers_mistral_7b_prompt2,Q052,Z,Things in a zoo,8,zebra enclosure,zebra enclosure,0,0,0,Q052::8
Part3/outputs/answers_mistral_7b_prompt2.csv,answers_mistral_7b_prompt2,Q052,Z,Things in a zoo,9,zebra,zebra,1,1,0,Q052::9
Part3/outputs/answers_mistral_7b_prompt2.csv,answers_mistral_7b_prompt2,Q052,Z,Things in a zoo,10,zebra,zebra,1,1,0,Q052::10
Part3/outputs/answers_mistral_7b_prompt2.csv,answers_mistral_7b_prompt2,Q052,Z,Things in a zoo,11,zebra enclosure,zebra enclosure,0,0,0,Q052::11
Part3/outputs/answers_mistral_7b_prompt2.csv,answers_mistral_7b_prompt2,Q052,Z,Things in a zoo,12,zebra,zebra,1,1,0,Q052::12
Part3/outputs/answers_mistral_7b_prompt2.csv,answers_mistral_7b_prompt2,Q052,Z,Things in a zoo,13,zebra enclosure,zebra enclosure,0,0,0,Q052::13
Part3/outputs/answers_mistral_7b_prompt2.csv,answers_mistral_7b_prompt2,Q052,Z,Things in a zoo,14,zebra,zebra,1,0,1,Q052::14
Part3/outputs/answers_mistral_7b_prompt2.csv,answers_mistral_7b_prompt2,Q052,Z,Things in a zoo,15,zebra,zebra,1,0,1,Q052::15
Part3/outputs/answers_mistral_7b_prompt2.csv,answers_mistral_7b_prompt2,Q052,Z,Things in a zoo,16,zebra,zebra,1,0,1,Q052::16
Part3/outputs/answers_mistral_7b_prompt2.csv,answers_mistral_7b_prompt2,Q052,Z,Things in a zoo,17,"zebra, kangaroo, flamingo, zorilla","zebra, kangaroo, flamingo, zorilla",0,0,0,Q052::17
Part3/outputs/answers_mistral_7b_prompt2.csv,answers_mistral_7b_prompt2,Q052,Z,Things in a zoo,18,zebra enclosure,zebra enclosure,0,0,0,Q052::18
Part3/outputs/answers_mistral_7b_prompt2.csv,answers_mistral_7b_prompt2,Q052,Z,Things in a zoo,19,"zebra, kangaroo, flamingo, zonkey","zebra, kangaroo, flamingo, zonkey",0,0,0,Q052::19
Part3/outputs/answers_mistral_7b_prompt2.csv,answers_mistral_7b_prompt2,Q053,A,Things in a kitchen,0,apron hook,apron hook,0,0,0,Q053::0
Part3/outputs/answers_mistral_7b_prompt2.csv,answers_mistral_7b_prompt2,Q053,A,Things in a kitchen,1,apron hook,apron hook,0,0,0,Q053::1
Part3/outputs/answers_mistral_7b_prompt2.csv,answers_mistral_7b_prompt2,Q053,A,Things in a kitchen,2,apron rack,apron rack,0,0,0,Q053::2
Part3/outputs/answers_mistral_7b_prompt2.csv,answers_mistral_7b_prompt2,Q053,A,Things in a kitchen,3,apron hook,apron hook,0,0,0,Q053::3
Part3/outputs/answers_mistral_7b_prompt2.csv,answers_mistral_7b_prompt2,Q053,A,Things in a kitchen,4,apron hook,apron hook,0,0,0,Q053::4
Part3/outputs/answers_mistral_7b_prompt2.csv,answers_mistral_7b_prompt2,Q053,A,Things in a kitchen,5,apron hook,apron hook,0,0,0,Q053::5
Part3/outputs/answers_mistral_7b_prompt2.csv,answers_mistral_7b_prompt2,Q053,A,Things in a kitchen,6,apron hook,apron hook,0,0,0,Q053::6
Part3/outputs/answers_mistral_7b_prompt2.csv,answers_mistral_7b_prompt2,Q053,A,Things in a kitchen,7,apron hook,apron hook,0,0,0,Q053::7
Part3/outputs/answers_mistral_7b_prompt2.csv,answers_mistral_7b_prompt2,Q053,A,Things in a kitchen,8,apron hook,apron hook,0,0,0,Q053::8
Part3/outputs/answers_mistral_7b_prompt2.csv,answers_mistral_7b_prompt2,Q053,A,Things in a kitchen,9,apron rack,apron rack,0,0,0,Q053::9
Part3/outputs/answers_mistral_7b_prompt2.csv,answers_mistral_7b_prompt2,Q053,A,Things in a kitchen,10,apple juice aerator,apple juice aerator,0,0,0,Q053::10
Part3/outputs/answers_mistral_7b_prompt2.csv,answers_mistral_7b_prompt2,Q053,A,Things in a kitchen,11,apron hook,apron hook,0,0,0,Q053::11
Part3/outputs/answers_mistral_7b_prompt2.csv,answers_mistral_7b_prompt2,Q053,A,Things in a kitchen,12,apron rack,apron rack,0,0,0,Q053::12
Part3/outputs/answers_mistral_7b_prompt2.csv,answers_mistral_7b_prompt2,Q053,A,Things in a kitchen,13,apron hook,apron hook,0,0,0,Q053::13
Part3/outputs/answers_mistral_7b_prompt2.csv,answers_mistral_7b_prompt2,Q053,A,Things in a kitchen,14,apron hook,apron hook,0,0,0,Q053::14
Part3/outputs/answers_mistral_7b_prompt2.csv,answers_mistral_7b_prompt2,Q053,A,Things in a kitchen,15,apron hook,apron hook,0,0,0,Q053::15
Part3/outputs/answers_mistral_7b_prompt2.csv,answers_mistral_7b_prompt2,Q053,A,Things in a kitchen,16,apron hook,apron hook,0,0,0,Q053::16
Part3/outputs/answers_mistral_7b_prompt2.csv,answers_mistral_7b_prompt2,Q053,A,Things in a kitchen,17,"apple peeler

For those unfamiliar with Scattergories rules:",apple peeler for those unfamiliar with scattergories rules,1,0,1,Q053::17
Part3/outputs/answers_mistral_7b_prompt2.csv,answers_mistral_7b_prompt2,Q053,A,Things in a kitchen,18,apron hook,apron hook,0,0,0,Q053::18
Part3/outputs/answers_mistral_7b_prompt2.csv,answers_mistral_7b_prompt2,Q053,A,Things in a kitchen,19,apron hook,apron hook,0,0,0,Q053::19
Part3/outputs/answers_mistral_7b_prompt2.csv,answers_mistral_7b_prompt2,Q054,B,Singers,0,bjork,bjork,1,0,1,Q054::0
Part3/outputs/answers_mistral_7b_prompt2.csv,answers_mistral_7b_prompt2,Q054,B,Singers,1,barbra streisand,barbra streisand,1,0,1,Q054::1
Part3/outputs/answers_mistral_7b_prompt2.csv,answers_mistral_7b_prompt2,Q054,B,Singers,2,billy joel,billy joel,1,0,1,Q054::2
Part3/outputs/answers_mistral_7b_prompt2.csv,answers_mistral_7b_prompt2,Q054,B,Singers,3,barbra streisand,barbra streisand,1,0,1,Q054::3
Part3/outputs/answers_mistral_7b_prompt2.csv,answers_mistral_7b_prompt2,Q054,B,Singers,4,bjork,bjork,1,0,1,Q054::4
Part3/outputs/answers_mistral_7b_prompt2.csv,answers_mistral_7b_prompt2,Q054,B,Singers,5,barbra streisand,barbra streisand,1,0,1,Q054::5
Part3/outputs/answers_mistral_7b_prompt2.csv,answers_mistral_7b_prompt2,Q054,B,Singers,6,barbra streisand,barbra streisand,1,0,1,Q054::6
Part3/outputs/answers_mistral_7b_prompt2.csv,answers_mistral_7b_prompt2,Q054,B,Singers,7,barbra streisand,barbra streisand,1,0,1,Q054::7
Part3/outputs/answers_mistral_7b_prompt2.csv,answers_mistral_7b_prompt2,Q054,B,Singers,8,barbra streisand,barbra streisand,1,0,1,Q054::8
Part3/outputs/answers_mistral_7b_prompt2.csv,answers_mistral_7b_prompt2,Q054,B,Singers,9,bjork,bjork,1,0,1,Q054::9
Part3/outputs/answers_mistral_7b_prompt2.csv,answers_mistral_7b_prompt2,Q054,B,Singers,10,barbra streisand,barbra streisand,1,0,1,Q054::10
Part3/outputs/answers_mistral_7b_prompt2.csv,answers_mistral_7b_prompt2,Q054,B,Singers,11,barbra streisand,barbra streisand,1,0,1,Q054::11
Part3/outputs/answers_mistral_7b_prompt2.csv,answers_mistral_7b_prompt2,Q054,B,Singers,12,barbra streisand,barbra streisand,1,0,1,Q054::12
Part3/outputs/answers_mistral_7b_prompt2.csv,answers_mistral_7b_prompt2,Q054,B,Singers,13,barry white,barry white,1,0,1,Q054::13
Part3/outputs/answers_mistral_7b_prompt2.csv,answers_mistral_7b_prompt2,Q054,B,Singers,14,bjork,bjork,1,0,1,Q054::14
Part3/outputs/answers_mistral_7b_prompt2.csv,answers_mistral_7b_prompt2,Q054,B,Singers,15,barrywhite,barrywhite,1,0,1,Q054::15
Part3/outputs/answers_mistral_7b_prompt2.csv,answers_mistral_7b_prompt2,Q054,B,Singers,16,barbra streisand,barbra streisand,1,0,1,Q054::16
Part3/outputs/answers_mistral_7b_prompt2.csv,answers_mistral_7b_prompt2,Q054,B,Singers,17,barbra streisand,barbra streisand,1,0,1,Q054::17
Part3/outputs/answers_mistral_7b_prompt2.csv,answers_mistral_7b_prompt2,Q054,B,Singers,18,brittany spears,brittany spears,1,0,1,Q054::18
Part3/outputs/answers_mistral_7b_prompt2.csv,answers_mistral_7b_prompt2,Q054,B,Singers,19,barbra streisand,barbra streisand,1,0,1,Q054::19
Part3/outputs/answers_mistral_7b_prompt2.csv,answers_mistral_7b_prompt2,Q055,C,Desserts,0,chocolate cake clafoutis,chocolate cake clafoutis,1,0,1,Q055::0
Part3/outputs/answers_mistral_7b_prompt2.csv,answers_mistral_7b_prompt2,Q055,C,Desserts,1,chocolate cake clafoutis,chocolate cake clafoutis,1,0,1,Q055::1
Part3/outputs/answers_mistral_7b_prompt2.csv,answers_mistral_7b_prompt2,Q055,C,Desserts,2,chocolate chip cookie,chocolate chip cookie,1,0,1,Q055::2
Part3/outputs/answers_mistral_7b_prompt2.csv,answers_mistral_7b_prompt2,Q055,C,Desserts,3,chocolate chip cookie cake,chocolate chip cookie cake,1,0,1,Q055::3
Part3/outputs/answers_mistral_7b_prompt2.csv,answers_mistral_7b_prompt2,Q055,C,Desserts,4,chocolate cake,chocolate cake,1,0,1,Q055::4
Part3/outputs/answers_mistral_7b_prompt2.csv,answers_mistral_7b_prompt2,Q055,C,Desserts,5,chocolate chip cookie cake,chocolate chip cookie cake,1,0,1,Q055::5
Part3/outputs/answers_mistral_7b_prompt2.csv,answers_mistral_7b_prompt2,Q055,C,Desserts,6,chocolate crepe cake,chocolate crepe cake,1,0,1,Q055::6
Part3/outputs/answers_mistral_7b_prompt2.csv,answers_mistral_7b_prompt2,Q055,C,Desserts,7,chocolate cake crumble,chocolate cake crumble,0,0,0,Q055::7
Part3/outputs/answers_mistral_7b_prompt2.csv,answers_mistral_7b_prompt2,Q055,C,Desserts,8,chocolate cake crumble,chocolate cake crumble,0,0,0,Q055::8
Part3/outputs/answers_mistral_7b_prompt2.csv,answers_mistral_7b_prompt2,Q055,C,Desserts,9,chocolate cake clafoutis,chocolate cake clafoutis,1,0,1,Q055::9
Part3/outputs/answers_mistral_7b_prompt2.csv,answers_mistral_7b_prompt2,Q055,C,Desserts,10,chocolate chip cannoli,chocolate chip cannoli,1,0,1,Q055::10
Part3/outputs/answers_mistral_7b_prompt2.csv,answers_mistral_7b_prompt2,Q055,C,Desserts,11,cherry clafoutis,cherry clafoutis,1,0,1,Q055::11
Part3/outputs/answers_mistral_7b_prompt2.csv,answers_mistral_7b_prompt2,Q055,C,Desserts,12,chocolate cake clafoutis,chocolate cake clafoutis,1,0,1,Q055::12
Part3/outputs/answers_mistral_7b_prompt2.csv,answers_mistral_7b_prompt2,Q055,C,Desserts,13,chocolate cake,chocolate cake,1,0,1,Q055::13
Part3/outputs/answers_mistral_7b_prompt2.csv,answers_mistral_7b_prompt2,Q055,C,Desserts,14,chocolate creme caramel,chocolate creme caramel,1,0,1,Q055::14
Part3/outputs/answers_mistral_7b_prompt2.csv,answers_mistral_7b_prompt2,Q055,C,Desserts,15,chocolate cake crumble,chocolate cake crumble,0,0,0,Q055::15
Part3/outputs/answers_mistral_7b_prompt2.csv,answers_mistral_7b_prompt2,Q055,C,Desserts,16,chocolate cake clafoutis cinnamon crumble,chocolate cake clafoutis cinnamon crumble,0,0,0,Q055::16
Part3/outputs/answers_mistral_7b_prompt2.csv,answers_mistral_7b_prompt2,Q055,C,Desserts,17,chocolate cake crumble,chocolate cake crumble,0,0,0,Q055::17
Part3/outputs/answers_mistral_7b_prompt2.csv,answers_mistral_7b_prompt2,Q055,C,Desserts,18,chocolate cake clafoutis,chocolate cake clafoutis,1,0,1,Q055::18
Part3/outputs/answers_mistral_7b_prompt2.csv,answers_mistral_7b_prompt2,Q055,C,Desserts,19,chocolate cake crumble,chocolate cake crumble,0,0,0,Q055::19
Part3/outputs/answers_mistral_7b_prompt2.csv,answers_mistral_7b_prompt2,Q056,D,Plants,0,dandelion,dandelion,1,1,0,Q056::0
Part3/outputs/answers_mistral_7b_prompt2.csv,answers_mistral_7b_prompt2,Q056,D,Plants,1,daffodil,daffodil,1,0,1,Q056::1
Part3/outputs/answers_mistral_7b_prompt2.csv,answers_mistral_7b_prompt2,Q056,D,Plants,2,daisy daylily dandelion dogwood,daisy daylily dandelion dogwood,1,0,1,Q056::2
Part3/outputs/answers_mistral_7b_prompt2.csv,answers_mistral_7b_prompt2,Q056,D,Plants,3,dandelion,dandelion,1,1,0,Q056::3
Part3/outputs/answers_mistral_7b_prompt2.csv,answers_mistral_7b_prompt2,Q056,D,Plants,4,dandelion,dandelion,1,0,1,Q056::4
Part3/outputs/answers_mistral_7b_prompt2.csv,answers_mistral_7b_prompt2,Q056,D,Plants,5,dandelion,dandelion,1,1,0,Q056::5
Part3/outputs/answers_mistral_7b_prompt2.csv,answers_mistral_7b_prompt2,Q056,D,Plants,6,dandelion,dandelion,1,1,0,Q056::6
Part3/outputs/answers_mistral_7b_prompt2.csv,answers_mistral_7b_prompt2,Q056,D,Plants,7,dandelion,dandelion,1,1,0,Q056::7
Part3/outputs/answers_mistral_7b_prompt2.csv,answers_mistral_7b_prompt2,Q056,D,Plants,8,dandelion,dandelion,1,1,0,Q056::8
Part3/outputs/answers_mistral_7b_prompt2.csv,answers_mistral_7b_prompt2,Q056,D,Plants,9,dandelion,dandelion,1,0,1,Q056::9
Part3/outputs/answers_mistral_7b_prompt2.csv,answers_mistral_7b_prompt2,Q056,D,Plants,10,dandelion,dandelion,1,1,0,Q056::10
Part3/outputs/answers_mistral_7b_prompt2.csv,answers_mistral_7b_prompt2,Q056,D,Plants,11,daisywood,daisywood,0,0,0,Q056::11
Part3/outputs/answers_mistral_7b_prompt2.csv,answers_mistral_7b_prompt2,Q056,D,Plants,12,dandelion,dandelion,1,1,0,Q056::12
Part3/outputs/answers_mistral_7b_prompt2.csv,answers_mistral_7b_prompt2,Q056,D,Plants,13,dandelion,dandelion,1,0,1,Q056::13
Part3/outputs/answers_mistral_7b_prompt2.csv,answers_mistral_7b_prompt2,Q056,D,Plants,14,dandelion,dandelion,1,0,1,Q056::14
Part3/outputs/answers_mistral_7b_prompt2.csv,answers_mistral_7b_prompt2,Q056,D,Plants,15,dandelion,dandelion,1,1,0,Q056::15
Part3/outputs/answers_mistral_7b_prompt2.csv,answers_mistral_7b_prompt2,Q056,D,Plants,16,dandelion,dandelion,1,0,1,Q056::16
Part3/outputs/answers_mistral_7b_prompt2.csv,answers_mistral_7b_prompt2,Q056,D,Plants,17,dandelion,dandelion,1,1,0,Q056::17
Part3/outputs/answers_mistral_7b_prompt2.csv,answers_mistral_7b_prompt2,Q056,D,Plants,18,dandelion,dandelion,1,1,0,Q056::18
Part3/outputs/answers_mistral_7b_prompt2.csv,answers_mistral_7b_prompt2,Q056,D,Plants,19,dandelion,dandelion,1,0,1,Q056::19
Part3/outputs/answers_mistral_7b_prompt2.csv,answers_mistral_7b_prompt2,Q057,E,Companies,0,ericsson,ericsson,1,0,1,Q057::0
Part3/outputs/answers_mistral_7b_prompt2.csv,answers_mistral_7b_prompt2,Q057,E,Companies,1,ebay,ebay,1,1,0,Q057::1
Part3/outputs/answers_mistral_7b_prompt2.csv,answers_mistral_7b_prompt2,Q057,E,Companies,2,eastman-kodak,eastman-kodak,1,0,1,Q057::2
Part3/outputs/answers_mistral_7b_prompt2.csv,answers_mistral_7b_prompt2,Q057,E,Companies,3,ericsson,ericsson,1,0,1,Q057::3
Part3/outputs/answers_mistral_7b_prompt2.csv,answers_mistral_7b_prompt2,Q057,E,Companies,4,ebay,ebay,1,0,1,Q057::4
Part3/outputs/answers_mistral_7b_prompt2.csv,answers_mistral_7b_prompt2,Q057,E,Companies,5,expedia,expedia,1,0,1,Q057::5
Part3/outputs/answers_mistral_7b_prompt2.csv,answers_mistral_7b_prompt2,Q057,E,Companies,6,ebay,ebay,1,0,1,Q057::6
Part3/outputs/answers_mistral_7b_prompt2.csv,answers_mistral_7b_prompt2,Q057,E,Companies,7,erykite-technologies,erykite-technologies,0,0,0,Q057::7
Part3/outputs/answers_mistral_7b_prompt2.csv,answers_mistral_7b_prompt2,Q057,E,Companies,8,"appleinc

Explanation: The company Apple Inc. is a well",appleinc explanation: the company apple inc. is a well,0,0,0,Q057::8
Part3/outputs/answers_mistral_7b_prompt2.csv,answers_mistral_7b_prompt2,Q057,E,Companies,9,erykite technologies,erykite technologies,0,0,0,Q057::9
Part3/outputs/answers_mistral_7b_prompt2.csv,answers_mistral_7b_prompt2,Q057,E,Companies,10,erminie-jeantet,erminie-jeantet,0,0,0,Q057::10
Part3/outputs/answers_mistral_7b_prompt2.csv,answers_mistral_7b_prompt2,Q057,E,Companies,11,ebay,ebay,1,0,1,Q057::11
Part3/outputs/answers_mistral_7b_prompt2.csv,answers_mistral_7b_prompt2,Q057,E,Companies,12,eBay,ebay,1,0,1,Q057::12
Part3/outputs/answers_mistral_7b_prompt2.csv,answers_mistral_7b_prompt2,Q057,E,Companies,13,ebay,ebay,1,1,0,Q057::13
Part3/outputs/answers_mistral_7b_prompt2.csv,answers_mistral_7b_prompt2,Q057,E,Companies,14,eBay,ebay,1,0,1,Q057::14
Part3/outputs/answers_mistral_7b_prompt2.csv,answers_mistral_7b_prompt2,Q057,E,Companies,15,"appleinc

Explanation: Apple Inc., a multinational technology","appleinc explanation: apple inc., a multinational technology",0,0,0,Q057::15
Part3/outputs/answers_mistral_7b_prompt2.csv,answers_mistral_7b_prompt2,Q057,E,Companies,16,eastman-kodak,eastman-kodak,1,0,1,Q057::16
Part3/outputs/answers_mistral_7b_prompt2.csv,answers_mistral_7b_prompt2,Q057,E,Companies,17,eBay,ebay,1,0,1,Q057::17
Part3/outputs/answers_mistral_7b_prompt2.csv,answers_mistral_7b_prompt2,Q057,E,Companies,18,eBay,ebay,1,0,1,Q057::18
Part3/outputs/answers_mistral_7b_prompt2.csv,answers_mistral_7b_prompt2,Q057,E,Companies,19,elephanttrunkinc,elephanttrunkinc,0,0,0,Q057::19
Part3/outputs/answers_mistral_7b_prompt2.csv,answers_mistral_7b_prompt2,Q058,F,Movie characters,0,forrest gump legman,forrest gump legman,0,0,0,Q058::0
Part3/outputs/answers_mistral_7b_prompt2.csv,answers_mistral_7b_prompt2,Q058,F,Movie characters,1,forrest gump legman,forrest gump legman,0,0,0,Q058::1
Part3/outputs/answers_mistral_7b_prompt2.csv,answers_mistral_7b_prompt2,Q058,F,Movie characters,2,forrest gump legman,forrest gump legman,0,0,0,Q058::2
Part3/outputs/answers_mistral_7b_prompt2.csv,answers_mistral_7b_prompt2,Q058,F,Movie characters,3,forrest gump legman,forrest gump legman,0,0,0,Q058::3
Part3/outputs/answers_mistral_7b_prompt2.csv,answers_mistral_7b_prompt2,Q058,F,Movie characters,4,forrest gump legman,forrest gump legman,0,0,0,Q058::4
Part3/outputs/answers_mistral_7b_prompt2.csv,answers_mistral_7b_prompt2,Q058,F,Movie characters,5,forrest gump legman,forrest gump legman,0,0,0,Q058::5
Part3/outputs/answers_mistral_7b_prompt2.csv,answers_mistral_7b_prompt2,Q058,F,Movie characters,6,forrest gump legman,forrest gump legman,0,0,0,Q058::6
Part3/outputs/answers_mistral_7b_prompt2.csv,answers_mistral_7b_prompt2,Q058,F,Movie characters,7,forrest gump legless salesman,forrest gump legless salesman,0,0,0,Q058::7
Part3/outputs/answers_mistral_7b_prompt2.csv,answers_mistral_7b_prompt2,Q058,F,Movie characters,8,forrest gump legman,forrest gump legman,0,0,0,Q058::8
Part3/outputs/answers_mistral_7b_prompt2.csv,answers_mistral_7b_prompt2,Q058,F,Movie characters,9,forrest gump legs,forrest gump legs,0,0,0,Q058::9
Part3/outputs/answers_mistral_7b_prompt2.csv,answers_mistral_7b_prompt2,Q058,F,Movie characters,10,forrest gump legman,forrest gump legman,0,0,0,Q058::10
Part3/outputs/answers_mistral_7b_prompt2.csv,answers_mistral_7b_prompt2,Q058,F,Movie characters,11,forrest gump legman,forrest gump legman,0,0,0,Q058::11
Part3/outputs/answers_mistral_7b_prompt2.csv,answers_mistral_7b_prompt2,Q058,F,Movie characters,12,forrest gump legless soldier,forrest gump legless soldier,0,0,0,Q058::12
Part3/outputs/answers_mistral_7b_prompt2.csv,answers_mistral_7b_prompt2,Q058,F,Movie characters,13,forrest gump legman,forrest gump legman,0,0,0,Q058::13
Part3/outputs/answers_mistral_7b_prompt2.csv,answers_mistral_7b_prompt2,Q058,F,Movie characters,14,forrest gump legman,forrest gump legman,0,0,0,Q058::14
Part3/outputs/answers_mistral_7b_prompt2.csv,answers_mistral_7b_prompt2,Q058,F,Movie characters,15,forrest gump legman,forrest gump legman,0,0,0,Q058::15
Part3/outputs/answers_mistral_7b_prompt2.csv,answers_mistral_7b_prompt2,Q058,F,Movie characters,16,forrest gump legman,forrest gump legman,0,0,0,Q058::16
Part3/outputs/answers_mistral_7b_prompt2.csv,answers_mistral_7b_prompt2,Q058,F,Movie characters,17,forrest gump legman,forrest gump legman,0,0,0,Q058::17
Part3/outputs/answers_mistral_7b_prompt2.csv,answers_mistral_7b_prompt2,Q058,F,Movie characters,18,forrest gump legman,forrest gump legman,0,0,0,Q058::18
Part3/outputs/answers_mistral_7b_prompt2.csv,answers_mistral_7b_prompt2,Q058,F,Movie characters,19,forrest gump legman,forrest gump legman,0,0,0,Q058::19
Part3/outputs/answers_mistral_7b_prompt2.csv,answers_mistral_7b_prompt2,Q059,G,Things in a toolbox,0,wrench gasket pliers clamp gauge file,wrench gasket pliers clamp gauge file,1,0,1,Q059::0
Part3/outputs/answers_mistral_7b_prompt2.csv,answers_mistral_7b_prompt2,Q059,G,Things in a toolbox,1,allen wrench pliers claw hammer tape measure screwdriver file set level,allen wrench pliers claw hammer tape measure screwdriver file set level,0,0,0,Q059::1
Part3/outputs/answers_mistral_7b_prompt2.csv,answers_mistral_7b_prompt2,Q059,G,Things in a toolbox,2,"philipshead

Explanation: This answer is a common and realistic",philipshead explanation: this answer is a common and realistic,0,0,0,Q059::2
Part3/outputs/answers_mistral_7b_prompt2.csv,answers_mistral_7b_prompt2,Q059,G,Things in a toolbox,3,hammer gauge pliers wrench grease,hammer gauge pliers wrench grease,0,0,0,Q059::3
Part3/outputs/answers_mistral_7b_prompt2.csv,answers_mistral_7b_prompt2,Q059,G,Things in a toolbox,4,gripper pliers gauge hammer wrench screwdriver tape measure,gripper pliers gauge hammer wrench screwdriver tape measure,0,0,0,Q059::4
Part3/outputs/answers_mistral_7b_prompt2.csv,answers_mistral_7b_prompt2,Q059,G,Things in a toolbox,5,hammer grip,hammer grip,0,0,0,Q059::5
Part3/outputs/answers_mistral_7b_prompt2.csv,answers_mistral_7b_prompt2,Q059,G,Things in a toolbox,6,hammer grip,hammer grip,0,0,0,Q059::6
Part3/outputs/answers_mistral_7b_prompt2.csv,answers_mistral_7b_prompt2,Q059,G,Things in a toolbox,7,nail file pliers hammer wrench tape measure level clamps screwdriver,nail file pliers hammer wrench tape measure level clamps screwdriver,0,0,0,Q059::7
Part3/outputs/answers_mistral_7b_prompt2.csv,answers_mistral_7b_prompt2,Q059,G,Things in a toolbox,8,Phillips-head screwdriver,phillips-head screwdriver,0,0,0,Q059::8
Part3/outputs/answers_mistral_7b_prompt2.csv,answers_mistral_7b_prompt2,Q059,G,Things in a toolbox,9,nailfile gripclamp screwdriver hacksaw tape measure pliers level w,nailfile gripclamp screwdriver hacksaw tape measure pliers level w,0,0,0,Q059::9
Part3/outputs/answers_mistral_7b_prompt2.csv,answers_mistral_7b_prompt2,Q059,G,Things in a toolbox,10,hammer gauge wrench pliers screwdriver tape measure clamps file,hammer gauge wrench pliers screwdriver tape measure clamps file,0,0,0,Q059::10
Part3/outputs/answers_mistral_7b_prompt2.csv,answers_mistral_7b_prompt2,Q059,G,Things in a toolbox,11,Phillipsheadscrewdriver,phillipsheadscrewdriver,0,0,0,Q059::11
Part3/outputs/answers_mistral_7b_prompt2.csv,answers_mistral_7b_prompt2,Q059,G,Things in a toolbox,12,nailfile pliers screwdriver tape measure wrench hammer clamps,nailfile pliers screwdriver tape measure wrench hammer clamps,0,0,0,Q059::12
Part3/outputs/answers_mistral_7b_prompt2.csv,answers_mistral_7b_prompt2,Q059,G,Things in a toolbox,13,hammer gauge pliers wrench glue,hammer gauge pliers wrench glue,0,0,0,Q059::13
Part3/outputs/answers_mistral_7b_prompt2.csv,answers_mistral_7b_prompt2,Q059,G,Things in a toolbox,14,hammer grip,hammer grip,0,0,0,Q059::14
Part3/outputs/answers_mistral_7b_prompt2.csv,answers_mistral_7b_prompt2,Q059,G,Things in a toolbox,15,hammer grip,hammer grip,0,0,0,Q059::15
Part3/outputs/answers_mistral_7b_prompt2.csv,answers_mistral_7b_prompt2,Q059,G,Things in a toolbox,16,hammer gauge wrench pliers tape measure level,hammer gauge wrench pliers tape measure level,0,0,0,Q059::16
Part3/outputs/answers_mistral_7b_prompt2.csv,answers_mistral_7b_prompt2,Q059,G,Things in a toolbox,17,nail file hacksaw wrench pliers screwdriver tape measure file clutch pl,nail file hacksaw wrench pliers screwdriver tape measure file clutch pl,0,0,0,Q059::17
Part3/outputs/answers_mistral_7b_prompt2.csv,answers_mistral_7b_prompt2,Q059,G,Things in a toolbox,18,hammer gauge pliers wrench gasket grease gauge guide,hammer gauge pliers wrench gasket grease gauge guide,0,0,0,Q059::18
Part3/outputs/answers_mistral_7b_prompt2.csv,answers_mistral_7b_prompt2,Q059,G,Things in a toolbox,19,hammer grip,hammer grip,0,0,0,Q059::19
Part3/outputs/answers_mistral_7b_prompt2.csv,answers_mistral_7b_prompt2,Q060,H,Countries,0,holland,holland,0,0,0,Q060::0
Part3/outputs/answers_mistral_7b_prompt2.csv,answers_mistral_7b_prompt2,Q060,H,Countries,1,helvetica-switzerland,helvetica-switzerland,0,0,0,Q060::1
Part3/outputs/answers_mistral_7b_prompt2.csv,answers_mistral_7b_prompt2,Q060,H,Countries,2,hectoria,hectoria,0,0,0,Q060::2
Part3/outputs/answers_mistral_7b_prompt2.csv,answers_mistral_7b_prompt2,Q060,H,Countries,3,henderson island,henderson island,0,0,0,Q060::3
Part3/outputs/answers_mistral_7b_prompt2.csv,answers_mistral_7b_prompt2,Q060,H,Countries,4,henderson Island,henderson island,0,0,0,Q060::4
Part3/outputs/answers_mistral_7b_prompt2.csv,answers_mistral_7b_prompt2,Q060,H,Countries,5,hexagonalafrica,hexagonalafrica,0,0,0,Q060::5
Part3/outputs/answers_mistral_7b_prompt2.csv,answers_mistral_7b_prompt2,Q060,H,Countries,6,henderson island,henderson island,0,0,0,Q060::6
Part3/outputs/answers_mistral_7b_prompt2.csv,answers_mistral_7b_prompt2,Q060,H,Countries,7,haiti,haiti,1,0,1,Q060::7
Part3/outputs/answers_mistral_7b_prompt2.csv,answers_mistral_7b_prompt2,Q060,H,Countries,8,henderson island,henderson island,0,0,0,Q060::8
Part3/outputs/answers_mistral_7b_prompt2.csv,answers_mistral_7b_prompt2,Q060,H,Countries,9,henderson island,henderson island,0,0,0,Q060::9
Part3/outputs/answers_mistral_7b_prompt2.csv,answers_mistral_7b_prompt2,Q060,H,Countries,10,holland,holland,0,0,0,Q060::10
Part3/outputs/answers_mistral_7b_prompt2.csv,answers_mistral_7b_prompt2,Q060,H,Countries,11,henderson island,henderson island,0,0,0,Q060::11
Part3/outputs/answers_mistral_7b_prompt2.csv,answers_mistral_7b_prompt2,Q060,H,Countries,12,hectoria,hectoria,0,0,0,Q060::12
Part3/outputs/answers_mistral_7b_prompt2.csv,answers_mistral_7b_prompt2,Q060,H,Countries,13,holland,holland,0,0,0,Q060::13
Part3/outputs/answers_mistral_7b_prompt2.csv,answers_mistral_7b_prompt2,Q060,H,Countries,14,henderson Island,henderson island,0,0,0,Q060::14
Part3/outputs/answers_mistral_7b_prompt2.csv,answers_mistral_7b_prompt2,Q060,H,Countries,15,hawaii,hawaii,0,0,0,Q060::15
Part3/outputs/answers_mistral_7b_prompt2.csv,answers_mistral_7b_prompt2,Q060,H,Countries,16,henderson island,henderson island,0,0,0,Q060::16
Part3/outputs/answers_mistral_7b_prompt2.csv,answers_mistral_7b_prompt2,Q060,H,Countries,17,hectoria-island,hectoria-island,0,0,0,Q060::17
Part3/outputs/answers_mistral_7b_prompt2.csv,answers_mistral_7b_prompt2,Q060,H,Countries,18,honduras,honduras,1,1,0,Q060::18
Part3/outputs/answers_mistral_7b_prompt2.csv,answers_mistral_7b_prompt2,Q060,H,Countries,19,holland,holland,0,0,0,Q060::19
Part3/outputs/answers_mistral_7b_prompt2.csv,answers_mistral_7b_prompt2,Q061,I,Musical artists,0,ice-blue-eyes (Eurythmics),ice-blue-eyes (eurythmics,0,0,0,Q061::0
Part3/outputs/answers_mistral_7b_prompt2.csv,answers_mistral_7b_prompt2,Q061,I,Musical artists,1,ice-cube,ice-cube,0,0,0,Q061::1
Part3/outputs/answers_mistral_7b_prompt2.csv,answers_mistral_7b_prompt2,Q061,I,Musical artists,2,ice-cube,ice-cube,0,0,0,Q061::2
Part3/outputs/answers_mistral_7b_prompt2.csv,answers_mistral_7b_prompt2,Q061,I,Musical artists,3,irish-wild-wilderness,irish-wild-wilderness,0,0,0,Q061::3
Part3/outputs/answers_mistral_7b_prompt2.csv,answers_mistral_7b_prompt2,Q061,I,Musical artists,4,ice-t,ice-t,1,0,1,Q061::4
Part3/outputs/answers_mistral_7b_prompt2.csv,answers_mistral_7b_prompt2,Q061,I,Musical artists,5,iceage denmark,iceage denmark,0,0,0,Q061::5
Part3/outputs/answers_mistral_7b_prompt2.csv,answers_mistral_7b_prompt2,Q061,I,Musical artists,6,ice-t,ice-t,1,0,1,Q061::6
Part3/outputs/answers_mistral_7b_prompt2.csv,answers_mistral_7b_prompt2,Q061,I,Musical artists,7,"irish radionspot

Explanation: Irish Radio Spot is a",irish radionspot explanation: irish radio spot is a,0,0,0,Q061::7
Part3/outputs/answers_mistral_7b_prompt2.csv,answers_mistral_7b_prompt2,Q061,I,Musical artists,8,ice-cube,ice-cube,0,0,0,Q061::8
Part3/outputs/answers_mistral_7b_prompt2.csv,answers_mistral_7b_prompt2,Q061,I,Musical artists,9,ice-t,ice-t,1,0,1,Q061::9
Part3/outputs/answers_mistral_7b_prompt2.csv,answers_mistral_7b_prompt2,Q061,I,Musical artists,10,iron maiden,iron maiden,1,0,1,Q061::10
Part3/outputs/answers_mistral_7b_prompt2.csv,answers_mistral_7b_prompt2,Q061,I,Musical artists,11,irish-wild-colours,irish-wild-colours,0,0,0,Q061::11
Part3/outputs/answers_mistral_7b_prompt2.csv,answers_mistral_7b_prompt2,Q061,I,Musical artists,12,ice-t,ice-t,1,0,1,Q061::12
Part3/outputs/answers_mistral_7b_prompt2.csv,answers_mistral_7b_prompt2,Q061,I,Musical artists,13,ice-blue eyes (Imperial Teen),ice-blue eyes (imperial teen,0,0,0,Q061::13
Part3/outputs/answers_mistral_7b_prompt2.csv,answers_mistral_7b_prompt2,Q061,I,Musical artists,14,ice-t,ice-t,1,0,1,Q061::14
Part3/outputs/answers_mistral_7b_prompt2.csv,answers_mistral_7b_prompt2,Q061,I,Musical artists,15,ice-t,ice-t,1,0,1,Q061::15
Part3/outputs/answers_mistral_7b_prompt2.csv,answers_mistral_7b_prompt2,Q061,I,Musical artists,16,ice-t,ice-t,1,0,1,Q061::16
Part3/outputs/answers_mistral_7b_prompt2.csv,answers_mistral_7b_prompt2,Q061,I,Musical artists,17,irish radiophonic orchestra,irish radiophonic orchestra,0,0,0,Q061::17
Part3/outputs/answers_mistral_7b_prompt2.csv,answers_mistral_7b_prompt2,Q061,I,Musical artists,18,iris dement,iris dement,1,0,1,Q061::18
Part3/outputs/answers_mistral_7b_prompt2.csv,answers_mistral_7b_prompt2,Q061,I,Musical artists,19,ice-t,ice-t,1,0,1,Q061::19
Part3/outputs/answers_mistral_7b_prompt2.csv,answers_mistral_7b_prompt2,Q062,J,Things in a refrigerator,0,juice jug butter yogurt jam,juice jug butter yogurt jam,1,0,1,Q062::0
Part3/outputs/answers_mistral_7b_prompt2.csv,answers_mistral_7b_prompt2,Q062,J,Things in a refrigerator,1,juice jugs jam,juice jugs jam,0,0,0,Q062::1
Part3/outputs/answers_mistral_7b_prompt2.csv,answers_mistral_7b_prompt2,Q062,J,Things in a refrigerator,2,juice jugs jelly jam,juice jugs jelly jam,1,0,1,Q062::2
Part3/outputs/answers_mistral_7b_prompt2.csv,answers_mistral_7b_prompt2,Q062,J,Things in a refrigerator,3,juicejamlettucejuice,juicejamlettucejuice,0,0,0,Q062::3
Part3/outputs/answers_mistral_7b_prompt2.csv,answers_mistral_7b_prompt2,Q062,J,Things in a refrigerator,4,juice jars,juice jars,0,0,0,Q062::4
Part3/outputs/answers_mistral_7b_prompt2.csv,answers_mistral_7b_prompt2,Q062,J,Things in a refrigerator,5,juice jug butter brie jam,juice jug butter brie jam,1,0,1,Q062::5
Part3/outputs/answers_mistral_7b_prompt2.csv,answers_mistral_7b_prompt2,Q062,J,Things in a refrigerator,6,juice jug yogurt jar,juice jug yogurt jar,1,0,1,Q062::6
Part3/outputs/answers_mistral_7b_prompt2.csv,answers_mistral_7b_prompt2,Q062,J,Things in a refrigerator,7,juice jug butter yogurt jam eggs jello,juice jug butter yogurt jam eggs jello,1,0,1,Q062::7
Part3/outputs/answers_mistral_7b_prompt2.csv,answers_mistral_7b_prompt2,Q062,J,Things in a refrigerator,8,juice jugs jelly jam yogurt,juice jugs jelly jam yogurt,1,0,1,Q062::8
Part3/outputs/answers_mistral_7b_prompt2.csv,answers_mistral_7b_prompt2,Q062,J,Things in a refrigerator,9,juice jug butter cheese jelly jam yogurt,juice jug butter cheese jelly jam yogurt,1,0,1,Q062::9
Part3/outputs/answers_mistral_7b_prompt2.csv,answers_mistral_7b_prompt2,Q062,J,Things in a refrigerator,10,juice jug butter jar cream cheese yogurt jelly jam,juice jug butter jar cream cheese yogurt jelly jam,1,0,1,Q062::10
Part3/outputs/answers_mistral_7b_prompt2.csv,answers_mistral_7b_prompt2,Q062,J,Things in a refrigerator,11,juicejamlemonyogurt,juicejamlemonyogurt,0,0,0,Q062::11
Part3/outputs/answers_mistral_7b_prompt2.csv,answers_mistral_7b_prompt2,Q062,J,Things in a refrigerator,12,juice jug yogurt,juice jug yogurt,0,0,0,Q062::12
Part3/outputs/answers_mistral_7b_prompt2.csv,answers_mistral_7b_prompt2,Q062,J,Things in a refrigerator,13,juice jug butter jam eggs yogurt jellies,juice jug butter jam eggs yogurt jellies,1,0,1,Q062::13
Part3/outputs/answers_mistral_7b_prompt2.csv,answers_mistral_7b_prompt2,Q062,J,Things in a refrigerator,14,juice jug yogurt jar,juice jug yogurt jar,1,0,1,Q062::14
Part3/outputs/answers_mistral_7b_prompt2.csv,answers_mistral_7b_prompt2,Q062,J,Things in a refrigerator,15,juice jug yogurt jar,juice jug yogurt jar,1,0,1,Q062::15
Part3/outputs/answers_mistral_7b_prompt2.csv,answers_mistral_7b_prompt2,Q062,J,Things in a refrigerator,16,juice jugs jam jello,juice jugs jam jello,1,0,1,Q062::16
Part3/outputs/answers_mistral_7b_prompt2.csv,answers_mistral_7b_prompt2,Q062,J,Things in a refrigerator,17,juice jug butter yogurt jelly jam,juice jug butter yogurt jelly jam,1,0,1,Q062::17
Part3/outputs/answers_mistral_7b_prompt2.csv,answers_mistral_7b_prompt2,Q062,J,Things in a refrigerator,18,juice jug,juice jug,1,0,1,Q062::18
Part3/outputs/answers_mistral_7b_prompt2.csv,answers_mistral_7b_prompt2,Q062,J,Things in a refrigerator,19,juice jug butter bread jam yogurt,juice jug butter bread jam yogurt,1,0,1,Q062::19
Part3/outputs/answers_mistral_7b_prompt2.csv,answers_mistral_7b_prompt2,Q063,K,Cities,0,kyoto,kyoto,1,0,1,Q063::0
Part3/outputs/answers_mistral_7b_prompt2.csv,answers_mistral_7b_prompt2,Q063,K,Cities,1,kyoto,kyoto,1,0,1,Q063::1
Part3/outputs/answers_mistral_7b_prompt2.csv,answers_mistral_7b_prompt2,Q063,K,Cities,2,kansas_city,kansas_city,0,0,0,Q063::2
Part3/outputs/answers_mistral_7b_prompt2.csv,answers_mistral_7b_prompt2,Q063,K,Cities,3,kyoto,kyoto,1,0,1,Q063::3
Part3/outputs/answers_mistral_7b_prompt2.csv,answers_mistral_7b_prompt2,Q063,K,Cities,4,kyoto,kyoto,1,0,1,Q063::4
Part3/outputs/answers_mistral_7b_prompt2.csv,answers_mistral_7b_prompt2,Q063,K,Cities,5,kyoto,kyoto,1,0,1,Q063::5
Part3/outputs/answers_mistral_7b_prompt2.csv,answers_mistral_7b_prompt2,Q063,K,Cities,6,kyoto,kyoto,1,0,1,Q063::6
Part3/outputs/answers_mistral_7b_prompt2.csv,answers_mistral_7b_prompt2,Q063,K,Cities,7,kyoto,kyoto,1,0,1,Q063::7
Part3/outputs/answers_mistral_7b_prompt2.csv,answers_mistral_7b_prompt2,Q063,K,Cities,8,kyoto,kyoto,1,0,1,Q063::8
Part3/outputs/answers_mistral_7b_prompt2.csv,answers_mistral_7b_prompt2,Q063,K,Cities,9,kyoto,kyoto,1,0,1,Q063::9
Part3/outputs/answers_mistral_7b_prompt2.csv,answers_mistral_7b_prompt2,Q063,K,Cities,10,kyoto,kyoto,1,0,1,Q063::10
Part3/outputs/answers_mistral_7b_prompt2.csv,answers_mistral_7b_prompt2,Q063,K,Cities,11,kyoto,kyoto,1,0,1,Q063::11
Part3/outputs/answers_mistral_7b_prompt2.csv,answers_mistral_7b_prompt2,Q063,K,Cities,12,kyoto,kyoto,1,0,1,Q063::12
Part3/outputs/answers_mistral_7b_prompt2.csv,answers_mistral_7b_prompt2,Q063,K,Cities,13,kyoto,kyoto,1,0,1,Q063::13
Part3/outputs/answers_mistral_7b_prompt2.csv,answers_mistral_7b_prompt2,Q063,K,Cities,14,kyoto,kyoto,1,0,1,Q063::14
Part3/outputs/answers_mistral_7b_prompt2.csv,answers_mistral_7b_prompt2,Q063,K,Cities,15,kyoto,kyoto,1,0,1,Q063::15
Part3/outputs/answers_mistral_7b_prompt2.csv,answers_mistral_7b_prompt2,Q063,K,Cities,16,kyoto,kyoto,1,0,1,Q063::16
Part3/outputs/answers_mistral_7b_prompt2.csv,answers_mistral_7b_prompt2,Q063,K,Cities,17,kyoto,kyoto,1,0,1,Q063::17
Part3/outputs/answers_mistral_7b_prompt2.csv,answers_mistral_7b_prompt2,Q063,K,Cities,18,kansas_city,kansas_city,0,0,0,Q063::18
Part3/outputs/answers_mistral_7b_prompt2.csv,answers_mistral_7b_prompt2,Q063,K,Cities,19,kyoto,kyoto,1,0,1,Q063::19
Part3/outputs/answers_mistral_7b_prompt2.csv,answers_mistral_7b_prompt2,Q064,L,Things in a library,0,leather-bound books,leather-bound books,1,0,1,Q064::0
Part3/outputs/answers_mistral_7b_prompt2.csv,answers_mistral_7b_prompt2,Q064,L,Things in a library,1,bookcart ladders magazines locker,bookcart ladders magazines locker,0,0,0,Q064::1
Part3/outputs/answers_mistral_7b_prompt2.csv,answers_mistral_7b_prompt2,Q064,L,Things in a library,2,bookcart ladders magazine rack,bookcart ladders magazine rack,0,0,0,Q064::2
Part3/outputs/answers_mistral_7b_prompt2.csv,answers_mistral_7b_prompt2,Q064,L,Things in a library,3,bookshelf lamp computer desk chair magazine cart,bookshelf lamp computer desk chair magazine cart,0,0,0,Q064::3
Part3/outputs/answers_mistral_7b_prompt2.csv,answers_mistral_7b_prompt2,Q064,L,Things in a library,4,leather-bound bookshelf,leather-bound bookshelf,0,0,0,Q064::4
Part3/outputs/answers_mistral_7b_prompt2.csv,answers_mistral_7b_prompt2,Q064,L,Things in a library,5,bookcart ladders magazine rack microfilm reader,bookcart ladders magazine rack microfilm reader,1,0,1,Q064::5
Part3/outputs/answers_mistral_7b_prompt2.csv,answers_mistral_7b_prompt2,Q064,L,Things in a library,6,bookcart ladders magazines periodicals stacks shelves table,bookcart ladders magazines periodicals stacks shelves table,1,0,1,Q064::6
Part3/outputs/answers_mistral_7b_prompt2.csv,answers_mistral_7b_prompt2,Q064,L,Things in a library,7,bookcart ladders periodicals shelving stacks tables,bookcart ladders periodicals shelving stacks tables,0,0,0,Q064::7
Part3/outputs/answers_mistral_7b_prompt2.csv,answers_mistral_7b_prompt2,Q064,L,Things in a library,8,library ladder,library ladder,1,0,1,Q064::8
Part3/outputs/answers_mistral_7b_prompt2.csv,answers_mistral_7b_prompt2,Q064,L,Things in a library,9,bookcart ladders magazine rack,bookcart ladders magazine rack,0,0,0,Q064::9
Part3/outputs/answers_mistral_7b_prompt2.csv,answers_mistral_7b_prompt2,Q064,L,Things in a library,10,leather-bound bookshelf,leather-bound bookshelf,0,0,0,Q064::10
Part3/outputs/answers_mistral_7b_prompt2.csv,answers_mistral_7b_prompt2,Q064,L,Things in a library,11,bookcart,bookcart,0,0,0,Q064::11
Part3/outputs/answers_mistral_7b_prompt2.csv,answers_mistral_7b_prompt2,Q064,L,Things in a library,12,library ladder,library ladder,1,0,1,Q064::12
Part3/outputs/answers_mistral_7b_prompt2.csv,answers_mistral_7b_prompt2,Q064,L,Things in a library,13,"bookcart

For other letter-category combinations, you can generate answers using","bookcart for other letter-category combinations, you can generate answers using",0,0,0,Q064::13
Part3/outputs/answers_mistral_7b_prompt2.csv,answers_mistral_7b_prompt2,Q064,L,Things in a library,14,bookcart,bookcart,0,0,0,Q064::14
Part3/outputs/answers_mistral_7b_prompt2.csv,answers_mistral_7b_prompt2,Q064,L,Things in a library,15,"bookcart

Note: The other obvious choices like ""library"" or ""","bookcart note: the other obvious choices like ""library"" or",0,0,0,Q064::15
Part3/outputs/answers_mistral_7b_prompt2.csv,answers_mistral_7b_prompt2,Q064,L,Things in a library,16,book cart desk ladder lift stairs table,book cart desk ladder lift stairs table,0,0,0,Q064::16
Part3/outputs/answers_mistral_7b_prompt2.csv,answers_mistral_7b_prompt2,Q064,L,Things in a library,17,bookcart library laptop computer desk chair table,bookcart library laptop computer desk chair table,0,0,0,Q064::17
Part3/outputs/answers_mistral_7b_prompt2.csv,answers_mistral_7b_prompt2,Q064,L,Things in a library,18,library lamp,library lamp,1,0,1,Q064::18
Part3/outputs/answers_mistral_7b_prompt2.csv,answers_mistral_7b_prompt2,Q064,L,Things in a library,19,bookcart shelf ladder computer desk chair,bookcart shelf ladder computer desk chair,0,0,0,Q064::19
Part3/outputs/answers_llama32_3b_prompt2.csv,answers_llama32_3b_prompt2,Q001,A,Animals,0,armadillo,armadillo,1,1,0,Q001::0
Part3/outputs/answers_llama32_3b_prompt2.csv,answers_llama32_3b_prompt2,Q001,A,Animals,1,armadillo,armadillo,1,1,0,Q001::1
Part3/outputs/answers_llama32_3b_prompt2.csv,answers_llama32_3b_prompt2,Q001,A,Animals,2,armadillo,armadillo,1,1,0,Q001::2
Part3/outputs/answers_llama32_3b_prompt2.csv,answers_llama32_3b_prompt2,Q001,A,Animals,3,alpaca,alpaca,1,0,1,Q001::3
Part3/outputs/answers_llama32_3b_prompt2.csv,answers_llama32_3b_prompt2,Q001,A,Animals,4,addax,addax,1,0,1,Q001::4
Part3/outputs/answers_llama32_3b_prompt2.csv,answers_llama32_3b_prompt2,Q001,A,Animals,5,addax,addax,1,0,1,Q001::5
Part3/outputs/answers_llama32_3b_prompt2.csv,answers_llama32_3b_prompt2,Q001,A,Animals,6,armadillo,armadillo,1,0,1,Q001::6
Part3/outputs/answers_llama32_3b_prompt2.csv,answers_llama32_3b_prompt2,Q001,A,Animals,7,alligator,alligator,1,0,1,Q001::7
Part3/outputs/answers_llama32_3b_prompt2.csv,answers_llama32_3b_prompt2,Q001,A,Animals,8,alligator,alligator,1,0,1,Q001::8
Part3/outputs/answers_llama32_3b_prompt2.csv,answers_llama32_3b_prompt2,Q001,A,Animals,9,armadillo,armadillo,1,1,0,Q001::9
Part3/outputs/answers_llama32_3b_prompt2.csv,answers_llama32_3b_prompt2,Q001,A,Animals,10,armadillo,armadillo,1,0,1,Q001::10
Part3/outputs/answers_llama32_3b_prompt2.csv,answers_llama32_3b_prompt2,Q001,A,Animals,11,alligator,alligator,1,0,1,Q001::11
Part3/outputs/answers_llama32_3b_prompt2.csv,answers_llama32_3b_prompt2,Q001,A,Animals,12,antelope,antelope,1,0,1,Q001::12
Part3/outputs/answers_llama32_3b_prompt2.csv,answers_llama32_3b_prompt2,Q001,A,Animals,13,alligator,alligator,1,0,1,Q001::13
Part3/outputs/answers_llama32_3b_prompt2.csv,answers_llama32_3b_prompt2,Q001,A,Animals,14,alligator,alligator,1,0,1,Q001::14
Part3/outputs/answers_llama32_3b_prompt2.csv,answers_llama32_3b_prompt2,Q001,A,Animals,15,addax,addax,1,0,1,Q001::15
Part3/outputs/answers_llama32_3b_prompt2.csv,answers_llama32_3b_prompt2,Q001,A,Animals,16,addax,addax,1,0,1,Q001::16
Part3/outputs/answers_llama32_3b_prompt2.csv,answers_llama32_3b_prompt2,Q001,A,Animals,17,addax,addax,1,0,1,Q001::17
Part3/outputs/answers_llama32_3b_prompt2.csv,answers_llama32_3b_prompt2,Q001,A,Animals,18,tiger,tiger,0,0,0,Q001::18
Part3/outputs/answers_llama32_3b_prompt2.csv,answers_llama32_3b_prompt2,Q001,A,Animals,19,addax,addax,1,0,1,Q001::19
Part3/outputs/answers_llama32_3b_prompt2.csv,answers_llama32_3b_prompt2,Q002,A,Jobs,0,accountant,accountant,1,0,1,Q002::0
Part3/outputs/answers_llama32_3b_prompt2.csv,answers_llama32_3b_prompt2,Q002,A,Jobs,1,accountant,accountant,1,0,1,Q002::1
Part3/outputs/answers_llama32_3b_prompt2.csv,answers_llama32_3b_prompt2,Q002,A,Jobs,2,accountant,accountant,1,0,1,Q002::2
Part3/outputs/answers_llama32_3b_prompt2.csv,answers_llama32_3b_prompt2,Q002,A,Jobs,3,accountant,accountant,1,0,1,Q002::3
Part3/outputs/answers_llama32_3b_prompt2.csv,answers_llama32_3b_prompt2,Q002,A,Jobs,4,accountant,accountant,1,0,1,Q002::4
Part3/outputs/answers_llama32_3b_prompt2.csv,answers_llama32_3b_prompt2,Q002,A,Jobs,5,accountant,accountant,1,0,1,Q002::5
Part3/outputs/answers_llama32_3b_prompt2.csv,answers_llama32_3b_prompt2,Q002,A,Jobs,6,accountant,accountant,1,0,1,Q002::6
Part3/outputs/answers_llama32_3b_prompt2.csv,answers_llama32_3b_prompt2,Q002,A,Jobs,7,accountant,accountant,1,0,1,Q002::7
Part3/outputs/answers_llama32_3b_prompt2.csv,answers_llama32_3b_prompt2,Q002,A,Jobs,8,accountant,accountant,1,0,1,Q002::8
Part3/outputs/answers_llama32_3b_prompt2.csv,answers_llama32_3b_prompt2,Q002,A,Jobs,9,accountant,accountant,1,0,1,Q002::9
Part3/outputs/answers_llama32_3b_prompt2.csv,answers_llama32_3b_prompt2,Q002,A,Jobs,10,accountant,accountant,1,1,0,Q002::10
Part3/outputs/answers_llama32_3b_prompt2.csv,answers_llama32_3b_prompt2,Q002,A,Jobs,11,assistant,assistant,1,0,1,Q002::11
Part3/outputs/answers_llama32_3b_prompt2.csv,answers_llama32_3b_prompt2,Q002,A,Jobs,12,accountant,accountant,1,0,1,Q002::12
Part3/outputs/answers_llama32_3b_prompt2.csv,answers_llama32_3b_prompt2,Q002,A,Jobs,13,accountant,accountant,1,0,1,Q002::13
Part3/outputs/answers_llama32_3b_prompt2.csv,answers_llama32_3b_prompt2,Q002,A,Jobs,14,accountant,accountant,1,0,1,Q002::14
Part3/outputs/answers_llama32_3b_prompt2.csv,answers_llama32_3b_prompt2,Q002,A,Jobs,15,architect,architect,1,0,1,Q002::15
Part3/outputs/answers_llama32_3b_prompt2.csv,answers_llama32_3b_prompt2,Q002,A,Jobs,16,accountant,accountant,1,0,1,Q002::16
Part3/outputs/answers_llama32_3b_prompt2.csv,answers_llama32_3b_prompt2,Q002,A,Jobs,17,accountant,accountant,1,0,1,Q002::17
Part3/outputs/answers_llama32_3b_prompt2.csv,answers_llama32_3b_prompt2,Q002,A,Jobs,18,accountant,accountant,1,0,1,Q002::18
Part3/outputs/answers_llama32_3b_prompt2.csv,answers_llama32_3b_prompt2,Q002,A,Jobs,19,architect,architect,1,0,1,Q002::19
Part3/outputs/answers_llama32_3b_prompt2.csv,answers_llama32_3b_prompt2,Q003,B,Fruits,0,bengal orange,bengal orange,0,0,0,Q003::0
Part3/outputs/answers_llama32_3b_prompt2.csv,answers_llama32_3b_prompt2,Q003,B,Fruits,1,banana,banana,1,0,1,Q003::1
Part3/outputs/answers_llama32_3b_prompt2.csv,answers_llama32_3b_prompt2,Q003,B,Fruits,2,blueberry,blueberry,1,0,1,Q003::2
Part3/outputs/answers_llama32_3b_prompt2.csv,answers_llama32_3b_prompt2,Q003,B,Fruits,3,beet,beet,0,0,0,Q003::3
Part3/outputs/answers_llama32_3b_prompt2.csv,answers_llama32_3b_prompt2,Q003,B,Fruits,4,blueberry,blueberry,1,1,0,Q003::4
Part3/outputs/answers_llama32_3b_prompt2.csv,answers_llama32_3b_prompt2,Q003,B,Fruits,5,bengal orange,bengal orange,0,0,0,Q003::5
Part3/outputs/answers_llama32_3b_prompt2.csv,answers_llama32_3b_prompt2,Q003,B,Fruits,6,bansuri,bansuri,0,0,0,Q003::6
Part3/outputs/answers_llama32_3b_prompt2.csv,answers_llama32_3b_prompt2,Q003,B,Fruits,7,banana,banana,1,0,1,Q003::7
Part3/outputs/answers_llama32_3b_prompt2.csv,answers_llama32_3b_prompt2,Q003,B,Fruits,8,blackberry,blackberry,1,0,1,Q003::8
Part3/outputs/answers_llama32_3b_prompt2.csv,answers_llama32_3b_prompt2,Q003,B,Fruits,9,blueberry,blueberry,1,0,1,Q003::9
Part3/outputs/answers_llama32_3b_prompt2.csv,answers_llama32_3b_prompt2,Q003,B,Fruits,10,blackberry,blackberry,1,0,1,Q003::10
Part3/outputs/answers_llama32_3b_prompt2.csv,answers_llama32_3b_prompt2,Q003,B,Fruits,11,banana,banana,1,0,1,Q003::11
Part3/outputs/answers_llama32_3b_prompt2.csv,answers_llama32_3b_prompt2,Q003,B,Fruits,12,bananas,bananas,1,0,1,Q003::12
Part3/outputs/answers_llama32_3b_prompt2.csv,answers_llama32_3b_prompt2,Q003,B,Fruits,13,blood orange,blood orange,1,0,1,Q003::13
Part3/outputs/answers_llama32_3b_prompt2.csv,answers_llama32_3b_prompt2,Q003,B,Fruits,14,boysenberry,boysenberry,1,0,1,Q003::14
Part3/outputs/answers_llama32_3b_prompt2.csv,answers_llama32_3b_prompt2,Q003,B,Fruits,15,boysenberry,boysenberry,1,0,1,Q003::15
Part3/outputs/answers_llama32_3b_prompt2.csv,answers_llama32_3b_prompt2,Q003,B,Fruits,16,blueberry,blueberry,1,0,1,Q003::16
Part3/outputs/answers_llama32_3b_prompt2.csv,answers_llama32_3b_prompt2,Q003,B,Fruits,17,bannana,bannana,0,0,0,Q003::17
Part3/outputs/answers_llama32_3b_prompt2.csv,answers_llama32_3b_prompt2,Q003,B,Fruits,18,banyan,banyan,0,0,0,Q003::18
Part3/outputs/answers_llama32_3b_prompt2.csv,answers_llama32_3b_prompt2,Q003,B,Fruits,19,bannana,bannana,0,0,0,Q003::19
Part3/outputs/answers_llama32_3b_prompt2.csv,answers_llama32_3b_prompt2,Q004,B,Things that are red,0,beet,beet,1,0,1,Q004::0
Part3/outputs/answers_llama32_3b_prompt2.csv,answers_llama32_3b_prompt2,Q004,B,Things that are red,1,brick,brick,1,0,1,Q004::1
Part3/outputs/answers_llama32_3b_prompt2.csv,answers_llama32_3b_prompt2,Q004,B,Things that are red,2,brick,brick,1,0,1,Q004::2
Part3/outputs/answers_llama32_3b_prompt2.csv,answers_llama32_3b_prompt2,Q004,B,Things that are red,3,beet,beet,1,0,1,Q004::3
Part3/outputs/answers_llama32_3b_prompt2.csv,answers_llama32_3b_prompt2,Q004,B,Things that are red,4,brick,brick,1,0,1,Q004::4
Part3/outputs/answers_llama32_3b_prompt2.csv,answers_llama32_3b_prompt2,Q004,B,Things that are red,5,barnacles,barnacles,0,0,0,Q004::5
Part3/outputs/answers_llama32_3b_prompt2.csv,answers_llama32_3b_prompt2,Q004,B,Things that are red,6,beet,beet,1,0,1,Q004::6
Part3/outputs/answers_llama32_3b_prompt2.csv,answers_llama32_3b_prompt2,Q004,B,Things that are red,7,bell peppers,bell peppers,1,0,1,Q004::7
Part3/outputs/answers_llama32_3b_prompt2.csv,answers_llama32_3b_prompt2,Q004,B,Things that are red,8,beet,beet,1,0,1,Q004::8
Part3/outputs/answers_llama32_3b_prompt2.csv,answers_llama32_3b_prompt2,Q004,B,Things that are red,9,beet,beet,1,0,1,Q004::9
Part3/outputs/answers_llama32_3b_prompt2.csv,answers_llama32_3b_prompt2,Q004,B,Things that are red,10,beets,beets,1,0,1,Q004::10
Part3/outputs/answers_llama32_3b_prompt2.csv,answers_llama32_3b_prompt2,Q004,B,Things that are red,11,beet,beet,1,0,1,Q004::11
Part3/outputs/answers_llama32_3b_prompt2.csv,answers_llama32_3b_prompt2,Q004,B,Things that are red,12,beets,beets,1,0,1,Q004::12
Part3/outputs/answers_llama32_3b_prompt2.csv,answers_llama32_3b_prompt2,Q004,B,Things that are red,13,beet,beet,1,0,1,Q004::13
Part3/outputs/answers_llama32_3b_prompt2.csv,answers_llama32_3b_prompt2,Q004,B,Things that are red,14,beets,beets,1,0,1,Q004::14
Part3/outputs/answers_llama32_3b_prompt2.csv,answers_llama32_3b_prompt2,Q004,B,Things that are red,15,brick,brick,1,0,1,Q004::15
Part3/outputs/answers_llama32_3b_prompt2.csv,answers_llama32_3b_prompt2,Q004,B,Things that are red,16,tomato,tomato,1,0,1,Q004::16
Part3/outputs/answers_llama32_3b_prompt2.csv,answers_llama32_3b_prompt2,Q004,B,Things that are red,17,beet,beet,1,0,1,Q004::17
Part3/outputs/answers_llama32_3b_prompt2.csv,answers_llama32_3b_prompt2,Q004,B,Things that are red,18,brick,brick,1,0,1,Q004::18
Part3/outputs/answers_llama32_3b_prompt2.csv,answers_llama32_3b_prompt2,Q004,B,Things that are red,19,beet,beet,1,0,1,Q004::19
Part3/outputs/answers_llama32_3b_prompt2.csv,answers_llama32_3b_prompt2,Q005,C,Countries,0,cameroon,cameroon,1,0,1,Q005::0
Part3/outputs/answers_llama32_3b_prompt2.csv,answers_llama32_3b_prompt2,Q005,C,Countries,1,cameroon,cameroon,1,0,1,Q005::1
Part3/outputs/answers_llama32_3b_prompt2.csv,answers_llama32_3b_prompt2,Q005,C,Countries,2,cameroon,cameroon,1,1,0,Q005::2
Part3/outputs/answers_llama32_3b_prompt2.csv,answers_llama32_3b_prompt2,Q005,C,Countries,3,cambodia,cambodia,1,0,1,Q005::3
Part3/outputs/answers_llama32_3b_prompt2.csv,answers_llama32_3b_prompt2,Q005,C,Countries,4,costa rica,costa rica,1,0,1,Q005::4
Part3/outputs/answers_llama32_3b_prompt2.csv,answers_llama32_3b_prompt2,Q005,C,Countries,5,canada,canada,1,1,0,Q005::5
Part3/outputs/answers_llama32_3b_prompt2.csv,answers_llama32_3b_prompt2,Q005,C,Countries,6,canada,canada,1,1,0,Q005::6
Part3/outputs/answers_llama32_3b_prompt2.csv,answers_llama32_3b_prompt2,Q005,C,Countries,7,croatia,croatia,1,0,1,Q005::7
Part3/outputs/answers_llama32_3b_prompt2.csv,answers_llama32_3b_prompt2,Q005,C,Countries,8,chile,chile,1,0,1,Q005::8
Part3/outputs/answers_llama32_3b_prompt2.csv,answers_llama32_3b_prompt2,Q005,C,Countries,9,cape verde,cape verde,1,0,1,Q005::9
Part3/outputs/answers_llama32_3b_prompt2.csv,answers_llama32_3b_prompt2,Q005,C,Countries,10,cameroon,cameroon,1,0,1,Q005::10
Part3/outputs/answers_llama32_3b_prompt2.csv,answers_llama32_3b_prompt2,Q005,C,Countries,11,costa rica,costa rica,1,1,0,Q005::11
Part3/outputs/answers_llama32_3b_prompt2.csv,answers_llama32_3b_prompt2,Q005,C,Countries,12,costa rica,costa rica,1,0,1,Q005::12
Part3/outputs/answers_llama32_3b_prompt2.csv,answers_llama32_3b_prompt2,Q005,C,Countries,13,costa rica,costa rica,1,0,1,Q005::13
Part3/outputs/answers_llama32_3b_prompt2.csv,answers_llama32_3b_prompt2,Q005,C,Countries,14,cameroon,cameroon,1,0,1,Q005::14
Part3/outputs/answers_llama32_3b_prompt2.csv,answers_llama32_3b_prompt2,Q005,C,Countries,15,cameroon,cameroon,1,0,1,Q005::15
Part3/outputs/answers_llama32_3b_prompt2.csv,answers_llama32_3b_prompt2,Q005,C,Countries,16,canada,canada,1,1,0,Q005::16
Part3/outputs/answers_llama32_3b_prompt2.csv,answers_llama32_3b_prompt2,Q005,C,Countries,17,cameroon,cameroon,1,0,1,Q005::17
Part3/outputs/answers_llama32_3b_prompt2.csv,answers_llama32_3b_prompt2,Q005,C,Countries,18,cambodia,cambodia,1,0,1,Q005::18
Part3/outputs/answers_llama32_3b_prompt2.csv,answers_llama32_3b_prompt2,Q005,C,Countries,19,canada,canada,1,1,0,Q005::19
Part3/outputs/answers_llama32_3b_prompt2.csv,answers_llama32_3b_prompt2,Q006,C,Board games,0,connect 4,connect 4,1,0,1,Q006::0
Part3/outputs/answers_llama32_3b_prompt2.csv,answers_llama32_3b_prompt2,Q006,C,Board games,1,chutes and ladders,chutes and ladders,1,0,1,Q006::1
Part3/outputs/answers_llama32_3b_prompt2.csv,answers_llama32_3b_prompt2,Q006,C,Board games,2,connect four,connect four,1,0,1,Q006::2
Part3/outputs/answers_llama32_3b_prompt2.csv,answers_llama32_3b_prompt2,Q006,C,Board games,3,connect 4,connect 4,1,0,1,Q006::3
Part3/outputs/answers_llama32_3b_prompt2.csv,answers_llama32_3b_prompt2,Q006,C,Board games,4,candy land,candy land,0,0,0,Q006::4
Part3/outputs/answers_llama32_3b_prompt2.csv,answers_llama32_3b_prompt2,Q006,C,Board games,5,chutes and ladders,chutes and ladders,1,0,1,Q006::5
Part3/outputs/answers_llama32_3b_prompt2.csv,answers_llama32_3b_prompt2,Q006,C,Board games,6,carcassonne,carcassonne,1,0,1,Q006::6
Part3/outputs/answers_llama32_3b_prompt2.csv,answers_llama32_3b_prompt2,Q006,C,Board games,7,connect four,connect four,1,0,1,Q006::7
Part3/outputs/answers_llama32_3b_prompt2.csv,answers_llama32_3b_prompt2,Q006,C,Board games,8,connect 4,connect 4,1,0,1,Q006::8
Part3/outputs/answers_llama32_3b_prompt2.csv,answers_llama32_3b_prompt2,Q006,C,Board games,9,checkers,checkers,1,0,1,Q006::9
Part3/outputs/answers_llama32_3b_prompt2.csv,answers_llama32_3b_prompt2,Q006,C,Board games,10,checkers,checkers,1,0,1,Q006::10
Part3/outputs/answers_llama32_3b_prompt2.csv,answers_llama32_3b_prompt2,Q006,C,Board games,11,connect four,connect four,1,0,1,Q006::11
Part3/outputs/answers_llama32_3b_prompt2.csv,answers_llama32_3b_prompt2,Q006,C,Board games,12,connect 4,connect 4,1,0,1,Q006::12
Part3/outputs/answers_llama32_3b_prompt2.csv,answers_llama32_3b_prompt2,Q006,C,Board games,13,connect 4,connect 4,1,0,1,Q006::13
Part3/outputs/answers_llama32_3b_prompt2.csv,answers_llama32_3b_prompt2,Q006,C,Board games,14,checkers,checkers,1,0,1,Q006::14
Part3/outputs/answers_llama32_3b_prompt2.csv,answers_llama32_3b_prompt2,Q006,C,Board games,15,chutes and ladders,chutes and ladders,1,0,1,Q006::15
Part3/outputs/answers_llama32_3b_prompt2.csv,answers_llama32_3b_prompt2,Q006,C,Board games,16,checkers,checkers,1,0,1,Q006::16
Part3/outputs/answers_llama32_3b_prompt2.csv,answers_llama32_3b_prompt2,Q006,C,Board games,17,cranium,cranium,1,0,1,Q006::17
Part3/outputs/answers_llama32_3b_prompt2.csv,answers_llama32_3b_prompt2,Q006,C,Board games,18,candy land,candy land,0,0,0,Q006::18
Part3/outputs/answers_llama32_3b_prompt2.csv,answers_llama32_3b_prompt2,Q006,C,Board games,19,candy land,candy land,0,0,0,Q006::19
Part3/outputs/answers_llama32_3b_prompt2.csv,answers_llama32_3b_prompt2,Q007,D,Musical instruments,0,drums,drums,1,0,1,Q007::0
Part3/outputs/answers_llama32_3b_prompt2.csv,answers_llama32_3b_prompt2,Q007,D,Musical instruments,1,drums,drums,1,0,1,Q007::1
Part3/outputs/answers_llama32_3b_prompt2.csv,answers_llama32_3b_prompt2,Q007,D,Musical instruments,2,dulcimer,dulcimer,1,0,1,Q007::2
Part3/outputs/answers_llama32_3b_prompt2.csv,answers_llama32_3b_prompt2,Q007,D,Musical instruments,3,drums,drums,1,0,1,Q007::3
Part3/outputs/answers_llama32_3b_prompt2.csv,answers_llama32_3b_prompt2,Q007,D,Musical instruments,4,drums,drums,1,0,1,Q007::4
Part3/outputs/answers_llama32_3b_prompt2.csv,answers_llama32_3b_prompt2,Q007,D,Musical instruments,5,drums,drums,1,0,1,Q007::5
Part3/outputs/answers_llama32_3b_prompt2.csv,answers_llama32_3b_prompt2,Q007,D,Musical instruments,6,drums,drums,1,0,1,Q007::6
Part3/outputs/answers_llama32_3b_prompt2.csv,answers_llama32_3b_prompt2,Q007,D,Musical instruments,7,drum,drum,1,0,1,Q007::7
Part3/outputs/answers_llama32_3b_prompt2.csv,answers_llama32_3b_prompt2,Q007,D,Musical instruments,8,drums,drums,1,0,1,Q007::8
Part3/outputs/answers_llama32_3b_prompt2.csv,answers_llama32_3b_prompt2,Q007,D,Musical instruments,9,drums,drums,1,0,1,Q007::9
Part3/outputs/answers_llama32_3b_prompt2.csv,answers_llama32_3b_prompt2,Q007,D,Musical instruments,10,drums,drums,1,0,1,Q007::10
Part3/outputs/answers_llama32_3b_prompt2.csv,answers_llama32_3b_prompt2,Q007,D,Musical instruments,11,drums,drums,1,0,1,Q007::11
Part3/outputs/answers_llama32_3b_prompt2.csv,answers_llama32_3b_prompt2,Q007,D,Musical instruments,12,drums,drums,1,0,1,Q007::12
Part3/outputs/answers_llama32_3b_prompt2.csv,answers_llama32_3b_prompt2,Q007,D,Musical instruments,13,drums,drums,1,0,1,Q007::13
Part3/outputs/answers_llama32_3b_prompt2.csv,answers_llama32_3b_prompt2,Q007,D,Musical instruments,14,drums,drums,1,0,1,Q007::14
Part3/outputs/answers_llama32_3b_prompt2.csv,answers_llama32_3b_prompt2,Q007,D,Musical instruments,15,drums,drums,1,0,1,Q007::15
Part3/outputs/answers_llama32_3b_prompt2.csv,answers_llama32_3b_prompt2,Q007,D,Musical instruments,16,drums,drums,1,0,1,Q007::16
Part3/outputs/answers_llama32_3b_prompt2.csv,answers_llama32_3b_prompt2,Q007,D,Musical instruments,17,drum,drum,1,0,1,Q007::17
Part3/outputs/answers_llama32_3b_prompt2.csv,answers_llama32_3b_prompt2,Q007,D,Musical instruments,18,drums,drums,1,0,1,Q007::18
Part3/outputs/answers_llama32_3b_prompt2.csv,answers_llama32_3b_prompt2,Q007,D,Musical instruments,19,dulcimer,dulcimer,1,0,1,Q007::19
Part3/outputs/answers_llama32_3b_prompt2.csv,answers_llama32_3b_prompt2,Q008,D,Things in a bathroom,0,dish soap,dish soap,1,0,1,Q008::0
Part3/outputs/answers_llama32_3b_prompt2.csv,answers_llama32_3b_prompt2,Q008,D,Things in a bathroom,1,drain,drain,1,0,1,Q008::1
Part3/outputs/answers_llama32_3b_prompt2.csv,answers_llama32_3b_prompt2,Q008,D,Things in a bathroom,2,dryer,dryer,0,0,0,Q008::2
Part3/outputs/answers_llama32_3b_prompt2.csv,answers_llama32_3b_prompt2,Q008,D,Things in a bathroom,3,dryer,dryer,0,0,0,Q008::3
Part3/outputs/answers_llama32_3b_prompt2.csv,answers_llama32_3b_prompt2,Q008,D,Things in a bathroom,4,drain,drain,1,0,1,Q008::4
Part3/outputs/answers_llama32_3b_prompt2.csv,answers_llama32_3b_prompt2,Q008,D,Things in a bathroom,5,drain,drain,1,0,1,Q008::5
Part3/outputs/answers_llama32_3b_prompt2.csv,answers_llama32_3b_prompt2,Q008,D,Things in a bathroom,6,drain,drain,1,0,1,Q008::6
Part3/outputs/answers_llama32_3b_prompt2.csv,answers_llama32_3b_prompt2,Q008,D,Things in a bathroom,7,dryer,dryer,0,0,0,Q008::7
Part3/outputs/answers_llama32_3b_prompt2.csv,answers_llama32_3b_prompt2,Q008,D,Things in a bathroom,8,toilet,toilet,1,0,1,Q008::8
Part3/outputs/answers_llama32_3b_prompt2.csv,answers_llama32_3b_prompt2,Q008,D,Things in a bathroom,9,shower,shower,0,0,0,Q008::9
Part3/outputs/answers_llama32_3b_prompt2.csv,answers_llama32_3b_prompt2,Q008,D,Things in a bathroom,10,toilet paper,toilet paper,1,0,1,Q008::10
Part3/outputs/answers_llama32_3b_prompt2.csv,answers_llama32_3b_prompt2,Q008,D,Things in a bathroom,11,drain,drain,1,0,1,Q008::11
Part3/outputs/answers_llama32_3b_prompt2.csv,answers_llama32_3b_prompt2,Q008,D,Things in a bathroom,12,dental floss,dental floss,1,0,1,Q008::12
Part3/outputs/answers_llama32_3b_prompt2.csv,answers_llama32_3b_prompt2,Q008,D,Things in a bathroom,13,damp cloth,damp cloth,1,0,1,Q008::13
Part3/outputs/answers_llama32_3b_prompt2.csv,answers_llama32_3b_prompt2,Q008,D,Things in a bathroom,14,damp towel,damp towel,1,0,1,Q008::14
Part3/outputs/answers_llama32_3b_prompt2.csv,answers_llama32_3b_prompt2,Q008,D,Things in a bathroom,15,drain,drain,1,0,1,Q008::15
Part3/outputs/answers_llama32_3b_prompt2.csv,answers_llama32_3b_prompt2,Q008,D,Things in a bathroom,16,drain,drain,1,0,1,Q008::16
Part3/outputs/answers_llama32_3b_prompt2.csv,answers_llama32_3b_prompt2,Q008,D,Things in a bathroom,17,shower,shower,0,0,0,Q008::17
Part3/outputs/answers_llama32_3b_prompt2.csv,answers_llama32_3b_prompt2,Q008,D,Things in a bathroom,18,drain,drain,1,0,1,Q008::18
Part3/outputs/answers_llama32_3b_prompt2.csv,answers_llama32_3b_prompt2,Q008,D,Things in a bathroom,19,shower,shower,0,0,0,Q008::19
Part3/outputs/answers_llama32_3b_prompt2.csv,answers_llama32_3b_prompt2,Q009,E,Sports,0,eastern europeans are often excluded from competing due to visa restrictions.,eastern europeans are often excluded from competing due to visa restrictions,0,0,0,Q009::0
Part3/outputs/answers_llama32_3b_prompt2.csv,answers_llama32_3b_prompt2,Q009,E,Sports,1,equestrian,equestrian,1,0,1,Q009::1
Part3/outputs/answers_llama32_3b_prompt2.csv,answers_llama32_3b_prompt2,Q009,E,Sports,2,extreme sports,extreme sports,1,0,1,Q009::2
Part3/outputs/answers_llama32_3b_prompt2.csv,answers_llama32_3b_prompt2,Q009,E,Sports,3,english rugby,english rugby,0,0,0,Q009::3
Part3/outputs/answers_llama32_3b_prompt2.csv,answers_llama32_3b_prompt2,Q009,E,Sports,4,equestrian,equestrian,1,0,1,Q009::4
Part3/outputs/answers_llama32_3b_prompt2.csv,answers_llama32_3b_prompt2,Q009,E,Sports,5,equestrian,equestrian,1,0,1,Q009::5
Part3/outputs/answers_llama32_3b_prompt2.csv,answers_llama32_3b_prompt2,Q009,E,Sports,6,english rugby,english rugby,0,0,0,Q009::6
Part3/outputs/answers_llama32_3b_prompt2.csv,answers_llama32_3b_prompt2,Q009,E,Sports,7,equestrian,equestrian,1,0,1,Q009::7
Part3/outputs/answers_llama32_3b_prompt2.csv,answers_llama32_3b_prompt2,Q009,E,Sports,8,endurance training,endurance training,0,0,0,Q009::8
Part3/outputs/answers_llama32_3b_prompt2.csv,answers_llama32_3b_prompt2,Q009,E,Sports,9,eastern european basketball league,eastern european basketball league,0,0,0,Q009::9
Part3/outputs/answers_llama32_3b_prompt2.csv,answers_llama32_3b_prompt2,Q009,E,Sports,10,english rugby,english rugby,0,0,0,Q009::10
Part3/outputs/answers_llama32_3b_prompt2.csv,answers_llama32_3b_prompt2,Q009,E,Sports,11,extreme sports,extreme sports,1,0,1,Q009::11
Part3/outputs/answers_llama32_3b_prompt2.csv,answers_llama32_3b_prompt2,Q009,E,Sports,12,equestrian,equestrian,1,0,1,Q009::12
Part3/outputs/answers_llama32_3b_prompt2.csv,answers_llama32_3b_prompt2,Q009,E,Sports,13,european football,european football,0,0,0,Q009::13
Part3/outputs/answers_llama32_3b_prompt2.csv,answers_llama32_3b_prompt2,Q009,E,Sports,14,endurance,endurance,0,0,0,Q009::14
Part3/outputs/answers_llama32_3b_prompt2.csv,answers_llama32_3b_prompt2,Q009,E,Sports,15,extreme sports,extreme sports,1,0,1,Q009::15
Part3/outputs/answers_llama32_3b_prompt2.csv,answers_llama32_3b_prompt2,Q009,E,Sports,16,equestrian,equestrian,1,0,1,Q009::16
Part3/outputs/answers_llama32_3b_prompt2.csv,answers_llama32_3b_prompt2,Q009,E,Sports,17,english rugby,english rugby,0,0,0,Q009::17
Part3/outputs/answers_llama32_3b_prompt2.csv,answers_llama32_3b_prompt2,Q009,E,Sports,18,equestrian,equestrian,1,0,1,Q009::18
Part3/outputs/answers_llama32_3b_prompt2.csv,answers_llama32_3b_prompt2,Q009,E,Sports,19,english rugby,english rugby,0,0,0,Q009::19
Part3/outputs/answers_llama32_3b_prompt2.csv,answers_llama32_3b_prompt2,Q010,E,Movie titles,0,electra,electra,0,0,0,Q010::0
Part3/outputs/answers_llama32_3b_prompt2.csv,answers_llama32_3b_prompt2,Q010,E,Movie titles,1,echo park,echo park,0,0,0,Q010::1
Part3/outputs/answers_llama32_3b_prompt2.csv,answers_llama32_3b_prompt2,Q010,E,Movie titles,2,european vacation,european vacation,0,0,0,Q010::2
Part3/outputs/answers_llama32_3b_prompt2.csv,answers_llama32_3b_prompt2,Q010,E,Movie titles,3,enter the doctors,enter the doctors,0,0,0,Q010::3
Part3/outputs/answers_llama32_3b_prompt2.csv,answers_llama32_3b_prompt2,Q010,E,Movie titles,4,enter the dancers,enter the dancers,0,0,0,Q010::4
Part3/outputs/answers_llama32_3b_prompt2.csv,answers_llama32_3b_prompt2,Q010,E,Movie titles,5,everybody wants some,everybody wants some,1,0,1,Q010::5
Part3/outputs/answers_llama32_3b_prompt2.csv,answers_llama32_3b_prompt2,Q010,E,Movie titles,6,elderberry fields,elderberry fields,0,0,0,Q010::6
Part3/outputs/answers_llama32_3b_prompt2.csv,answers_llama32_3b_prompt2,Q010,E,Movie titles,7,enterprise,enterprise,0,0,0,Q010::7
Part3/outputs/answers_llama32_3b_prompt2.csv,answers_llama32_3b_prompt2,Q010,E,Movie titles,8,elderberry bush,elderberry bush,0,0,0,Q010::8
Part3/outputs/answers_llama32_3b_prompt2.csv,answers_llama32_3b_prompt2,Q010,E,Movie titles,9,empty man,empty man,1,0,1,Q010::9
Part3/outputs/answers_llama32_3b_prompt2.csv,answers_llama32_3b_prompt2,Q010,E,Movie titles,10,elderberry bush,elderberry bush,0,0,0,Q010::10
Part3/outputs/answers_llama32_3b_prompt2.csv,answers_llama32_3b_prompt2,Q010,E,Movie titles,11,easy money,easy money,0,0,0,Q010::11
Part3/outputs/answers_llama32_3b_prompt2.csv,answers_llama32_3b_prompt2,Q010,E,Movie titles,12,elderberryburg,elderberryburg,0,0,0,Q010::12
Part3/outputs/answers_llama32_3b_prompt2.csv,answers_llama32_3b_prompt2,Q010,E,Movie titles,13,echo park,echo park,0,0,0,Q010::13
Part3/outputs/answers_llama32_3b_prompt2.csv,answers_llama32_3b_prompt2,Q010,E,Movie titles,14,elderberries,elderberries,0,0,0,Q010::14
Part3/outputs/answers_llama32_3b_prompt2.csv,answers_llama32_3b_prompt2,Q010,E,Movie titles,15,evening star,evening star,0,0,0,Q010::15
Part3/outputs/answers_llama32_3b_prompt2.csv,answers_llama32_3b_prompt2,Q010,E,Movie titles,16,e.t.,e.t,1,0,1,Q010::16
Part3/outputs/answers_llama32_3b_prompt2.csv,answers_llama32_3b_prompt2,Q010,E,Movie titles,17,electron,electron,0,0,0,Q010::17
Part3/outputs/answers_llama32_3b_prompt2.csv,answers_llama32_3b_prompt2,Q010,E,Movie titles,18,electric horseman,electric horseman,1,0,1,Q010::18
Part3/outputs/answers_llama32_3b_prompt2.csv,answers_llama32_3b_prompt2,Q010,E,Movie titles,19,eagle,eagle,0,0,0,Q010::19
Part3/outputs/answers_llama32_3b_prompt2.csv,answers_llama32_3b_prompt2,Q011,F,Fish,0,flatfish,flatfish,1,0,1,Q011::0
Part3/outputs/answers_llama32_3b_prompt2.csv,answers_llama32_3b_prompt2,Q011,F,Fish,1,flagtail,flagtail,1,0,1,Q011::1
Part3/outputs/answers_llama32_3b_prompt2.csv,answers_llama32_3b_prompt2,Q011,F,Fish,2,flathead,flathead,1,0,1,Q011::2
Part3/outputs/answers_llama32_3b_prompt2.csv,answers_llama32_3b_prompt2,Q011,F,Fish,3,flatfish,flatfish,1,0,1,Q011::3
Part3/outputs/answers_llama32_3b_prompt2.csv,answers_llama32_3b_prompt2,Q011,F,Fish,4,flounder,flounder,1,0,1,Q011::4
Part3/outputs/answers_llama32_3b_prompt2.csv,answers_llama32_3b_prompt2,Q011,F,Fish,5,flounder,flounder,1,0,1,Q011::5
Part3/outputs/answers_llama32_3b_prompt2.csv,answers_llama32_3b_prompt2,Q011,F,Fish,6,flake,flake,0,0,0,Q011::6
Part3/outputs/answers_llama32_3b_prompt2.csv,answers_llama32_3b_prompt2,Q011,F,Fish,7,flakeless fish,flakeless fish,0,0,0,Q011::7
Part3/outputs/answers_llama32_3b_prompt2.csv,answers_llama32_3b_prompt2,Q011,F,Fish,8,flounder,flounder,1,0,1,Q011::8
Part3/outputs/answers_llama32_3b_prompt2.csv,answers_llama32_3b_prompt2,Q011,F,Fish,9,flounder,flounder,1,0,1,Q011::9
Part3/outputs/answers_llama32_3b_prompt2.csv,answers_llama32_3b_prompt2,Q011,F,Fish,10,flounder,flounder,1,0,1,Q011::10
Part3/outputs/answers_llama32_3b_prompt2.csv,answers_llama32_3b_prompt2,Q011,F,Fish,11,flounder,flounder,1,1,0,Q011::11
Part3/outputs/answers_llama32_3b_prompt2.csv,answers_llama32_3b_prompt2,Q011,F,Fish,12,flounder,flounder,1,0,1,Q011::12
Part3/outputs/answers_llama32_3b_prompt2.csv,answers_llama32_3b_prompt2,Q011,F,Fish,13,flounder,flounder,1,0,1,Q011::13
Part3/outputs/answers_llama32_3b_prompt2.csv,answers_llama32_3b_prompt2,Q011,F,Fish,14,flounder,flounder,1,1,0,Q011::14
Part3/outputs/answers_llama32_3b_prompt2.csv,answers_llama32_3b_prompt2,Q011,F,Fish,15,flounder,flounder,1,0,1,Q011::15
Part3/outputs/answers_llama32_3b_prompt2.csv,answers_llama32_3b_prompt2,Q011,F,Fish,16,flagtail fish,flagtail fish,1,0,1,Q011::16
Part3/outputs/answers_llama32_3b_prompt2.csv,answers_llama32_3b_prompt2,Q011,F,Fish,17,flake,flake,0,0,0,Q011::17
Part3/outputs/answers_llama32_3b_prompt2.csv,answers_llama32_3b_prompt2,Q011,F,Fish,18,flatfish,flatfish,1,0,1,Q011::18
Part3/outputs/answers_llama32_3b_prompt2.csv,answers_llama32_3b_prompt2,Q011,F,Fish,19,flounder,flounder,1,0,1,Q011::19
Part3/outputs/answers_llama32_3b_prompt2.csv,answers_llama32_3b_prompt2,Q012,F,Things in a backpack,0,file folders,file folders,1,0,1,Q012::0
Part3/outputs/answers_llama32_3b_prompt2.csv,answers_llama32_3b_prompt2,Q012,F,Things in a backpack,1,file folder,file folder,1,0,1,Q012::1
Part3/outputs/answers_llama32_3b_prompt2.csv,answers_llama32_3b_prompt2,Q012,F,Things in a backpack,2,folder,folder,1,0,1,Q012::2
Part3/outputs/answers_llama32_3b_prompt2.csv,answers_llama32_3b_prompt2,Q012,F,Things in a backpack,3,first aid kit,first aid kit,1,0,1,Q012::3
Part3/outputs/answers_llama32_3b_prompt2.csv,answers_llama32_3b_prompt2,Q012,F,Things in a backpack,4,folder,folder,1,0,1,Q012::4
Part3/outputs/answers_llama32_3b_prompt2.csv,answers_llama32_3b_prompt2,Q012,F,Things in a backpack,5,file folder,file folder,1,0,1,Q012::5
Part3/outputs/answers_llama32_3b_prompt2.csv,answers_llama32_3b_prompt2,Q012,F,Things in a backpack,6,folders,folders,1,0,1,Q012::6
Part3/outputs/answers_llama32_3b_prompt2.csv,answers_llama32_3b_prompt2,Q012,F,Things in a backpack,7,file folders,file folders,1,0,1,Q012::7
Part3/outputs/answers_llama32_3b_prompt2.csv,answers_llama32_3b_prompt2,Q012,F,Things in a backpack,8,file folder,file folder,1,0,1,Q012::8
Part3/outputs/answers_llama32_3b_prompt2.csv,answers_llama32_3b_prompt2,Q012,F,Things in a backpack,9,folder,folder,1,0,1,Q012::9
Part3/outputs/answers_llama32_3b_prompt2.csv,answers_llama32_3b_prompt2,Q012,F,Things in a backpack,10,folder,folder,1,0,1,Q012::10
Part3/outputs/answers_llama32_3b_prompt2.csv,answers_llama32_3b_prompt2,Q012,F,Things in a backpack,11,folder,folder,1,0,1,Q012::11
Part3/outputs/answers_llama32_3b_prompt2.csv,answers_llama32_3b_prompt2,Q012,F,Things in a backpack,12,file folders,file folders,1,0,1,Q012::12
Part3/outputs/answers_llama32_3b_prompt2.csv,answers_llama32_3b_prompt2,Q012,F,Things in a backpack,13,file folder,file folder,1,0,1,Q012::13
Part3/outputs/answers_llama32_3b_prompt2.csv,answers_llama32_3b_prompt2,Q012,F,Things in a backpack,14,folders,folders,1,0,1,Q012::14
Part3/outputs/answers_llama32_3b_prompt2.csv,answers_llama32_3b_prompt2,Q012,F,Things in a backpack,15,file folder,file folder,1,0,1,Q012::15
Part3/outputs/answers_llama32_3b_prompt2.csv,answers_llama32_3b_prompt2,Q012,F,Things in a backpack,16,fountain pen,fountain pen,1,0,1,Q012::16
Part3/outputs/answers_llama32_3b_prompt2.csv,answers_llama32_3b_prompt2,Q012,F,Things in a backpack,17,file folder,file folder,1,0,1,Q012::17
Part3/outputs/answers_llama32_3b_prompt2.csv,answers_llama32_3b_prompt2,Q012,F,Things in a backpack,18,file folder,file folder,1,0,1,Q012::18
Part3/outputs/answers_llama32_3b_prompt2.csv,answers_llama32_3b_prompt2,Q012,F,Things in a backpack,19,file folder,file folder,1,0,1,Q012::19
Part3/outputs/answers_llama32_3b_prompt2.csv,answers_llama32_3b_prompt2,Q013,G,U.S. states,0,georgia,georgia,1,0,1,Q013::0
Part3/outputs/answers_llama32_3b_prompt2.csv,answers_llama32_3b_prompt2,Q013,G,U.S. states,1,georgia,georgia,1,0,1,Q013::1
Part3/outputs/answers_llama32_3b_prompt2.csv,answers_llama32_3b_prompt2,Q013,G,U.S. states,2,georgia,georgia,1,0,1,Q013::2
Part3/outputs/answers_llama32_3b_prompt2.csv,answers_llama32_3b_prompt2,Q013,G,U.S. states,3,georgia,georgia,1,0,1,Q013::3
Part3/outputs/answers_llama32_3b_prompt2.csv,answers_llama32_3b_prompt2,Q013,G,U.S. states,4,georgia,georgia,1,0,1,Q013::4
Part3/outputs/answers_llama32_3b_prompt2.csv,answers_llama32_3b_prompt2,Q013,G,U.S. states,5,georgia,georgia,1,0,1,Q013::5
Part3/outputs/answers_llama32_3b_prompt2.csv,answers_llama32_3b_prompt2,Q013,G,U.S. states,6,georgia,georgia,1,0,1,Q013::6
Part3/outputs/answers_llama32_3b_prompt2.csv,answers_llama32_3b_prompt2,Q013,G,U.S. states,7,georgia,georgia,1,0,1,Q013::7
Part3/outputs/answers_llama32_3b_prompt2.csv,answers_llama32_3b_prompt2,Q013,G,U.S. states,8,georgia,georgia,1,1,0,Q013::8
Part3/outputs/answers_llama32_3b_prompt2.csv,answers_llama32_3b_prompt2,Q013,G,U.S. states,9,georgia,georgia,1,0,1,Q013::9
Part3/outputs/answers_llama32_3b_prompt2.csv,answers_llama32_3b_prompt2,Q013,G,U.S. states,10,georgia,georgia,1,0,1,Q013::10
Part3/outputs/answers_llama32_3b_prompt2.csv,answers_llama32_3b_prompt2,Q013,G,U.S. states,11,georgia,georgia,1,0,1,Q013::11
Part3/outputs/answers_llama32_3b_prompt2.csv,answers_llama32_3b_prompt2,Q013,G,U.S. states,12,georgia,georgia,1,0,1,Q013::12
Part3/outputs/answers_llama32_3b_prompt2.csv,answers_llama32_3b_prompt2,Q013,G,U.S. states,13,georgia,georgia,1,0,1,Q013::13
Part3/outputs/answers_llama32_3b_prompt2.csv,answers_llama32_3b_prompt2,Q013,G,U.S. states,14,georgia,georgia,1,0,1,Q013::14
Part3/outputs/answers_llama32_3b_prompt2.csv,answers_llama32_3b_prompt2,Q013,G,U.S. states,15,georgia,georgia,1,0,1,Q013::15
Part3/outputs/answers_llama32_3b_prompt2.csv,answers_llama32_3b_prompt2,Q013,G,U.S. states,16,georgia,georgia,1,0,1,Q013::16
Part3/outputs/answers_llama32_3b_prompt2.csv,answers_llama32_3b_prompt2,Q013,G,U.S. states,17,georgia,georgia,1,0,1,Q013::17
Part3/outputs/answers_llama32_3b_prompt2.csv,answers_llama32_3b_prompt2,Q013,G,U.S. states,18,georgia,georgia,1,0,1,Q013::18
Part3/outputs/answers_llama32_3b_prompt2.csv,answers_llama32_3b_prompt2,Q013,G,U.S. states,19,georgia,georgia,1,0,1,Q013::19
Part3/outputs/answers_llama32_3b_prompt2.csv,answers_llama32_3b_prompt2,Q014,G,Foods,0,ginger,ginger,1,0,1,Q014::0
Part3/outputs/answers_llama32_3b_prompt2.csv,answers_llama32_3b_prompt2,Q014,G,Foods,1,guacamole,guacamole,1,0,1,Q014::1
Part3/outputs/answers_llama32_3b_prompt2.csv,answers_llama32_3b_prompt2,Q014,G,Foods,2,grape,grape,1,0,1,Q014::2
Part3/outputs/answers_llama32_3b_prompt2.csv,answers_llama32_3b_prompt2,Q014,G,Foods,3,guacamole,guacamole,1,0,1,Q014::3
Part3/outputs/answers_llama32_3b_prompt2.csv,answers_llama32_3b_prompt2,Q014,G,Foods,4,guacamole,guacamole,1,0,1,Q014::4
Part3/outputs/answers_llama32_3b_prompt2.csv,answers_llama32_3b_prompt2,Q014,G,Foods,5,gooseberry,gooseberry,1,0,1,Q014::5
Part3/outputs/answers_llama32_3b_prompt2.csv,answers_llama32_3b_prompt2,Q014,G,Foods,6,guacamole,guacamole,1,0,1,Q014::6
Part3/outputs/answers_llama32_3b_prompt2.csv,answers_llama32_3b_prompt2,Q014,G,Foods,7,ground beef,ground beef,1,0,1,Q014::7
Part3/outputs/answers_llama32_3b_prompt2.csv,answers_llama32_3b_prompt2,Q014,G,Foods,8,goulash,goulash,1,0,1,Q014::8
Part3/outputs/answers_llama32_3b_prompt2.csv,answers_llama32_3b_prompt2,Q014,G,Foods,9,guacamole,guacamole,1,0,1,Q014::9
Part3/outputs/answers_llama32_3b_prompt2.csv,answers_llama32_3b_prompt2,Q014,G,Foods,10,guacamole,guacamole,1,0,1,Q014::10
Part3/outputs/answers_llama32_3b_prompt2.csv,answers_llama32_3b_prompt2,Q014,G,Foods,11,goulash,goulash,1,0,1,Q014::11
Part3/outputs/answers_llama32_3b_prompt2.csv,answers_llama32_3b_prompt2,Q014,G,Foods,12,gnocchi,gnocchi,1,0,1,Q014::12
Part3/outputs/answers_llama32_3b_prompt2.csv,answers_llama32_3b_prompt2,Q014,G,Foods,13,guacamole,guacamole,1,0,1,Q014::13
Part3/outputs/answers_llama32_3b_prompt2.csv,answers_llama32_3b_prompt2,Q014,G,Foods,14,guacamole,guacamole,1,0,1,Q014::14
Part3/outputs/answers_llama32_3b_prompt2.csv,answers_llama32_3b_prompt2,Q014,G,Foods,15,guacamole,guacamole,1,0,1,Q014::15
Part3/outputs/answers_llama32_3b_prompt2.csv,answers_llama32_3b_prompt2,Q014,G,Foods,16,grapes,grapes,1,0,1,Q014::16
Part3/outputs/answers_llama32_3b_prompt2.csv,answers_llama32_3b_prompt2,Q014,G,Foods,17,guanciale,guanciale,1,0,1,Q014::17
Part3/outputs/answers_llama32_3b_prompt2.csv,answers_llama32_3b_prompt2,Q014,G,Foods,18,guacamole,guacamole,1,0,1,Q014::18
Part3/outputs/answers_llama32_3b_prompt2.csv,answers_llama32_3b_prompt2,Q014,G,Foods,19,guacamole,guacamole,1,0,1,Q014::19
Part3/outputs/answers_llama32_3b_prompt2.csv,answers_llama32_3b_prompt2,Q015,H,Famous scientists,0,harlow shapley,harlow shapley,1,0,1,Q015::0
Part3/outputs/answers_llama32_3b_prompt2.csv,answers_llama32_3b_prompt2,Q015,H,Famous scientists,1,hans von ohain,hans von ohain,1,0,1,Q015::1
Part3/outputs/answers_llama32_3b_prompt2.csv,answers_llama32_3b_prompt2,Q015,H,Famous scientists,2,henri lebel,henri lebel,0,0,0,Q015::2
Part3/outputs/answers_llama32_3b_prompt2.csv,answers_llama32_3b_prompt2,Q015,H,Famous scientists,3,hans krebs,hans krebs,1,0,1,Q015::3
Part3/outputs/answers_llama32_3b_prompt2.csv,answers_llama32_3b_prompt2,Q015,H,Famous scientists,4,hans christian orr,hans christian orr,0,0,0,Q015::4
Part3/outputs/answers_llama32_3b_prompt2.csv,answers_llama32_3b_prompt2,Q015,H,Famous scientists,5,harrison wright,harrison wright,0,0,0,Q015::5
Part3/outputs/answers_llama32_3b_prompt2.csv,answers_llama32_3b_prompt2,Q015,H,Famous scientists,6,hermann von helmholtz,hermann von helmholtz,1,0,1,Q015::6
Part3/outputs/answers_llama32_3b_prompt2.csv,answers_llama32_3b_prompt2,Q015,H,Famous scientists,7,hans jensen,hans jensen,0,0,0,Q015::7
Part3/outputs/answers_llama32_3b_prompt2.csv,answers_llama32_3b_prompt2,Q015,H,Famous scientists,8,hans christian oersted,hans christian oersted,0,0,0,Q015::8
Part3/outputs/answers_llama32_3b_prompt2.csv,answers_llama32_3b_prompt2,Q015,H,Famous scientists,9,henri louis dreyfus,henri louis dreyfus,0,0,0,Q015::9
Part3/outputs/answers_llama32_3b_prompt2.csv,answers_llama32_3b_prompt2,Q015,H,Famous scientists,10,harrison,harrison,0,0,0,Q015::10
Part3/outputs/answers_llama32_3b_prompt2.csv,answers_llama32_3b_prompt2,Q015,H,Famous scientists,11,hans jensens,hans jensens,0,0,0,Q015::11
Part3/outputs/answers_llama32_3b_prompt2.csv,answers_llama32_3b_prompt2,Q015,H,Famous scientists,12,harlow,harlow,0,0,0,Q015::12
Part3/outputs/answers_llama32_3b_prompt2.csv,answers_llama32_3b_prompt2,Q015,H,Famous scientists,13,hannah hayne,hannah hayne,0,0,0,Q015::13
Part3/outputs/answers_llama32_3b_prompt2.csv,answers_llama32_3b_prompt2,Q015,H,Famous scientists,14,hermann von helmholtz,hermann von helmholtz,1,0,1,Q015::14
Part3/outputs/answers_llama32_3b_prompt2.csv,answers_llama32_3b_prompt2,Q015,H,Famous scientists,15,hans jensen,hans jensen,0,0,0,Q015::15
Part3/outputs/answers_llama32_3b_prompt2.csv,answers_llama32_3b_prompt2,Q015,H,Famous scientists,16,harrison william,harrison william,0,0,0,Q015::16
Part3/outputs/answers_llama32_3b_prompt2.csv,answers_llama32_3b_prompt2,Q015,H,Famous scientists,17,henrietta leavitt,henrietta leavitt,1,0,1,Q015::17
Part3/outputs/answers_llama32_3b_prompt2.csv,answers_llama32_3b_prompt2,Q015,H,Famous scientists,18,herbert harlow,herbert harlow,0,0,0,Q015::18
Part3/outputs/answers_llama32_3b_prompt2.csv,answers_llama32_3b_prompt2,Q015,H,Famous scientists,19,harrison,harrison,0,0,0,Q015::19
Part3/outputs/answers_llama32_3b_prompt2.csv,answers_llama32_3b_prompt2,Q016,H,Things at the beach,0,hut,hut,1,0,1,Q016::0
Part3/outputs/answers_llama32_3b_prompt2.csv,answers_llama32_3b_prompt2,Q016,H,Things at the beach,1,hut,hut,1,0,1,Q016::1
Part3/outputs/answers_llama32_3b_prompt2.csv,answers_llama32_3b_prompt2,Q016,H,Things at the beach,2,hut,hut,1,0,1,Q016::2
Part3/outputs/answers_llama32_3b_prompt2.csv,answers_llama32_3b_prompt2,Q016,H,Things at the beach,3,hut,hut,1,0,1,Q016::3
Part3/outputs/answers_llama32_3b_prompt2.csv,answers_llama32_3b_prompt2,Q016,H,Things at the beach,4,hut,hut,1,0,1,Q016::4
Part3/outputs/answers_llama32_3b_prompt2.csv,answers_llama32_3b_prompt2,Q016,H,Things at the beach,5,high tide,high tide,1,0,1,Q016::5
Part3/outputs/answers_llama32_3b_prompt2.csv,answers_llama32_3b_prompt2,Q016,H,Things at the beach,6,hut,hut,1,0,1,Q016::6
Part3/outputs/answers_llama32_3b_prompt2.csv,answers_llama32_3b_prompt2,Q016,H,Things at the beach,7,hut,hut,1,0,1,Q016::7
Part3/outputs/answers_llama32_3b_prompt2.csv,answers_llama32_3b_prompt2,Q016,H,Things at the beach,8,hut,hut,1,0,1,Q016::8
Part3/outputs/answers_llama32_3b_prompt2.csv,answers_llama32_3b_prompt2,Q016,H,Things at the beach,9,hut,hut,1,0,1,Q016::9
Part3/outputs/answers_llama32_3b_prompt2.csv,answers_llama32_3b_prompt2,Q016,H,Things at the beach,10,hut,hut,1,0,1,Q016::10
Part3/outputs/answers_llama32_3b_prompt2.csv,answers_llama32_3b_prompt2,Q016,H,Things at the beach,11,hut,hut,1,0,1,Q016::11
Part3/outputs/answers_llama32_3b_prompt2.csv,answers_llama32_3b_prompt2,Q016,H,Things at the beach,12,horseshoe,horseshoe,0,0,0,Q016::12
Part3/outputs/answers_llama32_3b_prompt2.csv,answers_llama32_3b_prompt2,Q016,H,Things at the beach,13,hut,hut,1,0,1,Q016::13
Part3/outputs/answers_llama32_3b_prompt2.csv,answers_llama32_3b_prompt2,Q016,H,Things at the beach,14,hut,hut,1,0,1,Q016::14
Part3/outputs/answers_llama32_3b_prompt2.csv,answers_llama32_3b_prompt2,Q016,H,Things at the beach,15,hermit crab,hermit crab,1,0,1,Q016::15
Part3/outputs/answers_llama32_3b_prompt2.csv,answers_llama32_3b_prompt2,Q016,H,Things at the beach,16,hull,hull,0,0,0,Q016::16
Part3/outputs/answers_llama32_3b_prompt2.csv,answers_llama32_3b_prompt2,Q016,H,Things at the beach,17,hut,hut,1,0,1,Q016::17
Part3/outputs/answers_llama32_3b_prompt2.csv,answers_llama32_3b_prompt2,Q016,H,Things at the beach,18,hut,hut,1,0,1,Q016::18
Part3/outputs/answers_llama32_3b_prompt2.csv,answers_llama32_3b_prompt2,Q016,H,Things at the beach,19,hut,hut,1,0,1,Q016::19
Part3/outputs/answers_llama32_3b_prompt2.csv,answers_llama32_3b_prompt2,Q017,I,Cities,0,Istanbul,istanbul,0,0,0,Q017::0
Part3/outputs/answers_llama32_3b_prompt2.csv,answers_llama32_3b_prompt2,Q017,I,Cities,1,indianapolis,indianapolis,1,0,1,Q017::1
Part3/outputs/answers_llama32_3b_prompt2.csv,answers_llama32_3b_prompt2,Q017,I,Cities,2,iguaçu,iguaçu,0,0,0,Q017::2
Part3/outputs/answers_llama32_3b_prompt2.csv,answers_llama32_3b_prompt2,Q017,I,Cities,3,icelanic city ofreykjavik,icelanic city ofreykjavik,0,0,0,Q017::3
Part3/outputs/answers_llama32_3b_prompt2.csv,answers_llama32_3b_prompt2,Q017,I,Cities,4,israel,israel,0,0,0,Q017::4
Part3/outputs/answers_llama32_3b_prompt2.csv,answers_llama32_3b_prompt2,Q017,I,Cities,5,iglesias,iglesias,0,0,0,Q017::5
Part3/outputs/answers_llama32_3b_prompt2.csv,answers_llama32_3b_prompt2,Q017,I,Cities,6,istanbul,istanbul,0,0,0,Q017::6
Part3/outputs/answers_llama32_3b_prompt2.csv,answers_llama32_3b_prompt2,Q017,I,Cities,7,israel,israel,0,0,0,Q017::7
Part3/outputs/answers_llama32_3b_prompt2.csv,answers_llama32_3b_prompt2,Q017,I,Cities,8,Istanbul,istanbul,0,0,0,Q017::8
Part3/outputs/answers_llama32_3b_prompt2.csv,answers_llama32_3b_prompt2,Q017,I,Cities,9,Indianapolis,indianapolis,1,0,1,Q017::9
Part3/outputs/answers_llama32_3b_prompt2.csv,answers_llama32_3b_prompt2,Q017,I,Cities,10,iccasso,iccasso,0,0,0,Q017::10
Part3/outputs/answers_llama32_3b_prompt2.csv,answers_llama32_3b_prompt2,Q017,I,Cities,11,indianapolis,indianapolis,1,0,1,Q017::11
Part3/outputs/answers_llama32_3b_prompt2.csv,answers_llama32_3b_prompt2,Q017,I,Cities,12,icelance,icelance,0,0,0,Q017::12
Part3/outputs/answers_llama32_3b_prompt2.csv,answers_llama32_3b_prompt2,Q017,I,Cities,13,Indianapolis,indianapolis,1,0,1,Q017::13
Part3/outputs/answers_llama32_3b_prompt2.csv,answers_llama32_3b_prompt2,Q017,I,Cities,14,iowa city,iowa city,1,0,1,Q017::14
Part3/outputs/answers_llama32_3b_prompt2.csv,answers_llama32_3b_prompt2,Q017,I,Cities,15,islamabad,islamabad,1,0,1,Q017::15
Part3/outputs/answers_llama32_3b_prompt2.csv,answers_llama32_3b_prompt2,Q017,I,Cities,16,israel,israel,0,0,0,Q017::16
Part3/outputs/answers_llama32_3b_prompt2.csv,answers_llama32_3b_prompt2,Q017,I,Cities,17,israel,israel,0,0,0,Q017::17
Part3/outputs/answers_llama32_3b_prompt2.csv,answers_llama32_3b_prompt2,Q017,I,Cities,18,incheon,incheon,0,0,0,Q017::18
Part3/outputs/answers_llama32_3b_prompt2.csv,answers_llama32_3b_prompt2,Q017,I,Cities,19,istanbul,istanbul,0,0,0,Q017::19
Part3/outputs/answers_llama32_3b_prompt2.csv,answers_llama32_3b_prompt2,Q018,I,Things in a classroom,0,whiteboard,whiteboard,1,0,1,Q018::0
Part3/outputs/answers_llama32_3b_prompt2.csv,answers_llama32_3b_prompt2,Q018,I,Things in a classroom,1,whiteboard,whiteboard,1,0,1,Q018::1
Part3/outputs/answers_llama32_3b_prompt2.csv,answers_llama32_3b_prompt2,Q018,I,Things in a classroom,2,teacher,teacher,1,0,1,Q018::2
Part3/outputs/answers_llama32_3b_prompt2.csv,answers_llama32_3b_prompt2,Q018,I,Things in a classroom,3,whiteboard,whiteboard,1,0,1,Q018::3
Part3/outputs/answers_llama32_3b_prompt2.csv,answers_llama32_3b_prompt2,Q018,I,Things in a classroom,4,whiteboard,whiteboard,1,0,1,Q018::4
Part3/outputs/answers_llama32_3b_prompt2.csv,answers_llama32_3b_prompt2,Q018,I,Things in a classroom,5,blackboard,blackboard,1,0,1,Q018::5
Part3/outputs/answers_llama32_3b_prompt2.csv,answers_llama32_3b_prompt2,Q018,I,Things in a classroom,6,interact,interact,0,0,0,Q018::6
Part3/outputs/answers_llama32_3b_prompt2.csv,answers_llama32_3b_prompt2,Q018,I,Things in a classroom,7,whiteboard,whiteboard,1,0,1,Q018::7
Part3/outputs/answers_llama32_3b_prompt2.csv,answers_llama32_3b_prompt2,Q018,I,Things in a classroom,8,whiteboard,whiteboard,1,0,1,Q018::8
Part3/outputs/answers_llama32_3b_prompt2.csv,answers_llama32_3b_prompt2,Q018,I,Things in a classroom,9,chalkboard,chalkboard,0,0,0,Q018::9
Part3/outputs/answers_llama32_3b_prompt2.csv,answers_llama32_3b_prompt2,Q018,I,Things in a classroom,10,chalkboard,chalkboard,0,0,0,Q018::10
Part3/outputs/answers_llama32_3b_prompt2.csv,answers_llama32_3b_prompt2,Q018,I,Things in a classroom,11,blackboard,blackboard,1,0,1,Q018::11
Part3/outputs/answers_llama32_3b_prompt2.csv,answers_llama32_3b_prompt2,Q018,I,Things in a classroom,12,whiteboard,whiteboard,1,0,1,Q018::12
Part3/outputs/answers_llama32_3b_prompt2.csv,answers_llama32_3b_prompt2,Q018,I,Things in a classroom,13,pencil case,pencil case,1,0,1,Q018::13
Part3/outputs/answers_llama32_3b_prompt2.csv,answers_llama32_3b_prompt2,Q018,I,Things in a classroom,14,whiteboard,whiteboard,1,0,1,Q018::14
Part3/outputs/answers_llama32_3b_prompt2.csv,answers_llama32_3b_prompt2,Q018,I,Things in a classroom,15,chalkboard,chalkboard,0,0,0,Q018::15
Part3/outputs/answers_llama32_3b_prompt2.csv,answers_llama32_3b_prompt2,Q018,I,Things in a classroom,16,whiteboard,whiteboard,1,0,1,Q018::16
Part3/outputs/answers_llama32_3b_prompt2.csv,answers_llama32_3b_prompt2,Q018,I,Things in a classroom,17,desk,desk,1,0,1,Q018::17
Part3/outputs/answers_llama32_3b_prompt2.csv,answers_llama32_3b_prompt2,Q018,I,Things in a classroom,18,whiteboard,whiteboard,1,0,1,Q018::18
Part3/outputs/answers_llama32_3b_prompt2.csv,answers_llama32_3b_prompt2,Q018,I,Things in a classroom,19,teacher,teacher,1,0,1,Q018::19
Part3/outputs/answers_llama32_3b_prompt2.csv,answers_llama32_3b_prompt2,Q019,J,Car brands,0,jaguar,jaguar,1,1,0,Q019::0
Part3/outputs/answers_llama32_3b_prompt2.csv,answers_llama32_3b_prompt2,Q019,J,Car brands,1,jaguar,jaguar,1,1,0,Q019::1
Part3/outputs/answers_llama32_3b_prompt2.csv,answers_llama32_3b_prompt2,Q019,J,Car brands,2,jaguar,jaguar,1,1,0,Q019::2
Part3/outputs/answers_llama32_3b_prompt2.csv,answers_llama32_3b_prompt2,Q019,J,Car brands,3,jaguar,jaguar,1,1,0,Q019::3
Part3/outputs/answers_llama32_3b_prompt2.csv,answers_llama32_3b_prompt2,Q019,J,Car brands,4,jaguar,jaguar,1,1,0,Q019::4
Part3/outputs/answers_llama32_3b_prompt2.csv,answers_llama32_3b_prompt2,Q019,J,Car brands,5,jaguar,jaguar,1,1,0,Q019::5
Part3/outputs/answers_llama32_3b_prompt2.csv,answers_llama32_3b_prompt2,Q019,J,Car brands,6,jaguar,jaguar,1,1,0,Q019::6
Part3/outputs/answers_llama32_3b_prompt2.csv,answers_llama32_3b_prompt2,Q019,J,Car brands,7,jaguar,jaguar,1,1,0,Q019::7
Part3/outputs/answers_llama32_3b_prompt2.csv,answers_llama32_3b_prompt2,Q019,J,Car brands,8,jaguar,jaguar,1,1,0,Q019::8
Part3/outputs/answers_llama32_3b_prompt2.csv,answers_llama32_3b_prompt2,Q019,J,Car brands,9,jaguar,jaguar,1,1,0,Q019::9
Part3/outputs/answers_llama32_3b_prompt2.csv,answers_llama32_3b_prompt2,Q019,J,Car brands,10,jaguar,jaguar,1,1,0,Q019::10
Part3/outputs/answers_llama32_3b_prompt2.csv,answers_llama32_3b_prompt2,Q019,J,Car brands,11,jaguar,jaguar,1,1,0,Q019::11
Part3/outputs/answers_llama32_3b_prompt2.csv,answers_llama32_3b_prompt2,Q019,J,Car brands,12,jaguar,jaguar,1,1,0,Q019::12
Part3/outputs/answers_llama32_3b_prompt2.csv,answers_llama32_3b_prompt2,Q019,J,Car brands,13,jaguar,jaguar,1,1,0,Q019::13
Part3/outputs/answers_llama32_3b_prompt2.csv,answers_llama32_3b_prompt2,Q019,J,Car brands,14,jaguar,jaguar,1,1,0,Q019::14
Part3/outputs/answers_llama32_3b_prompt2.csv,answers_llama32_3b_prompt2,Q019,J,Car brands,15,jaguar,jaguar,1,1,0,Q019::15
Part3/outputs/answers_llama32_3b_prompt2.csv,answers_llama32_3b_prompt2,Q019,J,Car brands,16,jaguar,jaguar,1,1,0,Q019::16
Part3/outputs/answers_llama32_3b_prompt2.csv,answers_llama32_3b_prompt2,Q019,J,Car brands,17,jaguar,jaguar,1,1,0,Q019::17
Part3/outputs/answers_llama32_3b_prompt2.csv,answers_llama32_3b_prompt2,Q019,J,Car brands,18,jaguar,jaguar,1,1,0,Q019::18
Part3/outputs/answers_llama32_3b_prompt2.csv,answers_llama32_3b_prompt2,Q019,J,Car brands,19,jaguar,jaguar,1,1,0,Q019::19
Part3/outputs/answers_llama32_3b_prompt2.csv,answers_llama32_3b_prompt2,Q020,J,Video game titles,0,jagged alliance,jagged alliance,1,0,1,Q020::0
Part3/outputs/answers_llama32_3b_prompt2.csv,answers_llama32_3b_prompt2,Q020,J,Video game titles,1,jagged alliance,jagged alliance,1,0,1,Q020::1
Part3/outputs/answers_llama32_3b_prompt2.csv,answers_llama32_3b_prompt2,Q020,J,Video game titles,2,jekyll and hyde,jekyll and hyde,0,0,0,Q020::2
Part3/outputs/answers_llama32_3b_prompt2.csv,answers_llama32_3b_prompt2,Q020,J,Video game titles,3,journey to the center of the earth,journey to the center of the earth,0,0,0,Q020::3
Part3/outputs/answers_llama32_3b_prompt2.csv,answers_llama32_3b_prompt2,Q020,J,Video game titles,4,jagged alliance,jagged alliance,1,0,1,Q020::4
Part3/outputs/answers_llama32_3b_prompt2.csv,answers_llama32_3b_prompt2,Q020,J,Video game titles,5,jagged allies,jagged allies,0,0,0,Q020::5
Part3/outputs/answers_llama32_3b_prompt2.csv,answers_llama32_3b_prompt2,Q020,J,Video game titles,6,jupiter academy,jupiter academy,0,0,0,Q020::6
Part3/outputs/answers_llama32_3b_prompt2.csv,answers_llama32_3b_prompt2,Q020,J,Video game titles,7,journey,journey,1,0,1,Q020::7
Part3/outputs/answers_llama32_3b_prompt2.csv,answers_llama32_3b_prompt2,Q020,J,Video game titles,8,journey,journey,1,0,1,Q020::8
Part3/outputs/answers_llama32_3b_prompt2.csv,answers_llama32_3b_prompt2,Q020,J,Video game titles,9,jagged alliance,jagged alliance,1,0,1,Q020::9
Part3/outputs/answers_llama32_3b_prompt2.csv,answers_llama32_3b_prompt2,Q020,J,Video game titles,10,journey,journey,1,0,1,Q020::10
Part3/outputs/answers_llama32_3b_prompt2.csv,answers_llama32_3b_prompt2,Q020,J,Video game titles,11,jumper cable,jumper cable,0,0,0,Q020::11
Part3/outputs/answers_llama32_3b_prompt2.csv,answers_llama32_3b_prompt2,Q020,J,Video game titles,12,jagged alliance,jagged alliance,1,0,1,Q020::12
Part3/outputs/answers_llama32_3b_prompt2.csv,answers_llama32_3b_prompt2,Q020,J,Video game titles,13,jagged alliance,jagged alliance,1,0,1,Q020::13
Part3/outputs/answers_llama32_3b_prompt2.csv,answers_llama32_3b_prompt2,Q020,J,Video game titles,14,jagged alliance,jagged alliance,1,0,1,Q020::14
Part3/outputs/answers_llama32_3b_prompt2.csv,answers_llama32_3b_prompt2,Q020,J,Video game titles,15,journey,journey,1,0,1,Q020::15
Part3/outputs/answers_llama32_3b_prompt2.csv,answers_llama32_3b_prompt2,Q020,J,Video game titles,16,jagged alliance,jagged alliance,1,0,1,Q020::16
Part3/outputs/answers_llama32_3b_prompt2.csv,answers_llama32_3b_prompt2,Q020,J,Video game titles,17,johnny grand dame,johnny grand dame,0,0,0,Q020::17
Part3/outputs/answers_llama32_3b_prompt2.csv,answers_llama32_3b_prompt2,Q020,J,Video game titles,18,jaws,jaws,0,0,0,Q020::18
Part3/outputs/answers_llama32_3b_prompt2.csv,answers_llama32_3b_prompt2,Q020,J,Video game titles,19,journey into the jungle,journey into the jungle,0,0,0,Q020::19
Part3/outputs/answers_llama32_3b_prompt2.csv,answers_llama32_3b_prompt2,Q021,K,Superheroes,0,knight,knight,0,0,0,Q021::0
Part3/outputs/answers_llama32_3b_prompt2.csv,answers_llama32_3b_prompt2,Q021,K,Superheroes,1,kangaroo man,kangaroo man,0,0,0,Q021::1
Part3/outputs/answers_llama32_3b_prompt2.csv,answers_llama32_3b_prompt2,Q021,K,Superheroes,2,krypto,krypto,1,0,1,Q021::2
Part3/outputs/answers_llama32_3b_prompt2.csv,answers_llama32_3b_prompt2,Q021,K,Superheroes,3,krypto krypto,krypto krypto,0,0,0,Q021::3
Part3/outputs/answers_llama32_3b_prompt2.csv,answers_llama32_3b_prompt2,Q021,K,Superheroes,4,kurt wang,kurt wang,0,0,0,Q021::4
Part3/outputs/answers_llama32_3b_prompt2.csv,answers_llama32_3b_prompt2,Q021,K,Superheroes,5,krypto,krypto,1,0,1,Q021::5
Part3/outputs/answers_llama32_3b_prompt2.csv,answers_llama32_3b_prompt2,Q021,K,Superheroes,6,karen page,karen page,0,0,0,Q021::6
Part3/outputs/answers_llama32_3b_prompt2.csv,answers_llama32_3b_prompt2,Q021,K,Superheroes,7,krypto,krypto,1,0,1,Q021::7
Part3/outputs/answers_llama32_3b_prompt2.csv,answers_llama32_3b_prompt2,Q021,K,Superheroes,8,klaus wand,klaus wand,0,0,0,Q021::8
Part3/outputs/answers_llama32_3b_prompt2.csv,answers_llama32_3b_prompt2,Q021,K,Superheroes,9,kryptonite,kryptonite,0,0,0,Q021::9
Part3/outputs/answers_llama32_3b_prompt2.csv,answers_llama32_3b_prompt2,Q021,K,Superheroes,10,kitty pryde,kitty pryde,1,0,1,Q021::10
Part3/outputs/answers_llama32_3b_prompt2.csv,answers_llama32_3b_prompt2,Q021,K,Superheroes,11,khan,khan,0,0,0,Q021::11
Part3/outputs/answers_llama32_3b_prompt2.csv,answers_llama32_3b_prompt2,Q021,K,Superheroes,12,kite man,kite man,1,0,1,Q021::12
Part3/outputs/answers_llama32_3b_prompt2.csv,answers_llama32_3b_prompt2,Q021,K,Superheroes,13,krypto,krypto,1,0,1,Q021::13
Part3/outputs/answers_llama32_3b_prompt2.csv,answers_llama32_3b_prompt2,Q021,K,Superheroes,14,kernel man,kernel man,0,0,0,Q021::14
Part3/outputs/answers_llama32_3b_prompt2.csv,answers_llama32_3b_prompt2,Q021,K,Superheroes,15,krypton,krypton,0,0,0,Q021::15
Part3/outputs/answers_llama32_3b_prompt2.csv,answers_llama32_3b_prompt2,Q021,K,Superheroes,16,krypto,krypto,1,0,1,Q021::16
Part3/outputs/answers_llama32_3b_prompt2.csv,answers_llama32_3b_prompt2,Q021,K,Superheroes,17,krypto,krypto,1,0,1,Q021::17
Part3/outputs/answers_llama32_3b_prompt2.csv,answers_llama32_3b_prompt2,Q021,K,Superheroes,18,knight,knight,0,0,0,Q021::18
Part3/outputs/answers_llama32_3b_prompt2.csv,answers_llama32_3b_prompt2,Q021,K,Superheroes,19,krypto,krypto,1,0,1,Q021::19
Part3/outputs/answers_llama32_3b_prompt2.csv,answers_llama32_3b_prompt2,Q022,K,Things in a grocery store,0,ketchup,ketchup,1,1,0,Q022::0
Part3/outputs/answers_llama32_3b_prompt2.csv,answers_llama32_3b_prompt2,Q022,K,Things in a grocery store,1,ketchup,ketchup,1,1,0,Q022::1
Part3/outputs/answers_llama32_3b_prompt2.csv,answers_llama32_3b_prompt2,Q022,K,Things in a grocery store,2,kiwi,kiwi,1,0,1,Q022::2
Part3/outputs/answers_llama32_3b_prompt2.csv,answers_llama32_3b_prompt2,Q022,K,Things in a grocery store,3,kiwi,kiwi,1,0,1,Q022::3
Part3/outputs/answers_llama32_3b_prompt2.csv,answers_llama32_3b_prompt2,Q022,K,Things in a grocery store,4,kiwi fruit,kiwi fruit,1,0,1,Q022::4
Part3/outputs/answers_llama32_3b_prompt2.csv,answers_llama32_3b_prompt2,Q022,K,Things in a grocery store,5,ketchup,ketchup,1,0,1,Q022::5
Part3/outputs/answers_llama32_3b_prompt2.csv,answers_llama32_3b_prompt2,Q022,K,Things in a grocery store,6,ketchup,ketchup,1,0,1,Q022::6
Part3/outputs/answers_llama32_3b_prompt2.csv,answers_llama32_3b_prompt2,Q022,K,Things in a grocery store,7,ketchup,ketchup,1,1,0,Q022::7
Part3/outputs/answers_llama32_3b_prompt2.csv,answers_llama32_3b_prompt2,Q022,K,Things in a grocery store,8,ketchup,ketchup,1,1,0,Q022::8
Part3/outputs/answers_llama32_3b_prompt2.csv,answers_llama32_3b_prompt2,Q022,K,Things in a grocery store,9,ketchup,ketchup,1,0,1,Q022::9
Part3/outputs/answers_llama32_3b_prompt2.csv,answers_llama32_3b_prompt2,Q022,K,Things in a grocery store,10,kettle mix,kettle mix,0,0,0,Q022::10
Part3/outputs/answers_llama32_3b_prompt2.csv,answers_llama32_3b_prompt2,Q022,K,Things in a grocery store,11,ketchup,ketchup,1,0,1,Q022::11
Part3/outputs/answers_llama32_3b_prompt2.csv,answers_llama32_3b_prompt2,Q022,K,Things in a grocery store,12,kettle mix,kettle mix,0,0,0,Q022::12
Part3/outputs/answers_llama32_3b_prompt2.csv,answers_llama32_3b_prompt2,Q022,K,Things in a grocery store,13,ketchup,ketchup,1,0,1,Q022::13
Part3/outputs/answers_llama32_3b_prompt2.csv,answers_llama32_3b_prompt2,Q022,K,Things in a grocery store,14,ketchup,ketchup,1,1,0,Q022::14
Part3/outputs/answers_llama32_3b_prompt2.csv,answers_llama32_3b_prompt2,Q022,K,Things in a grocery store,15,ketchup,ketchup,1,0,1,Q022::15
Part3/outputs/answers_llama32_3b_prompt2.csv,answers_llama32_3b_prompt2,Q022,K,Things in a grocery store,16,ketchup,ketchup,1,1,0,Q022::16
Part3/outputs/answers_llama32_3b_prompt2.csv,answers_llama32_3b_prompt2,Q022,K,Things in a grocery store,17,ketchup,ketchup,1,0,1,Q022::17
Part3/outputs/answers_llama32_3b_prompt2.csv,answers_llama32_3b_prompt2,Q022,K,Things in a grocery store,18,ketchup,ketchup,1,0,1,Q022::18
Part3/outputs/answers_llama32_3b_prompt2.csv,answers_llama32_3b_prompt2,Q022,K,Things in a grocery store,19,kiwi,kiwi,1,0,1,Q022::19
Part3/outputs/answers_llama32_3b_prompt2.csv,answers_llama32_3b_prompt2,Q023,L,Dog breeds,0,labrador,labrador,1,0,1,Q023::0
Part3/outputs/answers_llama32_3b_prompt2.csv,answers_llama32_3b_prompt2,Q023,L,Dog breeds,1,labrador,labrador,1,0,1,Q023::1
Part3/outputs/answers_llama32_3b_prompt2.csv,answers_llama32_3b_prompt2,Q023,L,Dog breeds,2,labrador retriever,labrador retriever,1,0,1,Q023::2
Part3/outputs/answers_llama32_3b_prompt2.csv,answers_llama32_3b_prompt2,Q023,L,Dog breeds,3,labrador retriever,labrador retriever,1,0,1,Q023::3
Part3/outputs/answers_llama32_3b_prompt2.csv,answers_llama32_3b_prompt2,Q023,L,Dog breeds,4,Labrador,labrador,1,0,1,Q023::4
Part3/outputs/answers_llama32_3b_prompt2.csv,answers_llama32_3b_prompt2,Q023,L,Dog breeds,5,Labrador,labrador,1,0,1,Q023::5
Part3/outputs/answers_llama32_3b_prompt2.csv,answers_llama32_3b_prompt2,Q023,L,Dog breeds,6,Labrador,labrador,1,0,1,Q023::6
Part3/outputs/answers_llama32_3b_prompt2.csv,answers_llama32_3b_prompt2,Q023,L,Dog breeds,7,labrador,labrador,1,0,1,Q023::7
Part3/outputs/answers_llama32_3b_prompt2.csv,answers_llama32_3b_prompt2,Q023,L,Dog breeds,8,labrador,labrador,1,0,1,Q023::8
Part3/outputs/answers_llama32_3b_prompt2.csv,answers_llama32_3b_prompt2,Q023,L,Dog breeds,9,labrador,labrador,1,0,1,Q023::9
Part3/outputs/answers_llama32_3b_prompt2.csv,answers_llama32_3b_prompt2,Q023,L,Dog breeds,10,labrador,labrador,1,0,1,Q023::10
Part3/outputs/answers_llama32_3b_prompt2.csv,answers_llama32_3b_prompt2,Q023,L,Dog breeds,11,labrador,labrador,1,0,1,Q023::11
Part3/outputs/answers_llama32_3b_prompt2.csv,answers_llama32_3b_prompt2,Q023,L,Dog breeds,12,labrador,labrador,1,0,1,Q023::12
Part3/outputs/answers_llama32_3b_prompt2.csv,answers_llama32_3b_prompt2,Q023,L,Dog breeds,13,labrador retriever,labrador retriever,1,0,1,Q023::13
Part3/outputs/answers_llama32_3b_prompt2.csv,answers_llama32_3b_prompt2,Q023,L,Dog breeds,14,labrador retriever,labrador retriever,1,0,1,Q023::14
Part3/outputs/answers_llama32_3b_prompt2.csv,answers_llama32_3b_prompt2,Q023,L,Dog breeds,15,labrador,labrador,1,0,1,Q023::15
Part3/outputs/answers_llama32_3b_prompt2.csv,answers_llama32_3b_prompt2,Q023,L,Dog breeds,16,labrador,labrador,1,0,1,Q023::16
Part3/outputs/answers_llama32_3b_prompt2.csv,answers_llama32_3b_prompt2,Q023,L,Dog breeds,17,labrador,labrador,1,0,1,Q023::17
Part3/outputs/answers_llama32_3b_prompt2.csv,answers_llama32_3b_prompt2,Q023,L,Dog breeds,18,labrador,labrador,1,0,1,Q023::18
Part3/outputs/answers_llama32_3b_prompt2.csv,answers_llama32_3b_prompt2,Q023,L,Dog breeds,19,labrador retriever,labrador retriever,1,0,1,Q023::19
Part3/outputs/answers_llama32_3b_prompt2.csv,answers_llama32_3b_prompt2,Q024,L,Books,0,lord of the rings,lord of the rings,1,0,1,Q024::0
Part3/outputs/answers_llama32_3b_prompt2.csv,answers_llama32_3b_prompt2,Q024,L,Books,1,lord of the rings,lord of the rings,1,0,1,Q024::1
Part3/outputs/answers_llama32_3b_prompt2.csv,answers_llama32_3b_prompt2,Q024,L,Books,2,lord of the rings,lord of the rings,1,0,1,Q024::2
Part3/outputs/answers_llama32_3b_prompt2.csv,answers_llama32_3b_prompt2,Q024,L,Books,3,lonesome duck city,lonesome duck city,0,0,0,Q024::3
Part3/outputs/answers_llama32_3b_prompt2.csv,answers_llama32_3b_prompt2,Q024,L,Books,4,lord of the rings,lord of the rings,1,0,1,Q024::4
Part3/outputs/answers_llama32_3b_prompt2.csv,answers_llama32_3b_prompt2,Q024,L,Books,5,lord of the rings,lord of the rings,1,0,1,Q024::5
Part3/outputs/answers_llama32_3b_prompt2.csv,answers_llama32_3b_prompt2,Q024,L,Books,6,lord of the rings,lord of the rings,1,0,1,Q024::6
Part3/outputs/answers_llama32_3b_prompt2.csv,answers_llama32_3b_prompt2,Q024,L,Books,7,lord of the rings,lord of the rings,1,0,1,Q024::7
Part3/outputs/answers_llama32_3b_prompt2.csv,answers_llama32_3b_prompt2,Q024,L,Books,8,lonesome dove,lonesome dove,1,0,1,Q024::8
Part3/outputs/answers_llama32_3b_prompt2.csv,answers_llama32_3b_prompt2,Q024,L,Books,9,lord of the rings,lord of the rings,1,0,1,Q024::9
Part3/outputs/answers_llama32_3b_prompt2.csv,answers_llama32_3b_prompt2,Q024,L,Books,10,lord of the rings,lord of the rings,1,0,1,Q024::10
Part3/outputs/answers_llama32_3b_prompt2.csv,answers_llama32_3b_prompt2,Q024,L,Books,11,lord of the rings,lord of the rings,1,0,1,Q024::11
Part3/outputs/answers_llama32_3b_prompt2.csv,answers_llama32_3b_prompt2,Q024,L,Books,12,lord of the rings,lord of the rings,1,0,1,Q024::12
Part3/outputs/answers_llama32_3b_prompt2.csv,answers_llama32_3b_prompt2,Q024,L,Books,13,lord of the rings,lord of the rings,1,0,1,Q024::13
Part3/outputs/answers_llama32_3b_prompt2.csv,answers_llama32_3b_prompt2,Q024,L,Books,14,lord of the rings,lord of the rings,1,0,1,Q024::14
Part3/outputs/answers_llama32_3b_prompt2.csv,answers_llama32_3b_prompt2,Q024,L,Books,15,lost generation,lost generation,0,0,0,Q024::15
Part3/outputs/answers_llama32_3b_prompt2.csv,answers_llama32_3b_prompt2,Q024,L,Books,16,lord of the rings,lord of the rings,1,0,1,Q024::16
Part3/outputs/answers_llama32_3b_prompt2.csv,answers_llama32_3b_prompt2,Q024,L,Books,17,lord of the rings,lord of the rings,1,0,1,Q024::17
Part3/outputs/answers_llama32_3b_prompt2.csv,answers_llama32_3b_prompt2,Q024,L,Books,18,lord of the rings,lord of the rings,1,0,1,Q024::18
Part3/outputs/answers_llama32_3b_prompt2.csv,answers_llama32_3b_prompt2,Q024,L,Books,19,lord of the rings,lord of the rings,1,0,1,Q024::19
Part3/outputs/answers_llama32_3b_prompt2.csv,answers_llama32_3b_prompt2,Q025,M,Languages,0,malay,malay,1,0,1,Q025::0
Part3/outputs/answers_llama32_3b_prompt2.csv,answers_llama32_3b_prompt2,Q025,M,Languages,1,macedonian,macedonian,1,0,1,Q025::1
Part3/outputs/answers_llama32_3b_prompt2.csv,answers_llama32_3b_prompt2,Q025,M,Languages,2,macedonian,macedonian,1,0,1,Q025::2
Part3/outputs/answers_llama32_3b_prompt2.csv,answers_llama32_3b_prompt2,Q025,M,Languages,3,malay,malay,1,0,1,Q025::3
Part3/outputs/answers_llama32_3b_prompt2.csv,answers_llama32_3b_prompt2,Q025,M,Languages,4,malay,malay,1,0,1,Q025::4
Part3/outputs/answers_llama32_3b_prompt2.csv,answers_llama32_3b_prompt2,Q025,M,Languages,5,malay,malay,1,0,1,Q025::5
Part3/outputs/answers_llama32_3b_prompt2.csv,answers_llama32_3b_prompt2,Q025,M,Languages,6,malay,malay,1,0,1,Q025::6
Part3/outputs/answers_llama32_3b_prompt2.csv,answers_llama32_3b_prompt2,Q025,M,Languages,7,malay,malay,1,0,1,Q025::7
Part3/outputs/answers_llama32_3b_prompt2.csv,answers_llama32_3b_prompt2,Q025,M,Languages,8,malay,malay,1,0,1,Q025::8
Part3/outputs/answers_llama32_3b_prompt2.csv,answers_llama32_3b_prompt2,Q025,M,Languages,9,malay,malay,1,0,1,Q025::9
Part3/outputs/answers_llama32_3b_prompt2.csv,answers_llama32_3b_prompt2,Q025,M,Languages,10,malay,malay,1,0,1,Q025::10
Part3/outputs/answers_llama32_3b_prompt2.csv,answers_llama32_3b_prompt2,Q025,M,Languages,11,macedonian,macedonian,1,0,1,Q025::11
Part3/outputs/answers_llama32_3b_prompt2.csv,answers_llama32_3b_prompt2,Q025,M,Languages,12,malay,malay,1,0,1,Q025::12
Part3/outputs/answers_llama32_3b_prompt2.csv,answers_llama32_3b_prompt2,Q025,M,Languages,13,malay,malay,1,0,1,Q025::13
Part3/outputs/answers_llama32_3b_prompt2.csv,answers_llama32_3b_prompt2,Q025,M,Languages,14,mongolian,mongolian,1,0,1,Q025::14
Part3/outputs/answers_llama32_3b_prompt2.csv,answers_llama32_3b_prompt2,Q025,M,Languages,15,maltese,maltese,1,0,1,Q025::15
Part3/outputs/answers_llama32_3b_prompt2.csv,answers_llama32_3b_prompt2,Q025,M,Languages,16,manx,manx,1,0,1,Q025::16
Part3/outputs/answers_llama32_3b_prompt2.csv,answers_llama32_3b_prompt2,Q025,M,Languages,17,macedonian,macedonian,1,0,1,Q025::17
Part3/outputs/answers_llama32_3b_prompt2.csv,answers_llama32_3b_prompt2,Q025,M,Languages,18,malay,malay,1,0,1,Q025::18
Part3/outputs/answers_llama32_3b_prompt2.csv,answers_llama32_3b_prompt2,Q025,M,Languages,19,malay,malay,1,0,1,Q025::19
Part3/outputs/answers_llama32_3b_prompt2.csv,answers_llama32_3b_prompt2,Q026,M,Clothing items,0,matador jacket,matador jacket,0,0,0,Q026::0
Part3/outputs/answers_llama32_3b_prompt2.csv,answers_llama32_3b_prompt2,Q026,M,Clothing items,1,milk dress,milk dress,0,0,0,Q026::1
Part3/outputs/answers_llama32_3b_prompt2.csv,answers_llama32_3b_prompt2,Q026,M,Clothing items,2,monokini,monokini,1,0,1,Q026::2
Part3/outputs/answers_llama32_3b_prompt2.csv,answers_llama32_3b_prompt2,Q026,M,Clothing items,3,manhole cover,manhole cover,0,0,0,Q026::3
Part3/outputs/answers_llama32_3b_prompt2.csv,answers_llama32_3b_prompt2,Q026,M,Clothing items,4,monocle,monocle,0,0,0,Q026::4
Part3/outputs/answers_llama32_3b_prompt2.csv,answers_llama32_3b_prompt2,Q026,M,Clothing items,5,maxi dress,maxi dress,1,0,1,Q026::5
Part3/outputs/answers_llama32_3b_prompt2.csv,answers_llama32_3b_prompt2,Q026,M,Clothing items,6,maxi dress,maxi dress,1,0,1,Q026::6
Part3/outputs/answers_llama32_3b_prompt2.csv,answers_llama32_3b_prompt2,Q026,M,Clothing items,7,manchester,manchester,0,0,0,Q026::7
Part3/outputs/answers_llama32_3b_prompt2.csv,answers_llama32_3b_prompt2,Q026,M,Clothing items,8,maillot,maillot,1,0,1,Q026::8
Part3/outputs/answers_llama32_3b_prompt2.csv,answers_llama32_3b_prompt2,Q026,M,Clothing items,9,man t-shirt,man t-shirt,0,0,0,Q026::9
Part3/outputs/answers_llama32_3b_prompt2.csv,answers_llama32_3b_prompt2,Q026,M,Clothing items,10,monokini,monokini,1,0,1,Q026::10
Part3/outputs/answers_llama32_3b_prompt2.csv,answers_llama32_3b_prompt2,Q026,M,Clothing items,11,maxi dress,maxi dress,1,0,1,Q026::11
Part3/outputs/answers_llama32_3b_prompt2.csv,answers_llama32_3b_prompt2,Q026,M,Clothing items,12,mannequin,mannequin,0,0,0,Q026::12
Part3/outputs/answers_llama32_3b_prompt2.csv,answers_llama32_3b_prompt2,Q026,M,Clothing items,13,mules,mules,1,0,1,Q026::13
Part3/outputs/answers_llama32_3b_prompt2.csv,answers_llama32_3b_prompt2,Q026,M,Clothing items,14,military jacket,military jacket,1,0,1,Q026::14
Part3/outputs/answers_llama32_3b_prompt2.csv,answers_llama32_3b_prompt2,Q026,M,Clothing items,15,midriff,midriff,1,0,1,Q026::15
Part3/outputs/answers_llama32_3b_prompt2.csv,answers_llama32_3b_prompt2,Q026,M,Clothing items,16,loafers,loafers,1,0,1,Q026::16
Part3/outputs/answers_llama32_3b_prompt2.csv,answers_llama32_3b_prompt2,Q026,M,Clothing items,17,maillot,maillot,1,0,1,Q026::17
Part3/outputs/answers_llama32_3b_prompt2.csv,answers_llama32_3b_prompt2,Q026,M,Clothing items,18,monocle,monocle,0,0,0,Q026::18
Part3/outputs/answers_llama32_3b_prompt2.csv,answers_llama32_3b_prompt2,Q026,M,Clothing items,19,mullet,mullet,0,0,0,Q026::19
Part3/outputs/answers_llama32_3b_prompt2.csv,answers_llama32_3b_prompt2,Q027,N,Birds,0,northern flicker,northern flicker,1,0,1,Q027::0
Part3/outputs/answers_llama32_3b_prompt2.csv,answers_llama32_3b_prompt2,Q027,N,Birds,1,nightingale,nightingale,1,1,0,Q027::1
Part3/outputs/answers_llama32_3b_prompt2.csv,answers_llama32_3b_prompt2,Q027,N,Birds,2,northern flicker,northern flicker,1,0,1,Q027::2
Part3/outputs/answers_llama32_3b_prompt2.csv,answers_llama32_3b_prompt2,Q027,N,Birds,3,new zealand falcon,new zealand falcon,0,0,0,Q027::3
Part3/outputs/answers_llama32_3b_prompt2.csv,answers_llama32_3b_prompt2,Q027,N,Birds,4,norway barnacle,norway barnacle,0,0,0,Q027::4
Part3/outputs/answers_llama32_3b_prompt2.csv,answers_llama32_3b_prompt2,Q027,N,Birds,5,norway barnacle,norway barnacle,0,0,0,Q027::5
Part3/outputs/answers_llama32_3b_prompt2.csv,answers_llama32_3b_prompt2,Q027,N,Birds,6,new holland hornbill,new holland hornbill,1,0,1,Q027::6
Part3/outputs/answers_llama32_3b_prompt2.csv,answers_llama32_3b_prompt2,Q027,N,Birds,7,norway rat,norway rat,0,0,0,Q027::7
Part3/outputs/answers_llama32_3b_prompt2.csv,answers_llama32_3b_prompt2,Q027,N,Birds,8,northern flicker,northern flicker,1,0,1,Q027::8
Part3/outputs/answers_llama32_3b_prompt2.csv,answers_llama32_3b_prompt2,Q027,N,Birds,9,northern flicker,northern flicker,1,0,1,Q027::9
Part3/outputs/answers_llama32_3b_prompt2.csv,answers_llama32_3b_prompt2,Q027,N,Birds,10,northern flicker,northern flicker,1,0,1,Q027::10
Part3/outputs/answers_llama32_3b_prompt2.csv,answers_llama32_3b_prompt2,Q027,N,Birds,11,northern fowl,northern fowl,0,0,0,Q027::11
Part3/outputs/answers_llama32_3b_prompt2.csv,answers_llama32_3b_prompt2,Q027,N,Birds,12,nighthawk,nighthawk,1,0,1,Q027::12
Part3/outputs/answers_llama32_3b_prompt2.csv,answers_llama32_3b_prompt2,Q027,N,Birds,13,northern flicker,northern flicker,1,0,1,Q027::13
Part3/outputs/answers_llama32_3b_prompt2.csv,answers_llama32_3b_prompt2,Q027,N,Birds,14,northern flicker,northern flicker,1,0,1,Q027::14
Part3/outputs/answers_llama32_3b_prompt2.csv,answers_llama32_3b_prompt2,Q027,N,Birds,15,nightingale,nightingale,1,1,0,Q027::15
Part3/outputs/answers_llama32_3b_prompt2.csv,answers_llama32_3b_prompt2,Q027,N,Birds,16,northern flicker,northern flicker,1,0,1,Q027::16
Part3/outputs/answers_llama32_3b_prompt2.csv,answers_llama32_3b_prompt2,Q027,N,Birds,17,new hampshire yellowthroat,new hampshire yellowthroat,0,0,0,Q027::17
Part3/outputs/answers_llama32_3b_prompt2.csv,answers_llama32_3b_prompt2,Q027,N,Birds,18,newfoundland,newfoundland,0,0,0,Q027::18
Part3/outputs/answers_llama32_3b_prompt2.csv,answers_llama32_3b_prompt2,Q027,N,Birds,19,norway rat,norway rat,0,0,0,Q027::19
Part3/outputs/answers_llama32_3b_prompt2.csv,answers_llama32_3b_prompt2,Q028,N,Things in a hospital,0,nursing station,nursing station,1,0,1,Q028::0
Part3/outputs/answers_llama32_3b_prompt2.csv,answers_llama32_3b_prompt2,Q028,N,Things in a hospital,1,nurse,nurse,1,0,1,Q028::1
Part3/outputs/answers_llama32_3b_prompt2.csv,answers_llama32_3b_prompt2,Q028,N,Things in a hospital,2,nurse,nurse,1,0,1,Q028::2
Part3/outputs/answers_llama32_3b_prompt2.csv,answers_llama32_3b_prompt2,Q028,N,Things in a hospital,3,nurse,nurse,1,0,1,Q028::3
Part3/outputs/answers_llama32_3b_prompt2.csv,answers_llama32_3b_prompt2,Q028,N,Things in a hospital,4,nurse,nurse,1,0,1,Q028::4
Part3/outputs/answers_llama32_3b_prompt2.csv,answers_llama32_3b_prompt2,Q028,N,Things in a hospital,5,nurse,nurse,1,0,1,Q028::5
Part3/outputs/answers_llama32_3b_prompt2.csv,answers_llama32_3b_prompt2,Q028,N,Things in a hospital,6,nurse,nurse,1,0,1,Q028::6
Part3/outputs/answers_llama32_3b_prompt2.csv,answers_llama32_3b_prompt2,Q028,N,Things in a hospital,7,nurse,nurse,1,0,1,Q028::7
Part3/outputs/answers_llama32_3b_prompt2.csv,answers_llama32_3b_prompt2,Q028,N,Things in a hospital,8,nurse,nurse,1,0,1,Q028::8
Part3/outputs/answers_llama32_3b_prompt2.csv,answers_llama32_3b_prompt2,Q028,N,Things in a hospital,9,nurse,nurse,1,0,1,Q028::9
Part3/outputs/answers_llama32_3b_prompt2.csv,answers_llama32_3b_prompt2,Q028,N,Things in a hospital,10,nurse,nurse,1,0,1,Q028::10
Part3/outputs/answers_llama32_3b_prompt2.csv,answers_llama32_3b_prompt2,Q028,N,Things in a hospital,11,nurse,nurse,1,0,1,Q028::11
Part3/outputs/answers_llama32_3b_prompt2.csv,answers_llama32_3b_prompt2,Q028,N,Things in a hospital,12,nurse,nurse,1,0,1,Q028::12
Part3/outputs/answers_llama32_3b_prompt2.csv,answers_llama32_3b_prompt2,Q028,N,Things in a hospital,13,nurse,nurse,1,0,1,Q028::13
Part3/outputs/answers_llama32_3b_prompt2.csv,answers_llama32_3b_prompt2,Q028,N,Things in a hospital,14,nurse,nurse,1,0,1,Q028::14
Part3/outputs/answers_llama32_3b_prompt2.csv,answers_llama32_3b_prompt2,Q028,N,Things in a hospital,15,nurse,nurse,1,0,1,Q028::15
Part3/outputs/answers_llama32_3b_prompt2.csv,answers_llama32_3b_prompt2,Q028,N,Things in a hospital,16,nurse,nurse,1,0,1,Q028::16
Part3/outputs/answers_llama32_3b_prompt2.csv,answers_llama32_3b_prompt2,Q028,N,Things in a hospital,17,nurse,nurse,1,0,1,Q028::17
Part3/outputs/answers_llama32_3b_prompt2.csv,answers_llama32_3b_prompt2,Q028,N,Things in a hospital,18,nurse,nurse,1,0,1,Q028::18
Part3/outputs/answers_llama32_3b_prompt2.csv,answers_llama32_3b_prompt2,Q028,N,Things in a hospital,19,nurse,nurse,1,0,1,Q028::19
Part3/outputs/answers_llama32_3b_prompt2.csv,answers_llama32_3b_prompt2,Q029,O,Companies,0,o eon,o eon,0,0,0,Q029::0
Part3/outputs/answers_llama32_3b_prompt2.csv,answers_llama32_3b_prompt2,Q029,O,Companies,1,oceanos,oceanos,0,0,0,Q029::1
Part3/outputs/answers_llama32_3b_prompt2.csv,answers_llama32_3b_prompt2,Q029,O,Companies,2,ocean freight forwarding co,ocean freight forwarding co,0,0,0,Q029::2
Part3/outputs/answers_llama32_3b_prompt2.csv,answers_llama32_3b_prompt2,Q029,O,Companies,3,oceanic petroleum,oceanic petroleum,0,0,0,Q029::3
Part3/outputs/answers_llama32_3b_prompt2.csv,answers_llama32_3b_prompt2,Q029,O,Companies,4,o eon,o eon,0,0,0,Q029::4
Part3/outputs/answers_llama32_3b_prompt2.csv,answers_llama32_3b_prompt2,Q029,O,Companies,5,ocean blue textiles,ocean blue textiles,0,0,0,Q029::5
Part3/outputs/answers_llama32_3b_prompt2.csv,answers_llama32_3b_prompt2,Q029,O,Companies,6,ocean insurance,ocean insurance,0,0,0,Q029::6
Part3/outputs/answers_llama32_3b_prompt2.csv,answers_llama32_3b_prompt2,Q029,O,Companies,7,ocean freight forwarders,ocean freight forwarders,0,0,0,Q029::7
Part3/outputs/answers_llama32_3b_prompt2.csv,answers_llama32_3b_prompt2,Q029,O,Companies,8,oceanic plywood corporation,oceanic plywood corporation,0,0,0,Q029::8
Part3/outputs/answers_llama32_3b_prompt2.csv,answers_llama32_3b_prompt2,Q029,O,Companies,9,ocians group inc,ocians group inc,0,0,0,Q029::9
Part3/outputs/answers_llama32_3b_prompt2.csv,answers_llama32_3b_prompt2,Q029,O,Companies,10,oceanos,oceanos,0,0,0,Q029::10
Part3/outputs/answers_llama32_3b_prompt2.csv,answers_llama32_3b_prompt2,Q029,O,Companies,11,oceanography institute,oceanography institute,0,0,0,Q029::11
Part3/outputs/answers_llama32_3b_prompt2.csv,answers_llama32_3b_prompt2,Q029,O,Companies,12,"ocean

no 

 changed to
 olympia",ocean no changed to olympia,0,0,0,Q029::12
Part3/outputs/answers_llama32_3b_prompt2.csv,answers_llama32_3b_prompt2,Q029,O,Companies,13,oceanus tech,oceanus tech,0,0,0,Q029::13
Part3/outputs/answers_llama32_3b_prompt2.csv,answers_llama32_3b_prompt2,Q029,O,Companies,14,o e j scotts,o e j scotts,0,0,0,Q029::14
Part3/outputs/answers_llama32_3b_prompt2.csv,answers_llama32_3b_prompt2,Q029,O,Companies,15,o reilly,o reilly,0,0,0,Q029::15
Part3/outputs/answers_llama32_3b_prompt2.csv,answers_llama32_3b_prompt2,Q029,O,Companies,16,ocean spray,ocean spray,1,0,1,Q029::16
Part3/outputs/answers_llama32_3b_prompt2.csv,answers_llama32_3b_prompt2,Q029,O,Companies,17,o eon energy,o eon energy,0,0,0,Q029::17
Part3/outputs/answers_llama32_3b_prompt2.csv,answers_llama32_3b_prompt2,Q029,O,Companies,18,ocean sciences institute,ocean sciences institute,0,0,0,Q029::18
Part3/outputs/answers_llama32_3b_prompt2.csv,answers_llama32_3b_prompt2,Q029,O,Companies,19,ocianco,ocianco,0,0,0,Q029::19
Part3/outputs/answers_llama32_3b_prompt2.csv,answers_llama32_3b_prompt2,Q030,O,Things in the sky,0,ocean,ocean,0,0,0,Q030::0
Part3/outputs/answers_llama32_3b_prompt2.csv,answers_llama32_3b_prompt2,Q030,O,Things in the sky,1,ocean,ocean,0,0,0,Q030::1
Part3/outputs/answers_llama32_3b_prompt2.csv,answers_llama32_3b_prompt2,Q030,O,Things in the sky,2,ocean,ocean,0,0,0,Q030::2
Part3/outputs/answers_llama32_3b_prompt2.csv,answers_llama32_3b_prompt2,Q030,O,Things in the sky,3,ocean,ocean,0,0,0,Q030::3
Part3/outputs/answers_llama32_3b_prompt2.csv,answers_llama32_3b_prompt2,Q030,O,Things in the sky,4,ocean cloud,ocean cloud,0,0,0,Q030::4
Part3/outputs/answers_llama32_3b_prompt2.csv,answers_llama32_3b_prompt2,Q030,O,Things in the sky,5,open ocean,open ocean,0,0,0,Q030::5
Part3/outputs/answers_llama32_3b_prompt2.csv,answers_llama32_3b_prompt2,Q030,O,Things in the sky,6,ocean,ocean,0,0,0,Q030::6
Part3/outputs/answers_llama32_3b_prompt2.csv,answers_llama32_3b_prompt2,Q030,O,Things in the sky,7,ocean,ocean,0,0,0,Q030::7
Part3/outputs/answers_llama32_3b_prompt2.csv,answers_llama32_3b_prompt2,Q030,O,Things in the sky,8,ocean,ocean,0,0,0,Q030::8
Part3/outputs/answers_llama32_3b_prompt2.csv,answers_llama32_3b_prompt2,Q030,O,Things in the sky,9,ocean,ocean,0,0,0,Q030::9
Part3/outputs/answers_llama32_3b_prompt2.csv,answers_llama32_3b_prompt2,Q030,O,Things in the sky,10,ocean,ocean,0,0,0,Q030::10
Part3/outputs/answers_llama32_3b_prompt2.csv,answers_llama32_3b_prompt2,Q030,O,Things in the sky,11,open sky,open sky,0,0,0,Q030::11
Part3/outputs/answers_llama32_3b_prompt2.csv,answers_llama32_3b_prompt2,Q030,O,Things in the sky,12,ocean,ocean,0,0,0,Q030::12
Part3/outputs/answers_llama32_3b_prompt2.csv,answers_llama32_3b_prompt2,Q030,O,Things in the sky,13,open ocean,open ocean,0,0,0,Q030::13
Part3/outputs/answers_llama32_3b_prompt2.csv,answers_llama32_3b_prompt2,Q030,O,Things in the sky,14,orange clouds,orange clouds,0,0,0,Q030::14
Part3/outputs/answers_llama32_3b_prompt2.csv,answers_llama32_3b_prompt2,Q030,O,Things in the sky,15,ocean,ocean,0,0,0,Q030::15
Part3/outputs/answers_llama32_3b_prompt2.csv,answers_llama32_3b_prompt2,Q030,O,Things in the sky,16,ocean,ocean,0,0,0,Q030::16
Part3/outputs/answers_llama32_3b_prompt2.csv,answers_llama32_3b_prompt2,Q030,O,Things in the sky,17,ocean clouds,ocean clouds,0,0,0,Q030::17
Part3/outputs/answers_llama32_3b_prompt2.csv,answers_llama32_3b_prompt2,Q030,O,Things in the sky,18,orange clouds,orange clouds,0,0,0,Q030::18
Part3/outputs/answers_llama32_3b_prompt2.csv,answers_llama32_3b_prompt2,Q030,O,Things in the sky,19,oceanic clouds,oceanic clouds,0,0,0,Q030::19
Part3/outputs/answers_llama32_3b_prompt2.csv,answers_llama32_3b_prompt2,Q031,P,Vegetables,0,parsnip,parsnip,1,0,1,Q031::0
Part3/outputs/answers_llama32_3b_prompt2.csv,answers_llama32_3b_prompt2,Q031,P,Vegetables,1,parsnip,parsnip,1,0,1,Q031::1
Part3/outputs/answers_llama32_3b_prompt2.csv,answers_llama32_3b_prompt2,Q031,P,Vegetables,2,parsnip,parsnip,1,0,1,Q031::2
Part3/outputs/answers_llama32_3b_prompt2.csv,answers_llama32_3b_prompt2,Q031,P,Vegetables,3,parsnip,parsnip,1,0,1,Q031::3
Part3/outputs/answers_llama32_3b_prompt2.csv,answers_llama32_3b_prompt2,Q031,P,Vegetables,4,parsnip,parsnip,1,0,1,Q031::4
Part3/outputs/answers_llama32_3b_prompt2.csv,answers_llama32_3b_prompt2,Q031,P,Vegetables,5,parsnip,parsnip,1,0,1,Q031::5
Part3/outputs/answers_llama32_3b_prompt2.csv,answers_llama32_3b_prompt2,Q031,P,Vegetables,6,parsnip,parsnip,1,0,1,Q031::6
Part3/outputs/answers_llama32_3b_prompt2.csv,answers_llama32_3b_prompt2,Q031,P,Vegetables,7,parsnip,parsnip,1,0,1,Q031::7
Part3/outputs/answers_llama32_3b_prompt2.csv,answers_llama32_3b_prompt2,Q031,P,Vegetables,8,parsnip,parsnip,1,0,1,Q031::8
Part3/outputs/answers_llama32_3b_prompt2.csv,answers_llama32_3b_prompt2,Q031,P,Vegetables,9,parsnip,parsnip,1,0,1,Q031::9
Part3/outputs/answers_llama32_3b_prompt2.csv,answers_llama32_3b_prompt2,Q031,P,Vegetables,10,parsnip,parsnip,1,0,1,Q031::10
Part3/outputs/answers_llama32_3b_prompt2.csv,answers_llama32_3b_prompt2,Q031,P,Vegetables,11,parsnip,parsnip,1,0,1,Q031::11
Part3/outputs/answers_llama32_3b_prompt2.csv,answers_llama32_3b_prompt2,Q031,P,Vegetables,12,parsnip,parsnip,1,0,1,Q031::12
Part3/outputs/answers_llama32_3b_prompt2.csv,answers_llama32_3b_prompt2,Q031,P,Vegetables,13,parsnip,parsnip,1,0,1,Q031::13
Part3/outputs/answers_llama32_3b_prompt2.csv,answers_llama32_3b_prompt2,Q031,P,Vegetables,14,parsnip,parsnip,1,0,1,Q031::14
Part3/outputs/answers_llama32_3b_prompt2.csv,answers_llama32_3b_prompt2,Q031,P,Vegetables,15,parsnip,parsnip,1,0,1,Q031::15
Part3/outputs/answers_llama32_3b_prompt2.csv,answers_llama32_3b_prompt2,Q031,P,Vegetables,16,parsnip,parsnip,1,0,1,Q031::16
Part3/outputs/answers_llama32_3b_prompt2.csv,answers_llama32_3b_prompt2,Q031,P,Vegetables,17,parsnip,parsnip,1,0,1,Q031::17
Part3/outputs/answers_llama32_3b_prompt2.csv,answers_llama32_3b_prompt2,Q031,P,Vegetables,18,parsnip,parsnip,1,0,1,Q031::18
Part3/outputs/answers_llama32_3b_prompt2.csv,answers_llama32_3b_prompt2,Q031,P,Vegetables,19,parsnip,parsnip,1,0,1,Q031::19
Part3/outputs/answers_llama32_3b_prompt2.csv,answers_llama32_3b_prompt2,Q032,P,Historical figures,0,peter the great,peter the great,1,0,1,Q032::0
Part3/outputs/answers_llama32_3b_prompt2.csv,answers_llama32_3b_prompt2,Q032,P,Historical figures,1,peter the great,peter the great,1,0,1,Q032::1
Part3/outputs/answers_llama32_3b_prompt2.csv,answers_llama32_3b_prompt2,Q032,P,Historical figures,2,peter the great,peter the great,1,0,1,Q032::2
Part3/outputs/answers_llama32_3b_prompt2.csv,answers_llama32_3b_prompt2,Q032,P,Historical figures,3,peter the great,peter the great,1,0,1,Q032::3
Part3/outputs/answers_llama32_3b_prompt2.csv,answers_llama32_3b_prompt2,Q032,P,Historical figures,4,peter the great,peter the great,1,0,1,Q032::4
Part3/outputs/answers_llama32_3b_prompt2.csv,answers_llama32_3b_prompt2,Q032,P,Historical figures,5,peter the great,peter the great,1,0,1,Q032::5
Part3/outputs/answers_llama32_3b_prompt2.csv,answers_llama32_3b_prompt2,Q032,P,Historical figures,6,peter the great,peter the great,1,0,1,Q032::6
Part3/outputs/answers_llama32_3b_prompt2.csv,answers_llama32_3b_prompt2,Q032,P,Historical figures,7,pierre curie,pierre curie,1,0,1,Q032::7
Part3/outputs/answers_llama32_3b_prompt2.csv,answers_llama32_3b_prompt2,Q032,P,Historical figures,8,paul revere,paul revere,1,0,1,Q032::8
Part3/outputs/answers_llama32_3b_prompt2.csv,answers_llama32_3b_prompt2,Q032,P,Historical figures,9,peter the great,peter the great,1,0,1,Q032::9
Part3/outputs/answers_llama32_3b_prompt2.csv,answers_llama32_3b_prompt2,Q032,P,Historical figures,10,peter the great,peter the great,1,0,1,Q032::10
Part3/outputs/answers_llama32_3b_prompt2.csv,answers_llama32_3b_prompt2,Q032,P,Historical figures,11,peter the great,peter the great,1,1,0,Q032::11
Part3/outputs/answers_llama32_3b_prompt2.csv,answers_llama32_3b_prompt2,Q032,P,Historical figures,12,peter the great,peter the great,1,0,1,Q032::12
Part3/outputs/answers_llama32_3b_prompt2.csv,answers_llama32_3b_prompt2,Q032,P,Historical figures,13,pierre curie,pierre curie,1,0,1,Q032::13
Part3/outputs/answers_llama32_3b_prompt2.csv,answers_llama32_3b_prompt2,Q032,P,Historical figures,14,peter the great,peter the great,1,0,1,Q032::14
Part3/outputs/answers_llama32_3b_prompt2.csv,answers_llama32_3b_prompt2,Q032,P,Historical figures,15,peter the great,peter the great,1,0,1,Q032::15
Part3/outputs/answers_llama32_3b_prompt2.csv,answers_llama32_3b_prompt2,Q032,P,Historical figures,16,peter the great,peter the great,1,0,1,Q032::16
Part3/outputs/answers_llama32_3b_prompt2.csv,answers_llama32_3b_prompt2,Q032,P,Historical figures,17,peter the great,peter the great,1,0,1,Q032::17
Part3/outputs/answers_llama32_3b_prompt2.csv,answers_llama32_3b_prompt2,Q032,P,Historical figures,18,peter the great,peter the great,1,0,1,Q032::18
Part3/outputs/answers_llama32_3b_prompt2.csv,answers_llama32_3b_prompt2,Q032,P,Historical figures,19,peter the great,peter the great,1,0,1,Q032::19
Part3/outputs/answers_llama32_3b_prompt2.csv,answers_llama32_3b_prompt2,Q033,Q,Words in English,0,quaint,quaint,1,0,1,Q033::0
Part3/outputs/answers_llama32_3b_prompt2.csv,answers_llama32_3b_prompt2,Q033,Q,Words in English,1,quiet,quiet,1,0,1,Q033::1
Part3/outputs/answers_llama32_3b_prompt2.csv,answers_llama32_3b_prompt2,Q033,Q,Words in English,2,question,question,1,0,1,Q033::2
Part3/outputs/answers_llama32_3b_prompt2.csv,answers_llama32_3b_prompt2,Q033,Q,Words in English,3,quietly,quietly,1,0,1,Q033::3
Part3/outputs/answers_llama32_3b_prompt2.csv,answers_llama32_3b_prompt2,Q033,Q,Words in English,4,quail,quail,1,0,1,Q033::4
Part3/outputs/answers_llama32_3b_prompt2.csv,answers_llama32_3b_prompt2,Q033,Q,Words in English,5,qualify,qualify,1,0,1,Q033::5
Part3/outputs/answers_llama32_3b_prompt2.csv,answers_llama32_3b_prompt2,Q033,Q,Words in English,6,question,question,1,0,1,Q033::6
Part3/outputs/answers_llama32_3b_prompt2.csv,answers_llama32_3b_prompt2,Q033,Q,Words in English,7,quaint,quaint,1,0,1,Q033::7
Part3/outputs/answers_llama32_3b_prompt2.csv,answers_llama32_3b_prompt2,Q033,Q,Words in English,8,quartz,quartz,1,0,1,Q033::8
Part3/outputs/answers_llama32_3b_prompt2.csv,answers_llama32_3b_prompt2,Q033,Q,Words in English,9,question,question,1,0,1,Q033::9
Part3/outputs/answers_llama32_3b_prompt2.csv,answers_llama32_3b_prompt2,Q033,Q,Words in English,10,quietly,quietly,1,0,1,Q033::10
Part3/outputs/answers_llama32_3b_prompt2.csv,answers_llama32_3b_prompt2,Q033,Q,Words in English,11,question,question,1,0,1,Q033::11
Part3/outputs/answers_llama32_3b_prompt2.csv,answers_llama32_3b_prompt2,Q033,Q,Words in English,12,question,question,1,0,1,Q033::12
Part3/outputs/answers_llama32_3b_prompt2.csv,answers_llama32_3b_prompt2,Q033,Q,Words in English,13,quiet,quiet,1,0,1,Q033::13
Part3/outputs/answers_llama32_3b_prompt2.csv,answers_llama32_3b_prompt2,Q033,Q,Words in English,14,quaint,quaint,1,0,1,Q033::14
Part3/outputs/answers_llama32_3b_prompt2.csv,answers_llama32_3b_prompt2,Q033,Q,Words in English,15,quiet,quiet,1,0,1,Q033::15
Part3/outputs/answers_llama32_3b_prompt2.csv,answers_llama32_3b_prompt2,Q033,Q,Words in English,16,quality,quality,1,0,1,Q033::16
Part3/outputs/answers_llama32_3b_prompt2.csv,answers_llama32_3b_prompt2,Q033,Q,Words in English,17,question,question,1,0,1,Q033::17
Part3/outputs/answers_llama32_3b_prompt2.csv,answers_llama32_3b_prompt2,Q033,Q,Words in English,18,quaint,quaint,1,0,1,Q033::18
Part3/outputs/answers_llama32_3b_prompt2.csv,answers_llama32_3b_prompt2,Q033,Q,Words in English,19,questionnaire,questionnaire,1,0,1,Q033::19
Part3/outputs/answers_llama32_3b_prompt2.csv,answers_llama32_3b_prompt2,Q034,Q,Fictional characters,0,queer eye,queer eye,0,0,0,Q034::0
Part3/outputs/answers_llama32_3b_prompt2.csv,answers_llama32_3b_prompt2,Q034,Q,Fictional characters,1,quasimodo,quasimodo,1,1,0,Q034::1
Part3/outputs/answers_llama32_3b_prompt2.csv,answers_llama32_3b_prompt2,Q034,Q,Fictional characters,2,quasimodo,quasimodo,1,0,1,Q034::2
Part3/outputs/answers_llama32_3b_prompt2.csv,answers_llama32_3b_prompt2,Q034,Q,Fictional characters,3,quasimodo,quasimodo,1,0,1,Q034::3
Part3/outputs/answers_llama32_3b_prompt2.csv,answers_llama32_3b_prompt2,Q034,Q,Fictional characters,4,quantum of solace's james bond,quantum of solace's james bond,0,0,0,Q034::4
Part3/outputs/answers_llama32_3b_prompt2.csv,answers_llama32_3b_prompt2,Q034,Q,Fictional characters,5,quentin quail,quentin quail,0,0,0,Q034::5
Part3/outputs/answers_llama32_3b_prompt2.csv,answers_llama32_3b_prompt2,Q034,Q,Fictional characters,6,quentin tremayne,quentin tremayne,0,0,0,Q034::6
Part3/outputs/answers_llama32_3b_prompt2.csv,answers_llama32_3b_prompt2,Q034,Q,Fictional characters,7,quantum of solace's james bond,quantum of solace's james bond,0,0,0,Q034::7
Part3/outputs/answers_llama32_3b_prompt2.csv,answers_llama32_3b_prompt2,Q034,Q,Fictional characters,8,quentin quayle,quentin quayle,0,0,0,Q034::8
Part3/outputs/answers_llama32_3b_prompt2.csv,answers_llama32_3b_prompt2,Q034,Q,Fictional characters,9,quentin quayle,quentin quayle,0,0,0,Q034::9
Part3/outputs/answers_llama32_3b_prompt2.csv,answers_llama32_3b_prompt2,Q034,Q,Fictional characters,10,quentin quire,quentin quire,1,0,1,Q034::10
Part3/outputs/answers_llama32_3b_prompt2.csv,answers_llama32_3b_prompt2,Q034,Q,Fictional characters,11,quentin trevelyan,quentin trevelyan,1,0,1,Q034::11
Part3/outputs/answers_llama32_3b_prompt2.csv,answers_llama32_3b_prompt2,Q034,Q,Fictional characters,12,quentin martin,quentin martin,0,0,0,Q034::12
Part3/outputs/answers_llama32_3b_prompt2.csv,answers_llama32_3b_prompt2,Q034,Q,Fictional characters,13,quasimodo,quasimodo,1,0,1,Q034::13
Part3/outputs/answers_llama32_3b_prompt2.csv,answers_llama32_3b_prompt2,Q034,Q,Fictional characters,14,queen of thorns,queen of thorns,1,0,1,Q034::14
Part3/outputs/answers_llama32_3b_prompt2.csv,answers_llama32_3b_prompt2,Q034,Q,Fictional characters,15,quentin quayle,quentin quayle,0,0,0,Q034::15
Part3/outputs/answers_llama32_3b_prompt2.csv,answers_llama32_3b_prompt2,Q034,Q,Fictional characters,16,quentin quasar,quentin quasar,1,0,1,Q034::16
Part3/outputs/answers_llama32_3b_prompt2.csv,answers_llama32_3b_prompt2,Q034,Q,Fictional characters,17,quasimodo,quasimodo,1,0,1,Q034::17
Part3/outputs/answers_llama32_3b_prompt2.csv,answers_llama32_3b_prompt2,Q034,Q,Fictional characters,18,qbert,qbert,1,0,1,Q034::18
Part3/outputs/answers_llama32_3b_prompt2.csv,answers_llama32_3b_prompt2,Q034,Q,Fictional characters,19,quasimodo,quasimodo,1,0,1,Q034::19
Part3/outputs/answers_llama32_3b_prompt2.csv,answers_llama32_3b_prompt2,Q035,R,Songs,0,rock around the clock,rock around the clock,1,0,1,Q035::0
Part3/outputs/answers_llama32_3b_prompt2.csv,answers_llama32_3b_prompt2,Q035,R,Songs,1,rock around the clock,rock around the clock,1,0,1,Q035::1
Part3/outputs/answers_llama32_3b_prompt2.csv,answers_llama32_3b_prompt2,Q035,R,Songs,2,ruby Tuesday,ruby tuesday,1,0,1,Q035::2
Part3/outputs/answers_llama32_3b_prompt2.csv,answers_llama32_3b_prompt2,Q035,R,Songs,3,rock around the clock,rock around the clock,1,0,1,Q035::3
Part3/outputs/answers_llama32_3b_prompt2.csv,answers_llama32_3b_prompt2,Q035,R,Songs,4,rhapsody,rhapsody,0,0,0,Q035::4
Part3/outputs/answers_llama32_3b_prompt2.csv,answers_llama32_3b_prompt2,Q035,R,Songs,5,rock around the clock,rock around the clock,1,0,1,Q035::5
Part3/outputs/answers_llama32_3b_prompt2.csv,answers_llama32_3b_prompt2,Q035,R,Songs,6,respect,respect,0,0,0,Q035::6
Part3/outputs/answers_llama32_3b_prompt2.csv,answers_llama32_3b_prompt2,Q035,R,Songs,7,rock around the clock,rock around the clock,1,0,1,Q035::7
Part3/outputs/answers_llama32_3b_prompt2.csv,answers_llama32_3b_prompt2,Q035,R,Songs,8,rock around the clock,rock around the clock,1,0,1,Q035::8
Part3/outputs/answers_llama32_3b_prompt2.csv,answers_llama32_3b_prompt2,Q035,R,Songs,9,rock around the clock,rock around the clock,1,0,1,Q035::9
Part3/outputs/answers_llama32_3b_prompt2.csv,answers_llama32_3b_prompt2,Q035,R,Songs,10,ruby rhymin man,ruby rhymin man,0,0,0,Q035::10
Part3/outputs/answers_llama32_3b_prompt2.csv,answers_llama32_3b_prompt2,Q035,R,Songs,11,respect,respect,0,0,0,Q035::11
Part3/outputs/answers_llama32_3b_prompt2.csv,answers_llama32_3b_prompt2,Q035,R,Songs,12,radio,radio,0,0,0,Q035::12
Part3/outputs/answers_llama32_3b_prompt2.csv,answers_llama32_3b_prompt2,Q035,R,Songs,13,radius,radius,0,0,0,Q035::13
Part3/outputs/answers_llama32_3b_prompt2.csv,answers_llama32_3b_prompt2,Q035,R,Songs,14,rolling in the deep,rolling in the deep,0,0,0,Q035::14
Part3/outputs/answers_llama32_3b_prompt2.csv,answers_llama32_3b_prompt2,Q035,R,Songs,15,rock around the clock,rock around the clock,1,0,1,Q035::15
Part3/outputs/answers_llama32_3b_prompt2.csv,answers_llama32_3b_prompt2,Q035,R,Songs,16,rhapsody in red,rhapsody in red,0,0,0,Q035::16
Part3/outputs/answers_llama32_3b_prompt2.csv,answers_llama32_3b_prompt2,Q035,R,Songs,17,rock around the clock,rock around the clock,1,0,1,Q035::17
Part3/outputs/answers_llama32_3b_prompt2.csv,answers_llama32_3b_prompt2,Q035,R,Songs,18,rock around the clock,rock around the clock,1,0,1,Q035::18
Part3/outputs/answers_llama32_3b_prompt2.csv,answers_llama32_3b_prompt2,Q035,R,Songs,19,rock around the clock,rock around the clock,1,0,1,Q035::19
Part3/outputs/answers_llama32_3b_prompt2.csv,answers_llama32_3b_prompt2,Q036,R,Tools,0,rip saw,rip saw,1,0,1,Q036::0
Part3/outputs/answers_llama32_3b_prompt2.csv,answers_llama32_3b_prompt2,Q036,R,Tools,1,rim saw,rim saw,0,0,0,Q036::1
Part3/outputs/answers_llama32_3b_prompt2.csv,answers_llama32_3b_prompt2,Q036,R,Tools,2,ratchet,ratchet,1,0,1,Q036::2
Part3/outputs/answers_llama32_3b_prompt2.csv,answers_llama32_3b_prompt2,Q036,R,Tools,3,ratchet,ratchet,1,0,1,Q036::3
Part3/outputs/answers_llama32_3b_prompt2.csv,answers_llama32_3b_prompt2,Q036,R,Tools,4,ratchet,ratchet,1,0,1,Q036::4
Part3/outputs/answers_llama32_3b_prompt2.csv,answers_llama32_3b_prompt2,Q036,R,Tools,5,ratchet,ratchet,1,0,1,Q036::5
Part3/outputs/answers_llama32_3b_prompt2.csv,answers_llama32_3b_prompt2,Q036,R,Tools,6,ratchet,ratchet,1,0,1,Q036::6
Part3/outputs/answers_llama32_3b_prompt2.csv,answers_llama32_3b_prompt2,Q036,R,Tools,7,ratchet,ratchet,1,0,1,Q036::7
Part3/outputs/answers_llama32_3b_prompt2.csv,answers_llama32_3b_prompt2,Q036,R,Tools,8,ratchet,ratchet,1,0,1,Q036::8
Part3/outputs/answers_llama32_3b_prompt2.csv,answers_llama32_3b_prompt2,Q036,R,Tools,9,ratchet,ratchet,1,0,1,Q036::9
Part3/outputs/answers_llama32_3b_prompt2.csv,answers_llama32_3b_prompt2,Q036,R,Tools,10,rope cutter,rope cutter,0,0,0,Q036::10
Part3/outputs/answers_llama32_3b_prompt2.csv,answers_llama32_3b_prompt2,Q036,R,Tools,11,ratchet,ratchet,1,0,1,Q036::11
Part3/outputs/answers_llama32_3b_prompt2.csv,answers_llama32_3b_prompt2,Q036,R,Tools,12,rubber mallet,rubber mallet,1,0,1,Q036::12
Part3/outputs/answers_llama32_3b_prompt2.csv,answers_llama32_3b_prompt2,Q036,R,Tools,13,ratchet,ratchet,1,0,1,Q036::13
Part3/outputs/answers_llama32_3b_prompt2.csv,answers_llama32_3b_prompt2,Q036,R,Tools,14,ratchet,ratchet,1,0,1,Q036::14
Part3/outputs/answers_llama32_3b_prompt2.csv,answers_llama32_3b_prompt2,Q036,R,Tools,15,ratchet,ratchet,1,0,1,Q036::15
Part3/outputs/answers_llama32_3b_prompt2.csv,answers_llama32_3b_prompt2,Q036,R,Tools,16,rope,rope,0,0,0,Q036::16
Part3/outputs/answers_llama32_3b_prompt2.csv,answers_llama32_3b_prompt2,Q036,R,Tools,17,ratchet,ratchet,1,0,1,Q036::17
Part3/outputs/answers_llama32_3b_prompt2.csv,answers_llama32_3b_prompt2,Q036,R,Tools,18,ratchet,ratchet,1,0,1,Q036::18
Part3/outputs/answers_llama32_3b_prompt2.csv,answers_llama32_3b_prompt2,Q036,R,Tools,19,ratchet,ratchet,1,0,1,Q036::19
Part3/outputs/answers_llama32_3b_prompt2.csv,answers_llama32_3b_prompt2,Q037,S,Animals,0,seal,seal,1,0,1,Q037::0
Part3/outputs/answers_llama32_3b_prompt2.csv,answers_llama32_3b_prompt2,Q037,S,Animals,1,squirrel,squirrel,1,0,1,Q037::1
Part3/outputs/answers_llama32_3b_prompt2.csv,answers_llama32_3b_prompt2,Q037,S,Animals,2,sheep,sheep,1,0,1,Q037::2
Part3/outputs/answers_llama32_3b_prompt2.csv,answers_llama32_3b_prompt2,Q037,S,Animals,3,squirrel,squirrel,1,0,1,Q037::3
Part3/outputs/answers_llama32_3b_prompt2.csv,answers_llama32_3b_prompt2,Q037,S,Animals,4,sheep,sheep,1,0,1,Q037::4
Part3/outputs/answers_llama32_3b_prompt2.csv,answers_llama32_3b_prompt2,Q037,S,Animals,5,sheep,sheep,1,0,1,Q037::5
Part3/outputs/answers_llama32_3b_prompt2.csv,answers_llama32_3b_prompt2,Q037,S,Animals,6,squirrel,squirrel,1,0,1,Q037::6
Part3/outputs/answers_llama32_3b_prompt2.csv,answers_llama32_3b_prompt2,Q037,S,Animals,7,squirrel,squirrel,1,0,1,Q037::7
Part3/outputs/answers_llama32_3b_prompt2.csv,answers_llama32_3b_prompt2,Q037,S,Animals,8,space turtle,space turtle,0,0,0,Q037::8
Part3/outputs/answers_llama32_3b_prompt2.csv,answers_llama32_3b_prompt2,Q037,S,Animals,9,squirrel,squirrel,1,0,1,Q037::9
Part3/outputs/answers_llama32_3b_prompt2.csv,answers_llama32_3b_prompt2,Q037,S,Animals,10,spotted hyena,spotted hyena,1,0,1,Q037::10
Part3/outputs/answers_llama32_3b_prompt2.csv,answers_llama32_3b_prompt2,Q037,S,Animals,11,sheep,sheep,1,0,1,Q037::11
Part3/outputs/answers_llama32_3b_prompt2.csv,answers_llama32_3b_prompt2,Q037,S,Animals,12,squirrel,squirrel,1,0,1,Q037::12
Part3/outputs/answers_llama32_3b_prompt2.csv,answers_llama32_3b_prompt2,Q037,S,Animals,13,sloth,sloth,1,0,1,Q037::13
Part3/outputs/answers_llama32_3b_prompt2.csv,answers_llama32_3b_prompt2,Q037,S,Animals,14,squirrel,squirrel,1,0,1,Q037::14
Part3/outputs/answers_llama32_3b_prompt2.csv,answers_llama32_3b_prompt2,Q037,S,Animals,15,sheep,sheep,1,0,1,Q037::15
Part3/outputs/answers_llama32_3b_prompt2.csv,answers_llama32_3b_prompt2,Q037,S,Animals,16,salamander,salamander,1,0,1,Q037::16
Part3/outputs/answers_llama32_3b_prompt2.csv,answers_llama32_3b_prompt2,Q037,S,Animals,17,squirrel,squirrel,1,0,1,Q037::17
Part3/outputs/answers_llama32_3b_prompt2.csv,answers_llama32_3b_prompt2,Q037,S,Animals,18,sloth,sloth,1,0,1,Q037::18
Part3/outputs/answers_llama32_3b_prompt2.csv,answers_llama32_3b_prompt2,Q037,S,Animals,19,seal,seal,1,0,1,Q037::19
Part3/outputs/answers_llama32_3b_prompt2.csv,answers_llama32_3b_prompt2,Q038,S,Things in an office,0,file,file,1,0,1,Q038::0
Part3/outputs/answers_llama32_3b_prompt2.csv,answers_llama32_3b_prompt2,Q038,S,Things in an office,1,scanner,scanner,1,0,1,Q038::1
Part3/outputs/answers_llama32_3b_prompt2.csv,answers_llama32_3b_prompt2,Q038,S,Things in an office,2,stapler,stapler,1,0,1,Q038::2
Part3/outputs/answers_llama32_3b_prompt2.csv,answers_llama32_3b_prompt2,Q038,S,Things in an office,3,file cabinet,file cabinet,1,0,1,Q038::3
Part3/outputs/answers_llama32_3b_prompt2.csv,answers_llama32_3b_prompt2,Q038,S,Things in an office,4,"space 

(Note: This is a piece of furniture commonly found in offices)",space (note: this is a piece of furniture commonly found in offices,0,0,0,Q038::4
Part3/outputs/answers_llama32_3b_prompt2.csv,answers_llama32_3b_prompt2,Q038,S,Things in an office,5,space heater,space heater,1,0,1,Q038::5
Part3/outputs/answers_llama32_3b_prompt2.csv,answers_llama32_3b_prompt2,Q038,S,Things in an office,6,scanner,scanner,1,0,1,Q038::6
Part3/outputs/answers_llama32_3b_prompt2.csv,answers_llama32_3b_prompt2,Q038,S,Things in an office,7,space heater,space heater,1,0,1,Q038::7
Part3/outputs/answers_llama32_3b_prompt2.csv,answers_llama32_3b_prompt2,Q038,S,Things in an office,8,stapler,stapler,1,0,1,Q038::8
Part3/outputs/answers_llama32_3b_prompt2.csv,answers_llama32_3b_prompt2,Q038,S,Things in an office,9,stapler,stapler,1,0,1,Q038::9
Part3/outputs/answers_llama32_3b_prompt2.csv,answers_llama32_3b_prompt2,Q038,S,Things in an office,10,computer software,computer software,0,0,0,Q038::10
Part3/outputs/answers_llama32_3b_prompt2.csv,answers_llama32_3b_prompt2,Q038,S,Things in an office,11,file organizer,file organizer,1,0,1,Q038::11
Part3/outputs/answers_llama32_3b_prompt2.csv,answers_llama32_3b_prompt2,Q038,S,Things in an office,12,file clerk,file clerk,0,0,0,Q038::12
Part3/outputs/answers_llama32_3b_prompt2.csv,answers_llama32_3b_prompt2,Q038,S,Things in an office,13,stapler,stapler,1,0,1,Q038::13
Part3/outputs/answers_llama32_3b_prompt2.csv,answers_llama32_3b_prompt2,Q038,S,Things in an office,14,stapler,stapler,1,0,1,Q038::14
Part3/outputs/answers_llama32_3b_prompt2.csv,answers_llama32_3b_prompt2,Q038,S,Things in an office,15,meeting space,meeting space,0,0,0,Q038::15
Part3/outputs/answers_llama32_3b_prompt2.csv,answers_llama32_3b_prompt2,Q038,S,Things in an office,16,space heater,space heater,1,0,1,Q038::16
Part3/outputs/answers_llama32_3b_prompt2.csv,answers_llama32_3b_prompt2,Q038,S,Things in an office,17,stapler,stapler,1,0,1,Q038::17
Part3/outputs/answers_llama32_3b_prompt2.csv,answers_llama32_3b_prompt2,Q038,S,Things in an office,18,server,server,1,0,1,Q038::18
Part3/outputs/answers_llama32_3b_prompt2.csv,answers_llama32_3b_prompt2,Q038,S,Things in an office,19,"space 

 office chairs",space office chairs,0,0,0,Q038::19
Part3/outputs/answers_llama32_3b_prompt2.csv,answers_llama32_3b_prompt2,Q039,T,Countries,0,tunisia,tunisia,1,0,1,Q039::0
Part3/outputs/answers_llama32_3b_prompt2.csv,answers_llama32_3b_prompt2,Q039,T,Countries,1,tonga,tonga,1,0,1,Q039::1
Part3/outputs/answers_llama32_3b_prompt2.csv,answers_llama32_3b_prompt2,Q039,T,Countries,2,tonga,tonga,1,0,1,Q039::2
Part3/outputs/answers_llama32_3b_prompt2.csv,answers_llama32_3b_prompt2,Q039,T,Countries,3,tunisia,tunisia,1,1,0,Q039::3
Part3/outputs/answers_llama32_3b_prompt2.csv,answers_llama32_3b_prompt2,Q039,T,Countries,4,tunisia,tunisia,1,1,0,Q039::4
Part3/outputs/answers_llama32_3b_prompt2.csv,answers_llama32_3b_prompt2,Q039,T,Countries,5,tunisia,tunisia,1,0,1,Q039::5
Part3/outputs/answers_llama32_3b_prompt2.csv,answers_llama32_3b_prompt2,Q039,T,Countries,6,tunisia,tunisia,1,0,1,Q039::6
Part3/outputs/answers_llama32_3b_prompt2.csv,answers_llama32_3b_prompt2,Q039,T,Countries,7,tunisia,tunisia,1,0,1,Q039::7
Part3/outputs/answers_llama32_3b_prompt2.csv,answers_llama32_3b_prompt2,Q039,T,Countries,8,tunisia,tunisia,1,0,1,Q039::8
Part3/outputs/answers_llama32_3b_prompt2.csv,answers_llama32_3b_prompt2,Q039,T,Countries,9,tunisia,tunisia,1,0,1,Q039::9
Part3/outputs/answers_llama32_3b_prompt2.csv,answers_llama32_3b_prompt2,Q039,T,Countries,10,tonga,tonga,1,0,1,Q039::10
Part3/outputs/answers_llama32_3b_prompt2.csv,answers_llama32_3b_prompt2,Q039,T,Countries,11,tunisia,tunisia,1,0,1,Q039::11
Part3/outputs/answers_llama32_3b_prompt2.csv,answers_llama32_3b_prompt2,Q039,T,Countries,12,tunisia,tunisia,1,0,1,Q039::12
Part3/outputs/answers_llama32_3b_prompt2.csv,answers_llama32_3b_prompt2,Q039,T,Countries,13,tonga,tonga,1,0,1,Q039::13
Part3/outputs/answers_llama32_3b_prompt2.csv,answers_llama32_3b_prompt2,Q039,T,Countries,14,tunisia,tunisia,1,0,1,Q039::14
Part3/outputs/answers_llama32_3b_prompt2.csv,answers_llama32_3b_prompt2,Q039,T,Countries,15,tunisia,tunisia,1,0,1,Q039::15
Part3/outputs/answers_llama32_3b_prompt2.csv,answers_llama32_3b_prompt2,Q039,T,Countries,16,tanzania,tanzania,1,0,1,Q039::16
Part3/outputs/answers_llama32_3b_prompt2.csv,answers_llama32_3b_prompt2,Q039,T,Countries,17,tunisia,tunisia,1,0,1,Q039::17
Part3/outputs/answers_llama32_3b_prompt2.csv,answers_llama32_3b_prompt2,Q039,T,Countries,18,taiwan,taiwan,1,0,1,Q039::18
Part3/outputs/answers_llama32_3b_prompt2.csv,answers_llama32_3b_prompt2,Q039,T,Countries,19,tunisia,tunisia,1,0,1,Q039::19
Part3/outputs/answers_llama32_3b_prompt2.csv,answers_llama32_3b_prompt2,Q040,T,TV shows,0,twin peaks,twin peaks,1,0,1,Q040::0
Part3/outputs/answers_llama32_3b_prompt2.csv,answers_llama32_3b_prompt2,Q040,T,TV shows,1,texas justice,texas justice,0,0,0,Q040::1
Part3/outputs/answers_llama32_3b_prompt2.csv,answers_llama32_3b_prompt2,Q040,T,TV shows,2,the twilight zone,the twilight zone,1,1,0,Q040::2
Part3/outputs/answers_llama32_3b_prompt2.csv,answers_llama32_3b_prompt2,Q040,T,TV shows,3,twin peaks,twin peaks,1,0,1,Q040::3
Part3/outputs/answers_llama32_3b_prompt2.csv,answers_llama32_3b_prompt2,Q040,T,TV shows,4,the twilight zone,the twilight zone,1,1,0,Q040::4
Part3/outputs/answers_llama32_3b_prompt2.csv,answers_llama32_3b_prompt2,Q040,T,TV shows,5,twin peaks,twin peaks,1,0,1,Q040::5
Part3/outputs/answers_llama32_3b_prompt2.csv,answers_llama32_3b_prompt2,Q040,T,TV shows,6,twin peaks,twin peaks,1,0,1,Q040::6
Part3/outputs/answers_llama32_3b_prompt2.csv,answers_llama32_3b_prompt2,Q040,T,TV shows,7,twin peaks,twin peaks,1,0,1,Q040::7
Part3/outputs/answers_llama32_3b_prompt2.csv,answers_llama32_3b_prompt2,Q040,T,TV shows,8,total drama island,total drama island,1,0,1,Q040::8
Part3/outputs/answers_llama32_3b_prompt2.csv,answers_llama32_3b_prompt2,Q040,T,TV shows,9,this old house,this old house,1,0,1,Q040::9
Part3/outputs/answers_llama32_3b_prompt2.csv,answers_llama32_3b_prompt2,Q040,T,TV shows,10,twin peaks,twin peaks,1,0,1,Q040::10
Part3/outputs/answers_llama32_3b_prompt2.csv,answers_llama32_3b_prompt2,Q040,T,TV shows,11,twin peaks,twin peaks,1,0,1,Q040::11
Part3/outputs/answers_llama32_3b_prompt2.csv,answers_llama32_3b_prompt2,Q040,T,TV shows,12,twin peaks,twin peaks,1,0,1,Q040::12
Part3/outputs/answers_llama32_3b_prompt2.csv,answers_llama32_3b_prompt2,Q040,T,TV shows,13,tiny house,tiny house,0,0,0,Q040::13
Part3/outputs/answers_llama32_3b_prompt2.csv,answers_llama32_3b_prompt2,Q040,T,TV shows,14,the office,the office,0,0,0,Q040::14
Part3/outputs/answers_llama32_3b_prompt2.csv,answers_llama32_3b_prompt2,Q040,T,TV shows,15,twin peaks,twin peaks,1,0,1,Q040::15
Part3/outputs/answers_llama32_3b_prompt2.csv,answers_llama32_3b_prompt2,Q040,T,TV shows,16,twin peaks,twin peaks,1,0,1,Q040::16
Part3/outputs/answers_llama32_3b_prompt2.csv,answers_llama32_3b_prompt2,Q040,T,TV shows,17,twin peaks,twin peaks,1,0,1,Q040::17
Part3/outputs/answers_llama32_3b_prompt2.csv,answers_llama32_3b_prompt2,Q040,T,TV shows,18,twin peaks,twin peaks,1,0,1,Q040::18
Part3/outputs/answers_llama32_3b_prompt2.csv,answers_llama32_3b_prompt2,Q040,T,TV shows,19,twin peaks,twin peaks,1,0,1,Q040::19
Part3/outputs/answers_llama32_3b_prompt2.csv,answers_llama32_3b_prompt2,Q041,U,U.S. colleges,0,usc,usc,0,0,0,Q041::0
Part3/outputs/answers_llama32_3b_prompt2.csv,answers_llama32_3b_prompt2,Q041,U,U.S. colleges,1,university of utah,university of utah,1,1,0,Q041::1
Part3/outputs/answers_llama32_3b_prompt2.csv,answers_llama32_3b_prompt2,Q041,U,U.S. colleges,2,University of Utah,university of utah,1,1,0,Q041::2
Part3/outputs/answers_llama32_3b_prompt2.csv,answers_llama32_3b_prompt2,Q041,U,U.S. colleges,3,yale university,yale university,0,0,0,Q041::3
Part3/outputs/answers_llama32_3b_prompt2.csv,answers_llama32_3b_prompt2,Q041,U,U.S. colleges,4,university of utah,university of utah,1,1,0,Q041::4
Part3/outputs/answers_llama32_3b_prompt2.csv,answers_llama32_3b_prompt2,Q041,U,U.S. colleges,5,ucla,ucla,1,0,1,Q041::5
Part3/outputs/answers_llama32_3b_prompt2.csv,answers_llama32_3b_prompt2,Q041,U,U.S. colleges,6,university of utah,university of utah,1,1,0,Q041::6
Part3/outputs/answers_llama32_3b_prompt2.csv,answers_llama32_3b_prompt2,Q041,U,U.S. colleges,7,harvard university,harvard university,0,0,0,Q041::7
Part3/outputs/answers_llama32_3b_prompt2.csv,answers_llama32_3b_prompt2,Q041,U,U.S. colleges,8,university of utah,university of utah,1,1,0,Q041::8
Part3/outputs/answers_llama32_3b_prompt2.csv,answers_llama32_3b_prompt2,Q041,U,U.S. colleges,9,university of utah,university of utah,1,1,0,Q041::9
Part3/outputs/answers_llama32_3b_prompt2.csv,answers_llama32_3b_prompt2,Q041,U,U.S. colleges,10,iowa state university,iowa state university,0,0,0,Q041::10
Part3/outputs/answers_llama32_3b_prompt2.csv,answers_llama32_3b_prompt2,Q041,U,U.S. colleges,11,university of utah,university of utah,1,1,0,Q041::11
Part3/outputs/answers_llama32_3b_prompt2.csv,answers_llama32_3b_prompt2,Q041,U,U.S. colleges,12,university of utah,university of utah,1,1,0,Q041::12
Part3/outputs/answers_llama32_3b_prompt2.csv,answers_llama32_3b_prompt2,Q041,U,U.S. colleges,13,University of Utah,university of utah,1,1,0,Q041::13
Part3/outputs/answers_llama32_3b_prompt2.csv,answers_llama32_3b_prompt2,Q041,U,U.S. colleges,14,university of utah,university of utah,1,1,0,Q041::14
Part3/outputs/answers_llama32_3b_prompt2.csv,answers_llama32_3b_prompt2,Q041,U,U.S. colleges,15,university of utah,university of utah,1,1,0,Q041::15
Part3/outputs/answers_llama32_3b_prompt2.csv,answers_llama32_3b_prompt2,Q041,U,U.S. colleges,16,university of utah,university of utah,1,1,0,Q041::16
Part3/outputs/answers_llama32_3b_prompt2.csv,answers_llama32_3b_prompt2,Q041,U,U.S. colleges,17,university of utah,university of utah,1,1,0,Q041::17
Part3/outputs/answers_llama32_3b_prompt2.csv,answers_llama32_3b_prompt2,Q041,U,U.S. colleges,18,university of utah,university of utah,1,1,0,Q041::18
Part3/outputs/answers_llama32_3b_prompt2.csv,answers_llama32_3b_prompt2,Q041,U,U.S. colleges,19,university of utah,university of utah,1,1,0,Q041::19
Part3/outputs/answers_llama32_3b_prompt2.csv,answers_llama32_3b_prompt2,Q042,U,Things in a garage,0,universal joint,universal joint,1,0,1,Q042::0
Part3/outputs/answers_llama32_3b_prompt2.csv,answers_llama32_3b_prompt2,Q042,U,Things in a garage,1,universal joint,universal joint,1,0,1,Q042::1
Part3/outputs/answers_llama32_3b_prompt2.csv,answers_llama32_3b_prompt2,Q042,U,Things in a garage,2,utensil holder,utensil holder,0,0,0,Q042::2
Part3/outputs/answers_llama32_3b_prompt2.csv,answers_llama32_3b_prompt2,Q042,U,Things in a garage,3,universal joint,universal joint,1,0,1,Q042::3
Part3/outputs/answers_llama32_3b_prompt2.csv,answers_llama32_3b_prompt2,Q042,U,Things in a garage,4,utensil holder,utensil holder,0,0,0,Q042::4
Part3/outputs/answers_llama32_3b_prompt2.csv,answers_llama32_3b_prompt2,Q042,U,Things in a garage,5,utility,utility,1,0,1,Q042::5
Part3/outputs/answers_llama32_3b_prompt2.csv,answers_llama32_3b_prompt2,Q042,U,Things in a garage,6,universal joint,universal joint,1,0,1,Q042::6
Part3/outputs/answers_llama32_3b_prompt2.csv,answers_llama32_3b_prompt2,Q042,U,Things in a garage,7,universal joint,universal joint,1,0,1,Q042::7
Part3/outputs/answers_llama32_3b_prompt2.csv,answers_llama32_3b_prompt2,Q042,U,Things in a garage,8,workbench,workbench,0,0,0,Q042::8
Part3/outputs/answers_llama32_3b_prompt2.csv,answers_llama32_3b_prompt2,Q042,U,Things in a garage,9,utensil holder,utensil holder,0,0,0,Q042::9
Part3/outputs/answers_llama32_3b_prompt2.csv,answers_llama32_3b_prompt2,Q042,U,Things in a garage,10,universal joint,universal joint,1,0,1,Q042::10
Part3/outputs/answers_llama32_3b_prompt2.csv,answers_llama32_3b_prompt2,Q042,U,Things in a garage,11,universal jack,universal jack,1,0,1,Q042::11
Part3/outputs/answers_llama32_3b_prompt2.csv,answers_llama32_3b_prompt2,Q042,U,Things in a garage,12,oil filter,oil filter,1,0,1,Q042::12
Part3/outputs/answers_llama32_3b_prompt2.csv,answers_llama32_3b_prompt2,Q042,U,Things in a garage,13,space,space,0,0,0,Q042::13
Part3/outputs/answers_llama32_3b_prompt2.csv,answers_llama32_3b_prompt2,Q042,U,Things in a garage,14,unicycle,unicycle,1,0,1,Q042::14
Part3/outputs/answers_llama32_3b_prompt2.csv,answers_llama32_3b_prompt2,Q042,U,Things in a garage,15,universal joint,universal joint,1,0,1,Q042::15
Part3/outputs/answers_llama32_3b_prompt2.csv,answers_llama32_3b_prompt2,Q042,U,Things in a garage,16,universal joint,universal joint,1,0,1,Q042::16
Part3/outputs/answers_llama32_3b_prompt2.csv,answers_llama32_3b_prompt2,Q042,U,Things in a garage,17,oil filter,oil filter,1,0,1,Q042::17
Part3/outputs/answers_llama32_3b_prompt2.csv,answers_llama32_3b_prompt2,Q042,U,Things in a garage,18,universal joint,universal joint,1,0,1,Q042::18
Part3/outputs/answers_llama32_3b_prompt2.csv,answers_llama32_3b_prompt2,Q042,U,Things in a garage,19,universal motor,universal motor,1,0,1,Q042::19
Part3/outputs/answers_llama32_3b_prompt2.csv,answers_llama32_3b_prompt2,Q043,V,Jobs,0,ventilator technician,ventilator technician,1,0,1,Q043::0
Part3/outputs/answers_llama32_3b_prompt2.csv,answers_llama32_3b_prompt2,Q043,V,Jobs,1,veteran,veteran,0,0,0,Q043::1
Part3/outputs/answers_llama32_3b_prompt2.csv,answers_llama32_3b_prompt2,Q043,V,Jobs,2,viator,viator,0,0,0,Q043::2
Part3/outputs/answers_llama32_3b_prompt2.csv,answers_llama32_3b_prompt2,Q043,V,Jobs,3,vacuum cleaner technician,vacuum cleaner technician,0,0,0,Q043::3
Part3/outputs/answers_llama32_3b_prompt2.csv,answers_llama32_3b_prompt2,Q043,V,Jobs,4,ventilator technician,ventilator technician,1,0,1,Q043::4
Part3/outputs/answers_llama32_3b_prompt2.csv,answers_llama32_3b_prompt2,Q043,V,Jobs,5,veterinarian,veterinarian,1,0,1,Q043::5
Part3/outputs/answers_llama32_3b_prompt2.csv,answers_llama32_3b_prompt2,Q043,V,Jobs,6,veterinarian,veterinarian,1,1,0,Q043::6
Part3/outputs/answers_llama32_3b_prompt2.csv,answers_llama32_3b_prompt2,Q043,V,Jobs,7,valuer,valuer,1,0,1,Q043::7
Part3/outputs/answers_llama32_3b_prompt2.csv,answers_llama32_3b_prompt2,Q043,V,Jobs,8,video technician,video technician,1,0,1,Q043::8
Part3/outputs/answers_llama32_3b_prompt2.csv,answers_llama32_3b_prompt2,Q043,V,Jobs,9,video game designer,video game designer,1,0,1,Q043::9
Part3/outputs/answers_llama32_3b_prompt2.csv,answers_llama32_3b_prompt2,Q043,V,Jobs,10,veteran,veteran,0,0,0,Q043::10
Part3/outputs/answers_llama32_3b_prompt2.csv,answers_llama32_3b_prompt2,Q043,V,Jobs,11,veterinarian,veterinarian,1,0,1,Q043::11
Part3/outputs/answers_llama32_3b_prompt2.csv,answers_llama32_3b_prompt2,Q043,V,Jobs,12,veterinarian,veterinarian,1,0,1,Q043::12
Part3/outputs/answers_llama32_3b_prompt2.csv,answers_llama32_3b_prompt2,Q043,V,Jobs,13,Veterinarian,veterinarian,1,0,1,Q043::13
Part3/outputs/answers_llama32_3b_prompt2.csv,answers_llama32_3b_prompt2,Q043,V,Jobs,14,veterinarian,veterinarian,1,1,0,Q043::14
Part3/outputs/answers_llama32_3b_prompt2.csv,answers_llama32_3b_prompt2,Q043,V,Jobs,15,Veterinarian,veterinarian,1,1,0,Q043::15
Part3/outputs/answers_llama32_3b_prompt2.csv,answers_llama32_3b_prompt2,Q043,V,Jobs,16,veterinarian,veterinarian,1,1,0,Q043::16
Part3/outputs/answers_llama32_3b_prompt2.csv,answers_llama32_3b_prompt2,Q043,V,Jobs,17,video producer,video producer,1,0,1,Q043::17
Part3/outputs/answers_llama32_3b_prompt2.csv,answers_llama32_3b_prompt2,Q043,V,Jobs,18,veterinarian,veterinarian,1,0,1,Q043::18
Part3/outputs/answers_llama32_3b_prompt2.csv,answers_llama32_3b_prompt2,Q043,V,Jobs,19,veterinarian,veterinarian,1,0,1,Q043::19
Part3/outputs/answers_llama32_3b_prompt2.csv,answers_llama32_3b_prompt2,Q044,V,Things you wear,0,vest,vest,1,0,1,Q044::0
Part3/outputs/answers_llama32_3b_prompt2.csv,answers_llama32_3b_prompt2,Q044,V,Things you wear,1,vests,vests,1,0,1,Q044::1
Part3/outputs/answers_llama32_3b_prompt2.csv,answers_llama32_3b_prompt2,Q044,V,Things you wear,2,vest,vest,1,0,1,Q044::2
Part3/outputs/answers_llama32_3b_prompt2.csv,answers_llama32_3b_prompt2,Q044,V,Things you wear,3,vest,vest,1,0,1,Q044::3
Part3/outputs/answers_llama32_3b_prompt2.csv,answers_llama32_3b_prompt2,Q044,V,Things you wear,4,velvet,velvet,1,0,1,Q044::4
Part3/outputs/answers_llama32_3b_prompt2.csv,answers_llama32_3b_prompt2,Q044,V,Things you wear,5,vest,vest,1,0,1,Q044::5
Part3/outputs/answers_llama32_3b_prompt2.csv,answers_llama32_3b_prompt2,Q044,V,Things you wear,6,vest,vest,1,0,1,Q044::6
Part3/outputs/answers_llama32_3b_prompt2.csv,answers_llama32_3b_prompt2,Q044,V,Things you wear,7,vest,vest,1,0,1,Q044::7
Part3/outputs/answers_llama32_3b_prompt2.csv,answers_llama32_3b_prompt2,Q044,V,Things you wear,8,vest,vest,1,0,1,Q044::8
Part3/outputs/answers_llama32_3b_prompt2.csv,answers_llama32_3b_prompt2,Q044,V,Things you wear,9,vest,vest,1,0,1,Q044::9
Part3/outputs/answers_llama32_3b_prompt2.csv,answers_llama32_3b_prompt2,Q044,V,Things you wear,10,vest,vest,1,0,1,Q044::10
Part3/outputs/answers_llama32_3b_prompt2.csv,answers_llama32_3b_prompt2,Q044,V,Things you wear,11,vest,vest,1,0,1,Q044::11
Part3/outputs/answers_llama32_3b_prompt2.csv,answers_llama32_3b_prompt2,Q044,V,Things you wear,12,vest,vest,1,0,1,Q044::12
Part3/outputs/answers_llama32_3b_prompt2.csv,answers_llama32_3b_prompt2,Q044,V,Things you wear,13,vest,vest,1,0,1,Q044::13
Part3/outputs/answers_llama32_3b_prompt2.csv,answers_llama32_3b_prompt2,Q044,V,Things you wear,14,velcro sneakers,velcro sneakers,1,0,1,Q044::14
Part3/outputs/answers_llama32_3b_prompt2.csv,answers_llama32_3b_prompt2,Q044,V,Things you wear,15,vests,vests,1,0,1,Q044::15
Part3/outputs/answers_llama32_3b_prompt2.csv,answers_llama32_3b_prompt2,Q044,V,Things you wear,16,vest,vest,1,0,1,Q044::16
Part3/outputs/answers_llama32_3b_prompt2.csv,answers_llama32_3b_prompt2,Q044,V,Things you wear,17,vest,vest,1,0,1,Q044::17
Part3/outputs/answers_llama32_3b_prompt2.csv,answers_llama32_3b_prompt2,Q044,V,Things you wear,18,vest,vest,1,0,1,Q044::18
Part3/outputs/answers_llama32_3b_prompt2.csv,answers_llama32_3b_prompt2,Q044,V,Things you wear,19,vest,vest,1,0,1,Q044::19
Part3/outputs/answers_llama32_3b_prompt2.csv,answers_llama32_3b_prompt2,Q045,W,Cities,0,walnut creek,walnut creek,1,0,1,Q045::0
Part3/outputs/answers_llama32_3b_prompt2.csv,answers_llama32_3b_prompt2,Q045,W,Cities,1,wilmington,wilmington,1,0,1,Q045::1
Part3/outputs/answers_llama32_3b_prompt2.csv,answers_llama32_3b_prompt2,Q045,W,Cities,2,washington,washington,1,0,1,Q045::2
Part3/outputs/answers_llama32_3b_prompt2.csv,answers_llama32_3b_prompt2,Q045,W,Cities,3,washington,washington,1,0,1,Q045::3
Part3/outputs/answers_llama32_3b_prompt2.csv,answers_llama32_3b_prompt2,Q045,W,Cities,4,washington d c,washington d c,0,0,0,Q045::4
Part3/outputs/answers_llama32_3b_prompt2.csv,answers_llama32_3b_prompt2,Q045,W,Cities,5,wichita,wichita,1,0,1,Q045::5
Part3/outputs/answers_llama32_3b_prompt2.csv,answers_llama32_3b_prompt2,Q045,W,Cities,6,wichita,wichita,1,1,0,Q045::6
Part3/outputs/answers_llama32_3b_prompt2.csv,answers_llama32_3b_prompt2,Q045,W,Cities,7,worcester,worcester,1,0,1,Q045::7
Part3/outputs/answers_llama32_3b_prompt2.csv,answers_llama32_3b_prompt2,Q045,W,Cities,8,windsor,windsor,1,0,1,Q045::8
Part3/outputs/answers_llama32_3b_prompt2.csv,answers_llama32_3b_prompt2,Q045,W,Cities,9,washington d c,washington d c,0,0,0,Q045::9
Part3/outputs/answers_llama32_3b_prompt2.csv,answers_llama32_3b_prompt2,Q045,W,Cities,10,waterloo,waterloo,1,0,1,Q045::10
Part3/outputs/answers_llama32_3b_prompt2.csv,answers_llama32_3b_prompt2,Q045,W,Cities,11,winston salem,winston salem,1,0,1,Q045::11
Part3/outputs/answers_llama32_3b_prompt2.csv,answers_llama32_3b_prompt2,Q045,W,Cities,12,wilmington,wilmington,1,0,1,Q045::12
Part3/outputs/answers_llama32_3b_prompt2.csv,answers_llama32_3b_prompt2,Q045,W,Cities,13,washington,washington,1,0,1,Q045::13
Part3/outputs/answers_llama32_3b_prompt2.csv,answers_llama32_3b_prompt2,Q045,W,Cities,14,waikiki,waikiki,0,0,0,Q045::14
Part3/outputs/answers_llama32_3b_prompt2.csv,answers_llama32_3b_prompt2,Q045,W,Cities,15,winnipeg,winnipeg,1,0,1,Q045::15
Part3/outputs/answers_llama32_3b_prompt2.csv,answers_llama32_3b_prompt2,Q045,W,Cities,16,winnipeg,winnipeg,1,0,1,Q045::16
Part3/outputs/answers_llama32_3b_prompt2.csv,answers_llama32_3b_prompt2,Q045,W,Cities,17,waikiki,waikiki,0,0,0,Q045::17
Part3/outputs/answers_llama32_3b_prompt2.csv,answers_llama32_3b_prompt2,Q045,W,Cities,18,wichita,wichita,1,0,1,Q045::18
Part3/outputs/answers_llama32_3b_prompt2.csv,answers_llama32_3b_prompt2,Q045,W,Cities,19,windsor,windsor,1,0,1,Q045::19
Part3/outputs/answers_llama32_3b_prompt2.csv,answers_llama32_3b_prompt2,Q046,W,Things in a park,0,waterfall,waterfall,1,0,1,Q046::0
Part3/outputs/answers_llama32_3b_prompt2.csv,answers_llama32_3b_prompt2,Q046,W,Things in a park,1,walkway,walkway,1,0,1,Q046::1
Part3/outputs/answers_llama32_3b_prompt2.csv,answers_llama32_3b_prompt2,Q046,W,Things in a park,2,water feature,water feature,1,0,1,Q046::2
Part3/outputs/answers_llama32_3b_prompt2.csv,answers_llama32_3b_prompt2,Q046,W,Things in a park,3,walkway,walkway,1,0,1,Q046::3
Part3/outputs/answers_llama32_3b_prompt2.csv,answers_llama32_3b_prompt2,Q046,W,Things in a park,4,walkway,walkway,1,0,1,Q046::4
Part3/outputs/answers_llama32_3b_prompt2.csv,answers_llama32_3b_prompt2,Q046,W,Things in a park,5,walkway,walkway,1,0,1,Q046::5
Part3/outputs/answers_llama32_3b_prompt2.csv,answers_llama32_3b_prompt2,Q046,W,Things in a park,6,walking path,walking path,1,0,1,Q046::6
Part3/outputs/answers_llama32_3b_prompt2.csv,answers_llama32_3b_prompt2,Q046,W,Things in a park,7,water fountain,water fountain,1,1,0,Q046::7
Part3/outputs/answers_llama32_3b_prompt2.csv,answers_llama32_3b_prompt2,Q046,W,Things in a park,8,walkway,walkway,1,0,1,Q046::8
Part3/outputs/answers_llama32_3b_prompt2.csv,answers_llama32_3b_prompt2,Q046,W,Things in a park,9,wading pool,wading pool,1,0,1,Q046::9
Part3/outputs/answers_llama32_3b_prompt2.csv,answers_llama32_3b_prompt2,Q046,W,Things in a park,10,walkway,walkway,1,0,1,Q046::10
Part3/outputs/answers_llama32_3b_prompt2.csv,answers_llama32_3b_prompt2,Q046,W,Things in a park,11,walkway,walkway,1,0,1,Q046::11
Part3/outputs/answers_llama32_3b_prompt2.csv,answers_llama32_3b_prompt2,Q046,W,Things in a park,12,walkway,walkway,1,0,1,Q046::12
Part3/outputs/answers_llama32_3b_prompt2.csv,answers_llama32_3b_prompt2,Q046,W,Things in a park,13,walkway,walkway,1,0,1,Q046::13
Part3/outputs/answers_llama32_3b_prompt2.csv,answers_llama32_3b_prompt2,Q046,W,Things in a park,14,winding walk,winding walk,1,0,1,Q046::14
Part3/outputs/answers_llama32_3b_prompt2.csv,answers_llama32_3b_prompt2,Q046,W,Things in a park,15,walkway,walkway,1,0,1,Q046::15
Part3/outputs/answers_llama32_3b_prompt2.csv,answers_llama32_3b_prompt2,Q046,W,Things in a park,16,wetlands,wetlands,0,0,0,Q046::16
Part3/outputs/answers_llama32_3b_prompt2.csv,answers_llama32_3b_prompt2,Q046,W,Things in a park,17,water fountain,water fountain,1,0,1,Q046::17
Part3/outputs/answers_llama32_3b_prompt2.csv,answers_llama32_3b_prompt2,Q046,W,Things in a park,18,walk,walk,0,0,0,Q046::18
Part3/outputs/answers_llama32_3b_prompt2.csv,answers_llama32_3b_prompt2,Q046,W,Things in a park,19,walkway,walkway,1,0,1,Q046::19
Part3/outputs/answers_llama32_3b_prompt2.csv,answers_llama32_3b_prompt2,Q047,X,Brands,0,xerox,xerox,1,0,1,Q047::0
Part3/outputs/answers_llama32_3b_prompt2.csv,answers_llama32_3b_prompt2,Q047,X,Brands,1,xerox,xerox,1,0,1,Q047::1
Part3/outputs/answers_llama32_3b_prompt2.csv,answers_llama32_3b_prompt2,Q047,X,Brands,2,xerox,xerox,1,0,1,Q047::2
Part3/outputs/answers_llama32_3b_prompt2.csv,answers_llama32_3b_prompt2,Q047,X,Brands,3,xerox,xerox,1,0,1,Q047::3
Part3/outputs/answers_llama32_3b_prompt2.csv,answers_llama32_3b_prompt2,Q047,X,Brands,4,xerox,xerox,1,1,0,Q047::4
Part3/outputs/answers_llama32_3b_prompt2.csv,answers_llama32_3b_prompt2,Q047,X,Brands,5,xerox,xerox,1,0,1,Q047::5
Part3/outputs/answers_llama32_3b_prompt2.csv,answers_llama32_3b_prompt2,Q047,X,Brands,6,xerox,xerox,1,0,1,Q047::6
Part3/outputs/answers_llama32_3b_prompt2.csv,answers_llama32_3b_prompt2,Q047,X,Brands,7,xerox,xerox,1,0,1,Q047::7
Part3/outputs/answers_llama32_3b_prompt2.csv,answers_llama32_3b_prompt2,Q047,X,Brands,8,xerox,xerox,1,0,1,Q047::8
Part3/outputs/answers_llama32_3b_prompt2.csv,answers_llama32_3b_prompt2,Q047,X,Brands,9,xerox,xerox,1,0,1,Q047::9
Part3/outputs/answers_llama32_3b_prompt2.csv,answers_llama32_3b_prompt2,Q047,X,Brands,10,xerox,xerox,1,0,1,Q047::10
Part3/outputs/answers_llama32_3b_prompt2.csv,answers_llama32_3b_prompt2,Q047,X,Brands,11,xerox,xerox,1,0,1,Q047::11
Part3/outputs/answers_llama32_3b_prompt2.csv,answers_llama32_3b_prompt2,Q047,X,Brands,12,xerox,xerox,1,0,1,Q047::12
Part3/outputs/answers_llama32_3b_prompt2.csv,answers_llama32_3b_prompt2,Q047,X,Brands,13,xbox,xbox,1,0,1,Q047::13
Part3/outputs/answers_llama32_3b_prompt2.csv,answers_llama32_3b_prompt2,Q047,X,Brands,14,xerox,xerox,1,0,1,Q047::14
Part3/outputs/answers_llama32_3b_prompt2.csv,answers_llama32_3b_prompt2,Q047,X,Brands,15,xerox,xerox,1,0,1,Q047::15
Part3/outputs/answers_llama32_3b_prompt2.csv,answers_llama32_3b_prompt2,Q047,X,Brands,16,xerox,xerox,1,0,1,Q047::16
Part3/outputs/answers_llama32_3b_prompt2.csv,answers_llama32_3b_prompt2,Q047,X,Brands,17,xerox,xerox,1,0,1,Q047::17
Part3/outputs/answers_llama32_3b_prompt2.csv,answers_llama32_3b_prompt2,Q047,X,Brands,18,xerox,xerox,1,1,0,Q047::18
Part3/outputs/answers_llama32_3b_prompt2.csv,answers_llama32_3b_prompt2,Q047,X,Brands,19,xbox,xbox,1,0,1,Q047::19
Part3/outputs/answers_llama32_3b_prompt2.csv,answers_llama32_3b_prompt2,Q048,X,Words in English,0,excuses,excuses,0,0,0,Q048::0
Part3/outputs/answers_llama32_3b_prompt2.csv,answers_llama32_3b_prompt2,Q048,X,Words in English,1,xenon,xenon,1,0,1,Q048::1
Part3/outputs/answers_llama32_3b_prompt2.csv,answers_llama32_3b_prompt2,Q048,X,Words in English,2,exotic,exotic,1,0,1,Q048::2
Part3/outputs/answers_llama32_3b_prompt2.csv,answers_llama32_3b_prompt2,Q048,X,Words in English,3,excess,excess,1,0,1,Q048::3
Part3/outputs/answers_llama32_3b_prompt2.csv,answers_llama32_3b_prompt2,Q048,X,Words in English,4,excess,excess,1,0,1,Q048::4
Part3/outputs/answers_llama32_3b_prompt2.csv,answers_llama32_3b_prompt2,Q048,X,Words in English,5,xerox,xerox,1,0,1,Q048::5
Part3/outputs/answers_llama32_3b_prompt2.csv,answers_llama32_3b_prompt2,Q048,X,Words in English,6,excess,excess,1,0,1,Q048::6
Part3/outputs/answers_llama32_3b_prompt2.csv,answers_llama32_3b_prompt2,Q048,X,Words in English,7,excavation,excavation,0,0,0,Q048::7
Part3/outputs/answers_llama32_3b_prompt2.csv,answers_llama32_3b_prompt2,Q048,X,Words in English,8,xerox,xerox,1,0,1,Q048::8
Part3/outputs/answers_llama32_3b_prompt2.csv,answers_llama32_3b_prompt2,Q048,X,Words in English,9,explore,explore,0,0,0,Q048::9
Part3/outputs/answers_llama32_3b_prompt2.csv,answers_llama32_3b_prompt2,Q048,X,Words in English,10,extract,extract,0,0,0,Q048::10
Part3/outputs/answers_llama32_3b_prompt2.csv,answers_llama32_3b_prompt2,Q048,X,Words in English,11,xerox,xerox,1,0,1,Q048::11
Part3/outputs/answers_llama32_3b_prompt2.csv,answers_llama32_3b_prompt2,Q048,X,Words in English,12,exotic,exotic,1,0,1,Q048::12
Part3/outputs/answers_llama32_3b_prompt2.csv,answers_llama32_3b_prompt2,Q048,X,Words in English,13,exotic,exotic,1,0,1,Q048::13
Part3/outputs/answers_llama32_3b_prompt2.csv,answers_llama32_3b_prompt2,Q048,X,Words in English,14,exit,exit,1,0,1,Q048::14
Part3/outputs/answers_llama32_3b_prompt2.csv,answers_llama32_3b_prompt2,Q048,X,Words in English,15,x ray,x ray,1,0,1,Q048::15
Part3/outputs/answers_llama32_3b_prompt2.csv,answers_llama32_3b_prompt2,Q048,X,Words in English,16,excavate,excavate,1,0,1,Q048::16
Part3/outputs/answers_llama32_3b_prompt2.csv,answers_llama32_3b_prompt2,Q048,X,Words in English,17,x ray,x ray,1,0,1,Q048::17
Part3/outputs/answers_llama32_3b_prompt2.csv,answers_llama32_3b_prompt2,Q048,X,Words in English,18,exotic,exotic,1,0,1,Q048::18
Part3/outputs/answers_llama32_3b_prompt2.csv,answers_llama32_3b_prompt2,Q048,X,Words in English,19,extremist,extremist,1,0,1,Q048::19
Part3/outputs/answers_llama32_3b_prompt2.csv,answers_llama32_3b_prompt2,Q049,Y,Foods,0,yellowtail,yellowtail,1,0,1,Q049::0
Part3/outputs/answers_llama32_3b_prompt2.csv,answers_llama32_3b_prompt2,Q049,Y,Foods,1,yogurt,yogurt,1,0,1,Q049::1
Part3/outputs/answers_llama32_3b_prompt2.csv,answers_llama32_3b_prompt2,Q049,Y,Foods,2,yogurt,yogurt,1,0,1,Q049::2
Part3/outputs/answers_llama32_3b_prompt2.csv,answers_llama32_3b_prompt2,Q049,Y,Foods,3,yellow corn,yellow corn,1,0,1,Q049::3
Part3/outputs/answers_llama32_3b_prompt2.csv,answers_llama32_3b_prompt2,Q049,Y,Foods,4,yogurt,yogurt,1,1,0,Q049::4
Part3/outputs/answers_llama32_3b_prompt2.csv,answers_llama32_3b_prompt2,Q049,Y,Foods,5,yogurt,yogurt,1,0,1,Q049::5
Part3/outputs/answers_llama32_3b_prompt2.csv,answers_llama32_3b_prompt2,Q049,Y,Foods,6,yogurt,yogurt,1,0,1,Q049::6
Part3/outputs/answers_llama32_3b_prompt2.csv,answers_llama32_3b_prompt2,Q049,Y,Foods,7,yogurt,yogurt,1,0,1,Q049::7
Part3/outputs/answers_llama32_3b_prompt2.csv,answers_llama32_3b_prompt2,Q049,Y,Foods,8,yogurt,yogurt,1,0,1,Q049::8
Part3/outputs/answers_llama32_3b_prompt2.csv,answers_llama32_3b_prompt2,Q049,Y,Foods,9,yogurt,yogurt,1,1,0,Q049::9
Part3/outputs/answers_llama32_3b_prompt2.csv,answers_llama32_3b_prompt2,Q049,Y,Foods,10,yogurt,yogurt,1,0,1,Q049::10
Part3/outputs/answers_llama32_3b_prompt2.csv,answers_llama32_3b_prompt2,Q049,Y,Foods,11,yellowtail,yellowtail,1,0,1,Q049::11
Part3/outputs/answers_llama32_3b_prompt2.csv,answers_llama32_3b_prompt2,Q049,Y,Foods,12,yogurt,yogurt,1,0,1,Q049::12
Part3/outputs/answers_llama32_3b_prompt2.csv,answers_llama32_3b_prompt2,Q049,Y,Foods,13,yellowtail,yellowtail,1,0,1,Q049::13
Part3/outputs/answers_llama32_3b_prompt2.csv,answers_llama32_3b_prompt2,Q049,Y,Foods,14,yogurt,yogurt,1,0,1,Q049::14
Part3/outputs/answers_llama32_3b_prompt2.csv,answers_llama32_3b_prompt2,Q049,Y,Foods,15,yogurt,yogurt,1,0,1,Q049::15
Part3/outputs/answers_llama32_3b_prompt2.csv,answers_llama32_3b_prompt2,Q049,Y,Foods,16,yogurt,yogurt,1,0,1,Q049::16
Part3/outputs/answers_llama32_3b_prompt2.csv,answers_llama32_3b_prompt2,Q049,Y,Foods,17,yogurt,yogurt,1,0,1,Q049::17
Part3/outputs/answers_llama32_3b_prompt2.csv,answers_llama32_3b_prompt2,Q049,Y,Foods,18,yogurt,yogurt,1,0,1,Q049::18
Part3/outputs/answers_llama32_3b_prompt2.csv,answers_llama32_3b_prompt2,Q049,Y,Foods,19,yogurt,yogurt,1,0,1,Q049::19
Part3/outputs/answers_llama32_3b_prompt2.csv,answers_llama32_3b_prompt2,Q050,Y,Things at a party,0,snack table,snack table,0,0,0,Q050::0
Part3/outputs/answers_llama32_3b_prompt2.csv,answers_llama32_3b_prompt2,Q050,Y,Things at a party,1,yellow cake,yellow cake,1,0,1,Q050::1
Part3/outputs/answers_llama32_3b_prompt2.csv,answers_llama32_3b_prompt2,Q050,Y,Things at a party,2,yakutsk cocktail mix,yakutsk cocktail mix,0,0,0,Q050::2
Part3/outputs/answers_llama32_3b_prompt2.csv,answers_llama32_3b_prompt2,Q050,Y,Things at a party,3,yellow lemonade,yellow lemonade,0,0,0,Q050::3
Part3/outputs/answers_llama32_3b_prompt2.csv,answers_llama32_3b_prompt2,Q050,Y,Things at a party,4,photo booth,photo booth,0,0,0,Q050::4
Part3/outputs/answers_llama32_3b_prompt2.csv,answers_llama32_3b_prompt2,Q050,Y,Things at a party,5,photobooth,photobooth,0,0,0,Q050::5
Part3/outputs/answers_llama32_3b_prompt2.csv,answers_llama32_3b_prompt2,Q050,Y,Things at a party,6,yogurt,yogurt,0,0,0,Q050::6
Part3/outputs/answers_llama32_3b_prompt2.csv,answers_llama32_3b_prompt2,Q050,Y,Things at a party,7,yogurt cups,yogurt cups,0,0,0,Q050::7
Part3/outputs/answers_llama32_3b_prompt2.csv,answers_llama32_3b_prompt2,Q050,Y,Things at a party,8,yellow cake,yellow cake,1,0,1,Q050::8
Part3/outputs/answers_llama32_3b_prompt2.csv,answers_llama32_3b_prompt2,Q050,Y,Things at a party,9,photobooth,photobooth,0,0,0,Q050::9
Part3/outputs/answers_llama32_3b_prompt2.csv,answers_llama32_3b_prompt2,Q050,Y,Things at a party,10,yellow cake,yellow cake,1,0,1,Q050::10
Part3/outputs/answers_llama32_3b_prompt2.csv,answers_llama32_3b_prompt2,Q050,Y,Things at a party,11,fondue,fondue,1,0,1,Q050::11
Part3/outputs/answers_llama32_3b_prompt2.csv,answers_llama32_3b_prompt2,Q050,Y,Things at a party,12,canapé,canap,0,0,0,Q050::12
Part3/outputs/answers_llama32_3b_prompt2.csv,answers_llama32_3b_prompt2,Q050,Y,Things at a party,13,yacht club,yacht club,0,0,0,Q050::13
Part3/outputs/answers_llama32_3b_prompt2.csv,answers_llama32_3b_prompt2,Q050,Y,Things at a party,14,favors,favors,0,0,0,Q050::14
Part3/outputs/answers_llama32_3b_prompt2.csv,answers_llama32_3b_prompt2,Q050,Y,Things at a party,15,foosball table,foosball table,0,0,0,Q050::15
Part3/outputs/answers_llama32_3b_prompt2.csv,answers_llama32_3b_prompt2,Q050,Y,Things at a party,16,yogurt,yogurt,0,0,0,Q050::16
Part3/outputs/answers_llama32_3b_prompt2.csv,answers_llama32_3b_prompt2,Q050,Y,Things at a party,17,drinks,drinks,0,0,0,Q050::17
Part3/outputs/answers_llama32_3b_prompt2.csv,answers_llama32_3b_prompt2,Q050,Y,Things at a party,18,yacht,yacht,0,0,0,Q050::18
Part3/outputs/answers_llama32_3b_prompt2.csv,answers_llama32_3b_prompt2,Q050,Y,Things at a party,19,drinks,drinks,0,0,0,Q050::19
Part3/outputs/answers_llama32_3b_prompt2.csv,answers_llama32_3b_prompt2,Q051,Z,Animals,0,zebra,zebra,1,0,1,Q051::0
Part3/outputs/answers_llama32_3b_prompt2.csv,answers_llama32_3b_prompt2,Q051,Z,Animals,1,zebra,zebra,1,0,1,Q051::1
Part3/outputs/answers_llama32_3b_prompt2.csv,answers_llama32_3b_prompt2,Q051,Z,Animals,2,zebra,zebra,1,0,1,Q051::2
Part3/outputs/answers_llama32_3b_prompt2.csv,answers_llama32_3b_prompt2,Q051,Z,Animals,3,zebra,zebra,1,1,0,Q051::3
Part3/outputs/answers_llama32_3b_prompt2.csv,answers_llama32_3b_prompt2,Q051,Z,Animals,4,zebra,zebra,1,0,1,Q051::4
Part3/outputs/answers_llama32_3b_prompt2.csv,answers_llama32_3b_prompt2,Q051,Z,Animals,5,zebra,zebra,1,0,1,Q051::5
Part3/outputs/answers_llama32_3b_prompt2.csv,answers_llama32_3b_prompt2,Q051,Z,Animals,6,zebra,zebra,1,0,1,Q051::6
Part3/outputs/answers_llama32_3b_prompt2.csv,answers_llama32_3b_prompt2,Q051,Z,Animals,7,zorse,zorse,1,0,1,Q051::7
Part3/outputs/answers_llama32_3b_prompt2.csv,answers_llama32_3b_prompt2,Q051,Z,Animals,8,zorse,zorse,1,0,1,Q051::8
Part3/outputs/answers_llama32_3b_prompt2.csv,answers_llama32_3b_prompt2,Q051,Z,Animals,9,zebra,zebra,1,0,1,Q051::9
Part3/outputs/answers_llama32_3b_prompt2.csv,answers_llama32_3b_prompt2,Q051,Z,Animals,10,zebra,zebra,1,0,1,Q051::10
Part3/outputs/answers_llama32_3b_prompt2.csv,answers_llama32_3b_prompt2,Q051,Z,Animals,11,zebra,zebra,1,0,1,Q051::11
Part3/outputs/answers_llama32_3b_prompt2.csv,answers_llama32_3b_prompt2,Q051,Z,Animals,12,zebra,zebra,1,0,1,Q051::12
Part3/outputs/answers_llama32_3b_prompt2.csv,answers_llama32_3b_prompt2,Q051,Z,Animals,13,zebra,zebra,1,0,1,Q051::13
Part3/outputs/answers_llama32_3b_prompt2.csv,answers_llama32_3b_prompt2,Q051,Z,Animals,14,zebra,zebra,1,0,1,Q051::14
Part3/outputs/answers_llama32_3b_prompt2.csv,answers_llama32_3b_prompt2,Q051,Z,Animals,15,zebra,zebra,1,0,1,Q051::15
Part3/outputs/answers_llama32_3b_prompt2.csv,answers_llama32_3b_prompt2,Q051,Z,Animals,16,zebra,zebra,1,0,1,Q051::16
Part3/outputs/answers_llama32_3b_prompt2.csv,answers_llama32_3b_prompt2,Q051,Z,Animals,17,zebra,zebra,1,0,1,Q051::17
Part3/outputs/answers_llama32_3b_prompt2.csv,answers_llama32_3b_prompt2,Q051,Z,Animals,18,zebra,zebra,1,0,1,Q051::18
Part3/outputs/answers_llama32_3b_prompt2.csv,answers_llama32_3b_prompt2,Q051,Z,Animals,19,zorse,zorse,1,0,1,Q051::19
Part3/outputs/answers_llama32_3b_prompt2.csv,answers_llama32_3b_prompt2,Q052,Z,Things in a zoo,0,zebras,zebras,1,0,1,Q052::0
Part3/outputs/answers_llama32_3b_prompt2.csv,answers_llama32_3b_prompt2,Q052,Z,Things in a zoo,1,zookeeper,zookeeper,1,0,1,Q052::1
Part3/outputs/answers_llama32_3b_prompt2.csv,answers_llama32_3b_prompt2,Q052,Z,Things in a zoo,2,zebra,zebra,1,1,0,Q052::2
Part3/outputs/answers_llama32_3b_prompt2.csv,answers_llama32_3b_prompt2,Q052,Z,Things in a zoo,3,zebra,zebra,1,1,0,Q052::3
Part3/outputs/answers_llama32_3b_prompt2.csv,answers_llama32_3b_prompt2,Q052,Z,Things in a zoo,4,zebra,zebra,1,1,0,Q052::4
Part3/outputs/answers_llama32_3b_prompt2.csv,answers_llama32_3b_prompt2,Q052,Z,Things in a zoo,5,zebra,zebra,1,1,0,Q052::5
Part3/outputs/answers_llama32_3b_prompt2.csv,answers_llama32_3b_prompt2,Q052,Z,Things in a zoo,6,zebra,zebra,1,0,1,Q052::6
Part3/outputs/answers_llama32_3b_prompt2.csv,answers_llama32_3b_prompt2,Q052,Z,Things in a zoo,7,zebra,zebra,1,0,1,Q052::7
Part3/outputs/answers_llama32_3b_prompt2.csv,answers_llama32_3b_prompt2,Q052,Z,Things in a zoo,8,zoo animals,zoo animals,0,0,0,Q052::8
Part3/outputs/answers_llama32_3b_prompt2.csv,answers_llama32_3b_prompt2,Q052,Z,Things in a zoo,9,zebra,zebra,1,1,0,Q052::9
Part3/outputs/answers_llama32_3b_prompt2.csv,answers_llama32_3b_prompt2,Q052,Z,Things in a zoo,10,zebra,zebra,1,1,0,Q052::10
Part3/outputs/answers_llama32_3b_prompt2.csv,answers_llama32_3b_prompt2,Q052,Z,Things in a zoo,11,zebra,zebra,1,0,1,Q052::11
Part3/outputs/answers_llama32_3b_prompt2.csv,answers_llama32_3b_prompt2,Q052,Z,Things in a zoo,12,zebra,zebra,1,1,0,Q052::12
Part3/outputs/answers_llama32_3b_prompt2.csv,answers_llama32_3b_prompt2,Q052,Z,Things in a zoo,13,zoo animals,zoo animals,0,0,0,Q052::13
Part3/outputs/answers_llama32_3b_prompt2.csv,answers_llama32_3b_prompt2,Q052,Z,Things in a zoo,14,zookeeper,zookeeper,1,0,1,Q052::14
Part3/outputs/answers_llama32_3b_prompt2.csv,answers_llama32_3b_prompt2,Q052,Z,Things in a zoo,15,zoo monkey,zoo monkey,0,0,0,Q052::15
Part3/outputs/answers_llama32_3b_prompt2.csv,answers_llama32_3b_prompt2,Q052,Z,Things in a zoo,16,zoo lizard,zoo lizard,0,0,0,Q052::16
Part3/outputs/answers_llama32_3b_prompt2.csv,answers_llama32_3b_prompt2,Q052,Z,Things in a zoo,17,zoo animals,zoo animals,0,0,0,Q052::17
Part3/outputs/answers_llama32_3b_prompt2.csv,answers_llama32_3b_prompt2,Q052,Z,Things in a zoo,18,zebras,zebras,1,0,1,Q052::18
Part3/outputs/answers_llama32_3b_prompt2.csv,answers_llama32_3b_prompt2,Q052,Z,Things in a zoo,19,zebra,zebra,1,0,1,Q052::19
Part3/outputs/answers_llama32_3b_prompt2.csv,answers_llama32_3b_prompt2,Q053,A,Things in a kitchen,0,utensils,utensils,1,0,1,Q053::0
Part3/outputs/answers_llama32_3b_prompt2.csv,answers_llama32_3b_prompt2,Q053,A,Things in a kitchen,1,asparagus,asparagus,1,0,1,Q053::1
Part3/outputs/answers_llama32_3b_prompt2.csv,answers_llama32_3b_prompt2,Q053,A,Things in a kitchen,2,asparagus,asparagus,1,0,1,Q053::2
Part3/outputs/answers_llama32_3b_prompt2.csv,answers_llama32_3b_prompt2,Q053,A,Things in a kitchen,3,aluminum,aluminum,1,0,1,Q053::3
Part3/outputs/answers_llama32_3b_prompt2.csv,answers_llama32_3b_prompt2,Q053,A,Things in a kitchen,4,appliance,appliance,1,0,1,Q053::4
Part3/outputs/answers_llama32_3b_prompt2.csv,answers_llama32_3b_prompt2,Q053,A,Things in a kitchen,5,apple,apple,0,0,0,Q053::5
Part3/outputs/answers_llama32_3b_prompt2.csv,answers_llama32_3b_prompt2,Q053,A,Things in a kitchen,6,toaster,toaster,1,0,1,Q053::6
Part3/outputs/answers_llama32_3b_prompt2.csv,answers_llama32_3b_prompt2,Q053,A,Things in a kitchen,7,blender,blender,1,0,1,Q053::7
Part3/outputs/answers_llama32_3b_prompt2.csv,answers_llama32_3b_prompt2,Q053,A,Things in a kitchen,8,apron,apron,1,0,1,Q053::8
Part3/outputs/answers_llama32_3b_prompt2.csv,answers_llama32_3b_prompt2,Q053,A,Things in a kitchen,9,toaster,toaster,1,0,1,Q053::9
Part3/outputs/answers_llama32_3b_prompt2.csv,answers_llama32_3b_prompt2,Q053,A,Things in a kitchen,10,apron,apron,1,0,1,Q053::10
Part3/outputs/answers_llama32_3b_prompt2.csv,answers_llama32_3b_prompt2,Q053,A,Things in a kitchen,11,appliance,appliance,1,0,1,Q053::11
Part3/outputs/answers_llama32_3b_prompt2.csv,answers_llama32_3b_prompt2,Q053,A,Things in a kitchen,12,americase,americase,0,0,0,Q053::12
Part3/outputs/answers_llama32_3b_prompt2.csv,answers_llama32_3b_prompt2,Q053,A,Things in a kitchen,13,apron,apron,1,0,1,Q053::13
Part3/outputs/answers_llama32_3b_prompt2.csv,answers_llama32_3b_prompt2,Q053,A,Things in a kitchen,14,aspirator,aspirator,0,0,0,Q053::14
Part3/outputs/answers_llama32_3b_prompt2.csv,answers_llama32_3b_prompt2,Q053,A,Things in a kitchen,15,aspirator,aspirator,0,0,0,Q053::15
Part3/outputs/answers_llama32_3b_prompt2.csv,answers_llama32_3b_prompt2,Q053,A,Things in a kitchen,16,appliance,appliance,1,0,1,Q053::16
Part3/outputs/answers_llama32_3b_prompt2.csv,answers_llama32_3b_prompt2,Q053,A,Things in a kitchen,17,aluminum,aluminum,1,0,1,Q053::17
Part3/outputs/answers_llama32_3b_prompt2.csv,answers_llama32_3b_prompt2,Q053,A,Things in a kitchen,18,aspirator,aspirator,0,0,0,Q053::18
Part3/outputs/answers_llama32_3b_prompt2.csv,answers_llama32_3b_prompt2,Q053,A,Things in a kitchen,19,aspirator,aspirator,0,0,0,Q053::19
Part3/outputs/answers_llama32_3b_prompt2.csv,answers_llama32_3b_prompt2,Q054,B,Singers,0,beyoncé,beyonc,0,0,0,Q054::0
Part3/outputs/answers_llama32_3b_prompt2.csv,answers_llama32_3b_prompt2,Q054,B,Singers,1,bryan adams,bryan adams,1,0,1,Q054::1
Part3/outputs/answers_llama32_3b_prompt2.csv,answers_llama32_3b_prompt2,Q054,B,Singers,2,bryan adams,bryan adams,1,0,1,Q054::2
Part3/outputs/answers_llama32_3b_prompt2.csv,answers_llama32_3b_prompt2,Q054,B,Singers,3,brittany murphy,brittany murphy,0,0,0,Q054::3
Part3/outputs/answers_llama32_3b_prompt2.csv,answers_llama32_3b_prompt2,Q054,B,Singers,4,barbra,barbra,1,0,1,Q054::4
Part3/outputs/answers_llama32_3b_prompt2.csv,answers_llama32_3b_prompt2,Q054,B,Singers,5,billie eilish,billie eilish,1,0,1,Q054::5
Part3/outputs/answers_llama32_3b_prompt2.csv,answers_llama32_3b_prompt2,Q054,B,Singers,6,brian mcknight,brian mcknight,1,0,1,Q054::6
Part3/outputs/answers_llama32_3b_prompt2.csv,answers_llama32_3b_prompt2,Q054,B,Singers,7,brian setzer,brian setzer,1,0,1,Q054::7
Part3/outputs/answers_llama32_3b_prompt2.csv,answers_llama32_3b_prompt2,Q054,B,Singers,8,beyoncé,beyonc,0,0,0,Q054::8
Part3/outputs/answers_llama32_3b_prompt2.csv,answers_llama32_3b_prompt2,Q054,B,Singers,9,beyoncé,beyonc,0,0,0,Q054::9
Part3/outputs/answers_llama32_3b_prompt2.csv,answers_llama32_3b_prompt2,Q054,B,Singers,10,billy joel,billy joel,1,0,1,Q054::10
Part3/outputs/answers_llama32_3b_prompt2.csv,answers_llama32_3b_prompt2,Q054,B,Singers,11,billy joel,billy joel,1,0,1,Q054::11
Part3/outputs/answers_llama32_3b_prompt2.csv,answers_llama32_3b_prompt2,Q054,B,Singers,12,bobby brown,bobby brown,1,0,1,Q054::12
Part3/outputs/answers_llama32_3b_prompt2.csv,answers_llama32_3b_prompt2,Q054,B,Singers,13,bryan adams,bryan adams,1,0,1,Q054::13
Part3/outputs/answers_llama32_3b_prompt2.csv,answers_llama32_3b_prompt2,Q054,B,Singers,14,brittany snow,brittany snow,0,0,0,Q054::14
Part3/outputs/answers_llama32_3b_prompt2.csv,answers_llama32_3b_prompt2,Q054,B,Singers,15,bryan adams,bryan adams,1,0,1,Q054::15
Part3/outputs/answers_llama32_3b_prompt2.csv,answers_llama32_3b_prompt2,Q054,B,Singers,16,billie eilish,billie eilish,1,0,1,Q054::16
Part3/outputs/answers_llama32_3b_prompt2.csv,answers_llama32_3b_prompt2,Q054,B,Singers,17,britney spears,britney spears,1,0,1,Q054::17
Part3/outputs/answers_llama32_3b_prompt2.csv,answers_llama32_3b_prompt2,Q054,B,Singers,18,billy joel,billy joel,1,0,1,Q054::18
Part3/outputs/answers_llama32_3b_prompt2.csv,answers_llama32_3b_prompt2,Q054,B,Singers,19,billy joel,billy joel,1,0,1,Q054::19
Part3/outputs/answers_llama32_3b_prompt2.csv,answers_llama32_3b_prompt2,Q055,C,Desserts,0,cannoli,cannoli,1,0,1,Q055::0
Part3/outputs/answers_llama32_3b_prompt2.csv,answers_llama32_3b_prompt2,Q055,C,Desserts,1,croissants,croissants,0,0,0,Q055::1
Part3/outputs/answers_llama32_3b_prompt2.csv,answers_llama32_3b_prompt2,Q055,C,Desserts,2,crème brûlée,crème brûlée,1,0,1,Q055::2
Part3/outputs/answers_llama32_3b_prompt2.csv,answers_llama32_3b_prompt2,Q055,C,Desserts,3,crème brûlée,crème brûlée,1,0,1,Q055::3
Part3/outputs/answers_llama32_3b_prompt2.csv,answers_llama32_3b_prompt2,Q055,C,Desserts,4,croissant,croissant,0,0,0,Q055::4
Part3/outputs/answers_llama32_3b_prompt2.csv,answers_llama32_3b_prompt2,Q055,C,Desserts,5,creme brulee,creme brulee,1,0,1,Q055::5
Part3/outputs/answers_llama32_3b_prompt2.csv,answers_llama32_3b_prompt2,Q055,C,Desserts,6,croissants,croissants,0,0,0,Q055::6
Part3/outputs/answers_llama32_3b_prompt2.csv,answers_llama32_3b_prompt2,Q055,C,Desserts,7,croissants,croissants,0,0,0,Q055::7
Part3/outputs/answers_llama32_3b_prompt2.csv,answers_llama32_3b_prompt2,Q055,C,Desserts,8,croissants,croissants,0,0,0,Q055::8
Part3/outputs/answers_llama32_3b_prompt2.csv,answers_llama32_3b_prompt2,Q055,C,Desserts,9,croissant,croissant,0,0,0,Q055::9
Part3/outputs/answers_llama32_3b_prompt2.csv,answers_llama32_3b_prompt2,Q055,C,Desserts,10,croissants,croissants,0,0,0,Q055::10
Part3/outputs/answers_llama32_3b_prompt2.csv,answers_llama32_3b_prompt2,Q055,C,Desserts,11,croissants,croissants,0,0,0,Q055::11
Part3/outputs/answers_llama32_3b_prompt2.csv,answers_llama32_3b_prompt2,Q055,C,Desserts,12,croissants,croissants,0,0,0,Q055::12
Part3/outputs/answers_llama32_3b_prompt2.csv,answers_llama32_3b_prompt2,Q055,C,Desserts,13,croissants,croissants,0,0,0,Q055::13
Part3/outputs/answers_llama32_3b_prompt2.csv,answers_llama32_3b_prompt2,Q055,C,Desserts,14,croissants,croissants,0,0,0,Q055::14
Part3/outputs/answers_llama32_3b_prompt2.csv,answers_llama32_3b_prompt2,Q055,C,Desserts,15,crème brûlée,crème brûlée,1,0,1,Q055::15
Part3/outputs/answers_llama32_3b_prompt2.csv,answers_llama32_3b_prompt2,Q055,C,Desserts,16,croissants,croissants,0,0,0,Q055::16
Part3/outputs/answers_llama32_3b_prompt2.csv,answers_llama32_3b_prompt2,Q055,C,Desserts,17,croissants,croissants,0,0,0,Q055::17
Part3/outputs/answers_llama32_3b_prompt2.csv,answers_llama32_3b_prompt2,Q055,C,Desserts,18,creme brulee,creme brulee,1,0,1,Q055::18
Part3/outputs/answers_llama32_3b_prompt2.csv,answers_llama32_3b_prompt2,Q055,C,Desserts,19,croissants,croissants,0,0,0,Q055::19
Part3/outputs/answers_llama32_3b_prompt2.csv,answers_llama32_3b_prompt2,Q056,D,Plants,0,dandelion,dandelion,1,1,0,Q056::0
Part3/outputs/answers_llama32_3b_prompt2.csv,answers_llama32_3b_prompt2,Q056,D,Plants,1,dandelion,dandelion,1,0,1,Q056::1
Part3/outputs/answers_llama32_3b_prompt2.csv,answers_llama32_3b_prompt2,Q056,D,Plants,2,dandelion,dandelion,1,0,1,Q056::2
Part3/outputs/answers_llama32_3b_prompt2.csv,answers_llama32_3b_prompt2,Q056,D,Plants,3,dandelion,dandelion,1,1,0,Q056::3
Part3/outputs/answers_llama32_3b_prompt2.csv,answers_llama32_3b_prompt2,Q056,D,Plants,4,daylily,daylily,1,0,1,Q056::4
Part3/outputs/answers_llama32_3b_prompt2.csv,answers_llama32_3b_prompt2,Q056,D,Plants,5,dandelion,dandelion,1,1,0,Q056::5
Part3/outputs/answers_llama32_3b_prompt2.csv,answers_llama32_3b_prompt2,Q056,D,Plants,6,dandelion,dandelion,1,1,0,Q056::6
Part3/outputs/answers_llama32_3b_prompt2.csv,answers_llama32_3b_prompt2,Q056,D,Plants,7,dandelion,dandelion,1,1,0,Q056::7
Part3/outputs/answers_llama32_3b_prompt2.csv,answers_llama32_3b_prompt2,Q056,D,Plants,8,dandelion,dandelion,1,1,0,Q056::8
Part3/outputs/answers_llama32_3b_prompt2.csv,answers_llama32_3b_prompt2,Q056,D,Plants,9,daisy,daisy,1,0,1,Q056::9
Part3/outputs/answers_llama32_3b_prompt2.csv,answers_llama32_3b_prompt2,Q056,D,Plants,10,dandelion,dandelion,1,1,0,Q056::10
Part3/outputs/answers_llama32_3b_prompt2.csv,answers_llama32_3b_prompt2,Q056,D,Plants,11,daisy,daisy,1,0,1,Q056::11
Part3/outputs/answers_llama32_3b_prompt2.csv,answers_llama32_3b_prompt2,Q056,D,Plants,12,dandelion,dandelion,1,1,0,Q056::12
Part3/outputs/answers_llama32_3b_prompt2.csv,answers_llama32_3b_prompt2,Q056,D,Plants,13,daisy,daisy,1,0,1,Q056::13
Part3/outputs/answers_llama32_3b_prompt2.csv,answers_llama32_3b_prompt2,Q056,D,Plants,14,daisy,daisy,1,0,1,Q056::14
Part3/outputs/answers_llama32_3b_prompt2.csv,answers_llama32_3b_prompt2,Q056,D,Plants,15,dandelion,dandelion,1,1,0,Q056::15
Part3/outputs/answers_llama32_3b_prompt2.csv,answers_llama32_3b_prompt2,Q056,D,Plants,16,daffodil,daffodil,1,0,1,Q056::16
Part3/outputs/answers_llama32_3b_prompt2.csv,answers_llama32_3b_prompt2,Q056,D,Plants,17,dandelion,dandelion,1,1,0,Q056::17
Part3/outputs/answers_llama32_3b_prompt2.csv,answers_llama32_3b_prompt2,Q056,D,Plants,18,dandelion,dandelion,1,1,0,Q056::18
Part3/outputs/answers_llama32_3b_prompt2.csv,answers_llama32_3b_prompt2,Q056,D,Plants,19,dagga,dagga,1,0,1,Q056::19
Part3/outputs/answers_llama32_3b_prompt2.csv,answers_llama32_3b_prompt2,Q057,E,Companies,0,eggs cell,eggs cell,0,0,0,Q057::0
Part3/outputs/answers_llama32_3b_prompt2.csv,answers_llama32_3b_prompt2,Q057,E,Companies,1,ebay,ebay,1,1,0,Q057::1
Part3/outputs/answers_llama32_3b_prompt2.csv,answers_llama32_3b_prompt2,Q057,E,Companies,2,e bay,e bay,1,0,1,Q057::2
Part3/outputs/answers_llama32_3b_prompt2.csv,answers_llama32_3b_prompt2,Q057,E,Companies,3,eBay,ebay,1,0,1,Q057::3
Part3/outputs/answers_llama32_3b_prompt2.csv,answers_llama32_3b_prompt2,Q057,E,Companies,4,e bay,e bay,1,0,1,Q057::4
Part3/outputs/answers_llama32_3b_prompt2.csv,answers_llama32_3b_prompt2,Q057,E,Companies,5,electric,electric,0,0,0,Q057::5
Part3/outputs/answers_llama32_3b_prompt2.csv,answers_llama32_3b_prompt2,Q057,E,Companies,6,e bay,e bay,1,0,1,Q057::6
Part3/outputs/answers_llama32_3b_prompt2.csv,answers_llama32_3b_prompt2,Q057,E,Companies,7,eBay,ebay,1,0,1,Q057::7
Part3/outputs/answers_llama32_3b_prompt2.csv,answers_llama32_3b_prompt2,Q057,E,Companies,8,e bay,e bay,1,0,1,Q057::8
Part3/outputs/answers_llama32_3b_prompt2.csv,answers_llama32_3b_prompt2,Q057,E,Companies,9,electric car company,electric car company,0,0,0,Q057::9
Part3/outputs/answers_llama32_3b_prompt2.csv,answers_llama32_3b_prompt2,Q057,E,Companies,10,electricity companies,electricity companies,0,0,0,Q057::10
Part3/outputs/answers_llama32_3b_prompt2.csv,answers_llama32_3b_prompt2,Q057,E,Companies,11,e bay,e bay,1,0,1,Q057::11
Part3/outputs/answers_llama32_3b_prompt2.csv,answers_llama32_3b_prompt2,Q057,E,Companies,12,eastman,eastman,1,0,1,Q057::12
Part3/outputs/answers_llama32_3b_prompt2.csv,answers_llama32_3b_prompt2,Q057,E,Companies,13,eBay,ebay,1,1,0,Q057::13
Part3/outputs/answers_llama32_3b_prompt2.csv,answers_llama32_3b_prompt2,Q057,E,Companies,14,e bay,e bay,1,0,1,Q057::14
Part3/outputs/answers_llama32_3b_prompt2.csv,answers_llama32_3b_prompt2,Q057,E,Companies,15,eBay,ebay,1,0,1,Q057::15
Part3/outputs/answers_llama32_3b_prompt2.csv,answers_llama32_3b_prompt2,Q057,E,Companies,16,eBay,ebay,1,0,1,Q057::16
Part3/outputs/answers_llama32_3b_prompt2.csv,answers_llama32_3b_prompt2,Q057,E,Companies,17,evernote,evernote,1,0,1,Q057::17
Part3/outputs/answers_llama32_3b_prompt2.csv,answers_llama32_3b_prompt2,Q057,E,Companies,18,european airlines,european airlines,0,0,0,Q057::18
Part3/outputs/answers_llama32_3b_prompt2.csv,answers_llama32_3b_prompt2,Q057,E,Companies,19,eastman,eastman,1,0,1,Q057::19
Part3/outputs/answers_llama32_3b_prompt2.csv,answers_llama32_3b_prompt2,Q058,F,Movie characters,0,fergie,fergie,0,0,0,Q058::0
Part3/outputs/answers_llama32_3b_prompt2.csv,answers_llama32_3b_prompt2,Q058,F,Movie characters,1,frankenstein's monster,frankenstein's monster,1,0,1,Q058::1
Part3/outputs/answers_llama32_3b_prompt2.csv,answers_llama32_3b_prompt2,Q058,F,Movie characters,2,frodo baggins,frodo baggins,1,0,1,Q058::2
Part3/outputs/answers_llama32_3b_prompt2.csv,answers_llama32_3b_prompt2,Q058,F,Movie characters,3,frodo baggins,frodo baggins,1,0,1,Q058::3
Part3/outputs/answers_llama32_3b_prompt2.csv,answers_llama32_3b_prompt2,Q058,F,Movie characters,4,frodo baggins,frodo baggins,1,0,1,Q058::4
Part3/outputs/answers_llama32_3b_prompt2.csv,answers_llama32_3b_prompt2,Q058,F,Movie characters,5,frodo baggins,frodo baggins,1,0,1,Q058::5
Part3/outputs/answers_llama32_3b_prompt2.csv,answers_llama32_3b_prompt2,Q058,F,Movie characters,6,frankenstein's monster,frankenstein's monster,1,0,1,Q058::6
Part3/outputs/answers_llama32_3b_prompt2.csv,answers_llama32_3b_prompt2,Q058,F,Movie characters,7,frodo,frodo,1,0,1,Q058::7
Part3/outputs/answers_llama32_3b_prompt2.csv,answers_llama32_3b_prompt2,Q058,F,Movie characters,8,frankenstein's monster,frankenstein's monster,1,0,1,Q058::8
Part3/outputs/answers_llama32_3b_prompt2.csv,answers_llama32_3b_prompt2,Q058,F,Movie characters,9,frank nitti,frank nitti,1,0,1,Q058::9
Part3/outputs/answers_llama32_3b_prompt2.csv,answers_llama32_3b_prompt2,Q058,F,Movie characters,10,frodo,frodo,1,0,1,Q058::10
Part3/outputs/answers_llama32_3b_prompt2.csv,answers_llama32_3b_prompt2,Q058,F,Movie characters,11,frodo baggins,frodo baggins,1,0,1,Q058::11
Part3/outputs/answers_llama32_3b_prompt2.csv,answers_llama32_3b_prompt2,Q058,F,Movie characters,12,frank nitti,frank nitti,1,0,1,Q058::12
Part3/outputs/answers_llama32_3b_prompt2.csv,answers_llama32_3b_prompt2,Q058,F,Movie characters,13,frodo baggins,frodo baggins,1,0,1,Q058::13
Part3/outputs/answers_llama32_3b_prompt2.csv,answers_llama32_3b_prompt2,Q058,F,Movie characters,14,frodo baggins,frodo baggins,1,0,1,Q058::14
Part3/outputs/answers_llama32_3b_prompt2.csv,answers_llama32_3b_prompt2,Q058,F,Movie characters,15,ferris budder,ferris budder,0,0,0,Q058::15
Part3/outputs/answers_llama32_3b_prompt2.csv,answers_llama32_3b_prompt2,Q058,F,Movie characters,16,frodo baggins,frodo baggins,1,0,1,Q058::16
Part3/outputs/answers_llama32_3b_prompt2.csv,answers_llama32_3b_prompt2,Q058,F,Movie characters,17,ferris bueller,ferris bueller,1,0,1,Q058::17
Part3/outputs/answers_llama32_3b_prompt2.csv,answers_llama32_3b_prompt2,Q058,F,Movie characters,18,frankenstein's monster,frankenstein's monster,1,0,1,Q058::18
Part3/outputs/answers_llama32_3b_prompt2.csv,answers_llama32_3b_prompt2,Q058,F,Movie characters,19,frankenstein,frankenstein,0,0,0,Q058::19
Part3/outputs/answers_llama32_3b_prompt2.csv,answers_llama32_3b_prompt2,Q059,G,Things in a toolbox,0,drill bit,drill bit,1,0,1,Q059::0
Part3/outputs/answers_llama32_3b_prompt2.csv,answers_llama32_3b_prompt2,Q059,G,Things in a toolbox,1,glue stick,glue stick,0,0,0,Q059::1
Part3/outputs/answers_llama32_3b_prompt2.csv,answers_llama32_3b_prompt2,Q059,G,Things in a toolbox,2,glue stick,glue stick,0,0,0,Q059::2
Part3/outputs/answers_llama32_3b_prompt2.csv,answers_llama32_3b_prompt2,Q059,G,Things in a toolbox,3,glue stick,glue stick,0,0,0,Q059::3
Part3/outputs/answers_llama32_3b_prompt2.csv,answers_llama32_3b_prompt2,Q059,G,Things in a toolbox,4,glue stick,glue stick,0,0,0,Q059::4
Part3/outputs/answers_llama32_3b_prompt2.csv,answers_llama32_3b_prompt2,Q059,G,Things in a toolbox,5,glue stick,glue stick,0,0,0,Q059::5
Part3/outputs/answers_llama32_3b_prompt2.csv,answers_llama32_3b_prompt2,Q059,G,Things in a toolbox,6,glue stick,glue stick,0,0,0,Q059::6
Part3/outputs/answers_llama32_3b_prompt2.csv,answers_llama32_3b_prompt2,Q059,G,Things in a toolbox,7,glue stick,glue stick,0,0,0,Q059::7
Part3/outputs/answers_llama32_3b_prompt2.csv,answers_llama32_3b_prompt2,Q059,G,Things in a toolbox,8,glue stick,glue stick,0,0,0,Q059::8
Part3/outputs/answers_llama32_3b_prompt2.csv,answers_llama32_3b_prompt2,Q059,G,Things in a toolbox,9,gasket,gasket,1,0,1,Q059::9
Part3/outputs/answers_llama32_3b_prompt2.csv,answers_llama32_3b_prompt2,Q059,G,Things in a toolbox,10,glue stick,glue stick,0,0,0,Q059::10
Part3/outputs/answers_llama32_3b_prompt2.csv,answers_llama32_3b_prompt2,Q059,G,Things in a toolbox,11,gear,gear,1,0,1,Q059::11
Part3/outputs/answers_llama32_3b_prompt2.csv,answers_llama32_3b_prompt2,Q059,G,Things in a toolbox,12,glue stick,glue stick,0,0,0,Q059::12
Part3/outputs/answers_llama32_3b_prompt2.csv,answers_llama32_3b_prompt2,Q059,G,Things in a toolbox,13,hammer,hammer,1,0,1,Q059::13
Part3/outputs/answers_llama32_3b_prompt2.csv,answers_llama32_3b_prompt2,Q059,G,Things in a toolbox,14,glue stick,glue stick,0,0,0,Q059::14
Part3/outputs/answers_llama32_3b_prompt2.csv,answers_llama32_3b_prompt2,Q059,G,Things in a toolbox,15,drill bits,drill bits,1,0,1,Q059::15
Part3/outputs/answers_llama32_3b_prompt2.csv,answers_llama32_3b_prompt2,Q059,G,Things in a toolbox,16,glue stick,glue stick,0,0,0,Q059::16
Part3/outputs/answers_llama32_3b_prompt2.csv,answers_llama32_3b_prompt2,Q059,G,Things in a toolbox,17,glue stick,glue stick,0,0,0,Q059::17
Part3/outputs/answers_llama32_3b_prompt2.csv,answers_llama32_3b_prompt2,Q059,G,Things in a toolbox,18,gutter key,gutter key,0,0,0,Q059::18
Part3/outputs/answers_llama32_3b_prompt2.csv,answers_llama32_3b_prompt2,Q059,G,Things in a toolbox,19,glue stick,glue stick,0,0,0,Q059::19
Part3/outputs/answers_llama32_3b_prompt2.csv,answers_llama32_3b_prompt2,Q060,H,Countries,0,hong kong,hong kong,0,0,0,Q060::0
Part3/outputs/answers_llama32_3b_prompt2.csv,answers_llama32_3b_prompt2,Q060,H,Countries,1,honduras,honduras,1,0,1,Q060::1
Part3/outputs/answers_llama32_3b_prompt2.csv,answers_llama32_3b_prompt2,Q060,H,Countries,2,honduras,honduras,1,0,1,Q060::2
Part3/outputs/answers_llama32_3b_prompt2.csv,answers_llama32_3b_prompt2,Q060,H,Countries,3,hong kong,hong kong,0,0,0,Q060::3
Part3/outputs/answers_llama32_3b_prompt2.csv,answers_llama32_3b_prompt2,Q060,H,Countries,4,honduras,honduras,1,0,1,Q060::4
Part3/outputs/answers_llama32_3b_prompt2.csv,answers_llama32_3b_prompt2,Q060,H,Countries,5,hungary,hungary,1,0,1,Q060::5
Part3/outputs/answers_llama32_3b_prompt2.csv,answers_llama32_3b_prompt2,Q060,H,Countries,6,honduras,honduras,1,0,1,Q060::6
Part3/outputs/answers_llama32_3b_prompt2.csv,answers_llama32_3b_prompt2,Q060,H,Countries,7,honduras,honduras,1,0,1,Q060::7
Part3/outputs/answers_llama32_3b_prompt2.csv,answers_llama32_3b_prompt2,Q060,H,Countries,8,honduras,honduras,1,0,1,Q060::8
Part3/outputs/answers_llama32_3b_prompt2.csv,answers_llama32_3b_prompt2,Q060,H,Countries,9,hong kong,hong kong,0,0,0,Q060::9
Part3/outputs/answers_llama32_3b_prompt2.csv,answers_llama32_3b_prompt2,Q060,H,Countries,10,honduras,honduras,1,0,1,Q060::10
Part3/outputs/answers_llama32_3b_prompt2.csv,answers_llama32_3b_prompt2,Q060,H,Countries,11,honduras,honduras,1,0,1,Q060::11
Part3/outputs/answers_llama32_3b_prompt2.csv,answers_llama32_3b_prompt2,Q060,H,Countries,12,hong kong,hong kong,0,0,0,Q060::12
Part3/outputs/answers_llama32_3b_prompt2.csv,answers_llama32_3b_prompt2,Q060,H,Countries,13,hong kong,hong kong,0,0,0,Q060::13
Part3/outputs/answers_llama32_3b_prompt2.csv,answers_llama32_3b_prompt2,Q060,H,Countries,14,honduras,honduras,1,0,1,Q060::14
Part3/outputs/answers_llama32_3b_prompt2.csv,answers_llama32_3b_prompt2,Q060,H,Countries,15,honduras,honduras,1,0,1,Q060::15
Part3/outputs/answers_llama32_3b_prompt2.csv,answers_llama32_3b_prompt2,Q060,H,Countries,16,honduras,honduras,1,0,1,Q060::16
Part3/outputs/answers_llama32_3b_prompt2.csv,answers_llama32_3b_prompt2,Q060,H,Countries,17,hong kong,hong kong,0,0,0,Q060::17
Part3/outputs/answers_llama32_3b_prompt2.csv,answers_llama32_3b_prompt2,Q060,H,Countries,18,honduras,honduras,1,1,0,Q060::18
Part3/outputs/answers_llama32_3b_prompt2.csv,answers_llama32_3b_prompt2,Q060,H,Countries,19,honduras,honduras,1,0,1,Q060::19
Part3/outputs/answers_llama32_3b_prompt2.csv,answers_llama32_3b_prompt2,Q061,I,Musical artists,0,isaac narwhal,isaac narwhal,0,0,0,Q061::0
Part3/outputs/answers_llama32_3b_prompt2.csv,answers_llama32_3b_prompt2,Q061,I,Musical artists,1,iggy pop,iggy pop,1,0,1,Q061::1
Part3/outputs/answers_llama32_3b_prompt2.csv,answers_llama32_3b_prompt2,Q061,I,Musical artists,2,isley brothers,isley brothers,1,0,1,Q061::2
Part3/outputs/answers_llama32_3b_prompt2.csv,answers_llama32_3b_prompt2,Q061,I,Musical artists,3,indie,indie,0,0,0,Q061::3
Part3/outputs/answers_llama32_3b_prompt2.csv,answers_llama32_3b_prompt2,Q061,I,Musical artists,4,iggy pop,iggy pop,1,0,1,Q061::4
Part3/outputs/answers_llama32_3b_prompt2.csv,answers_llama32_3b_prompt2,Q061,I,Musical artists,5,irving,irving,0,0,0,Q061::5
Part3/outputs/answers_llama32_3b_prompt2.csv,answers_llama32_3b_prompt2,Q061,I,Musical artists,6,ice cube,ice cube,0,0,0,Q061::6
Part3/outputs/answers_llama32_3b_prompt2.csv,answers_llama32_3b_prompt2,Q061,I,Musical artists,7,ice cube,ice cube,0,0,0,Q061::7
Part3/outputs/answers_llama32_3b_prompt2.csv,answers_llama32_3b_prompt2,Q061,I,Musical artists,8,india. Arie,india. arie,0,0,0,Q061::8
Part3/outputs/answers_llama32_3b_prompt2.csv,answers_llama32_3b_prompt2,Q061,I,Musical artists,9,iggy pop,iggy pop,1,0,1,Q061::9
Part3/outputs/answers_llama32_3b_prompt2.csv,answers_llama32_3b_prompt2,Q061,I,Musical artists,10,ice cube,ice cube,0,0,0,Q061::10
Part3/outputs/answers_llama32_3b_prompt2.csv,answers_llama32_3b_prompt2,Q061,I,Musical artists,11,ikky flicks,ikky flicks,0,0,0,Q061::11
Part3/outputs/answers_llama32_3b_prompt2.csv,answers_llama32_3b_prompt2,Q061,I,Musical artists,12,iggy pop,iggy pop,1,0,1,Q061::12
Part3/outputs/answers_llama32_3b_prompt2.csv,answers_llama32_3b_prompt2,Q061,I,Musical artists,13,iggy pop,iggy pop,1,0,1,Q061::13
Part3/outputs/answers_llama32_3b_prompt2.csv,answers_llama32_3b_prompt2,Q061,I,Musical artists,14,israel kamakawiwo'ole,israel kamakawiwo'ole,1,0,1,Q061::14
Part3/outputs/answers_llama32_3b_prompt2.csv,answers_llama32_3b_prompt2,Q061,I,Musical artists,15,iggy pop,iggy pop,1,0,1,Q061::15
Part3/outputs/answers_llama32_3b_prompt2.csv,answers_llama32_3b_prompt2,Q061,I,Musical artists,16,ian mcdonald,ian mcdonald,0,0,0,Q061::16
Part3/outputs/answers_llama32_3b_prompt2.csv,answers_llama32_3b_prompt2,Q061,I,Musical artists,17,iggles,iggles,0,0,0,Q061::17
Part3/outputs/answers_llama32_3b_prompt2.csv,answers_llama32_3b_prompt2,Q061,I,Musical artists,18,ice cube,ice cube,0,0,0,Q061::18
Part3/outputs/answers_llama32_3b_prompt2.csv,answers_llama32_3b_prompt2,Q061,I,Musical artists,19,indigo girls,indigo girls,1,0,1,Q061::19
Part3/outputs/answers_llama32_3b_prompt2.csv,answers_llama32_3b_prompt2,Q062,J,Things in a refrigerator,0,juice,juice,1,0,1,Q062::0
Part3/outputs/answers_llama32_3b_prompt2.csv,answers_llama32_3b_prompt2,Q062,J,Things in a refrigerator,1,jar,jar,1,0,1,Q062::1
Part3/outputs/answers_llama32_3b_prompt2.csv,answers_llama32_3b_prompt2,Q062,J,Things in a refrigerator,2,juice,juice,1,0,1,Q062::2
Part3/outputs/answers_llama32_3b_prompt2.csv,answers_llama32_3b_prompt2,Q062,J,Things in a refrigerator,3,juice,juice,1,0,1,Q062::3
Part3/outputs/answers_llama32_3b_prompt2.csv,answers_llama32_3b_prompt2,Q062,J,Things in a refrigerator,4,juice,juice,1,0,1,Q062::4
Part3/outputs/answers_llama32_3b_prompt2.csv,answers_llama32_3b_prompt2,Q062,J,Things in a refrigerator,5,juice,juice,1,0,1,Q062::5
Part3/outputs/answers_llama32_3b_prompt2.csv,answers_llama32_3b_prompt2,Q062,J,Things in a refrigerator,6,jar,jar,1,0,1,Q062::6
Part3/outputs/answers_llama32_3b_prompt2.csv,answers_llama32_3b_prompt2,Q062,J,Things in a refrigerator,7,juice,juice,1,0,1,Q062::7
Part3/outputs/answers_llama32_3b_prompt2.csv,answers_llama32_3b_prompt2,Q062,J,Things in a refrigerator,8,jar,jar,1,0,1,Q062::8
Part3/outputs/answers_llama32_3b_prompt2.csv,answers_llama32_3b_prompt2,Q062,J,Things in a refrigerator,9,juice,juice,1,0,1,Q062::9
Part3/outputs/answers_llama32_3b_prompt2.csv,answers_llama32_3b_prompt2,Q062,J,Things in a refrigerator,10,jar,jar,1,0,1,Q062::10
Part3/outputs/answers_llama32_3b_prompt2.csv,answers_llama32_3b_prompt2,Q062,J,Things in a refrigerator,11,juice,juice,1,0,1,Q062::11
Part3/outputs/answers_llama32_3b_prompt2.csv,answers_llama32_3b_prompt2,Q062,J,Things in a refrigerator,12,jar,jar,1,0,1,Q062::12
Part3/outputs/answers_llama32_3b_prompt2.csv,answers_llama32_3b_prompt2,Q062,J,Things in a refrigerator,13,juice,juice,1,0,1,Q062::13
Part3/outputs/answers_llama32_3b_prompt2.csv,answers_llama32_3b_prompt2,Q062,J,Things in a refrigerator,14,jam,jam,1,0,1,Q062::14
Part3/outputs/answers_llama32_3b_prompt2.csv,answers_llama32_3b_prompt2,Q062,J,Things in a refrigerator,15,juice,juice,1,0,1,Q062::15
Part3/outputs/answers_llama32_3b_prompt2.csv,answers_llama32_3b_prompt2,Q062,J,Things in a refrigerator,16,jam,jam,1,0,1,Q062::16
Part3/outputs/answers_llama32_3b_prompt2.csv,answers_llama32_3b_prompt2,Q062,J,Things in a refrigerator,17,jelly,jelly,1,0,1,Q062::17
Part3/outputs/answers_llama32_3b_prompt2.csv,answers_llama32_3b_prompt2,Q062,J,Things in a refrigerator,18,juice,juice,1,0,1,Q062::18
Part3/outputs/answers_llama32_3b_prompt2.csv,answers_llama32_3b_prompt2,Q062,J,Things in a refrigerator,19,juice,juice,1,0,1,Q062::19
Part3/outputs/answers_llama32_3b_prompt2.csv,answers_llama32_3b_prompt2,Q063,K,Cities,0,kuala lumps,kuala lumps,0,0,0,Q063::0
Part3/outputs/answers_llama32_3b_prompt2.csv,answers_llama32_3b_prompt2,Q063,K,Cities,1,kansas city,kansas city,1,0,1,Q063::1
Part3/outputs/answers_llama32_3b_prompt2.csv,answers_llama32_3b_prompt2,Q063,K,Cities,2,kansas city,kansas city,1,0,1,Q063::2
Part3/outputs/answers_llama32_3b_prompt2.csv,answers_llama32_3b_prompt2,Q063,K,Cities,3,koch,koch,0,0,0,Q063::3
Part3/outputs/answers_llama32_3b_prompt2.csv,answers_llama32_3b_prompt2,Q063,K,Cities,4,kuala lumpur,kuala lumpur,1,0,1,Q063::4
Part3/outputs/answers_llama32_3b_prompt2.csv,answers_llama32_3b_prompt2,Q063,K,Cities,5,kuala lumpur,kuala lumpur,1,0,1,Q063::5
Part3/outputs/answers_llama32_3b_prompt2.csv,answers_llama32_3b_prompt2,Q063,K,Cities,6,kuala lumpur,kuala lumpur,1,0,1,Q063::6
Part3/outputs/answers_llama32_3b_prompt2.csv,answers_llama32_3b_prompt2,Q063,K,Cities,7,knoxville,knoxville,1,0,1,Q063::7
Part3/outputs/answers_llama32_3b_prompt2.csv,answers_llama32_3b_prompt2,Q063,K,Cities,8,knoxville,knoxville,1,0,1,Q063::8
Part3/outputs/answers_llama32_3b_prompt2.csv,answers_llama32_3b_prompt2,Q063,K,Cities,9,kansas city,kansas city,1,0,1,Q063::9
Part3/outputs/answers_llama32_3b_prompt2.csv,answers_llama32_3b_prompt2,Q063,K,Cities,10,kansas city,kansas city,1,0,1,Q063::10
Part3/outputs/answers_llama32_3b_prompt2.csv,answers_llama32_3b_prompt2,Q063,K,Cities,11,kuala lumpur,kuala lumpur,1,0,1,Q063::11
Part3/outputs/answers_llama32_3b_prompt2.csv,answers_llama32_3b_prompt2,Q063,K,Cities,12,kolkata,kolkata,1,0,1,Q063::12
Part3/outputs/answers_llama32_3b_prompt2.csv,answers_llama32_3b_prompt2,Q063,K,Cities,13,kansas city,kansas city,1,0,1,Q063::13
Part3/outputs/answers_llama32_3b_prompt2.csv,answers_llama32_3b_prompt2,Q063,K,Cities,14,kuala lumpur,kuala lumpur,1,0,1,Q063::14
Part3/outputs/answers_llama32_3b_prompt2.csv,answers_llama32_3b_prompt2,Q063,K,Cities,15,kansas city,kansas city,1,0,1,Q063::15
Part3/outputs/answers_llama32_3b_prompt2.csv,answers_llama32_3b_prompt2,Q063,K,Cities,16,kansas city,kansas city,1,0,1,Q063::16
Part3/outputs/answers_llama32_3b_prompt2.csv,answers_llama32_3b_prompt2,Q063,K,Cities,17,kolkata,kolkata,1,0,1,Q063::17
Part3/outputs/answers_llama32_3b_prompt2.csv,answers_llama32_3b_prompt2,Q063,K,Cities,18,kansas city,kansas city,1,0,1,Q063::18
Part3/outputs/answers_llama32_3b_prompt2.csv,answers_llama32_3b_prompt2,Q063,K,Cities,19,knoxville,knoxville,1,0,1,Q063::19
Part3/outputs/answers_llama32_3b_prompt2.csv,answers_llama32_3b_prompt2,Q064,L,Things in a library,0,local studies room,local studies room,1,0,1,Q064::0
Part3/outputs/answers_llama32_3b_prompt2.csv,answers_llama32_3b_prompt2,Q064,L,Things in a library,1,local book,local book,0,0,0,Q064::1
Part3/outputs/answers_llama32_3b_prompt2.csv,answers_llama32_3b_prompt2,Q064,L,Things in a library,2,loans,loans,1,0,1,Q064::2
Part3/outputs/answers_llama32_3b_prompt2.csv,answers_llama32_3b_prompt2,Q064,L,Things in a library,3,loans,loans,1,0,1,Q064::3
Part3/outputs/answers_llama32_3b_prompt2.csv,answers_llama32_3b_prompt2,Q064,L,Things in a library,4,local history books,local history books,1,0,1,Q064::4
Part3/outputs/answers_llama32_3b_prompt2.csv,answers_llama32_3b_prompt2,Q064,L,Things in a library,5,library catalog,library catalog,0,0,0,Q064::5
Part3/outputs/answers_llama32_3b_prompt2.csv,answers_llama32_3b_prompt2,Q064,L,Things in a library,6,locomobile,locomobile,0,0,0,Q064::6
Part3/outputs/answers_llama32_3b_prompt2.csv,answers_llama32_3b_prompt2,Q064,L,Things in a library,7,local history,local history,0,0,0,Q064::7
Part3/outputs/answers_llama32_3b_prompt2.csv,answers_llama32_3b_prompt2,Q064,L,Things in a library,8,library card,library card,0,0,0,Q064::8
Part3/outputs/answers_llama32_3b_prompt2.csv,answers_llama32_3b_prompt2,Q064,L,Things in a library,9,lost books,lost books,0,0,0,Q064::9
Part3/outputs/answers_llama32_3b_prompt2.csv,answers_llama32_3b_prompt2,Q064,L,Things in a library,10,local history books,local history books,1,0,1,Q064::10
Part3/outputs/answers_llama32_3b_prompt2.csv,answers_llama32_3b_prompt2,Q064,L,Things in a library,11,local library,local library,0,0,0,Q064::11
Part3/outputs/answers_llama32_3b_prompt2.csv,answers_llama32_3b_prompt2,Q064,L,Things in a library,12,loan shelf,loan shelf,1,0,1,Q064::12
Part3/outputs/answers_llama32_3b_prompt2.csv,answers_llama32_3b_prompt2,Q064,L,Things in a library,13,local bookshelf,local bookshelf,0,0,0,Q064::13
Part3/outputs/answers_llama32_3b_prompt2.csv,answers_llama32_3b_prompt2,Q064,L,Things in a library,14,bookshelf,bookshelf,1,0,1,Q064::14
Part3/outputs/answers_llama32_3b_prompt2.csv,answers_llama32_3b_prompt2,Q064,L,Things in a library,15,bookshelf,bookshelf,1,0,1,Q064::15
Part3/outputs/answers_llama32_3b_prompt2.csv,answers_llama32_3b_prompt2,Q064,L,Things in a library,16,library card,library card,0,0,0,Q064::16
Part3/outputs/answers_llama32_3b_prompt2.csv,answers_llama32_3b_prompt2,Q064,L,Things in a library,17,catalog,catalog,1,0,1,Q064::17
Part3/outputs/answers_llama32_3b_prompt2.csv,answers_llama32_3b_prompt2,Q064,L,Things in a library,18,local newspaper,local newspaper,1,0,1,Q064::18
Part3/outputs/answers_llama32_3b_prompt2.csv,answers_llama32_3b_prompt2,Q064,L,Things in a library,19,local history collection,local history collection,1,0,1,Q064::19
