source_file,player_id,question_id,letter,category,round_idx,answer_raw,answer_norm,valid,collision,score,round_key
Part3/outputs/answers_qwen25_7b.csv,answers_qwen25_7b,Q001,A,Animals,0,albatross,albatross,1,1,0,Q001::0
Part3/outputs/answers_qwen25_7b.csv,answers_qwen25_7b,Q001,A,Animals,1,antelope,antelope,1,0,1,Q001::1
Part3/outputs/answers_qwen25_7b.csv,answers_qwen25_7b,Q001,A,Animals,2,albatross,albatross,1,1,0,Q001::2
Part3/outputs/answers_qwen25_7b.csv,answers_qwen25_7b,Q001,A,Animals,3,albatross,albatross,1,1,0,Q001::3
Part3/outputs/answers_qwen25_7b.csv,answers_qwen25_7b,Q001,A,Animals,4,albatross,albatross,1,0,1,Q001::4
Part3/outputs/answers_qwen25_7b.csv,answers_qwen25_7b,Q001,A,Animals,5,albatross,albatross,1,0,1,Q001::5
Part3/outputs/answers_qwen25_7b.csv,answers_qwen25_7b,Q001,A,Animals,6,alligator,alligator,1,0,1,Q001::6
Part3/outputs/answers_qwen25_7b.csv,answers_qwen25_7b,Q001,A,Animals,7,antelope,antelope,1,0,1,Q001::7
Part3/outputs/answers_qwen25_7b.csv,answers_qwen25_7b,Q001,A,Animals,8,albatross,albatross,1,0,1,Q001::8
Part3/outputs/answers_qwen25_7b.csv,answers_qwen25_7b,Q001,A,Animals,9,aligator,aligator,0,0,0,Q001::9
Part3/outputs/answers_qwen25_7b.csv,answers_qwen25_7b,Q001,A,Animals,10,albatross,albatross,1,1,0,Q001::10
Part3/outputs/answers_qwen25_7b.csv,answers_qwen25_7b,Q001,A,Animals,11,albatross,albatross,1,1,0,Q001::11
Part3/outputs/answers_qwen25_7b.csv,answers_qwen25_7b,Q001,A,Animals,12,alpaca,alpaca,1,1,0,Q001::12
Part3/outputs/answers_qwen25_7b.csv,answers_qwen25_7b,Q001,A,Animals,13,antelope,antelope,1,0,1,Q001::13
Part3/outputs/answers_qwen25_7b.csv,answers_qwen25_7b,Q001,A,Animals,14,albatross,albatross,1,1,0,Q001::14
Part3/outputs/answers_qwen25_7b.csv,answers_qwen25_7b,Q001,A,Animals,15,albatross,albatross,1,0,1,Q001::15
Part3/outputs/answers_qwen25_7b.csv,answers_qwen25_7b,Q001,A,Animals,16,albatross,albatross,1,0,1,Q001::16
Part3/outputs/answers_qwen25_7b.csv,answers_qwen25_7b,Q001,A,Animals,17,albatross,albatross,1,0,1,Q001::17
Part3/outputs/answers_qwen25_7b.csv,answers_qwen25_7b,Q001,A,Animals,18,alpaca,alpaca,1,1,0,Q001::18
Part3/outputs/answers_qwen25_7b.csv,answers_qwen25_7b,Q001,A,Animals,19,albatross,albatross,1,0,1,Q001::19
Part3/outputs/answers_qwen25_7b.csv,answers_qwen25_7b,Q002,A,Jobs,0,accountant,accountant,1,1,0,Q002::0
Part3/outputs/answers_qwen25_7b.csv,answers_qwen25_7b,Q002,A,Jobs,1,accountant,accountant,1,1,0,Q002::1
Part3/outputs/answers_qwen25_7b.csv,answers_qwen25_7b,Q002,A,Jobs,2,accountant,accountant,1,1,0,Q002::2
Part3/outputs/answers_qwen25_7b.csv,answers_qwen25_7b,Q002,A,Jobs,3,accountant,accountant,1,1,0,Q002::3
Part3/outputs/answers_qwen25_7b.csv,answers_qwen25_7b,Q002,A,Jobs,4,accountant,accountant,1,1,0,Q002::4
Part3/outputs/answers_qwen25_7b.csv,answers_qwen25_7b,Q002,A,Jobs,5,accountant,accountant,1,1,0,Q002::5
Part3/outputs/answers_qwen25_7b.csv,answers_qwen25_7b,Q002,A,Jobs,6,accountant,accountant,1,1,0,Q002::6
Part3/outputs/answers_qwen25_7b.csv,answers_qwen25_7b,Q002,A,Jobs,7,accountant,accountant,1,1,0,Q002::7
Part3/outputs/answers_qwen25_7b.csv,answers_qwen25_7b,Q002,A,Jobs,8,accountant,accountant,1,1,0,Q002::8
Part3/outputs/answers_qwen25_7b.csv,answers_qwen25_7b,Q002,A,Jobs,9,accountant,accountant,1,1,0,Q002::9
Part3/outputs/answers_qwen25_7b.csv,answers_qwen25_7b,Q002,A,Jobs,10,accountant,accountant,1,1,0,Q002::10
Part3/outputs/answers_qwen25_7b.csv,answers_qwen25_7b,Q002,A,Jobs,11,accountant,accountant,1,1,0,Q002::11
Part3/outputs/answers_qwen25_7b.csv,answers_qwen25_7b,Q002,A,Jobs,12,accountant,accountant,1,1,0,Q002::12
Part3/outputs/answers_qwen25_7b.csv,answers_qwen25_7b,Q002,A,Jobs,13,accountant,accountant,1,1,0,Q002::13
Part3/outputs/answers_qwen25_7b.csv,answers_qwen25_7b,Q002,A,Jobs,14,accountant,accountant,1,1,0,Q002::14
Part3/outputs/answers_qwen25_7b.csv,answers_qwen25_7b,Q002,A,Jobs,15,accountant,accountant,1,1,0,Q002::15
Part3/outputs/answers_qwen25_7b.csv,answers_qwen25_7b,Q002,A,Jobs,16,accountant,accountant,1,1,0,Q002::16
Part3/outputs/answers_qwen25_7b.csv,answers_qwen25_7b,Q002,A,Jobs,17,accountant,accountant,1,1,0,Q002::17
Part3/outputs/answers_qwen25_7b.csv,answers_qwen25_7b,Q002,A,Jobs,18,accountant,accountant,1,1,0,Q002::18
Part3/outputs/answers_qwen25_7b.csv,answers_qwen25_7b,Q002,A,Jobs,19,accountant,accountant,1,1,0,Q002::19
Part3/outputs/answers_qwen25_7b.csv,answers_qwen25_7b,Q003,B,Fruits,0,blueberry,blueberry,1,1,0,Q003::0
Part3/outputs/answers_qwen25_7b.csv,answers_qwen25_7b,Q003,B,Fruits,1,blueberry,blueberry,1,1,0,Q003::1
Part3/outputs/answers_qwen25_7b.csv,answers_qwen25_7b,Q003,B,Fruits,2,banana,banana,1,0,1,Q003::2
Part3/outputs/answers_qwen25_7b.csv,answers_qwen25_7b,Q003,B,Fruits,3,banana,banana,1,0,1,Q003::3
Part3/outputs/answers_qwen25_7b.csv,answers_qwen25_7b,Q003,B,Fruits,4,blueberry,blueberry,1,1,0,Q003::4
Part3/outputs/answers_qwen25_7b.csv,answers_qwen25_7b,Q003,B,Fruits,5,banana,banana,1,0,1,Q003::5
Part3/outputs/answers_qwen25_7b.csv,answers_qwen25_7b,Q003,B,Fruits,6,blueberry,blueberry,1,1,0,Q003::6
Part3/outputs/answers_qwen25_7b.csv,answers_qwen25_7b,Q003,B,Fruits,7,blueberry,blueberry,1,0,1,Q003::7
Part3/outputs/answers_qwen25_7b.csv,answers_qwen25_7b,Q003,B,Fruits,8,blueberry,blueberry,1,1,0,Q003::8
Part3/outputs/answers_qwen25_7b.csv,answers_qwen25_7b,Q003,B,Fruits,9,banana,banana,1,0,1,Q003::9
Part3/outputs/answers_qwen25_7b.csv,answers_qwen25_7b,Q003,B,Fruits,10,blueberry,blueberry,1,1,0,Q003::10
Part3/outputs/answers_qwen25_7b.csv,answers_qwen25_7b,Q003,B,Fruits,11,blueberry,blueberry,1,1,0,Q003::11
Part3/outputs/answers_qwen25_7b.csv,answers_qwen25_7b,Q003,B,Fruits,12,banana,banana,1,0,1,Q003::12
Part3/outputs/answers_qwen25_7b.csv,answers_qwen25_7b,Q003,B,Fruits,13,blueberry,blueberry,1,1,0,Q003::13
Part3/outputs/answers_qwen25_7b.csv,answers_qwen25_7b,Q003,B,Fruits,14,blueberry,blueberry,1,1,0,Q003::14
Part3/outputs/answers_qwen25_7b.csv,answers_qwen25_7b,Q003,B,Fruits,15,blueberry,blueberry,1,1,0,Q003::15
Part3/outputs/answers_qwen25_7b.csv,answers_qwen25_7b,Q003,B,Fruits,16,blueberry,blueberry,1,1,0,Q003::16
Part3/outputs/answers_qwen25_7b.csv,answers_qwen25_7b,Q003,B,Fruits,17,blueberry,blueberry,1,1,0,Q003::17
Part3/outputs/answers_qwen25_7b.csv,answers_qwen25_7b,Q003,B,Fruits,18,blueberry,blueberry,1,1,0,Q003::18
Part3/outputs/answers_qwen25_7b.csv,answers_qwen25_7b,Q003,B,Fruits,19,blueberry,blueberry,1,1,0,Q003::19
Part3/outputs/answers_qwen25_7b.csv,answers_qwen25_7b,Q004,B,Things that are red,0,berry,berry,1,0,1,Q004::0
Part3/outputs/answers_qwen25_7b.csv,answers_qwen25_7b,Q004,B,Things that are red,1,banana,banana,0,0,0,Q004::1
Part3/outputs/answers_qwen25_7b.csv,answers_qwen25_7b,Q004,B,Things that are red,2,bicycle,bicycle,0,0,0,Q004::2
Part3/outputs/answers_qwen25_7b.csv,answers_qwen25_7b,Q004,B,Things that are red,3,banana,banana,0,0,0,Q004::3
Part3/outputs/answers_qwen25_7b.csv,answers_qwen25_7b,Q004,B,Things that are red,4,banana,banana,0,0,0,Q004::4
Part3/outputs/answers_qwen25_7b.csv,answers_qwen25_7b,Q004,B,Things that are red,5,banana,banana,0,0,0,Q004::5
Part3/outputs/answers_qwen25_7b.csv,answers_qwen25_7b,Q004,B,Things that are red,6,banana,banana,0,0,0,Q004::6
Part3/outputs/answers_qwen25_7b.csv,answers_qwen25_7b,Q004,B,Things that are red,7,banana,banana,0,0,0,Q004::7
Part3/outputs/answers_qwen25_7b.csv,answers_qwen25_7b,Q004,B,Things that are red,8,basketball,basketball,0,0,0,Q004::8
Part3/outputs/answers_qwen25_7b.csv,answers_qwen25_7b,Q004,B,Things that are red,9,banana,banana,0,0,0,Q004::9
Part3/outputs/answers_qwen25_7b.csv,answers_qwen25_7b,Q004,B,Things that are red,10,red light,red light,0,0,0,Q004::10
Part3/outputs/answers_qwen25_7b.csv,answers_qwen25_7b,Q004,B,Things that are red,11,banana,banana,0,0,0,Q004::11
Part3/outputs/answers_qwen25_7b.csv,answers_qwen25_7b,Q004,B,Things that are red,12,bottle,bottle,0,0,0,Q004::12
Part3/outputs/answers_qwen25_7b.csv,answers_qwen25_7b,Q004,B,Things that are red,13,bottle,bottle,0,0,0,Q004::13
Part3/outputs/answers_qwen25_7b.csv,answers_qwen25_7b,Q004,B,Things that are red,14,bicycle,bicycle,0,0,0,Q004::14
Part3/outputs/answers_qwen25_7b.csv,answers_qwen25_7b,Q004,B,Things that are red,15,baseball bat,baseball bat,0,0,0,Q004::15
Part3/outputs/answers_qwen25_7b.csv,answers_qwen25_7b,Q004,B,Things that are red,16,banana,banana,0,0,0,Q004::16
Part3/outputs/answers_qwen25_7b.csv,answers_qwen25_7b,Q004,B,Things that are red,17,red light,red light,0,0,0,Q004::17
Part3/outputs/answers_qwen25_7b.csv,answers_qwen25_7b,Q004,B,Things that are red,18,banana,banana,0,0,0,Q004::18
Part3/outputs/answers_qwen25_7b.csv,answers_qwen25_7b,Q004,B,Things that are red,19,berried fruit,berried fruit,0,0,0,Q004::19
Part3/outputs/answers_qwen25_7b.csv,answers_qwen25_7b,Q005,C,Countries,0,canada,canada,1,1,0,Q005::0
Part3/outputs/answers_qwen25_7b.csv,answers_qwen25_7b,Q005,C,Countries,1,canada,canada,1,1,0,Q005::1
Part3/outputs/answers_qwen25_7b.csv,answers_qwen25_7b,Q005,C,Countries,2,canada,canada,1,1,0,Q005::2
Part3/outputs/answers_qwen25_7b.csv,answers_qwen25_7b,Q005,C,Countries,3,canada,canada,1,1,0,Q005::3
Part3/outputs/answers_qwen25_7b.csv,answers_qwen25_7b,Q005,C,Countries,4,canada,canada,1,1,0,Q005::4
Part3/outputs/answers_qwen25_7b.csv,answers_qwen25_7b,Q005,C,Countries,5,canada,canada,1,1,0,Q005::5
Part3/outputs/answers_qwen25_7b.csv,answers_qwen25_7b,Q005,C,Countries,6,canada,canada,1,1,0,Q005::6
Part3/outputs/answers_qwen25_7b.csv,answers_qwen25_7b,Q005,C,Countries,7,canada,canada,1,1,0,Q005::7
Part3/outputs/answers_qwen25_7b.csv,answers_qwen25_7b,Q005,C,Countries,8,canada,canada,1,1,0,Q005::8
Part3/outputs/answers_qwen25_7b.csv,answers_qwen25_7b,Q005,C,Countries,9,canada,canada,1,1,0,Q005::9
Part3/outputs/answers_qwen25_7b.csv,answers_qwen25_7b,Q005,C,Countries,10,canada,canada,1,1,0,Q005::10
Part3/outputs/answers_qwen25_7b.csv,answers_qwen25_7b,Q005,C,Countries,11,canada,canada,1,1,0,Q005::11
Part3/outputs/answers_qwen25_7b.csv,answers_qwen25_7b,Q005,C,Countries,12,canada,canada,1,1,0,Q005::12
Part3/outputs/answers_qwen25_7b.csv,answers_qwen25_7b,Q005,C,Countries,13,canada,canada,1,1,0,Q005::13
Part3/outputs/answers_qwen25_7b.csv,answers_qwen25_7b,Q005,C,Countries,14,canada,canada,1,1,0,Q005::14
Part3/outputs/answers_qwen25_7b.csv,answers_qwen25_7b,Q005,C,Countries,15,canada,canada,1,1,0,Q005::15
Part3/outputs/answers_qwen25_7b.csv,answers_qwen25_7b,Q005,C,Countries,16,canada,canada,1,1,0,Q005::16
Part3/outputs/answers_qwen25_7b.csv,answers_qwen25_7b,Q005,C,Countries,17,canada,canada,1,1,0,Q005::17
Part3/outputs/answers_qwen25_7b.csv,answers_qwen25_7b,Q005,C,Countries,18,canada,canada,1,1,0,Q005::18
Part3/outputs/answers_qwen25_7b.csv,answers_qwen25_7b,Q005,C,Countries,19,canada,canada,1,1,0,Q005::19
Part3/outputs/answers_qwen25_7b.csv,answers_qwen25_7b,Q006,C,Board games,0,chess,chess,1,1,0,Q006::0
Part3/outputs/answers_qwen25_7b.csv,answers_qwen25_7b,Q006,C,Board games,1,checkers,checkers,1,0,1,Q006::1
Part3/outputs/answers_qwen25_7b.csv,answers_qwen25_7b,Q006,C,Board games,2,checkers,checkers,1,0,1,Q006::2
Part3/outputs/answers_qwen25_7b.csv,answers_qwen25_7b,Q006,C,Board games,3,chess,chess,1,1,0,Q006::3
Part3/outputs/answers_qwen25_7b.csv,answers_qwen25_7b,Q006,C,Board games,4,chess,chess,1,1,0,Q006::4
Part3/outputs/answers_qwen25_7b.csv,answers_qwen25_7b,Q006,C,Board games,5,chess,chess,1,1,0,Q006::5
Part3/outputs/answers_qwen25_7b.csv,answers_qwen25_7b,Q006,C,Board games,6,checkers,checkers,1,0,1,Q006::6
Part3/outputs/answers_qwen25_7b.csv,answers_qwen25_7b,Q006,C,Board games,7,chess,chess,1,1,0,Q006::7
Part3/outputs/answers_qwen25_7b.csv,answers_qwen25_7b,Q006,C,Board games,8,chess,chess,1,1,0,Q006::8
Part3/outputs/answers_qwen25_7b.csv,answers_qwen25_7b,Q006,C,Board games,9,chess,chess,1,1,0,Q006::9
Part3/outputs/answers_qwen25_7b.csv,answers_qwen25_7b,Q006,C,Board games,10,chess,chess,1,1,0,Q006::10
Part3/outputs/answers_qwen25_7b.csv,answers_qwen25_7b,Q006,C,Board games,11,chess,chess,1,1,0,Q006::11
Part3/outputs/answers_qwen25_7b.csv,answers_qwen25_7b,Q006,C,Board games,12,chess,chess,1,1,0,Q006::12
Part3/outputs/answers_qwen25_7b.csv,answers_qwen25_7b,Q006,C,Board games,13,chess,chess,1,1,0,Q006::13
Part3/outputs/answers_qwen25_7b.csv,answers_qwen25_7b,Q006,C,Board games,14,chess,chess,1,1,0,Q006::14
Part3/outputs/answers_qwen25_7b.csv,answers_qwen25_7b,Q006,C,Board games,15,chess,chess,1,1,0,Q006::15
Part3/outputs/answers_qwen25_7b.csv,answers_qwen25_7b,Q006,C,Board games,16,chess,chess,1,1,0,Q006::16
Part3/outputs/answers_qwen25_7b.csv,answers_qwen25_7b,Q006,C,Board games,17,chess,chess,1,1,0,Q006::17
Part3/outputs/answers_qwen25_7b.csv,answers_qwen25_7b,Q006,C,Board games,18,chess,chess,1,1,0,Q006::18
Part3/outputs/answers_qwen25_7b.csv,answers_qwen25_7b,Q006,C,Board games,19,chess,chess,1,1,0,Q006::19
Part3/outputs/answers_qwen25_7b.csv,answers_qwen25_7b,Q007,D,Musical instruments,0,drum set,drum set,0,0,0,Q007::0
Part3/outputs/answers_qwen25_7b.csv,answers_qwen25_7b,Q007,D,Musical instruments,1,drum,drum,1,0,1,Q007::1
Part3/outputs/answers_qwen25_7b.csv,answers_qwen25_7b,Q007,D,Musical instruments,2,drum,drum,1,1,0,Q007::2
Part3/outputs/answers_qwen25_7b.csv,answers_qwen25_7b,Q007,D,Musical instruments,3,drum set,drum set,0,0,0,Q007::3
Part3/outputs/answers_qwen25_7b.csv,answers_qwen25_7b,Q007,D,Musical instruments,4,drum,drum,1,1,0,Q007::4
Part3/outputs/answers_qwen25_7b.csv,answers_qwen25_7b,Q007,D,Musical instruments,5,drum,drum,1,1,0,Q007::5
Part3/outputs/answers_qwen25_7b.csv,answers_qwen25_7b,Q007,D,Musical instruments,6,drum,drum,1,0,1,Q007::6
Part3/outputs/answers_qwen25_7b.csv,answers_qwen25_7b,Q007,D,Musical instruments,7,drum,drum,1,0,1,Q007::7
Part3/outputs/answers_qwen25_7b.csv,answers_qwen25_7b,Q007,D,Musical instruments,8,drum,drum,1,1,0,Q007::8
Part3/outputs/answers_qwen25_7b.csv,answers_qwen25_7b,Q007,D,Musical instruments,9,drum set,drum set,0,0,0,Q007::9
Part3/outputs/answers_qwen25_7b.csv,answers_qwen25_7b,Q007,D,Musical instruments,10,drum,drum,1,1,0,Q007::10
Part3/outputs/answers_qwen25_7b.csv,answers_qwen25_7b,Q007,D,Musical instruments,11,drum,drum,1,1,0,Q007::11
Part3/outputs/answers_qwen25_7b.csv,answers_qwen25_7b,Q007,D,Musical instruments,12,drum,drum,1,0,1,Q007::12
Part3/outputs/answers_qwen25_7b.csv,answers_qwen25_7b,Q007,D,Musical instruments,13,drum,drum,1,0,1,Q007::13
Part3/outputs/answers_qwen25_7b.csv,answers_qwen25_7b,Q007,D,Musical instruments,14,drum,drum,1,1,0,Q007::14
Part3/outputs/answers_qwen25_7b.csv,answers_qwen25_7b,Q007,D,Musical instruments,15,drum,drum,1,0,1,Q007::15
Part3/outputs/answers_qwen25_7b.csv,answers_qwen25_7b,Q007,D,Musical instruments,16,drum,drum,1,1,0,Q007::16
Part3/outputs/answers_qwen25_7b.csv,answers_qwen25_7b,Q007,D,Musical instruments,17,drum set,drum set,0,0,0,Q007::17
Part3/outputs/answers_qwen25_7b.csv,answers_qwen25_7b,Q007,D,Musical instruments,18,drum,drum,1,1,0,Q007::18
Part3/outputs/answers_qwen25_7b.csv,answers_qwen25_7b,Q007,D,Musical instruments,19,drum,drum,1,1,0,Q007::19
Part3/outputs/answers_qwen25_7b.csv,answers_qwen25_7b,Q008,D,Things in a bathroom,0,toothbrush,toothbrush,0,0,0,Q008::0
Part3/outputs/answers_qwen25_7b.csv,answers_qwen25_7b,Q008,D,Things in a bathroom,1,toothbrush,toothbrush,0,0,0,Q008::1
Part3/outputs/answers_qwen25_7b.csv,answers_qwen25_7b,Q008,D,Things in a bathroom,2,toothbrush,toothbrush,0,0,0,Q008::2
Part3/outputs/answers_qwen25_7b.csv,answers_qwen25_7b,Q008,D,Things in a bathroom,3,toothbrush,toothbrush,0,0,0,Q008::3
Part3/outputs/answers_qwen25_7b.csv,answers_qwen25_7b,Q008,D,Things in a bathroom,4,toothbrush,toothbrush,0,0,0,Q008::4
Part3/outputs/answers_qwen25_7b.csv,answers_qwen25_7b,Q008,D,Things in a bathroom,5,soap dispenser,soap dispenser,1,0,1,Q008::5
Part3/outputs/answers_qwen25_7b.csv,answers_qwen25_7b,Q008,D,Things in a bathroom,6,toothbrush,toothbrush,0,0,0,Q008::6
Part3/outputs/answers_qwen25_7b.csv,answers_qwen25_7b,Q008,D,Things in a bathroom,7,soap dish,soap dish,1,0,1,Q008::7
Part3/outputs/answers_qwen25_7b.csv,answers_qwen25_7b,Q008,D,Things in a bathroom,8,soap,soap,0,0,0,Q008::8
Part3/outputs/answers_qwen25_7b.csv,answers_qwen25_7b,Q008,D,Things in a bathroom,9,soap dispenser,soap dispenser,1,0,1,Q008::9
Part3/outputs/answers_qwen25_7b.csv,answers_qwen25_7b,Q008,D,Things in a bathroom,10,toothbrush,toothbrush,0,0,0,Q008::10
Part3/outputs/answers_qwen25_7b.csv,answers_qwen25_7b,Q008,D,Things in a bathroom,11,toothbrush,toothbrush,0,0,0,Q008::11
Part3/outputs/answers_qwen25_7b.csv,answers_qwen25_7b,Q008,D,Things in a bathroom,12,toothbrush,toothbrush,0,0,0,Q008::12
Part3/outputs/answers_qwen25_7b.csv,answers_qwen25_7b,Q008,D,Things in a bathroom,13,toothbrush,toothbrush,0,0,0,Q008::13
Part3/outputs/answers_qwen25_7b.csv,answers_qwen25_7b,Q008,D,Things in a bathroom,14,toothbrush,toothbrush,0,0,0,Q008::14
Part3/outputs/answers_qwen25_7b.csv,answers_qwen25_7b,Q008,D,Things in a bathroom,15,toothbrush,toothbrush,0,0,0,Q008::15
Part3/outputs/answers_qwen25_7b.csv,answers_qwen25_7b,Q008,D,Things in a bathroom,16,toothbrush,toothbrush,0,0,0,Q008::16
Part3/outputs/answers_qwen25_7b.csv,answers_qwen25_7b,Q008,D,Things in a bathroom,17,dishcloth,dishcloth,1,0,1,Q008::17
Part3/outputs/answers_qwen25_7b.csv,answers_qwen25_7b,Q008,D,Things in a bathroom,18,toothbrush,toothbrush,0,0,0,Q008::18
Part3/outputs/answers_qwen25_7b.csv,answers_qwen25_7b,Q008,D,Things in a bathroom,19,toothbrush,toothbrush,0,0,0,Q008::19
Part3/outputs/answers_qwen25_7b.csv,answers_qwen25_7b,Q009,E,Sports,0,tennis,tennis,0,0,0,Q009::0
Part3/outputs/answers_qwen25_7b.csv,answers_qwen25_7b,Q009,E,Sports,1,tennis,tennis,0,0,0,Q009::1
Part3/outputs/answers_qwen25_7b.csv,answers_qwen25_7b,Q009,E,Sports,2,tennis,tennis,0,0,0,Q009::2
Part3/outputs/answers_qwen25_7b.csv,answers_qwen25_7b,Q009,E,Sports,3,tennis,tennis,0,0,0,Q009::3
Part3/outputs/answers_qwen25_7b.csv,answers_qwen25_7b,Q009,E,Sports,4,tennis,tennis,0,0,0,Q009::4
Part3/outputs/answers_qwen25_7b.csv,answers_qwen25_7b,Q009,E,Sports,5,tennis,tennis,0,0,0,Q009::5
Part3/outputs/answers_qwen25_7b.csv,answers_qwen25_7b,Q009,E,Sports,6,tennis,tennis,0,0,0,Q009::6
Part3/outputs/answers_qwen25_7b.csv,answers_qwen25_7b,Q009,E,Sports,7,tennis,tennis,0,0,0,Q009::7
Part3/outputs/answers_qwen25_7b.csv,answers_qwen25_7b,Q009,E,Sports,8,tennis,tennis,0,0,0,Q009::8
Part3/outputs/answers_qwen25_7b.csv,answers_qwen25_7b,Q009,E,Sports,9,tennis,tennis,0,0,0,Q009::9
Part3/outputs/answers_qwen25_7b.csv,answers_qwen25_7b,Q009,E,Sports,10,tennis,tennis,0,0,0,Q009::10
Part3/outputs/answers_qwen25_7b.csv,answers_qwen25_7b,Q009,E,Sports,11,tennis,tennis,0,0,0,Q009::11
Part3/outputs/answers_qwen25_7b.csv,answers_qwen25_7b,Q009,E,Sports,12,tennis,tennis,0,0,0,Q009::12
Part3/outputs/answers_qwen25_7b.csv,answers_qwen25_7b,Q009,E,Sports,13,tennis,tennis,0,0,0,Q009::13
Part3/outputs/answers_qwen25_7b.csv,answers_qwen25_7b,Q009,E,Sports,14,tennis,tennis,0,0,0,Q009::14
Part3/outputs/answers_qwen25_7b.csv,answers_qwen25_7b,Q009,E,Sports,15,tennis,tennis,0,0,0,Q009::15
Part3/outputs/answers_qwen25_7b.csv,answers_qwen25_7b,Q009,E,Sports,16,tennis,tennis,0,0,0,Q009::16
Part3/outputs/answers_qwen25_7b.csv,answers_qwen25_7b,Q009,E,Sports,17,tennis,tennis,0,0,0,Q009::17
Part3/outputs/answers_qwen25_7b.csv,answers_qwen25_7b,Q009,E,Sports,18,tennis,tennis,0,0,0,Q009::18
Part3/outputs/answers_qwen25_7b.csv,answers_qwen25_7b,Q009,E,Sports,19,tennis,tennis,0,0,0,Q009::19
Part3/outputs/answers_qwen25_7b.csv,answers_qwen25_7b,Q010,E,Movie titles,0,eternal sunshine of the spotless mind,eternal sunshine of the spotless mind,0,0,0,Q010::0
Part3/outputs/answers_qwen25_7b.csv,answers_qwen25_7b,Q010,E,Movie titles,1,eclipse,eclipse,1,1,0,Q010::1
Part3/outputs/answers_qwen25_7b.csv,answers_qwen25_7b,Q010,E,Movie titles,2,eclipse,eclipse,1,0,1,Q010::2
Part3/outputs/answers_qwen25_7b.csv,answers_qwen25_7b,Q010,E,Movie titles,3,eekommen,eekommen,0,0,0,Q010::3
Part3/outputs/answers_qwen25_7b.csv,answers_qwen25_7b,Q010,E,Movie titles,4,eternal sunshine of the spotless mind,eternal sunshine of the spotless mind,0,0,0,Q010::4
Part3/outputs/answers_qwen25_7b.csv,answers_qwen25_7b,Q010,E,Movie titles,5,eclipse,eclipse,1,0,1,Q010::5
Part3/outputs/answers_qwen25_7b.csv,answers_qwen25_7b,Q010,E,Movie titles,6,eternal sunshine of the spotless mind,eternal sunshine of the spotless mind,0,0,0,Q010::6
Part3/outputs/answers_qwen25_7b.csv,answers_qwen25_7b,Q010,E,Movie titles,7,eternal sunshine of the spotless mind,eternal sunshine of the spotless mind,0,0,0,Q010::7
Part3/outputs/answers_qwen25_7b.csv,answers_qwen25_7b,Q010,E,Movie titles,8,eternal sunshine of the spotless mind,eternal sunshine of the spotless mind,0,0,0,Q010::8
Part3/outputs/answers_qwen25_7b.csv,answers_qwen25_7b,Q010,E,Movie titles,9,eternal sunshine of the spotless mind,eternal sunshine of the spotless mind,0,0,0,Q010::9
Part3/outputs/answers_qwen25_7b.csv,answers_qwen25_7b,Q010,E,Movie titles,10,eclipse,eclipse,1,0,1,Q010::10
Part3/outputs/answers_qwen25_7b.csv,answers_qwen25_7b,Q010,E,Movie titles,11,eternal sunshine of the spotless mind,eternal sunshine of the spotless mind,0,0,0,Q010::11
Part3/outputs/answers_qwen25_7b.csv,answers_qwen25_7b,Q010,E,Movie titles,12,easter.sendStatusSuccessfullySent();,easter.sendstatussuccessfullysent,0,0,0,Q010::12
Part3/outputs/answers_qwen25_7b.csv,answers_qwen25_7b,Q010,E,Movie titles,13,election Day,election day,0,0,0,Q010::13
Part3/outputs/answers_qwen25_7b.csv,answers_qwen25_7b,Q010,E,Movie titles,14,eternal sunshine of the spotless mind,eternal sunshine of the spotless mind,0,0,0,Q010::14
Part3/outputs/answers_qwen25_7b.csv,answers_qwen25_7b,Q010,E,Movie titles,15,eagged to please,eagged to please,0,0,0,Q010::15
Part3/outputs/answers_qwen25_7b.csv,answers_qwen25_7b,Q010,E,Movie titles,16,eclipse,eclipse,1,0,1,Q010::16
Part3/outputs/answers_qwen25_7b.csv,answers_qwen25_7b,Q010,E,Movie titles,17,eagle-eyed,eagle-eyed,0,0,0,Q010::17
Part3/outputs/answers_qwen25_7b.csv,answers_qwen25_7b,Q010,E,Movie titles,18,european vengeance,european vengeance,0,0,0,Q010::18
Part3/outputs/answers_qwen25_7b.csv,answers_qwen25_7b,Q010,E,Movie titles,19,eclipse,eclipse,1,0,1,Q010::19
Part3/outputs/answers_qwen25_7b.csv,answers_qwen25_7b,Q011,F,Fish,0,flounder,flounder,1,1,0,Q011::0
Part3/outputs/answers_qwen25_7b.csv,answers_qwen25_7b,Q011,F,Fish,1,flounder,flounder,1,1,0,Q011::1
Part3/outputs/answers_qwen25_7b.csv,answers_qwen25_7b,Q011,F,Fish,2,flounder,flounder,1,1,0,Q011::2
Part3/outputs/answers_qwen25_7b.csv,answers_qwen25_7b,Q011,F,Fish,3,flounder,flounder,1,1,0,Q011::3
Part3/outputs/answers_qwen25_7b.csv,answers_qwen25_7b,Q011,F,Fish,4,flounder,flounder,1,1,0,Q011::4
Part3/outputs/answers_qwen25_7b.csv,answers_qwen25_7b,Q011,F,Fish,5,flounder,flounder,1,1,0,Q011::5
Part3/outputs/answers_qwen25_7b.csv,answers_qwen25_7b,Q011,F,Fish,6,flounder,flounder,1,1,0,Q011::6
Part3/outputs/answers_qwen25_7b.csv,answers_qwen25_7b,Q011,F,Fish,7,flounder,flounder,1,1,0,Q011::7
Part3/outputs/answers_qwen25_7b.csv,answers_qwen25_7b,Q011,F,Fish,8,flounder,flounder,1,1,0,Q011::8
Part3/outputs/answers_qwen25_7b.csv,answers_qwen25_7b,Q011,F,Fish,9,flounder,flounder,1,1,0,Q011::9
Part3/outputs/answers_qwen25_7b.csv,answers_qwen25_7b,Q011,F,Fish,10,flounder,flounder,1,1,0,Q011::10
Part3/outputs/answers_qwen25_7b.csv,answers_qwen25_7b,Q011,F,Fish,11,flounder,flounder,1,1,0,Q011::11
Part3/outputs/answers_qwen25_7b.csv,answers_qwen25_7b,Q011,F,Fish,12,flounder,flounder,1,1,0,Q011::12
Part3/outputs/answers_qwen25_7b.csv,answers_qwen25_7b,Q011,F,Fish,13,flounder,flounder,1,1,0,Q011::13
Part3/outputs/answers_qwen25_7b.csv,answers_qwen25_7b,Q011,F,Fish,14,flounder,flounder,1,1,0,Q011::14
Part3/outputs/answers_qwen25_7b.csv,answers_qwen25_7b,Q011,F,Fish,15,flounder,flounder,1,1,0,Q011::15
Part3/outputs/answers_qwen25_7b.csv,answers_qwen25_7b,Q011,F,Fish,16,flounder,flounder,1,1,0,Q011::16
Part3/outputs/answers_qwen25_7b.csv,answers_qwen25_7b,Q011,F,Fish,17,flounder,flounder,1,1,0,Q011::17
Part3/outputs/answers_qwen25_7b.csv,answers_qwen25_7b,Q011,F,Fish,18,flounder,flounder,1,1,0,Q011::18
Part3/outputs/answers_qwen25_7b.csv,answers_qwen25_7b,Q011,F,Fish,19,goldfish,goldfish,1,1,0,Q011::19
Part3/outputs/answers_qwen25_7b.csv,answers_qwen25_7b,Q012,F,Things in a backpack,0,flashlight,flashlight,1,0,1,Q012::0
Part3/outputs/answers_qwen25_7b.csv,answers_qwen25_7b,Q012,F,Things in a backpack,1,flashlight,flashlight,1,1,0,Q012::1
Part3/outputs/answers_qwen25_7b.csv,answers_qwen25_7b,Q012,F,Things in a backpack,2,flashlight,flashlight,1,0,1,Q012::2
Part3/outputs/answers_qwen25_7b.csv,answers_qwen25_7b,Q012,F,Things in a backpack,3,flashlight,flashlight,1,1,0,Q012::3
Part3/outputs/answers_qwen25_7b.csv,answers_qwen25_7b,Q012,F,Things in a backpack,4,flashlight,flashlight,1,1,0,Q012::4
Part3/outputs/answers_qwen25_7b.csv,answers_qwen25_7b,Q012,F,Things in a backpack,5,flashlight,flashlight,1,1,0,Q012::5
Part3/outputs/answers_qwen25_7b.csv,answers_qwen25_7b,Q012,F,Things in a backpack,6,folders,folders,1,0,1,Q012::6
Part3/outputs/answers_qwen25_7b.csv,answers_qwen25_7b,Q012,F,Things in a backpack,7,folders,folders,1,1,0,Q012::7
Part3/outputs/answers_qwen25_7b.csv,answers_qwen25_7b,Q012,F,Things in a backpack,8,flashlight,flashlight,1,0,1,Q012::8
Part3/outputs/answers_qwen25_7b.csv,answers_qwen25_7b,Q012,F,Things in a backpack,9,flashlight,flashlight,1,1,0,Q012::9
Part3/outputs/answers_qwen25_7b.csv,answers_qwen25_7b,Q012,F,Things in a backpack,10,flashlight,flashlight,1,1,0,Q012::10
Part3/outputs/answers_qwen25_7b.csv,answers_qwen25_7b,Q012,F,Things in a backpack,11,flashlight,flashlight,1,1,0,Q012::11
Part3/outputs/answers_qwen25_7b.csv,answers_qwen25_7b,Q012,F,Things in a backpack,12,flashlight,flashlight,1,1,0,Q012::12
Part3/outputs/answers_qwen25_7b.csv,answers_qwen25_7b,Q012,F,Things in a backpack,13,flashlight,flashlight,1,1,0,Q012::13
Part3/outputs/answers_qwen25_7b.csv,answers_qwen25_7b,Q012,F,Things in a backpack,14,flashlight,flashlight,1,1,0,Q012::14
Part3/outputs/answers_qwen25_7b.csv,answers_qwen25_7b,Q012,F,Things in a backpack,15,flashlight,flashlight,1,0,1,Q012::15
Part3/outputs/answers_qwen25_7b.csv,answers_qwen25_7b,Q012,F,Things in a backpack,16,flashlight,flashlight,1,1,0,Q012::16
Part3/outputs/answers_qwen25_7b.csv,answers_qwen25_7b,Q012,F,Things in a backpack,17,flashlight,flashlight,1,1,0,Q012::17
Part3/outputs/answers_qwen25_7b.csv,answers_qwen25_7b,Q012,F,Things in a backpack,18,flashlight,flashlight,1,1,0,Q012::18
Part3/outputs/answers_qwen25_7b.csv,answers_qwen25_7b,Q012,F,Things in a backpack,19,folders,folders,1,0,1,Q012::19
Part3/outputs/answers_qwen25_7b.csv,answers_qwen25_7b,Q013,G,U.S. states,0,georgia,georgia,1,1,0,Q013::0
Part3/outputs/answers_qwen25_7b.csv,answers_qwen25_7b,Q013,G,U.S. states,1,georgia,georgia,1,1,0,Q013::1
Part3/outputs/answers_qwen25_7b.csv,answers_qwen25_7b,Q013,G,U.S. states,2,georgia,georgia,1,1,0,Q013::2
Part3/outputs/answers_qwen25_7b.csv,answers_qwen25_7b,Q013,G,U.S. states,3,georgia,georgia,1,1,0,Q013::3
Part3/outputs/answers_qwen25_7b.csv,answers_qwen25_7b,Q013,G,U.S. states,4,georgia,georgia,1,1,0,Q013::4
Part3/outputs/answers_qwen25_7b.csv,answers_qwen25_7b,Q013,G,U.S. states,5,georgia,georgia,1,1,0,Q013::5
Part3/outputs/answers_qwen25_7b.csv,answers_qwen25_7b,Q013,G,U.S. states,6,georgia,georgia,1,1,0,Q013::6
Part3/outputs/answers_qwen25_7b.csv,answers_qwen25_7b,Q013,G,U.S. states,7,georgia,georgia,1,1,0,Q013::7
Part3/outputs/answers_qwen25_7b.csv,answers_qwen25_7b,Q013,G,U.S. states,8,georgia,georgia,1,1,0,Q013::8
Part3/outputs/answers_qwen25_7b.csv,answers_qwen25_7b,Q013,G,U.S. states,9,georgia,georgia,1,1,0,Q013::9
Part3/outputs/answers_qwen25_7b.csv,answers_qwen25_7b,Q013,G,U.S. states,10,georgia,georgia,1,1,0,Q013::10
Part3/outputs/answers_qwen25_7b.csv,answers_qwen25_7b,Q013,G,U.S. states,11,georgia,georgia,1,1,0,Q013::11
Part3/outputs/answers_qwen25_7b.csv,answers_qwen25_7b,Q013,G,U.S. states,12,georgia,georgia,1,1,0,Q013::12
Part3/outputs/answers_qwen25_7b.csv,answers_qwen25_7b,Q013,G,U.S. states,13,georgia,georgia,1,1,0,Q013::13
Part3/outputs/answers_qwen25_7b.csv,answers_qwen25_7b,Q013,G,U.S. states,14,georgia,georgia,1,1,0,Q013::14
Part3/outputs/answers_qwen25_7b.csv,answers_qwen25_7b,Q013,G,U.S. states,15,georgia,georgia,1,1,0,Q013::15
Part3/outputs/answers_qwen25_7b.csv,answers_qwen25_7b,Q013,G,U.S. states,16,georgia,georgia,1,1,0,Q013::16
Part3/outputs/answers_qwen25_7b.csv,answers_qwen25_7b,Q013,G,U.S. states,17,georgia,georgia,1,1,0,Q013::17
Part3/outputs/answers_qwen25_7b.csv,answers_qwen25_7b,Q013,G,U.S. states,18,georgia,georgia,1,1,0,Q013::18
Part3/outputs/answers_qwen25_7b.csv,answers_qwen25_7b,Q013,G,U.S. states,19,georgia,georgia,1,1,0,Q013::19
Part3/outputs/answers_qwen25_7b.csv,answers_qwen25_7b,Q014,G,Foods,0,guacamole,guacamole,1,0,1,Q014::0
Part3/outputs/answers_qwen25_7b.csv,answers_qwen25_7b,Q014,G,Foods,1,garlic bread,garlic bread,1,0,1,Q014::1
Part3/outputs/answers_qwen25_7b.csv,answers_qwen25_7b,Q014,G,Foods,2,grapefruit,grapefruit,1,1,0,Q014::2
Part3/outputs/answers_qwen25_7b.csv,answers_qwen25_7b,Q014,G,Foods,3,grapefruit,grapefruit,1,0,1,Q014::3
Part3/outputs/answers_qwen25_7b.csv,answers_qwen25_7b,Q014,G,Foods,4,grapefruit,grapefruit,1,1,0,Q014::4
Part3/outputs/answers_qwen25_7b.csv,answers_qwen25_7b,Q014,G,Foods,5,grapefruit,grapefruit,1,1,0,Q014::5
Part3/outputs/answers_qwen25_7b.csv,answers_qwen25_7b,Q014,G,Foods,6,grapefruit,grapefruit,1,0,1,Q014::6
Part3/outputs/answers_qwen25_7b.csv,answers_qwen25_7b,Q014,G,Foods,7,grapefruit,grapefruit,1,1,0,Q014::7
Part3/outputs/answers_qwen25_7b.csv,answers_qwen25_7b,Q014,G,Foods,8,grapefruit,grapefruit,1,1,0,Q014::8
Part3/outputs/answers_qwen25_7b.csv,answers_qwen25_7b,Q014,G,Foods,9,grapes,grapes,1,0,1,Q014::9
Part3/outputs/answers_qwen25_7b.csv,answers_qwen25_7b,Q014,G,Foods,10,grapefruit,grapefruit,1,1,0,Q014::10
Part3/outputs/answers_qwen25_7b.csv,answers_qwen25_7b,Q014,G,Foods,11,grapefruit,grapefruit,1,0,1,Q014::11
Part3/outputs/answers_qwen25_7b.csv,answers_qwen25_7b,Q014,G,Foods,12,grapefruit,grapefruit,1,1,0,Q014::12
Part3/outputs/answers_qwen25_7b.csv,answers_qwen25_7b,Q014,G,Foods,13,garlic bread,garlic bread,1,0,1,Q014::13
Part3/outputs/answers_qwen25_7b.csv,answers_qwen25_7b,Q014,G,Foods,14,grapefruit,grapefruit,1,1,0,Q014::14
Part3/outputs/answers_qwen25_7b.csv,answers_qwen25_7b,Q014,G,Foods,15,grapefruit,grapefruit,1,0,1,Q014::15
Part3/outputs/answers_qwen25_7b.csv,answers_qwen25_7b,Q014,G,Foods,16,grapefruit,grapefruit,1,0,1,Q014::16
Part3/outputs/answers_qwen25_7b.csv,answers_qwen25_7b,Q014,G,Foods,17,garlic bread,garlic bread,1,0,1,Q014::17
Part3/outputs/answers_qwen25_7b.csv,answers_qwen25_7b,Q014,G,Foods,18,garlic bread,garlic bread,1,1,0,Q014::18
Part3/outputs/answers_qwen25_7b.csv,answers_qwen25_7b,Q014,G,Foods,19,garlic bread,garlic bread,1,1,0,Q014::19
Part3/outputs/answers_qwen25_7b.csv,answers_qwen25_7b,Q015,H,Famous scientists,0,hawking steinhaus,hawking steinhaus,0,0,0,Q015::0
Part3/outputs/answers_qwen25_7b.csv,answers_qwen25_7b,Q015,H,Famous scientists,1,hawking,hawking,1,0,1,Q015::1
Part3/outputs/answers_qwen25_7b.csv,answers_qwen25_7b,Q015,H,Famous scientists,2,galileo galilei,galileo galilei,0,0,0,Q015::2
Part3/outputs/answers_qwen25_7b.csv,answers_qwen25_7b,Q015,H,Famous scientists,3,galileo galilei,galileo galilei,0,0,0,Q015::3
Part3/outputs/answers_qwen25_7b.csv,answers_qwen25_7b,Q015,H,Famous scientists,4,huygens,huygens,1,0,1,Q015::4
Part3/outputs/answers_qwen25_7b.csv,answers_qwen25_7b,Q015,H,Famous scientists,5,galileo galilei,galileo galilei,0,0,0,Q015::5
Part3/outputs/answers_qwen25_7b.csv,answers_qwen25_7b,Q015,H,Famous scientists,6,huygens,huygens,1,1,0,Q015::6
Part3/outputs/answers_qwen25_7b.csv,answers_qwen25_7b,Q015,H,Famous scientists,7,galileo galilei,galileo galilei,0,0,0,Q015::7
Part3/outputs/answers_qwen25_7b.csv,answers_qwen25_7b,Q015,H,Famous scientists,8,hooke,hooke,1,0,1,Q015::8
Part3/outputs/answers_qwen25_7b.csv,answers_qwen25_7b,Q015,H,Famous scientists,9,huygens,huygens,1,0,1,Q015::9
Part3/outputs/answers_qwen25_7b.csv,answers_qwen25_7b,Q015,H,Famous scientists,10,hawking steinhaus hertz helmholtz heisenberg,hawking steinhaus hertz helmholtz heisenberg,1,0,1,Q015::10
Part3/outputs/answers_qwen25_7b.csv,answers_qwen25_7b,Q015,H,Famous scientists,11,galileo galilei,galileo galilei,0,0,0,Q015::11
Part3/outputs/answers_qwen25_7b.csv,answers_qwen25_7b,Q015,H,Famous scientists,12,hawking,hawking,1,0,1,Q015::12
Part3/outputs/answers_qwen25_7b.csv,answers_qwen25_7b,Q015,H,Famous scientists,13,galileo galilei,galileo galilei,0,0,0,Q015::13
Part3/outputs/answers_qwen25_7b.csv,answers_qwen25_7b,Q015,H,Famous scientists,14,hawking steinhardt,hawking steinhardt,0,0,0,Q015::14
Part3/outputs/answers_qwen25_7b.csv,answers_qwen25_7b,Q015,H,Famous scientists,15,galileo galilei,galileo galilei,0,0,0,Q015::15
Part3/outputs/answers_qwen25_7b.csv,answers_qwen25_7b,Q015,H,Famous scientists,16,hermann hesse,hermann hesse,0,0,0,Q015::16
Part3/outputs/answers_qwen25_7b.csv,answers_qwen25_7b,Q015,H,Famous scientists,17,huygens,huygens,1,1,0,Q015::17
Part3/outputs/answers_qwen25_7b.csv,answers_qwen25_7b,Q015,H,Famous scientists,18,galileo galilei,galileo galilei,0,0,0,Q015::18
Part3/outputs/answers_qwen25_7b.csv,answers_qwen25_7b,Q015,H,Famous scientists,19,galileo galilei,galileo galilei,0,0,0,Q015::19
Part3/outputs/answers_qwen25_7b.csv,answers_qwen25_7b,Q016,H,Things at the beach,0,hat,hat,1,1,0,Q016::0
Part3/outputs/answers_qwen25_7b.csv,answers_qwen25_7b,Q016,H,Things at the beach,1,hat,hat,1,1,0,Q016::1
Part3/outputs/answers_qwen25_7b.csv,answers_qwen25_7b,Q016,H,Things at the beach,2,hat,hat,1,1,0,Q016::2
Part3/outputs/answers_qwen25_7b.csv,answers_qwen25_7b,Q016,H,Things at the beach,3,hat,hat,1,1,0,Q016::3
Part3/outputs/answers_qwen25_7b.csv,answers_qwen25_7b,Q016,H,Things at the beach,4,hat,hat,1,1,0,Q016::4
Part3/outputs/answers_qwen25_7b.csv,answers_qwen25_7b,Q016,H,Things at the beach,5,hat,hat,1,1,0,Q016::5
Part3/outputs/answers_qwen25_7b.csv,answers_qwen25_7b,Q016,H,Things at the beach,6,hat,hat,1,1,0,Q016::6
Part3/outputs/answers_qwen25_7b.csv,answers_qwen25_7b,Q016,H,Things at the beach,7,hat,hat,1,1,0,Q016::7
Part3/outputs/answers_qwen25_7b.csv,answers_qwen25_7b,Q016,H,Things at the beach,8,hat,hat,1,1,0,Q016::8
Part3/outputs/answers_qwen25_7b.csv,answers_qwen25_7b,Q016,H,Things at the beach,9,hat,hat,1,1,0,Q016::9
Part3/outputs/answers_qwen25_7b.csv,answers_qwen25_7b,Q016,H,Things at the beach,10,hat,hat,1,1,0,Q016::10
Part3/outputs/answers_qwen25_7b.csv,answers_qwen25_7b,Q016,H,Things at the beach,11,hat,hat,1,1,0,Q016::11
Part3/outputs/answers_qwen25_7b.csv,answers_qwen25_7b,Q016,H,Things at the beach,12,hat,hat,1,1,0,Q016::12
Part3/outputs/answers_qwen25_7b.csv,answers_qwen25_7b,Q016,H,Things at the beach,13,hat,hat,1,1,0,Q016::13
Part3/outputs/answers_qwen25_7b.csv,answers_qwen25_7b,Q016,H,Things at the beach,14,hat,hat,1,1,0,Q016::14
Part3/outputs/answers_qwen25_7b.csv,answers_qwen25_7b,Q016,H,Things at the beach,15,hat,hat,1,1,0,Q016::15
Part3/outputs/answers_qwen25_7b.csv,answers_qwen25_7b,Q016,H,Things at the beach,16,hat,hat,1,1,0,Q016::16
Part3/outputs/answers_qwen25_7b.csv,answers_qwen25_7b,Q016,H,Things at the beach,17,hat,hat,1,1,0,Q016::17
Part3/outputs/answers_qwen25_7b.csv,answers_qwen25_7b,Q016,H,Things at the beach,18,sandcastle,sandcastle,0,0,0,Q016::18
Part3/outputs/answers_qwen25_7b.csv,answers_qwen25_7b,Q016,H,Things at the beach,19,hat,hat,1,1,0,Q016::19
Part3/outputs/answers_qwen25_7b.csv,answers_qwen25_7b,Q017,I,Cities,0,iceland,iceland,0,0,0,Q017::0
Part3/outputs/answers_qwen25_7b.csv,answers_qwen25_7b,Q017,I,Cities,1,istanbul,istanbul,0,0,0,Q017::1
Part3/outputs/answers_qwen25_7b.csv,answers_qwen25_7b,Q017,I,Cities,2,istanbul,istanbul,0,0,0,Q017::2
Part3/outputs/answers_qwen25_7b.csv,answers_qwen25_7b,Q017,I,Cities,3,istanbul,istanbul,0,0,0,Q017::3
Part3/outputs/answers_qwen25_7b.csv,answers_qwen25_7b,Q017,I,Cities,4,indianapolis,indianapolis,1,0,1,Q017::4
Part3/outputs/answers_qwen25_7b.csv,answers_qwen25_7b,Q017,I,Cities,5,iceland,iceland,0,0,0,Q017::5
Part3/outputs/answers_qwen25_7b.csv,answers_qwen25_7b,Q017,I,Cities,6,istanbul,istanbul,0,0,0,Q017::6
Part3/outputs/answers_qwen25_7b.csv,answers_qwen25_7b,Q017,I,Cities,7,ichih寡牟尼寺,ichih,0,0,0,Q017::7
Part3/outputs/answers_qwen25_7b.csv,answers_qwen25_7b,Q017,I,Cities,8,istanbul,istanbul,0,0,0,Q017::8
Part3/outputs/answers_qwen25_7b.csv,answers_qwen25_7b,Q017,I,Cities,9,istanbul,istanbul,0,0,0,Q017::9
Part3/outputs/answers_qwen25_7b.csv,answers_qwen25_7b,Q017,I,Cities,10,istanbul,istanbul,0,0,0,Q017::10
Part3/outputs/answers_qwen25_7b.csv,answers_qwen25_7b,Q017,I,Cities,11,iran,iran,0,0,0,Q017::11
Part3/outputs/answers_qwen25_7b.csv,answers_qwen25_7b,Q017,I,Cities,12,iran,iran,0,0,0,Q017::12
Part3/outputs/answers_qwen25_7b.csv,answers_qwen25_7b,Q017,I,Cities,13,indianapolis,indianapolis,1,0,1,Q017::13
Part3/outputs/answers_qwen25_7b.csv,answers_qwen25_7b,Q017,I,Cities,14,ibiza,ibiza,0,0,0,Q017::14
Part3/outputs/answers_qwen25_7b.csv,answers_qwen25_7b,Q017,I,Cities,15,indianapolis,indianapolis,1,0,1,Q017::15
Part3/outputs/answers_qwen25_7b.csv,answers_qwen25_7b,Q017,I,Cities,16,indianapolis,indianapolis,1,0,1,Q017::16
Part3/outputs/answers_qwen25_7b.csv,answers_qwen25_7b,Q017,I,Cities,17,iran,iran,0,0,0,Q017::17
Part3/outputs/answers_qwen25_7b.csv,answers_qwen25_7b,Q017,I,Cities,18,indianapolis,indianapolis,1,0,1,Q017::18
Part3/outputs/answers_qwen25_7b.csv,answers_qwen25_7b,Q017,I,Cities,19,istanbul,istanbul,0,0,0,Q017::19
Part3/outputs/answers_qwen25_7b.csv,answers_qwen25_7b,Q018,I,Things in a classroom,0,blackboard,blackboard,1,0,1,Q018::0
Part3/outputs/answers_qwen25_7b.csv,answers_qwen25_7b,Q018,I,Things in a classroom,1,interior whiteboard,interior whiteboard,0,0,0,Q018::1
Part3/outputs/answers_qwen25_7b.csv,answers_qwen25_7b,Q018,I,Things in a classroom,2,interactboard,interactboard,1,0,1,Q018::2
Part3/outputs/answers_qwen25_7b.csv,answers_qwen25_7b,Q018,I,Things in a classroom,3,interior decorator,interior decorator,0,0,0,Q018::3
Part3/outputs/answers_qwen25_7b.csv,answers_qwen25_7b,Q018,I,Things in a classroom,4,interactive whiteboard,interactive whiteboard,1,0,1,Q018::4
Part3/outputs/answers_qwen25_7b.csv,answers_qwen25_7b,Q018,I,Things in a classroom,5,interactioal board,interactioal board,0,0,0,Q018::5
Part3/outputs/answers_qwen25_7b.csv,answers_qwen25_7b,Q018,I,Things in a classroom,6,blackboard,blackboard,1,0,1,Q018::6
Part3/outputs/answers_qwen25_7b.csv,answers_qwen25_7b,Q018,I,Things in a classroom,7,interactboard,interactboard,1,0,1,Q018::7
Part3/outputs/answers_qwen25_7b.csv,answers_qwen25_7b,Q018,I,Things in a classroom,8,instructor,instructor,1,0,1,Q018::8
Part3/outputs/answers_qwen25_7b.csv,answers_qwen25_7b,Q018,I,Things in a classroom,9,interboard,interboard,0,0,0,Q018::9
Part3/outputs/answers_qwen25_7b.csv,answers_qwen25_7b,Q018,I,Things in a classroom,10,blackboard,blackboard,1,0,1,Q018::10
Part3/outputs/answers_qwen25_7b.csv,answers_qwen25_7b,Q018,I,Things in a classroom,11,interior,interior,0,0,0,Q018::11
Part3/outputs/answers_qwen25_7b.csv,answers_qwen25_7b,Q018,I,Things in a classroom,12,instruction desk,instruction desk,0,0,0,Q018::12
Part3/outputs/answers_qwen25_7b.csv,answers_qwen25_7b,Q018,I,Things in a classroom,13,interactboard,interactboard,1,0,1,Q018::13
Part3/outputs/answers_qwen25_7b.csv,answers_qwen25_7b,Q018,I,Things in a classroom,14,interactive whiteboard,interactive whiteboard,1,0,1,Q018::14
Part3/outputs/answers_qwen25_7b.csv,answers_qwen25_7b,Q018,I,Things in a classroom,15,interactive whiteboard,interactive whiteboard,1,0,1,Q018::15
Part3/outputs/answers_qwen25_7b.csv,answers_qwen25_7b,Q018,I,Things in a classroom,16,infinity chalkboard,infinity chalkboard,0,0,0,Q018::16
Part3/outputs/answers_qwen25_7b.csv,answers_qwen25_7b,Q018,I,Things in a classroom,17,instructor,instructor,1,0,1,Q018::17
Part3/outputs/answers_qwen25_7b.csv,answers_qwen25_7b,Q018,I,Things in a classroom,18,interior whiteboard,interior whiteboard,0,0,0,Q018::18
Part3/outputs/answers_qwen25_7b.csv,answers_qwen25_7b,Q018,I,Things in a classroom,19,instruction desk,instruction desk,0,0,0,Q018::19
Part3/outputs/answers_qwen25_7b.csv,answers_qwen25_7b,Q019,J,Car brands,0,jaguar,jaguar,1,1,0,Q019::0
Part3/outputs/answers_qwen25_7b.csv,answers_qwen25_7b,Q019,J,Car brands,1,jaguar,jaguar,1,1,0,Q019::1
Part3/outputs/answers_qwen25_7b.csv,answers_qwen25_7b,Q019,J,Car brands,2,jaguar,jaguar,1,1,0,Q019::2
Part3/outputs/answers_qwen25_7b.csv,answers_qwen25_7b,Q019,J,Car brands,3,jaguar,jaguar,1,1,0,Q019::3
Part3/outputs/answers_qwen25_7b.csv,answers_qwen25_7b,Q019,J,Car brands,4,jaguar,jaguar,1,1,0,Q019::4
Part3/outputs/answers_qwen25_7b.csv,answers_qwen25_7b,Q019,J,Car brands,5,jaguar,jaguar,1,1,0,Q019::5
Part3/outputs/answers_qwen25_7b.csv,answers_qwen25_7b,Q019,J,Car brands,6,jaguar,jaguar,1,1,0,Q019::6
Part3/outputs/answers_qwen25_7b.csv,answers_qwen25_7b,Q019,J,Car brands,7,jaguar,jaguar,1,1,0,Q019::7
Part3/outputs/answers_qwen25_7b.csv,answers_qwen25_7b,Q019,J,Car brands,8,jaguar,jaguar,1,1,0,Q019::8
Part3/outputs/answers_qwen25_7b.csv,answers_qwen25_7b,Q019,J,Car brands,9,jaguar,jaguar,1,1,0,Q019::9
Part3/outputs/answers_qwen25_7b.csv,answers_qwen25_7b,Q019,J,Car brands,10,jaguar,jaguar,1,1,0,Q019::10
Part3/outputs/answers_qwen25_7b.csv,answers_qwen25_7b,Q019,J,Car brands,11,jaguar,jaguar,1,1,0,Q019::11
Part3/outputs/answers_qwen25_7b.csv,answers_qwen25_7b,Q019,J,Car brands,12,jaguar,jaguar,1,1,0,Q019::12
Part3/outputs/answers_qwen25_7b.csv,answers_qwen25_7b,Q019,J,Car brands,13,jaguar,jaguar,1,1,0,Q019::13
Part3/outputs/answers_qwen25_7b.csv,answers_qwen25_7b,Q019,J,Car brands,14,jaguar,jaguar,1,1,0,Q019::14
Part3/outputs/answers_qwen25_7b.csv,answers_qwen25_7b,Q019,J,Car brands,15,jaguar,jaguar,1,1,0,Q019::15
Part3/outputs/answers_qwen25_7b.csv,answers_qwen25_7b,Q019,J,Car brands,16,jaguar,jaguar,1,1,0,Q019::16
Part3/outputs/answers_qwen25_7b.csv,answers_qwen25_7b,Q019,J,Car brands,17,jaguar,jaguar,1,1,0,Q019::17
Part3/outputs/answers_qwen25_7b.csv,answers_qwen25_7b,Q019,J,Car brands,18,jaguar,jaguar,1,1,0,Q019::18
Part3/outputs/answers_qwen25_7b.csv,answers_qwen25_7b,Q019,J,Car brands,19,jaguar,jaguar,1,1,0,Q019::19
Part3/outputs/answers_qwen25_7b.csv,answers_qwen25_7b,Q020,J,Video game titles,0,just dance,just dance,1,0,1,Q020::0
Part3/outputs/answers_qwen25_7b.csv,answers_qwen25_7b,Q020,J,Video game titles,1,journey to the center of the earth,journey to the center of the earth,0,0,0,Q020::1
Part3/outputs/answers_qwen25_7b.csv,answers_qwen25_7b,Q020,J,Video game titles,2,just dance,just dance,1,1,0,Q020::2
Part3/outputs/answers_qwen25_7b.csv,answers_qwen25_7b,Q020,J,Video game titles,3,journey to the center of the earth,journey to the center of the earth,0,0,0,Q020::3
Part3/outputs/answers_qwen25_7b.csv,answers_qwen25_7b,Q020,J,Video game titles,4,joust,joust,1,0,1,Q020::4
Part3/outputs/answers_qwen25_7b.csv,answers_qwen25_7b,Q020,J,Video game titles,5,jungle speed,jungle speed,0,0,0,Q020::5
Part3/outputs/answers_qwen25_7b.csv,answers_qwen25_7b,Q020,J,Video game titles,6,jungle hunt,jungle hunt,1,0,1,Q020::6
Part3/outputs/answers_qwen25_7b.csv,answers_qwen25_7b,Q020,J,Video game titles,7,just dance,just dance,1,0,1,Q020::7
Part3/outputs/answers_qwen25_7b.csv,answers_qwen25_7b,Q020,J,Video game titles,8,just dance,just dance,1,1,0,Q020::8
Part3/outputs/answers_qwen25_7b.csv,answers_qwen25_7b,Q020,J,Video game titles,9,journey to the center,journey to the center,0,0,0,Q020::9
Part3/outputs/answers_qwen25_7b.csv,answers_qwen25_7b,Q020,J,Video game titles,10,jungle hunt,jungle hunt,1,0,1,Q020::10
Part3/outputs/answers_qwen25_7b.csv,answers_qwen25_7b,Q020,J,Video game titles,11,just dance,just dance,1,1,0,Q020::11
Part3/outputs/answers_qwen25_7b.csv,answers_qwen25_7b,Q020,J,Video game titles,12,just dance,just dance,1,1,0,Q020::12
Part3/outputs/answers_qwen25_7b.csv,answers_qwen25_7b,Q020,J,Video game titles,13,journeyışıl,journeyışıl,0,0,0,Q020::13
Part3/outputs/answers_qwen25_7b.csv,answers_qwen25_7b,Q020,J,Video game titles,14,jungle hunt,jungle hunt,1,0,1,Q020::14
Part3/outputs/answers_qwen25_7b.csv,answers_qwen25_7b,Q020,J,Video game titles,15,just dance,just dance,1,1,0,Q020::15
Part3/outputs/answers_qwen25_7b.csv,answers_qwen25_7b,Q020,J,Video game titles,16,just dance,just dance,1,0,1,Q020::16
Part3/outputs/answers_qwen25_7b.csv,answers_qwen25_7b,Q020,J,Video game titles,17,just dance,just dance,1,1,0,Q020::17
Part3/outputs/answers_qwen25_7b.csv,answers_qwen25_7b,Q020,J,Video game titles,18,jousting champions,jousting champions,0,0,0,Q020::18
Part3/outputs/answers_qwen25_7b.csv,answers_qwen25_7b,Q020,J,Video game titles,19,journey to the center,journey to the center,0,0,0,Q020::19
Part3/outputs/answers_qwen25_7b.csv,answers_qwen25_7b,Q021,K,Superheroes,0,king kong,king kong,0,0,0,Q021::0
Part3/outputs/answers_qwen25_7b.csv,answers_qwen25_7b,Q021,K,Superheroes,1,kal-el,kal-el,1,1,0,Q021::1
Part3/outputs/answers_qwen25_7b.csv,answers_qwen25_7b,Q021,K,Superheroes,2,king kong,king kong,0,0,0,Q021::2
Part3/outputs/answers_qwen25_7b.csv,answers_qwen25_7b,Q021,K,Superheroes,3,kal-el,kal-el,1,1,0,Q021::3
Part3/outputs/answers_qwen25_7b.csv,answers_qwen25_7b,Q021,K,Superheroes,4,king kong,king kong,0,0,0,Q021::4
Part3/outputs/answers_qwen25_7b.csv,answers_qwen25_7b,Q021,K,Superheroes,5,kal-el,kal-el,1,1,0,Q021::5
Part3/outputs/answers_qwen25_7b.csv,answers_qwen25_7b,Q021,K,Superheroes,6,kal-el,kal-el,1,0,1,Q021::6
Part3/outputs/answers_qwen25_7b.csv,answers_qwen25_7b,Q021,K,Superheroes,7,king kong,king kong,0,0,0,Q021::7
Part3/outputs/answers_qwen25_7b.csv,answers_qwen25_7b,Q021,K,Superheroes,8,kal-eldar,kal-eldar,0,0,0,Q021::8
Part3/outputs/answers_qwen25_7b.csv,answers_qwen25_7b,Q021,K,Superheroes,9,kal-el,kal-el,1,1,0,Q021::9
Part3/outputs/answers_qwen25_7b.csv,answers_qwen25_7b,Q021,K,Superheroes,10,kal-el,kal-el,1,1,0,Q021::10
Part3/outputs/answers_qwen25_7b.csv,answers_qwen25_7b,Q021,K,Superheroes,11,kal-el,kal-el,1,0,1,Q021::11
Part3/outputs/answers_qwen25_7b.csv,answers_qwen25_7b,Q021,K,Superheroes,12,kal-el,kal-el,1,1,0,Q021::12
Part3/outputs/answers_qwen25_7b.csv,answers_qwen25_7b,Q021,K,Superheroes,13,kal-el,kal-el,1,0,1,Q021::13
Part3/outputs/answers_qwen25_7b.csv,answers_qwen25_7b,Q021,K,Superheroes,14,iron man,iron man,0,0,0,Q021::14
Part3/outputs/answers_qwen25_7b.csv,answers_qwen25_7b,Q021,K,Superheroes,15,kal-el,kal-el,1,0,1,Q021::15
Part3/outputs/answers_qwen25_7b.csv,answers_qwen25_7b,Q021,K,Superheroes,16,king kong,king kong,0,0,0,Q021::16
Part3/outputs/answers_qwen25_7b.csv,answers_qwen25_7b,Q021,K,Superheroes,17,kal--el,kal--el,1,0,1,Q021::17
Part3/outputs/answers_qwen25_7b.csv,answers_qwen25_7b,Q021,K,Superheroes,18,king kong,king kong,0,0,0,Q021::18
Part3/outputs/answers_qwen25_7b.csv,answers_qwen25_7b,Q021,K,Superheroes,19,kal-el,kal-el,1,0,1,Q021::19
Part3/outputs/answers_qwen25_7b.csv,answers_qwen25_7b,Q022,K,Things in a grocery store,0,kiwi,kiwi,1,0,1,Q022::0
Part3/outputs/answers_qwen25_7b.csv,answers_qwen25_7b,Q022,K,Things in a grocery store,1,ketchup,ketchup,1,1,0,Q022::1
Part3/outputs/answers_qwen25_7b.csv,answers_qwen25_7b,Q022,K,Things in a grocery store,2,ketchup,ketchup,1,1,0,Q022::2
Part3/outputs/answers_qwen25_7b.csv,answers_qwen25_7b,Q022,K,Things in a grocery store,3,kiwi,kiwi,1,1,0,Q022::3
Part3/outputs/answers_qwen25_7b.csv,answers_qwen25_7b,Q022,K,Things in a grocery store,4,kiwi,kiwi,1,0,1,Q022::4
Part3/outputs/answers_qwen25_7b.csv,answers_qwen25_7b,Q022,K,Things in a grocery store,5,ketchup,ketchup,1,0,1,Q022::5
Part3/outputs/answers_qwen25_7b.csv,answers_qwen25_7b,Q022,K,Things in a grocery store,6,kiwi,kiwi,1,0,1,Q022::6
Part3/outputs/answers_qwen25_7b.csv,answers_qwen25_7b,Q022,K,Things in a grocery store,7,kiwi,kiwi,1,1,0,Q022::7
Part3/outputs/answers_qwen25_7b.csv,answers_qwen25_7b,Q022,K,Things in a grocery store,8,kiwi,kiwi,1,0,1,Q022::8
Part3/outputs/answers_qwen25_7b.csv,answers_qwen25_7b,Q022,K,Things in a grocery store,9,kiwi,kiwi,1,1,0,Q022::9
Part3/outputs/answers_qwen25_7b.csv,answers_qwen25_7b,Q022,K,Things in a grocery store,10,kiwi,kiwi,1,1,0,Q022::10
Part3/outputs/answers_qwen25_7b.csv,answers_qwen25_7b,Q022,K,Things in a grocery store,11,kiwi,kiwi,1,1,0,Q022::11
Part3/outputs/answers_qwen25_7b.csv,answers_qwen25_7b,Q022,K,Things in a grocery store,12,kiwi,kiwi,1,1,0,Q022::12
Part3/outputs/answers_qwen25_7b.csv,answers_qwen25_7b,Q022,K,Things in a grocery store,13,ketchup,ketchup,1,0,1,Q022::13
Part3/outputs/answers_qwen25_7b.csv,answers_qwen25_7b,Q022,K,Things in a grocery store,14,kiwi,kiwi,1,0,1,Q022::14
Part3/outputs/answers_qwen25_7b.csv,answers_qwen25_7b,Q022,K,Things in a grocery store,15,kiwi,kiwi,1,1,0,Q022::15
Part3/outputs/answers_qwen25_7b.csv,answers_qwen25_7b,Q022,K,Things in a grocery store,16,kiwi,kiwi,1,0,1,Q022::16
Part3/outputs/answers_qwen25_7b.csv,answers_qwen25_7b,Q022,K,Things in a grocery store,17,ketchup,ketchup,1,1,0,Q022::17
Part3/outputs/answers_qwen25_7b.csv,answers_qwen25_7b,Q022,K,Things in a grocery store,18,kiwi,kiwi,1,0,1,Q022::18
Part3/outputs/answers_qwen25_7b.csv,answers_qwen25_7b,Q022,K,Things in a grocery store,19,kiwi,kiwi,1,1,0,Q022::19
Part3/outputs/answers_qwen25_7b.csv,answers_qwen25_7b,Q023,L,Dog breeds,0,labrador retriever,labrador retriever,1,1,0,Q023::0
Part3/outputs/answers_qwen25_7b.csv,answers_qwen25_7b,Q023,L,Dog breeds,1,labrador retriever,labrador retriever,1,1,0,Q023::1
Part3/outputs/answers_qwen25_7b.csv,answers_qwen25_7b,Q023,L,Dog breeds,2,labrador retriever,labrador retriever,1,1,0,Q023::2
Part3/outputs/answers_qwen25_7b.csv,answers_qwen25_7b,Q023,L,Dog breeds,3,labrador retriever,labrador retriever,1,1,0,Q023::3
Part3/outputs/answers_qwen25_7b.csv,answers_qwen25_7b,Q023,L,Dog breeds,4,labrador retriever,labrador retriever,1,1,0,Q023::4
Part3/outputs/answers_qwen25_7b.csv,answers_qwen25_7b,Q023,L,Dog breeds,5,labrador retriever,labrador retriever,1,1,0,Q023::5
Part3/outputs/answers_qwen25_7b.csv,answers_qwen25_7b,Q023,L,Dog breeds,6,labrador retriever,labrador retriever,1,1,0,Q023::6
Part3/outputs/answers_qwen25_7b.csv,answers_qwen25_7b,Q023,L,Dog breeds,7,labrador retriever,labrador retriever,1,1,0,Q023::7
Part3/outputs/answers_qwen25_7b.csv,answers_qwen25_7b,Q023,L,Dog breeds,8,labrador retriever,labrador retriever,1,1,0,Q023::8
Part3/outputs/answers_qwen25_7b.csv,answers_qwen25_7b,Q023,L,Dog breeds,9,labrador retriever,labrador retriever,1,1,0,Q023::9
Part3/outputs/answers_qwen25_7b.csv,answers_qwen25_7b,Q023,L,Dog breeds,10,labrador retriever,labrador retriever,1,1,0,Q023::10
Part3/outputs/answers_qwen25_7b.csv,answers_qwen25_7b,Q023,L,Dog breeds,11,labrador retriever,labrador retriever,1,1,0,Q023::11
Part3/outputs/answers_qwen25_7b.csv,answers_qwen25_7b,Q023,L,Dog breeds,12,labrador retriever,labrador retriever,1,1,0,Q023::12
Part3/outputs/answers_qwen25_7b.csv,answers_qwen25_7b,Q023,L,Dog breeds,13,labrador retriever,labrador retriever,1,1,0,Q023::13
Part3/outputs/answers_qwen25_7b.csv,answers_qwen25_7b,Q023,L,Dog breeds,14,labrador retriever,labrador retriever,1,1,0,Q023::14
Part3/outputs/answers_qwen25_7b.csv,answers_qwen25_7b,Q023,L,Dog breeds,15,labrador retriever,labrador retriever,1,1,0,Q023::15
Part3/outputs/answers_qwen25_7b.csv,answers_qwen25_7b,Q023,L,Dog breeds,16,labrador retriever,labrador retriever,1,1,0,Q023::16
Part3/outputs/answers_qwen25_7b.csv,answers_qwen25_7b,Q023,L,Dog breeds,17,labrador retriever,labrador retriever,1,1,0,Q023::17
Part3/outputs/answers_qwen25_7b.csv,answers_qwen25_7b,Q023,L,Dog breeds,18,labrador retriever,labrador retriever,1,1,0,Q023::18
Part3/outputs/answers_qwen25_7b.csv,answers_qwen25_7b,Q023,L,Dog breeds,19,labrador retriever,labrador retriever,1,1,0,Q023::19
Part3/outputs/answers_qwen25_7b.csv,answers_qwen25_7b,Q024,L,Books,0,lord of the rings,lord of the rings,1,0,1,Q024::0
Part3/outputs/answers_qwen25_7b.csv,answers_qwen25_7b,Q024,L,Books,1,lord of the rings,lord of the rings,1,1,0,Q024::1
Part3/outputs/answers_qwen25_7b.csv,answers_qwen25_7b,Q024,L,Books,2,lord of the flies,lord of the flies,1,0,1,Q024::2
Part3/outputs/answers_qwen25_7b.csv,answers_qwen25_7b,Q024,L,Books,3,lord of the rings,lord of the rings,1,1,0,Q024::3
Part3/outputs/answers_qwen25_7b.csv,answers_qwen25_7b,Q024,L,Books,4,lord of the rings,lord of the rings,1,0,1,Q024::4
Part3/outputs/answers_qwen25_7b.csv,answers_qwen25_7b,Q024,L,Books,5,lord of the rings,lord of the rings,1,1,0,Q024::5
Part3/outputs/answers_qwen25_7b.csv,answers_qwen25_7b,Q024,L,Books,6,lord of the flies,lord of the flies,1,0,1,Q024::6
Part3/outputs/answers_qwen25_7b.csv,answers_qwen25_7b,Q024,L,Books,7,lord of the rings,lord of the rings,1,0,1,Q024::7
Part3/outputs/answers_qwen25_7b.csv,answers_qwen25_7b,Q024,L,Books,8,lord of the rings,lord of the rings,1,0,1,Q024::8
Part3/outputs/answers_qwen25_7b.csv,answers_qwen25_7b,Q024,L,Books,9,lord of the rings,lord of the rings,1,1,0,Q024::9
Part3/outputs/answers_qwen25_7b.csv,answers_qwen25_7b,Q024,L,Books,10,lizenzia,lizenzia,0,0,0,Q024::10
Part3/outputs/answers_qwen25_7b.csv,answers_qwen25_7b,Q024,L,Books,11,lord of the flies,lord of the flies,1,0,1,Q024::11
Part3/outputs/answers_qwen25_7b.csv,answers_qwen25_7b,Q024,L,Books,12,lord of the rings,lord of the rings,1,1,0,Q024::12
Part3/outputs/answers_qwen25_7b.csv,answers_qwen25_7b,Q024,L,Books,13,lord of the rings,lord of the rings,1,1,0,Q024::13
Part3/outputs/answers_qwen25_7b.csv,answers_qwen25_7b,Q024,L,Books,14,lord of the rings,lord of the rings,1,1,0,Q024::14
Part3/outputs/answers_qwen25_7b.csv,answers_qwen25_7b,Q024,L,Books,15,lord of the rings,lord of the rings,1,1,0,Q024::15
Part3/outputs/answers_qwen25_7b.csv,answers_qwen25_7b,Q024,L,Books,16,lord of the rings,lord of the rings,1,1,0,Q024::16
Part3/outputs/answers_qwen25_7b.csv,answers_qwen25_7b,Q024,L,Books,17,lord of the rings,lord of the rings,1,1,0,Q024::17
Part3/outputs/answers_qwen25_7b.csv,answers_qwen25_7b,Q024,L,Books,18,lord of the flies,lord of the flies,1,0,1,Q024::18
Part3/outputs/answers_qwen25_7b.csv,answers_qwen25_7b,Q024,L,Books,19,lord of the rings,lord of the rings,1,1,0,Q024::19
Part3/outputs/answers_qwen25_7b.csv,answers_qwen25_7b,Q025,M,Languages,0,mongolian,mongolian,1,0,1,Q025::0
Part3/outputs/answers_qwen25_7b.csv,answers_qwen25_7b,Q025,M,Languages,1,mongolian,mongolian,1,0,1,Q025::1
Part3/outputs/answers_qwen25_7b.csv,answers_qwen25_7b,Q025,M,Languages,2,mandarin,mandarin,1,0,1,Q025::2
Part3/outputs/answers_qwen25_7b.csv,answers_qwen25_7b,Q025,M,Languages,3,spanish,spanish,0,0,0,Q025::3
Part3/outputs/answers_qwen25_7b.csv,answers_qwen25_7b,Q025,M,Languages,4,spanish,spanish,0,0,0,Q025::4
Part3/outputs/answers_qwen25_7b.csv,answers_qwen25_7b,Q025,M,Languages,5,mandarin,mandarin,1,1,0,Q025::5
Part3/outputs/answers_qwen25_7b.csv,answers_qwen25_7b,Q025,M,Languages,6,mandarin,mandarin,1,1,0,Q025::6
Part3/outputs/answers_qwen25_7b.csv,answers_qwen25_7b,Q025,M,Languages,7,mandarin,mandarin,1,1,0,Q025::7
Part3/outputs/answers_qwen25_7b.csv,answers_qwen25_7b,Q025,M,Languages,8,mongolian,mongolian,1,0,1,Q025::8
Part3/outputs/answers_qwen25_7b.csv,answers_qwen25_7b,Q025,M,Languages,9,spanish,spanish,0,0,0,Q025::9
Part3/outputs/answers_qwen25_7b.csv,answers_qwen25_7b,Q025,M,Languages,10,mongolian,mongolian,1,0,1,Q025::10
Part3/outputs/answers_qwen25_7b.csv,answers_qwen25_7b,Q025,M,Languages,11,mongolian,mongolian,1,0,1,Q025::11
Part3/outputs/answers_qwen25_7b.csv,answers_qwen25_7b,Q025,M,Languages,12,spanish,spanish,0,0,0,Q025::12
Part3/outputs/answers_qwen25_7b.csv,answers_qwen25_7b,Q025,M,Languages,13,mandarin,mandarin,1,0,1,Q025::13
Part3/outputs/answers_qwen25_7b.csv,answers_qwen25_7b,Q025,M,Languages,14,spanish,spanish,0,0,0,Q025::14
Part3/outputs/answers_qwen25_7b.csv,answers_qwen25_7b,Q025,M,Languages,15,mandarin,mandarin,1,0,1,Q025::15
Part3/outputs/answers_qwen25_7b.csv,answers_qwen25_7b,Q025,M,Languages,16,mongolian,mongolian,1,0,1,Q025::16
Part3/outputs/answers_qwen25_7b.csv,answers_qwen25_7b,Q025,M,Languages,17,mongolian,mongolian,1,0,1,Q025::17
Part3/outputs/answers_qwen25_7b.csv,answers_qwen25_7b,Q025,M,Languages,18,mandarin,mandarin,1,1,0,Q025::18
Part3/outputs/answers_qwen25_7b.csv,answers_qwen25_7b,Q025,M,Languages,19,mongolian,mongolian,1,0,1,Q025::19
Part3/outputs/answers_qwen25_7b.csv,answers_qwen25_7b,Q026,M,Clothing items,0,shirt,shirt,0,0,0,Q026::0
Part3/outputs/answers_qwen25_7b.csv,answers_qwen25_7b,Q026,M,Clothing items,1,mug,mug,0,0,0,Q026::1
Part3/outputs/answers_qwen25_7b.csv,answers_qwen25_7b,Q026,M,Clothing items,2,muffin,muffin,0,0,0,Q026::2
Part3/outputs/answers_qwen25_7b.csv,answers_qwen25_7b,Q026,M,Clothing items,3,mug,mug,0,0,0,Q026::3
Part3/outputs/answers_qwen25_7b.csv,answers_qwen25_7b,Q026,M,Clothing items,4,mug,mug,0,0,0,Q026::4
Part3/outputs/answers_qwen25_7b.csv,answers_qwen25_7b,Q026,M,Clothing items,5,mug,mug,0,0,0,Q026::5
Part3/outputs/answers_qwen25_7b.csv,answers_qwen25_7b,Q026,M,Clothing items,6,t-shirt,t-shirt,0,0,0,Q026::6
Part3/outputs/answers_qwen25_7b.csv,answers_qwen25_7b,Q026,M,Clothing items,7,mittens,mittens,1,0,1,Q026::7
Part3/outputs/answers_qwen25_7b.csv,answers_qwen25_7b,Q026,M,Clothing items,8,muffin,muffin,0,0,0,Q026::8
Part3/outputs/answers_qwen25_7b.csv,answers_qwen25_7b,Q026,M,Clothing items,9,muffin,muffin,0,0,0,Q026::9
Part3/outputs/answers_qwen25_7b.csv,answers_qwen25_7b,Q026,M,Clothing items,10,man's shirt,man's shirt,0,0,0,Q026::10
Part3/outputs/answers_qwen25_7b.csv,answers_qwen25_7b,Q026,M,Clothing items,11,mug,mug,0,0,0,Q026::11
Part3/outputs/answers_qwen25_7b.csv,answers_qwen25_7b,Q026,M,Clothing items,12,manchester,manchester,0,0,0,Q026::12
Part3/outputs/answers_qwen25_7b.csv,answers_qwen25_7b,Q026,M,Clothing items,13,mug,mug,0,0,0,Q026::13
Part3/outputs/answers_qwen25_7b.csv,answers_qwen25_7b,Q026,M,Clothing items,14,man's shirt,man's shirt,0,0,0,Q026::14
Part3/outputs/answers_qwen25_7b.csv,answers_qwen25_7b,Q026,M,Clothing items,15,mug,mug,0,0,0,Q026::15
Part3/outputs/answers_qwen25_7b.csv,answers_qwen25_7b,Q026,M,Clothing items,16,mug,mug,0,0,0,Q026::16
Part3/outputs/answers_qwen25_7b.csv,answers_qwen25_7b,Q026,M,Clothing items,17,mittens,mittens,1,0,1,Q026::17
Part3/outputs/answers_qwen25_7b.csv,answers_qwen25_7b,Q026,M,Clothing items,18,mug,mug,0,0,0,Q026::18
Part3/outputs/answers_qwen25_7b.csv,answers_qwen25_7b,Q026,M,Clothing items,19,mug,mug,0,0,0,Q026::19
Part3/outputs/answers_qwen25_7b.csv,answers_qwen25_7b,Q027,N,Birds,0,nightingale,nightingale,1,1,0,Q027::0
Part3/outputs/answers_qwen25_7b.csv,answers_qwen25_7b,Q027,N,Birds,1,nightingale,nightingale,1,1,0,Q027::1
Part3/outputs/answers_qwen25_7b.csv,answers_qwen25_7b,Q027,N,Birds,2,northern flicker,northern flicker,1,0,1,Q027::2
Part3/outputs/answers_qwen25_7b.csv,answers_qwen25_7b,Q027,N,Birds,3,norwegian blue,norwegian blue,0,0,0,Q027::3
Part3/outputs/answers_qwen25_7b.csv,answers_qwen25_7b,Q027,N,Birds,4,norwegian blue,norwegian blue,0,0,0,Q027::4
Part3/outputs/answers_qwen25_7b.csv,answers_qwen25_7b,Q027,N,Birds,5,northwestern crow,northwestern crow,1,0,1,Q027::5
Part3/outputs/answers_qwen25_7b.csv,answers_qwen25_7b,Q027,N,Birds,6,nightingale,nightingale,1,1,0,Q027::6
Part3/outputs/answers_qwen25_7b.csv,answers_qwen25_7b,Q027,N,Birds,7,nightingale,nightingale,1,1,0,Q027::7
Part3/outputs/answers_qwen25_7b.csv,answers_qwen25_7b,Q027,N,Birds,8,nightingale,nightingale,1,0,1,Q027::8
Part3/outputs/answers_qwen25_7b.csv,answers_qwen25_7b,Q027,N,Birds,9,nightingale,nightingale,1,1,0,Q027::9
Part3/outputs/answers_qwen25_7b.csv,answers_qwen25_7b,Q027,N,Birds,10,nightingale,nightingale,1,0,1,Q027::10
Part3/outputs/answers_qwen25_7b.csv,answers_qwen25_7b,Q027,N,Birds,11,norwegian blue,norwegian blue,0,0,0,Q027::11
Part3/outputs/answers_qwen25_7b.csv,answers_qwen25_7b,Q027,N,Birds,12,norwegian blue,norwegian blue,0,0,0,Q027::12
Part3/outputs/answers_qwen25_7b.csv,answers_qwen25_7b,Q027,N,Birds,13,nightingale,nightingale,1,1,0,Q027::13
Part3/outputs/answers_qwen25_7b.csv,answers_qwen25_7b,Q027,N,Birds,14,nightingale,nightingale,1,0,1,Q027::14
Part3/outputs/answers_qwen25_7b.csv,answers_qwen25_7b,Q027,N,Birds,15,nightingale,nightingale,1,0,1,Q027::15
Part3/outputs/answers_qwen25_7b.csv,answers_qwen25_7b,Q027,N,Birds,16,nightingale,nightingale,1,1,0,Q027::16
Part3/outputs/answers_qwen25_7b.csv,answers_qwen25_7b,Q027,N,Birds,17,nightingale,nightingale,1,1,0,Q027::17
Part3/outputs/answers_qwen25_7b.csv,answers_qwen25_7b,Q027,N,Birds,18,nightingale,nightingale,1,1,0,Q027::18
Part3/outputs/answers_qwen25_7b.csv,answers_qwen25_7b,Q027,N,Birds,19,nightingale,nightingale,1,1,0,Q027::19
Part3/outputs/answers_qwen25_7b.csv,answers_qwen25_7b,Q028,N,Things in a hospital,0,nurse,nurse,1,1,0,Q028::0
Part3/outputs/answers_qwen25_7b.csv,answers_qwen25_7b,Q028,N,Things in a hospital,1,nurse,nurse,1,1,0,Q028::1
Part3/outputs/answers_qwen25_7b.csv,answers_qwen25_7b,Q028,N,Things in a hospital,2,nurse,nurse,1,1,0,Q028::2
Part3/outputs/answers_qwen25_7b.csv,answers_qwen25_7b,Q028,N,Things in a hospital,3,nurse,nurse,1,1,0,Q028::3
Part3/outputs/answers_qwen25_7b.csv,answers_qwen25_7b,Q028,N,Things in a hospital,4,nurse,nurse,1,1,0,Q028::4
Part3/outputs/answers_qwen25_7b.csv,answers_qwen25_7b,Q028,N,Things in a hospital,5,nurse,nurse,1,1,0,Q028::5
Part3/outputs/answers_qwen25_7b.csv,answers_qwen25_7b,Q028,N,Things in a hospital,6,nurse,nurse,1,1,0,Q028::6
Part3/outputs/answers_qwen25_7b.csv,answers_qwen25_7b,Q028,N,Things in a hospital,7,nurse,nurse,1,1,0,Q028::7
Part3/outputs/answers_qwen25_7b.csv,answers_qwen25_7b,Q028,N,Things in a hospital,8,nurse,nurse,1,1,0,Q028::8
Part3/outputs/answers_qwen25_7b.csv,answers_qwen25_7b,Q028,N,Things in a hospital,9,nurse,nurse,1,1,0,Q028::9
Part3/outputs/answers_qwen25_7b.csv,answers_qwen25_7b,Q028,N,Things in a hospital,10,nurse,nurse,1,1,0,Q028::10
Part3/outputs/answers_qwen25_7b.csv,answers_qwen25_7b,Q028,N,Things in a hospital,11,nurse,nurse,1,1,0,Q028::11
Part3/outputs/answers_qwen25_7b.csv,answers_qwen25_7b,Q028,N,Things in a hospital,12,nurse,nurse,1,1,0,Q028::12
Part3/outputs/answers_qwen25_7b.csv,answers_qwen25_7b,Q028,N,Things in a hospital,13,nurse,nurse,1,1,0,Q028::13
Part3/outputs/answers_qwen25_7b.csv,answers_qwen25_7b,Q028,N,Things in a hospital,14,nurse,nurse,1,1,0,Q028::14
Part3/outputs/answers_qwen25_7b.csv,answers_qwen25_7b,Q028,N,Things in a hospital,15,nurse,nurse,1,1,0,Q028::15
Part3/outputs/answers_qwen25_7b.csv,answers_qwen25_7b,Q028,N,Things in a hospital,16,nurse,nurse,1,1,0,Q028::16
Part3/outputs/answers_qwen25_7b.csv,answers_qwen25_7b,Q028,N,Things in a hospital,17,nurse,nurse,1,1,0,Q028::17
Part3/outputs/answers_qwen25_7b.csv,answers_qwen25_7b,Q028,N,Things in a hospital,18,nurse,nurse,1,1,0,Q028::18
Part3/outputs/answers_qwen25_7b.csv,answers_qwen25_7b,Q028,N,Things in a hospital,19,nurse,nurse,1,1,0,Q028::19
Part3/outputs/answers_qwen25_7b.csv,answers_qwen25_7b,Q029,O,Companies,0,oracle,oracle,1,1,0,Q029::0
Part3/outputs/answers_qwen25_7b.csv,answers_qwen25_7b,Q029,O,Companies,1,oracle,oracle,1,1,0,Q029::1
Part3/outputs/answers_qwen25_7b.csv,answers_qwen25_7b,Q029,O,Companies,2,office depot,office depot,1,0,1,Q029::2
Part3/outputs/answers_qwen25_7b.csv,answers_qwen25_7b,Q029,O,Companies,3,oracle,oracle,1,1,0,Q029::3
Part3/outputs/answers_qwen25_7b.csv,answers_qwen25_7b,Q029,O,Companies,4,oracle,oracle,1,1,0,Q029::4
Part3/outputs/answers_qwen25_7b.csv,answers_qwen25_7b,Q029,O,Companies,5,oracle,oracle,1,1,0,Q029::5
Part3/outputs/answers_qwen25_7b.csv,answers_qwen25_7b,Q029,O,Companies,6,oracle,oracle,1,1,0,Q029::6
Part3/outputs/answers_qwen25_7b.csv,answers_qwen25_7b,Q029,O,Companies,7,oracle,oracle,1,1,0,Q029::7
Part3/outputs/answers_qwen25_7b.csv,answers_qwen25_7b,Q029,O,Companies,8,oracle,oracle,1,1,0,Q029::8
Part3/outputs/answers_qwen25_7b.csv,answers_qwen25_7b,Q029,O,Companies,9,oracle,oracle,1,0,1,Q029::9
Part3/outputs/answers_qwen25_7b.csv,answers_qwen25_7b,Q029,O,Companies,10,office depot,office depot,1,0,1,Q029::10
Part3/outputs/answers_qwen25_7b.csv,answers_qwen25_7b,Q029,O,Companies,11,oracle,oracle,1,0,1,Q029::11
Part3/outputs/answers_qwen25_7b.csv,answers_qwen25_7b,Q029,O,Companies,12,oracle,oracle,1,1,0,Q029::12
Part3/outputs/answers_qwen25_7b.csv,answers_qwen25_7b,Q029,O,Companies,13,office depot,office depot,1,0,1,Q029::13
Part3/outputs/answers_qwen25_7b.csv,answers_qwen25_7b,Q029,O,Companies,14,oracle,oracle,1,1,0,Q029::14
Part3/outputs/answers_qwen25_7b.csv,answers_qwen25_7b,Q029,O,Companies,15,oracle,oracle,1,1,0,Q029::15
Part3/outputs/answers_qwen25_7b.csv,answers_qwen25_7b,Q029,O,Companies,16,oracle,oracle,1,0,1,Q029::16
Part3/outputs/answers_qwen25_7b.csv,answers_qwen25_7b,Q029,O,Companies,17,oracle,oracle,1,1,0,Q029::17
Part3/outputs/answers_qwen25_7b.csv,answers_qwen25_7b,Q029,O,Companies,18,oracle,oracle,1,1,0,Q029::18
Part3/outputs/answers_qwen25_7b.csv,answers_qwen25_7b,Q029,O,Companies,19,oracle,oracle,1,1,0,Q029::19
Part3/outputs/answers_qwen25_7b.csv,answers_qwen25_7b,Q030,O,Things in the sky,0,clouds,clouds,0,0,0,Q030::0
Part3/outputs/answers_qwen25_7b.csv,answers_qwen25_7b,Q030,O,Things in the sky,1,cloud,cloud,0,0,0,Q030::1
Part3/outputs/answers_qwen25_7b.csv,answers_qwen25_7b,Q030,O,Things in the sky,2,clouds,clouds,0,0,0,Q030::2
Part3/outputs/answers_qwen25_7b.csv,answers_qwen25_7b,Q030,O,Things in the sky,3,cloud,cloud,0,0,0,Q030::3
Part3/outputs/answers_qwen25_7b.csv,answers_qwen25_7b,Q030,O,Things in the sky,4,cloud,cloud,0,0,0,Q030::4
Part3/outputs/answers_qwen25_7b.csv,answers_qwen25_7b,Q030,O,Things in the sky,5,clouds,clouds,0,0,0,Q030::5
Part3/outputs/answers_qwen25_7b.csv,answers_qwen25_7b,Q030,O,Things in the sky,6,clouds,clouds,0,0,0,Q030::6
Part3/outputs/answers_qwen25_7b.csv,answers_qwen25_7b,Q030,O,Things in the sky,7,clouds,clouds,0,0,0,Q030::7
Part3/outputs/answers_qwen25_7b.csv,answers_qwen25_7b,Q030,O,Things in the sky,8,cloud,cloud,0,0,0,Q030::8
Part3/outputs/answers_qwen25_7b.csv,answers_qwen25_7b,Q030,O,Things in the sky,9,cloud,cloud,0,0,0,Q030::9
Part3/outputs/answers_qwen25_7b.csv,answers_qwen25_7b,Q030,O,Things in the sky,10,cloud,cloud,0,0,0,Q030::10
Part3/outputs/answers_qwen25_7b.csv,answers_qwen25_7b,Q030,O,Things in the sky,11,clouds,clouds,0,0,0,Q030::11
Part3/outputs/answers_qwen25_7b.csv,answers_qwen25_7b,Q030,O,Things in the sky,12,clouds,clouds,0,0,0,Q030::12
Part3/outputs/answers_qwen25_7b.csv,answers_qwen25_7b,Q030,O,Things in the sky,13,cloud,cloud,0,0,0,Q030::13
Part3/outputs/answers_qwen25_7b.csv,answers_qwen25_7b,Q030,O,Things in the sky,14,clouds,clouds,0,0,0,Q030::14
Part3/outputs/answers_qwen25_7b.csv,answers_qwen25_7b,Q030,O,Things in the sky,15,cloud,cloud,0,0,0,Q030::15
Part3/outputs/answers_qwen25_7b.csv,answers_qwen25_7b,Q030,O,Things in the sky,16,clouds,clouds,0,0,0,Q030::16
Part3/outputs/answers_qwen25_7b.csv,answers_qwen25_7b,Q030,O,Things in the sky,17,cloud,cloud,0,0,0,Q030::17
Part3/outputs/answers_qwen25_7b.csv,answers_qwen25_7b,Q030,O,Things in the sky,18,cloud,cloud,0,0,0,Q030::18
Part3/outputs/answers_qwen25_7b.csv,answers_qwen25_7b,Q030,O,Things in the sky,19,cloud,cloud,0,0,0,Q030::19
Part3/outputs/answers_qwen25_7b.csv,answers_qwen25_7b,Q031,P,Vegetables,0,potato,potato,1,1,0,Q031::0
Part3/outputs/answers_qwen25_7b.csv,answers_qwen25_7b,Q031,P,Vegetables,1,potato,potato,1,1,0,Q031::1
Part3/outputs/answers_qwen25_7b.csv,answers_qwen25_7b,Q031,P,Vegetables,2,potato,potato,1,0,1,Q031::2
Part3/outputs/answers_qwen25_7b.csv,answers_qwen25_7b,Q031,P,Vegetables,3,potato,potato,1,1,0,Q031::3
Part3/outputs/answers_qwen25_7b.csv,answers_qwen25_7b,Q031,P,Vegetables,4,pepper,pepper,1,0,1,Q031::4
Part3/outputs/answers_qwen25_7b.csv,answers_qwen25_7b,Q031,P,Vegetables,5,pepper,pepper,1,1,0,Q031::5
Part3/outputs/answers_qwen25_7b.csv,answers_qwen25_7b,Q031,P,Vegetables,6,potato,potato,1,0,1,Q031::6
Part3/outputs/answers_qwen25_7b.csv,answers_qwen25_7b,Q031,P,Vegetables,7,potato,potato,1,0,1,Q031::7
Part3/outputs/answers_qwen25_7b.csv,answers_qwen25_7b,Q031,P,Vegetables,8,potato,potato,1,1,0,Q031::8
Part3/outputs/answers_qwen25_7b.csv,answers_qwen25_7b,Q031,P,Vegetables,9,potato,potato,1,0,1,Q031::9
Part3/outputs/answers_qwen25_7b.csv,answers_qwen25_7b,Q031,P,Vegetables,10,potato,potato,1,1,0,Q031::10
Part3/outputs/answers_qwen25_7b.csv,answers_qwen25_7b,Q031,P,Vegetables,11,pepper,pepper,1,0,1,Q031::11
Part3/outputs/answers_qwen25_7b.csv,answers_qwen25_7b,Q031,P,Vegetables,12,potato,potato,1,0,1,Q031::12
Part3/outputs/answers_qwen25_7b.csv,answers_qwen25_7b,Q031,P,Vegetables,13,potato,potato,1,1,0,Q031::13
Part3/outputs/answers_qwen25_7b.csv,answers_qwen25_7b,Q031,P,Vegetables,14,pepper,pepper,1,0,1,Q031::14
Part3/outputs/answers_qwen25_7b.csv,answers_qwen25_7b,Q031,P,Vegetables,15,potato,potato,1,1,0,Q031::15
Part3/outputs/answers_qwen25_7b.csv,answers_qwen25_7b,Q031,P,Vegetables,16,potato,potato,1,1,0,Q031::16
Part3/outputs/answers_qwen25_7b.csv,answers_qwen25_7b,Q031,P,Vegetables,17,pepper,pepper,1,0,1,Q031::17
Part3/outputs/answers_qwen25_7b.csv,answers_qwen25_7b,Q031,P,Vegetables,18,pepper,pepper,1,0,1,Q031::18
Part3/outputs/answers_qwen25_7b.csv,answers_qwen25_7b,Q031,P,Vegetables,19,potato,potato,1,1,0,Q031::19
Part3/outputs/answers_qwen25_7b.csv,answers_qwen25_7b,Q032,P,Historical figures,0,peter the great,peter the great,1,0,1,Q032::0
Part3/outputs/answers_qwen25_7b.csv,answers_qwen25_7b,Q032,P,Historical figures,1,peter the great,peter the great,1,0,1,Q032::1
Part3/outputs/answers_qwen25_7b.csv,answers_qwen25_7b,Q032,P,Historical figures,2,plato,plato,1,0,1,Q032::2
Part3/outputs/answers_qwen25_7b.csv,answers_qwen25_7b,Q032,P,Historical figures,3,peter the great,peter the great,1,1,0,Q032::3
Part3/outputs/answers_qwen25_7b.csv,answers_qwen25_7b,Q032,P,Historical figures,4,pompey,pompey,1,0,1,Q032::4
Part3/outputs/answers_qwen25_7b.csv,answers_qwen25_7b,Q032,P,Historical figures,5,peter the great,peter the great,1,1,0,Q032::5
Part3/outputs/answers_qwen25_7b.csv,answers_qwen25_7b,Q032,P,Historical figures,6,plato,plato,1,0,1,Q032::6
Part3/outputs/answers_qwen25_7b.csv,answers_qwen25_7b,Q032,P,Historical figures,7,pythagoras,pythagoras,1,0,1,Q032::7
Part3/outputs/answers_qwen25_7b.csv,answers_qwen25_7b,Q032,P,Historical figures,8,peter the great,peter the great,1,0,1,Q032::8
Part3/outputs/answers_qwen25_7b.csv,answers_qwen25_7b,Q032,P,Historical figures,9,pythagoras,pythagoras,1,0,1,Q032::9
Part3/outputs/answers_qwen25_7b.csv,answers_qwen25_7b,Q032,P,Historical figures,10,plato,plato,1,1,0,Q032::10
Part3/outputs/answers_qwen25_7b.csv,answers_qwen25_7b,Q032,P,Historical figures,11,plato,plato,1,1,0,Q032::11
Part3/outputs/answers_qwen25_7b.csv,answers_qwen25_7b,Q032,P,Historical figures,12,plato,plato,1,0,1,Q032::12
Part3/outputs/answers_qwen25_7b.csv,answers_qwen25_7b,Q032,P,Historical figures,13,peter the great,peter the great,1,0,1,Q032::13
Part3/outputs/answers_qwen25_7b.csv,answers_qwen25_7b,Q032,P,Historical figures,14,plato,plato,1,0,1,Q032::14
Part3/outputs/answers_qwen25_7b.csv,answers_qwen25_7b,Q032,P,Historical figures,15,peter the great,peter the great,1,1,0,Q032::15
Part3/outputs/answers_qwen25_7b.csv,answers_qwen25_7b,Q032,P,Historical figures,16,pompey,pompey,1,0,1,Q032::16
Part3/outputs/answers_qwen25_7b.csv,answers_qwen25_7b,Q032,P,Historical figures,17,pompey,pompey,1,0,1,Q032::17
Part3/outputs/answers_qwen25_7b.csv,answers_qwen25_7b,Q032,P,Historical figures,18,paul revere,paul revere,1,0,1,Q032::18
Part3/outputs/answers_qwen25_7b.csv,answers_qwen25_7b,Q032,P,Historical figures,19,peter the great,peter the great,1,0,1,Q032::19
Part3/outputs/answers_qwen25_7b.csv,answers_qwen25_7b,Q033,Q,Words in English,0,quilt,quilt,1,0,1,Q033::0
Part3/outputs/answers_qwen25_7b.csv,answers_qwen25_7b,Q033,Q,Words in English,1,quilt,quilt,1,0,1,Q033::1
Part3/outputs/answers_qwen25_7b.csv,answers_qwen25_7b,Q033,Q,Words in English,2,quill,quill,1,0,1,Q033::2
Part3/outputs/answers_qwen25_7b.csv,answers_qwen25_7b,Q033,Q,Words in English,3,quilt,quilt,1,0,1,Q033::3
Part3/outputs/answers_qwen25_7b.csv,answers_qwen25_7b,Q033,Q,Words in English,4,quill,quill,1,1,0,Q033::4
Part3/outputs/answers_qwen25_7b.csv,answers_qwen25_7b,Q033,Q,Words in English,5,queen,queen,1,0,1,Q033::5
Part3/outputs/answers_qwen25_7b.csv,answers_qwen25_7b,Q033,Q,Words in English,6,queen,queen,1,1,0,Q033::6
Part3/outputs/answers_qwen25_7b.csv,answers_qwen25_7b,Q033,Q,Words in English,7,quilt,quilt,1,0,1,Q033::7
Part3/outputs/answers_qwen25_7b.csv,answers_qwen25_7b,Q033,Q,Words in English,8,quilt,quilt,1,0,1,Q033::8
Part3/outputs/answers_qwen25_7b.csv,answers_qwen25_7b,Q033,Q,Words in English,9,quill,quill,1,0,1,Q033::9
Part3/outputs/answers_qwen25_7b.csv,answers_qwen25_7b,Q033,Q,Words in English,10,quilt,quilt,1,1,0,Q033::10
Part3/outputs/answers_qwen25_7b.csv,answers_qwen25_7b,Q033,Q,Words in English,11,quilt,quilt,1,1,0,Q033::11
Part3/outputs/answers_qwen25_7b.csv,answers_qwen25_7b,Q033,Q,Words in English,12,quilt,quilt,1,1,0,Q033::12
Part3/outputs/answers_qwen25_7b.csv,answers_qwen25_7b,Q033,Q,Words in English,13,quilt,quilt,1,0,1,Q033::13
Part3/outputs/answers_qwen25_7b.csv,answers_qwen25_7b,Q033,Q,Words in English,14,quartz,quartz,1,0,1,Q033::14
Part3/outputs/answers_qwen25_7b.csv,answers_qwen25_7b,Q033,Q,Words in English,15,quill,quill,1,0,1,Q033::15
Part3/outputs/answers_qwen25_7b.csv,answers_qwen25_7b,Q033,Q,Words in English,16,quilt,quilt,1,0,1,Q033::16
Part3/outputs/answers_qwen25_7b.csv,answers_qwen25_7b,Q033,Q,Words in English,17,quilt,quilt,1,0,1,Q033::17
Part3/outputs/answers_qwen25_7b.csv,answers_qwen25_7b,Q033,Q,Words in English,18,quilt,quilt,1,0,1,Q033::18
Part3/outputs/answers_qwen25_7b.csv,answers_qwen25_7b,Q033,Q,Words in English,19,quilt,quilt,1,1,0,Q033::19
Part3/outputs/answers_qwen25_7b.csv,answers_qwen25_7b,Q034,Q,Fictional characters,0,quasimodo,quasimodo,1,0,1,Q034::0
Part3/outputs/answers_qwen25_7b.csv,answers_qwen25_7b,Q034,Q,Fictional characters,1,quasimodo,quasimodo,1,1,0,Q034::1
Part3/outputs/answers_qwen25_7b.csv,answers_qwen25_7b,Q034,Q,Fictional characters,2,quasimodo,quasimodo,1,1,0,Q034::2
Part3/outputs/answers_qwen25_7b.csv,answers_qwen25_7b,Q034,Q,Fictional characters,3,quasimodo,quasimodo,1,1,0,Q034::3
Part3/outputs/answers_qwen25_7b.csv,answers_qwen25_7b,Q034,Q,Fictional characters,4,quasimodo,quasimodo,1,1,0,Q034::4
Part3/outputs/answers_qwen25_7b.csv,answers_qwen25_7b,Q034,Q,Fictional characters,5,queen,queen,0,0,0,Q034::5
Part3/outputs/answers_qwen25_7b.csv,answers_qwen25_7b,Q034,Q,Fictional characters,6,quasimodo,quasimodo,1,1,0,Q034::6
Part3/outputs/answers_qwen25_7b.csv,answers_qwen25_7b,Q034,Q,Fictional characters,7,quasimodo,quasimodo,1,1,0,Q034::7
Part3/outputs/answers_qwen25_7b.csv,answers_qwen25_7b,Q034,Q,Fictional characters,8,quasimodo,quasimodo,1,1,0,Q034::8
Part3/outputs/answers_qwen25_7b.csv,answers_qwen25_7b,Q034,Q,Fictional characters,9,quasimodo,quasimodo,1,1,0,Q034::9
Part3/outputs/answers_qwen25_7b.csv,answers_qwen25_7b,Q034,Q,Fictional characters,10,quasimodo,quasimodo,1,1,0,Q034::10
Part3/outputs/answers_qwen25_7b.csv,answers_qwen25_7b,Q034,Q,Fictional characters,11,quasimodo,quasimodo,1,1,0,Q034::11
Part3/outputs/answers_qwen25_7b.csv,answers_qwen25_7b,Q034,Q,Fictional characters,12,quasimodo,quasimodo,1,1,0,Q034::12
Part3/outputs/answers_qwen25_7b.csv,answers_qwen25_7b,Q034,Q,Fictional characters,13,quasimodo,quasimodo,1,1,0,Q034::13
Part3/outputs/answers_qwen25_7b.csv,answers_qwen25_7b,Q034,Q,Fictional characters,14,quasimodo,quasimodo,1,1,0,Q034::14
Part3/outputs/answers_qwen25_7b.csv,answers_qwen25_7b,Q034,Q,Fictional characters,15,quasimodo,quasimodo,1,1,0,Q034::15
Part3/outputs/answers_qwen25_7b.csv,answers_qwen25_7b,Q034,Q,Fictional characters,16,quasimodo,quasimodo,1,1,0,Q034::16
Part3/outputs/answers_qwen25_7b.csv,answers_qwen25_7b,Q034,Q,Fictional characters,17,quasimodo,quasimodo,1,1,0,Q034::17
Part3/outputs/answers_qwen25_7b.csv,answers_qwen25_7b,Q034,Q,Fictional characters,18,quasimodo,quasimodo,1,1,0,Q034::18
Part3/outputs/answers_qwen25_7b.csv,answers_qwen25_7b,Q034,Q,Fictional characters,19,quasimodo,quasimodo,1,1,0,Q034::19
Part3/outputs/answers_qwen25_7b.csv,answers_qwen25_7b,Q035,R,Songs,0,rhythm of the rain,rhythm of the rain,1,0,1,Q035::0
Part3/outputs/answers_qwen25_7b.csv,answers_qwen25_7b,Q035,R,Songs,1,raindrops keep falling on my head,raindrops keep falling on my head,0,0,0,Q035::1
Part3/outputs/answers_qwen25_7b.csv,answers_qwen25_7b,Q035,R,Songs,2,raindrops keep falling on my head,raindrops keep falling on my head,0,0,0,Q035::2
Part3/outputs/answers_qwen25_7b.csv,answers_qwen25_7b,Q035,R,Songs,3,rhythm of the rain,rhythm of the rain,1,0,1,Q035::3
Part3/outputs/answers_qwen25_7b.csv,answers_qwen25_7b,Q035,R,Songs,4,radio heltGameOver,radio heltgameover,0,0,0,Q035::4
Part3/outputs/answers_qwen25_7b.csv,answers_qwen25_7b,Q035,R,Songs,5,rolling in the deep,rolling in the deep,0,0,0,Q035::5
Part3/outputs/answers_qwen25_7b.csv,answers_qwen25_7b,Q035,R,Songs,6,rhythm of the rain,rhythm of the rain,1,0,1,Q035::6
Part3/outputs/answers_qwen25_7b.csv,answers_qwen25_7b,Q035,R,Songs,7,red red wine,red red wine,0,0,0,Q035::7
Part3/outputs/answers_qwen25_7b.csv,answers_qwen25_7b,Q035,R,Songs,8,raindrops keep falling on my head,raindrops keep falling on my head,0,0,0,Q035::8
Part3/outputs/answers_qwen25_7b.csv,answers_qwen25_7b,Q035,R,Songs,9,ray of sunshine,ray of sunshine,0,0,0,Q035::9
Part3/outputs/answers_qwen25_7b.csv,answers_qwen25_7b,Q035,R,Songs,10,raindrops keep falling on my head,raindrops keep falling on my head,0,0,0,Q035::10
Part3/outputs/answers_qwen25_7b.csv,answers_qwen25_7b,Q035,R,Songs,11,radiohead,radiohead,0,0,0,Q035::11
Part3/outputs/answers_qwen25_7b.csv,answers_qwen25_7b,Q035,R,Songs,12,raining in spain,raining in spain,0,0,0,Q035::12
Part3/outputs/answers_qwen25_7b.csv,answers_qwen25_7b,Q035,R,Songs,13,raining balloons,raining balloons,0,0,0,Q035::13
Part3/outputs/answers_qwen25_7b.csv,answers_qwen25_7b,Q035,R,Songs,14,raindrops keep falling on my head,raindrops keep falling on my head,0,0,0,Q035::14
Part3/outputs/answers_qwen25_7b.csv,answers_qwen25_7b,Q035,R,Songs,15,radiohead,radiohead,0,0,0,Q035::15
Part3/outputs/answers_qwen25_7b.csv,answers_qwen25_7b,Q035,R,Songs,16,radiohead,radiohead,0,0,0,Q035::16
Part3/outputs/answers_qwen25_7b.csv,answers_qwen25_7b,Q035,R,Songs,17,rhythm of the rain,rhythm of the rain,1,0,1,Q035::17
Part3/outputs/answers_qwen25_7b.csv,answers_qwen25_7b,Q035,R,Songs,18,rhythm of the rain,rhythm of the rain,1,0,1,Q035::18
Part3/outputs/answers_qwen25_7b.csv,answers_qwen25_7b,Q035,R,Songs,19,radiohead,radiohead,0,0,0,Q035::19
Part3/outputs/answers_qwen25_7b.csv,answers_qwen25_7b,Q036,R,Tools,0,pliers,pliers,0,0,0,Q036::0
Part3/outputs/answers_qwen25_7b.csv,answers_qwen25_7b,Q036,R,Tools,1,rubberiska,rubberiska,0,0,0,Q036::1
Part3/outputs/answers_qwen25_7b.csv,answers_qwen25_7b,Q036,R,Tools,2,rubber mitt,rubber mitt,0,0,0,Q036::2
Part3/outputs/answers_qwen25_7b.csv,answers_qwen25_7b,Q036,R,Tools,3,razor,razor,1,0,1,Q036::3
Part3/outputs/answers_qwen25_7b.csv,answers_qwen25_7b,Q036,R,Tools,4,razor,razor,1,1,0,Q036::4
Part3/outputs/answers_qwen25_7b.csv,answers_qwen25_7b,Q036,R,Tools,5,rake,rake,1,0,1,Q036::5
Part3/outputs/answers_qwen25_7b.csv,answers_qwen25_7b,Q036,R,Tools,6,rubber gloves,rubber gloves,0,0,0,Q036::6
Part3/outputs/answers_qwen25_7b.csv,answers_qwen25_7b,Q036,R,Tools,7,rubber,rubber,0,0,0,Q036::7
Part3/outputs/answers_qwen25_7b.csv,answers_qwen25_7b,Q036,R,Tools,8,rake,rake,1,0,1,Q036::8
Part3/outputs/answers_qwen25_7b.csv,answers_qwen25_7b,Q036,R,Tools,9,razor,razor,1,0,1,Q036::9
Part3/outputs/answers_qwen25_7b.csv,answers_qwen25_7b,Q036,R,Tools,10,razor,razor,1,0,1,Q036::10
Part3/outputs/answers_qwen25_7b.csv,answers_qwen25_7b,Q036,R,Tools,11,rake,rake,1,0,1,Q036::11
Part3/outputs/answers_qwen25_7b.csv,answers_qwen25_7b,Q036,R,Tools,12,rubber,rubber,0,0,0,Q036::12
Part3/outputs/answers_qwen25_7b.csv,answers_qwen25_7b,Q036,R,Tools,13,rake,rake,1,0,1,Q036::13
Part3/outputs/answers_qwen25_7b.csv,answers_qwen25_7b,Q036,R,Tools,14,rake,rake,1,1,0,Q036::14
Part3/outputs/answers_qwen25_7b.csv,answers_qwen25_7b,Q036,R,Tools,15,razor,razor,1,1,0,Q036::15
Part3/outputs/answers_qwen25_7b.csv,answers_qwen25_7b,Q036,R,Tools,16,rubber mallet,rubber mallet,1,0,1,Q036::16
Part3/outputs/answers_qwen25_7b.csv,answers_qwen25_7b,Q036,R,Tools,17,rubber,rubber,0,0,0,Q036::17
Part3/outputs/answers_qwen25_7b.csv,answers_qwen25_7b,Q036,R,Tools,18,rubber,rubber,0,0,0,Q036::18
Part3/outputs/answers_qwen25_7b.csv,answers_qwen25_7b,Q036,R,Tools,19,rake,rake,1,0,1,Q036::19
Part3/outputs/answers_qwen25_7b.csv,answers_qwen25_7b,Q037,S,Animals,0,squirrel,squirrel,1,0,1,Q037::0
Part3/outputs/answers_qwen25_7b.csv,answers_qwen25_7b,Q037,S,Animals,1,snake,snake,1,1,0,Q037::1
Part3/outputs/answers_qwen25_7b.csv,answers_qwen25_7b,Q037,S,Animals,2,snake,snake,1,0,1,Q037::2
Part3/outputs/answers_qwen25_7b.csv,answers_qwen25_7b,Q037,S,Animals,3,snail,snail,1,0,1,Q037::3
Part3/outputs/answers_qwen25_7b.csv,answers_qwen25_7b,Q037,S,Animals,4,snail,snail,1,0,1,Q037::4
Part3/outputs/answers_qwen25_7b.csv,answers_qwen25_7b,Q037,S,Animals,5,snake,snake,1,0,1,Q037::5
Part3/outputs/answers_qwen25_7b.csv,answers_qwen25_7b,Q037,S,Animals,6,squirrel,squirrel,1,0,1,Q037::6
Part3/outputs/answers_qwen25_7b.csv,answers_qwen25_7b,Q037,S,Animals,7,snail,snail,1,0,1,Q037::7
Part3/outputs/answers_qwen25_7b.csv,answers_qwen25_7b,Q037,S,Animals,8,snail,snail,1,0,1,Q037::8
Part3/outputs/answers_qwen25_7b.csv,answers_qwen25_7b,Q037,S,Animals,9,squirrel,squirrel,1,0,1,Q037::9
Part3/outputs/answers_qwen25_7b.csv,answers_qwen25_7b,Q037,S,Animals,10,snake,snake,1,0,1,Q037::10
Part3/outputs/answers_qwen25_7b.csv,answers_qwen25_7b,Q037,S,Animals,11,squirrel,squirrel,1,1,0,Q037::11
Part3/outputs/answers_qwen25_7b.csv,answers_qwen25_7b,Q037,S,Animals,12,snake,snake,1,0,1,Q037::12
Part3/outputs/answers_qwen25_7b.csv,answers_qwen25_7b,Q037,S,Animals,13,seal,seal,1,0,1,Q037::13
Part3/outputs/answers_qwen25_7b.csv,answers_qwen25_7b,Q037,S,Animals,14,snake,snake,1,0,1,Q037::14
Part3/outputs/answers_qwen25_7b.csv,answers_qwen25_7b,Q037,S,Animals,15,snake,snake,1,0,1,Q037::15
Part3/outputs/answers_qwen25_7b.csv,answers_qwen25_7b,Q037,S,Animals,16,squirrel,squirrel,1,1,0,Q037::16
Part3/outputs/answers_qwen25_7b.csv,answers_qwen25_7b,Q037,S,Animals,17,snake,snake,1,1,0,Q037::17
Part3/outputs/answers_qwen25_7b.csv,answers_qwen25_7b,Q037,S,Animals,18,snake,snake,1,0,1,Q037::18
Part3/outputs/answers_qwen25_7b.csv,answers_qwen25_7b,Q037,S,Animals,19,snake,snake,1,0,1,Q037::19
Part3/outputs/answers_qwen25_7b.csv,answers_qwen25_7b,Q038,S,Things in an office,0,sofa,sofa,0,0,0,Q038::0
Part3/outputs/answers_qwen25_7b.csv,answers_qwen25_7b,Q038,S,Things in an office,1,scanner,scanner,1,0,1,Q038::1
Part3/outputs/answers_qwen25_7b.csv,answers_qwen25_7b,Q038,S,Things in an office,2,server,server,1,0,1,Q038::2
Part3/outputs/answers_qwen25_7b.csv,answers_qwen25_7b,Q038,S,Things in an office,3,scissors,scissors,1,0,1,Q038::3
Part3/outputs/answers_qwen25_7b.csv,answers_qwen25_7b,Q038,S,Things in an office,4,stapler,stapler,1,0,1,Q038::4
Part3/outputs/answers_qwen25_7b.csv,answers_qwen25_7b,Q038,S,Things in an office,5,stapler,stapler,1,1,0,Q038::5
Part3/outputs/answers_qwen25_7b.csv,answers_qwen25_7b,Q038,S,Things in an office,6,scissors,scissors,1,0,1,Q038::6
Part3/outputs/answers_qwen25_7b.csv,answers_qwen25_7b,Q038,S,Things in an office,7,stapler,stapler,1,1,0,Q038::7
Part3/outputs/answers_qwen25_7b.csv,answers_qwen25_7b,Q038,S,Things in an office,8,soap dispenser,soap dispenser,1,0,1,Q038::8
Part3/outputs/answers_qwen25_7b.csv,answers_qwen25_7b,Q038,S,Things in an office,9,scissors,scissors,1,0,1,Q038::9
Part3/outputs/answers_qwen25_7b.csv,answers_qwen25_7b,Q038,S,Things in an office,10,stylish stapler,stylish stapler,1,0,1,Q038::10
Part3/outputs/answers_qwen25_7b.csv,answers_qwen25_7b,Q038,S,Things in an office,11,stapler,stapler,1,1,0,Q038::11
Part3/outputs/answers_qwen25_7b.csv,answers_qwen25_7b,Q038,S,Things in an office,12,secretary,secretary,1,0,1,Q038::12
Part3/outputs/answers_qwen25_7b.csv,answers_qwen25_7b,Q038,S,Things in an office,13,stapler,stapler,1,1,0,Q038::13
Part3/outputs/answers_qwen25_7b.csv,answers_qwen25_7b,Q038,S,Things in an office,14,scanner,scanner,1,0,1,Q038::14
Part3/outputs/answers_qwen25_7b.csv,answers_qwen25_7b,Q038,S,Things in an office,15,stapler,stapler,1,1,0,Q038::15
Part3/outputs/answers_qwen25_7b.csv,answers_qwen25_7b,Q038,S,Things in an office,16,soap dispenser,soap dispenser,1,0,1,Q038::16
Part3/outputs/answers_qwen25_7b.csv,answers_qwen25_7b,Q038,S,Things in an office,17,stapler,stapler,1,0,1,Q038::17
Part3/outputs/answers_qwen25_7b.csv,answers_qwen25_7b,Q038,S,Things in an office,18,stapler,stapler,1,0,1,Q038::18
Part3/outputs/answers_qwen25_7b.csv,answers_qwen25_7b,Q038,S,Things in an office,19,sofa,sofa,0,0,0,Q038::19
Part3/outputs/answers_qwen25_7b.csv,answers_qwen25_7b,Q039,T,Countries,0,thailand,thailand,1,0,1,Q039::0
Part3/outputs/answers_qwen25_7b.csv,answers_qwen25_7b,Q039,T,Countries,1,thailand,thailand,1,0,1,Q039::1
Part3/outputs/answers_qwen25_7b.csv,answers_qwen25_7b,Q039,T,Countries,2,thailand,thailand,1,0,1,Q039::2
Part3/outputs/answers_qwen25_7b.csv,answers_qwen25_7b,Q039,T,Countries,3,turkey,turkey,1,0,1,Q039::3
Part3/outputs/answers_qwen25_7b.csv,answers_qwen25_7b,Q039,T,Countries,4,taiwan,taiwan,1,0,1,Q039::4
Part3/outputs/answers_qwen25_7b.csv,answers_qwen25_7b,Q039,T,Countries,5,taiwan,taiwan,1,0,1,Q039::5
Part3/outputs/answers_qwen25_7b.csv,answers_qwen25_7b,Q039,T,Countries,6,turkey,turkey,1,0,1,Q039::6
Part3/outputs/answers_qwen25_7b.csv,answers_qwen25_7b,Q039,T,Countries,7,tunisia,tunisia,1,1,0,Q039::7
Part3/outputs/answers_qwen25_7b.csv,answers_qwen25_7b,Q039,T,Countries,8,thailand,thailand,1,1,0,Q039::8
Part3/outputs/answers_qwen25_7b.csv,answers_qwen25_7b,Q039,T,Countries,9,thailand,thailand,1,0,1,Q039::9
Part3/outputs/answers_qwen25_7b.csv,answers_qwen25_7b,Q039,T,Countries,10,tunisia,tunisia,1,0,1,Q039::10
Part3/outputs/answers_qwen25_7b.csv,answers_qwen25_7b,Q039,T,Countries,11,tunisia,tunisia,1,0,1,Q039::11
Part3/outputs/answers_qwen25_7b.csv,answers_qwen25_7b,Q039,T,Countries,12,taiwan,taiwan,1,1,0,Q039::12
Part3/outputs/answers_qwen25_7b.csv,answers_qwen25_7b,Q039,T,Countries,13,thailand,thailand,1,1,0,Q039::13
Part3/outputs/answers_qwen25_7b.csv,answers_qwen25_7b,Q039,T,Countries,14,tunisia,tunisia,1,1,0,Q039::14
Part3/outputs/answers_qwen25_7b.csv,answers_qwen25_7b,Q039,T,Countries,15,taiwan,taiwan,1,0,1,Q039::15
Part3/outputs/answers_qwen25_7b.csv,answers_qwen25_7b,Q039,T,Countries,16,taiwan,taiwan,1,0,1,Q039::16
Part3/outputs/answers_qwen25_7b.csv,answers_qwen25_7b,Q039,T,Countries,17,thailand,thailand,1,0,1,Q039::17
Part3/outputs/answers_qwen25_7b.csv,answers_qwen25_7b,Q039,T,Countries,18,thailand,thailand,1,1,0,Q039::18
Part3/outputs/answers_qwen25_7b.csv,answers_qwen25_7b,Q039,T,Countries,19,turkey,turkey,1,0,1,Q039::19
Part3/outputs/answers_qwen25_7b.csv,answers_qwen25_7b,Q040,T,TV shows,0,thundercats,thundercats,1,0,1,Q040::0
Part3/outputs/answers_qwen25_7b.csv,answers_qwen25_7b,Q040,T,TV shows,1,the office,the office,0,0,0,Q040::1
Part3/outputs/answers_qwen25_7b.csv,answers_qwen25_7b,Q040,T,TV shows,2,thirtynine,thirtynine,0,0,0,Q040::2
Part3/outputs/answers_qwen25_7b.csv,answers_qwen25_7b,Q040,T,TV shows,3,thrive resets,thrive resets,0,0,0,Q040::3
Part3/outputs/answers_qwen25_7b.csv,answers_qwen25_7b,Q040,T,TV shows,4,the office,the office,0,0,0,Q040::4
Part3/outputs/answers_qwen25_7b.csv,answers_qwen25_7b,Q040,T,TV shows,5,thirtysomething,thirtysomething,1,1,0,Q040::5
Part3/outputs/answers_qwen25_7b.csv,answers_qwen25_7b,Q040,T,TV shows,6,twilight,twilight,0,0,0,Q040::6
Part3/outputs/answers_qwen25_7b.csv,answers_qwen25_7b,Q040,T,TV shows,7,thirtynine,thirtynine,0,0,0,Q040::7
Part3/outputs/answers_qwen25_7b.csv,answers_qwen25_7b,Q040,T,TV shows,8,the office,the office,0,0,0,Q040::8
Part3/outputs/answers_qwen25_7b.csv,answers_qwen25_7b,Q040,T,TV shows,9,thundercats,thundercats,1,0,1,Q040::9
Part3/outputs/answers_qwen25_7b.csv,answers_qwen25_7b,Q040,T,TV shows,10,the simpsons,the simpsons,0,0,0,Q040::10
Part3/outputs/answers_qwen25_7b.csv,answers_qwen25_7b,Q040,T,TV shows,11,the office,the office,0,0,0,Q040::11
Part3/outputs/answers_qwen25_7b.csv,answers_qwen25_7b,Q040,T,TV shows,12,thrones,thrones,0,0,0,Q040::12
Part3/outputs/answers_qwen25_7b.csv,answers_qwen25_7b,Q040,T,TV shows,13,the office,the office,0,0,0,Q040::13
Part3/outputs/answers_qwen25_7b.csv,answers_qwen25_7b,Q040,T,TV shows,14,thirtynine,thirtynine,0,0,0,Q040::14
Part3/outputs/answers_qwen25_7b.csv,answers_qwen25_7b,Q040,T,TV shows,15,the simpsons,the simpsons,0,0,0,Q040::15
Part3/outputs/answers_qwen25_7b.csv,answers_qwen25_7b,Q040,T,TV shows,16,the simpsons,the simpsons,0,0,0,Q040::16
Part3/outputs/answers_qwen25_7b.csv,answers_qwen25_7b,Q040,T,TV shows,17,thirtysomething,thirtysomething,1,0,1,Q040::17
Part3/outputs/answers_qwen25_7b.csv,answers_qwen25_7b,Q040,T,TV shows,18,the office,the office,0,0,0,Q040::18
Part3/outputs/answers_qwen25_7b.csv,answers_qwen25_7b,Q040,T,TV shows,19,the office,the office,0,0,0,Q040::19
Part3/outputs/answers_qwen25_7b.csv,answers_qwen25_7b,Q041,U,U.S. colleges,0,university of utah,university of utah,1,1,0,Q041::0
Part3/outputs/answers_qwen25_7b.csv,answers_qwen25_7b,Q041,U,U.S. colleges,1,university of pennsylvania,university of pennsylvania,0,0,0,Q041::1
Part3/outputs/answers_qwen25_7b.csv,answers_qwen25_7b,Q041,U,U.S. colleges,2,university of pennsylvania,university of pennsylvania,0,0,0,Q041::2
Part3/outputs/answers_qwen25_7b.csv,answers_qwen25_7b,Q041,U,U.S. colleges,3,university of pennsylvania,university of pennsylvania,0,0,0,Q041::3
Part3/outputs/answers_qwen25_7b.csv,answers_qwen25_7b,Q041,U,U.S. colleges,4,university of utah,university of utah,1,1,0,Q041::4
Part3/outputs/answers_qwen25_7b.csv,answers_qwen25_7b,Q041,U,U.S. colleges,5,university of utah,university of utah,1,0,1,Q041::5
Part3/outputs/answers_qwen25_7b.csv,answers_qwen25_7b,Q041,U,U.S. colleges,6,university of pennsylvania,university of pennsylvania,0,0,0,Q041::6
Part3/outputs/answers_qwen25_7b.csv,answers_qwen25_7b,Q041,U,U.S. colleges,7,university of utah,university of utah,1,0,1,Q041::7
Part3/outputs/answers_qwen25_7b.csv,answers_qwen25_7b,Q041,U,U.S. colleges,8,university of utah,university of utah,1,0,1,Q041::8
Part3/outputs/answers_qwen25_7b.csv,answers_qwen25_7b,Q041,U,U.S. colleges,9,university of pennsylvania,university of pennsylvania,0,0,0,Q041::9
Part3/outputs/answers_qwen25_7b.csv,answers_qwen25_7b,Q041,U,U.S. colleges,10,university of michigan,university of michigan,0,0,0,Q041::10
Part3/outputs/answers_qwen25_7b.csv,answers_qwen25_7b,Q041,U,U.S. colleges,11,university of michigan,university of michigan,0,0,0,Q041::11
Part3/outputs/answers_qwen25_7b.csv,answers_qwen25_7b,Q041,U,U.S. colleges,12,university of utah,university of utah,1,0,1,Q041::12
Part3/outputs/answers_qwen25_7b.csv,answers_qwen25_7b,Q041,U,U.S. colleges,13,university of utah,university of utah,1,0,1,Q041::13
Part3/outputs/answers_qwen25_7b.csv,answers_qwen25_7b,Q041,U,U.S. colleges,14,university of pennsylvania,university of pennsylvania,0,0,0,Q041::14
Part3/outputs/answers_qwen25_7b.csv,answers_qwen25_7b,Q041,U,U.S. colleges,15,university of pennsylvania,university of pennsylvania,0,0,0,Q041::15
Part3/outputs/answers_qwen25_7b.csv,answers_qwen25_7b,Q041,U,U.S. colleges,16,university of pennsylvania,university of pennsylvania,0,0,0,Q041::16
Part3/outputs/answers_qwen25_7b.csv,answers_qwen25_7b,Q041,U,U.S. colleges,17,university of pennsylvania,university of pennsylvania,0,0,0,Q041::17
Part3/outputs/answers_qwen25_7b.csv,answers_qwen25_7b,Q041,U,U.S. colleges,18,university of pennsylvania,university of pennsylvania,0,0,0,Q041::18
Part3/outputs/answers_qwen25_7b.csv,answers_qwen25_7b,Q041,U,U.S. colleges,19,university of utah,university of utah,1,0,1,Q041::19
Part3/outputs/answers_qwen25_7b.csv,answers_qwen25_7b,Q042,U,Things in a garage,0,uncle sam hat,uncle sam hat,0,0,0,Q042::0
Part3/outputs/answers_qwen25_7b.csv,answers_qwen25_7b,Q042,U,Things in a garage,1,unicycle,unicycle,1,0,1,Q042::1
Part3/outputs/answers_qwen25_7b.csv,answers_qwen25_7b,Q042,U,Things in a garage,2,uncle sam hat,uncle sam hat,0,0,0,Q042::2
Part3/outputs/answers_qwen25_7b.csv,answers_qwen25_7b,Q042,U,Things in a garage,3,uncle sam hat,uncle sam hat,0,0,0,Q042::3
Part3/outputs/answers_qwen25_7b.csv,answers_qwen25_7b,Q042,U,Things in a garage,4,umbrella,umbrella,0,0,0,Q042::4
Part3/outputs/answers_qwen25_7b.csv,answers_qwen25_7b,Q042,U,Things in a garage,5,umbrella,umbrella,0,0,0,Q042::5
Part3/outputs/answers_qwen25_7b.csv,answers_qwen25_7b,Q042,U,Things in a garage,6,unicycle,unicycle,1,1,0,Q042::6
Part3/outputs/answers_qwen25_7b.csv,answers_qwen25_7b,Q042,U,Things in a garage,7,umbrella,umbrella,0,0,0,Q042::7
Part3/outputs/answers_qwen25_7b.csv,answers_qwen25_7b,Q042,U,Things in a garage,8,uncle's old tools,uncle's old tools,0,0,0,Q042::8
Part3/outputs/answers_qwen25_7b.csv,answers_qwen25_7b,Q042,U,Things in a garage,9,umbrella,umbrella,0,0,0,Q042::9
Part3/outputs/answers_qwen25_7b.csv,answers_qwen25_7b,Q042,U,Things in a garage,10,utility box,utility box,1,0,1,Q042::10
Part3/outputs/answers_qwen25_7b.csv,answers_qwen25_7b,Q042,U,Things in a garage,11,umbrella,umbrella,0,0,0,Q042::11
Part3/outputs/answers_qwen25_7b.csv,answers_qwen25_7b,Q042,U,Things in a garage,12,unicycle,unicycle,1,0,1,Q042::12
Part3/outputs/answers_qwen25_7b.csv,answers_qwen25_7b,Q042,U,Things in a garage,13,unicycle,unicycle,1,0,1,Q042::13
Part3/outputs/answers_qwen25_7b.csv,answers_qwen25_7b,Q042,U,Things in a garage,14,unicycle,unicycle,1,1,0,Q042::14
Part3/outputs/answers_qwen25_7b.csv,answers_qwen25_7b,Q042,U,Things in a garage,15,uncle's toolbox,uncle's toolbox,0,0,0,Q042::15
Part3/outputs/answers_qwen25_7b.csv,answers_qwen25_7b,Q042,U,Things in a garage,16,uncle's toolbox,uncle's toolbox,0,0,0,Q042::16
Part3/outputs/answers_qwen25_7b.csv,answers_qwen25_7b,Q042,U,Things in a garage,17,uncle sam hat,uncle sam hat,0,0,0,Q042::17
Part3/outputs/answers_qwen25_7b.csv,answers_qwen25_7b,Q042,U,Things in a garage,18,vacuum cleaner,vacuum cleaner,1,0,1,Q042::18
Part3/outputs/answers_qwen25_7b.csv,answers_qwen25_7b,Q042,U,Things in a garage,19,unicycle,unicycle,1,0,1,Q042::19
Part3/outputs/answers_qwen25_7b.csv,answers_qwen25_7b,Q043,V,Jobs,0,veterinarian,veterinarian,1,0,1,Q043::0
Part3/outputs/answers_qwen25_7b.csv,answers_qwen25_7b,Q043,V,Jobs,1,valet,valet,1,0,1,Q043::1
Part3/outputs/answers_qwen25_7b.csv,answers_qwen25_7b,Q043,V,Jobs,2,veterinarian,veterinarian,1,0,1,Q043::2
Part3/outputs/answers_qwen25_7b.csv,answers_qwen25_7b,Q043,V,Jobs,3,vineyard manager,vineyard manager,1,0,1,Q043::3
Part3/outputs/answers_qwen25_7b.csv,answers_qwen25_7b,Q043,V,Jobs,4,veterinarian,veterinarian,1,0,1,Q043::4
Part3/outputs/answers_qwen25_7b.csv,answers_qwen25_7b,Q043,V,Jobs,5,vegetarian restaurant owner,vegetarian restaurant owner,0,0,0,Q043::5
Part3/outputs/answers_qwen25_7b.csv,answers_qwen25_7b,Q043,V,Jobs,6,valet,valet,1,0,1,Q043::6
Part3/outputs/answers_qwen25_7b.csv,answers_qwen25_7b,Q043,V,Jobs,7,vet,vet,1,1,0,Q043::7
Part3/outputs/answers_qwen25_7b.csv,answers_qwen25_7b,Q043,V,Jobs,8,vat man,vat man,0,0,0,Q043::8
Part3/outputs/answers_qwen25_7b.csv,answers_qwen25_7b,Q043,V,Jobs,9,vet,vet,1,1,0,Q043::9
Part3/outputs/answers_qwen25_7b.csv,answers_qwen25_7b,Q043,V,Jobs,10,veterinarian,veterinarian,1,0,1,Q043::10
Part3/outputs/answers_qwen25_7b.csv,answers_qwen25_7b,Q043,V,Jobs,11,veterinarian,veterinarian,1,1,0,Q043::11
Part3/outputs/answers_qwen25_7b.csv,answers_qwen25_7b,Q043,V,Jobs,12,vet,vet,1,0,1,Q043::12
Part3/outputs/answers_qwen25_7b.csv,answers_qwen25_7b,Q043,V,Jobs,13,valet parking,valet parking,0,0,0,Q043::13
Part3/outputs/answers_qwen25_7b.csv,answers_qwen25_7b,Q043,V,Jobs,14,valet,valet,1,0,1,Q043::14
Part3/outputs/answers_qwen25_7b.csv,answers_qwen25_7b,Q043,V,Jobs,15,valet,valet,1,1,0,Q043::15
Part3/outputs/answers_qwen25_7b.csv,answers_qwen25_7b,Q043,V,Jobs,16,valet parking,valet parking,0,0,0,Q043::16
Part3/outputs/answers_qwen25_7b.csv,answers_qwen25_7b,Q043,V,Jobs,17,veterinarian,veterinarian,1,0,1,Q043::17
Part3/outputs/answers_qwen25_7b.csv,answers_qwen25_7b,Q043,V,Jobs,18,vatruck driver,vatruck driver,0,0,0,Q043::18
Part3/outputs/answers_qwen25_7b.csv,answers_qwen25_7b,Q043,V,Jobs,19,vet,vet,1,1,0,Q043::19
Part3/outputs/answers_qwen25_7b.csv,answers_qwen25_7b,Q044,V,Things you wear,0,vest,vest,1,1,0,Q044::0
Part3/outputs/answers_qwen25_7b.csv,answers_qwen25_7b,Q044,V,Things you wear,1,vest,vest,1,1,0,Q044::1
Part3/outputs/answers_qwen25_7b.csv,answers_qwen25_7b,Q044,V,Things you wear,2,vest,vest,1,1,0,Q044::2
Part3/outputs/answers_qwen25_7b.csv,answers_qwen25_7b,Q044,V,Things you wear,3,vest,vest,1,1,0,Q044::3
Part3/outputs/answers_qwen25_7b.csv,answers_qwen25_7b,Q044,V,Things you wear,4,vest,vest,1,1,0,Q044::4
Part3/outputs/answers_qwen25_7b.csv,answers_qwen25_7b,Q044,V,Things you wear,5,vest,vest,1,1,0,Q044::5
Part3/outputs/answers_qwen25_7b.csv,answers_qwen25_7b,Q044,V,Things you wear,6,vest,vest,1,1,0,Q044::6
Part3/outputs/answers_qwen25_7b.csv,answers_qwen25_7b,Q044,V,Things you wear,7,vest,vest,1,1,0,Q044::7
Part3/outputs/answers_qwen25_7b.csv,answers_qwen25_7b,Q044,V,Things you wear,8,veil,veil,1,0,1,Q044::8
Part3/outputs/answers_qwen25_7b.csv,answers_qwen25_7b,Q044,V,Things you wear,9,vest,vest,1,1,0,Q044::9
Part3/outputs/answers_qwen25_7b.csv,answers_qwen25_7b,Q044,V,Things you wear,10,vest,vest,1,1,0,Q044::10
Part3/outputs/answers_qwen25_7b.csv,answers_qwen25_7b,Q044,V,Things you wear,11,vest,vest,1,1,0,Q044::11
Part3/outputs/answers_qwen25_7b.csv,answers_qwen25_7b,Q044,V,Things you wear,12,vest,vest,1,1,0,Q044::12
Part3/outputs/answers_qwen25_7b.csv,answers_qwen25_7b,Q044,V,Things you wear,13,vest,vest,1,1,0,Q044::13
Part3/outputs/answers_qwen25_7b.csv,answers_qwen25_7b,Q044,V,Things you wear,14,vest,vest,1,1,0,Q044::14
Part3/outputs/answers_qwen25_7b.csv,answers_qwen25_7b,Q044,V,Things you wear,15,vest,vest,1,1,0,Q044::15
Part3/outputs/answers_qwen25_7b.csv,answers_qwen25_7b,Q044,V,Things you wear,16,vest,vest,1,1,0,Q044::16
Part3/outputs/answers_qwen25_7b.csv,answers_qwen25_7b,Q044,V,Things you wear,17,vest,vest,1,1,0,Q044::17
Part3/outputs/answers_qwen25_7b.csv,answers_qwen25_7b,Q044,V,Things you wear,18,vest,vest,1,1,0,Q044::18
Part3/outputs/answers_qwen25_7b.csv,answers_qwen25_7b,Q044,V,Things you wear,19,vest,vest,1,1,0,Q044::19
Part3/outputs/answers_qwen25_7b.csv,answers_qwen25_7b,Q045,W,Cities,0,warsaw,warsaw,1,1,0,Q045::0
Part3/outputs/answers_qwen25_7b.csv,answers_qwen25_7b,Q045,W,Cities,1,wuhan,wuhan,1,0,1,Q045::1
Part3/outputs/answers_qwen25_7b.csv,answers_qwen25_7b,Q045,W,Cities,2,washington,washington,1,0,1,Q045::2
Part3/outputs/answers_qwen25_7b.csv,answers_qwen25_7b,Q045,W,Cities,3,wales,wales,0,0,0,Q045::3
Part3/outputs/answers_qwen25_7b.csv,answers_qwen25_7b,Q045,W,Cities,4,warsaw,warsaw,1,1,0,Q045::4
Part3/outputs/answers_qwen25_7b.csv,answers_qwen25_7b,Q045,W,Cities,5,washington,washington,1,1,0,Q045::5
Part3/outputs/answers_qwen25_7b.csv,answers_qwen25_7b,Q045,W,Cities,6,warsaw,warsaw,1,0,1,Q045::6
Part3/outputs/answers_qwen25_7b.csv,answers_qwen25_7b,Q045,W,Cities,7,warsaw,warsaw,1,1,0,Q045::7
Part3/outputs/answers_qwen25_7b.csv,answers_qwen25_7b,Q045,W,Cities,8,warsaw,warsaw,1,0,1,Q045::8
Part3/outputs/answers_qwen25_7b.csv,answers_qwen25_7b,Q045,W,Cities,9,washington,washington,1,0,1,Q045::9
Part3/outputs/answers_qwen25_7b.csv,answers_qwen25_7b,Q045,W,Cities,10,wales,wales,0,0,0,Q045::10
Part3/outputs/answers_qwen25_7b.csv,answers_qwen25_7b,Q045,W,Cities,11,warsaw,warsaw,1,0,1,Q045::11
Part3/outputs/answers_qwen25_7b.csv,answers_qwen25_7b,Q045,W,Cities,12,warsaw,warsaw,1,1,0,Q045::12
Part3/outputs/answers_qwen25_7b.csv,answers_qwen25_7b,Q045,W,Cities,13,washington,washington,1,1,0,Q045::13
Part3/outputs/answers_qwen25_7b.csv,answers_qwen25_7b,Q045,W,Cities,14,washington,washington,1,0,1,Q045::14
Part3/outputs/answers_qwen25_7b.csv,answers_qwen25_7b,Q045,W,Cities,15,warsaw,warsaw,1,1,0,Q045::15
Part3/outputs/answers_qwen25_7b.csv,answers_qwen25_7b,Q045,W,Cities,16,warsaw,warsaw,1,1,0,Q045::16
Part3/outputs/answers_qwen25_7b.csv,answers_qwen25_7b,Q045,W,Cities,17,washington d.c.,washington d.c,0,0,0,Q045::17
Part3/outputs/answers_qwen25_7b.csv,answers_qwen25_7b,Q045,W,Cities,18,warsaw,warsaw,1,1,0,Q045::18
Part3/outputs/answers_qwen25_7b.csv,answers_qwen25_7b,Q045,W,Cities,19,warsaw,warsaw,1,0,1,Q045::19
Part3/outputs/answers_qwen25_7b.csv,answers_qwen25_7b,Q046,W,Things in a park,0,willow,willow,1,1,0,Q046::0
Part3/outputs/answers_qwen25_7b.csv,answers_qwen25_7b,Q046,W,Things in a park,1,wifi,wifi,0,0,0,Q046::1
Part3/outputs/answers_qwen25_7b.csv,answers_qwen25_7b,Q046,W,Things in a park,2,willow,willow,1,1,0,Q046::2
Part3/outputs/answers_qwen25_7b.csv,answers_qwen25_7b,Q046,W,Things in a park,3,willow,willow,1,1,0,Q046::3
Part3/outputs/answers_qwen25_7b.csv,answers_qwen25_7b,Q046,W,Things in a park,4,swings,swings,1,0,1,Q046::4
Part3/outputs/answers_qwen25_7b.csv,answers_qwen25_7b,Q046,W,Things in a park,5,willow,willow,1,1,0,Q046::5
Part3/outputs/answers_qwen25_7b.csv,answers_qwen25_7b,Q046,W,Things in a park,6,willow,willow,1,1,0,Q046::6
Part3/outputs/answers_qwen25_7b.csv,answers_qwen25_7b,Q046,W,Things in a park,7,willow,willow,1,1,0,Q046::7
Part3/outputs/answers_qwen25_7b.csv,answers_qwen25_7b,Q046,W,Things in a park,8,willow,willow,1,1,0,Q046::8
Part3/outputs/answers_qwen25_7b.csv,answers_qwen25_7b,Q046,W,Things in a park,9,willow,willow,1,1,0,Q046::9
Part3/outputs/answers_qwen25_7b.csv,answers_qwen25_7b,Q046,W,Things in a park,10,willow,willow,1,1,0,Q046::10
Part3/outputs/answers_qwen25_7b.csv,answers_qwen25_7b,Q046,W,Things in a park,11,willow,willow,1,0,1,Q046::11
Part3/outputs/answers_qwen25_7b.csv,answers_qwen25_7b,Q046,W,Things in a park,12,swing set,swing set,1,0,1,Q046::12
Part3/outputs/answers_qwen25_7b.csv,answers_qwen25_7b,Q046,W,Things in a park,13,swing set,swing set,1,0,1,Q046::13
Part3/outputs/answers_qwen25_7b.csv,answers_qwen25_7b,Q046,W,Things in a park,14,willow,willow,1,1,0,Q046::14
Part3/outputs/answers_qwen25_7b.csv,answers_qwen25_7b,Q046,W,Things in a park,15,willow,willow,1,1,0,Q046::15
Part3/outputs/answers_qwen25_7b.csv,answers_qwen25_7b,Q046,W,Things in a park,16,willow,willow,1,1,0,Q046::16
Part3/outputs/answers_qwen25_7b.csv,answers_qwen25_7b,Q046,W,Things in a park,17,willow,willow,1,1,0,Q046::17
Part3/outputs/answers_qwen25_7b.csv,answers_qwen25_7b,Q046,W,Things in a park,18,wristwatch,wristwatch,0,0,0,Q046::18
Part3/outputs/answers_qwen25_7b.csv,answers_qwen25_7b,Q046,W,Things in a park,19,willow,willow,1,1,0,Q046::19
Part3/outputs/answers_qwen25_7b.csv,answers_qwen25_7b,Q047,X,Brands,0,xbox,xbox,1,0,1,Q047::0
Part3/outputs/answers_qwen25_7b.csv,answers_qwen25_7b,Q047,X,Brands,1,xiaomi,xiaomi,1,1,0,Q047::1
Part3/outputs/answers_qwen25_7b.csv,answers_qwen25_7b,Q047,X,Brands,2,xiaomi,xiaomi,1,1,0,Q047::2
Part3/outputs/answers_qwen25_7b.csv,answers_qwen25_7b,Q047,X,Brands,3,xiaomi,xiaomi,1,1,0,Q047::3
Part3/outputs/answers_qwen25_7b.csv,answers_qwen25_7b,Q047,X,Brands,4,xiaomi,xiaomi,1,0,1,Q047::4
Part3/outputs/answers_qwen25_7b.csv,answers_qwen25_7b,Q047,X,Brands,5,xbox,xbox,1,0,1,Q047::5
Part3/outputs/answers_qwen25_7b.csv,answers_qwen25_7b,Q047,X,Brands,6,xiaomi,xiaomi,1,0,1,Q047::6
Part3/outputs/answers_qwen25_7b.csv,answers_qwen25_7b,Q047,X,Brands,7,xbox,xbox,1,0,1,Q047::7
Part3/outputs/answers_qwen25_7b.csv,answers_qwen25_7b,Q047,X,Brands,8,xiaomi,xiaomi,1,0,1,Q047::8
Part3/outputs/answers_qwen25_7b.csv,answers_qwen25_7b,Q047,X,Brands,9,xiaomi,xiaomi,1,1,0,Q047::9
Part3/outputs/answers_qwen25_7b.csv,answers_qwen25_7b,Q047,X,Brands,10,xerox,xerox,1,0,1,Q047::10
Part3/outputs/answers_qwen25_7b.csv,answers_qwen25_7b,Q047,X,Brands,11,xbox,xbox,1,0,1,Q047::11
Part3/outputs/answers_qwen25_7b.csv,answers_qwen25_7b,Q047,X,Brands,12,xiaomi,xiaomi,1,1,0,Q047::12
Part3/outputs/answers_qwen25_7b.csv,answers_qwen25_7b,Q047,X,Brands,13,xbox,xbox,1,0,1,Q047::13
Part3/outputs/answers_qwen25_7b.csv,answers_qwen25_7b,Q047,X,Brands,14,xiaomi,xiaomi,1,0,1,Q047::14
Part3/outputs/answers_qwen25_7b.csv,answers_qwen25_7b,Q047,X,Brands,15,xiaomi,xiaomi,1,0,1,Q047::15
Part3/outputs/answers_qwen25_7b.csv,answers_qwen25_7b,Q047,X,Brands,16,xiaomi,xiaomi,1,0,1,Q047::16
Part3/outputs/answers_qwen25_7b.csv,answers_qwen25_7b,Q047,X,Brands,17,xiaomi,xiaomi,1,1,0,Q047::17
Part3/outputs/answers_qwen25_7b.csv,answers_qwen25_7b,Q047,X,Brands,18,xbox,xbox,1,0,1,Q047::18
Part3/outputs/answers_qwen25_7b.csv,answers_qwen25_7b,Q047,X,Brands,19,xiaomi,xiaomi,1,1,0,Q047::19
Part3/outputs/answers_qwen25_7b.csv,answers_qwen25_7b,Q048,X,Words in English,0,xray,xray,1,0,1,Q048::0
Part3/outputs/answers_qwen25_7b.csv,answers_qwen25_7b,Q048,X,Words in English,1,xenon,xenon,1,0,1,Q048::1
Part3/outputs/answers_qwen25_7b.csv,answers_qwen25_7b,Q048,X,Words in English,2,xerox,xerox,1,0,1,Q048::2
Part3/outputs/answers_qwen25_7b.csv,answers_qwen25_7b,Q048,X,Words in English,3,xray,xray,1,0,1,Q048::3
Part3/outputs/answers_qwen25_7b.csv,answers_qwen25_7b,Q048,X,Words in English,4,xenon,xenon,1,0,1,Q048::4
Part3/outputs/answers_qwen25_7b.csv,answers_qwen25_7b,Q048,X,Words in English,5,xerox,xerox,1,0,1,Q048::5
Part3/outputs/answers_qwen25_7b.csv,answers_qwen25_7b,Q048,X,Words in English,6,xray,xray,1,0,1,Q048::6
Part3/outputs/answers_qwen25_7b.csv,answers_qwen25_7b,Q048,X,Words in English,7,xray,xray,1,1,0,Q048::7
Part3/outputs/answers_qwen25_7b.csv,answers_qwen25_7b,Q048,X,Words in English,8,xeroxerox,xeroxerox,0,0,0,Q048::8
Part3/outputs/answers_qwen25_7b.csv,answers_qwen25_7b,Q048,X,Words in English,9,xray,xray,1,1,0,Q048::9
Part3/outputs/answers_qwen25_7b.csv,answers_qwen25_7b,Q048,X,Words in English,10,xenon,xenon,1,1,0,Q048::10
Part3/outputs/answers_qwen25_7b.csv,answers_qwen25_7b,Q048,X,Words in English,11,xeroxerox,xeroxerox,0,0,0,Q048::11
Part3/outputs/answers_qwen25_7b.csv,answers_qwen25_7b,Q048,X,Words in English,12,xeroxerox,xeroxerox,0,0,0,Q048::12
Part3/outputs/answers_qwen25_7b.csv,answers_qwen25_7b,Q048,X,Words in English,13,xerox,xerox,1,0,1,Q048::13
Part3/outputs/answers_qwen25_7b.csv,answers_qwen25_7b,Q048,X,Words in English,14,xeroxerox,xeroxerox,0,0,0,Q048::14
Part3/outputs/answers_qwen25_7b.csv,answers_qwen25_7b,Q048,X,Words in English,15,xerox,xerox,1,0,1,Q048::15
Part3/outputs/answers_qwen25_7b.csv,answers_qwen25_7b,Q048,X,Words in English,16,xray,xray,1,0,1,Q048::16
Part3/outputs/answers_qwen25_7b.csv,answers_qwen25_7b,Q048,X,Words in English,17,xerox,xerox,1,0,1,Q048::17
Part3/outputs/answers_qwen25_7b.csv,answers_qwen25_7b,Q048,X,Words in English,18,xenon,xenon,1,1,0,Q048::18
Part3/outputs/answers_qwen25_7b.csv,answers_qwen25_7b,Q048,X,Words in English,19,xeroxerox,xeroxerox,0,0,0,Q048::19
Part3/outputs/answers_qwen25_7b.csv,answers_qwen25_7b,Q049,Y,Foods,0,yogurt,yogurt,1,1,0,Q049::0
Part3/outputs/answers_qwen25_7b.csv,answers_qwen25_7b,Q049,Y,Foods,1,yogurt,yogurt,1,1,0,Q049::1
Part3/outputs/answers_qwen25_7b.csv,answers_qwen25_7b,Q049,Y,Foods,2,yogurt,yogurt,1,1,0,Q049::2
Part3/outputs/answers_qwen25_7b.csv,answers_qwen25_7b,Q049,Y,Foods,3,yogurt,yogurt,1,1,0,Q049::3
Part3/outputs/answers_qwen25_7b.csv,answers_qwen25_7b,Q049,Y,Foods,4,yogurt,yogurt,1,1,0,Q049::4
Part3/outputs/answers_qwen25_7b.csv,answers_qwen25_7b,Q049,Y,Foods,5,yogurt,yogurt,1,1,0,Q049::5
Part3/outputs/answers_qwen25_7b.csv,answers_qwen25_7b,Q049,Y,Foods,6,yogurt,yogurt,1,1,0,Q049::6
Part3/outputs/answers_qwen25_7b.csv,answers_qwen25_7b,Q049,Y,Foods,7,yogurt,yogurt,1,1,0,Q049::7
Part3/outputs/answers_qwen25_7b.csv,answers_qwen25_7b,Q049,Y,Foods,8,yogurt,yogurt,1,1,0,Q049::8
Part3/outputs/answers_qwen25_7b.csv,answers_qwen25_7b,Q049,Y,Foods,9,yogurt,yogurt,1,1,0,Q049::9
Part3/outputs/answers_qwen25_7b.csv,answers_qwen25_7b,Q049,Y,Foods,10,yogurt,yogurt,1,1,0,Q049::10
Part3/outputs/answers_qwen25_7b.csv,answers_qwen25_7b,Q049,Y,Foods,11,yogurt,yogurt,1,1,0,Q049::11
Part3/outputs/answers_qwen25_7b.csv,answers_qwen25_7b,Q049,Y,Foods,12,yogurt,yogurt,1,1,0,Q049::12
Part3/outputs/answers_qwen25_7b.csv,answers_qwen25_7b,Q049,Y,Foods,13,yogurt,yogurt,1,1,0,Q049::13
Part3/outputs/answers_qwen25_7b.csv,answers_qwen25_7b,Q049,Y,Foods,14,yogurt,yogurt,1,1,0,Q049::14
Part3/outputs/answers_qwen25_7b.csv,answers_qwen25_7b,Q049,Y,Foods,15,yogurt,yogurt,1,1,0,Q049::15
Part3/outputs/answers_qwen25_7b.csv,answers_qwen25_7b,Q049,Y,Foods,16,yogurt,yogurt,1,1,0,Q049::16
Part3/outputs/answers_qwen25_7b.csv,answers_qwen25_7b,Q049,Y,Foods,17,yogurt,yogurt,1,1,0,Q049::17
Part3/outputs/answers_qwen25_7b.csv,answers_qwen25_7b,Q049,Y,Foods,18,yogurt,yogurt,1,1,0,Q049::18
Part3/outputs/answers_qwen25_7b.csv,answers_qwen25_7b,Q049,Y,Foods,19,yogurt,yogurt,1,1,0,Q049::19
Part3/outputs/answers_qwen25_7b.csv,answers_qwen25_7b,Q050,Y,Things at a party,0,yacht party,yacht party,0,0,0,Q050::0
Part3/outputs/answers_qwen25_7b.csv,answers_qwen25_7b,Q050,Y,Things at a party,1,yacht,yacht,0,0,0,Q050::1
Part3/outputs/answers_qwen25_7b.csv,answers_qwen25_7b,Q050,Y,Things at a party,2,yoghurt dips,yoghurt dips,0,0,0,Q050::2
Part3/outputs/answers_qwen25_7b.csv,answers_qwen25_7b,Q050,Y,Things at a party,3,yacht party,yacht party,0,0,0,Q050::3
Part3/outputs/answers_qwen25_7b.csv,answers_qwen25_7b,Q050,Y,Things at a party,4,yaml eggs,yaml eggs,0,0,0,Q050::4
Part3/outputs/answers_qwen25_7b.csv,answers_qwen25_7b,Q050,Y,Things at a party,5,yacht party,yacht party,0,0,0,Q050::5
Part3/outputs/answers_qwen25_7b.csv,answers_qwen25_7b,Q050,Y,Things at a party,6,yummy snacks,yummy snacks,0,0,0,Q050::6
Part3/outputs/answers_qwen25_7b.csv,answers_qwen25_7b,Q050,Y,Things at a party,7,yacht party,yacht party,0,0,0,Q050::7
Part3/outputs/answers_qwen25_7b.csv,answers_qwen25_7b,Q050,Y,Things at a party,8,yacht party,yacht party,0,0,0,Q050::8
Part3/outputs/answers_qwen25_7b.csv,answers_qwen25_7b,Q050,Y,Things at a party,9,yacht,yacht,0,0,0,Q050::9
Part3/outputs/answers_qwen25_7b.csv,answers_qwen25_7b,Q050,Y,Things at a party,10,yacht party,yacht party,0,0,0,Q050::10
Part3/outputs/answers_qwen25_7b.csv,answers_qwen25_7b,Q050,Y,Things at a party,11,yacht party,yacht party,0,0,0,Q050::11
Part3/outputs/answers_qwen25_7b.csv,answers_qwen25_7b,Q050,Y,Things at a party,12,yellow lights,yellow lights,1,0,1,Q050::12
Part3/outputs/answers_qwen25_7b.csv,answers_qwen25_7b,Q050,Y,Things at a party,13,yogurt,yogurt,0,0,0,Q050::13
Part3/outputs/answers_qwen25_7b.csv,answers_qwen25_7b,Q050,Y,Things at a party,14,yacht,yacht,0,0,0,Q050::14
Part3/outputs/answers_qwen25_7b.csv,answers_qwen25_7b,Q050,Y,Things at a party,15,yacht,yacht,0,0,0,Q050::15
Part3/outputs/answers_qwen25_7b.csv,answers_qwen25_7b,Q050,Y,Things at a party,16,yacht,yacht,0,0,0,Q050::16
Part3/outputs/answers_qwen25_7b.csv,answers_qwen25_7b,Q050,Y,Things at a party,17,popcorn,popcorn,0,0,0,Q050::17
Part3/outputs/answers_qwen25_7b.csv,answers_qwen25_7b,Q050,Y,Things at a party,18,yacht party,yacht party,0,0,0,Q050::18
Part3/outputs/answers_qwen25_7b.csv,answers_qwen25_7b,Q050,Y,Things at a party,19,yacht party,yacht party,0,0,0,Q050::19
Part3/outputs/answers_qwen25_7b.csv,answers_qwen25_7b,Q051,Z,Animals,0,zebra,zebra,1,1,0,Q051::0
Part3/outputs/answers_qwen25_7b.csv,answers_qwen25_7b,Q051,Z,Animals,1,zebra,zebra,1,1,0,Q051::1
Part3/outputs/answers_qwen25_7b.csv,answers_qwen25_7b,Q051,Z,Animals,2,zebra,zebra,1,1,0,Q051::2
Part3/outputs/answers_qwen25_7b.csv,answers_qwen25_7b,Q051,Z,Animals,3,zebra,zebra,1,1,0,Q051::3
Part3/outputs/answers_qwen25_7b.csv,answers_qwen25_7b,Q051,Z,Animals,4,zoo,zoo,0,0,0,Q051::4
Part3/outputs/answers_qwen25_7b.csv,answers_qwen25_7b,Q051,Z,Animals,5,zebra,zebra,1,1,0,Q051::5
Part3/outputs/answers_qwen25_7b.csv,answers_qwen25_7b,Q051,Z,Animals,6,zebra,zebra,1,0,1,Q051::6
Part3/outputs/answers_qwen25_7b.csv,answers_qwen25_7b,Q051,Z,Animals,7,zebra,zebra,1,1,0,Q051::7
Part3/outputs/answers_qwen25_7b.csv,answers_qwen25_7b,Q051,Z,Animals,8,zebra,zebra,1,1,0,Q051::8
Part3/outputs/answers_qwen25_7b.csv,answers_qwen25_7b,Q051,Z,Animals,9,zebra,zebra,1,0,1,Q051::9
Part3/outputs/answers_qwen25_7b.csv,answers_qwen25_7b,Q051,Z,Animals,10,zebra,zebra,1,0,1,Q051::10
Part3/outputs/answers_qwen25_7b.csv,answers_qwen25_7b,Q051,Z,Animals,11,zebra,zebra,1,1,0,Q051::11
Part3/outputs/answers_qwen25_7b.csv,answers_qwen25_7b,Q051,Z,Animals,12,zebra,zebra,1,1,0,Q051::12
Part3/outputs/answers_qwen25_7b.csv,answers_qwen25_7b,Q051,Z,Animals,13,zebra,zebra,1,1,0,Q051::13
Part3/outputs/answers_qwen25_7b.csv,answers_qwen25_7b,Q051,Z,Animals,14,zebra,zebra,1,1,0,Q051::14
Part3/outputs/answers_qwen25_7b.csv,answers_qwen25_7b,Q051,Z,Animals,15,zoo,zoo,0,0,0,Q051::15
Part3/outputs/answers_qwen25_7b.csv,answers_qwen25_7b,Q051,Z,Animals,16,zebra,zebra,1,1,0,Q051::16
Part3/outputs/answers_qwen25_7b.csv,answers_qwen25_7b,Q051,Z,Animals,17,zebra,zebra,1,0,1,Q051::17
Part3/outputs/answers_qwen25_7b.csv,answers_qwen25_7b,Q051,Z,Animals,18,zebra,zebra,1,1,0,Q051::18
Part3/outputs/answers_qwen25_7b.csv,answers_qwen25_7b,Q051,Z,Animals,19,zebra,zebra,1,1,0,Q051::19
Part3/outputs/answers_qwen25_7b.csv,answers_qwen25_7b,Q052,Z,Things in a zoo,0,zebra,zebra,1,1,0,Q052::0
Part3/outputs/answers_qwen25_7b.csv,answers_qwen25_7b,Q052,Z,Things in a zoo,1,zebra,zebra,1,1,0,Q052::1
Part3/outputs/answers_qwen25_7b.csv,answers_qwen25_7b,Q052,Z,Things in a zoo,2,zebra,zebra,1,1,0,Q052::2
Part3/outputs/answers_qwen25_7b.csv,answers_qwen25_7b,Q052,Z,Things in a zoo,3,zebra,zebra,1,1,0,Q052::3
Part3/outputs/answers_qwen25_7b.csv,answers_qwen25_7b,Q052,Z,Things in a zoo,4,zebra,zebra,1,1,0,Q052::4
Part3/outputs/answers_qwen25_7b.csv,answers_qwen25_7b,Q052,Z,Things in a zoo,5,zebra,zebra,1,1,0,Q052::5
Part3/outputs/answers_qwen25_7b.csv,answers_qwen25_7b,Q052,Z,Things in a zoo,6,zebra,zebra,1,1,0,Q052::6
Part3/outputs/answers_qwen25_7b.csv,answers_qwen25_7b,Q052,Z,Things in a zoo,7,zebra,zebra,1,1,0,Q052::7
Part3/outputs/answers_qwen25_7b.csv,answers_qwen25_7b,Q052,Z,Things in a zoo,8,zebra,zebra,1,1,0,Q052::8
Part3/outputs/answers_qwen25_7b.csv,answers_qwen25_7b,Q052,Z,Things in a zoo,9,zebra,zebra,1,1,0,Q052::9
Part3/outputs/answers_qwen25_7b.csv,answers_qwen25_7b,Q052,Z,Things in a zoo,10,zookeeper,zookeeper,1,0,1,Q052::10
Part3/outputs/answers_qwen25_7b.csv,answers_qwen25_7b,Q052,Z,Things in a zoo,11,zebra,zebra,1,1,0,Q052::11
Part3/outputs/answers_qwen25_7b.csv,answers_qwen25_7b,Q052,Z,Things in a zoo,12,zebra,zebra,1,1,0,Q052::12
Part3/outputs/answers_qwen25_7b.csv,answers_qwen25_7b,Q052,Z,Things in a zoo,13,zebra,zebra,1,1,0,Q052::13
Part3/outputs/answers_qwen25_7b.csv,answers_qwen25_7b,Q052,Z,Things in a zoo,14,zebra,zebra,1,1,0,Q052::14
Part3/outputs/answers_qwen25_7b.csv,answers_qwen25_7b,Q052,Z,Things in a zoo,15,zebra,zebra,1,1,0,Q052::15
Part3/outputs/answers_qwen25_7b.csv,answers_qwen25_7b,Q052,Z,Things in a zoo,16,zebra,zebra,1,1,0,Q052::16
Part3/outputs/answers_qwen25_7b.csv,answers_qwen25_7b,Q052,Z,Things in a zoo,17,zebra,zebra,1,1,0,Q052::17
Part3/outputs/answers_qwen25_7b.csv,answers_qwen25_7b,Q052,Z,Things in a zoo,18,zebra,zebra,1,1,0,Q052::18
Part3/outputs/answers_qwen25_7b.csv,answers_qwen25_7b,Q052,Z,Things in a zoo,19,zebra,zebra,1,1,0,Q052::19
Part3/outputs/answers_qwen25_7b.csv,answers_qwen25_7b,Q053,A,Things in a kitchen,0,apple,apple,0,0,0,Q053::0
Part3/outputs/answers_qwen25_7b.csv,answers_qwen25_7b,Q053,A,Things in a kitchen,1,apple,apple,0,0,0,Q053::1
Part3/outputs/answers_qwen25_7b.csv,answers_qwen25_7b,Q053,A,Things in a kitchen,2,apple,apple,0,0,0,Q053::2
Part3/outputs/answers_qwen25_7b.csv,answers_qwen25_7b,Q053,A,Things in a kitchen,3,apple,apple,0,0,0,Q053::3
Part3/outputs/answers_qwen25_7b.csv,answers_qwen25_7b,Q053,A,Things in a kitchen,4,apron,apron,1,0,1,Q053::4
Part3/outputs/answers_qwen25_7b.csv,answers_qwen25_7b,Q053,A,Things in a kitchen,5,apple,apple,0,0,0,Q053::5
Part3/outputs/answers_qwen25_7b.csv,answers_qwen25_7b,Q053,A,Things in a kitchen,6,apple,apple,0,0,0,Q053::6
Part3/outputs/answers_qwen25_7b.csv,answers_qwen25_7b,Q053,A,Things in a kitchen,7,apple,apple,0,0,0,Q053::7
Part3/outputs/answers_qwen25_7b.csv,answers_qwen25_7b,Q053,A,Things in a kitchen,8,apron,apron,1,0,1,Q053::8
Part3/outputs/answers_qwen25_7b.csv,answers_qwen25_7b,Q053,A,Things in a kitchen,9,apron,apron,1,0,1,Q053::9
Part3/outputs/answers_qwen25_7b.csv,answers_qwen25_7b,Q053,A,Things in a kitchen,10,apron,apron,1,0,1,Q053::10
Part3/outputs/answers_qwen25_7b.csv,answers_qwen25_7b,Q053,A,Things in a kitchen,11,apple,apple,0,0,0,Q053::11
Part3/outputs/answers_qwen25_7b.csv,answers_qwen25_7b,Q053,A,Things in a kitchen,12,apron,apron,1,0,1,Q053::12
Part3/outputs/answers_qwen25_7b.csv,answers_qwen25_7b,Q053,A,Things in a kitchen,13,apple,apple,0,0,0,Q053::13
Part3/outputs/answers_qwen25_7b.csv,answers_qwen25_7b,Q053,A,Things in a kitchen,14,apple,apple,0,0,0,Q053::14
Part3/outputs/answers_qwen25_7b.csv,answers_qwen25_7b,Q053,A,Things in a kitchen,15,apple,apple,0,0,0,Q053::15
Part3/outputs/answers_qwen25_7b.csv,answers_qwen25_7b,Q053,A,Things in a kitchen,16,knife,knife,0,0,0,Q053::16
Part3/outputs/answers_qwen25_7b.csv,answers_qwen25_7b,Q053,A,Things in a kitchen,17,apple,apple,0,0,0,Q053::17
Part3/outputs/answers_qwen25_7b.csv,answers_qwen25_7b,Q053,A,Things in a kitchen,18,apple,apple,0,0,0,Q053::18
Part3/outputs/answers_qwen25_7b.csv,answers_qwen25_7b,Q053,A,Things in a kitchen,19,apple,apple,0,0,0,Q053::19
Part3/outputs/answers_qwen25_7b.csv,answers_qwen25_7b,Q054,B,Singers,0,bruno mars,bruno mars,1,0,1,Q054::0
Part3/outputs/answers_qwen25_7b.csv,answers_qwen25_7b,Q054,B,Singers,1,brandy歌手,brandy,1,0,1,Q054::1
Part3/outputs/answers_qwen25_7b.csv,answers_qwen25_7b,Q054,B,Singers,2,backstreet boys,backstreet boys,1,0,1,Q054::2
Part3/outputs/answers_qwen25_7b.csv,answers_qwen25_7b,Q054,B,Singers,3,bruce springsteen,bruce springsteen,1,0,1,Q054::3
Part3/outputs/answers_qwen25_7b.csv,answers_qwen25_7b,Q054,B,Singers,4,backstreet boys,backstreet boys,1,0,1,Q054::4
Part3/outputs/answers_qwen25_7b.csv,answers_qwen25_7b,Q054,B,Singers,5,britney spears,britney spears,1,0,1,Q054::5
Part3/outputs/answers_qwen25_7b.csv,answers_qwen25_7b,Q054,B,Singers,6,beyoncé,beyonc,0,0,0,Q054::6
Part3/outputs/answers_qwen25_7b.csv,answers_qwen25_7b,Q054,B,Singers,7,brandykkeeps,brandykkeeps,0,0,0,Q054::7
Part3/outputs/answers_qwen25_7b.csv,answers_qwen25_7b,Q054,B,Singers,8,beyoncé,beyonc,0,0,0,Q054::8
Part3/outputs/answers_qwen25_7b.csv,answers_qwen25_7b,Q054,B,Singers,9,brandy norris,brandy norris,0,0,0,Q054::9
Part3/outputs/answers_qwen25_7b.csv,answers_qwen25_7b,Q054,B,Singers,10,beck,beck,1,0,1,Q054::10
Part3/outputs/answers_qwen25_7b.csv,answers_qwen25_7b,Q054,B,Singers,11,beyoncé,beyonc,0,0,0,Q054::11
Part3/outputs/answers_qwen25_7b.csv,answers_qwen25_7b,Q054,B,Singers,12,britney spears,britney spears,1,1,0,Q054::12
Part3/outputs/answers_qwen25_7b.csv,answers_qwen25_7b,Q054,B,Singers,13,bruno mars,bruno mars,1,0,1,Q054::13
Part3/outputs/answers_qwen25_7b.csv,answers_qwen25_7b,Q054,B,Singers,14,beyoncé,beyonc,0,0,0,Q054::14
Part3/outputs/answers_qwen25_7b.csv,answers_qwen25_7b,Q054,B,Singers,15,bruce springsteen,bruce springsteen,1,0,1,Q054::15
Part3/outputs/answers_qwen25_7b.csv,answers_qwen25_7b,Q054,B,Singers,16,bruno mars,bruno mars,1,0,1,Q054::16
Part3/outputs/answers_qwen25_7b.csv,answers_qwen25_7b,Q054,B,Singers,17,britney spears,britney spears,1,0,1,Q054::17
Part3/outputs/answers_qwen25_7b.csv,answers_qwen25_7b,Q054,B,Singers,18,brandykkearsley,brandykkearsley,0,0,0,Q054::18
Part3/outputs/answers_qwen25_7b.csv,answers_qwen25_7b,Q054,B,Singers,19,brandy singer,brandy singer,1,0,1,Q054::19
Part3/outputs/answers_qwen25_7b.csv,answers_qwen25_7b,Q055,C,Desserts,0,chocolate cake,chocolate cake,1,1,0,Q055::0
Part3/outputs/answers_qwen25_7b.csv,answers_qwen25_7b,Q055,C,Desserts,1,chocolate cake,chocolate cake,1,1,0,Q055::1
Part3/outputs/answers_qwen25_7b.csv,answers_qwen25_7b,Q055,C,Desserts,2,chocolate cake,chocolate cake,1,1,0,Q055::2
Part3/outputs/answers_qwen25_7b.csv,answers_qwen25_7b,Q055,C,Desserts,3,chocolate cake,chocolate cake,1,1,0,Q055::3
Part3/outputs/answers_qwen25_7b.csv,answers_qwen25_7b,Q055,C,Desserts,4,chocolate cake,chocolate cake,1,1,0,Q055::4
Part3/outputs/answers_qwen25_7b.csv,answers_qwen25_7b,Q055,C,Desserts,5,chocolate cake,chocolate cake,1,1,0,Q055::5
Part3/outputs/answers_qwen25_7b.csv,answers_qwen25_7b,Q055,C,Desserts,6,chocolate cake,chocolate cake,1,1,0,Q055::6
Part3/outputs/answers_qwen25_7b.csv,answers_qwen25_7b,Q055,C,Desserts,7,chocolate cake,chocolate cake,1,1,0,Q055::7
Part3/outputs/answers_qwen25_7b.csv,answers_qwen25_7b,Q055,C,Desserts,8,chocolate cake,chocolate cake,1,1,0,Q055::8
Part3/outputs/answers_qwen25_7b.csv,answers_qwen25_7b,Q055,C,Desserts,9,chocolate cake,chocolate cake,1,1,0,Q055::9
Part3/outputs/answers_qwen25_7b.csv,answers_qwen25_7b,Q055,C,Desserts,10,chocolate cake,chocolate cake,1,1,0,Q055::10
Part3/outputs/answers_qwen25_7b.csv,answers_qwen25_7b,Q055,C,Desserts,11,chocolate cake,chocolate cake,1,1,0,Q055::11
Part3/outputs/answers_qwen25_7b.csv,answers_qwen25_7b,Q055,C,Desserts,12,chocolate cake,chocolate cake,1,1,0,Q055::12
Part3/outputs/answers_qwen25_7b.csv,answers_qwen25_7b,Q055,C,Desserts,13,chocolate cake,chocolate cake,1,1,0,Q055::13
Part3/outputs/answers_qwen25_7b.csv,answers_qwen25_7b,Q055,C,Desserts,14,chocolate cake,chocolate cake,1,1,0,Q055::14
Part3/outputs/answers_qwen25_7b.csv,answers_qwen25_7b,Q055,C,Desserts,15,chocolate cake,chocolate cake,1,1,0,Q055::15
Part3/outputs/answers_qwen25_7b.csv,answers_qwen25_7b,Q055,C,Desserts,16,chocolate cake,chocolate cake,1,1,0,Q055::16
Part3/outputs/answers_qwen25_7b.csv,answers_qwen25_7b,Q055,C,Desserts,17,chocolate cake,chocolate cake,1,1,0,Q055::17
Part3/outputs/answers_qwen25_7b.csv,answers_qwen25_7b,Q055,C,Desserts,18,chocolate cake,chocolate cake,1,1,0,Q055::18
Part3/outputs/answers_qwen25_7b.csv,answers_qwen25_7b,Q055,C,Desserts,19,chocolate cake,chocolate cake,1,1,0,Q055::19
Part3/outputs/answers_qwen25_7b.csv,answers_qwen25_7b,Q056,D,Plants,0,daisy,daisy,1,1,0,Q056::0
Part3/outputs/answers_qwen25_7b.csv,answers_qwen25_7b,Q056,D,Plants,1,daisy,daisy,1,1,0,Q056::1
Part3/outputs/answers_qwen25_7b.csv,answers_qwen25_7b,Q056,D,Plants,2,daisy,daisy,1,1,0,Q056::2
Part3/outputs/answers_qwen25_7b.csv,answers_qwen25_7b,Q056,D,Plants,3,daisy,daisy,1,1,0,Q056::3
Part3/outputs/answers_qwen25_7b.csv,answers_qwen25_7b,Q056,D,Plants,4,daisy,daisy,1,1,0,Q056::4
Part3/outputs/answers_qwen25_7b.csv,answers_qwen25_7b,Q056,D,Plants,5,dandelion,dandelion,1,0,1,Q056::5
Part3/outputs/answers_qwen25_7b.csv,answers_qwen25_7b,Q056,D,Plants,6,daisy,daisy,1,1,0,Q056::6
Part3/outputs/answers_qwen25_7b.csv,answers_qwen25_7b,Q056,D,Plants,7,daisy,daisy,1,1,0,Q056::7
Part3/outputs/answers_qwen25_7b.csv,answers_qwen25_7b,Q056,D,Plants,8,daisy,daisy,1,1,0,Q056::8
Part3/outputs/answers_qwen25_7b.csv,answers_qwen25_7b,Q056,D,Plants,9,dandelion,dandelion,1,1,0,Q056::9
Part3/outputs/answers_qwen25_7b.csv,answers_qwen25_7b,Q056,D,Plants,10,daisy,daisy,1,1,0,Q056::10
Part3/outputs/answers_qwen25_7b.csv,answers_qwen25_7b,Q056,D,Plants,11,daisy,daisy,1,1,0,Q056::11
Part3/outputs/answers_qwen25_7b.csv,answers_qwen25_7b,Q056,D,Plants,12,daisy,daisy,1,0,1,Q056::12
Part3/outputs/answers_qwen25_7b.csv,answers_qwen25_7b,Q056,D,Plants,13,daisy,daisy,1,1,0,Q056::13
Part3/outputs/answers_qwen25_7b.csv,answers_qwen25_7b,Q056,D,Plants,14,daisy,daisy,1,1,0,Q056::14
Part3/outputs/answers_qwen25_7b.csv,answers_qwen25_7b,Q056,D,Plants,15,daisy,daisy,1,0,1,Q056::15
Part3/outputs/answers_qwen25_7b.csv,answers_qwen25_7b,Q056,D,Plants,16,daisy,daisy,1,1,0,Q056::16
Part3/outputs/answers_qwen25_7b.csv,answers_qwen25_7b,Q056,D,Plants,17,daisy,daisy,1,1,0,Q056::17
Part3/outputs/answers_qwen25_7b.csv,answers_qwen25_7b,Q056,D,Plants,18,daisy,daisy,1,0,1,Q056::18
Part3/outputs/answers_qwen25_7b.csv,answers_qwen25_7b,Q056,D,Plants,19,daisy,daisy,1,1,0,Q056::19
Part3/outputs/answers_qwen25_7b.csv,answers_qwen25_7b,Q057,E,Companies,0,economex,economex,0,0,0,Q057::0
Part3/outputs/answers_qwen25_7b.csv,answers_qwen25_7b,Q057,E,Companies,1,eBay,ebay,1,1,0,Q057::1
Part3/outputs/answers_qwen25_7b.csv,answers_qwen25_7b,Q057,E,Companies,2,eBay,ebay,1,0,1,Q057::2
Part3/outputs/answers_qwen25_7b.csv,answers_qwen25_7b,Q057,E,Companies,3,ebay,ebay,1,1,0,Q057::3
Part3/outputs/answers_qwen25_7b.csv,answers_qwen25_7b,Q057,E,Companies,4,ebay,ebay,1,1,0,Q057::4
Part3/outputs/answers_qwen25_7b.csv,answers_qwen25_7b,Q057,E,Companies,5,ebay,ebay,1,0,1,Q057::5
Part3/outputs/answers_qwen25_7b.csv,answers_qwen25_7b,Q057,E,Companies,6,e bay,e bay,1,0,1,Q057::6
Part3/outputs/answers_qwen25_7b.csv,answers_qwen25_7b,Q057,E,Companies,7,e bay,e bay,1,0,1,Q057::7
Part3/outputs/answers_qwen25_7b.csv,answers_qwen25_7b,Q057,E,Companies,8,economex,economex,0,0,0,Q057::8
Part3/outputs/answers_qwen25_7b.csv,answers_qwen25_7b,Q057,E,Companies,9,eBay,ebay,1,0,1,Q057::9
Part3/outputs/answers_qwen25_7b.csv,answers_qwen25_7b,Q057,E,Companies,10,ebay,ebay,1,1,0,Q057::10
Part3/outputs/answers_qwen25_7b.csv,answers_qwen25_7b,Q057,E,Companies,11,eaton,eaton,1,0,1,Q057::11
Part3/outputs/answers_qwen25_7b.csv,answers_qwen25_7b,Q057,E,Companies,12,ebay,ebay,1,0,1,Q057::12
Part3/outputs/answers_qwen25_7b.csv,answers_qwen25_7b,Q057,E,Companies,13,ebay,ebay,1,1,0,Q057::13
Part3/outputs/answers_qwen25_7b.csv,answers_qwen25_7b,Q057,E,Companies,14,eBay,ebay,1,0,1,Q057::14
Part3/outputs/answers_qwen25_7b.csv,answers_qwen25_7b,Q057,E,Companies,15,eastman kodak,eastman kodak,0,0,0,Q057::15
Part3/outputs/answers_qwen25_7b.csv,answers_qwen25_7b,Q057,E,Companies,16,ebay,ebay,1,1,0,Q057::16
Part3/outputs/answers_qwen25_7b.csv,answers_qwen25_7b,Q057,E,Companies,17,exxon mobil,exxon mobil,1,0,1,Q057::17
Part3/outputs/answers_qwen25_7b.csv,answers_qwen25_7b,Q057,E,Companies,18,eastman kobalt,eastman kobalt,0,0,0,Q057::18
Part3/outputs/answers_qwen25_7b.csv,answers_qwen25_7b,Q057,E,Companies,19,ebay,ebay,1,1,0,Q057::19
Part3/outputs/answers_qwen25_7b.csv,answers_qwen25_7b,Q058,F,Movie characters,0,frodo baggins,frodo baggins,1,0,1,Q058::0
Part3/outputs/answers_qwen25_7b.csv,answers_qwen25_7b,Q058,F,Movie characters,1,frankenstein,frankenstein,0,0,0,Q058::1
Part3/outputs/answers_qwen25_7b.csv,answers_qwen25_7b,Q058,F,Movie characters,2,ferris bueller,ferris bueller,1,0,1,Q058::2
Part3/outputs/answers_qwen25_7b.csv,answers_qwen25_7b,Q058,F,Movie characters,3,freddy krueger,freddy krueger,1,0,1,Q058::3
Part3/outputs/answers_qwen25_7b.csv,answers_qwen25_7b,Q058,F,Movie characters,4,fred flintstone,fred flintstone,1,0,1,Q058::4
Part3/outputs/answers_qwen25_7b.csv,answers_qwen25_7b,Q058,F,Movie characters,5,forrest gump,forrest gump,1,1,0,Q058::5
Part3/outputs/answers_qwen25_7b.csv,answers_qwen25_7b,Q058,F,Movie characters,6,fred flintstone,fred flintstone,1,1,0,Q058::6
Part3/outputs/answers_qwen25_7b.csv,answers_qwen25_7b,Q058,F,Movie characters,7,fred flintstone,fred flintstone,1,1,0,Q058::7
Part3/outputs/answers_qwen25_7b.csv,answers_qwen25_7b,Q058,F,Movie characters,8,friday lettice,friday lettice,0,0,0,Q058::8
Part3/outputs/answers_qwen25_7b.csv,answers_qwen25_7b,Q058,F,Movie characters,9,fred flintstone,fred flintstone,1,1,0,Q058::9
Part3/outputs/answers_qwen25_7b.csv,answers_qwen25_7b,Q058,F,Movie characters,10,fred flintstone,fred flintstone,1,0,1,Q058::10
Part3/outputs/answers_qwen25_7b.csv,answers_qwen25_7b,Q058,F,Movie characters,11,fred flintstone,fred flintstone,1,0,1,Q058::11
Part3/outputs/answers_qwen25_7b.csv,answers_qwen25_7b,Q058,F,Movie characters,12,fred flintstone,fred flintstone,1,1,0,Q058::12
Part3/outputs/answers_qwen25_7b.csv,answers_qwen25_7b,Q058,F,Movie characters,13,frodo baggins,frodo baggins,1,0,1,Q058::13
Part3/outputs/answers_qwen25_7b.csv,answers_qwen25_7b,Q058,F,Movie characters,14,fred flintstone,fred flintstone,1,0,1,Q058::14
Part3/outputs/answers_qwen25_7b.csv,answers_qwen25_7b,Q058,F,Movie characters,15,frodo baggins,frodo baggins,1,0,1,Q058::15
Part3/outputs/answers_qwen25_7b.csv,answers_qwen25_7b,Q058,F,Movie characters,16,fred flintstone,fred flintstone,1,0,1,Q058::16
Part3/outputs/answers_qwen25_7b.csv,answers_qwen25_7b,Q058,F,Movie characters,17,fred flintstone,fred flintstone,1,0,1,Q058::17
Part3/outputs/answers_qwen25_7b.csv,answers_qwen25_7b,Q058,F,Movie characters,18,forrest gump,forrest gump,1,0,1,Q058::18
Part3/outputs/answers_qwen25_7b.csv,answers_qwen25_7b,Q058,F,Movie characters,19,fred flintstone,fred flintstone,1,1,0,Q058::19
Part3/outputs/answers_qwen25_7b.csv,answers_qwen25_7b,Q059,G,Things in a toolbox,0,hammer,hammer,1,0,1,Q059::0
Part3/outputs/answers_qwen25_7b.csv,answers_qwen25_7b,Q059,G,Things in a toolbox,1,hammer,hammer,1,1,0,Q059::1
Part3/outputs/answers_qwen25_7b.csv,answers_qwen25_7b,Q059,G,Things in a toolbox,2,hammer,hammer,1,1,0,Q059::2
Part3/outputs/answers_qwen25_7b.csv,answers_qwen25_7b,Q059,G,Things in a toolbox,3,hammer,hammer,1,1,0,Q059::3
Part3/outputs/answers_qwen25_7b.csv,answers_qwen25_7b,Q059,G,Things in a toolbox,4,hammer,hammer,1,1,0,Q059::4
Part3/outputs/answers_qwen25_7b.csv,answers_qwen25_7b,Q059,G,Things in a toolbox,5,hammer,hammer,1,1,0,Q059::5
Part3/outputs/answers_qwen25_7b.csv,answers_qwen25_7b,Q059,G,Things in a toolbox,6,hammer,hammer,1,1,0,Q059::6
Part3/outputs/answers_qwen25_7b.csv,answers_qwen25_7b,Q059,G,Things in a toolbox,7,hammer,hammer,1,1,0,Q059::7
Part3/outputs/answers_qwen25_7b.csv,answers_qwen25_7b,Q059,G,Things in a toolbox,8,hammer,hammer,1,0,1,Q059::8
Part3/outputs/answers_qwen25_7b.csv,answers_qwen25_7b,Q059,G,Things in a toolbox,9,hammer,hammer,1,1,0,Q059::9
Part3/outputs/answers_qwen25_7b.csv,answers_qwen25_7b,Q059,G,Things in a toolbox,10,hammer,hammer,1,1,0,Q059::10
Part3/outputs/answers_qwen25_7b.csv,answers_qwen25_7b,Q059,G,Things in a toolbox,11,hammer gunnelle,hammer gunnelle,0,0,0,Q059::11
Part3/outputs/answers_qwen25_7b.csv,answers_qwen25_7b,Q059,G,Things in a toolbox,12,hammer gun,hammer gun,0,0,0,Q059::12
Part3/outputs/answers_qwen25_7b.csv,answers_qwen25_7b,Q059,G,Things in a toolbox,13,hammer,hammer,1,1,0,Q059::13
Part3/outputs/answers_qwen25_7b.csv,answers_qwen25_7b,Q059,G,Things in a toolbox,14,hammer,hammer,1,1,0,Q059::14
Part3/outputs/answers_qwen25_7b.csv,answers_qwen25_7b,Q059,G,Things in a toolbox,15,hammer,hammer,1,1,0,Q059::15
Part3/outputs/answers_qwen25_7b.csv,answers_qwen25_7b,Q059,G,Things in a toolbox,16,hammer,hammer,1,0,1,Q059::16
Part3/outputs/answers_qwen25_7b.csv,answers_qwen25_7b,Q059,G,Things in a toolbox,17,hammer,hammer,1,1,0,Q059::17
Part3/outputs/answers_qwen25_7b.csv,answers_qwen25_7b,Q059,G,Things in a toolbox,18,hammer,hammer,1,1,0,Q059::18
Part3/outputs/answers_qwen25_7b.csv,answers_qwen25_7b,Q059,G,Things in a toolbox,19,hammer gunnivelatorpliersplane,hammer gunnivelatorpliersplane,0,0,0,Q059::19
Part3/outputs/answers_qwen25_7b.csv,answers_qwen25_7b,Q060,H,Countries,0,honduras,honduras,1,1,0,Q060::0
Part3/outputs/answers_qwen25_7b.csv,answers_qwen25_7b,Q060,H,Countries,1,hong kong,hong kong,0,0,0,Q060::1
Part3/outputs/answers_qwen25_7b.csv,answers_qwen25_7b,Q060,H,Countries,2,hong kong,hong kong,0,0,0,Q060::2
Part3/outputs/answers_qwen25_7b.csv,answers_qwen25_7b,Q060,H,Countries,3,hungary,hungary,1,0,1,Q060::3
Part3/outputs/answers_qwen25_7b.csv,answers_qwen25_7b,Q060,H,Countries,4,honduras,honduras,1,0,1,Q060::4
Part3/outputs/answers_qwen25_7b.csv,answers_qwen25_7b,Q060,H,Countries,5,honduras,honduras,1,0,1,Q060::5
Part3/outputs/answers_qwen25_7b.csv,answers_qwen25_7b,Q060,H,Countries,6,honduras,honduras,1,0,1,Q060::6
Part3/outputs/answers_qwen25_7b.csv,answers_qwen25_7b,Q060,H,Countries,7,honduras,honduras,1,0,1,Q060::7
Part3/outputs/answers_qwen25_7b.csv,answers_qwen25_7b,Q060,H,Countries,8,hungary,hungary,1,0,1,Q060::8
Part3/outputs/answers_qwen25_7b.csv,answers_qwen25_7b,Q060,H,Countries,9,hungary,hungary,1,0,1,Q060::9
Part3/outputs/answers_qwen25_7b.csv,answers_qwen25_7b,Q060,H,Countries,10,hungary,hungary,1,1,0,Q060::10
Part3/outputs/answers_qwen25_7b.csv,answers_qwen25_7b,Q060,H,Countries,11,honduras,honduras,1,0,1,Q060::11
Part3/outputs/answers_qwen25_7b.csv,answers_qwen25_7b,Q060,H,Countries,12,hong kong,hong kong,0,0,0,Q060::12
Part3/outputs/answers_qwen25_7b.csv,answers_qwen25_7b,Q060,H,Countries,13,hungary,hungary,1,1,0,Q060::13
Part3/outputs/answers_qwen25_7b.csv,answers_qwen25_7b,Q060,H,Countries,14,hungary,hungary,1,0,1,Q060::14
Part3/outputs/answers_qwen25_7b.csv,answers_qwen25_7b,Q060,H,Countries,15,honduras,honduras,1,0,1,Q060::15
Part3/outputs/answers_qwen25_7b.csv,answers_qwen25_7b,Q060,H,Countries,16,honduras,honduras,1,0,1,Q060::16
Part3/outputs/answers_qwen25_7b.csv,answers_qwen25_7b,Q060,H,Countries,17,haiti,haiti,1,0,1,Q060::17
Part3/outputs/answers_qwen25_7b.csv,answers_qwen25_7b,Q060,H,Countries,18,honduras,honduras,1,0,1,Q060::18
Part3/outputs/answers_qwen25_7b.csv,answers_qwen25_7b,Q060,H,Countries,19,hong kong,hong kong,0,0,0,Q060::19
Part3/outputs/answers_qwen25_7b.csv,answers_qwen25_7b,Q061,I,Musical artists,0,ironic alice cooper,ironic alice cooper,0,0,0,Q061::0
Part3/outputs/answers_qwen25_7b.csv,answers_qwen25_7b,Q061,I,Musical artists,1,ironic ice crusaders,ironic ice crusaders,0,0,0,Q061::1
Part3/outputs/answers_qwen25_7b.csv,answers_qwen25_7b,Q061,I,Musical artists,2,ironic iggy,ironic iggy,0,0,0,Q061::2
Part3/outputs/answers_qwen25_7b.csv,answers_qwen25_7b,Q061,I,Musical artists,3,igor stravinsky,igor stravinsky,0,0,0,Q061::3
Part3/outputs/answers_qwen25_7b.csv,answers_qwen25_7b,Q061,I,Musical artists,4,ironic iggy,ironic iggy,0,0,0,Q061::4
Part3/outputs/answers_qwen25_7b.csv,answers_qwen25_7b,Q061,I,Musical artists,5,ina giroldi,ina giroldi,0,0,0,Q061::5
Part3/outputs/answers_qwen25_7b.csv,answers_qwen25_7b,Q061,I,Musical artists,6,igor stravinsky,igor stravinsky,0,0,0,Q061::6
Part3/outputs/answers_qwen25_7b.csv,answers_qwen25_7b,Q061,I,Musical artists,7,ironic,ironic,0,0,0,Q061::7
Part3/outputs/answers_qwen25_7b.csv,answers_qwen25_7b,Q061,I,Musical artists,8,ironic ivan,ironic ivan,0,0,0,Q061::8
Part3/outputs/answers_qwen25_7b.csv,answers_qwen25_7b,Q061,I,Musical artists,9,ironic iqaluit ivory coast iboga ivory jack逊伊云,ironic iqaluit ivory coast iboga ivory jack,0,0,0,Q061::9
Part3/outputs/answers_qwen25_7b.csv,answers_qwen25_7b,Q061,I,Musical artists,10,ironic ice nine fits Friday,ironic ice nine fits friday,0,0,0,Q061::10
Part3/outputs/answers_qwen25_7b.csv,answers_qwen25_7b,Q061,I,Musical artists,11,ironic irony iggy iggulden,ironic irony iggy iggulden,0,0,0,Q061::11
Part3/outputs/answers_qwen25_7b.csv,answers_qwen25_7b,Q061,I,Musical artists,12,ironic brothers,ironic brothers,0,0,0,Q061::12
Part3/outputs/answers_qwen25_7b.csv,answers_qwen25_7b,Q061,I,Musical artists,13,igor stravinsky,igor stravinsky,0,0,0,Q061::13
Part3/outputs/answers_qwen25_7b.csv,answers_qwen25_7b,Q061,I,Musical artists,14,ironic islanders,ironic islanders,0,0,0,Q061::14
Part3/outputs/answers_qwen25_7b.csv,answers_qwen25_7b,Q061,I,Musical artists,15,ironic iqaluit iceage ice cream incest iggy,ironic iqaluit iceage ice cream incest iggy,0,0,0,Q061::15
Part3/outputs/answers_qwen25_7b.csv,answers_qwen25_7b,Q061,I,Musical artists,16,ina babys back.Pages 1 of 1,ina babys back.pages 1 of 1,0,0,0,Q061::16
Part3/outputs/answers_qwen25_7b.csv,answers_qwen25_7b,Q061,I,Musical artists,17,iron maiden,iron maiden,1,0,1,Q061::17
Part3/outputs/answers_qwen25_7b.csv,answers_qwen25_7b,Q061,I,Musical artists,18,ironic sisters,ironic sisters,0,0,0,Q061::18
Part3/outputs/answers_qwen25_7b.csv,answers_qwen25_7b,Q061,I,Musical artists,19,iron maiden,iron maiden,1,0,1,Q061::19
Part3/outputs/answers_qwen25_7b.csv,answers_qwen25_7b,Q062,J,Things in a refrigerator,0,juice,juice,1,1,0,Q062::0
Part3/outputs/answers_qwen25_7b.csv,answers_qwen25_7b,Q062,J,Things in a refrigerator,1,juice,juice,1,1,0,Q062::1
Part3/outputs/answers_qwen25_7b.csv,answers_qwen25_7b,Q062,J,Things in a refrigerator,2,juice,juice,1,1,0,Q062::2
Part3/outputs/answers_qwen25_7b.csv,answers_qwen25_7b,Q062,J,Things in a refrigerator,3,juice,juice,1,1,0,Q062::3
Part3/outputs/answers_qwen25_7b.csv,answers_qwen25_7b,Q062,J,Things in a refrigerator,4,juice,juice,1,1,0,Q062::4
Part3/outputs/answers_qwen25_7b.csv,answers_qwen25_7b,Q062,J,Things in a refrigerator,5,juice,juice,1,1,0,Q062::5
Part3/outputs/answers_qwen25_7b.csv,answers_qwen25_7b,Q062,J,Things in a refrigerator,6,juice,juice,1,1,0,Q062::6
Part3/outputs/answers_qwen25_7b.csv,answers_qwen25_7b,Q062,J,Things in a refrigerator,7,juice,juice,1,1,0,Q062::7
Part3/outputs/answers_qwen25_7b.csv,answers_qwen25_7b,Q062,J,Things in a refrigerator,8,juice,juice,1,1,0,Q062::8
Part3/outputs/answers_qwen25_7b.csv,answers_qwen25_7b,Q062,J,Things in a refrigerator,9,juice,juice,1,1,0,Q062::9
Part3/outputs/answers_qwen25_7b.csv,answers_qwen25_7b,Q062,J,Things in a refrigerator,10,juice,juice,1,1,0,Q062::10
Part3/outputs/answers_qwen25_7b.csv,answers_qwen25_7b,Q062,J,Things in a refrigerator,11,juice,juice,1,1,0,Q062::11
Part3/outputs/answers_qwen25_7b.csv,answers_qwen25_7b,Q062,J,Things in a refrigerator,12,juice,juice,1,0,1,Q062::12
Part3/outputs/answers_qwen25_7b.csv,answers_qwen25_7b,Q062,J,Things in a refrigerator,13,juice,juice,1,1,0,Q062::13
Part3/outputs/answers_qwen25_7b.csv,answers_qwen25_7b,Q062,J,Things in a refrigerator,14,juice,juice,1,1,0,Q062::14
Part3/outputs/answers_qwen25_7b.csv,answers_qwen25_7b,Q062,J,Things in a refrigerator,15,juice,juice,1,1,0,Q062::15
Part3/outputs/answers_qwen25_7b.csv,answers_qwen25_7b,Q062,J,Things in a refrigerator,16,juice,juice,1,1,0,Q062::16
Part3/outputs/answers_qwen25_7b.csv,answers_qwen25_7b,Q062,J,Things in a refrigerator,17,juice,juice,1,1,0,Q062::17
Part3/outputs/answers_qwen25_7b.csv,answers_qwen25_7b,Q062,J,Things in a refrigerator,18,juice,juice,1,1,0,Q062::18
Part3/outputs/answers_qwen25_7b.csv,answers_qwen25_7b,Q062,J,Things in a refrigerator,19,juice,juice,1,1,0,Q062::19
Part3/outputs/answers_qwen25_7b.csv,answers_qwen25_7b,Q063,K,Cities,0,kansas city,kansas city,1,0,1,Q063::0
Part3/outputs/answers_qwen25_7b.csv,answers_qwen25_7b,Q063,K,Cities,1,knoxville,knoxville,1,0,1,Q063::1
Part3/outputs/answers_qwen25_7b.csv,answers_qwen25_7b,Q063,K,Cities,2,knoxville,knoxville,1,0,1,Q063::2
Part3/outputs/answers_qwen25_7b.csv,answers_qwen25_7b,Q063,K,Cities,3,kent,kent,0,0,0,Q063::3
Part3/outputs/answers_qwen25_7b.csv,answers_qwen25_7b,Q063,K,Cities,4,kiel,kiel,1,0,1,Q063::4
Part3/outputs/answers_qwen25_7b.csv,answers_qwen25_7b,Q063,K,Cities,5,kiel,kiel,1,0,1,Q063::5
Part3/outputs/answers_qwen25_7b.csv,answers_qwen25_7b,Q063,K,Cities,6,kansas city,kansas city,1,0,1,Q063::6
Part3/outputs/answers_qwen25_7b.csv,answers_qwen25_7b,Q063,K,Cities,7,kansas city,kansas city,1,0,1,Q063::7
Part3/outputs/answers_qwen25_7b.csv,answers_qwen25_7b,Q063,K,Cities,8,knoxville,knoxville,1,1,0,Q063::8
Part3/outputs/answers_qwen25_7b.csv,answers_qwen25_7b,Q063,K,Cities,9,kansas city,kansas city,1,0,1,Q063::9
Part3/outputs/answers_qwen25_7b.csv,answers_qwen25_7b,Q063,K,Cities,10,kingston,kingston,1,0,1,Q063::10
Part3/outputs/answers_qwen25_7b.csv,answers_qwen25_7b,Q063,K,Cities,11,knoxville,knoxville,1,1,0,Q063::11
Part3/outputs/answers_qwen25_7b.csv,answers_qwen25_7b,Q063,K,Cities,12,kingston,kingston,1,0,1,Q063::12
Part3/outputs/answers_qwen25_7b.csv,answers_qwen25_7b,Q063,K,Cities,13,kansas city,kansas city,1,0,1,Q063::13
Part3/outputs/answers_qwen25_7b.csv,answers_qwen25_7b,Q063,K,Cities,14,kitchener,kitchener,1,0,1,Q063::14
Part3/outputs/answers_qwen25_7b.csv,answers_qwen25_7b,Q063,K,Cities,15,knoxville,knoxville,1,0,1,Q063::15
Part3/outputs/answers_qwen25_7b.csv,answers_qwen25_7b,Q063,K,Cities,16,kirov,kirov,1,0,1,Q063::16
Part3/outputs/answers_qwen25_7b.csv,answers_qwen25_7b,Q063,K,Cities,17,knoxville,knoxville,1,1,0,Q063::17
Part3/outputs/answers_qwen25_7b.csv,answers_qwen25_7b,Q063,K,Cities,18,kansas city,kansas city,1,0,1,Q063::18
Part3/outputs/answers_qwen25_7b.csv,answers_qwen25_7b,Q063,K,Cities,19,kingston,kingston,1,0,1,Q063::19
Part3/outputs/answers_qwen25_7b.csv,answers_qwen25_7b,Q064,L,Things in a library,0,library card,library card,0,0,0,Q064::0
Part3/outputs/answers_qwen25_7b.csv,answers_qwen25_7b,Q064,L,Things in a library,1,library card,library card,0,0,0,Q064::1
Part3/outputs/answers_qwen25_7b.csv,answers_qwen25_7b,Q064,L,Things in a library,2,library,library,0,0,0,Q064::2
Part3/outputs/answers_qwen25_7b.csv,answers_qwen25_7b,Q064,L,Things in a library,3,library,library,0,0,0,Q064::3
Part3/outputs/answers_qwen25_7b.csv,answers_qwen25_7b,Q064,L,Things in a library,4,library,library,0,0,0,Q064::4
Part3/outputs/answers_qwen25_7b.csv,answers_qwen25_7b,Q064,L,Things in a library,5,library card,library card,0,0,0,Q064::5
Part3/outputs/answers_qwen25_7b.csv,answers_qwen25_7b,Q064,L,Things in a library,6,library card,library card,0,0,0,Q064::6
Part3/outputs/answers_qwen25_7b.csv,answers_qwen25_7b,Q064,L,Things in a library,7,library card,library card,0,0,0,Q064::7
Part3/outputs/answers_qwen25_7b.csv,answers_qwen25_7b,Q064,L,Things in a library,8,library card,library card,0,0,0,Q064::8
Part3/outputs/answers_qwen25_7b.csv,answers_qwen25_7b,Q064,L,Things in a library,9,library,library,0,0,0,Q064::9
Part3/outputs/answers_qwen25_7b.csv,answers_qwen25_7b,Q064,L,Things in a library,10,library card,library card,0,0,0,Q064::10
Part3/outputs/answers_qwen25_7b.csv,answers_qwen25_7b,Q064,L,Things in a library,11,library,library,0,0,0,Q064::11
Part3/outputs/answers_qwen25_7b.csv,answers_qwen25_7b,Q064,L,Things in a library,12,library,library,0,0,0,Q064::12
Part3/outputs/answers_qwen25_7b.csv,answers_qwen25_7b,Q064,L,Things in a library,13,library card,library card,0,0,0,Q064::13
Part3/outputs/answers_qwen25_7b.csv,answers_qwen25_7b,Q064,L,Things in a library,14,library card,library card,0,0,0,Q064::14
Part3/outputs/answers_qwen25_7b.csv,answers_qwen25_7b,Q064,L,Things in a library,15,library card,library card,0,0,0,Q064::15
Part3/outputs/answers_qwen25_7b.csv,answers_qwen25_7b,Q064,L,Things in a library,16,library card,library card,0,0,0,Q064::16
Part3/outputs/answers_qwen25_7b.csv,answers_qwen25_7b,Q064,L,Things in a library,17,library card,library card,0,0,0,Q064::17
Part3/outputs/answers_qwen25_7b.csv,answers_qwen25_7b,Q064,L,Things in a library,18,library card,library card,0,0,0,Q064::18
Part3/outputs/answers_qwen25_7b.csv,answers_qwen25_7b,Q064,L,Things in a library,19,library card,library card,0,0,0,Q064::19
Part3/outputs/answers_qwen25_7b_player2.csv,answers_qwen25_7b_player2,Q001,A,Animals,0,albatross,albatross,1,1,0,Q001::0
Part3/outputs/answers_qwen25_7b_player2.csv,answers_qwen25_7b_player2,Q001,A,Animals,1,albatross,albatross,1,0,1,Q001::1
Part3/outputs/answers_qwen25_7b_player2.csv,answers_qwen25_7b_player2,Q001,A,Animals,2,albatross,albatross,1,1,0,Q001::2
Part3/outputs/answers_qwen25_7b_player2.csv,answers_qwen25_7b_player2,Q001,A,Animals,3,albatross,albatross,1,1,0,Q001::3
Part3/outputs/answers_qwen25_7b_player2.csv,answers_qwen25_7b_player2,Q001,A,Animals,4,aardvark,aardvark,1,0,1,Q001::4
Part3/outputs/answers_qwen25_7b_player2.csv,answers_qwen25_7b_player2,Q001,A,Animals,5,alpaca,alpaca,1,0,1,Q001::5
Part3/outputs/answers_qwen25_7b_player2.csv,answers_qwen25_7b_player2,Q001,A,Animals,6,alpaca,alpaca,1,0,1,Q001::6
Part3/outputs/answers_qwen25_7b_player2.csv,answers_qwen25_7b_player2,Q001,A,Animals,7,albatross,albatross,1,0,1,Q001::7
Part3/outputs/answers_qwen25_7b_player2.csv,answers_qwen25_7b_player2,Q001,A,Animals,8,aligator,aligator,0,0,0,Q001::8
Part3/outputs/answers_qwen25_7b_player2.csv,answers_qwen25_7b_player2,Q001,A,Animals,9,antelope,antelope,1,0,1,Q001::9
Part3/outputs/answers_qwen25_7b_player2.csv,answers_qwen25_7b_player2,Q001,A,Animals,10,albatross,albatross,1,1,0,Q001::10
Part3/outputs/answers_qwen25_7b_player2.csv,answers_qwen25_7b_player2,Q001,A,Animals,11,albatross,albatross,1,1,0,Q001::11
Part3/outputs/answers_qwen25_7b_player2.csv,answers_qwen25_7b_player2,Q001,A,Animals,12,alpaca,alpaca,1,1,0,Q001::12
Part3/outputs/answers_qwen25_7b_player2.csv,answers_qwen25_7b_player2,Q001,A,Animals,13,albatross,albatross,1,0,1,Q001::13
Part3/outputs/answers_qwen25_7b_player2.csv,answers_qwen25_7b_player2,Q001,A,Animals,14,albatross,albatross,1,1,0,Q001::14
Part3/outputs/answers_qwen25_7b_player2.csv,answers_qwen25_7b_player2,Q001,A,Animals,15,aligator,aligator,0,0,0,Q001::15
Part3/outputs/answers_qwen25_7b_player2.csv,answers_qwen25_7b_player2,Q001,A,Animals,16,alligator,alligator,1,0,1,Q001::16
Part3/outputs/answers_qwen25_7b_player2.csv,answers_qwen25_7b_player2,Q001,A,Animals,17,alpaca,alpaca,1,0,1,Q001::17
Part3/outputs/answers_qwen25_7b_player2.csv,answers_qwen25_7b_player2,Q001,A,Animals,18,alpaca,alpaca,1,1,0,Q001::18
Part3/outputs/answers_qwen25_7b_player2.csv,answers_qwen25_7b_player2,Q001,A,Animals,19,alpaca,alpaca,1,0,1,Q001::19
Part3/outputs/answers_qwen25_7b_player2.csv,answers_qwen25_7b_player2,Q002,A,Jobs,0,accountant,accountant,1,1,0,Q002::0
Part3/outputs/answers_qwen25_7b_player2.csv,answers_qwen25_7b_player2,Q002,A,Jobs,1,accountant,accountant,1,1,0,Q002::1
Part3/outputs/answers_qwen25_7b_player2.csv,answers_qwen25_7b_player2,Q002,A,Jobs,2,accountant,accountant,1,1,0,Q002::2
Part3/outputs/answers_qwen25_7b_player2.csv,answers_qwen25_7b_player2,Q002,A,Jobs,3,accountant,accountant,1,1,0,Q002::3
Part3/outputs/answers_qwen25_7b_player2.csv,answers_qwen25_7b_player2,Q002,A,Jobs,4,accountant,accountant,1,1,0,Q002::4
Part3/outputs/answers_qwen25_7b_player2.csv,answers_qwen25_7b_player2,Q002,A,Jobs,5,accountant,accountant,1,1,0,Q002::5
Part3/outputs/answers_qwen25_7b_player2.csv,answers_qwen25_7b_player2,Q002,A,Jobs,6,accountant,accountant,1,1,0,Q002::6
Part3/outputs/answers_qwen25_7b_player2.csv,answers_qwen25_7b_player2,Q002,A,Jobs,7,accountant,accountant,1,1,0,Q002::7
Part3/outputs/answers_qwen25_7b_player2.csv,answers_qwen25_7b_player2,Q002,A,Jobs,8,accountant,accountant,1,1,0,Q002::8
Part3/outputs/answers_qwen25_7b_player2.csv,answers_qwen25_7b_player2,Q002,A,Jobs,9,accountant,accountant,1,1,0,Q002::9
Part3/outputs/answers_qwen25_7b_player2.csv,answers_qwen25_7b_player2,Q002,A,Jobs,10,accountant,accountant,1,1,0,Q002::10
Part3/outputs/answers_qwen25_7b_player2.csv,answers_qwen25_7b_player2,Q002,A,Jobs,11,accountant,accountant,1,1,0,Q002::11
Part3/outputs/answers_qwen25_7b_player2.csv,answers_qwen25_7b_player2,Q002,A,Jobs,12,accountant,accountant,1,1,0,Q002::12
Part3/outputs/answers_qwen25_7b_player2.csv,answers_qwen25_7b_player2,Q002,A,Jobs,13,accountant,accountant,1,1,0,Q002::13
Part3/outputs/answers_qwen25_7b_player2.csv,answers_qwen25_7b_player2,Q002,A,Jobs,14,accountant,accountant,1,1,0,Q002::14
Part3/outputs/answers_qwen25_7b_player2.csv,answers_qwen25_7b_player2,Q002,A,Jobs,15,accountant,accountant,1,1,0,Q002::15
Part3/outputs/answers_qwen25_7b_player2.csv,answers_qwen25_7b_player2,Q002,A,Jobs,16,accountant,accountant,1,1,0,Q002::16
Part3/outputs/answers_qwen25_7b_player2.csv,answers_qwen25_7b_player2,Q002,A,Jobs,17,accountant,accountant,1,1,0,Q002::17
Part3/outputs/answers_qwen25_7b_player2.csv,answers_qwen25_7b_player2,Q002,A,Jobs,18,accountant,accountant,1,1,0,Q002::18
Part3/outputs/answers_qwen25_7b_player2.csv,answers_qwen25_7b_player2,Q002,A,Jobs,19,accountant,accountant,1,1,0,Q002::19
Part3/outputs/answers_qwen25_7b_player2.csv,answers_qwen25_7b_player2,Q003,B,Fruits,0,blueberry,blueberry,1,1,0,Q003::0
Part3/outputs/answers_qwen25_7b_player2.csv,answers_qwen25_7b_player2,Q003,B,Fruits,1,blueberry,blueberry,1,1,0,Q003::1
Part3/outputs/answers_qwen25_7b_player2.csv,answers_qwen25_7b_player2,Q003,B,Fruits,2,blueberry,blueberry,1,0,1,Q003::2
Part3/outputs/answers_qwen25_7b_player2.csv,answers_qwen25_7b_player2,Q003,B,Fruits,3,blueberry,blueberry,1,0,1,Q003::3
Part3/outputs/answers_qwen25_7b_player2.csv,answers_qwen25_7b_player2,Q003,B,Fruits,4,blueberry,blueberry,1,1,0,Q003::4
Part3/outputs/answers_qwen25_7b_player2.csv,answers_qwen25_7b_player2,Q003,B,Fruits,5,blueberry,blueberry,1,0,1,Q003::5
Part3/outputs/answers_qwen25_7b_player2.csv,answers_qwen25_7b_player2,Q003,B,Fruits,6,blueberry,blueberry,1,1,0,Q003::6
Part3/outputs/answers_qwen25_7b_player2.csv,answers_qwen25_7b_player2,Q003,B,Fruits,7,banana,banana,1,0,1,Q003::7
Part3/outputs/answers_qwen25_7b_player2.csv,answers_qwen25_7b_player2,Q003,B,Fruits,8,blueberry,blueberry,1,1,0,Q003::8
Part3/outputs/answers_qwen25_7b_player2.csv,answers_qwen25_7b_player2,Q003,B,Fruits,9,blueberry,blueberry,1,0,1,Q003::9
Part3/outputs/answers_qwen25_7b_player2.csv,answers_qwen25_7b_player2,Q003,B,Fruits,10,blueberry,blueberry,1,1,0,Q003::10
Part3/outputs/answers_qwen25_7b_player2.csv,answers_qwen25_7b_player2,Q003,B,Fruits,11,blueberry,blueberry,1,1,0,Q003::11
Part3/outputs/answers_qwen25_7b_player2.csv,answers_qwen25_7b_player2,Q003,B,Fruits,12,blueberry,blueberry,1,0,1,Q003::12
Part3/outputs/answers_qwen25_7b_player2.csv,answers_qwen25_7b_player2,Q003,B,Fruits,13,blueberry,blueberry,1,1,0,Q003::13
Part3/outputs/answers_qwen25_7b_player2.csv,answers_qwen25_7b_player2,Q003,B,Fruits,14,blueberry,blueberry,1,1,0,Q003::14
Part3/outputs/answers_qwen25_7b_player2.csv,answers_qwen25_7b_player2,Q003,B,Fruits,15,blueberry,blueberry,1,1,0,Q003::15
Part3/outputs/answers_qwen25_7b_player2.csv,answers_qwen25_7b_player2,Q003,B,Fruits,16,blueberry,blueberry,1,1,0,Q003::16
Part3/outputs/answers_qwen25_7b_player2.csv,answers_qwen25_7b_player2,Q003,B,Fruits,17,blueberry,blueberry,1,1,0,Q003::17
Part3/outputs/answers_qwen25_7b_player2.csv,answers_qwen25_7b_player2,Q003,B,Fruits,18,blueberry,blueberry,1,1,0,Q003::18
Part3/outputs/answers_qwen25_7b_player2.csv,answers_qwen25_7b_player2,Q003,B,Fruits,19,blueberry,blueberry,1,1,0,Q003::19
Part3/outputs/answers_qwen25_7b_player2.csv,answers_qwen25_7b_player2,Q004,B,Things that are red,0,banana,banana,0,0,0,Q004::0
Part3/outputs/answers_qwen25_7b_player2.csv,answers_qwen25_7b_player2,Q004,B,Things that are red,1,berry,berry,1,0,1,Q004::1
Part3/outputs/answers_qwen25_7b_player2.csv,answers_qwen25_7b_player2,Q004,B,Things that are red,2,basketball,basketball,0,0,0,Q004::2
Part3/outputs/answers_qwen25_7b_player2.csv,answers_qwen25_7b_player2,Q004,B,Things that are red,3,banana,banana,0,0,0,Q004::3
Part3/outputs/answers_qwen25_7b_player2.csv,answers_qwen25_7b_player2,Q004,B,Things that are red,4,banana,banana,0,0,0,Q004::4
Part3/outputs/answers_qwen25_7b_player2.csv,answers_qwen25_7b_player2,Q004,B,Things that are red,5,basketball,basketball,0,0,0,Q004::5
Part3/outputs/answers_qwen25_7b_player2.csv,answers_qwen25_7b_player2,Q004,B,Things that are red,6,blood,blood,0,0,0,Q004::6
Part3/outputs/answers_qwen25_7b_player2.csv,answers_qwen25_7b_player2,Q004,B,Things that are red,7,banana,banana,0,0,0,Q004::7
Part3/outputs/answers_qwen25_7b_player2.csv,answers_qwen25_7b_player2,Q004,B,Things that are red,8,banana,banana,0,0,0,Q004::8
Part3/outputs/answers_qwen25_7b_player2.csv,answers_qwen25_7b_player2,Q004,B,Things that are red,9,berry,berry,1,0,1,Q004::9
Part3/outputs/answers_qwen25_7b_player2.csv,answers_qwen25_7b_player2,Q004,B,Things that are red,10,red balloon,red balloon,0,0,0,Q004::10
Part3/outputs/answers_qwen25_7b_player2.csv,answers_qwen25_7b_player2,Q004,B,Things that are red,11,berry,berry,1,0,1,Q004::11
Part3/outputs/answers_qwen25_7b_player2.csv,answers_qwen25_7b_player2,Q004,B,Things that are red,12,blood,blood,0,0,0,Q004::12
Part3/outputs/answers_qwen25_7b_player2.csv,answers_qwen25_7b_player2,Q004,B,Things that are red,13,banana,banana,0,0,0,Q004::13
Part3/outputs/answers_qwen25_7b_player2.csv,answers_qwen25_7b_player2,Q004,B,Things that are red,14,banana,banana,0,0,0,Q004::14
Part3/outputs/answers_qwen25_7b_player2.csv,answers_qwen25_7b_player2,Q004,B,Things that are red,15,red light,red light,0,0,0,Q004::15
Part3/outputs/answers_qwen25_7b_player2.csv,answers_qwen25_7b_player2,Q004,B,Things that are red,16,blood,blood,0,0,0,Q004::16
Part3/outputs/answers_qwen25_7b_player2.csv,answers_qwen25_7b_player2,Q004,B,Things that are red,17,red balloon,red balloon,0,0,0,Q004::17
Part3/outputs/answers_qwen25_7b_player2.csv,answers_qwen25_7b_player2,Q004,B,Things that are red,18,banana,banana,0,0,0,Q004::18
Part3/outputs/answers_qwen25_7b_player2.csv,answers_qwen25_7b_player2,Q004,B,Things that are red,19,banana,banana,0,0,0,Q004::19
Part3/outputs/answers_qwen25_7b_player2.csv,answers_qwen25_7b_player2,Q005,C,Countries,0,canada,canada,1,1,0,Q005::0
Part3/outputs/answers_qwen25_7b_player2.csv,answers_qwen25_7b_player2,Q005,C,Countries,1,canada,canada,1,1,0,Q005::1
Part3/outputs/answers_qwen25_7b_player2.csv,answers_qwen25_7b_player2,Q005,C,Countries,2,canada,canada,1,1,0,Q005::2
Part3/outputs/answers_qwen25_7b_player2.csv,answers_qwen25_7b_player2,Q005,C,Countries,3,canada,canada,1,1,0,Q005::3
Part3/outputs/answers_qwen25_7b_player2.csv,answers_qwen25_7b_player2,Q005,C,Countries,4,canada,canada,1,1,0,Q005::4
Part3/outputs/answers_qwen25_7b_player2.csv,answers_qwen25_7b_player2,Q005,C,Countries,5,canada,canada,1,1,0,Q005::5
Part3/outputs/answers_qwen25_7b_player2.csv,answers_qwen25_7b_player2,Q005,C,Countries,6,canada,canada,1,1,0,Q005::6
Part3/outputs/answers_qwen25_7b_player2.csv,answers_qwen25_7b_player2,Q005,C,Countries,7,canada,canada,1,1,0,Q005::7
Part3/outputs/answers_qwen25_7b_player2.csv,answers_qwen25_7b_player2,Q005,C,Countries,8,canada,canada,1,1,0,Q005::8
Part3/outputs/answers_qwen25_7b_player2.csv,answers_qwen25_7b_player2,Q005,C,Countries,9,canada,canada,1,1,0,Q005::9
Part3/outputs/answers_qwen25_7b_player2.csv,answers_qwen25_7b_player2,Q005,C,Countries,10,canada,canada,1,1,0,Q005::10
Part3/outputs/answers_qwen25_7b_player2.csv,answers_qwen25_7b_player2,Q005,C,Countries,11,canada,canada,1,1,0,Q005::11
Part3/outputs/answers_qwen25_7b_player2.csv,answers_qwen25_7b_player2,Q005,C,Countries,12,canada,canada,1,1,0,Q005::12
Part3/outputs/answers_qwen25_7b_player2.csv,answers_qwen25_7b_player2,Q005,C,Countries,13,canada,canada,1,1,0,Q005::13
Part3/outputs/answers_qwen25_7b_player2.csv,answers_qwen25_7b_player2,Q005,C,Countries,14,canada,canada,1,1,0,Q005::14
Part3/outputs/answers_qwen25_7b_player2.csv,answers_qwen25_7b_player2,Q005,C,Countries,15,canada,canada,1,1,0,Q005::15
Part3/outputs/answers_qwen25_7b_player2.csv,answers_qwen25_7b_player2,Q005,C,Countries,16,canada,canada,1,1,0,Q005::16
Part3/outputs/answers_qwen25_7b_player2.csv,answers_qwen25_7b_player2,Q005,C,Countries,17,canada,canada,1,1,0,Q005::17
Part3/outputs/answers_qwen25_7b_player2.csv,answers_qwen25_7b_player2,Q005,C,Countries,18,canada,canada,1,1,0,Q005::18
Part3/outputs/answers_qwen25_7b_player2.csv,answers_qwen25_7b_player2,Q005,C,Countries,19,canada,canada,1,1,0,Q005::19
Part3/outputs/answers_qwen25_7b_player2.csv,answers_qwen25_7b_player2,Q006,C,Board games,0,chess,chess,1,1,0,Q006::0
Part3/outputs/answers_qwen25_7b_player2.csv,answers_qwen25_7b_player2,Q006,C,Board games,1,chess,chess,1,0,1,Q006::1
Part3/outputs/answers_qwen25_7b_player2.csv,answers_qwen25_7b_player2,Q006,C,Board games,2,chess,chess,1,0,1,Q006::2
Part3/outputs/answers_qwen25_7b_player2.csv,answers_qwen25_7b_player2,Q006,C,Board games,3,chess,chess,1,1,0,Q006::3
Part3/outputs/answers_qwen25_7b_player2.csv,answers_qwen25_7b_player2,Q006,C,Board games,4,chess,chess,1,1,0,Q006::4
Part3/outputs/answers_qwen25_7b_player2.csv,answers_qwen25_7b_player2,Q006,C,Board games,5,chess,chess,1,1,0,Q006::5
Part3/outputs/answers_qwen25_7b_player2.csv,answers_qwen25_7b_player2,Q006,C,Board games,6,chess,chess,1,0,1,Q006::6
Part3/outputs/answers_qwen25_7b_player2.csv,answers_qwen25_7b_player2,Q006,C,Board games,7,chess,chess,1,1,0,Q006::7
Part3/outputs/answers_qwen25_7b_player2.csv,answers_qwen25_7b_player2,Q006,C,Board games,8,chess,chess,1,1,0,Q006::8
Part3/outputs/answers_qwen25_7b_player2.csv,answers_qwen25_7b_player2,Q006,C,Board games,9,chess,chess,1,1,0,Q006::9
Part3/outputs/answers_qwen25_7b_player2.csv,answers_qwen25_7b_player2,Q006,C,Board games,10,chess,chess,1,1,0,Q006::10
Part3/outputs/answers_qwen25_7b_player2.csv,answers_qwen25_7b_player2,Q006,C,Board games,11,chess,chess,1,1,0,Q006::11
Part3/outputs/answers_qwen25_7b_player2.csv,answers_qwen25_7b_player2,Q006,C,Board games,12,chess,chess,1,1,0,Q006::12
Part3/outputs/answers_qwen25_7b_player2.csv,answers_qwen25_7b_player2,Q006,C,Board games,13,chess,chess,1,1,0,Q006::13
Part3/outputs/answers_qwen25_7b_player2.csv,answers_qwen25_7b_player2,Q006,C,Board games,14,chess,chess,1,1,0,Q006::14
Part3/outputs/answers_qwen25_7b_player2.csv,answers_qwen25_7b_player2,Q006,C,Board games,15,chess,chess,1,1,0,Q006::15
Part3/outputs/answers_qwen25_7b_player2.csv,answers_qwen25_7b_player2,Q006,C,Board games,16,chess,chess,1,1,0,Q006::16
Part3/outputs/answers_qwen25_7b_player2.csv,answers_qwen25_7b_player2,Q006,C,Board games,17,chess,chess,1,1,0,Q006::17
Part3/outputs/answers_qwen25_7b_player2.csv,answers_qwen25_7b_player2,Q006,C,Board games,18,chess,chess,1,1,0,Q006::18
Part3/outputs/answers_qwen25_7b_player2.csv,answers_qwen25_7b_player2,Q006,C,Board games,19,chess,chess,1,1,0,Q006::19
Part3/outputs/answers_qwen25_7b_player2.csv,answers_qwen25_7b_player2,Q007,D,Musical instruments,0,drum set,drum set,0,0,0,Q007::0
Part3/outputs/answers_qwen25_7b_player2.csv,answers_qwen25_7b_player2,Q007,D,Musical instruments,1,drum set,drum set,0,0,0,Q007::1
Part3/outputs/answers_qwen25_7b_player2.csv,answers_qwen25_7b_player2,Q007,D,Musical instruments,2,drum,drum,1,1,0,Q007::2
Part3/outputs/answers_qwen25_7b_player2.csv,answers_qwen25_7b_player2,Q007,D,Musical instruments,3,drum,drum,1,0,1,Q007::3
Part3/outputs/answers_qwen25_7b_player2.csv,answers_qwen25_7b_player2,Q007,D,Musical instruments,4,drum,drum,1,1,0,Q007::4
Part3/outputs/answers_qwen25_7b_player2.csv,answers_qwen25_7b_player2,Q007,D,Musical instruments,5,drum,drum,1,1,0,Q007::5
Part3/outputs/answers_qwen25_7b_player2.csv,answers_qwen25_7b_player2,Q007,D,Musical instruments,6,drum set,drum set,0,0,0,Q007::6
Part3/outputs/answers_qwen25_7b_player2.csv,answers_qwen25_7b_player2,Q007,D,Musical instruments,7,drum set,drum set,0,0,0,Q007::7
Part3/outputs/answers_qwen25_7b_player2.csv,answers_qwen25_7b_player2,Q007,D,Musical instruments,8,drum,drum,1,1,0,Q007::8
Part3/outputs/answers_qwen25_7b_player2.csv,answers_qwen25_7b_player2,Q007,D,Musical instruments,9,drum,drum,1,0,1,Q007::9
Part3/outputs/answers_qwen25_7b_player2.csv,answers_qwen25_7b_player2,Q007,D,Musical instruments,10,drum,drum,1,1,0,Q007::10
Part3/outputs/answers_qwen25_7b_player2.csv,answers_qwen25_7b_player2,Q007,D,Musical instruments,11,drum,drum,1,1,0,Q007::11
Part3/outputs/answers_qwen25_7b_player2.csv,answers_qwen25_7b_player2,Q007,D,Musical instruments,12,drum set,drum set,0,0,0,Q007::12
Part3/outputs/answers_qwen25_7b_player2.csv,answers_qwen25_7b_player2,Q007,D,Musical instruments,13,drum set,drum set,0,0,0,Q007::13
Part3/outputs/answers_qwen25_7b_player2.csv,answers_qwen25_7b_player2,Q007,D,Musical instruments,14,drum,drum,1,1,0,Q007::14
Part3/outputs/answers_qwen25_7b_player2.csv,answers_qwen25_7b_player2,Q007,D,Musical instruments,15,drum set,drum set,0,0,0,Q007::15
Part3/outputs/answers_qwen25_7b_player2.csv,answers_qwen25_7b_player2,Q007,D,Musical instruments,16,drum,drum,1,1,0,Q007::16
Part3/outputs/answers_qwen25_7b_player2.csv,answers_qwen25_7b_player2,Q007,D,Musical instruments,17,drum,drum,1,0,1,Q007::17
Part3/outputs/answers_qwen25_7b_player2.csv,answers_qwen25_7b_player2,Q007,D,Musical instruments,18,drum,drum,1,1,0,Q007::18
Part3/outputs/answers_qwen25_7b_player2.csv,answers_qwen25_7b_player2,Q007,D,Musical instruments,19,drum,drum,1,1,0,Q007::19
Part3/outputs/answers_qwen25_7b_player2.csv,answers_qwen25_7b_player2,Q008,D,Things in a bathroom,0,toothbrush,toothbrush,0,0,0,Q008::0
Part3/outputs/answers_qwen25_7b_player2.csv,answers_qwen25_7b_player2,Q008,D,Things in a bathroom,1,toothbrush,toothbrush,0,0,0,Q008::1
Part3/outputs/answers_qwen25_7b_player2.csv,answers_qwen25_7b_player2,Q008,D,Things in a bathroom,2,toothbrush,toothbrush,0,0,0,Q008::2
Part3/outputs/answers_qwen25_7b_player2.csv,answers_qwen25_7b_player2,Q008,D,Things in a bathroom,3,toothbrush,toothbrush,0,0,0,Q008::3
Part3/outputs/answers_qwen25_7b_player2.csv,answers_qwen25_7b_player2,Q008,D,Things in a bathroom,4,toothbrush,toothbrush,0,0,0,Q008::4
Part3/outputs/answers_qwen25_7b_player2.csv,answers_qwen25_7b_player2,Q008,D,Things in a bathroom,5,toothbrush,toothbrush,0,0,0,Q008::5
Part3/outputs/answers_qwen25_7b_player2.csv,answers_qwen25_7b_player2,Q008,D,Things in a bathroom,6,toothbrush,toothbrush,0,0,0,Q008::6
Part3/outputs/answers_qwen25_7b_player2.csv,answers_qwen25_7b_player2,Q008,D,Things in a bathroom,7,toothbrush,toothbrush,0,0,0,Q008::7
Part3/outputs/answers_qwen25_7b_player2.csv,answers_qwen25_7b_player2,Q008,D,Things in a bathroom,8,dental brush,dental brush,0,0,0,Q008::8
Part3/outputs/answers_qwen25_7b_player2.csv,answers_qwen25_7b_player2,Q008,D,Things in a bathroom,9,soap dish,soap dish,1,0,1,Q008::9
Part3/outputs/answers_qwen25_7b_player2.csv,answers_qwen25_7b_player2,Q008,D,Things in a bathroom,10,toothbrush,toothbrush,0,0,0,Q008::10
Part3/outputs/answers_qwen25_7b_player2.csv,answers_qwen25_7b_player2,Q008,D,Things in a bathroom,11,toothbrush,toothbrush,0,0,0,Q008::11
Part3/outputs/answers_qwen25_7b_player2.csv,answers_qwen25_7b_player2,Q008,D,Things in a bathroom,12,toothbrush,toothbrush,0,0,0,Q008::12
Part3/outputs/answers_qwen25_7b_player2.csv,answers_qwen25_7b_player2,Q008,D,Things in a bathroom,13,toothbrush,toothbrush,0,0,0,Q008::13
Part3/outputs/answers_qwen25_7b_player2.csv,answers_qwen25_7b_player2,Q008,D,Things in a bathroom,14,drying rack,drying rack,0,0,0,Q008::14
Part3/outputs/answers_qwen25_7b_player2.csv,answers_qwen25_7b_player2,Q008,D,Things in a bathroom,15,soap dispenser,soap dispenser,1,0,1,Q008::15
Part3/outputs/answers_qwen25_7b_player2.csv,answers_qwen25_7b_player2,Q008,D,Things in a bathroom,16,toothbrush,toothbrush,0,0,0,Q008::16
Part3/outputs/answers_qwen25_7b_player2.csv,answers_qwen25_7b_player2,Q008,D,Things in a bathroom,17,toothbrush,toothbrush,0,0,0,Q008::17
Part3/outputs/answers_qwen25_7b_player2.csv,answers_qwen25_7b_player2,Q008,D,Things in a bathroom,18,toothbrush,toothbrush,0,0,0,Q008::18
Part3/outputs/answers_qwen25_7b_player2.csv,answers_qwen25_7b_player2,Q008,D,Things in a bathroom,19,toothbrush,toothbrush,0,0,0,Q008::19
Part3/outputs/answers_qwen25_7b_player2.csv,answers_qwen25_7b_player2,Q009,E,Sports,0,tennis,tennis,0,0,0,Q009::0
Part3/outputs/answers_qwen25_7b_player2.csv,answers_qwen25_7b_player2,Q009,E,Sports,1,tennis,tennis,0,0,0,Q009::1
Part3/outputs/answers_qwen25_7b_player2.csv,answers_qwen25_7b_player2,Q009,E,Sports,2,tennis,tennis,0,0,0,Q009::2
Part3/outputs/answers_qwen25_7b_player2.csv,answers_qwen25_7b_player2,Q009,E,Sports,3,tennis,tennis,0,0,0,Q009::3
Part3/outputs/answers_qwen25_7b_player2.csv,answers_qwen25_7b_player2,Q009,E,Sports,4,tennis,tennis,0,0,0,Q009::4
Part3/outputs/answers_qwen25_7b_player2.csv,answers_qwen25_7b_player2,Q009,E,Sports,5,tennis,tennis,0,0,0,Q009::5
Part3/outputs/answers_qwen25_7b_player2.csv,answers_qwen25_7b_player2,Q009,E,Sports,6,tennis,tennis,0,0,0,Q009::6
Part3/outputs/answers_qwen25_7b_player2.csv,answers_qwen25_7b_player2,Q009,E,Sports,7,tennis,tennis,0,0,0,Q009::7
Part3/outputs/answers_qwen25_7b_player2.csv,answers_qwen25_7b_player2,Q009,E,Sports,8,tennis,tennis,0,0,0,Q009::8
Part3/outputs/answers_qwen25_7b_player2.csv,answers_qwen25_7b_player2,Q009,E,Sports,9,tennis,tennis,0,0,0,Q009::9
Part3/outputs/answers_qwen25_7b_player2.csv,answers_qwen25_7b_player2,Q009,E,Sports,10,tennis,tennis,0,0,0,Q009::10
Part3/outputs/answers_qwen25_7b_player2.csv,answers_qwen25_7b_player2,Q009,E,Sports,11,tennis,tennis,0,0,0,Q009::11
Part3/outputs/answers_qwen25_7b_player2.csv,answers_qwen25_7b_player2,Q009,E,Sports,12,volleyball,volleyball,0,0,0,Q009::12
Part3/outputs/answers_qwen25_7b_player2.csv,answers_qwen25_7b_player2,Q009,E,Sports,13,tennis,tennis,0,0,0,Q009::13
Part3/outputs/answers_qwen25_7b_player2.csv,answers_qwen25_7b_player2,Q009,E,Sports,14,tennis,tennis,0,0,0,Q009::14
Part3/outputs/answers_qwen25_7b_player2.csv,answers_qwen25_7b_player2,Q009,E,Sports,15,tennis,tennis,0,0,0,Q009::15
Part3/outputs/answers_qwen25_7b_player2.csv,answers_qwen25_7b_player2,Q009,E,Sports,16,tennis,tennis,0,0,0,Q009::16
Part3/outputs/answers_qwen25_7b_player2.csv,answers_qwen25_7b_player2,Q009,E,Sports,17,tennis,tennis,0,0,0,Q009::17
Part3/outputs/answers_qwen25_7b_player2.csv,answers_qwen25_7b_player2,Q009,E,Sports,18,tennis,tennis,0,0,0,Q009::18
Part3/outputs/answers_qwen25_7b_player2.csv,answers_qwen25_7b_player2,Q009,E,Sports,19,tennis,tennis,0,0,0,Q009::19
Part3/outputs/answers_qwen25_7b_player2.csv,answers_qwen25_7b_player2,Q010,E,Movie titles,0,eclipse,eclipse,1,0,1,Q010::0
Part3/outputs/answers_qwen25_7b_player2.csv,answers_qwen25_7b_player2,Q010,E,Movie titles,1,eclipse,eclipse,1,1,0,Q010::1
Part3/outputs/answers_qwen25_7b_player2.csv,answers_qwen25_7b_player2,Q010,E,Movie titles,2,eternal sunshine of the spotless mind,eternal sunshine of the spotless mind,0,0,0,Q010::2
Part3/outputs/answers_qwen25_7b_player2.csv,answers_qwen25_7b_player2,Q010,E,Movie titles,3,easy rider,easy rider,1,0,1,Q010::3
Part3/outputs/answers_qwen25_7b_player2.csv,answers_qwen25_7b_player2,Q010,E,Movie titles,4,eclipse,eclipse,1,0,1,Q010::4
Part3/outputs/answers_qwen25_7b_player2.csv,answers_qwen25_7b_player2,Q010,E,Movie titles,5,everything eve,everything eve,0,0,0,Q010::5
Part3/outputs/answers_qwen25_7b_player2.csv,answers_qwen25_7b_player2,Q010,E,Movie titles,6,einstein,einstein,0,0,0,Q010::6
Part3/outputs/answers_qwen25_7b_player2.csv,answers_qwen25_7b_player2,Q010,E,Movie titles,7,eternal sunshine of the spotless mind,eternal sunshine of the spotless mind,0,0,0,Q010::7
Part3/outputs/answers_qwen25_7b_player2.csv,answers_qwen25_7b_player2,Q010,E,Movie titles,8,eternal sunshine of the spotless mind,eternal sunshine of the spotless mind,0,0,0,Q010::8
Part3/outputs/answers_qwen25_7b_player2.csv,answers_qwen25_7b_player2,Q010,E,Movie titles,9,easy rider,easy rider,1,0,1,Q010::9
Part3/outputs/answers_qwen25_7b_player2.csv,answers_qwen25_7b_player2,Q010,E,Movie titles,10,eternal sunshine of the spotless mind,eternal sunshine of the spotless mind,0,0,0,Q010::10
Part3/outputs/answers_qwen25_7b_player2.csv,answers_qwen25_7b_player2,Q010,E,Movie titles,11,electricidad,electricidad,0,0,0,Q010::11
Part3/outputs/answers_qwen25_7b_player2.csv,answers_qwen25_7b_player2,Q010,E,Movie titles,12,eternal sunshine of the spotless mind,eternal sunshine of the spotless mind,0,0,0,Q010::12
Part3/outputs/answers_qwen25_7b_player2.csv,answers_qwen25_7b_player2,Q010,E,Movie titles,13,eternal sunshine of the spotless mind,eternal sunshine of the spotless mind,0,0,0,Q010::13
Part3/outputs/answers_qwen25_7b_player2.csv,answers_qwen25_7b_player2,Q010,E,Movie titles,14,et tu bracket,et tu bracket,0,0,0,Q010::14
Part3/outputs/answers_qwen25_7b_player2.csv,answers_qwen25_7b_player2,Q010,E,Movie titles,15,eternal sunshine of the spotless mind,eternal sunshine of the spotless mind,0,0,0,Q010::15
Part3/outputs/answers_qwen25_7b_player2.csv,answers_qwen25_7b_player2,Q010,E,Movie titles,16,et tu mater,et tu mater,0,0,0,Q010::16
Part3/outputs/answers_qwen25_7b_player2.csv,answers_qwen25_7b_player2,Q010,E,Movie titles,17,easter sunrise,easter sunrise,0,0,0,Q010::17
Part3/outputs/answers_qwen25_7b_player2.csv,answers_qwen25_7b_player2,Q010,E,Movie titles,18,eagle-eyed,eagle-eyed,0,0,0,Q010::18
Part3/outputs/answers_qwen25_7b_player2.csv,answers_qwen25_7b_player2,Q010,E,Movie titles,19,eektoberfest,eektoberfest,0,0,0,Q010::19
Part3/outputs/answers_qwen25_7b_player2.csv,answers_qwen25_7b_player2,Q011,F,Fish,0,flounder,flounder,1,1,0,Q011::0
Part3/outputs/answers_qwen25_7b_player2.csv,answers_qwen25_7b_player2,Q011,F,Fish,1,flounder,flounder,1,1,0,Q011::1
Part3/outputs/answers_qwen25_7b_player2.csv,answers_qwen25_7b_player2,Q011,F,Fish,2,flounder,flounder,1,1,0,Q011::2
Part3/outputs/answers_qwen25_7b_player2.csv,answers_qwen25_7b_player2,Q011,F,Fish,3,flounder,flounder,1,1,0,Q011::3
Part3/outputs/answers_qwen25_7b_player2.csv,answers_qwen25_7b_player2,Q011,F,Fish,4,flounder,flounder,1,1,0,Q011::4
Part3/outputs/answers_qwen25_7b_player2.csv,answers_qwen25_7b_player2,Q011,F,Fish,5,flounder,flounder,1,1,0,Q011::5
Part3/outputs/answers_qwen25_7b_player2.csv,answers_qwen25_7b_player2,Q011,F,Fish,6,flounder,flounder,1,1,0,Q011::6
Part3/outputs/answers_qwen25_7b_player2.csv,answers_qwen25_7b_player2,Q011,F,Fish,7,flounder,flounder,1,1,0,Q011::7
Part3/outputs/answers_qwen25_7b_player2.csv,answers_qwen25_7b_player2,Q011,F,Fish,8,flounder,flounder,1,1,0,Q011::8
Part3/outputs/answers_qwen25_7b_player2.csv,answers_qwen25_7b_player2,Q011,F,Fish,9,flounder,flounder,1,1,0,Q011::9
Part3/outputs/answers_qwen25_7b_player2.csv,answers_qwen25_7b_player2,Q011,F,Fish,10,flounder,flounder,1,1,0,Q011::10
Part3/outputs/answers_qwen25_7b_player2.csv,answers_qwen25_7b_player2,Q011,F,Fish,11,flounder,flounder,1,1,0,Q011::11
Part3/outputs/answers_qwen25_7b_player2.csv,answers_qwen25_7b_player2,Q011,F,Fish,12,flounder,flounder,1,1,0,Q011::12
Part3/outputs/answers_qwen25_7b_player2.csv,answers_qwen25_7b_player2,Q011,F,Fish,13,flounder,flounder,1,1,0,Q011::13
Part3/outputs/answers_qwen25_7b_player2.csv,answers_qwen25_7b_player2,Q011,F,Fish,14,flounder,flounder,1,1,0,Q011::14
Part3/outputs/answers_qwen25_7b_player2.csv,answers_qwen25_7b_player2,Q011,F,Fish,15,flounder,flounder,1,1,0,Q011::15
Part3/outputs/answers_qwen25_7b_player2.csv,answers_qwen25_7b_player2,Q011,F,Fish,16,flounder,flounder,1,1,0,Q011::16
Part3/outputs/answers_qwen25_7b_player2.csv,answers_qwen25_7b_player2,Q011,F,Fish,17,flounder,flounder,1,1,0,Q011::17
Part3/outputs/answers_qwen25_7b_player2.csv,answers_qwen25_7b_player2,Q011,F,Fish,18,flounder,flounder,1,1,0,Q011::18
Part3/outputs/answers_qwen25_7b_player2.csv,answers_qwen25_7b_player2,Q011,F,Fish,19,goldfish,goldfish,1,1,0,Q011::19
Part3/outputs/answers_qwen25_7b_player2.csv,answers_qwen25_7b_player2,Q012,F,Things in a backpack,0,folders,folders,1,0,1,Q012::0
Part3/outputs/answers_qwen25_7b_player2.csv,answers_qwen25_7b_player2,Q012,F,Things in a backpack,1,flashlight,flashlight,1,1,0,Q012::1
Part3/outputs/answers_qwen25_7b_player2.csv,answers_qwen25_7b_player2,Q012,F,Things in a backpack,2,foam pad,foam pad,1,0,1,Q012::2
Part3/outputs/answers_qwen25_7b_player2.csv,answers_qwen25_7b_player2,Q012,F,Things in a backpack,3,flashlight,flashlight,1,1,0,Q012::3
Part3/outputs/answers_qwen25_7b_player2.csv,answers_qwen25_7b_player2,Q012,F,Things in a backpack,4,flashlight,flashlight,1,1,0,Q012::4
Part3/outputs/answers_qwen25_7b_player2.csv,answers_qwen25_7b_player2,Q012,F,Things in a backpack,5,flashlight,flashlight,1,1,0,Q012::5
Part3/outputs/answers_qwen25_7b_player2.csv,answers_qwen25_7b_player2,Q012,F,Things in a backpack,6,flashlight,flashlight,1,0,1,Q012::6
Part3/outputs/answers_qwen25_7b_player2.csv,answers_qwen25_7b_player2,Q012,F,Things in a backpack,7,folders,folders,1,1,0,Q012::7
Part3/outputs/answers_qwen25_7b_player2.csv,answers_qwen25_7b_player2,Q012,F,Things in a backpack,8,folders,folders,1,0,1,Q012::8
Part3/outputs/answers_qwen25_7b_player2.csv,answers_qwen25_7b_player2,Q012,F,Things in a backpack,9,flashlight,flashlight,1,1,0,Q012::9
Part3/outputs/answers_qwen25_7b_player2.csv,answers_qwen25_7b_player2,Q012,F,Things in a backpack,10,flashlight,flashlight,1,1,0,Q012::10
Part3/outputs/answers_qwen25_7b_player2.csv,answers_qwen25_7b_player2,Q012,F,Things in a backpack,11,flashlight,flashlight,1,1,0,Q012::11
Part3/outputs/answers_qwen25_7b_player2.csv,answers_qwen25_7b_player2,Q012,F,Things in a backpack,12,flashlight,flashlight,1,1,0,Q012::12
Part3/outputs/answers_qwen25_7b_player2.csv,answers_qwen25_7b_player2,Q012,F,Things in a backpack,13,flashlight,flashlight,1,1,0,Q012::13
Part3/outputs/answers_qwen25_7b_player2.csv,answers_qwen25_7b_player2,Q012,F,Things in a backpack,14,flashlight,flashlight,1,1,0,Q012::14
Part3/outputs/answers_qwen25_7b_player2.csv,answers_qwen25_7b_player2,Q012,F,Things in a backpack,15,folder,folder,1,0,1,Q012::15
Part3/outputs/answers_qwen25_7b_player2.csv,answers_qwen25_7b_player2,Q012,F,Things in a backpack,16,flashlight,flashlight,1,1,0,Q012::16
Part3/outputs/answers_qwen25_7b_player2.csv,answers_qwen25_7b_player2,Q012,F,Things in a backpack,17,flashlight,flashlight,1,1,0,Q012::17
Part3/outputs/answers_qwen25_7b_player2.csv,answers_qwen25_7b_player2,Q012,F,Things in a backpack,18,flashlight,flashlight,1,1,0,Q012::18
Part3/outputs/answers_qwen25_7b_player2.csv,answers_qwen25_7b_player2,Q012,F,Things in a backpack,19,flashlight,flashlight,1,0,1,Q012::19
Part3/outputs/answers_qwen25_7b_player2.csv,answers_qwen25_7b_player2,Q013,G,U.S. states,0,georgia,georgia,1,1,0,Q013::0
Part3/outputs/answers_qwen25_7b_player2.csv,answers_qwen25_7b_player2,Q013,G,U.S. states,1,georgia,georgia,1,1,0,Q013::1
Part3/outputs/answers_qwen25_7b_player2.csv,answers_qwen25_7b_player2,Q013,G,U.S. states,2,georgia,georgia,1,1,0,Q013::2
Part3/outputs/answers_qwen25_7b_player2.csv,answers_qwen25_7b_player2,Q013,G,U.S. states,3,georgia,georgia,1,1,0,Q013::3
Part3/outputs/answers_qwen25_7b_player2.csv,answers_qwen25_7b_player2,Q013,G,U.S. states,4,georgia,georgia,1,1,0,Q013::4
Part3/outputs/answers_qwen25_7b_player2.csv,answers_qwen25_7b_player2,Q013,G,U.S. states,5,georgia,georgia,1,1,0,Q013::5
Part3/outputs/answers_qwen25_7b_player2.csv,answers_qwen25_7b_player2,Q013,G,U.S. states,6,georgia,georgia,1,1,0,Q013::6
Part3/outputs/answers_qwen25_7b_player2.csv,answers_qwen25_7b_player2,Q013,G,U.S. states,7,georgia,georgia,1,1,0,Q013::7
Part3/outputs/answers_qwen25_7b_player2.csv,answers_qwen25_7b_player2,Q013,G,U.S. states,8,georgia,georgia,1,1,0,Q013::8
Part3/outputs/answers_qwen25_7b_player2.csv,answers_qwen25_7b_player2,Q013,G,U.S. states,9,georgia,georgia,1,1,0,Q013::9
Part3/outputs/answers_qwen25_7b_player2.csv,answers_qwen25_7b_player2,Q013,G,U.S. states,10,georgia,georgia,1,1,0,Q013::10
Part3/outputs/answers_qwen25_7b_player2.csv,answers_qwen25_7b_player2,Q013,G,U.S. states,11,georgia,georgia,1,1,0,Q013::11
Part3/outputs/answers_qwen25_7b_player2.csv,answers_qwen25_7b_player2,Q013,G,U.S. states,12,georgia,georgia,1,1,0,Q013::12
Part3/outputs/answers_qwen25_7b_player2.csv,answers_qwen25_7b_player2,Q013,G,U.S. states,13,georgia,georgia,1,1,0,Q013::13
Part3/outputs/answers_qwen25_7b_player2.csv,answers_qwen25_7b_player2,Q013,G,U.S. states,14,georgia,georgia,1,1,0,Q013::14
Part3/outputs/answers_qwen25_7b_player2.csv,answers_qwen25_7b_player2,Q013,G,U.S. states,15,georgia,georgia,1,1,0,Q013::15
Part3/outputs/answers_qwen25_7b_player2.csv,answers_qwen25_7b_player2,Q013,G,U.S. states,16,georgia,georgia,1,1,0,Q013::16
Part3/outputs/answers_qwen25_7b_player2.csv,answers_qwen25_7b_player2,Q013,G,U.S. states,17,georgia,georgia,1,1,0,Q013::17
Part3/outputs/answers_qwen25_7b_player2.csv,answers_qwen25_7b_player2,Q013,G,U.S. states,18,georgia,georgia,1,1,0,Q013::18
Part3/outputs/answers_qwen25_7b_player2.csv,answers_qwen25_7b_player2,Q013,G,U.S. states,19,georgia,georgia,1,1,0,Q013::19
Part3/outputs/answers_qwen25_7b_player2.csv,answers_qwen25_7b_player2,Q014,G,Foods,0,grapefruit,grapefruit,1,0,1,Q014::0
Part3/outputs/answers_qwen25_7b_player2.csv,answers_qwen25_7b_player2,Q014,G,Foods,1,guacamole,guacamole,1,0,1,Q014::1
Part3/outputs/answers_qwen25_7b_player2.csv,answers_qwen25_7b_player2,Q014,G,Foods,2,grapefruit,grapefruit,1,1,0,Q014::2
Part3/outputs/answers_qwen25_7b_player2.csv,answers_qwen25_7b_player2,Q014,G,Foods,3,garlic bread,garlic bread,1,0,1,Q014::3
Part3/outputs/answers_qwen25_7b_player2.csv,answers_qwen25_7b_player2,Q014,G,Foods,4,grapefruit,grapefruit,1,1,0,Q014::4
Part3/outputs/answers_qwen25_7b_player2.csv,answers_qwen25_7b_player2,Q014,G,Foods,5,grapefruit,grapefruit,1,1,0,Q014::5
Part3/outputs/answers_qwen25_7b_player2.csv,answers_qwen25_7b_player2,Q014,G,Foods,6,garlic bread,garlic bread,1,0,1,Q014::6
Part3/outputs/answers_qwen25_7b_player2.csv,answers_qwen25_7b_player2,Q014,G,Foods,7,grapefruit,grapefruit,1,1,0,Q014::7
Part3/outputs/answers_qwen25_7b_player2.csv,answers_qwen25_7b_player2,Q014,G,Foods,8,grapefruit,grapefruit,1,1,0,Q014::8
Part3/outputs/answers_qwen25_7b_player2.csv,answers_qwen25_7b_player2,Q014,G,Foods,9,grapefruit,grapefruit,1,0,1,Q014::9
Part3/outputs/answers_qwen25_7b_player2.csv,answers_qwen25_7b_player2,Q014,G,Foods,10,grapefruit,grapefruit,1,1,0,Q014::10
Part3/outputs/answers_qwen25_7b_player2.csv,answers_qwen25_7b_player2,Q014,G,Foods,11,guacamole,guacamole,1,0,1,Q014::11
Part3/outputs/answers_qwen25_7b_player2.csv,answers_qwen25_7b_player2,Q014,G,Foods,12,grapefruit,grapefruit,1,1,0,Q014::12
Part3/outputs/answers_qwen25_7b_player2.csv,answers_qwen25_7b_player2,Q014,G,Foods,13,grapefruit,grapefruit,1,0,1,Q014::13
Part3/outputs/answers_qwen25_7b_player2.csv,answers_qwen25_7b_player2,Q014,G,Foods,14,grapefruit,grapefruit,1,1,0,Q014::14
Part3/outputs/answers_qwen25_7b_player2.csv,answers_qwen25_7b_player2,Q014,G,Foods,15,garlic bread,garlic bread,1,0,1,Q014::15
Part3/outputs/answers_qwen25_7b_player2.csv,answers_qwen25_7b_player2,Q014,G,Foods,16,garlic bread,garlic bread,1,0,1,Q014::16
Part3/outputs/answers_qwen25_7b_player2.csv,answers_qwen25_7b_player2,Q014,G,Foods,17,grapefruit,grapefruit,1,0,1,Q014::17
Part3/outputs/answers_qwen25_7b_player2.csv,answers_qwen25_7b_player2,Q014,G,Foods,18,garlic bread,garlic bread,1,1,0,Q014::18
Part3/outputs/answers_qwen25_7b_player2.csv,answers_qwen25_7b_player2,Q014,G,Foods,19,garlic bread,garlic bread,1,1,0,Q014::19
Part3/outputs/answers_qwen25_7b_player2.csv,answers_qwen25_7b_player2,Q015,H,Famous scientists,0,huygens,huygens,1,0,1,Q015::0
Part3/outputs/answers_qwen25_7b_player2.csv,answers_qwen25_7b_player2,Q015,H,Famous scientists,1,galileo galilei,galileo galilei,0,0,0,Q015::1
Part3/outputs/answers_qwen25_7b_player2.csv,answers_qwen25_7b_player2,Q015,H,Famous scientists,2,huygens,huygens,1,0,1,Q015::2
Part3/outputs/answers_qwen25_7b_player2.csv,answers_qwen25_7b_player2,Q015,H,Famous scientists,3,huygens,huygens,1,0,1,Q015::3
Part3/outputs/answers_qwen25_7b_player2.csv,answers_qwen25_7b_player2,Q015,H,Famous scientists,4,hawking steinhaus,hawking steinhaus,0,0,0,Q015::4
Part3/outputs/answers_qwen25_7b_player2.csv,answers_qwen25_7b_player2,Q015,H,Famous scientists,5,hertz,hertz,1,0,1,Q015::5
Part3/outputs/answers_qwen25_7b_player2.csv,answers_qwen25_7b_player2,Q015,H,Famous scientists,6,huygens,huygens,1,1,0,Q015::6
Part3/outputs/answers_qwen25_7b_player2.csv,answers_qwen25_7b_player2,Q015,H,Famous scientists,7,hermann hesse,hermann hesse,0,0,0,Q015::7
Part3/outputs/answers_qwen25_7b_player2.csv,answers_qwen25_7b_player2,Q015,H,Famous scientists,8,helen dale pigeon,helen dale pigeon,0,0,0,Q015::8
Part3/outputs/answers_qwen25_7b_player2.csv,answers_qwen25_7b_player2,Q015,H,Famous scientists,9,helen andersen hoskins,helen andersen hoskins,0,0,0,Q015::9
Part3/outputs/answers_qwen25_7b_player2.csv,answers_qwen25_7b_player2,Q015,H,Famous scientists,10,hawking,hawking,1,0,1,Q015::10
Part3/outputs/answers_qwen25_7b_player2.csv,answers_qwen25_7b_player2,Q015,H,Famous scientists,11,hermann von helmholtz,hermann von helmholtz,1,0,1,Q015::11
Part3/outputs/answers_qwen25_7b_player2.csv,answers_qwen25_7b_player2,Q015,H,Famous scientists,12,hendrik hertzelsius,hendrik hertzelsius,0,0,0,Q015::12
Part3/outputs/answers_qwen25_7b_player2.csv,answers_qwen25_7b_player2,Q015,H,Famous scientists,13,huygens,huygens,1,0,1,Q015::13
Part3/outputs/answers_qwen25_7b_player2.csv,answers_qwen25_7b_player2,Q015,H,Famous scientists,14,hertz,hertz,1,0,1,Q015::14
Part3/outputs/answers_qwen25_7b_player2.csv,answers_qwen25_7b_player2,Q015,H,Famous scientists,15,hendrik huygens,hendrik huygens,0,0,0,Q015::15
Part3/outputs/answers_qwen25_7b_player2.csv,answers_qwen25_7b_player2,Q015,H,Famous scientists,16,hermann hesse,hermann hesse,0,0,0,Q015::16
Part3/outputs/answers_qwen25_7b_player2.csv,answers_qwen25_7b_player2,Q015,H,Famous scientists,17,huygens,huygens,1,1,0,Q015::17
Part3/outputs/answers_qwen25_7b_player2.csv,answers_qwen25_7b_player2,Q015,H,Famous scientists,18,galileo galilei,galileo galilei,0,0,0,Q015::18
Part3/outputs/answers_qwen25_7b_player2.csv,answers_qwen25_7b_player2,Q015,H,Famous scientists,19,huygens,huygens,1,0,1,Q015::19
Part3/outputs/answers_qwen25_7b_player2.csv,answers_qwen25_7b_player2,Q016,H,Things at the beach,0,hat,hat,1,1,0,Q016::0
Part3/outputs/answers_qwen25_7b_player2.csv,answers_qwen25_7b_player2,Q016,H,Things at the beach,1,hat,hat,1,1,0,Q016::1
Part3/outputs/answers_qwen25_7b_player2.csv,answers_qwen25_7b_player2,Q016,H,Things at the beach,2,hat,hat,1,1,0,Q016::2
Part3/outputs/answers_qwen25_7b_player2.csv,answers_qwen25_7b_player2,Q016,H,Things at the beach,3,hat,hat,1,1,0,Q016::3
Part3/outputs/answers_qwen25_7b_player2.csv,answers_qwen25_7b_player2,Q016,H,Things at the beach,4,hat,hat,1,1,0,Q016::4
Part3/outputs/answers_qwen25_7b_player2.csv,answers_qwen25_7b_player2,Q016,H,Things at the beach,5,hat,hat,1,1,0,Q016::5
Part3/outputs/answers_qwen25_7b_player2.csv,answers_qwen25_7b_player2,Q016,H,Things at the beach,6,hat,hat,1,1,0,Q016::6
Part3/outputs/answers_qwen25_7b_player2.csv,answers_qwen25_7b_player2,Q016,H,Things at the beach,7,hat,hat,1,1,0,Q016::7
Part3/outputs/answers_qwen25_7b_player2.csv,answers_qwen25_7b_player2,Q016,H,Things at the beach,8,hat,hat,1,1,0,Q016::8
Part3/outputs/answers_qwen25_7b_player2.csv,answers_qwen25_7b_player2,Q016,H,Things at the beach,9,hat,hat,1,1,0,Q016::9
Part3/outputs/answers_qwen25_7b_player2.csv,answers_qwen25_7b_player2,Q016,H,Things at the beach,10,hat,hat,1,1,0,Q016::10
Part3/outputs/answers_qwen25_7b_player2.csv,answers_qwen25_7b_player2,Q016,H,Things at the beach,11,hat,hat,1,1,0,Q016::11
Part3/outputs/answers_qwen25_7b_player2.csv,answers_qwen25_7b_player2,Q016,H,Things at the beach,12,hat,hat,1,1,0,Q016::12
Part3/outputs/answers_qwen25_7b_player2.csv,answers_qwen25_7b_player2,Q016,H,Things at the beach,13,hat,hat,1,1,0,Q016::13
Part3/outputs/answers_qwen25_7b_player2.csv,answers_qwen25_7b_player2,Q016,H,Things at the beach,14,hat,hat,1,1,0,Q016::14
Part3/outputs/answers_qwen25_7b_player2.csv,answers_qwen25_7b_player2,Q016,H,Things at the beach,15,hat,hat,1,1,0,Q016::15
Part3/outputs/answers_qwen25_7b_player2.csv,answers_qwen25_7b_player2,Q016,H,Things at the beach,16,hat,hat,1,1,0,Q016::16
Part3/outputs/answers_qwen25_7b_player2.csv,answers_qwen25_7b_player2,Q016,H,Things at the beach,17,hat,hat,1,1,0,Q016::17
Part3/outputs/answers_qwen25_7b_player2.csv,answers_qwen25_7b_player2,Q016,H,Things at the beach,18,hat,hat,1,0,1,Q016::18
Part3/outputs/answers_qwen25_7b_player2.csv,answers_qwen25_7b_player2,Q016,H,Things at the beach,19,hat,hat,1,1,0,Q016::19
Part3/outputs/answers_qwen25_7b_player2.csv,answers_qwen25_7b_player2,Q017,I,Cities,0,istanbul,istanbul,0,0,0,Q017::0
Part3/outputs/answers_qwen25_7b_player2.csv,answers_qwen25_7b_player2,Q017,I,Cities,1,istanbul,istanbul,0,0,0,Q017::1
Part3/outputs/answers_qwen25_7b_player2.csv,answers_qwen25_7b_player2,Q017,I,Cities,2,istanbul,istanbul,0,0,0,Q017::2
Part3/outputs/answers_qwen25_7b_player2.csv,answers_qwen25_7b_player2,Q017,I,Cities,3,iceland,iceland,0,0,0,Q017::3
Part3/outputs/answers_qwen25_7b_player2.csv,answers_qwen25_7b_player2,Q017,I,Cities,4,istanbul,istanbul,0,0,0,Q017::4
Part3/outputs/answers_qwen25_7b_player2.csv,answers_qwen25_7b_player2,Q017,I,Cities,5,ichih寡斯蒂克,ichih,0,0,0,Q017::5
Part3/outputs/answers_qwen25_7b_player2.csv,answers_qwen25_7b_player2,Q017,I,Cities,6,iphone city,iphone city,0,0,0,Q017::6
Part3/outputs/answers_qwen25_7b_player2.csv,answers_qwen25_7b_player2,Q017,I,Cities,7,iceland,iceland,0,0,0,Q017::7
Part3/outputs/answers_qwen25_7b_player2.csv,answers_qwen25_7b_player2,Q017,I,Cities,8,indianapolis,indianapolis,1,0,1,Q017::8
Part3/outputs/answers_qwen25_7b_player2.csv,answers_qwen25_7b_player2,Q017,I,Cities,9,indianapolis,indianapolis,1,0,1,Q017::9
Part3/outputs/answers_qwen25_7b_player2.csv,answers_qwen25_7b_player2,Q017,I,Cities,10,iphone江阴,iphone,0,0,0,Q017::10
Part3/outputs/answers_qwen25_7b_player2.csv,answers_qwen25_7b_player2,Q017,I,Cities,11,indianapolis,indianapolis,1,0,1,Q017::11
Part3/outputs/answers_qwen25_7b_player2.csv,answers_qwen25_7b_player2,Q017,I,Cities,12,iphone江阴,iphone,0,0,0,Q017::12
Part3/outputs/answers_qwen25_7b_player2.csv,answers_qwen25_7b_player2,Q017,I,Cities,13,istanbul,istanbul,0,0,0,Q017::13
Part3/outputs/answers_qwen25_7b_player2.csv,answers_qwen25_7b_player2,Q017,I,Cities,14,incheon,incheon,0,0,0,Q017::14
Part3/outputs/answers_qwen25_7b_player2.csv,answers_qwen25_7b_player2,Q017,I,Cities,15,istanbul,istanbul,0,0,0,Q017::15
Part3/outputs/answers_qwen25_7b_player2.csv,answers_qwen25_7b_player2,Q017,I,Cities,16,iceland,iceland,0,0,0,Q017::16
Part3/outputs/answers_qwen25_7b_player2.csv,answers_qwen25_7b_player2,Q017,I,Cities,17,istanbul,istanbul,0,0,0,Q017::17
Part3/outputs/answers_qwen25_7b_player2.csv,answers_qwen25_7b_player2,Q017,I,Cities,18,ibiza,ibiza,0,0,0,Q017::18
Part3/outputs/answers_qwen25_7b_player2.csv,answers_qwen25_7b_player2,Q017,I,Cities,19,istanbul,istanbul,0,0,0,Q017::19
Part3/outputs/answers_qwen25_7b_player2.csv,answers_qwen25_7b_player2,Q018,I,Things in a classroom,0,intercepting cone,intercepting cone,0,0,0,Q018::0
Part3/outputs/answers_qwen25_7b_player2.csv,answers_qwen25_7b_player2,Q018,I,Things in a classroom,1,blackboard,blackboard,1,0,1,Q018::1
Part3/outputs/answers_qwen25_7b_player2.csv,answers_qwen25_7b_player2,Q018,I,Things in a classroom,2,interactivedisplay,interactivedisplay,0,0,0,Q018::2
Part3/outputs/answers_qwen25_7b_player2.csv,answers_qwen25_7b_player2,Q018,I,Things in a classroom,3,interior whiteboard,interior whiteboard,0,0,0,Q018::3
Part3/outputs/answers_qwen25_7b_player2.csv,answers_qwen25_7b_player2,Q018,I,Things in a classroom,4,interior decorator,interior decorator,0,0,0,Q018::4
Part3/outputs/answers_qwen25_7b_player2.csv,answers_qwen25_7b_player2,Q018,I,Things in a classroom,5,interactboard,interactboard,1,0,1,Q018::5
Part3/outputs/answers_qwen25_7b_player2.csv,answers_qwen25_7b_player2,Q018,I,Things in a classroom,6,interactive whiteboard,interactive whiteboard,1,0,1,Q018::6
Part3/outputs/answers_qwen25_7b_player2.csv,answers_qwen25_7b_player2,Q018,I,Things in a classroom,7,interior decorator,interior decorator,0,0,0,Q018::7
Part3/outputs/answers_qwen25_7b_player2.csv,answers_qwen25_7b_player2,Q018,I,Things in a classroom,8,interactioiboard,interactioiboard,0,0,0,Q018::8
Part3/outputs/answers_qwen25_7b_player2.csv,answers_qwen25_7b_player2,Q018,I,Things in a classroom,9,interactagram,interactagram,0,0,0,Q018::9
Part3/outputs/answers_qwen25_7b_player2.csv,answers_qwen25_7b_player2,Q018,I,Things in a classroom,10,interactome,interactome,0,0,0,Q018::10
Part3/outputs/answers_qwen25_7b_player2.csv,answers_qwen25_7b_player2,Q018,I,Things in a classroom,11,interior decoration,interior decoration,0,0,0,Q018::11
Part3/outputs/answers_qwen25_7b_player2.csv,answers_qwen25_7b_player2,Q018,I,Things in a classroom,12,interboard,interboard,0,0,0,Q018::12
Part3/outputs/answers_qwen25_7b_player2.csv,answers_qwen25_7b_player2,Q018,I,Things in a classroom,13,interior decorator,interior decorator,0,0,0,Q018::13
Part3/outputs/answers_qwen25_7b_player2.csv,answers_qwen25_7b_player2,Q018,I,Things in a classroom,14,intercepter,intercepter,0,0,0,Q018::14
Part3/outputs/answers_qwen25_7b_player2.csv,answers_qwen25_7b_player2,Q018,I,Things in a classroom,15,interior whiteboard,interior whiteboard,0,0,0,Q018::15
Part3/outputs/answers_qwen25_7b_player2.csv,answers_qwen25_7b_player2,Q018,I,Things in a classroom,16,interactometer,interactometer,0,0,0,Q018::16
Part3/outputs/answers_qwen25_7b_player2.csv,answers_qwen25_7b_player2,Q018,I,Things in a classroom,17,interior,interior,0,0,0,Q018::17
Part3/outputs/answers_qwen25_7b_player2.csv,answers_qwen25_7b_player2,Q018,I,Things in a classroom,18,interactboard,interactboard,1,0,1,Q018::18
Part3/outputs/answers_qwen25_7b_player2.csv,answers_qwen25_7b_player2,Q018,I,Things in a classroom,19,interior,interior,0,0,0,Q018::19
Part3/outputs/answers_qwen25_7b_player2.csv,answers_qwen25_7b_player2,Q019,J,Car brands,0,jaguar,jaguar,1,1,0,Q019::0
Part3/outputs/answers_qwen25_7b_player2.csv,answers_qwen25_7b_player2,Q019,J,Car brands,1,jaguar,jaguar,1,1,0,Q019::1
Part3/outputs/answers_qwen25_7b_player2.csv,answers_qwen25_7b_player2,Q019,J,Car brands,2,jaguar,jaguar,1,1,0,Q019::2
Part3/outputs/answers_qwen25_7b_player2.csv,answers_qwen25_7b_player2,Q019,J,Car brands,3,jaguar,jaguar,1,1,0,Q019::3
Part3/outputs/answers_qwen25_7b_player2.csv,answers_qwen25_7b_player2,Q019,J,Car brands,4,jaguar,jaguar,1,1,0,Q019::4
Part3/outputs/answers_qwen25_7b_player2.csv,answers_qwen25_7b_player2,Q019,J,Car brands,5,jaguar,jaguar,1,1,0,Q019::5
Part3/outputs/answers_qwen25_7b_player2.csv,answers_qwen25_7b_player2,Q019,J,Car brands,6,jaguar,jaguar,1,1,0,Q019::6
Part3/outputs/answers_qwen25_7b_player2.csv,answers_qwen25_7b_player2,Q019,J,Car brands,7,jaguar,jaguar,1,1,0,Q019::7
Part3/outputs/answers_qwen25_7b_player2.csv,answers_qwen25_7b_player2,Q019,J,Car brands,8,jaguar,jaguar,1,1,0,Q019::8
Part3/outputs/answers_qwen25_7b_player2.csv,answers_qwen25_7b_player2,Q019,J,Car brands,9,jaguar,jaguar,1,1,0,Q019::9
Part3/outputs/answers_qwen25_7b_player2.csv,answers_qwen25_7b_player2,Q019,J,Car brands,10,jaguar,jaguar,1,1,0,Q019::10
Part3/outputs/answers_qwen25_7b_player2.csv,answers_qwen25_7b_player2,Q019,J,Car brands,11,jaguar,jaguar,1,1,0,Q019::11
Part3/outputs/answers_qwen25_7b_player2.csv,answers_qwen25_7b_player2,Q019,J,Car brands,12,jaguar,jaguar,1,1,0,Q019::12
Part3/outputs/answers_qwen25_7b_player2.csv,answers_qwen25_7b_player2,Q019,J,Car brands,13,jaguar,jaguar,1,1,0,Q019::13
Part3/outputs/answers_qwen25_7b_player2.csv,answers_qwen25_7b_player2,Q019,J,Car brands,14,jaguar,jaguar,1,1,0,Q019::14
Part3/outputs/answers_qwen25_7b_player2.csv,answers_qwen25_7b_player2,Q019,J,Car brands,15,jaguar,jaguar,1,1,0,Q019::15
Part3/outputs/answers_qwen25_7b_player2.csv,answers_qwen25_7b_player2,Q019,J,Car brands,16,jaguar,jaguar,1,1,0,Q019::16
Part3/outputs/answers_qwen25_7b_player2.csv,answers_qwen25_7b_player2,Q019,J,Car brands,17,jaguar,jaguar,1,1,0,Q019::17
Part3/outputs/answers_qwen25_7b_player2.csv,answers_qwen25_7b_player2,Q019,J,Car brands,18,jaguar,jaguar,1,1,0,Q019::18
Part3/outputs/answers_qwen25_7b_player2.csv,answers_qwen25_7b_player2,Q019,J,Car brands,19,jaguar,jaguar,1,1,0,Q019::19
Part3/outputs/answers_qwen25_7b_player2.csv,answers_qwen25_7b_player2,Q020,J,Video game titles,0,jousting champions,jousting champions,0,0,0,Q020::0
Part3/outputs/answers_qwen25_7b_player2.csv,answers_qwen25_7b_player2,Q020,J,Video game titles,1,just dance,just dance,1,0,1,Q020::1
Part3/outputs/answers_qwen25_7b_player2.csv,answers_qwen25_7b_player2,Q020,J,Video game titles,2,just dance,just dance,1,1,0,Q020::2
Part3/outputs/answers_qwen25_7b_player2.csv,answers_qwen25_7b_player2,Q020,J,Video game titles,3,just dance,just dance,1,0,1,Q020::3
Part3/outputs/answers_qwen25_7b_player2.csv,answers_qwen25_7b_player2,Q020,J,Video game titles,4,just dance,just dance,1,0,1,Q020::4
Part3/outputs/answers_qwen25_7b_player2.csv,answers_qwen25_7b_player2,Q020,J,Video game titles,5,journey seekers,journey seekers,0,0,0,Q020::5
Part3/outputs/answers_qwen25_7b_player2.csv,answers_qwen25_7b_player2,Q020,J,Video game titles,6,just dance,just dance,1,0,1,Q020::6
Part3/outputs/answers_qwen25_7b_player2.csv,answers_qwen25_7b_player2,Q020,J,Video game titles,7,joust,joust,1,0,1,Q020::7
Part3/outputs/answers_qwen25_7b_player2.csv,answers_qwen25_7b_player2,Q020,J,Video game titles,8,just dance,just dance,1,1,0,Q020::8
Part3/outputs/answers_qwen25_7b_player2.csv,answers_qwen25_7b_player2,Q020,J,Video game titles,9,journey to the center,journey to the center,0,0,0,Q020::9
Part3/outputs/answers_qwen25_7b_player2.csv,answers_qwen25_7b_player2,Q020,J,Video game titles,10,jousting champs,jousting champs,0,0,0,Q020::10
Part3/outputs/answers_qwen25_7b_player2.csv,answers_qwen25_7b_player2,Q020,J,Video game titles,11,just dance,just dance,1,1,0,Q020::11
Part3/outputs/answers_qwen25_7b_player2.csv,answers_qwen25_7b_player2,Q020,J,Video game titles,12,just dance,just dance,1,1,0,Q020::12
Part3/outputs/answers_qwen25_7b_player2.csv,answers_qwen25_7b_player2,Q020,J,Video game titles,13,just dance,just dance,1,0,1,Q020::13
Part3/outputs/answers_qwen25_7b_player2.csv,answers_qwen25_7b_player2,Q020,J,Video game titles,14,just dance,just dance,1,0,1,Q020::14
Part3/outputs/answers_qwen25_7b_player2.csv,answers_qwen25_7b_player2,Q020,J,Video game titles,15,just dance,just dance,1,1,0,Q020::15
Part3/outputs/answers_qwen25_7b_player2.csv,answers_qwen25_7b_player2,Q020,J,Video game titles,16,joust,joust,1,0,1,Q020::16
Part3/outputs/answers_qwen25_7b_player2.csv,answers_qwen25_7b_player2,Q020,J,Video game titles,17,just dance,just dance,1,1,0,Q020::17
Part3/outputs/answers_qwen25_7b_player2.csv,answers_qwen25_7b_player2,Q020,J,Video game titles,18,jungle hunt,jungle hunt,1,0,1,Q020::18
Part3/outputs/answers_qwen25_7b_player2.csv,answers_qwen25_7b_player2,Q020,J,Video game titles,19,just dance,just dance,1,0,1,Q020::19
Part3/outputs/answers_qwen25_7b_player2.csv,answers_qwen25_7b_player2,Q021,K,Superheroes,0,kal-el,kal-el,1,0,1,Q021::0
Part3/outputs/answers_qwen25_7b_player2.csv,answers_qwen25_7b_player2,Q021,K,Superheroes,1,kal-el,kal-el,1,1,0,Q021::1
Part3/outputs/answers_qwen25_7b_player2.csv,answers_qwen25_7b_player2,Q021,K,Superheroes,2,spider-king,spider-king,0,0,0,Q021::2
Part3/outputs/answers_qwen25_7b_player2.csv,answers_qwen25_7b_player2,Q021,K,Superheroes,3,kal-el,kal-el,1,1,0,Q021::3
Part3/outputs/answers_qwen25_7b_player2.csv,answers_qwen25_7b_player2,Q021,K,Superheroes,4,kangaroo king,kangaroo king,0,0,0,Q021::4
Part3/outputs/answers_qwen25_7b_player2.csv,answers_qwen25_7b_player2,Q021,K,Superheroes,5,kal-el,kal-el,1,1,0,Q021::5
Part3/outputs/answers_qwen25_7b_player2.csv,answers_qwen25_7b_player2,Q021,K,Superheroes,6,king kong,king kong,0,0,0,Q021::6
Part3/outputs/answers_qwen25_7b_player2.csv,answers_qwen25_7b_player2,Q021,K,Superheroes,7,king kong,king kong,0,0,0,Q021::7
Part3/outputs/answers_qwen25_7b_player2.csv,answers_qwen25_7b_player2,Q021,K,Superheroes,8,spider-king,spider-king,0,0,0,Q021::8
Part3/outputs/answers_qwen25_7b_player2.csv,answers_qwen25_7b_player2,Q021,K,Superheroes,9,kal-el,kal-el,1,1,0,Q021::9
Part3/outputs/answers_qwen25_7b_player2.csv,answers_qwen25_7b_player2,Q021,K,Superheroes,10,kal-el,kal-el,1,1,0,Q021::10
Part3/outputs/answers_qwen25_7b_player2.csv,answers_qwen25_7b_player2,Q021,K,Superheroes,11,kal-els,kal-els,0,0,0,Q021::11
Part3/outputs/answers_qwen25_7b_player2.csv,answers_qwen25_7b_player2,Q021,K,Superheroes,12,kal-el,kal-el,1,1,0,Q021::12
Part3/outputs/answers_qwen25_7b_player2.csv,answers_qwen25_7b_player2,Q021,K,Superheroes,13,captain marvel,captain marvel,0,0,0,Q021::13
Part3/outputs/answers_qwen25_7b_player2.csv,answers_qwen25_7b_player2,Q021,K,Superheroes,14,kal-el,kal-el,1,0,1,Q021::14
Part3/outputs/answers_qwen25_7b_player2.csv,answers_qwen25_7b_player2,Q021,K,Superheroes,15,king kong,king kong,0,0,0,Q021::15
Part3/outputs/answers_qwen25_7b_player2.csv,answers_qwen25_7b_player2,Q021,K,Superheroes,16,kal-el,kal-el,1,0,1,Q021::16
Part3/outputs/answers_qwen25_7b_player2.csv,answers_qwen25_7b_player2,Q021,K,Superheroes,17,iron man,iron man,0,0,0,Q021::17
Part3/outputs/answers_qwen25_7b_player2.csv,answers_qwen25_7b_player2,Q021,K,Superheroes,18,kal-el,kal-el,1,0,1,Q021::18
Part3/outputs/answers_qwen25_7b_player2.csv,answers_qwen25_7b_player2,Q021,K,Superheroes,19,captain marvel,captain marvel,0,0,0,Q021::19
Part3/outputs/answers_qwen25_7b_player2.csv,answers_qwen25_7b_player2,Q022,K,Things in a grocery store,0,ketchup,ketchup,1,0,1,Q022::0
Part3/outputs/answers_qwen25_7b_player2.csv,answers_qwen25_7b_player2,Q022,K,Things in a grocery store,1,ketchup,ketchup,1,1,0,Q022::1
Part3/outputs/answers_qwen25_7b_player2.csv,answers_qwen25_7b_player2,Q022,K,Things in a grocery store,2,ketchup,ketchup,1,1,0,Q022::2
Part3/outputs/answers_qwen25_7b_player2.csv,answers_qwen25_7b_player2,Q022,K,Things in a grocery store,3,kiwi,kiwi,1,1,0,Q022::3
Part3/outputs/answers_qwen25_7b_player2.csv,answers_qwen25_7b_player2,Q022,K,Things in a grocery store,4,ketchup,ketchup,1,0,1,Q022::4
Part3/outputs/answers_qwen25_7b_player2.csv,answers_qwen25_7b_player2,Q022,K,Things in a grocery store,5,kiwi,kiwi,1,0,1,Q022::5
Part3/outputs/answers_qwen25_7b_player2.csv,answers_qwen25_7b_player2,Q022,K,Things in a grocery store,6,ketchup,ketchup,1,0,1,Q022::6
Part3/outputs/answers_qwen25_7b_player2.csv,answers_qwen25_7b_player2,Q022,K,Things in a grocery store,7,kiwi,kiwi,1,1,0,Q022::7
Part3/outputs/answers_qwen25_7b_player2.csv,answers_qwen25_7b_player2,Q022,K,Things in a grocery store,8,ketchup,ketchup,1,0,1,Q022::8
Part3/outputs/answers_qwen25_7b_player2.csv,answers_qwen25_7b_player2,Q022,K,Things in a grocery store,9,kiwi,kiwi,1,1,0,Q022::9
Part3/outputs/answers_qwen25_7b_player2.csv,answers_qwen25_7b_player2,Q022,K,Things in a grocery store,10,kiwi,kiwi,1,1,0,Q022::10
Part3/outputs/answers_qwen25_7b_player2.csv,answers_qwen25_7b_player2,Q022,K,Things in a grocery store,11,kiwi,kiwi,1,1,0,Q022::11
Part3/outputs/answers_qwen25_7b_player2.csv,answers_qwen25_7b_player2,Q022,K,Things in a grocery store,12,kiwi,kiwi,1,1,0,Q022::12
Part3/outputs/answers_qwen25_7b_player2.csv,answers_qwen25_7b_player2,Q022,K,Things in a grocery store,13,kiwi,kiwi,1,0,1,Q022::13
Part3/outputs/answers_qwen25_7b_player2.csv,answers_qwen25_7b_player2,Q022,K,Things in a grocery store,14,ketchup,ketchup,1,0,1,Q022::14
Part3/outputs/answers_qwen25_7b_player2.csv,answers_qwen25_7b_player2,Q022,K,Things in a grocery store,15,kiwi,kiwi,1,1,0,Q022::15
Part3/outputs/answers_qwen25_7b_player2.csv,answers_qwen25_7b_player2,Q022,K,Things in a grocery store,16,ketchup,ketchup,1,0,1,Q022::16
Part3/outputs/answers_qwen25_7b_player2.csv,answers_qwen25_7b_player2,Q022,K,Things in a grocery store,17,ketchup,ketchup,1,1,0,Q022::17
Part3/outputs/answers_qwen25_7b_player2.csv,answers_qwen25_7b_player2,Q022,K,Things in a grocery store,18,ketchup,ketchup,1,0,1,Q022::18
Part3/outputs/answers_qwen25_7b_player2.csv,answers_qwen25_7b_player2,Q022,K,Things in a grocery store,19,kiwi,kiwi,1,1,0,Q022::19
Part3/outputs/answers_qwen25_7b_player2.csv,answers_qwen25_7b_player2,Q023,L,Dog breeds,0,labrador retriever,labrador retriever,1,1,0,Q023::0
Part3/outputs/answers_qwen25_7b_player2.csv,answers_qwen25_7b_player2,Q023,L,Dog breeds,1,labrador retriever,labrador retriever,1,1,0,Q023::1
Part3/outputs/answers_qwen25_7b_player2.csv,answers_qwen25_7b_player2,Q023,L,Dog breeds,2,labrador retriever,labrador retriever,1,1,0,Q023::2
Part3/outputs/answers_qwen25_7b_player2.csv,answers_qwen25_7b_player2,Q023,L,Dog breeds,3,labrador retriever,labrador retriever,1,1,0,Q023::3
Part3/outputs/answers_qwen25_7b_player2.csv,answers_qwen25_7b_player2,Q023,L,Dog breeds,4,labrador retriever,labrador retriever,1,1,0,Q023::4
Part3/outputs/answers_qwen25_7b_player2.csv,answers_qwen25_7b_player2,Q023,L,Dog breeds,5,labrador retriever,labrador retriever,1,1,0,Q023::5
Part3/outputs/answers_qwen25_7b_player2.csv,answers_qwen25_7b_player2,Q023,L,Dog breeds,6,labrador retriever,labrador retriever,1,1,0,Q023::6
Part3/outputs/answers_qwen25_7b_player2.csv,answers_qwen25_7b_player2,Q023,L,Dog breeds,7,labrador retriever,labrador retriever,1,1,0,Q023::7
Part3/outputs/answers_qwen25_7b_player2.csv,answers_qwen25_7b_player2,Q023,L,Dog breeds,8,labrador retriever,labrador retriever,1,1,0,Q023::8
Part3/outputs/answers_qwen25_7b_player2.csv,answers_qwen25_7b_player2,Q023,L,Dog breeds,9,labrador retriever,labrador retriever,1,1,0,Q023::9
Part3/outputs/answers_qwen25_7b_player2.csv,answers_qwen25_7b_player2,Q023,L,Dog breeds,10,labrador retriever,labrador retriever,1,1,0,Q023::10
Part3/outputs/answers_qwen25_7b_player2.csv,answers_qwen25_7b_player2,Q023,L,Dog breeds,11,labrador retriever,labrador retriever,1,1,0,Q023::11
Part3/outputs/answers_qwen25_7b_player2.csv,answers_qwen25_7b_player2,Q023,L,Dog breeds,12,labrador retriever,labrador retriever,1,1,0,Q023::12
Part3/outputs/answers_qwen25_7b_player2.csv,answers_qwen25_7b_player2,Q023,L,Dog breeds,13,labrador retriever,labrador retriever,1,1,0,Q023::13
Part3/outputs/answers_qwen25_7b_player2.csv,answers_qwen25_7b_player2,Q023,L,Dog breeds,14,labrador retriever,labrador retriever,1,1,0,Q023::14
Part3/outputs/answers_qwen25_7b_player2.csv,answers_qwen25_7b_player2,Q023,L,Dog breeds,15,labrador retriever,labrador retriever,1,1,0,Q023::15
Part3/outputs/answers_qwen25_7b_player2.csv,answers_qwen25_7b_player2,Q023,L,Dog breeds,16,labrador retriever,labrador retriever,1,1,0,Q023::16
Part3/outputs/answers_qwen25_7b_player2.csv,answers_qwen25_7b_player2,Q023,L,Dog breeds,17,labrador retriever,labrador retriever,1,1,0,Q023::17
Part3/outputs/answers_qwen25_7b_player2.csv,answers_qwen25_7b_player2,Q023,L,Dog breeds,18,labrador retriever,labrador retriever,1,1,0,Q023::18
Part3/outputs/answers_qwen25_7b_player2.csv,answers_qwen25_7b_player2,Q023,L,Dog breeds,19,labrador retriever,labrador retriever,1,1,0,Q023::19
Part3/outputs/answers_qwen25_7b_player2.csv,answers_qwen25_7b_player2,Q024,L,Books,0,lucky charlotte,lucky charlotte,0,0,0,Q024::0
Part3/outputs/answers_qwen25_7b_player2.csv,answers_qwen25_7b_player2,Q024,L,Books,1,lord of the rings,lord of the rings,1,1,0,Q024::1
Part3/outputs/answers_qwen25_7b_player2.csv,answers_qwen25_7b_player2,Q024,L,Books,2,lord of the rings,lord of the rings,1,0,1,Q024::2
Part3/outputs/answers_qwen25_7b_player2.csv,answers_qwen25_7b_player2,Q024,L,Books,3,lord of the rings,lord of the rings,1,1,0,Q024::3
Part3/outputs/answers_qwen25_7b_player2.csv,answers_qwen25_7b_player2,Q024,L,Books,4,lamborghini saga,lamborghini saga,0,0,0,Q024::4
Part3/outputs/answers_qwen25_7b_player2.csv,answers_qwen25_7b_player2,Q024,L,Books,5,lord of the rings,lord of the rings,1,1,0,Q024::5
Part3/outputs/answers_qwen25_7b_player2.csv,answers_qwen25_7b_player2,Q024,L,Books,6,lord of the rings,lord of the rings,1,0,1,Q024::6
Part3/outputs/answers_qwen25_7b_player2.csv,answers_qwen25_7b_player2,Q024,L,Books,7,lord of the flies,lord of the flies,1,0,1,Q024::7
Part3/outputs/answers_qwen25_7b_player2.csv,answers_qwen25_7b_player2,Q024,L,Books,8,lord of the flies,lord of the flies,1,0,1,Q024::8
Part3/outputs/answers_qwen25_7b_player2.csv,answers_qwen25_7b_player2,Q024,L,Books,9,lord of the rings,lord of the rings,1,1,0,Q024::9
Part3/outputs/answers_qwen25_7b_player2.csv,answers_qwen25_7b_player2,Q024,L,Books,10,lord of the flies,lord of the flies,1,0,1,Q024::10
Part3/outputs/answers_qwen25_7b_player2.csv,answers_qwen25_7b_player2,Q024,L,Books,11,london calling,london calling,0,0,0,Q024::11
Part3/outputs/answers_qwen25_7b_player2.csv,answers_qwen25_7b_player2,Q024,L,Books,12,lord of the rings,lord of the rings,1,1,0,Q024::12
Part3/outputs/answers_qwen25_7b_player2.csv,answers_qwen25_7b_player2,Q024,L,Books,13,lord of the rings,lord of the rings,1,1,0,Q024::13
Part3/outputs/answers_qwen25_7b_player2.csv,answers_qwen25_7b_player2,Q024,L,Books,14,lord of the rings,lord of the rings,1,1,0,Q024::14
Part3/outputs/answers_qwen25_7b_player2.csv,answers_qwen25_7b_player2,Q024,L,Books,15,lord of the rings,lord of the rings,1,1,0,Q024::15
Part3/outputs/answers_qwen25_7b_player2.csv,answers_qwen25_7b_player2,Q024,L,Books,16,lord of the rings,lord of the rings,1,1,0,Q024::16
Part3/outputs/answers_qwen25_7b_player2.csv,answers_qwen25_7b_player2,Q024,L,Books,17,lord of the rings,lord of the rings,1,1,0,Q024::17
Part3/outputs/answers_qwen25_7b_player2.csv,answers_qwen25_7b_player2,Q024,L,Books,18,lord of the rings,lord of the rings,1,0,1,Q024::18
Part3/outputs/answers_qwen25_7b_player2.csv,answers_qwen25_7b_player2,Q024,L,Books,19,lord of the rings,lord of the rings,1,1,0,Q024::19
Part3/outputs/answers_qwen25_7b_player2.csv,answers_qwen25_7b_player2,Q025,M,Languages,0,mandarin,mandarin,1,0,1,Q025::0
Part3/outputs/answers_qwen25_7b_player2.csv,answers_qwen25_7b_player2,Q025,M,Languages,1,mandarin,mandarin,1,0,1,Q025::1
Part3/outputs/answers_qwen25_7b_player2.csv,answers_qwen25_7b_player2,Q025,M,Languages,2,mongolian,mongolian,1,0,1,Q025::2
Part3/outputs/answers_qwen25_7b_player2.csv,answers_qwen25_7b_player2,Q025,M,Languages,3,mandarin,mandarin,1,0,1,Q025::3
Part3/outputs/answers_qwen25_7b_player2.csv,answers_qwen25_7b_player2,Q025,M,Languages,4,spanish,spanish,0,0,0,Q025::4
Part3/outputs/answers_qwen25_7b_player2.csv,answers_qwen25_7b_player2,Q025,M,Languages,5,mandarin,mandarin,1,1,0,Q025::5
Part3/outputs/answers_qwen25_7b_player2.csv,answers_qwen25_7b_player2,Q025,M,Languages,6,mandarin,mandarin,1,1,0,Q025::6
Part3/outputs/answers_qwen25_7b_player2.csv,answers_qwen25_7b_player2,Q025,M,Languages,7,mandarin,mandarin,1,1,0,Q025::7
Part3/outputs/answers_qwen25_7b_player2.csv,answers_qwen25_7b_player2,Q025,M,Languages,8,spanish,spanish,0,0,0,Q025::8
Part3/outputs/answers_qwen25_7b_player2.csv,answers_qwen25_7b_player2,Q025,M,Languages,9,spanish,spanish,0,0,0,Q025::9
Part3/outputs/answers_qwen25_7b_player2.csv,answers_qwen25_7b_player2,Q025,M,Languages,10,spanish,spanish,0,0,0,Q025::10
Part3/outputs/answers_qwen25_7b_player2.csv,answers_qwen25_7b_player2,Q025,M,Languages,11,spanish,spanish,0,0,0,Q025::11
Part3/outputs/answers_qwen25_7b_player2.csv,answers_qwen25_7b_player2,Q025,M,Languages,12,mandarin,mandarin,1,0,1,Q025::12
Part3/outputs/answers_qwen25_7b_player2.csv,answers_qwen25_7b_player2,Q025,M,Languages,13,mongolian,mongolian,1,0,1,Q025::13
Part3/outputs/answers_qwen25_7b_player2.csv,answers_qwen25_7b_player2,Q025,M,Languages,14,spanish,spanish,0,0,0,Q025::14
Part3/outputs/answers_qwen25_7b_player2.csv,answers_qwen25_7b_player2,Q025,M,Languages,15,spanish,spanish,0,0,0,Q025::15
Part3/outputs/answers_qwen25_7b_player2.csv,answers_qwen25_7b_player2,Q025,M,Languages,16,mandarin,mandarin,1,0,1,Q025::16
Part3/outputs/answers_qwen25_7b_player2.csv,answers_qwen25_7b_player2,Q025,M,Languages,17,mandarin,mandarin,1,0,1,Q025::17
Part3/outputs/answers_qwen25_7b_player2.csv,answers_qwen25_7b_player2,Q025,M,Languages,18,mandarin,mandarin,1,1,0,Q025::18
Part3/outputs/answers_qwen25_7b_player2.csv,answers_qwen25_7b_player2,Q025,M,Languages,19,mandarin,mandarin,1,0,1,Q025::19
Part3/outputs/answers_qwen25_7b_player2.csv,answers_qwen25_7b_player2,Q026,M,Clothing items,0,sweater,sweater,0,0,0,Q026::0
Part3/outputs/answers_qwen25_7b_player2.csv,answers_qwen25_7b_player2,Q026,M,Clothing items,1,sweater,sweater,0,0,0,Q026::1
Part3/outputs/answers_qwen25_7b_player2.csv,answers_qwen25_7b_player2,Q026,M,Clothing items,2,muffin,muffin,0,0,0,Q026::2
Part3/outputs/answers_qwen25_7b_player2.csv,answers_qwen25_7b_player2,Q026,M,Clothing items,3,muffin,muffin,0,0,0,Q026::3
Part3/outputs/answers_qwen25_7b_player2.csv,answers_qwen25_7b_player2,Q026,M,Clothing items,4,sweater,sweater,0,0,0,Q026::4
Part3/outputs/answers_qwen25_7b_player2.csv,answers_qwen25_7b_player2,Q026,M,Clothing items,5,mug,mug,0,0,0,Q026::5
Part3/outputs/answers_qwen25_7b_player2.csv,answers_qwen25_7b_player2,Q026,M,Clothing items,6,mug,mug,0,0,0,Q026::6
Part3/outputs/answers_qwen25_7b_player2.csv,answers_qwen25_7b_player2,Q026,M,Clothing items,7,mug,mug,0,0,0,Q026::7
Part3/outputs/answers_qwen25_7b_player2.csv,answers_qwen25_7b_player2,Q026,M,Clothing items,8,mug,mug,0,0,0,Q026::8
Part3/outputs/answers_qwen25_7b_player2.csv,answers_qwen25_7b_player2,Q026,M,Clothing items,9,mug,mug,0,0,0,Q026::9
Part3/outputs/answers_qwen25_7b_player2.csv,answers_qwen25_7b_player2,Q026,M,Clothing items,10,t-shirt,t-shirt,0,0,0,Q026::10
Part3/outputs/answers_qwen25_7b_player2.csv,answers_qwen25_7b_player2,Q026,M,Clothing items,11,mug,mug,0,0,0,Q026::11
Part3/outputs/answers_qwen25_7b_player2.csv,answers_qwen25_7b_player2,Q026,M,Clothing items,12,sweater,sweater,0,0,0,Q026::12
Part3/outputs/answers_qwen25_7b_player2.csv,answers_qwen25_7b_player2,Q026,M,Clothing items,13,mug,mug,0,0,0,Q026::13
Part3/outputs/answers_qwen25_7b_player2.csv,answers_qwen25_7b_player2,Q026,M,Clothing items,14,sweatshirt,sweatshirt,1,0,1,Q026::14
Part3/outputs/answers_qwen25_7b_player2.csv,answers_qwen25_7b_player2,Q026,M,Clothing items,15,mug,mug,0,0,0,Q026::15
Part3/outputs/answers_qwen25_7b_player2.csv,answers_qwen25_7b_player2,Q026,M,Clothing items,16,mug,mug,0,0,0,Q026::16
Part3/outputs/answers_qwen25_7b_player2.csv,answers_qwen25_7b_player2,Q026,M,Clothing items,17,mug,mug,0,0,0,Q026::17
Part3/outputs/answers_qwen25_7b_player2.csv,answers_qwen25_7b_player2,Q026,M,Clothing items,18,muffin,muffin,0,0,0,Q026::18
Part3/outputs/answers_qwen25_7b_player2.csv,answers_qwen25_7b_player2,Q026,M,Clothing items,19,mug,mug,0,0,0,Q026::19
Part3/outputs/answers_qwen25_7b_player2.csv,answers_qwen25_7b_player2,Q027,N,Birds,0,nightingale,nightingale,1,1,0,Q027::0
Part3/outputs/answers_qwen25_7b_player2.csv,answers_qwen25_7b_player2,Q027,N,Birds,1,nightingale,nightingale,1,1,0,Q027::1
Part3/outputs/answers_qwen25_7b_player2.csv,answers_qwen25_7b_player2,Q027,N,Birds,2,nightingale,nightingale,1,0,1,Q027::2
Part3/outputs/answers_qwen25_7b_player2.csv,answers_qwen25_7b_player2,Q027,N,Birds,3,nightingale,nightingale,1,0,1,Q027::3
Part3/outputs/answers_qwen25_7b_player2.csv,answers_qwen25_7b_player2,Q027,N,Birds,4,nightingale,nightingale,1,0,1,Q027::4
Part3/outputs/answers_qwen25_7b_player2.csv,answers_qwen25_7b_player2,Q027,N,Birds,5,northern fulmar,northern fulmar,1,0,1,Q027::5
Part3/outputs/answers_qwen25_7b_player2.csv,answers_qwen25_7b_player2,Q027,N,Birds,6,nightingale,nightingale,1,1,0,Q027::6
Part3/outputs/answers_qwen25_7b_player2.csv,answers_qwen25_7b_player2,Q027,N,Birds,7,nightingale,nightingale,1,1,0,Q027::7
Part3/outputs/answers_qwen25_7b_player2.csv,answers_qwen25_7b_player2,Q027,N,Birds,8,northern fulmar,northern fulmar,1,0,1,Q027::8
Part3/outputs/answers_qwen25_7b_player2.csv,answers_qwen25_7b_player2,Q027,N,Birds,9,nightingale,nightingale,1,1,0,Q027::9
Part3/outputs/answers_qwen25_7b_player2.csv,answers_qwen25_7b_player2,Q027,N,Birds,10,nutcracker,nutcracker,1,0,1,Q027::10
Part3/outputs/answers_qwen25_7b_player2.csv,answers_qwen25_7b_player2,Q027,N,Birds,11,nightingale,nightingale,1,0,1,Q027::11
Part3/outputs/answers_qwen25_7b_player2.csv,answers_qwen25_7b_player2,Q027,N,Birds,12,norwegian blue,norwegian blue,0,0,0,Q027::12
Part3/outputs/answers_qwen25_7b_player2.csv,answers_qwen25_7b_player2,Q027,N,Birds,13,nightingale,nightingale,1,1,0,Q027::13
Part3/outputs/answers_qwen25_7b_player2.csv,answers_qwen25_7b_player2,Q027,N,Birds,14,norway pigeon,norway pigeon,0,0,0,Q027::14
Part3/outputs/answers_qwen25_7b_player2.csv,answers_qwen25_7b_player2,Q027,N,Birds,15,norwegian blue,norwegian blue,0,0,0,Q027::15
Part3/outputs/answers_qwen25_7b_player2.csv,answers_qwen25_7b_player2,Q027,N,Birds,16,nightingale,nightingale,1,1,0,Q027::16
Part3/outputs/answers_qwen25_7b_player2.csv,answers_qwen25_7b_player2,Q027,N,Birds,17,nightingale,nightingale,1,1,0,Q027::17
Part3/outputs/answers_qwen25_7b_player2.csv,answers_qwen25_7b_player2,Q027,N,Birds,18,nightingale,nightingale,1,1,0,Q027::18
Part3/outputs/answers_qwen25_7b_player2.csv,answers_qwen25_7b_player2,Q027,N,Birds,19,nightingale,nightingale,1,1,0,Q027::19
Part3/outputs/answers_qwen25_7b_player2.csv,answers_qwen25_7b_player2,Q028,N,Things in a hospital,0,nurse,nurse,1,1,0,Q028::0
Part3/outputs/answers_qwen25_7b_player2.csv,answers_qwen25_7b_player2,Q028,N,Things in a hospital,1,nurse,nurse,1,1,0,Q028::1
Part3/outputs/answers_qwen25_7b_player2.csv,answers_qwen25_7b_player2,Q028,N,Things in a hospital,2,nurse,nurse,1,1,0,Q028::2
Part3/outputs/answers_qwen25_7b_player2.csv,answers_qwen25_7b_player2,Q028,N,Things in a hospital,3,nurse,nurse,1,1,0,Q028::3
Part3/outputs/answers_qwen25_7b_player2.csv,answers_qwen25_7b_player2,Q028,N,Things in a hospital,4,nurse,nurse,1,1,0,Q028::4
Part3/outputs/answers_qwen25_7b_player2.csv,answers_qwen25_7b_player2,Q028,N,Things in a hospital,5,nurse,nurse,1,1,0,Q028::5
Part3/outputs/answers_qwen25_7b_player2.csv,answers_qwen25_7b_player2,Q028,N,Things in a hospital,6,nurse,nurse,1,1,0,Q028::6
Part3/outputs/answers_qwen25_7b_player2.csv,answers_qwen25_7b_player2,Q028,N,Things in a hospital,7,nurse,nurse,1,1,0,Q028::7
Part3/outputs/answers_qwen25_7b_player2.csv,answers_qwen25_7b_player2,Q028,N,Things in a hospital,8,nurse,nurse,1,1,0,Q028::8
Part3/outputs/answers_qwen25_7b_player2.csv,answers_qwen25_7b_player2,Q028,N,Things in a hospital,9,nurse,nurse,1,1,0,Q028::9
Part3/outputs/answers_qwen25_7b_player2.csv,answers_qwen25_7b_player2,Q028,N,Things in a hospital,10,nurse,nurse,1,1,0,Q028::10
Part3/outputs/answers_qwen25_7b_player2.csv,answers_qwen25_7b_player2,Q028,N,Things in a hospital,11,nurse,nurse,1,1,0,Q028::11
Part3/outputs/answers_qwen25_7b_player2.csv,answers_qwen25_7b_player2,Q028,N,Things in a hospital,12,nurse,nurse,1,1,0,Q028::12
Part3/outputs/answers_qwen25_7b_player2.csv,answers_qwen25_7b_player2,Q028,N,Things in a hospital,13,nurse,nurse,1,1,0,Q028::13
Part3/outputs/answers_qwen25_7b_player2.csv,answers_qwen25_7b_player2,Q028,N,Things in a hospital,14,nurse,nurse,1,1,0,Q028::14
Part3/outputs/answers_qwen25_7b_player2.csv,answers_qwen25_7b_player2,Q028,N,Things in a hospital,15,nurse,nurse,1,1,0,Q028::15
Part3/outputs/answers_qwen25_7b_player2.csv,answers_qwen25_7b_player2,Q028,N,Things in a hospital,16,nurse,nurse,1,1,0,Q028::16
Part3/outputs/answers_qwen25_7b_player2.csv,answers_qwen25_7b_player2,Q028,N,Things in a hospital,17,nurse,nurse,1,1,0,Q028::17
Part3/outputs/answers_qwen25_7b_player2.csv,answers_qwen25_7b_player2,Q028,N,Things in a hospital,18,nurse,nurse,1,1,0,Q028::18
Part3/outputs/answers_qwen25_7b_player2.csv,answers_qwen25_7b_player2,Q028,N,Things in a hospital,19,nurse,nurse,1,1,0,Q028::19
Part3/outputs/answers_qwen25_7b_player2.csv,answers_qwen25_7b_player2,Q029,O,Companies,0,oracle,oracle,1,1,0,Q029::0
Part3/outputs/answers_qwen25_7b_player2.csv,answers_qwen25_7b_player2,Q029,O,Companies,1,oracle,oracle,1,1,0,Q029::1
Part3/outputs/answers_qwen25_7b_player2.csv,answers_qwen25_7b_player2,Q029,O,Companies,2,oracle,oracle,1,0,1,Q029::2
Part3/outputs/answers_qwen25_7b_player2.csv,answers_qwen25_7b_player2,Q029,O,Companies,3,oracle,oracle,1,1,0,Q029::3
Part3/outputs/answers_qwen25_7b_player2.csv,answers_qwen25_7b_player2,Q029,O,Companies,4,oracle,oracle,1,1,0,Q029::4
Part3/outputs/answers_qwen25_7b_player2.csv,answers_qwen25_7b_player2,Q029,O,Companies,5,oracle,oracle,1,1,0,Q029::5
Part3/outputs/answers_qwen25_7b_player2.csv,answers_qwen25_7b_player2,Q029,O,Companies,6,oracle,oracle,1,1,0,Q029::6
Part3/outputs/answers_qwen25_7b_player2.csv,answers_qwen25_7b_player2,Q029,O,Companies,7,oracle,oracle,1,1,0,Q029::7
Part3/outputs/answers_qwen25_7b_player2.csv,answers_qwen25_7b_player2,Q029,O,Companies,8,oracle,oracle,1,1,0,Q029::8
Part3/outputs/answers_qwen25_7b_player2.csv,answers_qwen25_7b_player2,Q029,O,Companies,9,office depot,office depot,1,0,1,Q029::9
Part3/outputs/answers_qwen25_7b_player2.csv,answers_qwen25_7b_player2,Q029,O,Companies,10,oracle,oracle,1,0,1,Q029::10
Part3/outputs/answers_qwen25_7b_player2.csv,answers_qwen25_7b_player2,Q029,O,Companies,11,office depot,office depot,1,0,1,Q029::11
Part3/outputs/answers_qwen25_7b_player2.csv,answers_qwen25_7b_player2,Q029,O,Companies,12,oracle,oracle,1,1,0,Q029::12
Part3/outputs/answers_qwen25_7b_player2.csv,answers_qwen25_7b_player2,Q029,O,Companies,13,oracle,oracle,1,0,1,Q029::13
Part3/outputs/answers_qwen25_7b_player2.csv,answers_qwen25_7b_player2,Q029,O,Companies,14,oracle,oracle,1,1,0,Q029::14
Part3/outputs/answers_qwen25_7b_player2.csv,answers_qwen25_7b_player2,Q029,O,Companies,15,oracle,oracle,1,1,0,Q029::15
Part3/outputs/answers_qwen25_7b_player2.csv,answers_qwen25_7b_player2,Q029,O,Companies,16,office depot,office depot,1,0,1,Q029::16
Part3/outputs/answers_qwen25_7b_player2.csv,answers_qwen25_7b_player2,Q029,O,Companies,17,oracle,oracle,1,1,0,Q029::17
Part3/outputs/answers_qwen25_7b_player2.csv,answers_qwen25_7b_player2,Q029,O,Companies,18,oracle,oracle,1,1,0,Q029::18
Part3/outputs/answers_qwen25_7b_player2.csv,answers_qwen25_7b_player2,Q029,O,Companies,19,oracle,oracle,1,1,0,Q029::19
Part3/outputs/answers_qwen25_7b_player2.csv,answers_qwen25_7b_player2,Q030,O,Things in the sky,0,clouds,clouds,0,0,0,Q030::0
Part3/outputs/answers_qwen25_7b_player2.csv,answers_qwen25_7b_player2,Q030,O,Things in the sky,1,cloud,cloud,0,0,0,Q030::1
Part3/outputs/answers_qwen25_7b_player2.csv,answers_qwen25_7b_player2,Q030,O,Things in the sky,2,clouds,clouds,0,0,0,Q030::2
Part3/outputs/answers_qwen25_7b_player2.csv,answers_qwen25_7b_player2,Q030,O,Things in the sky,3,cloud,cloud,0,0,0,Q030::3
Part3/outputs/answers_qwen25_7b_player2.csv,answers_qwen25_7b_player2,Q030,O,Things in the sky,4,clouds,clouds,0,0,0,Q030::4
Part3/outputs/answers_qwen25_7b_player2.csv,answers_qwen25_7b_player2,Q030,O,Things in the sky,5,cloud,cloud,0,0,0,Q030::5
Part3/outputs/answers_qwen25_7b_player2.csv,answers_qwen25_7b_player2,Q030,O,Things in the sky,6,cloud,cloud,0,0,0,Q030::6
Part3/outputs/answers_qwen25_7b_player2.csv,answers_qwen25_7b_player2,Q030,O,Things in the sky,7,clouds,clouds,0,0,0,Q030::7
Part3/outputs/answers_qwen25_7b_player2.csv,answers_qwen25_7b_player2,Q030,O,Things in the sky,8,clouds,clouds,0,0,0,Q030::8
Part3/outputs/answers_qwen25_7b_player2.csv,answers_qwen25_7b_player2,Q030,O,Things in the sky,9,clouds,clouds,0,0,0,Q030::9
Part3/outputs/answers_qwen25_7b_player2.csv,answers_qwen25_7b_player2,Q030,O,Things in the sky,10,cloud,cloud,0,0,0,Q030::10
Part3/outputs/answers_qwen25_7b_player2.csv,answers_qwen25_7b_player2,Q030,O,Things in the sky,11,clouds,clouds,0,0,0,Q030::11
Part3/outputs/answers_qwen25_7b_player2.csv,answers_qwen25_7b_player2,Q030,O,Things in the sky,12,clouds,clouds,0,0,0,Q030::12
Part3/outputs/answers_qwen25_7b_player2.csv,answers_qwen25_7b_player2,Q030,O,Things in the sky,13,clouds,clouds,0,0,0,Q030::13
Part3/outputs/answers_qwen25_7b_player2.csv,answers_qwen25_7b_player2,Q030,O,Things in the sky,14,clouds,clouds,0,0,0,Q030::14
Part3/outputs/answers_qwen25_7b_player2.csv,answers_qwen25_7b_player2,Q030,O,Things in the sky,15,clouds,clouds,0,0,0,Q030::15
Part3/outputs/answers_qwen25_7b_player2.csv,answers_qwen25_7b_player2,Q030,O,Things in the sky,16,cloud,cloud,0,0,0,Q030::16
Part3/outputs/answers_qwen25_7b_player2.csv,answers_qwen25_7b_player2,Q030,O,Things in the sky,17,clouds,clouds,0,0,0,Q030::17
Part3/outputs/answers_qwen25_7b_player2.csv,answers_qwen25_7b_player2,Q030,O,Things in the sky,18,clouds,clouds,0,0,0,Q030::18
Part3/outputs/answers_qwen25_7b_player2.csv,answers_qwen25_7b_player2,Q030,O,Things in the sky,19,cloud,cloud,0,0,0,Q030::19
Part3/outputs/answers_qwen25_7b_player2.csv,answers_qwen25_7b_player2,Q031,P,Vegetables,0,potato,potato,1,1,0,Q031::0
Part3/outputs/answers_qwen25_7b_player2.csv,answers_qwen25_7b_player2,Q031,P,Vegetables,1,potato,potato,1,1,0,Q031::1
Part3/outputs/answers_qwen25_7b_player2.csv,answers_qwen25_7b_player2,Q031,P,Vegetables,2,pea,pea,1,0,1,Q031::2
Part3/outputs/answers_qwen25_7b_player2.csv,answers_qwen25_7b_player2,Q031,P,Vegetables,3,potato,potato,1,1,0,Q031::3
Part3/outputs/answers_qwen25_7b_player2.csv,answers_qwen25_7b_player2,Q031,P,Vegetables,4,potato,potato,1,0,1,Q031::4
Part3/outputs/answers_qwen25_7b_player2.csv,answers_qwen25_7b_player2,Q031,P,Vegetables,5,pepper,pepper,1,1,0,Q031::5
Part3/outputs/answers_qwen25_7b_player2.csv,answers_qwen25_7b_player2,Q031,P,Vegetables,6,pepper,pepper,1,0,1,Q031::6
Part3/outputs/answers_qwen25_7b_player2.csv,answers_qwen25_7b_player2,Q031,P,Vegetables,7,pepperoni,pepperoni,0,0,0,Q031::7
Part3/outputs/answers_qwen25_7b_player2.csv,answers_qwen25_7b_player2,Q031,P,Vegetables,8,potato,potato,1,1,0,Q031::8
Part3/outputs/answers_qwen25_7b_player2.csv,answers_qwen25_7b_player2,Q031,P,Vegetables,9,"pepperoni (though not strictly a vegetable, as per the instruction to keep","pepperoni (though not strictly a vegetable, as per the instruction to keep",0,0,0,Q031::9
Part3/outputs/answers_qwen25_7b_player2.csv,answers_qwen25_7b_player2,Q031,P,Vegetables,10,potato,potato,1,1,0,Q031::10
Part3/outputs/answers_qwen25_7b_player2.csv,answers_qwen25_7b_player2,Q031,P,Vegetables,11,pea,pea,1,0,1,Q031::11
Part3/outputs/answers_qwen25_7b_player2.csv,answers_qwen25_7b_player2,Q031,P,Vegetables,12,pepperoni,pepperoni,0,0,0,Q031::12
Part3/outputs/answers_qwen25_7b_player2.csv,answers_qwen25_7b_player2,Q031,P,Vegetables,13,potato,potato,1,1,0,Q031::13
Part3/outputs/answers_qwen25_7b_player2.csv,answers_qwen25_7b_player2,Q031,P,Vegetables,14,potato,potato,1,0,1,Q031::14
Part3/outputs/answers_qwen25_7b_player2.csv,answers_qwen25_7b_player2,Q031,P,Vegetables,15,potato,potato,1,1,0,Q031::15
Part3/outputs/answers_qwen25_7b_player2.csv,answers_qwen25_7b_player2,Q031,P,Vegetables,16,potato,potato,1,1,0,Q031::16
Part3/outputs/answers_qwen25_7b_player2.csv,answers_qwen25_7b_player2,Q031,P,Vegetables,17,potato,potato,1,0,1,Q031::17
Part3/outputs/answers_qwen25_7b_player2.csv,answers_qwen25_7b_player2,Q031,P,Vegetables,18,potato,potato,1,0,1,Q031::18
Part3/outputs/answers_qwen25_7b_player2.csv,answers_qwen25_7b_player2,Q031,P,Vegetables,19,potato,potato,1,1,0,Q031::19
Part3/outputs/answers_qwen25_7b_player2.csv,answers_qwen25_7b_player2,Q032,P,Historical figures,0,plato,plato,1,0,1,Q032::0
Part3/outputs/answers_qwen25_7b_player2.csv,answers_qwen25_7b_player2,Q032,P,Historical figures,1,patrick henry,patrick henry,1,0,1,Q032::1
Part3/outputs/answers_qwen25_7b_player2.csv,answers_qwen25_7b_player2,Q032,P,Historical figures,2,pope john paul ii,pope john paul ii,1,0,1,Q032::2
Part3/outputs/answers_qwen25_7b_player2.csv,answers_qwen25_7b_player2,Q032,P,Historical figures,3,peter the great,peter the great,1,1,0,Q032::3
Part3/outputs/answers_qwen25_7b_player2.csv,answers_qwen25_7b_player2,Q032,P,Historical figures,4,pythagoras,pythagoras,1,0,1,Q032::4
Part3/outputs/answers_qwen25_7b_player2.csv,answers_qwen25_7b_player2,Q032,P,Historical figures,5,peter the great,peter the great,1,1,0,Q032::5
Part3/outputs/answers_qwen25_7b_player2.csv,answers_qwen25_7b_player2,Q032,P,Historical figures,6,pericles,pericles,1,0,1,Q032::6
Part3/outputs/answers_qwen25_7b_player2.csv,answers_qwen25_7b_player2,Q032,P,Historical figures,7,plato,plato,1,0,1,Q032::7
Part3/outputs/answers_qwen25_7b_player2.csv,answers_qwen25_7b_player2,Q032,P,Historical figures,8,pythagoras,pythagoras,1,0,1,Q032::8
Part3/outputs/answers_qwen25_7b_player2.csv,answers_qwen25_7b_player2,Q032,P,Historical figures,9,plato,plato,1,0,1,Q032::9
Part3/outputs/answers_qwen25_7b_player2.csv,answers_qwen25_7b_player2,Q032,P,Historical figures,10,plato,plato,1,1,0,Q032::10
Part3/outputs/answers_qwen25_7b_player2.csv,answers_qwen25_7b_player2,Q032,P,Historical figures,11,plato,plato,1,1,0,Q032::11
Part3/outputs/answers_qwen25_7b_player2.csv,answers_qwen25_7b_player2,Q032,P,Historical figures,12,pythagoras,pythagoras,1,0,1,Q032::12
Part3/outputs/answers_qwen25_7b_player2.csv,answers_qwen25_7b_player2,Q032,P,Historical figures,13,plato,plato,1,0,1,Q032::13
Part3/outputs/answers_qwen25_7b_player2.csv,answers_qwen25_7b_player2,Q032,P,Historical figures,14,paul rudolph,paul rudolph,0,0,0,Q032::14
Part3/outputs/answers_qwen25_7b_player2.csv,answers_qwen25_7b_player2,Q032,P,Historical figures,15,peter the great,peter the great,1,1,0,Q032::15
Part3/outputs/answers_qwen25_7b_player2.csv,answers_qwen25_7b_player2,Q032,P,Historical figures,16,peter the great,peter the great,1,0,1,Q032::16
Part3/outputs/answers_qwen25_7b_player2.csv,answers_qwen25_7b_player2,Q032,P,Historical figures,17,peter the great,peter the great,1,0,1,Q032::17
Part3/outputs/answers_qwen25_7b_player2.csv,answers_qwen25_7b_player2,Q032,P,Historical figures,18,pythagoras,pythagoras,1,0,1,Q032::18
Part3/outputs/answers_qwen25_7b_player2.csv,answers_qwen25_7b_player2,Q032,P,Historical figures,19,pythagoras,pythagoras,1,0,1,Q032::19
Part3/outputs/answers_qwen25_7b_player2.csv,answers_qwen25_7b_player2,Q033,Q,Words in English,0,queen,queen,1,0,1,Q033::0
Part3/outputs/answers_qwen25_7b_player2.csv,answers_qwen25_7b_player2,Q033,Q,Words in English,1,quickly,quickly,1,0,1,Q033::1
Part3/outputs/answers_qwen25_7b_player2.csv,answers_qwen25_7b_player2,Q033,Q,Words in English,2,queen,queen,1,0,1,Q033::2
Part3/outputs/answers_qwen25_7b_player2.csv,answers_qwen25_7b_player2,Q033,Q,Words in English,3,quartz,quartz,1,0,1,Q033::3
Part3/outputs/answers_qwen25_7b_player2.csv,answers_qwen25_7b_player2,Q033,Q,Words in English,4,quill,quill,1,1,0,Q033::4
Part3/outputs/answers_qwen25_7b_player2.csv,answers_qwen25_7b_player2,Q033,Q,Words in English,5,quilt,quilt,1,0,1,Q033::5
Part3/outputs/answers_qwen25_7b_player2.csv,answers_qwen25_7b_player2,Q033,Q,Words in English,6,queen,queen,1,1,0,Q033::6
Part3/outputs/answers_qwen25_7b_player2.csv,answers_qwen25_7b_player2,Q033,Q,Words in English,7,quartz,quartz,1,0,1,Q033::7
Part3/outputs/answers_qwen25_7b_player2.csv,answers_qwen25_7b_player2,Q033,Q,Words in English,8,quick,quick,1,0,1,Q033::8
Part3/outputs/answers_qwen25_7b_player2.csv,answers_qwen25_7b_player2,Q033,Q,Words in English,9,quilt,quilt,1,0,1,Q033::9
Part3/outputs/answers_qwen25_7b_player2.csv,answers_qwen25_7b_player2,Q033,Q,Words in English,10,quilt,quilt,1,1,0,Q033::10
Part3/outputs/answers_qwen25_7b_player2.csv,answers_qwen25_7b_player2,Q033,Q,Words in English,11,quilt,quilt,1,1,0,Q033::11
Part3/outputs/answers_qwen25_7b_player2.csv,answers_qwen25_7b_player2,Q033,Q,Words in English,12,quilt,quilt,1,1,0,Q033::12
Part3/outputs/answers_qwen25_7b_player2.csv,answers_qwen25_7b_player2,Q033,Q,Words in English,13,quickly,quickly,1,0,1,Q033::13
Part3/outputs/answers_qwen25_7b_player2.csv,answers_qwen25_7b_player2,Q033,Q,Words in English,14,quilt,quilt,1,0,1,Q033::14
Part3/outputs/answers_qwen25_7b_player2.csv,answers_qwen25_7b_player2,Q033,Q,Words in English,15,quickly,quickly,1,0,1,Q033::15
Part3/outputs/answers_qwen25_7b_player2.csv,answers_qwen25_7b_player2,Q033,Q,Words in English,16,queen,queen,1,0,1,Q033::16
Part3/outputs/answers_qwen25_7b_player2.csv,answers_qwen25_7b_player2,Q033,Q,Words in English,17,quill,quill,1,0,1,Q033::17
Part3/outputs/answers_qwen25_7b_player2.csv,answers_qwen25_7b_player2,Q033,Q,Words in English,18,queen,queen,1,0,1,Q033::18
Part3/outputs/answers_qwen25_7b_player2.csv,answers_qwen25_7b_player2,Q033,Q,Words in English,19,quilt,quilt,1,1,0,Q033::19
Part3/outputs/answers_qwen25_7b_player2.csv,answers_qwen25_7b_player2,Q034,Q,Fictional characters,0,queen,queen,0,0,0,Q034::0
Part3/outputs/answers_qwen25_7b_player2.csv,answers_qwen25_7b_player2,Q034,Q,Fictional characters,1,quasimodo,quasimodo,1,1,0,Q034::1
Part3/outputs/answers_qwen25_7b_player2.csv,answers_qwen25_7b_player2,Q034,Q,Fictional characters,2,quasimodo,quasimodo,1,1,0,Q034::2
Part3/outputs/answers_qwen25_7b_player2.csv,answers_qwen25_7b_player2,Q034,Q,Fictional characters,3,quasimodo,quasimodo,1,1,0,Q034::3
Part3/outputs/answers_qwen25_7b_player2.csv,answers_qwen25_7b_player2,Q034,Q,Fictional characters,4,quasimodo,quasimodo,1,1,0,Q034::4
Part3/outputs/answers_qwen25_7b_player2.csv,answers_qwen25_7b_player2,Q034,Q,Fictional characters,5,quasimodo,quasimodo,1,0,1,Q034::5
Part3/outputs/answers_qwen25_7b_player2.csv,answers_qwen25_7b_player2,Q034,Q,Fictional characters,6,quasimodo,quasimodo,1,1,0,Q034::6
Part3/outputs/answers_qwen25_7b_player2.csv,answers_qwen25_7b_player2,Q034,Q,Fictional characters,7,quasimodo,quasimodo,1,1,0,Q034::7
Part3/outputs/answers_qwen25_7b_player2.csv,answers_qwen25_7b_player2,Q034,Q,Fictional characters,8,quasimodo,quasimodo,1,1,0,Q034::8
Part3/outputs/answers_qwen25_7b_player2.csv,answers_qwen25_7b_player2,Q034,Q,Fictional characters,9,quasimodo,quasimodo,1,1,0,Q034::9
Part3/outputs/answers_qwen25_7b_player2.csv,answers_qwen25_7b_player2,Q034,Q,Fictional characters,10,quasimodo,quasimodo,1,1,0,Q034::10
Part3/outputs/answers_qwen25_7b_player2.csv,answers_qwen25_7b_player2,Q034,Q,Fictional characters,11,quasimodo,quasimodo,1,1,0,Q034::11
Part3/outputs/answers_qwen25_7b_player2.csv,answers_qwen25_7b_player2,Q034,Q,Fictional characters,12,quasimodo,quasimodo,1,1,0,Q034::12
Part3/outputs/answers_qwen25_7b_player2.csv,answers_qwen25_7b_player2,Q034,Q,Fictional characters,13,quasimodo,quasimodo,1,1,0,Q034::13
Part3/outputs/answers_qwen25_7b_player2.csv,answers_qwen25_7b_player2,Q034,Q,Fictional characters,14,quasimodo,quasimodo,1,1,0,Q034::14
Part3/outputs/answers_qwen25_7b_player2.csv,answers_qwen25_7b_player2,Q034,Q,Fictional characters,15,quasimodo,quasimodo,1,1,0,Q034::15
Part3/outputs/answers_qwen25_7b_player2.csv,answers_qwen25_7b_player2,Q034,Q,Fictional characters,16,quasimodo,quasimodo,1,1,0,Q034::16
Part3/outputs/answers_qwen25_7b_player2.csv,answers_qwen25_7b_player2,Q034,Q,Fictional characters,17,quasimodo,quasimodo,1,1,0,Q034::17
Part3/outputs/answers_qwen25_7b_player2.csv,answers_qwen25_7b_player2,Q034,Q,Fictional characters,18,quasimodo,quasimodo,1,1,0,Q034::18
Part3/outputs/answers_qwen25_7b_player2.csv,answers_qwen25_7b_player2,Q034,Q,Fictional characters,19,quasimodo,quasimodo,1,1,0,Q034::19
Part3/outputs/answers_qwen25_7b_player2.csv,answers_qwen25_7b_player2,Q035,R,Songs,0,raindrops keep falling on my head,raindrops keep falling on my head,0,0,0,Q035::0
Part3/outputs/answers_qwen25_7b_player2.csv,answers_qwen25_7b_player2,Q035,R,Songs,1,rhythms,rhythms,0,0,0,Q035::1
Part3/outputs/answers_qwen25_7b_player2.csv,answers_qwen25_7b_player2,Q035,R,Songs,2,rolling in the deep,rolling in the deep,0,0,0,Q035::2
Part3/outputs/answers_qwen25_7b_player2.csv,answers_qwen25_7b_player2,Q035,R,Songs,3,radiohead,radiohead,0,0,0,Q035::3
Part3/outputs/answers_qwen25_7b_player2.csv,answers_qwen25_7b_player2,Q035,R,Songs,4,raindrops keep falling on my head,raindrops keep falling on my head,0,0,0,Q035::4
Part3/outputs/answers_qwen25_7b_player2.csv,answers_qwen25_7b_player2,Q035,R,Songs,5,raindrops keep falling on my head,raindrops keep falling on my head,0,0,0,Q035::5
Part3/outputs/answers_qwen25_7b_player2.csv,answers_qwen25_7b_player2,Q035,R,Songs,6,raining in spain,raining in spain,0,0,0,Q035::6
Part3/outputs/answers_qwen25_7b_player2.csv,answers_qwen25_7b_player2,Q035,R,Songs,7,radioheads rivalry,radioheads rivalry,0,0,0,Q035::7
Part3/outputs/answers_qwen25_7b_player2.csv,answers_qwen25_7b_player2,Q035,R,Songs,8,rhythm of the rain,rhythm of the rain,1,0,1,Q035::8
Part3/outputs/answers_qwen25_7b_player2.csv,answers_qwen25_7b_player2,Q035,R,Songs,9,raindrops keep falling on my head,raindrops keep falling on my head,0,0,0,Q035::9
Part3/outputs/answers_qwen25_7b_player2.csv,answers_qwen25_7b_player2,Q035,R,Songs,10,radiohead,radiohead,0,0,0,Q035::10
Part3/outputs/answers_qwen25_7b_player2.csv,answers_qwen25_7b_player2,Q035,R,Songs,11,raindrops keep falling on my head,raindrops keep falling on my head,0,0,0,Q035::11
Part3/outputs/answers_qwen25_7b_player2.csv,answers_qwen25_7b_player2,Q035,R,Songs,12,rhythm of the rain,rhythm of the rain,1,0,1,Q035::12
Part3/outputs/answers_qwen25_7b_player2.csv,answers_qwen25_7b_player2,Q035,R,Songs,13,raindrops keep falling on my head,raindrops keep falling on my head,0,0,0,Q035::13
Part3/outputs/answers_qwen25_7b_player2.csv,answers_qwen25_7b_player2,Q035,R,Songs,14,radiohead,radiohead,0,0,0,Q035::14
Part3/outputs/answers_qwen25_7b_player2.csv,answers_qwen25_7b_player2,Q035,R,Songs,15,rhythm of the rain,rhythm of the rain,1,0,1,Q035::15
Part3/outputs/answers_qwen25_7b_player2.csv,answers_qwen25_7b_player2,Q035,R,Songs,16,radiohead,radiohead,0,0,0,Q035::16
Part3/outputs/answers_qwen25_7b_player2.csv,answers_qwen25_7b_player2,Q035,R,Songs,17,raindrops keep falling on my head,raindrops keep falling on my head,0,0,0,Q035::17
Part3/outputs/answers_qwen25_7b_player2.csv,answers_qwen25_7b_player2,Q035,R,Songs,18,raindrops keep falling on my head,raindrops keep falling on my head,0,0,0,Q035::18
Part3/outputs/answers_qwen25_7b_player2.csv,answers_qwen25_7b_player2,Q035,R,Songs,19,rhythms,rhythms,0,0,0,Q035::19
Part3/outputs/answers_qwen25_7b_player2.csv,answers_qwen25_7b_player2,Q036,R,Tools,0,ruler,ruler,1,0,1,Q036::0
Part3/outputs/answers_qwen25_7b_player2.csv,answers_qwen25_7b_player2,Q036,R,Tools,1,rubber手套,rubber,0,0,0,Q036::1
Part3/outputs/answers_qwen25_7b_player2.csv,answers_qwen25_7b_player2,Q036,R,Tools,2,razor,razor,1,0,1,Q036::2
Part3/outputs/answers_qwen25_7b_player2.csv,answers_qwen25_7b_player2,Q036,R,Tools,3,rubber gloves,rubber gloves,0,0,0,Q036::3
Part3/outputs/answers_qwen25_7b_player2.csv,answers_qwen25_7b_player2,Q036,R,Tools,4,razor,razor,1,1,0,Q036::4
Part3/outputs/answers_qwen25_7b_player2.csv,answers_qwen25_7b_player2,Q036,R,Tools,5,rubber手套,rubber,0,0,0,Q036::5
Part3/outputs/answers_qwen25_7b_player2.csv,answers_qwen25_7b_player2,Q036,R,Tools,6,rubber gloves,rubber gloves,0,0,0,Q036::6
Part3/outputs/answers_qwen25_7b_player2.csv,answers_qwen25_7b_player2,Q036,R,Tools,7,razor,razor,1,0,1,Q036::7
Part3/outputs/answers_qwen25_7b_player2.csv,answers_qwen25_7b_player2,Q036,R,Tools,8,razor,razor,1,0,1,Q036::8
Part3/outputs/answers_qwen25_7b_player2.csv,answers_qwen25_7b_player2,Q036,R,Tools,9,rubber gloves,rubber gloves,0,0,0,Q036::9
Part3/outputs/answers_qwen25_7b_player2.csv,answers_qwen25_7b_player2,Q036,R,Tools,10,rubber,rubber,0,0,0,Q036::10
Part3/outputs/answers_qwen25_7b_player2.csv,answers_qwen25_7b_player2,Q036,R,Tools,11,razor,razor,1,0,1,Q036::11
Part3/outputs/answers_qwen25_7b_player2.csv,answers_qwen25_7b_player2,Q036,R,Tools,12,rubber,rubber,0,0,0,Q036::12
Part3/outputs/answers_qwen25_7b_player2.csv,answers_qwen25_7b_player2,Q036,R,Tools,13,rubber,rubber,0,0,0,Q036::13
Part3/outputs/answers_qwen25_7b_player2.csv,answers_qwen25_7b_player2,Q036,R,Tools,14,rake,rake,1,1,0,Q036::14
Part3/outputs/answers_qwen25_7b_player2.csv,answers_qwen25_7b_player2,Q036,R,Tools,15,razor,razor,1,1,0,Q036::15
Part3/outputs/answers_qwen25_7b_player2.csv,answers_qwen25_7b_player2,Q036,R,Tools,16,razor,razor,1,0,1,Q036::16
Part3/outputs/answers_qwen25_7b_player2.csv,answers_qwen25_7b_player2,Q036,R,Tools,17,rubber gloves,rubber gloves,0,0,0,Q036::17
Part3/outputs/answers_qwen25_7b_player2.csv,answers_qwen25_7b_player2,Q036,R,Tools,18,rubber,rubber,0,0,0,Q036::18
Part3/outputs/answers_qwen25_7b_player2.csv,answers_qwen25_7b_player2,Q036,R,Tools,19,razor,razor,1,0,1,Q036::19
Part3/outputs/answers_qwen25_7b_player2.csv,answers_qwen25_7b_player2,Q037,S,Animals,0,snake,snake,1,0,1,Q037::0
Part3/outputs/answers_qwen25_7b_player2.csv,answers_qwen25_7b_player2,Q037,S,Animals,1,snake,snake,1,1,0,Q037::1
Part3/outputs/answers_qwen25_7b_player2.csv,answers_qwen25_7b_player2,Q037,S,Animals,2,seal,seal,1,0,1,Q037::2
Part3/outputs/answers_qwen25_7b_player2.csv,answers_qwen25_7b_player2,Q037,S,Animals,3,snake,snake,1,0,1,Q037::3
Part3/outputs/answers_qwen25_7b_player2.csv,answers_qwen25_7b_player2,Q037,S,Animals,4,seal,seal,1,0,1,Q037::4
Part3/outputs/answers_qwen25_7b_player2.csv,answers_qwen25_7b_player2,Q037,S,Animals,5,squirrel,squirrel,1,0,1,Q037::5
Part3/outputs/answers_qwen25_7b_player2.csv,answers_qwen25_7b_player2,Q037,S,Animals,6,seal,seal,1,0,1,Q037::6
Part3/outputs/answers_qwen25_7b_player2.csv,answers_qwen25_7b_player2,Q037,S,Animals,7,snake,snake,1,0,1,Q037::7
Part3/outputs/answers_qwen25_7b_player2.csv,answers_qwen25_7b_player2,Q037,S,Animals,8,snow leopard,snow leopard,1,0,1,Q037::8
Part3/outputs/answers_qwen25_7b_player2.csv,answers_qwen25_7b_player2,Q037,S,Animals,9,snake,snake,1,0,1,Q037::9
Part3/outputs/answers_qwen25_7b_player2.csv,answers_qwen25_7b_player2,Q037,S,Animals,10,squirrel,squirrel,1,0,1,Q037::10
Part3/outputs/answers_qwen25_7b_player2.csv,answers_qwen25_7b_player2,Q037,S,Animals,11,squirrel,squirrel,1,1,0,Q037::11
Part3/outputs/answers_qwen25_7b_player2.csv,answers_qwen25_7b_player2,Q037,S,Animals,12,squirrel,squirrel,1,0,1,Q037::12
Part3/outputs/answers_qwen25_7b_player2.csv,answers_qwen25_7b_player2,Q037,S,Animals,13,snake,snake,1,0,1,Q037::13
Part3/outputs/answers_qwen25_7b_player2.csv,answers_qwen25_7b_player2,Q037,S,Animals,14,squirrel,squirrel,1,0,1,Q037::14
Part3/outputs/answers_qwen25_7b_player2.csv,answers_qwen25_7b_player2,Q037,S,Animals,15,squirrel,squirrel,1,0,1,Q037::15
Part3/outputs/answers_qwen25_7b_player2.csv,answers_qwen25_7b_player2,Q037,S,Animals,16,squirrel,squirrel,1,1,0,Q037::16
Part3/outputs/answers_qwen25_7b_player2.csv,answers_qwen25_7b_player2,Q037,S,Animals,17,snake,snake,1,1,0,Q037::17
Part3/outputs/answers_qwen25_7b_player2.csv,answers_qwen25_7b_player2,Q037,S,Animals,18,squirrel,squirrel,1,0,1,Q037::18
Part3/outputs/answers_qwen25_7b_player2.csv,answers_qwen25_7b_player2,Q037,S,Animals,19,snail,snail,1,0,1,Q037::19
Part3/outputs/answers_qwen25_7b_player2.csv,answers_qwen25_7b_player2,Q038,S,Things in an office,0,stapler,stapler,1,0,1,Q038::0
Part3/outputs/answers_qwen25_7b_player2.csv,answers_qwen25_7b_player2,Q038,S,Things in an office,1,stapler,stapler,1,0,1,Q038::1
Part3/outputs/answers_qwen25_7b_player2.csv,answers_qwen25_7b_player2,Q038,S,Things in an office,2,stapler,stapler,1,0,1,Q038::2
Part3/outputs/answers_qwen25_7b_player2.csv,answers_qwen25_7b_player2,Q038,S,Things in an office,3,stapler,stapler,1,0,1,Q038::3
Part3/outputs/answers_qwen25_7b_player2.csv,answers_qwen25_7b_player2,Q038,S,Things in an office,4,supplies,supplies,1,0,1,Q038::4
Part3/outputs/answers_qwen25_7b_player2.csv,answers_qwen25_7b_player2,Q038,S,Things in an office,5,stapler,stapler,1,1,0,Q038::5
Part3/outputs/answers_qwen25_7b_player2.csv,answers_qwen25_7b_player2,Q038,S,Things in an office,6,stapler,stapler,1,0,1,Q038::6
Part3/outputs/answers_qwen25_7b_player2.csv,answers_qwen25_7b_player2,Q038,S,Things in an office,7,stapler,stapler,1,1,0,Q038::7
Part3/outputs/answers_qwen25_7b_player2.csv,answers_qwen25_7b_player2,Q038,S,Things in an office,8,desk,desk,1,0,1,Q038::8
Part3/outputs/answers_qwen25_7b_player2.csv,answers_qwen25_7b_player2,Q038,S,Things in an office,9,stapler,stapler,1,0,1,Q038::9
Part3/outputs/answers_qwen25_7b_player2.csv,answers_qwen25_7b_player2,Q038,S,Things in an office,10,stapler,stapler,1,0,1,Q038::10
Part3/outputs/answers_qwen25_7b_player2.csv,answers_qwen25_7b_player2,Q038,S,Things in an office,11,stapler,stapler,1,1,0,Q038::11
Part3/outputs/answers_qwen25_7b_player2.csv,answers_qwen25_7b_player2,Q038,S,Things in an office,12,stapler,stapler,1,0,1,Q038::12
Part3/outputs/answers_qwen25_7b_player2.csv,answers_qwen25_7b_player2,Q038,S,Things in an office,13,stapler,stapler,1,1,0,Q038::13
Part3/outputs/answers_qwen25_7b_player2.csv,answers_qwen25_7b_player2,Q038,S,Things in an office,14,stapler,stapler,1,0,1,Q038::14
Part3/outputs/answers_qwen25_7b_player2.csv,answers_qwen25_7b_player2,Q038,S,Things in an office,15,stapler,stapler,1,1,0,Q038::15
Part3/outputs/answers_qwen25_7b_player2.csv,answers_qwen25_7b_player2,Q038,S,Things in an office,16,stapler,stapler,1,0,1,Q038::16
Part3/outputs/answers_qwen25_7b_player2.csv,answers_qwen25_7b_player2,Q038,S,Things in an office,17,sofa,sofa,0,0,0,Q038::17
Part3/outputs/answers_qwen25_7b_player2.csv,answers_qwen25_7b_player2,Q038,S,Things in an office,18,scrap heap,scrap heap,0,0,0,Q038::18
Part3/outputs/answers_qwen25_7b_player2.csv,answers_qwen25_7b_player2,Q038,S,Things in an office,19,scissors,scissors,1,0,1,Q038::19
Part3/outputs/answers_qwen25_7b_player2.csv,answers_qwen25_7b_player2,Q039,T,Countries,0,tunisia,tunisia,1,0,1,Q039::0
Part3/outputs/answers_qwen25_7b_player2.csv,answers_qwen25_7b_player2,Q039,T,Countries,1,taiwan,taiwan,1,0,1,Q039::1
Part3/outputs/answers_qwen25_7b_player2.csv,answers_qwen25_7b_player2,Q039,T,Countries,2,tunisia,tunisia,1,0,1,Q039::2
Part3/outputs/answers_qwen25_7b_player2.csv,answers_qwen25_7b_player2,Q039,T,Countries,3,thailand,thailand,1,0,1,Q039::3
Part3/outputs/answers_qwen25_7b_player2.csv,answers_qwen25_7b_player2,Q039,T,Countries,4,tunisia,tunisia,1,0,1,Q039::4
Part3/outputs/answers_qwen25_7b_player2.csv,answers_qwen25_7b_player2,Q039,T,Countries,5,tunisia,tunisia,1,0,1,Q039::5
Part3/outputs/answers_qwen25_7b_player2.csv,answers_qwen25_7b_player2,Q039,T,Countries,6,tunisia,tunisia,1,0,1,Q039::6
Part3/outputs/answers_qwen25_7b_player2.csv,answers_qwen25_7b_player2,Q039,T,Countries,7,tunisia,tunisia,1,1,0,Q039::7
Part3/outputs/answers_qwen25_7b_player2.csv,answers_qwen25_7b_player2,Q039,T,Countries,8,thailand,thailand,1,1,0,Q039::8
Part3/outputs/answers_qwen25_7b_player2.csv,answers_qwen25_7b_player2,Q039,T,Countries,9,tunisia,tunisia,1,0,1,Q039::9
Part3/outputs/answers_qwen25_7b_player2.csv,answers_qwen25_7b_player2,Q039,T,Countries,10,taiwan,taiwan,1,0,1,Q039::10
Part3/outputs/answers_qwen25_7b_player2.csv,answers_qwen25_7b_player2,Q039,T,Countries,11,thailand,thailand,1,0,1,Q039::11
Part3/outputs/answers_qwen25_7b_player2.csv,answers_qwen25_7b_player2,Q039,T,Countries,12,taiwan,taiwan,1,1,0,Q039::12
Part3/outputs/answers_qwen25_7b_player2.csv,answers_qwen25_7b_player2,Q039,T,Countries,13,thailand,thailand,1,1,0,Q039::13
Part3/outputs/answers_qwen25_7b_player2.csv,answers_qwen25_7b_player2,Q039,T,Countries,14,tunisia,tunisia,1,1,0,Q039::14
Part3/outputs/answers_qwen25_7b_player2.csv,answers_qwen25_7b_player2,Q039,T,Countries,15,tunisia,tunisia,1,0,1,Q039::15
Part3/outputs/answers_qwen25_7b_player2.csv,answers_qwen25_7b_player2,Q039,T,Countries,16,tunisia,tunisia,1,0,1,Q039::16
Part3/outputs/answers_qwen25_7b_player2.csv,answers_qwen25_7b_player2,Q039,T,Countries,17,tunisia,tunisia,1,0,1,Q039::17
Part3/outputs/answers_qwen25_7b_player2.csv,answers_qwen25_7b_player2,Q039,T,Countries,18,thailand,thailand,1,1,0,Q039::18
Part3/outputs/answers_qwen25_7b_player2.csv,answers_qwen25_7b_player2,Q039,T,Countries,19,tunisia,tunisia,1,0,1,Q039::19
Part3/outputs/answers_qwen25_7b_player2.csv,answers_qwen25_7b_player2,Q040,T,TV shows,0,the office,the office,0,0,0,Q040::0
Part3/outputs/answers_qwen25_7b_player2.csv,answers_qwen25_7b_player2,Q040,T,TV shows,1,thrones,thrones,0,0,0,Q040::1
Part3/outputs/answers_qwen25_7b_player2.csv,answers_qwen25_7b_player2,Q040,T,TV shows,2,the office,the office,0,0,0,Q040::2
Part3/outputs/answers_qwen25_7b_player2.csv,answers_qwen25_7b_player2,Q040,T,TV shows,3,thrive global,thrive global,0,0,0,Q040::3
Part3/outputs/answers_qwen25_7b_player2.csv,answers_qwen25_7b_player2,Q040,T,TV shows,4,thirtysomething,thirtysomething,1,0,1,Q040::4
Part3/outputs/answers_qwen25_7b_player2.csv,answers_qwen25_7b_player2,Q040,T,TV shows,5,thirtysomething,thirtysomething,1,1,0,Q040::5
Part3/outputs/answers_qwen25_7b_player2.csv,answers_qwen25_7b_player2,Q040,T,TV shows,6,thirty days of night,thirty days of night,0,0,0,Q040::6
Part3/outputs/answers_qwen25_7b_player2.csv,answers_qwen25_7b_player2,Q040,T,TV shows,7,the office,the office,0,0,0,Q040::7
Part3/outputs/answers_qwen25_7b_player2.csv,answers_qwen25_7b_player2,Q040,T,TV shows,8,thirtynine,thirtynine,0,0,0,Q040::8
Part3/outputs/answers_qwen25_7b_player2.csv,answers_qwen25_7b_player2,Q040,T,TV shows,9,thirtysomething,thirtysomething,1,0,1,Q040::9
Part3/outputs/answers_qwen25_7b_player2.csv,answers_qwen25_7b_player2,Q040,T,TV shows,10,thrive global,thrive global,0,0,0,Q040::10
Part3/outputs/answers_qwen25_7b_player2.csv,answers_qwen25_7b_player2,Q040,T,TV shows,11,thick as thyme,thick as thyme,0,0,0,Q040::11
Part3/outputs/answers_qwen25_7b_player2.csv,answers_qwen25_7b_player2,Q040,T,TV shows,12,thirtynine,thirtynine,0,0,0,Q040::12
Part3/outputs/answers_qwen25_7b_player2.csv,answers_qwen25_7b_player2,Q040,T,TV shows,13,thirtynine bénéficie,thirtynine bénéficie,0,0,0,Q040::13
Part3/outputs/answers_qwen25_7b_player2.csv,answers_qwen25_7b_player2,Q040,T,TV shows,14,thirtysomething,thirtysomething,1,0,1,Q040::14
Part3/outputs/answers_qwen25_7b_player2.csv,answers_qwen25_7b_player2,Q040,T,TV shows,15,thrive全球不允许此类内容,thrive,0,0,0,Q040::15
Part3/outputs/answers_qwen25_7b_player2.csv,answers_qwen25_7b_player2,Q040,T,TV shows,16,thirtynine,thirtynine,0,0,0,Q040::16
Part3/outputs/answers_qwen25_7b_player2.csv,answers_qwen25_7b_player2,Q040,T,TV shows,17,thirtynine,thirtynine,0,0,0,Q040::17
Part3/outputs/answers_qwen25_7b_player2.csv,answers_qwen25_7b_player2,Q040,T,TV shows,18,thrive global,thrive global,0,0,0,Q040::18
Part3/outputs/answers_qwen25_7b_player2.csv,answers_qwen25_7b_player2,Q040,T,TV shows,19,twilight,twilight,0,0,0,Q040::19
Part3/outputs/answers_qwen25_7b_player2.csv,answers_qwen25_7b_player2,Q041,U,U.S. colleges,0,university of utah,university of utah,1,1,0,Q041::0
Part3/outputs/answers_qwen25_7b_player2.csv,answers_qwen25_7b_player2,Q041,U,U.S. colleges,1,university of pennsylvania,university of pennsylvania,0,0,0,Q041::1
Part3/outputs/answers_qwen25_7b_player2.csv,answers_qwen25_7b_player2,Q041,U,U.S. colleges,2,university of pennsylvania,university of pennsylvania,0,0,0,Q041::2
Part3/outputs/answers_qwen25_7b_player2.csv,answers_qwen25_7b_player2,Q041,U,U.S. colleges,3,university of utah,university of utah,1,0,1,Q041::3
Part3/outputs/answers_qwen25_7b_player2.csv,answers_qwen25_7b_player2,Q041,U,U.S. colleges,4,university of utah,university of utah,1,1,0,Q041::4
Part3/outputs/answers_qwen25_7b_player2.csv,answers_qwen25_7b_player2,Q041,U,U.S. colleges,5,university of pennsylvania,university of pennsylvania,0,0,0,Q041::5
Part3/outputs/answers_qwen25_7b_player2.csv,answers_qwen25_7b_player2,Q041,U,U.S. colleges,6,university of pennsylvania,university of pennsylvania,0,0,0,Q041::6
Part3/outputs/answers_qwen25_7b_player2.csv,answers_qwen25_7b_player2,Q041,U,U.S. colleges,7,university of pennsylvania,university of pennsylvania,0,0,0,Q041::7
Part3/outputs/answers_qwen25_7b_player2.csv,answers_qwen25_7b_player2,Q041,U,U.S. colleges,8,university of michigan,university of michigan,0,0,0,Q041::8
Part3/outputs/answers_qwen25_7b_player2.csv,answers_qwen25_7b_player2,Q041,U,U.S. colleges,9,university of utah,university of utah,1,0,1,Q041::9
Part3/outputs/answers_qwen25_7b_player2.csv,answers_qwen25_7b_player2,Q041,U,U.S. colleges,10,university of michigan,university of michigan,0,0,0,Q041::10
Part3/outputs/answers_qwen25_7b_player2.csv,answers_qwen25_7b_player2,Q041,U,U.S. colleges,11,university of utah,university of utah,1,0,1,Q041::11
Part3/outputs/answers_qwen25_7b_player2.csv,answers_qwen25_7b_player2,Q041,U,U.S. colleges,12,university of pennsylvania,university of pennsylvania,0,0,0,Q041::12
Part3/outputs/answers_qwen25_7b_player2.csv,answers_qwen25_7b_player2,Q041,U,U.S. colleges,13,university of pennsylvania,university of pennsylvania,0,0,0,Q041::13
Part3/outputs/answers_qwen25_7b_player2.csv,answers_qwen25_7b_player2,Q041,U,U.S. colleges,14,university of michigan,university of michigan,0,0,0,Q041::14
Part3/outputs/answers_qwen25_7b_player2.csv,answers_qwen25_7b_player2,Q041,U,U.S. colleges,15,university of virginia,university of virginia,1,0,1,Q041::15
Part3/outputs/answers_qwen25_7b_player2.csv,answers_qwen25_7b_player2,Q041,U,U.S. colleges,16,university of pennsylvania,university of pennsylvania,0,0,0,Q041::16
Part3/outputs/answers_qwen25_7b_player2.csv,answers_qwen25_7b_player2,Q041,U,U.S. colleges,17,university of utah,university of utah,1,0,1,Q041::17
Part3/outputs/answers_qwen25_7b_player2.csv,answers_qwen25_7b_player2,Q041,U,U.S. colleges,18,university of pennsylvania,university of pennsylvania,0,0,0,Q041::18
Part3/outputs/answers_qwen25_7b_player2.csv,answers_qwen25_7b_player2,Q041,U,U.S. colleges,19,university of pennsylvania,university of pennsylvania,0,0,0,Q041::19
Part3/outputs/answers_qwen25_7b_player2.csv,answers_qwen25_7b_player2,Q042,U,Things in a garage,0,unicycle,unicycle,1,0,1,Q042::0
Part3/outputs/answers_qwen25_7b_player2.csv,answers_qwen25_7b_player2,Q042,U,Things in a garage,1,uncle sam hat,uncle sam hat,0,0,0,Q042::1
Part3/outputs/answers_qwen25_7b_player2.csv,answers_qwen25_7b_player2,Q042,U,Things in a garage,2,uncle's toolbox,uncle's toolbox,0,0,0,Q042::2
Part3/outputs/answers_qwen25_7b_player2.csv,answers_qwen25_7b_player2,Q042,U,Things in a garage,3,umbrella,umbrella,0,0,0,Q042::3
Part3/outputs/answers_qwen25_7b_player2.csv,answers_qwen25_7b_player2,Q042,U,Things in a garage,4,uncle sam mask,uncle sam mask,0,0,0,Q042::4
Part3/outputs/answers_qwen25_7b_player2.csv,answers_qwen25_7b_player2,Q042,U,Things in a garage,5,unicycle,unicycle,1,0,1,Q042::5
Part3/outputs/answers_qwen25_7b_player2.csv,answers_qwen25_7b_player2,Q042,U,Things in a garage,6,unicycle,unicycle,1,1,0,Q042::6
Part3/outputs/answers_qwen25_7b_player2.csv,answers_qwen25_7b_player2,Q042,U,Things in a garage,7,umbrella,umbrella,0,0,0,Q042::7
Part3/outputs/answers_qwen25_7b_player2.csv,answers_qwen25_7b_player2,Q042,U,Things in a garage,8,unicycle,unicycle,1,0,1,Q042::8
Part3/outputs/answers_qwen25_7b_player2.csv,answers_qwen25_7b_player2,Q042,U,Things in a garage,9,uncle sam statue,uncle sam statue,0,0,0,Q042::9
Part3/outputs/answers_qwen25_7b_player2.csv,answers_qwen25_7b_player2,Q042,U,Things in a garage,10,uncle's toolbox,uncle's toolbox,0,0,0,Q042::10
Part3/outputs/answers_qwen25_7b_player2.csv,answers_qwen25_7b_player2,Q042,U,Things in a garage,11,unicycle,unicycle,1,0,1,Q042::11
Part3/outputs/answers_qwen25_7b_player2.csv,answers_qwen25_7b_player2,Q042,U,Things in a garage,12,umbrella,umbrella,0,0,0,Q042::12
Part3/outputs/answers_qwen25_7b_player2.csv,answers_qwen25_7b_player2,Q042,U,Things in a garage,13,umbrella,umbrella,0,0,0,Q042::13
Part3/outputs/answers_qwen25_7b_player2.csv,answers_qwen25_7b_player2,Q042,U,Things in a garage,14,unicycle,unicycle,1,1,0,Q042::14
Part3/outputs/answers_qwen25_7b_player2.csv,answers_qwen25_7b_player2,Q042,U,Things in a garage,15,umbrella,umbrella,0,0,0,Q042::15
Part3/outputs/answers_qwen25_7b_player2.csv,answers_qwen25_7b_player2,Q042,U,Things in a garage,16,uncle sam hat,uncle sam hat,0,0,0,Q042::16
Part3/outputs/answers_qwen25_7b_player2.csv,answers_qwen25_7b_player2,Q042,U,Things in a garage,17,unicycle,unicycle,1,0,1,Q042::17
Part3/outputs/answers_qwen25_7b_player2.csv,answers_qwen25_7b_player2,Q042,U,Things in a garage,18,unicycle,unicycle,1,0,1,Q042::18
Part3/outputs/answers_qwen25_7b_player2.csv,answers_qwen25_7b_player2,Q042,U,Things in a garage,19,utility bike,utility bike,1,0,1,Q042::19
Part3/outputs/answers_qwen25_7b_player2.csv,answers_qwen25_7b_player2,Q043,V,Jobs,0,vet,vet,1,0,1,Q043::0
Part3/outputs/answers_qwen25_7b_player2.csv,answers_qwen25_7b_player2,Q043,V,Jobs,1,vet,vet,1,0,1,Q043::1
Part3/outputs/answers_qwen25_7b_player2.csv,answers_qwen25_7b_player2,Q043,V,Jobs,2,valet,valet,1,0,1,Q043::2
Part3/outputs/answers_qwen25_7b_player2.csv,answers_qwen25_7b_player2,Q043,V,Jobs,3,veterinarian,veterinarian,1,0,1,Q043::3
Part3/outputs/answers_qwen25_7b_player2.csv,answers_qwen25_7b_player2,Q043,V,Jobs,4,valet parking,valet parking,0,0,0,Q043::4
Part3/outputs/answers_qwen25_7b_player2.csv,answers_qwen25_7b_player2,Q043,V,Jobs,5,valet,valet,1,0,1,Q043::5
Part3/outputs/answers_qwen25_7b_player2.csv,answers_qwen25_7b_player2,Q043,V,Jobs,6,veterinarian,veterinarian,1,0,1,Q043::6
Part3/outputs/answers_qwen25_7b_player2.csv,answers_qwen25_7b_player2,Q043,V,Jobs,7,vet,vet,1,1,0,Q043::7
Part3/outputs/answers_qwen25_7b_player2.csv,answers_qwen25_7b_player2,Q043,V,Jobs,8,vet,vet,1,0,1,Q043::8
Part3/outputs/answers_qwen25_7b_player2.csv,answers_qwen25_7b_player2,Q043,V,Jobs,9,vet,vet,1,1,0,Q043::9
Part3/outputs/answers_qwen25_7b_player2.csv,answers_qwen25_7b_player2,Q043,V,Jobs,10,voice actor,voice actor,1,0,1,Q043::10
Part3/outputs/answers_qwen25_7b_player2.csv,answers_qwen25_7b_player2,Q043,V,Jobs,11,veterinarian,veterinarian,1,1,0,Q043::11
Part3/outputs/answers_qwen25_7b_player2.csv,answers_qwen25_7b_player2,Q043,V,Jobs,12,valet parking,valet parking,0,0,0,Q043::12
Part3/outputs/answers_qwen25_7b_player2.csv,answers_qwen25_7b_player2,Q043,V,Jobs,13,valet parking,valet parking,0,0,0,Q043::13
Part3/outputs/answers_qwen25_7b_player2.csv,answers_qwen25_7b_player2,Q043,V,Jobs,14,vet,vet,1,0,1,Q043::14
Part3/outputs/answers_qwen25_7b_player2.csv,answers_qwen25_7b_player2,Q043,V,Jobs,15,valet,valet,1,1,0,Q043::15
Part3/outputs/answers_qwen25_7b_player2.csv,answers_qwen25_7b_player2,Q043,V,Jobs,16,vet,vet,1,0,1,Q043::16
Part3/outputs/answers_qwen25_7b_player2.csv,answers_qwen25_7b_player2,Q043,V,Jobs,17,valet parking,valet parking,0,0,0,Q043::17
Part3/outputs/answers_qwen25_7b_player2.csv,answers_qwen25_7b_player2,Q043,V,Jobs,18,veterinarian,veterinarian,1,0,1,Q043::18
Part3/outputs/answers_qwen25_7b_player2.csv,answers_qwen25_7b_player2,Q043,V,Jobs,19,vet,vet,1,1,0,Q043::19
Part3/outputs/answers_qwen25_7b_player2.csv,answers_qwen25_7b_player2,Q044,V,Things you wear,0,vest,vest,1,1,0,Q044::0
Part3/outputs/answers_qwen25_7b_player2.csv,answers_qwen25_7b_player2,Q044,V,Things you wear,1,vest,vest,1,1,0,Q044::1
Part3/outputs/answers_qwen25_7b_player2.csv,answers_qwen25_7b_player2,Q044,V,Things you wear,2,vest,vest,1,1,0,Q044::2
Part3/outputs/answers_qwen25_7b_player2.csv,answers_qwen25_7b_player2,Q044,V,Things you wear,3,vest,vest,1,1,0,Q044::3
Part3/outputs/answers_qwen25_7b_player2.csv,answers_qwen25_7b_player2,Q044,V,Things you wear,4,vest,vest,1,1,0,Q044::4
Part3/outputs/answers_qwen25_7b_player2.csv,answers_qwen25_7b_player2,Q044,V,Things you wear,5,vest,vest,1,1,0,Q044::5
Part3/outputs/answers_qwen25_7b_player2.csv,answers_qwen25_7b_player2,Q044,V,Things you wear,6,vest,vest,1,1,0,Q044::6
Part3/outputs/answers_qwen25_7b_player2.csv,answers_qwen25_7b_player2,Q044,V,Things you wear,7,vest,vest,1,1,0,Q044::7
Part3/outputs/answers_qwen25_7b_player2.csv,answers_qwen25_7b_player2,Q044,V,Things you wear,8,vest,vest,1,0,1,Q044::8
Part3/outputs/answers_qwen25_7b_player2.csv,answers_qwen25_7b_player2,Q044,V,Things you wear,9,vest,vest,1,1,0,Q044::9
Part3/outputs/answers_qwen25_7b_player2.csv,answers_qwen25_7b_player2,Q044,V,Things you wear,10,vest,vest,1,1,0,Q044::10
Part3/outputs/answers_qwen25_7b_player2.csv,answers_qwen25_7b_player2,Q044,V,Things you wear,11,vest,vest,1,1,0,Q044::11
Part3/outputs/answers_qwen25_7b_player2.csv,answers_qwen25_7b_player2,Q044,V,Things you wear,12,vest,vest,1,1,0,Q044::12
Part3/outputs/answers_qwen25_7b_player2.csv,answers_qwen25_7b_player2,Q044,V,Things you wear,13,vest,vest,1,1,0,Q044::13
Part3/outputs/answers_qwen25_7b_player2.csv,answers_qwen25_7b_player2,Q044,V,Things you wear,14,vest,vest,1,1,0,Q044::14
Part3/outputs/answers_qwen25_7b_player2.csv,answers_qwen25_7b_player2,Q044,V,Things you wear,15,vest,vest,1,1,0,Q044::15
Part3/outputs/answers_qwen25_7b_player2.csv,answers_qwen25_7b_player2,Q044,V,Things you wear,16,vest,vest,1,1,0,Q044::16
Part3/outputs/answers_qwen25_7b_player2.csv,answers_qwen25_7b_player2,Q044,V,Things you wear,17,vest,vest,1,1,0,Q044::17
Part3/outputs/answers_qwen25_7b_player2.csv,answers_qwen25_7b_player2,Q044,V,Things you wear,18,vest,vest,1,1,0,Q044::18
Part3/outputs/answers_qwen25_7b_player2.csv,answers_qwen25_7b_player2,Q044,V,Things you wear,19,vest,vest,1,1,0,Q044::19
Part3/outputs/answers_qwen25_7b_player2.csv,answers_qwen25_7b_player2,Q045,W,Cities,0,warsaw,warsaw,1,1,0,Q045::0
Part3/outputs/answers_qwen25_7b_player2.csv,answers_qwen25_7b_player2,Q045,W,Cities,1,washington,washington,1,0,1,Q045::1
Part3/outputs/answers_qwen25_7b_player2.csv,answers_qwen25_7b_player2,Q045,W,Cities,2,warsaw,warsaw,1,0,1,Q045::2
Part3/outputs/answers_qwen25_7b_player2.csv,answers_qwen25_7b_player2,Q045,W,Cities,3,warsaw,warsaw,1,0,1,Q045::3
Part3/outputs/answers_qwen25_7b_player2.csv,answers_qwen25_7b_player2,Q045,W,Cities,4,warsaw,warsaw,1,1,0,Q045::4
Part3/outputs/answers_qwen25_7b_player2.csv,answers_qwen25_7b_player2,Q045,W,Cities,5,washington,washington,1,1,0,Q045::5
Part3/outputs/answers_qwen25_7b_player2.csv,answers_qwen25_7b_player2,Q045,W,Cities,6,washington,washington,1,0,1,Q045::6
Part3/outputs/answers_qwen25_7b_player2.csv,answers_qwen25_7b_player2,Q045,W,Cities,7,warsaw,warsaw,1,1,0,Q045::7
Part3/outputs/answers_qwen25_7b_player2.csv,answers_qwen25_7b_player2,Q045,W,Cities,8,washington,washington,1,0,1,Q045::8
Part3/outputs/answers_qwen25_7b_player2.csv,answers_qwen25_7b_player2,Q045,W,Cities,9,warsaw,warsaw,1,0,1,Q045::9
Part3/outputs/answers_qwen25_7b_player2.csv,answers_qwen25_7b_player2,Q045,W,Cities,10,washington,washington,1,0,1,Q045::10
Part3/outputs/answers_qwen25_7b_player2.csv,answers_qwen25_7b_player2,Q045,W,Cities,11,washington,washington,1,0,1,Q045::11
Part3/outputs/answers_qwen25_7b_player2.csv,answers_qwen25_7b_player2,Q045,W,Cities,12,warsaw,warsaw,1,1,0,Q045::12
Part3/outputs/answers_qwen25_7b_player2.csv,answers_qwen25_7b_player2,Q045,W,Cities,13,washington,washington,1,1,0,Q045::13
Part3/outputs/answers_qwen25_7b_player2.csv,answers_qwen25_7b_player2,Q045,W,Cities,14,warsaw,warsaw,1,0,1,Q045::14
Part3/outputs/answers_qwen25_7b_player2.csv,answers_qwen25_7b_player2,Q045,W,Cities,15,warsaw,warsaw,1,1,0,Q045::15
Part3/outputs/answers_qwen25_7b_player2.csv,answers_qwen25_7b_player2,Q045,W,Cities,16,warsaw,warsaw,1,1,0,Q045::16
Part3/outputs/answers_qwen25_7b_player2.csv,answers_qwen25_7b_player2,Q045,W,Cities,17,warsaw,warsaw,1,0,1,Q045::17
Part3/outputs/answers_qwen25_7b_player2.csv,answers_qwen25_7b_player2,Q045,W,Cities,18,warsaw,warsaw,1,1,0,Q045::18
Part3/outputs/answers_qwen25_7b_player2.csv,answers_qwen25_7b_player2,Q045,W,Cities,19,washington,washington,1,0,1,Q045::19
Part3/outputs/answers_qwen25_7b_player2.csv,answers_qwen25_7b_player2,Q046,W,Things in a park,0,willow,willow,1,1,0,Q046::0
Part3/outputs/answers_qwen25_7b_player2.csv,answers_qwen25_7b_player2,Q046,W,Things in a park,1,swings,swings,1,0,1,Q046::1
Part3/outputs/answers_qwen25_7b_player2.csv,answers_qwen25_7b_player2,Q046,W,Things in a park,2,willow,willow,1,1,0,Q046::2
Part3/outputs/answers_qwen25_7b_player2.csv,answers_qwen25_7b_player2,Q046,W,Things in a park,3,willow,willow,1,1,0,Q046::3
Part3/outputs/answers_qwen25_7b_player2.csv,answers_qwen25_7b_player2,Q046,W,Things in a park,4,willow,willow,1,0,1,Q046::4
Part3/outputs/answers_qwen25_7b_player2.csv,answers_qwen25_7b_player2,Q046,W,Things in a park,5,willow,willow,1,1,0,Q046::5
Part3/outputs/answers_qwen25_7b_player2.csv,answers_qwen25_7b_player2,Q046,W,Things in a park,6,willow,willow,1,1,0,Q046::6
Part3/outputs/answers_qwen25_7b_player2.csv,answers_qwen25_7b_player2,Q046,W,Things in a park,7,willow,willow,1,1,0,Q046::7
Part3/outputs/answers_qwen25_7b_player2.csv,answers_qwen25_7b_player2,Q046,W,Things in a park,8,willow,willow,1,1,0,Q046::8
Part3/outputs/answers_qwen25_7b_player2.csv,answers_qwen25_7b_player2,Q046,W,Things in a park,9,willow,willow,1,1,0,Q046::9
Part3/outputs/answers_qwen25_7b_player2.csv,answers_qwen25_7b_player2,Q046,W,Things in a park,10,willow,willow,1,1,0,Q046::10
Part3/outputs/answers_qwen25_7b_player2.csv,answers_qwen25_7b_player2,Q046,W,Things in a park,11,wifi,wifi,0,0,0,Q046::11
Part3/outputs/answers_qwen25_7b_player2.csv,answers_qwen25_7b_player2,Q046,W,Things in a park,12,willow,willow,1,0,1,Q046::12
Part3/outputs/answers_qwen25_7b_player2.csv,answers_qwen25_7b_player2,Q046,W,Things in a park,13,willow,willow,1,0,1,Q046::13
Part3/outputs/answers_qwen25_7b_player2.csv,answers_qwen25_7b_player2,Q046,W,Things in a park,14,willow,willow,1,1,0,Q046::14
Part3/outputs/answers_qwen25_7b_player2.csv,answers_qwen25_7b_player2,Q046,W,Things in a park,15,willow,willow,1,1,0,Q046::15
Part3/outputs/answers_qwen25_7b_player2.csv,answers_qwen25_7b_player2,Q046,W,Things in a park,16,willow,willow,1,1,0,Q046::16
Part3/outputs/answers_qwen25_7b_player2.csv,answers_qwen25_7b_player2,Q046,W,Things in a park,17,willow,willow,1,1,0,Q046::17
Part3/outputs/answers_qwen25_7b_player2.csv,answers_qwen25_7b_player2,Q046,W,Things in a park,18,wristwatch,wristwatch,0,0,0,Q046::18
Part3/outputs/answers_qwen25_7b_player2.csv,answers_qwen25_7b_player2,Q046,W,Things in a park,19,willow,willow,1,1,0,Q046::19
Part3/outputs/answers_qwen25_7b_player2.csv,answers_qwen25_7b_player2,Q047,X,Brands,0,xiaomi,xiaomi,1,0,1,Q047::0
Part3/outputs/answers_qwen25_7b_player2.csv,answers_qwen25_7b_player2,Q047,X,Brands,1,xiaomi,xiaomi,1,1,0,Q047::1
Part3/outputs/answers_qwen25_7b_player2.csv,answers_qwen25_7b_player2,Q047,X,Brands,2,xiaomi,xiaomi,1,1,0,Q047::2
Part3/outputs/answers_qwen25_7b_player2.csv,answers_qwen25_7b_player2,Q047,X,Brands,3,xiaomi,xiaomi,1,1,0,Q047::3
Part3/outputs/answers_qwen25_7b_player2.csv,answers_qwen25_7b_player2,Q047,X,Brands,4,xinglin,xinglin,0,0,0,Q047::4
Part3/outputs/answers_qwen25_7b_player2.csv,answers_qwen25_7b_player2,Q047,X,Brands,5,xerox,xerox,1,0,1,Q047::5
Part3/outputs/answers_qwen25_7b_player2.csv,answers_qwen25_7b_player2,Q047,X,Brands,6,xbox,xbox,1,0,1,Q047::6
Part3/outputs/answers_qwen25_7b_player2.csv,answers_qwen25_7b_player2,Q047,X,Brands,7,xerox,xerox,1,0,1,Q047::7
Part3/outputs/answers_qwen25_7b_player2.csv,answers_qwen25_7b_player2,Q047,X,Brands,8,xbox,xbox,1,0,1,Q047::8
Part3/outputs/answers_qwen25_7b_player2.csv,answers_qwen25_7b_player2,Q047,X,Brands,9,xiaomi,xiaomi,1,1,0,Q047::9
Part3/outputs/answers_qwen25_7b_player2.csv,answers_qwen25_7b_player2,Q047,X,Brands,10,xbox,xbox,1,0,1,Q047::10
Part3/outputs/answers_qwen25_7b_player2.csv,answers_qwen25_7b_player2,Q047,X,Brands,11,xiaomi,xiaomi,1,0,1,Q047::11
Part3/outputs/answers_qwen25_7b_player2.csv,answers_qwen25_7b_player2,Q047,X,Brands,12,xiaomi,xiaomi,1,1,0,Q047::12
Part3/outputs/answers_qwen25_7b_player2.csv,answers_qwen25_7b_player2,Q047,X,Brands,13,xiaomi,xiaomi,1,0,1,Q047::13
Part3/outputs/answers_qwen25_7b_player2.csv,answers_qwen25_7b_player2,Q047,X,Brands,14,xbox,xbox,1,0,1,Q047::14
Part3/outputs/answers_qwen25_7b_player2.csv,answers_qwen25_7b_player2,Q047,X,Brands,15,xerox,xerox,1,0,1,Q047::15
Part3/outputs/answers_qwen25_7b_player2.csv,answers_qwen25_7b_player2,Q047,X,Brands,16,xbox,xbox,1,0,1,Q047::16
Part3/outputs/answers_qwen25_7b_player2.csv,answers_qwen25_7b_player2,Q047,X,Brands,17,xiaomi,xiaomi,1,1,0,Q047::17
Part3/outputs/answers_qwen25_7b_player2.csv,answers_qwen25_7b_player2,Q047,X,Brands,18,xingxia,xingxia,0,0,0,Q047::18
Part3/outputs/answers_qwen25_7b_player2.csv,answers_qwen25_7b_player2,Q047,X,Brands,19,xiaomi,xiaomi,1,1,0,Q047::19
Part3/outputs/answers_qwen25_7b_player2.csv,answers_qwen25_7b_player2,Q048,X,Words in English,0,xerox,xerox,1,0,1,Q048::0
Part3/outputs/answers_qwen25_7b_player2.csv,answers_qwen25_7b_player2,Q048,X,Words in English,1,xerox machine,xerox machine,1,0,1,Q048::1
Part3/outputs/answers_qwen25_7b_player2.csv,answers_qwen25_7b_player2,Q048,X,Words in English,2,xray,xray,1,0,1,Q048::2
Part3/outputs/answers_qwen25_7b_player2.csv,answers_qwen25_7b_player2,Q048,X,Words in English,3,xenon,xenon,1,0,1,Q048::3
Part3/outputs/answers_qwen25_7b_player2.csv,answers_qwen25_7b_player2,Q048,X,Words in English,4,xray,xray,1,0,1,Q048::4
Part3/outputs/answers_qwen25_7b_player2.csv,answers_qwen25_7b_player2,Q048,X,Words in English,5,xray,xray,1,0,1,Q048::5
Part3/outputs/answers_qwen25_7b_player2.csv,answers_qwen25_7b_player2,Q048,X,Words in English,6,xeroxeroxeroxeroxeroxeroxeroxeroxeroxeroxeroxeroxeroxeroxerox,xeroxeroxeroxeroxeroxeroxeroxeroxeroxeroxeroxeroxeroxeroxerox,0,0,0,Q048::6
Part3/outputs/answers_qwen25_7b_player2.csv,answers_qwen25_7b_player2,Q048,X,Words in English,7,xray,xray,1,1,0,Q048::7
Part3/outputs/answers_qwen25_7b_player2.csv,answers_qwen25_7b_player2,Q048,X,Words in English,8,xerox,xerox,1,0,1,Q048::8
Part3/outputs/answers_qwen25_7b_player2.csv,answers_qwen25_7b_player2,Q048,X,Words in English,9,xray,xray,1,1,0,Q048::9
Part3/outputs/answers_qwen25_7b_player2.csv,answers_qwen25_7b_player2,Q048,X,Words in English,10,xenon,xenon,1,1,0,Q048::10
Part3/outputs/answers_qwen25_7b_player2.csv,answers_qwen25_7b_player2,Q048,X,Words in English,11,xeroxerox,xeroxerox,0,0,0,Q048::11
Part3/outputs/answers_qwen25_7b_player2.csv,answers_qwen25_7b_player2,Q048,X,Words in English,12,xerox,xerox,1,0,1,Q048::12
Part3/outputs/answers_qwen25_7b_player2.csv,answers_qwen25_7b_player2,Q048,X,Words in English,13,xenophobia,xenophobia,1,0,1,Q048::13
Part3/outputs/answers_qwen25_7b_player2.csv,answers_qwen25_7b_player2,Q048,X,Words in English,14,x ray,x ray,1,0,1,Q048::14
Part3/outputs/answers_qwen25_7b_player2.csv,answers_qwen25_7b_player2,Q048,X,Words in English,15,xerox copy,xerox copy,1,0,1,Q048::15
Part3/outputs/answers_qwen25_7b_player2.csv,answers_qwen25_7b_player2,Q048,X,Words in English,16,xeroxerox,xeroxerox,0,0,0,Q048::16
Part3/outputs/answers_qwen25_7b_player2.csv,answers_qwen25_7b_player2,Q048,X,Words in English,17,xenon,xenon,1,0,1,Q048::17
Part3/outputs/answers_qwen25_7b_player2.csv,answers_qwen25_7b_player2,Q048,X,Words in English,18,xenon,xenon,1,1,0,Q048::18
Part3/outputs/answers_qwen25_7b_player2.csv,answers_qwen25_7b_player2,Q048,X,Words in English,19,xeroxerox,xeroxerox,0,0,0,Q048::19
Part3/outputs/answers_qwen25_7b_player2.csv,answers_qwen25_7b_player2,Q049,Y,Foods,0,yogurt,yogurt,1,1,0,Q049::0
Part3/outputs/answers_qwen25_7b_player2.csv,answers_qwen25_7b_player2,Q049,Y,Foods,1,yogurt,yogurt,1,1,0,Q049::1
Part3/outputs/answers_qwen25_7b_player2.csv,answers_qwen25_7b_player2,Q049,Y,Foods,2,yogurt,yogurt,1,1,0,Q049::2
Part3/outputs/answers_qwen25_7b_player2.csv,answers_qwen25_7b_player2,Q049,Y,Foods,3,yogurt,yogurt,1,1,0,Q049::3
Part3/outputs/answers_qwen25_7b_player2.csv,answers_qwen25_7b_player2,Q049,Y,Foods,4,yogurt,yogurt,1,1,0,Q049::4
Part3/outputs/answers_qwen25_7b_player2.csv,answers_qwen25_7b_player2,Q049,Y,Foods,5,yogurt,yogurt,1,1,0,Q049::5
Part3/outputs/answers_qwen25_7b_player2.csv,answers_qwen25_7b_player2,Q049,Y,Foods,6,yogurt,yogurt,1,1,0,Q049::6
Part3/outputs/answers_qwen25_7b_player2.csv,answers_qwen25_7b_player2,Q049,Y,Foods,7,yogurt,yogurt,1,1,0,Q049::7
Part3/outputs/answers_qwen25_7b_player2.csv,answers_qwen25_7b_player2,Q049,Y,Foods,8,yogurt,yogurt,1,1,0,Q049::8
Part3/outputs/answers_qwen25_7b_player2.csv,answers_qwen25_7b_player2,Q049,Y,Foods,9,yogurt,yogurt,1,1,0,Q049::9
Part3/outputs/answers_qwen25_7b_player2.csv,answers_qwen25_7b_player2,Q049,Y,Foods,10,yogurt,yogurt,1,1,0,Q049::10
Part3/outputs/answers_qwen25_7b_player2.csv,answers_qwen25_7b_player2,Q049,Y,Foods,11,yogurt,yogurt,1,1,0,Q049::11
Part3/outputs/answers_qwen25_7b_player2.csv,answers_qwen25_7b_player2,Q049,Y,Foods,12,yogurt,yogurt,1,1,0,Q049::12
Part3/outputs/answers_qwen25_7b_player2.csv,answers_qwen25_7b_player2,Q049,Y,Foods,13,yogurt,yogurt,1,1,0,Q049::13
Part3/outputs/answers_qwen25_7b_player2.csv,answers_qwen25_7b_player2,Q049,Y,Foods,14,yogurt,yogurt,1,1,0,Q049::14
Part3/outputs/answers_qwen25_7b_player2.csv,answers_qwen25_7b_player2,Q049,Y,Foods,15,yogurt,yogurt,1,1,0,Q049::15
Part3/outputs/answers_qwen25_7b_player2.csv,answers_qwen25_7b_player2,Q049,Y,Foods,16,yogurt,yogurt,1,1,0,Q049::16
Part3/outputs/answers_qwen25_7b_player2.csv,answers_qwen25_7b_player2,Q049,Y,Foods,17,yogurt,yogurt,1,1,0,Q049::17
Part3/outputs/answers_qwen25_7b_player2.csv,answers_qwen25_7b_player2,Q049,Y,Foods,18,yogurt,yogurt,1,1,0,Q049::18
Part3/outputs/answers_qwen25_7b_player2.csv,answers_qwen25_7b_player2,Q049,Y,Foods,19,yogurt,yogurt,1,1,0,Q049::19
Part3/outputs/answers_qwen25_7b_player2.csv,answers_qwen25_7b_player2,Q050,Y,Things at a party,0,yacht,yacht,0,0,0,Q050::0
Part3/outputs/answers_qwen25_7b_player2.csv,answers_qwen25_7b_player2,Q050,Y,Things at a party,1,yacht party,yacht party,0,0,0,Q050::1
Part3/outputs/answers_qwen25_7b_player2.csv,answers_qwen25_7b_player2,Q050,Y,Things at a party,2,yoghurt,yoghurt,0,0,0,Q050::2
Part3/outputs/answers_qwen25_7b_player2.csv,answers_qwen25_7b_player2,Q050,Y,Things at a party,3,yaml eggs,yaml eggs,0,0,0,Q050::3
Part3/outputs/answers_qwen25_7b_player2.csv,answers_qwen25_7b_player2,Q050,Y,Things at a party,4,yacht,yacht,0,0,0,Q050::4
Part3/outputs/answers_qwen25_7b_player2.csv,answers_qwen25_7b_player2,Q050,Y,Things at a party,5,yacht,yacht,0,0,0,Q050::5
Part3/outputs/answers_qwen25_7b_player2.csv,answers_qwen25_7b_player2,Q050,Y,Things at a party,6,candy yatzy,candy yatzy,0,0,0,Q050::6
Part3/outputs/answers_qwen25_7b_player2.csv,answers_qwen25_7b_player2,Q050,Y,Things at a party,7,yacht party,yacht party,0,0,0,Q050::7
Part3/outputs/answers_qwen25_7b_player2.csv,answers_qwen25_7b_player2,Q050,Y,Things at a party,8,yacht,yacht,0,0,0,Q050::8
Part3/outputs/answers_qwen25_7b_player2.csv,answers_qwen25_7b_player2,Q050,Y,Things at a party,9,popcorn,popcorn,0,0,0,Q050::9
Part3/outputs/answers_qwen25_7b_player2.csv,answers_qwen25_7b_player2,Q050,Y,Things at a party,10,yacht party,yacht party,0,0,0,Q050::10
Part3/outputs/answers_qwen25_7b_player2.csv,answers_qwen25_7b_player2,Q050,Y,Things at a party,11,yacht party,yacht party,0,0,0,Q050::11
Part3/outputs/answers_qwen25_7b_player2.csv,answers_qwen25_7b_player2,Q050,Y,Things at a party,12,yummy snacks,yummy snacks,0,0,0,Q050::12
Part3/outputs/answers_qwen25_7b_player2.csv,answers_qwen25_7b_player2,Q050,Y,Things at a party,13,yogurt,yogurt,0,0,0,Q050::13
Part3/outputs/answers_qwen25_7b_player2.csv,answers_qwen25_7b_player2,Q050,Y,Things at a party,14,yacht party,yacht party,0,0,0,Q050::14
Part3/outputs/answers_qwen25_7b_player2.csv,answers_qwen25_7b_player2,Q050,Y,Things at a party,15,yogurt,yogurt,0,0,0,Q050::15
Part3/outputs/answers_qwen25_7b_player2.csv,answers_qwen25_7b_player2,Q050,Y,Things at a party,16,yogurt,yogurt,0,0,0,Q050::16
Part3/outputs/answers_qwen25_7b_player2.csv,answers_qwen25_7b_player2,Q050,Y,Things at a party,17,yummy snacks,yummy snacks,0,0,0,Q050::17
Part3/outputs/answers_qwen25_7b_player2.csv,answers_qwen25_7b_player2,Q050,Y,Things at a party,18,yogurt,yogurt,0,0,0,Q050::18
Part3/outputs/answers_qwen25_7b_player2.csv,answers_qwen25_7b_player2,Q050,Y,Things at a party,19,yacht party,yacht party,0,0,0,Q050::19
Part3/outputs/answers_qwen25_7b_player2.csv,answers_qwen25_7b_player2,Q051,Z,Animals,0,zebra,zebra,1,1,0,Q051::0
Part3/outputs/answers_qwen25_7b_player2.csv,answers_qwen25_7b_player2,Q051,Z,Animals,1,zebra,zebra,1,1,0,Q051::1
Part3/outputs/answers_qwen25_7b_player2.csv,answers_qwen25_7b_player2,Q051,Z,Animals,2,zebra,zebra,1,1,0,Q051::2
Part3/outputs/answers_qwen25_7b_player2.csv,answers_qwen25_7b_player2,Q051,Z,Animals,3,zebra,zebra,1,1,0,Q051::3
Part3/outputs/answers_qwen25_7b_player2.csv,answers_qwen25_7b_player2,Q051,Z,Animals,4,zookeeper,zookeeper,0,0,0,Q051::4
Part3/outputs/answers_qwen25_7b_player2.csv,answers_qwen25_7b_player2,Q051,Z,Animals,5,zebra,zebra,1,1,0,Q051::5
Part3/outputs/answers_qwen25_7b_player2.csv,answers_qwen25_7b_player2,Q051,Z,Animals,6,zoo keeper,zoo keeper,0,0,0,Q051::6
Part3/outputs/answers_qwen25_7b_player2.csv,answers_qwen25_7b_player2,Q051,Z,Animals,7,zebra,zebra,1,1,0,Q051::7
Part3/outputs/answers_qwen25_7b_player2.csv,answers_qwen25_7b_player2,Q051,Z,Animals,8,zebra,zebra,1,1,0,Q051::8
Part3/outputs/answers_qwen25_7b_player2.csv,answers_qwen25_7b_player2,Q051,Z,Animals,9,zookeeper,zookeeper,0,0,0,Q051::9
Part3/outputs/answers_qwen25_7b_player2.csv,answers_qwen25_7b_player2,Q051,Z,Animals,10,zookeeper,zookeeper,0,0,0,Q051::10
Part3/outputs/answers_qwen25_7b_player2.csv,answers_qwen25_7b_player2,Q051,Z,Animals,11,zebra,zebra,1,1,0,Q051::11
Part3/outputs/answers_qwen25_7b_player2.csv,answers_qwen25_7b_player2,Q051,Z,Animals,12,zebra,zebra,1,1,0,Q051::12
Part3/outputs/answers_qwen25_7b_player2.csv,answers_qwen25_7b_player2,Q051,Z,Animals,13,zebra,zebra,1,1,0,Q051::13
Part3/outputs/answers_qwen25_7b_player2.csv,answers_qwen25_7b_player2,Q051,Z,Animals,14,zebra,zebra,1,1,0,Q051::14
Part3/outputs/answers_qwen25_7b_player2.csv,answers_qwen25_7b_player2,Q051,Z,Animals,15,zebra,zebra,1,0,1,Q051::15
Part3/outputs/answers_qwen25_7b_player2.csv,answers_qwen25_7b_player2,Q051,Z,Animals,16,zebra,zebra,1,1,0,Q051::16
Part3/outputs/answers_qwen25_7b_player2.csv,answers_qwen25_7b_player2,Q051,Z,Animals,17,zookeeper,zookeeper,0,0,0,Q051::17
Part3/outputs/answers_qwen25_7b_player2.csv,answers_qwen25_7b_player2,Q051,Z,Animals,18,zebra,zebra,1,1,0,Q051::18
Part3/outputs/answers_qwen25_7b_player2.csv,answers_qwen25_7b_player2,Q051,Z,Animals,19,zebra,zebra,1,1,0,Q051::19
Part3/outputs/answers_qwen25_7b_player2.csv,answers_qwen25_7b_player2,Q052,Z,Things in a zoo,0,zebra,zebra,1,1,0,Q052::0
Part3/outputs/answers_qwen25_7b_player2.csv,answers_qwen25_7b_player2,Q052,Z,Things in a zoo,1,zebra,zebra,1,1,0,Q052::1
Part3/outputs/answers_qwen25_7b_player2.csv,answers_qwen25_7b_player2,Q052,Z,Things in a zoo,2,zebra,zebra,1,1,0,Q052::2
Part3/outputs/answers_qwen25_7b_player2.csv,answers_qwen25_7b_player2,Q052,Z,Things in a zoo,3,zebra,zebra,1,1,0,Q052::3
Part3/outputs/answers_qwen25_7b_player2.csv,answers_qwen25_7b_player2,Q052,Z,Things in a zoo,4,zebra,zebra,1,1,0,Q052::4
Part3/outputs/answers_qwen25_7b_player2.csv,answers_qwen25_7b_player2,Q052,Z,Things in a zoo,5,zebra,zebra,1,1,0,Q052::5
Part3/outputs/answers_qwen25_7b_player2.csv,answers_qwen25_7b_player2,Q052,Z,Things in a zoo,6,zebra,zebra,1,1,0,Q052::6
Part3/outputs/answers_qwen25_7b_player2.csv,answers_qwen25_7b_player2,Q052,Z,Things in a zoo,7,zebra,zebra,1,1,0,Q052::7
Part3/outputs/answers_qwen25_7b_player2.csv,answers_qwen25_7b_player2,Q052,Z,Things in a zoo,8,zebra,zebra,1,1,0,Q052::8
Part3/outputs/answers_qwen25_7b_player2.csv,answers_qwen25_7b_player2,Q052,Z,Things in a zoo,9,zebra,zebra,1,1,0,Q052::9
Part3/outputs/answers_qwen25_7b_player2.csv,answers_qwen25_7b_player2,Q052,Z,Things in a zoo,10,zebra,zebra,1,0,1,Q052::10
Part3/outputs/answers_qwen25_7b_player2.csv,answers_qwen25_7b_player2,Q052,Z,Things in a zoo,11,zebra,zebra,1,1,0,Q052::11
Part3/outputs/answers_qwen25_7b_player2.csv,answers_qwen25_7b_player2,Q052,Z,Things in a zoo,12,zebra,zebra,1,1,0,Q052::12
Part3/outputs/answers_qwen25_7b_player2.csv,answers_qwen25_7b_player2,Q052,Z,Things in a zoo,13,zebra,zebra,1,1,0,Q052::13
Part3/outputs/answers_qwen25_7b_player2.csv,answers_qwen25_7b_player2,Q052,Z,Things in a zoo,14,zebra,zebra,1,1,0,Q052::14
Part3/outputs/answers_qwen25_7b_player2.csv,answers_qwen25_7b_player2,Q052,Z,Things in a zoo,15,zebra,zebra,1,1,0,Q052::15
Part3/outputs/answers_qwen25_7b_player2.csv,answers_qwen25_7b_player2,Q052,Z,Things in a zoo,16,zebra,zebra,1,1,0,Q052::16
Part3/outputs/answers_qwen25_7b_player2.csv,answers_qwen25_7b_player2,Q052,Z,Things in a zoo,17,zebra,zebra,1,1,0,Q052::17
Part3/outputs/answers_qwen25_7b_player2.csv,answers_qwen25_7b_player2,Q052,Z,Things in a zoo,18,zebra,zebra,1,1,0,Q052::18
Part3/outputs/answers_qwen25_7b_player2.csv,answers_qwen25_7b_player2,Q052,Z,Things in a zoo,19,zebra,zebra,1,1,0,Q052::19
Part3/outputs/answers_qwen25_7b_player2.csv,answers_qwen25_7b_player2,Q053,A,Things in a kitchen,0,apple,apple,0,0,0,Q053::0
Part3/outputs/answers_qwen25_7b_player2.csv,answers_qwen25_7b_player2,Q053,A,Things in a kitchen,1,apple,apple,0,0,0,Q053::1
Part3/outputs/answers_qwen25_7b_player2.csv,answers_qwen25_7b_player2,Q053,A,Things in a kitchen,2,aluminumfoil,aluminumfoil,0,0,0,Q053::2
Part3/outputs/answers_qwen25_7b_player2.csv,answers_qwen25_7b_player2,Q053,A,Things in a kitchen,3,apron,apron,1,0,1,Q053::3
Part3/outputs/answers_qwen25_7b_player2.csv,answers_qwen25_7b_player2,Q053,A,Things in a kitchen,4,apple,apple,0,0,0,Q053::4
Part3/outputs/answers_qwen25_7b_player2.csv,answers_qwen25_7b_player2,Q053,A,Things in a kitchen,5,apple,apple,0,0,0,Q053::5
Part3/outputs/answers_qwen25_7b_player2.csv,answers_qwen25_7b_player2,Q053,A,Things in a kitchen,6,apple,apple,0,0,0,Q053::6
Part3/outputs/answers_qwen25_7b_player2.csv,answers_qwen25_7b_player2,Q053,A,Things in a kitchen,7,apple,apple,0,0,0,Q053::7
Part3/outputs/answers_qwen25_7b_player2.csv,answers_qwen25_7b_player2,Q053,A,Things in a kitchen,8,apple,apple,0,0,0,Q053::8
Part3/outputs/answers_qwen25_7b_player2.csv,answers_qwen25_7b_player2,Q053,A,Things in a kitchen,9,apple,apple,0,0,0,Q053::9
Part3/outputs/answers_qwen25_7b_player2.csv,answers_qwen25_7b_player2,Q053,A,Things in a kitchen,10,kettle,kettle,1,0,1,Q053::10
Part3/outputs/answers_qwen25_7b_player2.csv,answers_qwen25_7b_player2,Q053,A,Things in a kitchen,11,apple,apple,0,0,0,Q053::11
Part3/outputs/answers_qwen25_7b_player2.csv,answers_qwen25_7b_player2,Q053,A,Things in a kitchen,12,apple,apple,0,0,0,Q053::12
Part3/outputs/answers_qwen25_7b_player2.csv,answers_qwen25_7b_player2,Q053,A,Things in a kitchen,13,apple,apple,0,0,0,Q053::13
Part3/outputs/answers_qwen25_7b_player2.csv,answers_qwen25_7b_player2,Q053,A,Things in a kitchen,14,apple,apple,0,0,0,Q053::14
Part3/outputs/answers_qwen25_7b_player2.csv,answers_qwen25_7b_player2,Q053,A,Things in a kitchen,15,apple,apple,0,0,0,Q053::15
Part3/outputs/answers_qwen25_7b_player2.csv,answers_qwen25_7b_player2,Q053,A,Things in a kitchen,16,apple,apple,0,0,0,Q053::16
Part3/outputs/answers_qwen25_7b_player2.csv,answers_qwen25_7b_player2,Q053,A,Things in a kitchen,17,apron,apron,1,0,1,Q053::17
Part3/outputs/answers_qwen25_7b_player2.csv,answers_qwen25_7b_player2,Q053,A,Things in a kitchen,18,apple,apple,0,0,0,Q053::18
Part3/outputs/answers_qwen25_7b_player2.csv,answers_qwen25_7b_player2,Q053,A,Things in a kitchen,19,apple,apple,0,0,0,Q053::19
Part3/outputs/answers_qwen25_7b_player2.csv,answers_qwen25_7b_player2,Q054,B,Singers,0,beyoncé,beyonc,0,0,0,Q054::0
Part3/outputs/answers_qwen25_7b_player2.csv,answers_qwen25_7b_player2,Q054,B,Singers,1,britney spears,britney spears,1,0,1,Q054::1
Part3/outputs/answers_qwen25_7b_player2.csv,answers_qwen25_7b_player2,Q054,B,Singers,2,bruno mars,bruno mars,1,0,1,Q054::2
Part3/outputs/answers_qwen25_7b_player2.csv,answers_qwen25_7b_player2,Q054,B,Singers,3,beyonce,beyonce,1,0,1,Q054::3
Part3/outputs/answers_qwen25_7b_player2.csv,answers_qwen25_7b_player2,Q054,B,Singers,4,bruce springsteen,bruce springsteen,1,0,1,Q054::4
Part3/outputs/answers_qwen25_7b_player2.csv,answers_qwen25_7b_player2,Q054,B,Singers,5,beyoncé,beyonc,0,0,0,Q054::5
Part3/outputs/answers_qwen25_7b_player2.csv,answers_qwen25_7b_player2,Q054,B,Singers,6,britney spears,britney spears,1,0,1,Q054::6
Part3/outputs/answers_qwen25_7b_player2.csv,answers_qwen25_7b_player2,Q054,B,Singers,7,brandy singer,brandy singer,1,0,1,Q054::7
Part3/outputs/answers_qwen25_7b_player2.csv,answers_qwen25_7b_player2,Q054,B,Singers,8,beyoncé,beyonc,0,0,0,Q054::8
Part3/outputs/answers_qwen25_7b_player2.csv,answers_qwen25_7b_player2,Q054,B,Singers,9,brandy singer,brandy singer,1,0,1,Q054::9
Part3/outputs/answers_qwen25_7b_player2.csv,answers_qwen25_7b_player2,Q054,B,Singers,10,beyoncé,beyonc,0,0,0,Q054::10
Part3/outputs/answers_qwen25_7b_player2.csv,answers_qwen25_7b_player2,Q054,B,Singers,11,backstreet boys,backstreet boys,1,0,1,Q054::11
Part3/outputs/answers_qwen25_7b_player2.csv,answers_qwen25_7b_player2,Q054,B,Singers,12,britney spears,britney spears,1,1,0,Q054::12
Part3/outputs/answers_qwen25_7b_player2.csv,answers_qwen25_7b_player2,Q054,B,Singers,13,backstreet boys,backstreet boys,1,0,1,Q054::13
Part3/outputs/answers_qwen25_7b_player2.csv,answers_qwen25_7b_player2,Q054,B,Singers,14,beyoncé,beyonc,0,0,0,Q054::14
Part3/outputs/answers_qwen25_7b_player2.csv,answers_qwen25_7b_player2,Q054,B,Singers,15,britney spears,britney spears,1,0,1,Q054::15
Part3/outputs/answers_qwen25_7b_player2.csv,answers_qwen25_7b_player2,Q054,B,Singers,16,beyoncé,beyonc,0,0,0,Q054::16
Part3/outputs/answers_qwen25_7b_player2.csv,answers_qwen25_7b_player2,Q054,B,Singers,17,beyoncé,beyonc,0,0,0,Q054::17
Part3/outputs/answers_qwen25_7b_player2.csv,answers_qwen25_7b_player2,Q054,B,Singers,18,brandy nielsen,brandy nielsen,0,0,0,Q054::18
Part3/outputs/answers_qwen25_7b_player2.csv,answers_qwen25_7b_player2,Q054,B,Singers,19,britney spears,britney spears,1,0,1,Q054::19
Part3/outputs/answers_qwen25_7b_player2.csv,answers_qwen25_7b_player2,Q055,C,Desserts,0,chocolate cake,chocolate cake,1,1,0,Q055::0
Part3/outputs/answers_qwen25_7b_player2.csv,answers_qwen25_7b_player2,Q055,C,Desserts,1,chocolate cake,chocolate cake,1,1,0,Q055::1
Part3/outputs/answers_qwen25_7b_player2.csv,answers_qwen25_7b_player2,Q055,C,Desserts,2,chocolate cake,chocolate cake,1,1,0,Q055::2
Part3/outputs/answers_qwen25_7b_player2.csv,answers_qwen25_7b_player2,Q055,C,Desserts,3,chocolate cake,chocolate cake,1,1,0,Q055::3
Part3/outputs/answers_qwen25_7b_player2.csv,answers_qwen25_7b_player2,Q055,C,Desserts,4,chocolate cake,chocolate cake,1,1,0,Q055::4
Part3/outputs/answers_qwen25_7b_player2.csv,answers_qwen25_7b_player2,Q055,C,Desserts,5,chocolate cake,chocolate cake,1,1,0,Q055::5
Part3/outputs/answers_qwen25_7b_player2.csv,answers_qwen25_7b_player2,Q055,C,Desserts,6,chocolate cake,chocolate cake,1,1,0,Q055::6
Part3/outputs/answers_qwen25_7b_player2.csv,answers_qwen25_7b_player2,Q055,C,Desserts,7,chocolate cake,chocolate cake,1,1,0,Q055::7
Part3/outputs/answers_qwen25_7b_player2.csv,answers_qwen25_7b_player2,Q055,C,Desserts,8,chocolate cake,chocolate cake,1,1,0,Q055::8
Part3/outputs/answers_qwen25_7b_player2.csv,answers_qwen25_7b_player2,Q055,C,Desserts,9,chocolate cake,chocolate cake,1,1,0,Q055::9
Part3/outputs/answers_qwen25_7b_player2.csv,answers_qwen25_7b_player2,Q055,C,Desserts,10,chocolate cake,chocolate cake,1,1,0,Q055::10
Part3/outputs/answers_qwen25_7b_player2.csv,answers_qwen25_7b_player2,Q055,C,Desserts,11,chocolate cake,chocolate cake,1,1,0,Q055::11
Part3/outputs/answers_qwen25_7b_player2.csv,answers_qwen25_7b_player2,Q055,C,Desserts,12,chocolate cake,chocolate cake,1,1,0,Q055::12
Part3/outputs/answers_qwen25_7b_player2.csv,answers_qwen25_7b_player2,Q055,C,Desserts,13,chocolate cake,chocolate cake,1,1,0,Q055::13
Part3/outputs/answers_qwen25_7b_player2.csv,answers_qwen25_7b_player2,Q055,C,Desserts,14,chocolate cake,chocolate cake,1,1,0,Q055::14
Part3/outputs/answers_qwen25_7b_player2.csv,answers_qwen25_7b_player2,Q055,C,Desserts,15,chocolate cake,chocolate cake,1,1,0,Q055::15
Part3/outputs/answers_qwen25_7b_player2.csv,answers_qwen25_7b_player2,Q055,C,Desserts,16,chocolate cake,chocolate cake,1,1,0,Q055::16
Part3/outputs/answers_qwen25_7b_player2.csv,answers_qwen25_7b_player2,Q055,C,Desserts,17,chocolate cake,chocolate cake,1,1,0,Q055::17
Part3/outputs/answers_qwen25_7b_player2.csv,answers_qwen25_7b_player2,Q055,C,Desserts,18,chocolate cake,chocolate cake,1,1,0,Q055::18
Part3/outputs/answers_qwen25_7b_player2.csv,answers_qwen25_7b_player2,Q055,C,Desserts,19,chocolate cake,chocolate cake,1,1,0,Q055::19
Part3/outputs/answers_qwen25_7b_player2.csv,answers_qwen25_7b_player2,Q056,D,Plants,0,daisy,daisy,1,1,0,Q056::0
Part3/outputs/answers_qwen25_7b_player2.csv,answers_qwen25_7b_player2,Q056,D,Plants,1,daisy,daisy,1,1,0,Q056::1
Part3/outputs/answers_qwen25_7b_player2.csv,answers_qwen25_7b_player2,Q056,D,Plants,2,daisy,daisy,1,1,0,Q056::2
Part3/outputs/answers_qwen25_7b_player2.csv,answers_qwen25_7b_player2,Q056,D,Plants,3,daisy,daisy,1,1,0,Q056::3
Part3/outputs/answers_qwen25_7b_player2.csv,answers_qwen25_7b_player2,Q056,D,Plants,4,daisy,daisy,1,1,0,Q056::4
Part3/outputs/answers_qwen25_7b_player2.csv,answers_qwen25_7b_player2,Q056,D,Plants,5,daisy,daisy,1,0,1,Q056::5
Part3/outputs/answers_qwen25_7b_player2.csv,answers_qwen25_7b_player2,Q056,D,Plants,6,daisy,daisy,1,1,0,Q056::6
Part3/outputs/answers_qwen25_7b_player2.csv,answers_qwen25_7b_player2,Q056,D,Plants,7,daisy,daisy,1,1,0,Q056::7
Part3/outputs/answers_qwen25_7b_player2.csv,answers_qwen25_7b_player2,Q056,D,Plants,8,daisy,daisy,1,1,0,Q056::8
Part3/outputs/answers_qwen25_7b_player2.csv,answers_qwen25_7b_player2,Q056,D,Plants,9,dandelion,dandelion,1,1,0,Q056::9
Part3/outputs/answers_qwen25_7b_player2.csv,answers_qwen25_7b_player2,Q056,D,Plants,10,daisy,daisy,1,1,0,Q056::10
Part3/outputs/answers_qwen25_7b_player2.csv,answers_qwen25_7b_player2,Q056,D,Plants,11,daisy,daisy,1,1,0,Q056::11
Part3/outputs/answers_qwen25_7b_player2.csv,answers_qwen25_7b_player2,Q056,D,Plants,12,dandelion,dandelion,1,0,1,Q056::12
Part3/outputs/answers_qwen25_7b_player2.csv,answers_qwen25_7b_player2,Q056,D,Plants,13,daisy,daisy,1,1,0,Q056::13
Part3/outputs/answers_qwen25_7b_player2.csv,answers_qwen25_7b_player2,Q056,D,Plants,14,daisy,daisy,1,1,0,Q056::14
Part3/outputs/answers_qwen25_7b_player2.csv,answers_qwen25_7b_player2,Q056,D,Plants,15,dandelion,dandelion,1,0,1,Q056::15
Part3/outputs/answers_qwen25_7b_player2.csv,answers_qwen25_7b_player2,Q056,D,Plants,16,daisy,daisy,1,1,0,Q056::16
Part3/outputs/answers_qwen25_7b_player2.csv,answers_qwen25_7b_player2,Q056,D,Plants,17,daisy,daisy,1,1,0,Q056::17
Part3/outputs/answers_qwen25_7b_player2.csv,answers_qwen25_7b_player2,Q056,D,Plants,18,dandelion,dandelion,1,0,1,Q056::18
Part3/outputs/answers_qwen25_7b_player2.csv,answers_qwen25_7b_player2,Q056,D,Plants,19,daisy,daisy,1,1,0,Q056::19
Part3/outputs/answers_qwen25_7b_player2.csv,answers_qwen25_7b_player2,Q057,E,Companies,0,e bay,e bay,1,0,1,Q057::0
Part3/outputs/answers_qwen25_7b_player2.csv,answers_qwen25_7b_player2,Q057,E,Companies,1,eBay,ebay,1,1,0,Q057::1
Part3/outputs/answers_qwen25_7b_player2.csv,answers_qwen25_7b_player2,Q057,E,Companies,2,e bay,e bay,1,0,1,Q057::2
Part3/outputs/answers_qwen25_7b_player2.csv,answers_qwen25_7b_player2,Q057,E,Companies,3,ebay,ebay,1,1,0,Q057::3
Part3/outputs/answers_qwen25_7b_player2.csv,answers_qwen25_7b_player2,Q057,E,Companies,4,ebay,ebay,1,1,0,Q057::4
Part3/outputs/answers_qwen25_7b_player2.csv,answers_qwen25_7b_player2,Q057,E,Companies,5,eatalot,eatalot,0,0,0,Q057::5
Part3/outputs/answers_qwen25_7b_player2.csv,answers_qwen25_7b_player2,Q057,E,Companies,6,ebay,ebay,1,0,1,Q057::6
Part3/outputs/answers_qwen25_7b_player2.csv,answers_qwen25_7b_player2,Q057,E,Companies,7,ebay,ebay,1,0,1,Q057::7
Part3/outputs/answers_qwen25_7b_player2.csv,answers_qwen25_7b_player2,Q057,E,Companies,8,ebay,ebay,1,0,1,Q057::8
Part3/outputs/answers_qwen25_7b_player2.csv,answers_qwen25_7b_player2,Q057,E,Companies,9,e bay,e bay,1,0,1,Q057::9
Part3/outputs/answers_qwen25_7b_player2.csv,answers_qwen25_7b_player2,Q057,E,Companies,10,eBay,ebay,1,1,0,Q057::10
Part3/outputs/answers_qwen25_7b_player2.csv,answers_qwen25_7b_player2,Q057,E,Companies,11,e bay,e bay,1,0,1,Q057::11
Part3/outputs/answers_qwen25_7b_player2.csv,answers_qwen25_7b_player2,Q057,E,Companies,12,ericsson,ericsson,1,0,1,Q057::12
Part3/outputs/answers_qwen25_7b_player2.csv,answers_qwen25_7b_player2,Q057,E,Companies,13,eBay,ebay,1,1,0,Q057::13
Part3/outputs/answers_qwen25_7b_player2.csv,answers_qwen25_7b_player2,Q057,E,Companies,14,e commerce,e commerce,0,0,0,Q057::14
Part3/outputs/answers_qwen25_7b_player2.csv,answers_qwen25_7b_player2,Q057,E,Companies,15,ebay,ebay,1,0,1,Q057::15
Part3/outputs/answers_qwen25_7b_player2.csv,answers_qwen25_7b_player2,Q057,E,Companies,16,eBay,ebay,1,1,0,Q057::16
Part3/outputs/answers_qwen25_7b_player2.csv,answers_qwen25_7b_player2,Q057,E,Companies,17,ebay,ebay,1,0,1,Q057::17
Part3/outputs/answers_qwen25_7b_player2.csv,answers_qwen25_7b_player2,Q057,E,Companies,18,ebay,ebay,1,0,1,Q057::18
Part3/outputs/answers_qwen25_7b_player2.csv,answers_qwen25_7b_player2,Q057,E,Companies,19,ebay,ebay,1,1,0,Q057::19
Part3/outputs/answers_qwen25_7b_player2.csv,answers_qwen25_7b_player2,Q058,F,Movie characters,0,fred flintstone,fred flintstone,1,0,1,Q058::0
Part3/outputs/answers_qwen25_7b_player2.csv,answers_qwen25_7b_player2,Q058,F,Movie characters,1,fred flintstone,fred flintstone,1,0,1,Q058::1
Part3/outputs/answers_qwen25_7b_player2.csv,answers_qwen25_7b_player2,Q058,F,Movie characters,2,forrest gump,forrest gump,1,0,1,Q058::2
Part3/outputs/answers_qwen25_7b_player2.csv,answers_qwen25_7b_player2,Q058,F,Movie characters,3,friar leo,friar leo,0,0,0,Q058::3
Part3/outputs/answers_qwen25_7b_player2.csv,answers_qwen25_7b_player2,Q058,F,Movie characters,4,fargo>Main_character,fargo>main_character,0,0,0,Q058::4
Part3/outputs/answers_qwen25_7b_player2.csv,answers_qwen25_7b_player2,Q058,F,Movie characters,5,forrest gump,forrest gump,1,1,0,Q058::5
Part3/outputs/answers_qwen25_7b_player2.csv,answers_qwen25_7b_player2,Q058,F,Movie characters,6,fred flintstone,fred flintstone,1,1,0,Q058::6
Part3/outputs/answers_qwen25_7b_player2.csv,answers_qwen25_7b_player2,Q058,F,Movie characters,7,fred flintstone,fred flintstone,1,1,0,Q058::7
Part3/outputs/answers_qwen25_7b_player2.csv,answers_qwen25_7b_player2,Q058,F,Movie characters,8,fargo<main character>,fargo<main character,0,0,0,Q058::8
Part3/outputs/answers_qwen25_7b_player2.csv,answers_qwen25_7b_player2,Q058,F,Movie characters,9,fred flintstone,fred flintstone,1,1,0,Q058::9
Part3/outputs/answers_qwen25_7b_player2.csv,answers_qwen25_7b_player2,Q058,F,Movie characters,10,frodo baskin,frodo baskin,0,0,0,Q058::10
Part3/outputs/answers_qwen25_7b_player2.csv,answers_qwen25_7b_player2,Q058,F,Movie characters,11,freddy krueger,freddy krueger,1,0,1,Q058::11
Part3/outputs/answers_qwen25_7b_player2.csv,answers_qwen25_7b_player2,Q058,F,Movie characters,12,fred flintstone,fred flintstone,1,1,0,Q058::12
Part3/outputs/answers_qwen25_7b_player2.csv,answers_qwen25_7b_player2,Q058,F,Movie characters,13,fred flintstone,fred flintstone,1,0,1,Q058::13
Part3/outputs/answers_qwen25_7b_player2.csv,answers_qwen25_7b_player2,Q058,F,Movie characters,14,frodo baggins,frodo baggins,1,0,1,Q058::14
Part3/outputs/answers_qwen25_7b_player2.csv,answers_qwen25_7b_player2,Q058,F,Movie characters,15,fred flintstone,fred flintstone,1,0,1,Q058::15
Part3/outputs/answers_qwen25_7b_player2.csv,answers_qwen25_7b_player2,Q058,F,Movie characters,16,freddy krueger,freddy krueger,1,0,1,Q058::16
Part3/outputs/answers_qwen25_7b_player2.csv,answers_qwen25_7b_player2,Q058,F,Movie characters,17,forrest gump,forrest gump,1,0,1,Q058::17
Part3/outputs/answers_qwen25_7b_player2.csv,answers_qwen25_7b_player2,Q058,F,Movie characters,18,fred flintstone,fred flintstone,1,0,1,Q058::18
Part3/outputs/answers_qwen25_7b_player2.csv,answers_qwen25_7b_player2,Q058,F,Movie characters,19,fred flintstone,fred flintstone,1,1,0,Q058::19
Part3/outputs/answers_qwen25_7b_player2.csv,answers_qwen25_7b_player2,Q059,G,Things in a toolbox,0,hammer gun pliers vice,hammer gun pliers vice,0,0,0,Q059::0
Part3/outputs/answers_qwen25_7b_player2.csv,answers_qwen25_7b_player2,Q059,G,Things in a toolbox,1,hammer,hammer,1,1,0,Q059::1
Part3/outputs/answers_qwen25_7b_player2.csv,answers_qwen25_7b_player2,Q059,G,Things in a toolbox,2,hammer,hammer,1,1,0,Q059::2
Part3/outputs/answers_qwen25_7b_player2.csv,answers_qwen25_7b_player2,Q059,G,Things in a toolbox,3,hammer,hammer,1,1,0,Q059::3
Part3/outputs/answers_qwen25_7b_player2.csv,answers_qwen25_7b_player2,Q059,G,Things in a toolbox,4,hammer,hammer,1,1,0,Q059::4
Part3/outputs/answers_qwen25_7b_player2.csv,answers_qwen25_7b_player2,Q059,G,Things in a toolbox,5,hammer,hammer,1,1,0,Q059::5
Part3/outputs/answers_qwen25_7b_player2.csv,answers_qwen25_7b_player2,Q059,G,Things in a toolbox,6,hammer,hammer,1,1,0,Q059::6
Part3/outputs/answers_qwen25_7b_player2.csv,answers_qwen25_7b_player2,Q059,G,Things in a toolbox,7,hammer,hammer,1,1,0,Q059::7
Part3/outputs/answers_qwen25_7b_player2.csv,answers_qwen25_7b_player2,Q059,G,Things in a toolbox,8,hammer gun,hammer gun,0,0,0,Q059::8
Part3/outputs/answers_qwen25_7b_player2.csv,answers_qwen25_7b_player2,Q059,G,Things in a toolbox,9,hammer,hammer,1,1,0,Q059::9
Part3/outputs/answers_qwen25_7b_player2.csv,answers_qwen25_7b_player2,Q059,G,Things in a toolbox,10,hammer,hammer,1,1,0,Q059::10
Part3/outputs/answers_qwen25_7b_player2.csv,answers_qwen25_7b_player2,Q059,G,Things in a toolbox,11,hammer,hammer,1,0,1,Q059::11
Part3/outputs/answers_qwen25_7b_player2.csv,answers_qwen25_7b_player2,Q059,G,Things in a toolbox,12,hammer,hammer,1,0,1,Q059::12
Part3/outputs/answers_qwen25_7b_player2.csv,answers_qwen25_7b_player2,Q059,G,Things in a toolbox,13,hammer,hammer,1,1,0,Q059::13
Part3/outputs/answers_qwen25_7b_player2.csv,answers_qwen25_7b_player2,Q059,G,Things in a toolbox,14,hammer,hammer,1,1,0,Q059::14
Part3/outputs/answers_qwen25_7b_player2.csv,answers_qwen25_7b_player2,Q059,G,Things in a toolbox,15,hammer,hammer,1,1,0,Q059::15
Part3/outputs/answers_qwen25_7b_player2.csv,answers_qwen25_7b_player2,Q059,G,Things in a toolbox,16,hammer gun,hammer gun,0,0,0,Q059::16
Part3/outputs/answers_qwen25_7b_player2.csv,answers_qwen25_7b_player2,Q059,G,Things in a toolbox,17,hammer,hammer,1,1,0,Q059::17
Part3/outputs/answers_qwen25_7b_player2.csv,answers_qwen25_7b_player2,Q059,G,Things in a toolbox,18,hammer,hammer,1,1,0,Q059::18
Part3/outputs/answers_qwen25_7b_player2.csv,answers_qwen25_7b_player2,Q059,G,Things in a toolbox,19,hammer,hammer,1,0,1,Q059::19
Part3/outputs/answers_qwen25_7b_player2.csv,answers_qwen25_7b_player2,Q060,H,Countries,0,honduras,honduras,1,1,0,Q060::0
Part3/outputs/answers_qwen25_7b_player2.csv,answers_qwen25_7b_player2,Q060,H,Countries,1,hong kong,hong kong,0,0,0,Q060::1
Part3/outputs/answers_qwen25_7b_player2.csv,answers_qwen25_7b_player2,Q060,H,Countries,2,honduras,honduras,1,0,1,Q060::2
Part3/outputs/answers_qwen25_7b_player2.csv,answers_qwen25_7b_player2,Q060,H,Countries,3,honduras,honduras,1,0,1,Q060::3
Part3/outputs/answers_qwen25_7b_player2.csv,answers_qwen25_7b_player2,Q060,H,Countries,4,hong kong,hong kong,0,0,0,Q060::4
Part3/outputs/answers_qwen25_7b_player2.csv,answers_qwen25_7b_player2,Q060,H,Countries,5,hong kong,hong kong,0,0,0,Q060::5
Part3/outputs/answers_qwen25_7b_player2.csv,answers_qwen25_7b_player2,Q060,H,Countries,6,hungary,hungary,1,0,1,Q060::6
Part3/outputs/answers_qwen25_7b_player2.csv,answers_qwen25_7b_player2,Q060,H,Countries,7,hong kong,hong kong,0,0,0,Q060::7
Part3/outputs/answers_qwen25_7b_player2.csv,answers_qwen25_7b_player2,Q060,H,Countries,8,hong kong,hong kong,0,0,0,Q060::8
Part3/outputs/answers_qwen25_7b_player2.csv,answers_qwen25_7b_player2,Q060,H,Countries,9,honduras,honduras,1,0,1,Q060::9
Part3/outputs/answers_qwen25_7b_player2.csv,answers_qwen25_7b_player2,Q060,H,Countries,10,hungary,hungary,1,1,0,Q060::10
Part3/outputs/answers_qwen25_7b_player2.csv,answers_qwen25_7b_player2,Q060,H,Countries,11,hungary,hungary,1,0,1,Q060::11
Part3/outputs/answers_qwen25_7b_player2.csv,answers_qwen25_7b_player2,Q060,H,Countries,12,honduras,honduras,1,0,1,Q060::12
Part3/outputs/answers_qwen25_7b_player2.csv,answers_qwen25_7b_player2,Q060,H,Countries,13,hungary,hungary,1,1,0,Q060::13
Part3/outputs/answers_qwen25_7b_player2.csv,answers_qwen25_7b_player2,Q060,H,Countries,14,hong kong,hong kong,0,0,0,Q060::14
Part3/outputs/answers_qwen25_7b_player2.csv,answers_qwen25_7b_player2,Q060,H,Countries,15,hong kong,hong kong,0,0,0,Q060::15
Part3/outputs/answers_qwen25_7b_player2.csv,answers_qwen25_7b_player2,Q060,H,Countries,16,hong kong,hong kong,0,0,0,Q060::16
Part3/outputs/answers_qwen25_7b_player2.csv,answers_qwen25_7b_player2,Q060,H,Countries,17,honduras,honduras,1,0,1,Q060::17
Part3/outputs/answers_qwen25_7b_player2.csv,answers_qwen25_7b_player2,Q060,H,Countries,18,haiti,haiti,1,0,1,Q060::18
Part3/outputs/answers_qwen25_7b_player2.csv,answers_qwen25_7b_player2,Q060,H,Countries,19,hong kong,hong kong,0,0,0,Q060::19
Part3/outputs/answers_qwen25_7b_player2.csv,answers_qwen25_7b_player2,Q061,I,Musical artists,0,ironic iqaluit iceage,ironic iqaluit iceage,0,0,0,Q061::0
Part3/outputs/answers_qwen25_7b_player2.csv,answers_qwen25_7b_player2,Q061,I,Musical artists,1,ina g别提了,ina g,0,0,0,Q061::1
Part3/outputs/answers_qwen25_7b_player2.csv,answers_qwen25_7b_player2,Q061,I,Musical artists,2,ironic ice九年制教育工作组,ironic ice,0,0,0,Q061::2
Part3/outputs/answers_qwen25_7b_player2.csv,answers_qwen25_7b_player2,Q061,I,Musical artists,3,ironic iron maiden,ironic iron maiden,0,0,0,Q061::3
Part3/outputs/answers_qwen25_7b_player2.csv,answers_qwen25_7b_player2,Q061,I,Musical artists,4,ironic islander,ironic islander,0,0,0,Q061::4
Part3/outputs/answers_qwen25_7b_player2.csv,answers_qwen25_7b_player2,Q061,I,Musical artists,5,ironic indie isolettes,ironic indie isolettes,0,0,0,Q061::5
Part3/outputs/answers_qwen25_7b_player2.csv,answers_qwen25_7b_player2,Q061,I,Musical artists,6,ironic izzy,ironic izzy,0,0,0,Q061::6
Part3/outputs/answers_qwen25_7b_player2.csv,answers_qwen25_7b_player2,Q061,I,Musical artists,7,iron maiden,iron maiden,1,0,1,Q061::7
Part3/outputs/answers_qwen25_7b_player2.csv,answers_qwen25_7b_player2,Q061,I,Musical artists,8,ironic iggy,ironic iggy,0,0,0,Q061::8
Part3/outputs/answers_qwen25_7b_player2.csv,answers_qwen25_7b_player2,Q061,I,Musical artists,9,iron maiden,iron maiden,1,0,1,Q061::9
Part3/outputs/answers_qwen25_7b_player2.csv,answers_qwen25_7b_player2,Q061,I,Musical artists,10,ironic ice cream@[email protected],ironic ice cream@[email protected,0,0,0,Q061::10
Part3/outputs/answers_qwen25_7b_player2.csv,answers_qwen25_7b_player2,Q061,I,Musical artists,11,ironic iggy,ironic iggy,0,0,0,Q061::11
Part3/outputs/answers_qwen25_7b_player2.csv,answers_qwen25_7b_player2,Q061,I,Musical artists,12,ironic insects,ironic insects,0,0,0,Q061::12
Part3/outputs/answers_qwen25_7b_player2.csv,answers_qwen25_7b_player2,Q061,I,Musical artists,13,ina gomes,ina gomes,0,0,0,Q061::13
Part3/outputs/answers_qwen25_7b_player2.csv,answers_qwen25_7b_player2,Q061,I,Musical artists,14,ironic alice cooper,ironic alice cooper,0,0,0,Q061::14
Part3/outputs/answers_qwen25_7b_player2.csv,answers_qwen25_7b_player2,Q061,I,Musical artists,15,ironic indie isotopes,ironic indie isotopes,0,0,0,Q061::15
Part3/outputs/answers_qwen25_7b_player2.csv,answers_qwen25_7b_player2,Q061,I,Musical artists,16,ironic sisters,ironic sisters,0,0,0,Q061::16
Part3/outputs/answers_qwen25_7b_player2.csv,answers_qwen25_7b_player2,Q061,I,Musical artists,17,ironic alice cooper,ironic alice cooper,0,0,0,Q061::17
Part3/outputs/answers_qwen25_7b_player2.csv,answers_qwen25_7b_player2,Q061,I,Musical artists,18,ironic alice cooper,ironic alice cooper,0,0,0,Q061::18
Part3/outputs/answers_qwen25_7b_player2.csv,answers_qwen25_7b_player2,Q061,I,Musical artists,19,ilovemetallica,ilovemetallica,0,0,0,Q061::19
Part3/outputs/answers_qwen25_7b_player2.csv,answers_qwen25_7b_player2,Q062,J,Things in a refrigerator,0,juice,juice,1,1,0,Q062::0
Part3/outputs/answers_qwen25_7b_player2.csv,answers_qwen25_7b_player2,Q062,J,Things in a refrigerator,1,juice,juice,1,1,0,Q062::1
Part3/outputs/answers_qwen25_7b_player2.csv,answers_qwen25_7b_player2,Q062,J,Things in a refrigerator,2,juice,juice,1,1,0,Q062::2
Part3/outputs/answers_qwen25_7b_player2.csv,answers_qwen25_7b_player2,Q062,J,Things in a refrigerator,3,juice,juice,1,1,0,Q062::3
Part3/outputs/answers_qwen25_7b_player2.csv,answers_qwen25_7b_player2,Q062,J,Things in a refrigerator,4,juice,juice,1,1,0,Q062::4
Part3/outputs/answers_qwen25_7b_player2.csv,answers_qwen25_7b_player2,Q062,J,Things in a refrigerator,5,juice,juice,1,1,0,Q062::5
Part3/outputs/answers_qwen25_7b_player2.csv,answers_qwen25_7b_player2,Q062,J,Things in a refrigerator,6,juice,juice,1,1,0,Q062::6
Part3/outputs/answers_qwen25_7b_player2.csv,answers_qwen25_7b_player2,Q062,J,Things in a refrigerator,7,juice,juice,1,1,0,Q062::7
Part3/outputs/answers_qwen25_7b_player2.csv,answers_qwen25_7b_player2,Q062,J,Things in a refrigerator,8,juice,juice,1,1,0,Q062::8
Part3/outputs/answers_qwen25_7b_player2.csv,answers_qwen25_7b_player2,Q062,J,Things in a refrigerator,9,juice,juice,1,1,0,Q062::9
Part3/outputs/answers_qwen25_7b_player2.csv,answers_qwen25_7b_player2,Q062,J,Things in a refrigerator,10,juice,juice,1,1,0,Q062::10
Part3/outputs/answers_qwen25_7b_player2.csv,answers_qwen25_7b_player2,Q062,J,Things in a refrigerator,11,juice,juice,1,1,0,Q062::11
Part3/outputs/answers_qwen25_7b_player2.csv,answers_qwen25_7b_player2,Q062,J,Things in a refrigerator,12,jam,jam,1,0,1,Q062::12
Part3/outputs/answers_qwen25_7b_player2.csv,answers_qwen25_7b_player2,Q062,J,Things in a refrigerator,13,juice,juice,1,1,0,Q062::13
Part3/outputs/answers_qwen25_7b_player2.csv,answers_qwen25_7b_player2,Q062,J,Things in a refrigerator,14,juice,juice,1,1,0,Q062::14
Part3/outputs/answers_qwen25_7b_player2.csv,answers_qwen25_7b_player2,Q062,J,Things in a refrigerator,15,juice,juice,1,1,0,Q062::15
Part3/outputs/answers_qwen25_7b_player2.csv,answers_qwen25_7b_player2,Q062,J,Things in a refrigerator,16,juice,juice,1,1,0,Q062::16
Part3/outputs/answers_qwen25_7b_player2.csv,answers_qwen25_7b_player2,Q062,J,Things in a refrigerator,17,juice,juice,1,1,0,Q062::17
Part3/outputs/answers_qwen25_7b_player2.csv,answers_qwen25_7b_player2,Q062,J,Things in a refrigerator,18,juice,juice,1,1,0,Q062::18
Part3/outputs/answers_qwen25_7b_player2.csv,answers_qwen25_7b_player2,Q062,J,Things in a refrigerator,19,juice,juice,1,1,0,Q062::19
Part3/outputs/answers_qwen25_7b_player2.csv,answers_qwen25_7b_player2,Q063,K,Cities,0,knoxville,knoxville,1,0,1,Q063::0
Part3/outputs/answers_qwen25_7b_player2.csv,answers_qwen25_7b_player2,Q063,K,Cities,1,kansas city,kansas city,1,0,1,Q063::1
Part3/outputs/answers_qwen25_7b_player2.csv,answers_qwen25_7b_player2,Q063,K,Cities,2,kansas city,kansas city,1,0,1,Q063::2
Part3/outputs/answers_qwen25_7b_player2.csv,answers_qwen25_7b_player2,Q063,K,Cities,3,knoxville,knoxville,1,0,1,Q063::3
Part3/outputs/answers_qwen25_7b_player2.csv,answers_qwen25_7b_player2,Q063,K,Cities,4,kitchener,kitchener,1,0,1,Q063::4
Part3/outputs/answers_qwen25_7b_player2.csv,answers_qwen25_7b_player2,Q063,K,Cities,5,knoxville,knoxville,1,0,1,Q063::5
Part3/outputs/answers_qwen25_7b_player2.csv,answers_qwen25_7b_player2,Q063,K,Cities,6,knoxville,knoxville,1,0,1,Q063::6
Part3/outputs/answers_qwen25_7b_player2.csv,answers_qwen25_7b_player2,Q063,K,Cities,7,knoxville,knoxville,1,0,1,Q063::7
Part3/outputs/answers_qwen25_7b_player2.csv,answers_qwen25_7b_player2,Q063,K,Cities,8,knoxville,knoxville,1,1,0,Q063::8
Part3/outputs/answers_qwen25_7b_player2.csv,answers_qwen25_7b_player2,Q063,K,Cities,9,knoxville,knoxville,1,0,1,Q063::9
Part3/outputs/answers_qwen25_7b_player2.csv,answers_qwen25_7b_player2,Q063,K,Cities,10,knoxville,knoxville,1,0,1,Q063::10
Part3/outputs/answers_qwen25_7b_player2.csv,answers_qwen25_7b_player2,Q063,K,Cities,11,knoxville,knoxville,1,1,0,Q063::11
Part3/outputs/answers_qwen25_7b_player2.csv,answers_qwen25_7b_player2,Q063,K,Cities,12,kansas city,kansas city,1,0,1,Q063::12
Part3/outputs/answers_qwen25_7b_player2.csv,answers_qwen25_7b_player2,Q063,K,Cities,13,kingston,kingston,1,0,1,Q063::13
Part3/outputs/answers_qwen25_7b_player2.csv,answers_qwen25_7b_player2,Q063,K,Cities,14,kansas city,kansas city,1,0,1,Q063::14
Part3/outputs/answers_qwen25_7b_player2.csv,answers_qwen25_7b_player2,Q063,K,Cities,15,kiel,kiel,1,0,1,Q063::15
Part3/outputs/answers_qwen25_7b_player2.csv,answers_qwen25_7b_player2,Q063,K,Cities,16,kansas city,kansas city,1,0,1,Q063::16
Part3/outputs/answers_qwen25_7b_player2.csv,answers_qwen25_7b_player2,Q063,K,Cities,17,knoxville,knoxville,1,1,0,Q063::17
Part3/outputs/answers_qwen25_7b_player2.csv,answers_qwen25_7b_player2,Q063,K,Cities,18,knoxville,knoxville,1,0,1,Q063::18
Part3/outputs/answers_qwen25_7b_player2.csv,answers_qwen25_7b_player2,Q063,K,Cities,19,knoxville,knoxville,1,0,1,Q063::19
Part3/outputs/answers_qwen25_7b_player2.csv,answers_qwen25_7b_player2,Q064,L,Things in a library,0,library card,library card,0,0,0,Q064::0
Part3/outputs/answers_qwen25_7b_player2.csv,answers_qwen25_7b_player2,Q064,L,Things in a library,1,library card,library card,0,0,0,Q064::1
Part3/outputs/answers_qwen25_7b_player2.csv,answers_qwen25_7b_player2,Q064,L,Things in a library,2,library card,library card,0,0,0,Q064::2
Part3/outputs/answers_qwen25_7b_player2.csv,answers_qwen25_7b_player2,Q064,L,Things in a library,3,library card,library card,0,0,0,Q064::3
Part3/outputs/answers_qwen25_7b_player2.csv,answers_qwen25_7b_player2,Q064,L,Things in a library,4,library card,library card,0,0,0,Q064::4
Part3/outputs/answers_qwen25_7b_player2.csv,answers_qwen25_7b_player2,Q064,L,Things in a library,5,library card,library card,0,0,0,Q064::5
Part3/outputs/answers_qwen25_7b_player2.csv,answers_qwen25_7b_player2,Q064,L,Things in a library,6,library card,library card,0,0,0,Q064::6
Part3/outputs/answers_qwen25_7b_player2.csv,answers_qwen25_7b_player2,Q064,L,Things in a library,7,library card,library card,0,0,0,Q064::7
Part3/outputs/answers_qwen25_7b_player2.csv,answers_qwen25_7b_player2,Q064,L,Things in a library,8,library,library,0,0,0,Q064::8
Part3/outputs/answers_qwen25_7b_player2.csv,answers_qwen25_7b_player2,Q064,L,Things in a library,9,library card,library card,0,0,0,Q064::9
Part3/outputs/answers_qwen25_7b_player2.csv,answers_qwen25_7b_player2,Q064,L,Things in a library,10,library card,library card,0,0,0,Q064::10
Part3/outputs/answers_qwen25_7b_player2.csv,answers_qwen25_7b_player2,Q064,L,Things in a library,11,library card,library card,0,0,0,Q064::11
Part3/outputs/answers_qwen25_7b_player2.csv,answers_qwen25_7b_player2,Q064,L,Things in a library,12,library,library,0,0,0,Q064::12
Part3/outputs/answers_qwen25_7b_player2.csv,answers_qwen25_7b_player2,Q064,L,Things in a library,13,library card,library card,0,0,0,Q064::13
Part3/outputs/answers_qwen25_7b_player2.csv,answers_qwen25_7b_player2,Q064,L,Things in a library,14,library card,library card,0,0,0,Q064::14
Part3/outputs/answers_qwen25_7b_player2.csv,answers_qwen25_7b_player2,Q064,L,Things in a library,15,library,library,0,0,0,Q064::15
Part3/outputs/answers_qwen25_7b_player2.csv,answers_qwen25_7b_player2,Q064,L,Things in a library,16,library card,library card,0,0,0,Q064::16
Part3/outputs/answers_qwen25_7b_player2.csv,answers_qwen25_7b_player2,Q064,L,Things in a library,17,library card,library card,0,0,0,Q064::17
Part3/outputs/answers_qwen25_7b_player2.csv,answers_qwen25_7b_player2,Q064,L,Things in a library,18,library,library,0,0,0,Q064::18
Part3/outputs/answers_qwen25_7b_player2.csv,answers_qwen25_7b_player2,Q064,L,Things in a library,19,library,library,0,0,0,Q064::19
