source_file,player_id,question_id,letter,category,round_idx,answer_raw,answer_norm,valid,collision,score,round_key
Part3/outputs/answers_qwen25_7b.csv,answers_qwen25_7b,Q001,A,Animals,0,albatross,albatross,1,0,1,Q001::0
Part3/outputs/answers_qwen25_7b.csv,answers_qwen25_7b,Q001,A,Animals,1,antelope,antelope,1,0,1,Q001::1
Part3/outputs/answers_qwen25_7b.csv,answers_qwen25_7b,Q001,A,Animals,2,albatross,albatross,1,0,1,Q001::2
Part3/outputs/answers_qwen25_7b.csv,answers_qwen25_7b,Q001,A,Animals,3,albatross,albatross,1,0,1,Q001::3
Part3/outputs/answers_qwen25_7b.csv,answers_qwen25_7b,Q001,A,Animals,4,albatross,albatross,1,0,1,Q001::4
Part3/outputs/answers_qwen25_7b.csv,answers_qwen25_7b,Q001,A,Animals,5,albatross,albatross,1,0,1,Q001::5
Part3/outputs/answers_qwen25_7b.csv,answers_qwen25_7b,Q001,A,Animals,6,alligator,alligator,1,1,0,Q001::6
Part3/outputs/answers_qwen25_7b.csv,answers_qwen25_7b,Q001,A,Animals,7,antelope,antelope,1,0,1,Q001::7
Part3/outputs/answers_qwen25_7b.csv,answers_qwen25_7b,Q001,A,Animals,8,albatross,albatross,1,0,1,Q001::8
Part3/outputs/answers_qwen25_7b.csv,answers_qwen25_7b,Q001,A,Animals,9,aligator,aligator,0,0,0,Q001::9
Part3/outputs/answers_qwen25_7b.csv,answers_qwen25_7b,Q001,A,Animals,10,albatross,albatross,1,0,1,Q001::10
Part3/outputs/answers_qwen25_7b.csv,answers_qwen25_7b,Q001,A,Animals,11,albatross,albatross,1,0,1,Q001::11
Part3/outputs/answers_qwen25_7b.csv,answers_qwen25_7b,Q001,A,Animals,12,alpaca,alpaca,1,0,1,Q001::12
Part3/outputs/answers_qwen25_7b.csv,answers_qwen25_7b,Q001,A,Animals,13,antelope,antelope,1,0,1,Q001::13
Part3/outputs/answers_qwen25_7b.csv,answers_qwen25_7b,Q001,A,Animals,14,albatross,albatross,1,0,1,Q001::14
Part3/outputs/answers_qwen25_7b.csv,answers_qwen25_7b,Q001,A,Animals,15,albatross,albatross,1,0,1,Q001::15
Part3/outputs/answers_qwen25_7b.csv,answers_qwen25_7b,Q001,A,Animals,16,albatross,albatross,1,0,1,Q001::16
Part3/outputs/answers_qwen25_7b.csv,answers_qwen25_7b,Q001,A,Animals,17,albatross,albatross,1,0,1,Q001::17
Part3/outputs/answers_qwen25_7b.csv,answers_qwen25_7b,Q001,A,Animals,18,alpaca,alpaca,1,0,1,Q001::18
Part3/outputs/answers_qwen25_7b.csv,answers_qwen25_7b,Q001,A,Animals,19,albatross,albatross,1,0,1,Q001::19
Part3/outputs/answers_qwen25_7b.csv,answers_qwen25_7b,Q002,A,Jobs,0,accountant,accountant,1,1,0,Q002::0
Part3/outputs/answers_qwen25_7b.csv,answers_qwen25_7b,Q002,A,Jobs,1,accountant,accountant,1,1,0,Q002::1
Part3/outputs/answers_qwen25_7b.csv,answers_qwen25_7b,Q002,A,Jobs,2,accountant,accountant,1,1,0,Q002::2
Part3/outputs/answers_qwen25_7b.csv,answers_qwen25_7b,Q002,A,Jobs,3,accountant,accountant,1,1,0,Q002::3
Part3/outputs/answers_qwen25_7b.csv,answers_qwen25_7b,Q002,A,Jobs,4,accountant,accountant,1,0,1,Q002::4
Part3/outputs/answers_qwen25_7b.csv,answers_qwen25_7b,Q002,A,Jobs,5,accountant,accountant,1,1,0,Q002::5
Part3/outputs/answers_qwen25_7b.csv,answers_qwen25_7b,Q002,A,Jobs,6,accountant,accountant,1,1,0,Q002::6
Part3/outputs/answers_qwen25_7b.csv,answers_qwen25_7b,Q002,A,Jobs,7,accountant,accountant,1,1,0,Q002::7
Part3/outputs/answers_qwen25_7b.csv,answers_qwen25_7b,Q002,A,Jobs,8,accountant,accountant,1,1,0,Q002::8
Part3/outputs/answers_qwen25_7b.csv,answers_qwen25_7b,Q002,A,Jobs,9,accountant,accountant,1,1,0,Q002::9
Part3/outputs/answers_qwen25_7b.csv,answers_qwen25_7b,Q002,A,Jobs,10,accountant,accountant,1,1,0,Q002::10
Part3/outputs/answers_qwen25_7b.csv,answers_qwen25_7b,Q002,A,Jobs,11,accountant,accountant,1,1,0,Q002::11
Part3/outputs/answers_qwen25_7b.csv,answers_qwen25_7b,Q002,A,Jobs,12,accountant,accountant,1,1,0,Q002::12
Part3/outputs/answers_qwen25_7b.csv,answers_qwen25_7b,Q002,A,Jobs,13,accountant,accountant,1,0,1,Q002::13
Part3/outputs/answers_qwen25_7b.csv,answers_qwen25_7b,Q002,A,Jobs,14,accountant,accountant,1,1,0,Q002::14
Part3/outputs/answers_qwen25_7b.csv,answers_qwen25_7b,Q002,A,Jobs,15,accountant,accountant,1,0,1,Q002::15
Part3/outputs/answers_qwen25_7b.csv,answers_qwen25_7b,Q002,A,Jobs,16,accountant,accountant,1,1,0,Q002::16
Part3/outputs/answers_qwen25_7b.csv,answers_qwen25_7b,Q002,A,Jobs,17,accountant,accountant,1,1,0,Q002::17
Part3/outputs/answers_qwen25_7b.csv,answers_qwen25_7b,Q002,A,Jobs,18,accountant,accountant,1,1,0,Q002::18
Part3/outputs/answers_qwen25_7b.csv,answers_qwen25_7b,Q002,A,Jobs,19,accountant,accountant,1,1,0,Q002::19
Part3/outputs/answers_qwen25_7b.csv,answers_qwen25_7b,Q003,B,Fruits,0,blueberry,blueberry,1,0,1,Q003::0
Part3/outputs/answers_qwen25_7b.csv,answers_qwen25_7b,Q003,B,Fruits,1,blueberry,blueberry,1,0,1,Q003::1
Part3/outputs/answers_qwen25_7b.csv,answers_qwen25_7b,Q003,B,Fruits,2,banana,banana,1,0,1,Q003::2
Part3/outputs/answers_qwen25_7b.csv,answers_qwen25_7b,Q003,B,Fruits,3,banana,banana,1,0,1,Q003::3
Part3/outputs/answers_qwen25_7b.csv,answers_qwen25_7b,Q003,B,Fruits,4,blueberry,blueberry,1,0,1,Q003::4
Part3/outputs/answers_qwen25_7b.csv,answers_qwen25_7b,Q003,B,Fruits,5,banana,banana,1,0,1,Q003::5
Part3/outputs/answers_qwen25_7b.csv,answers_qwen25_7b,Q003,B,Fruits,6,blueberry,blueberry,1,0,1,Q003::6
Part3/outputs/answers_qwen25_7b.csv,answers_qwen25_7b,Q003,B,Fruits,7,blueberry,blueberry,1,0,1,Q003::7
Part3/outputs/answers_qwen25_7b.csv,answers_qwen25_7b,Q003,B,Fruits,8,blueberry,blueberry,1,0,1,Q003::8
Part3/outputs/answers_qwen25_7b.csv,answers_qwen25_7b,Q003,B,Fruits,9,banana,banana,1,1,0,Q003::9
Part3/outputs/answers_qwen25_7b.csv,answers_qwen25_7b,Q003,B,Fruits,10,blueberry,blueberry,1,0,1,Q003::10
Part3/outputs/answers_qwen25_7b.csv,answers_qwen25_7b,Q003,B,Fruits,11,blueberry,blueberry,1,0,1,Q003::11
Part3/outputs/answers_qwen25_7b.csv,answers_qwen25_7b,Q003,B,Fruits,12,banana,banana,1,0,1,Q003::12
Part3/outputs/answers_qwen25_7b.csv,answers_qwen25_7b,Q003,B,Fruits,13,blueberry,blueberry,1,0,1,Q003::13
Part3/outputs/answers_qwen25_7b.csv,answers_qwen25_7b,Q003,B,Fruits,14,blueberry,blueberry,1,0,1,Q003::14
Part3/outputs/answers_qwen25_7b.csv,answers_qwen25_7b,Q003,B,Fruits,15,blueberry,blueberry,1,1,0,Q003::15
Part3/outputs/answers_qwen25_7b.csv,answers_qwen25_7b,Q003,B,Fruits,16,blueberry,blueberry,1,1,0,Q003::16
Part3/outputs/answers_qwen25_7b.csv,answers_qwen25_7b,Q003,B,Fruits,17,blueberry,blueberry,1,1,0,Q003::17
Part3/outputs/answers_qwen25_7b.csv,answers_qwen25_7b,Q003,B,Fruits,18,blueberry,blueberry,1,0,1,Q003::18
Part3/outputs/answers_qwen25_7b.csv,answers_qwen25_7b,Q003,B,Fruits,19,blueberry,blueberry,1,0,1,Q003::19
Part3/outputs/answers_qwen25_7b.csv,answers_qwen25_7b,Q004,B,Things that are red,0,berry,berry,1,0,1,Q004::0
Part3/outputs/answers_qwen25_7b.csv,answers_qwen25_7b,Q004,B,Things that are red,1,banana,banana,0,0,0,Q004::1
Part3/outputs/answers_qwen25_7b.csv,answers_qwen25_7b,Q004,B,Things that are red,2,bicycle,bicycle,0,0,0,Q004::2
Part3/outputs/answers_qwen25_7b.csv,answers_qwen25_7b,Q004,B,Things that are red,3,banana,banana,0,0,0,Q004::3
Part3/outputs/answers_qwen25_7b.csv,answers_qwen25_7b,Q004,B,Things that are red,4,banana,banana,0,0,0,Q004::4
Part3/outputs/answers_qwen25_7b.csv,answers_qwen25_7b,Q004,B,Things that are red,5,banana,banana,0,0,0,Q004::5
Part3/outputs/answers_qwen25_7b.csv,answers_qwen25_7b,Q004,B,Things that are red,6,banana,banana,0,0,0,Q004::6
Part3/outputs/answers_qwen25_7b.csv,answers_qwen25_7b,Q004,B,Things that are red,7,banana,banana,0,0,0,Q004::7
Part3/outputs/answers_qwen25_7b.csv,answers_qwen25_7b,Q004,B,Things that are red,8,basketball,basketball,0,0,0,Q004::8
Part3/outputs/answers_qwen25_7b.csv,answers_qwen25_7b,Q004,B,Things that are red,9,banana,banana,0,0,0,Q004::9
Part3/outputs/answers_qwen25_7b.csv,answers_qwen25_7b,Q004,B,Things that are red,10,red light,red light,0,0,0,Q004::10
Part3/outputs/answers_qwen25_7b.csv,answers_qwen25_7b,Q004,B,Things that are red,11,banana,banana,0,0,0,Q004::11
Part3/outputs/answers_qwen25_7b.csv,answers_qwen25_7b,Q004,B,Things that are red,12,bottle,bottle,0,0,0,Q004::12
Part3/outputs/answers_qwen25_7b.csv,answers_qwen25_7b,Q004,B,Things that are red,13,bottle,bottle,0,0,0,Q004::13
Part3/outputs/answers_qwen25_7b.csv,answers_qwen25_7b,Q004,B,Things that are red,14,bicycle,bicycle,0,0,0,Q004::14
Part3/outputs/answers_qwen25_7b.csv,answers_qwen25_7b,Q004,B,Things that are red,15,baseball bat,baseball bat,0,0,0,Q004::15
Part3/outputs/answers_qwen25_7b.csv,answers_qwen25_7b,Q004,B,Things that are red,16,banana,banana,0,0,0,Q004::16
Part3/outputs/answers_qwen25_7b.csv,answers_qwen25_7b,Q004,B,Things that are red,17,red light,red light,0,0,0,Q004::17
Part3/outputs/answers_qwen25_7b.csv,answers_qwen25_7b,Q004,B,Things that are red,18,banana,banana,0,0,0,Q004::18
Part3/outputs/answers_qwen25_7b.csv,answers_qwen25_7b,Q004,B,Things that are red,19,berried fruit,berried fruit,0,0,0,Q004::19
Part3/outputs/answers_qwen25_7b.csv,answers_qwen25_7b,Q005,C,Countries,0,canada,canada,1,1,0,Q005::0
Part3/outputs/answers_qwen25_7b.csv,answers_qwen25_7b,Q005,C,Countries,1,canada,canada,1,1,0,Q005::1
Part3/outputs/answers_qwen25_7b.csv,answers_qwen25_7b,Q005,C,Countries,2,canada,canada,1,0,1,Q005::2
Part3/outputs/answers_qwen25_7b.csv,answers_qwen25_7b,Q005,C,Countries,3,canada,canada,1,1,0,Q005::3
Part3/outputs/answers_qwen25_7b.csv,answers_qwen25_7b,Q005,C,Countries,4,canada,canada,1,1,0,Q005::4
Part3/outputs/answers_qwen25_7b.csv,answers_qwen25_7b,Q005,C,Countries,5,canada,canada,1,1,0,Q005::5
Part3/outputs/answers_qwen25_7b.csv,answers_qwen25_7b,Q005,C,Countries,6,canada,canada,1,1,0,Q005::6
Part3/outputs/answers_qwen25_7b.csv,answers_qwen25_7b,Q005,C,Countries,7,canada,canada,1,1,0,Q005::7
Part3/outputs/answers_qwen25_7b.csv,answers_qwen25_7b,Q005,C,Countries,8,canada,canada,1,1,0,Q005::8
Part3/outputs/answers_qwen25_7b.csv,answers_qwen25_7b,Q005,C,Countries,9,canada,canada,1,1,0,Q005::9
Part3/outputs/answers_qwen25_7b.csv,answers_qwen25_7b,Q005,C,Countries,10,canada,canada,1,1,0,Q005::10
Part3/outputs/answers_qwen25_7b.csv,answers_qwen25_7b,Q005,C,Countries,11,canada,canada,1,1,0,Q005::11
Part3/outputs/answers_qwen25_7b.csv,answers_qwen25_7b,Q005,C,Countries,12,canada,canada,1,1,0,Q005::12
Part3/outputs/answers_qwen25_7b.csv,answers_qwen25_7b,Q005,C,Countries,13,canada,canada,1,1,0,Q005::13
Part3/outputs/answers_qwen25_7b.csv,answers_qwen25_7b,Q005,C,Countries,14,canada,canada,1,1,0,Q005::14
Part3/outputs/answers_qwen25_7b.csv,answers_qwen25_7b,Q005,C,Countries,15,canada,canada,1,1,0,Q005::15
Part3/outputs/answers_qwen25_7b.csv,answers_qwen25_7b,Q005,C,Countries,16,canada,canada,1,1,0,Q005::16
Part3/outputs/answers_qwen25_7b.csv,answers_qwen25_7b,Q005,C,Countries,17,canada,canada,1,1,0,Q005::17
Part3/outputs/answers_qwen25_7b.csv,answers_qwen25_7b,Q005,C,Countries,18,canada,canada,1,1,0,Q005::18
Part3/outputs/answers_qwen25_7b.csv,answers_qwen25_7b,Q005,C,Countries,19,canada,canada,1,1,0,Q005::19
Part3/outputs/answers_qwen25_7b.csv,answers_qwen25_7b,Q006,C,Board games,0,chess,chess,1,0,1,Q006::0
Part3/outputs/answers_qwen25_7b.csv,answers_qwen25_7b,Q006,C,Board games,1,checkers,checkers,1,0,1,Q006::1
Part3/outputs/answers_qwen25_7b.csv,answers_qwen25_7b,Q006,C,Board games,2,checkers,checkers,1,1,0,Q006::2
Part3/outputs/answers_qwen25_7b.csv,answers_qwen25_7b,Q006,C,Board games,3,chess,chess,1,0,1,Q006::3
Part3/outputs/answers_qwen25_7b.csv,answers_qwen25_7b,Q006,C,Board games,4,chess,chess,1,0,1,Q006::4
Part3/outputs/answers_qwen25_7b.csv,answers_qwen25_7b,Q006,C,Board games,5,chess,chess,1,0,1,Q006::5
Part3/outputs/answers_qwen25_7b.csv,answers_qwen25_7b,Q006,C,Board games,6,checkers,checkers,1,1,0,Q006::6
Part3/outputs/answers_qwen25_7b.csv,answers_qwen25_7b,Q006,C,Board games,7,chess,chess,1,0,1,Q006::7
Part3/outputs/answers_qwen25_7b.csv,answers_qwen25_7b,Q006,C,Board games,8,chess,chess,1,0,1,Q006::8
Part3/outputs/answers_qwen25_7b.csv,answers_qwen25_7b,Q006,C,Board games,9,chess,chess,1,0,1,Q006::9
Part3/outputs/answers_qwen25_7b.csv,answers_qwen25_7b,Q006,C,Board games,10,chess,chess,1,0,1,Q006::10
Part3/outputs/answers_qwen25_7b.csv,answers_qwen25_7b,Q006,C,Board games,11,chess,chess,1,0,1,Q006::11
Part3/outputs/answers_qwen25_7b.csv,answers_qwen25_7b,Q006,C,Board games,12,chess,chess,1,0,1,Q006::12
Part3/outputs/answers_qwen25_7b.csv,answers_qwen25_7b,Q006,C,Board games,13,chess,chess,1,0,1,Q006::13
Part3/outputs/answers_qwen25_7b.csv,answers_qwen25_7b,Q006,C,Board games,14,chess,chess,1,0,1,Q006::14
Part3/outputs/answers_qwen25_7b.csv,answers_qwen25_7b,Q006,C,Board games,15,chess,chess,1,0,1,Q006::15
Part3/outputs/answers_qwen25_7b.csv,answers_qwen25_7b,Q006,C,Board games,16,chess,chess,1,0,1,Q006::16
Part3/outputs/answers_qwen25_7b.csv,answers_qwen25_7b,Q006,C,Board games,17,chess,chess,1,0,1,Q006::17
Part3/outputs/answers_qwen25_7b.csv,answers_qwen25_7b,Q006,C,Board games,18,chess,chess,1,1,0,Q006::18
Part3/outputs/answers_qwen25_7b.csv,answers_qwen25_7b,Q006,C,Board games,19,chess,chess,1,1,0,Q006::19
Part3/outputs/answers_qwen25_7b.csv,answers_qwen25_7b,Q007,D,Musical instruments,0,drum set,drum set,0,0,0,Q007::0
Part3/outputs/answers_qwen25_7b.csv,answers_qwen25_7b,Q007,D,Musical instruments,1,drum,drum,1,0,1,Q007::1
Part3/outputs/answers_qwen25_7b.csv,answers_qwen25_7b,Q007,D,Musical instruments,2,drum,drum,1,0,1,Q007::2
Part3/outputs/answers_qwen25_7b.csv,answers_qwen25_7b,Q007,D,Musical instruments,3,drum set,drum set,0,0,0,Q007::3
Part3/outputs/answers_qwen25_7b.csv,answers_qwen25_7b,Q007,D,Musical instruments,4,drum,drum,1,0,1,Q007::4
Part3/outputs/answers_qwen25_7b.csv,answers_qwen25_7b,Q007,D,Musical instruments,5,drum,drum,1,0,1,Q007::5
Part3/outputs/answers_qwen25_7b.csv,answers_qwen25_7b,Q007,D,Musical instruments,6,drum,drum,1,0,1,Q007::6
Part3/outputs/answers_qwen25_7b.csv,answers_qwen25_7b,Q007,D,Musical instruments,7,drum,drum,1,1,0,Q007::7
Part3/outputs/answers_qwen25_7b.csv,answers_qwen25_7b,Q007,D,Musical instruments,8,drum,drum,1,0,1,Q007::8
Part3/outputs/answers_qwen25_7b.csv,answers_qwen25_7b,Q007,D,Musical instruments,9,drum set,drum set,0,0,0,Q007::9
Part3/outputs/answers_qwen25_7b.csv,answers_qwen25_7b,Q007,D,Musical instruments,10,drum,drum,1,0,1,Q007::10
Part3/outputs/answers_qwen25_7b.csv,answers_qwen25_7b,Q007,D,Musical instruments,11,drum,drum,1,0,1,Q007::11
Part3/outputs/answers_qwen25_7b.csv,answers_qwen25_7b,Q007,D,Musical instruments,12,drum,drum,1,0,1,Q007::12
Part3/outputs/answers_qwen25_7b.csv,answers_qwen25_7b,Q007,D,Musical instruments,13,drum,drum,1,0,1,Q007::13
Part3/outputs/answers_qwen25_7b.csv,answers_qwen25_7b,Q007,D,Musical instruments,14,drum,drum,1,0,1,Q007::14
Part3/outputs/answers_qwen25_7b.csv,answers_qwen25_7b,Q007,D,Musical instruments,15,drum,drum,1,0,1,Q007::15
Part3/outputs/answers_qwen25_7b.csv,answers_qwen25_7b,Q007,D,Musical instruments,16,drum,drum,1,0,1,Q007::16
Part3/outputs/answers_qwen25_7b.csv,answers_qwen25_7b,Q007,D,Musical instruments,17,drum set,drum set,0,0,0,Q007::17
Part3/outputs/answers_qwen25_7b.csv,answers_qwen25_7b,Q007,D,Musical instruments,18,drum,drum,1,0,1,Q007::18
Part3/outputs/answers_qwen25_7b.csv,answers_qwen25_7b,Q007,D,Musical instruments,19,drum,drum,1,0,1,Q007::19
Part3/outputs/answers_qwen25_7b.csv,answers_qwen25_7b,Q008,D,Things in a bathroom,0,toothbrush,toothbrush,0,0,0,Q008::0
Part3/outputs/answers_qwen25_7b.csv,answers_qwen25_7b,Q008,D,Things in a bathroom,1,toothbrush,toothbrush,0,0,0,Q008::1
Part3/outputs/answers_qwen25_7b.csv,answers_qwen25_7b,Q008,D,Things in a bathroom,2,toothbrush,toothbrush,0,0,0,Q008::2
Part3/outputs/answers_qwen25_7b.csv,answers_qwen25_7b,Q008,D,Things in a bathroom,3,toothbrush,toothbrush,0,0,0,Q008::3
Part3/outputs/answers_qwen25_7b.csv,answers_qwen25_7b,Q008,D,Things in a bathroom,4,toothbrush,toothbrush,0,0,0,Q008::4
Part3/outputs/answers_qwen25_7b.csv,answers_qwen25_7b,Q008,D,Things in a bathroom,5,soap dispenser,soap dispenser,1,0,1,Q008::5
Part3/outputs/answers_qwen25_7b.csv,answers_qwen25_7b,Q008,D,Things in a bathroom,6,toothbrush,toothbrush,0,0,0,Q008::6
Part3/outputs/answers_qwen25_7b.csv,answers_qwen25_7b,Q008,D,Things in a bathroom,7,soap dish,soap dish,1,0,1,Q008::7
Part3/outputs/answers_qwen25_7b.csv,answers_qwen25_7b,Q008,D,Things in a bathroom,8,soap,soap,0,0,0,Q008::8
Part3/outputs/answers_qwen25_7b.csv,answers_qwen25_7b,Q008,D,Things in a bathroom,9,soap dispenser,soap dispenser,1,0,1,Q008::9
Part3/outputs/answers_qwen25_7b.csv,answers_qwen25_7b,Q008,D,Things in a bathroom,10,toothbrush,toothbrush,0,0,0,Q008::10
Part3/outputs/answers_qwen25_7b.csv,answers_qwen25_7b,Q008,D,Things in a bathroom,11,toothbrush,toothbrush,0,0,0,Q008::11
Part3/outputs/answers_qwen25_7b.csv,answers_qwen25_7b,Q008,D,Things in a bathroom,12,toothbrush,toothbrush,0,0,0,Q008::12
Part3/outputs/answers_qwen25_7b.csv,answers_qwen25_7b,Q008,D,Things in a bathroom,13,toothbrush,toothbrush,0,0,0,Q008::13
Part3/outputs/answers_qwen25_7b.csv,answers_qwen25_7b,Q008,D,Things in a bathroom,14,toothbrush,toothbrush,0,0,0,Q008::14
Part3/outputs/answers_qwen25_7b.csv,answers_qwen25_7b,Q008,D,Things in a bathroom,15,toothbrush,toothbrush,0,0,0,Q008::15
Part3/outputs/answers_qwen25_7b.csv,answers_qwen25_7b,Q008,D,Things in a bathroom,16,toothbrush,toothbrush,0,0,0,Q008::16
Part3/outputs/answers_qwen25_7b.csv,answers_qwen25_7b,Q008,D,Things in a bathroom,17,dishcloth,dishcloth,1,0,1,Q008::17
Part3/outputs/answers_qwen25_7b.csv,answers_qwen25_7b,Q008,D,Things in a bathroom,18,toothbrush,toothbrush,0,0,0,Q008::18
Part3/outputs/answers_qwen25_7b.csv,answers_qwen25_7b,Q008,D,Things in a bathroom,19,toothbrush,toothbrush,0,0,0,Q008::19
Part3/outputs/answers_qwen25_7b.csv,answers_qwen25_7b,Q009,E,Sports,0,tennis,tennis,0,0,0,Q009::0
Part3/outputs/answers_qwen25_7b.csv,answers_qwen25_7b,Q009,E,Sports,1,tennis,tennis,0,0,0,Q009::1
Part3/outputs/answers_qwen25_7b.csv,answers_qwen25_7b,Q009,E,Sports,2,tennis,tennis,0,0,0,Q009::2
Part3/outputs/answers_qwen25_7b.csv,answers_qwen25_7b,Q009,E,Sports,3,tennis,tennis,0,0,0,Q009::3
Part3/outputs/answers_qwen25_7b.csv,answers_qwen25_7b,Q009,E,Sports,4,tennis,tennis,0,0,0,Q009::4
Part3/outputs/answers_qwen25_7b.csv,answers_qwen25_7b,Q009,E,Sports,5,tennis,tennis,0,0,0,Q009::5
Part3/outputs/answers_qwen25_7b.csv,answers_qwen25_7b,Q009,E,Sports,6,tennis,tennis,0,0,0,Q009::6
Part3/outputs/answers_qwen25_7b.csv,answers_qwen25_7b,Q009,E,Sports,7,tennis,tennis,0,0,0,Q009::7
Part3/outputs/answers_qwen25_7b.csv,answers_qwen25_7b,Q009,E,Sports,8,tennis,tennis,0,0,0,Q009::8
Part3/outputs/answers_qwen25_7b.csv,answers_qwen25_7b,Q009,E,Sports,9,tennis,tennis,0,0,0,Q009::9
Part3/outputs/answers_qwen25_7b.csv,answers_qwen25_7b,Q009,E,Sports,10,tennis,tennis,0,0,0,Q009::10
Part3/outputs/answers_qwen25_7b.csv,answers_qwen25_7b,Q009,E,Sports,11,tennis,tennis,0,0,0,Q009::11
Part3/outputs/answers_qwen25_7b.csv,answers_qwen25_7b,Q009,E,Sports,12,tennis,tennis,0,0,0,Q009::12
Part3/outputs/answers_qwen25_7b.csv,answers_qwen25_7b,Q009,E,Sports,13,tennis,tennis,0,0,0,Q009::13
Part3/outputs/answers_qwen25_7b.csv,answers_qwen25_7b,Q009,E,Sports,14,tennis,tennis,0,0,0,Q009::14
Part3/outputs/answers_qwen25_7b.csv,answers_qwen25_7b,Q009,E,Sports,15,tennis,tennis,0,0,0,Q009::15
Part3/outputs/answers_qwen25_7b.csv,answers_qwen25_7b,Q009,E,Sports,16,tennis,tennis,0,0,0,Q009::16
Part3/outputs/answers_qwen25_7b.csv,answers_qwen25_7b,Q009,E,Sports,17,tennis,tennis,0,0,0,Q009::17
Part3/outputs/answers_qwen25_7b.csv,answers_qwen25_7b,Q009,E,Sports,18,tennis,tennis,0,0,0,Q009::18
Part3/outputs/answers_qwen25_7b.csv,answers_qwen25_7b,Q009,E,Sports,19,tennis,tennis,0,0,0,Q009::19
Part3/outputs/answers_qwen25_7b.csv,answers_qwen25_7b,Q010,E,Movie titles,0,eternal sunshine of the spotless mind,eternal sunshine of the spotless mind,0,0,0,Q010::0
Part3/outputs/answers_qwen25_7b.csv,answers_qwen25_7b,Q010,E,Movie titles,1,eclipse,eclipse,1,0,1,Q010::1
Part3/outputs/answers_qwen25_7b.csv,answers_qwen25_7b,Q010,E,Movie titles,2,eclipse,eclipse,1,0,1,Q010::2
Part3/outputs/answers_qwen25_7b.csv,answers_qwen25_7b,Q010,E,Movie titles,3,eekommen,eekommen,0,0,0,Q010::3
Part3/outputs/answers_qwen25_7b.csv,answers_qwen25_7b,Q010,E,Movie titles,4,eternal sunshine of the spotless mind,eternal sunshine of the spotless mind,0,0,0,Q010::4
Part3/outputs/answers_qwen25_7b.csv,answers_qwen25_7b,Q010,E,Movie titles,5,eclipse,eclipse,1,0,1,Q010::5
Part3/outputs/answers_qwen25_7b.csv,answers_qwen25_7b,Q010,E,Movie titles,6,eternal sunshine of the spotless mind,eternal sunshine of the spotless mind,0,0,0,Q010::6
Part3/outputs/answers_qwen25_7b.csv,answers_qwen25_7b,Q010,E,Movie titles,7,eternal sunshine of the spotless mind,eternal sunshine of the spotless mind,0,0,0,Q010::7
Part3/outputs/answers_qwen25_7b.csv,answers_qwen25_7b,Q010,E,Movie titles,8,eternal sunshine of the spotless mind,eternal sunshine of the spotless mind,0,0,0,Q010::8
Part3/outputs/answers_qwen25_7b.csv,answers_qwen25_7b,Q010,E,Movie titles,9,eternal sunshine of the spotless mind,eternal sunshine of the spotless mind,0,0,0,Q010::9
Part3/outputs/answers_qwen25_7b.csv,answers_qwen25_7b,Q010,E,Movie titles,10,eclipse,eclipse,1,0,1,Q010::10
Part3/outputs/answers_qwen25_7b.csv,answers_qwen25_7b,Q010,E,Movie titles,11,eternal sunshine of the spotless mind,eternal sunshine of the spotless mind,0,0,0,Q010::11
Part3/outputs/answers_qwen25_7b.csv,answers_qwen25_7b,Q010,E,Movie titles,12,easter.sendStatusSuccessfullySent();,easter.sendstatussuccessfullysent,0,0,0,Q010::12
Part3/outputs/answers_qwen25_7b.csv,answers_qwen25_7b,Q010,E,Movie titles,13,election Day,election day,0,0,0,Q010::13
Part3/outputs/answers_qwen25_7b.csv,answers_qwen25_7b,Q010,E,Movie titles,14,eternal sunshine of the spotless mind,eternal sunshine of the spotless mind,0,0,0,Q010::14
Part3/outputs/answers_qwen25_7b.csv,answers_qwen25_7b,Q010,E,Movie titles,15,eagged to please,eagged to please,0,0,0,Q010::15
Part3/outputs/answers_qwen25_7b.csv,answers_qwen25_7b,Q010,E,Movie titles,16,eclipse,eclipse,1,0,1,Q010::16
Part3/outputs/answers_qwen25_7b.csv,answers_qwen25_7b,Q010,E,Movie titles,17,eagle-eyed,eagle-eyed,0,0,0,Q010::17
Part3/outputs/answers_qwen25_7b.csv,answers_qwen25_7b,Q010,E,Movie titles,18,european vengeance,european vengeance,0,0,0,Q010::18
Part3/outputs/answers_qwen25_7b.csv,answers_qwen25_7b,Q010,E,Movie titles,19,eclipse,eclipse,1,0,1,Q010::19
Part3/outputs/answers_qwen25_7b.csv,answers_qwen25_7b,Q011,F,Fish,0,flounder,flounder,1,0,1,Q011::0
Part3/outputs/answers_qwen25_7b.csv,answers_qwen25_7b,Q011,F,Fish,1,flounder,flounder,1,1,0,Q011::1
Part3/outputs/answers_qwen25_7b.csv,answers_qwen25_7b,Q011,F,Fish,2,flounder,flounder,1,0,1,Q011::2
Part3/outputs/answers_qwen25_7b.csv,answers_qwen25_7b,Q011,F,Fish,3,flounder,flounder,1,1,0,Q011::3
Part3/outputs/answers_qwen25_7b.csv,answers_qwen25_7b,Q011,F,Fish,4,flounder,flounder,1,1,0,Q011::4
Part3/outputs/answers_qwen25_7b.csv,answers_qwen25_7b,Q011,F,Fish,5,flounder,flounder,1,1,0,Q011::5
Part3/outputs/answers_qwen25_7b.csv,answers_qwen25_7b,Q011,F,Fish,6,flounder,flounder,1,0,1,Q011::6
Part3/outputs/answers_qwen25_7b.csv,answers_qwen25_7b,Q011,F,Fish,7,flounder,flounder,1,1,0,Q011::7
Part3/outputs/answers_qwen25_7b.csv,answers_qwen25_7b,Q011,F,Fish,8,flounder,flounder,1,1,0,Q011::8
Part3/outputs/answers_qwen25_7b.csv,answers_qwen25_7b,Q011,F,Fish,9,flounder,flounder,1,0,1,Q011::9
Part3/outputs/answers_qwen25_7b.csv,answers_qwen25_7b,Q011,F,Fish,10,flounder,flounder,1,1,0,Q011::10
Part3/outputs/answers_qwen25_7b.csv,answers_qwen25_7b,Q011,F,Fish,11,flounder,flounder,1,0,1,Q011::11
Part3/outputs/answers_qwen25_7b.csv,answers_qwen25_7b,Q011,F,Fish,12,flounder,flounder,1,1,0,Q011::12
Part3/outputs/answers_qwen25_7b.csv,answers_qwen25_7b,Q011,F,Fish,13,flounder,flounder,1,0,1,Q011::13
Part3/outputs/answers_qwen25_7b.csv,answers_qwen25_7b,Q011,F,Fish,14,flounder,flounder,1,1,0,Q011::14
Part3/outputs/answers_qwen25_7b.csv,answers_qwen25_7b,Q011,F,Fish,15,flounder,flounder,1,0,1,Q011::15
Part3/outputs/answers_qwen25_7b.csv,answers_qwen25_7b,Q011,F,Fish,16,flounder,flounder,1,1,0,Q011::16
Part3/outputs/answers_qwen25_7b.csv,answers_qwen25_7b,Q011,F,Fish,17,flounder,flounder,1,1,0,Q011::17
Part3/outputs/answers_qwen25_7b.csv,answers_qwen25_7b,Q011,F,Fish,18,flounder,flounder,1,0,1,Q011::18
Part3/outputs/answers_qwen25_7b.csv,answers_qwen25_7b,Q011,F,Fish,19,goldfish,goldfish,1,0,1,Q011::19
Part3/outputs/answers_qwen25_7b.csv,answers_qwen25_7b,Q012,F,Things in a backpack,0,flashlight,flashlight,1,0,1,Q012::0
Part3/outputs/answers_qwen25_7b.csv,answers_qwen25_7b,Q012,F,Things in a backpack,1,flashlight,flashlight,1,0,1,Q012::1
Part3/outputs/answers_qwen25_7b.csv,answers_qwen25_7b,Q012,F,Things in a backpack,2,flashlight,flashlight,1,0,1,Q012::2
Part3/outputs/answers_qwen25_7b.csv,answers_qwen25_7b,Q012,F,Things in a backpack,3,flashlight,flashlight,1,0,1,Q012::3
Part3/outputs/answers_qwen25_7b.csv,answers_qwen25_7b,Q012,F,Things in a backpack,4,flashlight,flashlight,1,0,1,Q012::4
Part3/outputs/answers_qwen25_7b.csv,answers_qwen25_7b,Q012,F,Things in a backpack,5,flashlight,flashlight,1,0,1,Q012::5
Part3/outputs/answers_qwen25_7b.csv,answers_qwen25_7b,Q012,F,Things in a backpack,6,folders,folders,1,0,1,Q012::6
Part3/outputs/answers_qwen25_7b.csv,answers_qwen25_7b,Q012,F,Things in a backpack,7,folders,folders,1,0,1,Q012::7
Part3/outputs/answers_qwen25_7b.csv,answers_qwen25_7b,Q012,F,Things in a backpack,8,flashlight,flashlight,1,0,1,Q012::8
Part3/outputs/answers_qwen25_7b.csv,answers_qwen25_7b,Q012,F,Things in a backpack,9,flashlight,flashlight,1,0,1,Q012::9
Part3/outputs/answers_qwen25_7b.csv,answers_qwen25_7b,Q012,F,Things in a backpack,10,flashlight,flashlight,1,0,1,Q012::10
Part3/outputs/answers_qwen25_7b.csv,answers_qwen25_7b,Q012,F,Things in a backpack,11,flashlight,flashlight,1,0,1,Q012::11
Part3/outputs/answers_qwen25_7b.csv,answers_qwen25_7b,Q012,F,Things in a backpack,12,flashlight,flashlight,1,0,1,Q012::12
Part3/outputs/answers_qwen25_7b.csv,answers_qwen25_7b,Q012,F,Things in a backpack,13,flashlight,flashlight,1,0,1,Q012::13
Part3/outputs/answers_qwen25_7b.csv,answers_qwen25_7b,Q012,F,Things in a backpack,14,flashlight,flashlight,1,0,1,Q012::14
Part3/outputs/answers_qwen25_7b.csv,answers_qwen25_7b,Q012,F,Things in a backpack,15,flashlight,flashlight,1,0,1,Q012::15
Part3/outputs/answers_qwen25_7b.csv,answers_qwen25_7b,Q012,F,Things in a backpack,16,flashlight,flashlight,1,0,1,Q012::16
Part3/outputs/answers_qwen25_7b.csv,answers_qwen25_7b,Q012,F,Things in a backpack,17,flashlight,flashlight,1,0,1,Q012::17
Part3/outputs/answers_qwen25_7b.csv,answers_qwen25_7b,Q012,F,Things in a backpack,18,flashlight,flashlight,1,0,1,Q012::18
Part3/outputs/answers_qwen25_7b.csv,answers_qwen25_7b,Q012,F,Things in a backpack,19,folders,folders,1,0,1,Q012::19
Part3/outputs/answers_qwen25_7b.csv,answers_qwen25_7b,Q013,G,U.S. states,0,georgia,georgia,1,1,0,Q013::0
Part3/outputs/answers_qwen25_7b.csv,answers_qwen25_7b,Q013,G,U.S. states,1,georgia,georgia,1,1,0,Q013::1
Part3/outputs/answers_qwen25_7b.csv,answers_qwen25_7b,Q013,G,U.S. states,2,georgia,georgia,1,1,0,Q013::2
Part3/outputs/answers_qwen25_7b.csv,answers_qwen25_7b,Q013,G,U.S. states,3,georgia,georgia,1,1,0,Q013::3
Part3/outputs/answers_qwen25_7b.csv,answers_qwen25_7b,Q013,G,U.S. states,4,georgia,georgia,1,1,0,Q013::4
Part3/outputs/answers_qwen25_7b.csv,answers_qwen25_7b,Q013,G,U.S. states,5,georgia,georgia,1,1,0,Q013::5
Part3/outputs/answers_qwen25_7b.csv,answers_qwen25_7b,Q013,G,U.S. states,6,georgia,georgia,1,1,0,Q013::6
Part3/outputs/answers_qwen25_7b.csv,answers_qwen25_7b,Q013,G,U.S. states,7,georgia,georgia,1,1,0,Q013::7
Part3/outputs/answers_qwen25_7b.csv,answers_qwen25_7b,Q013,G,U.S. states,8,georgia,georgia,1,1,0,Q013::8
Part3/outputs/answers_qwen25_7b.csv,answers_qwen25_7b,Q013,G,U.S. states,9,georgia,georgia,1,1,0,Q013::9
Part3/outputs/answers_qwen25_7b.csv,answers_qwen25_7b,Q013,G,U.S. states,10,georgia,georgia,1,1,0,Q013::10
Part3/outputs/answers_qwen25_7b.csv,answers_qwen25_7b,Q013,G,U.S. states,11,georgia,georgia,1,1,0,Q013::11
Part3/outputs/answers_qwen25_7b.csv,answers_qwen25_7b,Q013,G,U.S. states,12,georgia,georgia,1,1,0,Q013::12
Part3/outputs/answers_qwen25_7b.csv,answers_qwen25_7b,Q013,G,U.S. states,13,georgia,georgia,1,1,0,Q013::13
Part3/outputs/answers_qwen25_7b.csv,answers_qwen25_7b,Q013,G,U.S. states,14,georgia,georgia,1,1,0,Q013::14
Part3/outputs/answers_qwen25_7b.csv,answers_qwen25_7b,Q013,G,U.S. states,15,georgia,georgia,1,1,0,Q013::15
Part3/outputs/answers_qwen25_7b.csv,answers_qwen25_7b,Q013,G,U.S. states,16,georgia,georgia,1,1,0,Q013::16
Part3/outputs/answers_qwen25_7b.csv,answers_qwen25_7b,Q013,G,U.S. states,17,georgia,georgia,1,1,0,Q013::17
Part3/outputs/answers_qwen25_7b.csv,answers_qwen25_7b,Q013,G,U.S. states,18,georgia,georgia,1,1,0,Q013::18
Part3/outputs/answers_qwen25_7b.csv,answers_qwen25_7b,Q013,G,U.S. states,19,georgia,georgia,1,1,0,Q013::19
Part3/outputs/answers_qwen25_7b.csv,answers_qwen25_7b,Q014,G,Foods,0,guacamole,guacamole,1,0,1,Q014::0
Part3/outputs/answers_qwen25_7b.csv,answers_qwen25_7b,Q014,G,Foods,1,garlic bread,garlic bread,1,0,1,Q014::1
Part3/outputs/answers_qwen25_7b.csv,answers_qwen25_7b,Q014,G,Foods,2,grapefruit,grapefruit,1,0,1,Q014::2
Part3/outputs/answers_qwen25_7b.csv,answers_qwen25_7b,Q014,G,Foods,3,grapefruit,grapefruit,1,0,1,Q014::3
Part3/outputs/answers_qwen25_7b.csv,answers_qwen25_7b,Q014,G,Foods,4,grapefruit,grapefruit,1,0,1,Q014::4
Part3/outputs/answers_qwen25_7b.csv,answers_qwen25_7b,Q014,G,Foods,5,grapefruit,grapefruit,1,0,1,Q014::5
Part3/outputs/answers_qwen25_7b.csv,answers_qwen25_7b,Q014,G,Foods,6,grapefruit,grapefruit,1,0,1,Q014::6
Part3/outputs/answers_qwen25_7b.csv,answers_qwen25_7b,Q014,G,Foods,7,grapefruit,grapefruit,1,0,1,Q014::7
Part3/outputs/answers_qwen25_7b.csv,answers_qwen25_7b,Q014,G,Foods,8,grapefruit,grapefruit,1,0,1,Q014::8
Part3/outputs/answers_qwen25_7b.csv,answers_qwen25_7b,Q014,G,Foods,9,grapes,grapes,1,0,1,Q014::9
Part3/outputs/answers_qwen25_7b.csv,answers_qwen25_7b,Q014,G,Foods,10,grapefruit,grapefruit,1,0,1,Q014::10
Part3/outputs/answers_qwen25_7b.csv,answers_qwen25_7b,Q014,G,Foods,11,grapefruit,grapefruit,1,0,1,Q014::11
Part3/outputs/answers_qwen25_7b.csv,answers_qwen25_7b,Q014,G,Foods,12,grapefruit,grapefruit,1,0,1,Q014::12
Part3/outputs/answers_qwen25_7b.csv,answers_qwen25_7b,Q014,G,Foods,13,garlic bread,garlic bread,1,0,1,Q014::13
Part3/outputs/answers_qwen25_7b.csv,answers_qwen25_7b,Q014,G,Foods,14,grapefruit,grapefruit,1,0,1,Q014::14
Part3/outputs/answers_qwen25_7b.csv,answers_qwen25_7b,Q014,G,Foods,15,grapefruit,grapefruit,1,0,1,Q014::15
Part3/outputs/answers_qwen25_7b.csv,answers_qwen25_7b,Q014,G,Foods,16,grapefruit,grapefruit,1,0,1,Q014::16
Part3/outputs/answers_qwen25_7b.csv,answers_qwen25_7b,Q014,G,Foods,17,garlic bread,garlic bread,1,0,1,Q014::17
Part3/outputs/answers_qwen25_7b.csv,answers_qwen25_7b,Q014,G,Foods,18,garlic bread,garlic bread,1,0,1,Q014::18
Part3/outputs/answers_qwen25_7b.csv,answers_qwen25_7b,Q014,G,Foods,19,garlic bread,garlic bread,1,0,1,Q014::19
Part3/outputs/answers_qwen25_7b.csv,answers_qwen25_7b,Q015,H,Famous scientists,0,hawking steinhaus,hawking steinhaus,0,0,0,Q015::0
Part3/outputs/answers_qwen25_7b.csv,answers_qwen25_7b,Q015,H,Famous scientists,1,hawking,hawking,1,0,1,Q015::1
Part3/outputs/answers_qwen25_7b.csv,answers_qwen25_7b,Q015,H,Famous scientists,2,galileo galilei,galileo galilei,0,0,0,Q015::2
Part3/outputs/answers_qwen25_7b.csv,answers_qwen25_7b,Q015,H,Famous scientists,3,galileo galilei,galileo galilei,0,0,0,Q015::3
Part3/outputs/answers_qwen25_7b.csv,answers_qwen25_7b,Q015,H,Famous scientists,4,huygens,huygens,1,0,1,Q015::4
Part3/outputs/answers_qwen25_7b.csv,answers_qwen25_7b,Q015,H,Famous scientists,5,galileo galilei,galileo galilei,0,0,0,Q015::5
Part3/outputs/answers_qwen25_7b.csv,answers_qwen25_7b,Q015,H,Famous scientists,6,huygens,huygens,1,0,1,Q015::6
Part3/outputs/answers_qwen25_7b.csv,answers_qwen25_7b,Q015,H,Famous scientists,7,galileo galilei,galileo galilei,0,0,0,Q015::7
Part3/outputs/answers_qwen25_7b.csv,answers_qwen25_7b,Q015,H,Famous scientists,8,hooke,hooke,1,0,1,Q015::8
Part3/outputs/answers_qwen25_7b.csv,answers_qwen25_7b,Q015,H,Famous scientists,9,huygens,huygens,1,0,1,Q015::9
Part3/outputs/answers_qwen25_7b.csv,answers_qwen25_7b,Q015,H,Famous scientists,10,hawking steinhaus hertz helmholtz heisenberg,hawking steinhaus hertz helmholtz heisenberg,1,0,1,Q015::10
Part3/outputs/answers_qwen25_7b.csv,answers_qwen25_7b,Q015,H,Famous scientists,11,galileo galilei,galileo galilei,0,0,0,Q015::11
Part3/outputs/answers_qwen25_7b.csv,answers_qwen25_7b,Q015,H,Famous scientists,12,hawking,hawking,1,0,1,Q015::12
Part3/outputs/answers_qwen25_7b.csv,answers_qwen25_7b,Q015,H,Famous scientists,13,galileo galilei,galileo galilei,0,0,0,Q015::13
Part3/outputs/answers_qwen25_7b.csv,answers_qwen25_7b,Q015,H,Famous scientists,14,hawking steinhardt,hawking steinhardt,0,0,0,Q015::14
Part3/outputs/answers_qwen25_7b.csv,answers_qwen25_7b,Q015,H,Famous scientists,15,galileo galilei,galileo galilei,0,0,0,Q015::15
Part3/outputs/answers_qwen25_7b.csv,answers_qwen25_7b,Q015,H,Famous scientists,16,hermann hesse,hermann hesse,0,0,0,Q015::16
Part3/outputs/answers_qwen25_7b.csv,answers_qwen25_7b,Q015,H,Famous scientists,17,huygens,huygens,1,0,1,Q015::17
Part3/outputs/answers_qwen25_7b.csv,answers_qwen25_7b,Q015,H,Famous scientists,18,galileo galilei,galileo galilei,0,0,0,Q015::18
Part3/outputs/answers_qwen25_7b.csv,answers_qwen25_7b,Q015,H,Famous scientists,19,galileo galilei,galileo galilei,0,0,0,Q015::19
Part3/outputs/answers_qwen25_7b.csv,answers_qwen25_7b,Q016,H,Things at the beach,0,hat,hat,1,0,1,Q016::0
Part3/outputs/answers_qwen25_7b.csv,answers_qwen25_7b,Q016,H,Things at the beach,1,hat,hat,1,0,1,Q016::1
Part3/outputs/answers_qwen25_7b.csv,answers_qwen25_7b,Q016,H,Things at the beach,2,hat,hat,1,0,1,Q016::2
Part3/outputs/answers_qwen25_7b.csv,answers_qwen25_7b,Q016,H,Things at the beach,3,hat,hat,1,0,1,Q016::3
Part3/outputs/answers_qwen25_7b.csv,answers_qwen25_7b,Q016,H,Things at the beach,4,hat,hat,1,0,1,Q016::4
Part3/outputs/answers_qwen25_7b.csv,answers_qwen25_7b,Q016,H,Things at the beach,5,hat,hat,1,0,1,Q016::5
Part3/outputs/answers_qwen25_7b.csv,answers_qwen25_7b,Q016,H,Things at the beach,6,hat,hat,1,0,1,Q016::6
Part3/outputs/answers_qwen25_7b.csv,answers_qwen25_7b,Q016,H,Things at the beach,7,hat,hat,1,0,1,Q016::7
Part3/outputs/answers_qwen25_7b.csv,answers_qwen25_7b,Q016,H,Things at the beach,8,hat,hat,1,0,1,Q016::8
Part3/outputs/answers_qwen25_7b.csv,answers_qwen25_7b,Q016,H,Things at the beach,9,hat,hat,1,0,1,Q016::9
Part3/outputs/answers_qwen25_7b.csv,answers_qwen25_7b,Q016,H,Things at the beach,10,hat,hat,1,0,1,Q016::10
Part3/outputs/answers_qwen25_7b.csv,answers_qwen25_7b,Q016,H,Things at the beach,11,hat,hat,1,0,1,Q016::11
Part3/outputs/answers_qwen25_7b.csv,answers_qwen25_7b,Q016,H,Things at the beach,12,hat,hat,1,0,1,Q016::12
Part3/outputs/answers_qwen25_7b.csv,answers_qwen25_7b,Q016,H,Things at the beach,13,hat,hat,1,0,1,Q016::13
Part3/outputs/answers_qwen25_7b.csv,answers_qwen25_7b,Q016,H,Things at the beach,14,hat,hat,1,0,1,Q016::14
Part3/outputs/answers_qwen25_7b.csv,answers_qwen25_7b,Q016,H,Things at the beach,15,hat,hat,1,0,1,Q016::15
Part3/outputs/answers_qwen25_7b.csv,answers_qwen25_7b,Q016,H,Things at the beach,16,hat,hat,1,0,1,Q016::16
Part3/outputs/answers_qwen25_7b.csv,answers_qwen25_7b,Q016,H,Things at the beach,17,hat,hat,1,0,1,Q016::17
Part3/outputs/answers_qwen25_7b.csv,answers_qwen25_7b,Q016,H,Things at the beach,18,sandcastle,sandcastle,0,0,0,Q016::18
Part3/outputs/answers_qwen25_7b.csv,answers_qwen25_7b,Q016,H,Things at the beach,19,hat,hat,1,0,1,Q016::19
Part3/outputs/answers_qwen25_7b.csv,answers_qwen25_7b,Q017,I,Cities,0,iceland,iceland,0,0,0,Q017::0
Part3/outputs/answers_qwen25_7b.csv,answers_qwen25_7b,Q017,I,Cities,1,istanbul,istanbul,0,0,0,Q017::1
Part3/outputs/answers_qwen25_7b.csv,answers_qwen25_7b,Q017,I,Cities,2,istanbul,istanbul,0,0,0,Q017::2
Part3/outputs/answers_qwen25_7b.csv,answers_qwen25_7b,Q017,I,Cities,3,istanbul,istanbul,0,0,0,Q017::3
Part3/outputs/answers_qwen25_7b.csv,answers_qwen25_7b,Q017,I,Cities,4,indianapolis,indianapolis,1,0,1,Q017::4
Part3/outputs/answers_qwen25_7b.csv,answers_qwen25_7b,Q017,I,Cities,5,iceland,iceland,0,0,0,Q017::5
Part3/outputs/answers_qwen25_7b.csv,answers_qwen25_7b,Q017,I,Cities,6,istanbul,istanbul,0,0,0,Q017::6
Part3/outputs/answers_qwen25_7b.csv,answers_qwen25_7b,Q017,I,Cities,7,ichih寡牟尼寺,ichih,0,0,0,Q017::7
Part3/outputs/answers_qwen25_7b.csv,answers_qwen25_7b,Q017,I,Cities,8,istanbul,istanbul,0,0,0,Q017::8
Part3/outputs/answers_qwen25_7b.csv,answers_qwen25_7b,Q017,I,Cities,9,istanbul,istanbul,0,0,0,Q017::9
Part3/outputs/answers_qwen25_7b.csv,answers_qwen25_7b,Q017,I,Cities,10,istanbul,istanbul,0,0,0,Q017::10
Part3/outputs/answers_qwen25_7b.csv,answers_qwen25_7b,Q017,I,Cities,11,iran,iran,0,0,0,Q017::11
Part3/outputs/answers_qwen25_7b.csv,answers_qwen25_7b,Q017,I,Cities,12,iran,iran,0,0,0,Q017::12
Part3/outputs/answers_qwen25_7b.csv,answers_qwen25_7b,Q017,I,Cities,13,indianapolis,indianapolis,1,0,1,Q017::13
Part3/outputs/answers_qwen25_7b.csv,answers_qwen25_7b,Q017,I,Cities,14,ibiza,ibiza,0,0,0,Q017::14
Part3/outputs/answers_qwen25_7b.csv,answers_qwen25_7b,Q017,I,Cities,15,indianapolis,indianapolis,1,0,1,Q017::15
Part3/outputs/answers_qwen25_7b.csv,answers_qwen25_7b,Q017,I,Cities,16,indianapolis,indianapolis,1,0,1,Q017::16
Part3/outputs/answers_qwen25_7b.csv,answers_qwen25_7b,Q017,I,Cities,17,iran,iran,0,0,0,Q017::17
Part3/outputs/answers_qwen25_7b.csv,answers_qwen25_7b,Q017,I,Cities,18,indianapolis,indianapolis,1,0,1,Q017::18
Part3/outputs/answers_qwen25_7b.csv,answers_qwen25_7b,Q017,I,Cities,19,istanbul,istanbul,0,0,0,Q017::19
Part3/outputs/answers_qwen25_7b.csv,answers_qwen25_7b,Q018,I,Things in a classroom,0,blackboard,blackboard,1,0,1,Q018::0
Part3/outputs/answers_qwen25_7b.csv,answers_qwen25_7b,Q018,I,Things in a classroom,1,interior whiteboard,interior whiteboard,0,0,0,Q018::1
Part3/outputs/answers_qwen25_7b.csv,answers_qwen25_7b,Q018,I,Things in a classroom,2,interactboard,interactboard,1,0,1,Q018::2
Part3/outputs/answers_qwen25_7b.csv,answers_qwen25_7b,Q018,I,Things in a classroom,3,interior decorator,interior decorator,0,0,0,Q018::3
Part3/outputs/answers_qwen25_7b.csv,answers_qwen25_7b,Q018,I,Things in a classroom,4,interactive whiteboard,interactive whiteboard,1,0,1,Q018::4
Part3/outputs/answers_qwen25_7b.csv,answers_qwen25_7b,Q018,I,Things in a classroom,5,interactioal board,interactioal board,0,0,0,Q018::5
Part3/outputs/answers_qwen25_7b.csv,answers_qwen25_7b,Q018,I,Things in a classroom,6,blackboard,blackboard,1,0,1,Q018::6
Part3/outputs/answers_qwen25_7b.csv,answers_qwen25_7b,Q018,I,Things in a classroom,7,interactboard,interactboard,1,0,1,Q018::7
Part3/outputs/answers_qwen25_7b.csv,answers_qwen25_7b,Q018,I,Things in a classroom,8,instructor,instructor,1,0,1,Q018::8
Part3/outputs/answers_qwen25_7b.csv,answers_qwen25_7b,Q018,I,Things in a classroom,9,interboard,interboard,0,0,0,Q018::9
Part3/outputs/answers_qwen25_7b.csv,answers_qwen25_7b,Q018,I,Things in a classroom,10,blackboard,blackboard,1,1,0,Q018::10
Part3/outputs/answers_qwen25_7b.csv,answers_qwen25_7b,Q018,I,Things in a classroom,11,interior,interior,0,0,0,Q018::11
Part3/outputs/answers_qwen25_7b.csv,answers_qwen25_7b,Q018,I,Things in a classroom,12,instruction desk,instruction desk,0,0,0,Q018::12
Part3/outputs/answers_qwen25_7b.csv,answers_qwen25_7b,Q018,I,Things in a classroom,13,interactboard,interactboard,1,0,1,Q018::13
Part3/outputs/answers_qwen25_7b.csv,answers_qwen25_7b,Q018,I,Things in a classroom,14,interactive whiteboard,interactive whiteboard,1,0,1,Q018::14
Part3/outputs/answers_qwen25_7b.csv,answers_qwen25_7b,Q018,I,Things in a classroom,15,interactive whiteboard,interactive whiteboard,1,0,1,Q018::15
Part3/outputs/answers_qwen25_7b.csv,answers_qwen25_7b,Q018,I,Things in a classroom,16,infinity chalkboard,infinity chalkboard,0,0,0,Q018::16
Part3/outputs/answers_qwen25_7b.csv,answers_qwen25_7b,Q018,I,Things in a classroom,17,instructor,instructor,1,0,1,Q018::17
Part3/outputs/answers_qwen25_7b.csv,answers_qwen25_7b,Q018,I,Things in a classroom,18,interior whiteboard,interior whiteboard,0,0,0,Q018::18
Part3/outputs/answers_qwen25_7b.csv,answers_qwen25_7b,Q018,I,Things in a classroom,19,instruction desk,instruction desk,0,0,0,Q018::19
Part3/outputs/answers_qwen25_7b.csv,answers_qwen25_7b,Q019,J,Car brands,0,jaguar,jaguar,1,1,0,Q019::0
Part3/outputs/answers_qwen25_7b.csv,answers_qwen25_7b,Q019,J,Car brands,1,jaguar,jaguar,1,1,0,Q019::1
Part3/outputs/answers_qwen25_7b.csv,answers_qwen25_7b,Q019,J,Car brands,2,jaguar,jaguar,1,1,0,Q019::2
Part3/outputs/answers_qwen25_7b.csv,answers_qwen25_7b,Q019,J,Car brands,3,jaguar,jaguar,1,1,0,Q019::3
Part3/outputs/answers_qwen25_7b.csv,answers_qwen25_7b,Q019,J,Car brands,4,jaguar,jaguar,1,1,0,Q019::4
Part3/outputs/answers_qwen25_7b.csv,answers_qwen25_7b,Q019,J,Car brands,5,jaguar,jaguar,1,1,0,Q019::5
Part3/outputs/answers_qwen25_7b.csv,answers_qwen25_7b,Q019,J,Car brands,6,jaguar,jaguar,1,1,0,Q019::6
Part3/outputs/answers_qwen25_7b.csv,answers_qwen25_7b,Q019,J,Car brands,7,jaguar,jaguar,1,1,0,Q019::7
Part3/outputs/answers_qwen25_7b.csv,answers_qwen25_7b,Q019,J,Car brands,8,jaguar,jaguar,1,1,0,Q019::8
Part3/outputs/answers_qwen25_7b.csv,answers_qwen25_7b,Q019,J,Car brands,9,jaguar,jaguar,1,1,0,Q019::9
Part3/outputs/answers_qwen25_7b.csv,answers_qwen25_7b,Q019,J,Car brands,10,jaguar,jaguar,1,1,0,Q019::10
Part3/outputs/answers_qwen25_7b.csv,answers_qwen25_7b,Q019,J,Car brands,11,jaguar,jaguar,1,1,0,Q019::11
Part3/outputs/answers_qwen25_7b.csv,answers_qwen25_7b,Q019,J,Car brands,12,jaguar,jaguar,1,1,0,Q019::12
Part3/outputs/answers_qwen25_7b.csv,answers_qwen25_7b,Q019,J,Car brands,13,jaguar,jaguar,1,1,0,Q019::13
Part3/outputs/answers_qwen25_7b.csv,answers_qwen25_7b,Q019,J,Car brands,14,jaguar,jaguar,1,1,0,Q019::14
Part3/outputs/answers_qwen25_7b.csv,answers_qwen25_7b,Q019,J,Car brands,15,jaguar,jaguar,1,1,0,Q019::15
Part3/outputs/answers_qwen25_7b.csv,answers_qwen25_7b,Q019,J,Car brands,16,jaguar,jaguar,1,1,0,Q019::16
Part3/outputs/answers_qwen25_7b.csv,answers_qwen25_7b,Q019,J,Car brands,17,jaguar,jaguar,1,1,0,Q019::17
Part3/outputs/answers_qwen25_7b.csv,answers_qwen25_7b,Q019,J,Car brands,18,jaguar,jaguar,1,1,0,Q019::18
Part3/outputs/answers_qwen25_7b.csv,answers_qwen25_7b,Q019,J,Car brands,19,jaguar,jaguar,1,1,0,Q019::19
Part3/outputs/answers_qwen25_7b.csv,answers_qwen25_7b,Q020,J,Video game titles,0,just dance,just dance,1,0,1,Q020::0
Part3/outputs/answers_qwen25_7b.csv,answers_qwen25_7b,Q020,J,Video game titles,1,journey to the center of the earth,journey to the center of the earth,0,0,0,Q020::1
Part3/outputs/answers_qwen25_7b.csv,answers_qwen25_7b,Q020,J,Video game titles,2,just dance,just dance,1,0,1,Q020::2
Part3/outputs/answers_qwen25_7b.csv,answers_qwen25_7b,Q020,J,Video game titles,3,journey to the center of the earth,journey to the center of the earth,0,0,0,Q020::3
Part3/outputs/answers_qwen25_7b.csv,answers_qwen25_7b,Q020,J,Video game titles,4,joust,joust,1,0,1,Q020::4
Part3/outputs/answers_qwen25_7b.csv,answers_qwen25_7b,Q020,J,Video game titles,5,jungle speed,jungle speed,0,0,0,Q020::5
Part3/outputs/answers_qwen25_7b.csv,answers_qwen25_7b,Q020,J,Video game titles,6,jungle hunt,jungle hunt,1,0,1,Q020::6
Part3/outputs/answers_qwen25_7b.csv,answers_qwen25_7b,Q020,J,Video game titles,7,just dance,just dance,1,0,1,Q020::7
Part3/outputs/answers_qwen25_7b.csv,answers_qwen25_7b,Q020,J,Video game titles,8,just dance,just dance,1,0,1,Q020::8
Part3/outputs/answers_qwen25_7b.csv,answers_qwen25_7b,Q020,J,Video game titles,9,journey to the center,journey to the center,0,0,0,Q020::9
Part3/outputs/answers_qwen25_7b.csv,answers_qwen25_7b,Q020,J,Video game titles,10,jungle hunt,jungle hunt,1,0,1,Q020::10
Part3/outputs/answers_qwen25_7b.csv,answers_qwen25_7b,Q020,J,Video game titles,11,just dance,just dance,1,0,1,Q020::11
Part3/outputs/answers_qwen25_7b.csv,answers_qwen25_7b,Q020,J,Video game titles,12,just dance,just dance,1,0,1,Q020::12
Part3/outputs/answers_qwen25_7b.csv,answers_qwen25_7b,Q020,J,Video game titles,13,journeyışıl,journeyışıl,0,0,0,Q020::13
Part3/outputs/answers_qwen25_7b.csv,answers_qwen25_7b,Q020,J,Video game titles,14,jungle hunt,jungle hunt,1,0,1,Q020::14
Part3/outputs/answers_qwen25_7b.csv,answers_qwen25_7b,Q020,J,Video game titles,15,just dance,just dance,1,0,1,Q020::15
Part3/outputs/answers_qwen25_7b.csv,answers_qwen25_7b,Q020,J,Video game titles,16,just dance,just dance,1,0,1,Q020::16
Part3/outputs/answers_qwen25_7b.csv,answers_qwen25_7b,Q020,J,Video game titles,17,just dance,just dance,1,0,1,Q020::17
Part3/outputs/answers_qwen25_7b.csv,answers_qwen25_7b,Q020,J,Video game titles,18,jousting champions,jousting champions,0,0,0,Q020::18
Part3/outputs/answers_qwen25_7b.csv,answers_qwen25_7b,Q020,J,Video game titles,19,journey to the center,journey to the center,0,0,0,Q020::19
Part3/outputs/answers_qwen25_7b.csv,answers_qwen25_7b,Q021,K,Superheroes,0,king kong,king kong,0,0,0,Q021::0
Part3/outputs/answers_qwen25_7b.csv,answers_qwen25_7b,Q021,K,Superheroes,1,kal-el,kal-el,1,0,1,Q021::1
Part3/outputs/answers_qwen25_7b.csv,answers_qwen25_7b,Q021,K,Superheroes,2,king kong,king kong,0,0,0,Q021::2
Part3/outputs/answers_qwen25_7b.csv,answers_qwen25_7b,Q021,K,Superheroes,3,kal-el,kal-el,1,0,1,Q021::3
Part3/outputs/answers_qwen25_7b.csv,answers_qwen25_7b,Q021,K,Superheroes,4,king kong,king kong,0,0,0,Q021::4
Part3/outputs/answers_qwen25_7b.csv,answers_qwen25_7b,Q021,K,Superheroes,5,kal-el,kal-el,1,0,1,Q021::5
Part3/outputs/answers_qwen25_7b.csv,answers_qwen25_7b,Q021,K,Superheroes,6,kal-el,kal-el,1,0,1,Q021::6
Part3/outputs/answers_qwen25_7b.csv,answers_qwen25_7b,Q021,K,Superheroes,7,king kong,king kong,0,0,0,Q021::7
Part3/outputs/answers_qwen25_7b.csv,answers_qwen25_7b,Q021,K,Superheroes,8,kal-eldar,kal-eldar,0,0,0,Q021::8
Part3/outputs/answers_qwen25_7b.csv,answers_qwen25_7b,Q021,K,Superheroes,9,kal-el,kal-el,1,0,1,Q021::9
Part3/outputs/answers_qwen25_7b.csv,answers_qwen25_7b,Q021,K,Superheroes,10,kal-el,kal-el,1,0,1,Q021::10
Part3/outputs/answers_qwen25_7b.csv,answers_qwen25_7b,Q021,K,Superheroes,11,kal-el,kal-el,1,0,1,Q021::11
Part3/outputs/answers_qwen25_7b.csv,answers_qwen25_7b,Q021,K,Superheroes,12,kal-el,kal-el,1,0,1,Q021::12
Part3/outputs/answers_qwen25_7b.csv,answers_qwen25_7b,Q021,K,Superheroes,13,kal-el,kal-el,1,0,1,Q021::13
Part3/outputs/answers_qwen25_7b.csv,answers_qwen25_7b,Q021,K,Superheroes,14,iron man,iron man,0,0,0,Q021::14
Part3/outputs/answers_qwen25_7b.csv,answers_qwen25_7b,Q021,K,Superheroes,15,kal-el,kal-el,1,0,1,Q021::15
Part3/outputs/answers_qwen25_7b.csv,answers_qwen25_7b,Q021,K,Superheroes,16,king kong,king kong,0,0,0,Q021::16
Part3/outputs/answers_qwen25_7b.csv,answers_qwen25_7b,Q021,K,Superheroes,17,kal--el,kal--el,1,0,1,Q021::17
Part3/outputs/answers_qwen25_7b.csv,answers_qwen25_7b,Q021,K,Superheroes,18,king kong,king kong,0,0,0,Q021::18
Part3/outputs/answers_qwen25_7b.csv,answers_qwen25_7b,Q021,K,Superheroes,19,kal-el,kal-el,1,0,1,Q021::19
Part3/outputs/answers_qwen25_7b.csv,answers_qwen25_7b,Q022,K,Things in a grocery store,0,kiwi,kiwi,1,0,1,Q022::0
Part3/outputs/answers_qwen25_7b.csv,answers_qwen25_7b,Q022,K,Things in a grocery store,1,ketchup,ketchup,1,1,0,Q022::1
Part3/outputs/answers_qwen25_7b.csv,answers_qwen25_7b,Q022,K,Things in a grocery store,2,ketchup,ketchup,1,1,0,Q022::2
Part3/outputs/answers_qwen25_7b.csv,answers_qwen25_7b,Q022,K,Things in a grocery store,3,kiwi,kiwi,1,0,1,Q022::3
Part3/outputs/answers_qwen25_7b.csv,answers_qwen25_7b,Q022,K,Things in a grocery store,4,kiwi,kiwi,1,0,1,Q022::4
Part3/outputs/answers_qwen25_7b.csv,answers_qwen25_7b,Q022,K,Things in a grocery store,5,ketchup,ketchup,1,1,0,Q022::5
Part3/outputs/answers_qwen25_7b.csv,answers_qwen25_7b,Q022,K,Things in a grocery store,6,kiwi,kiwi,1,0,1,Q022::6
Part3/outputs/answers_qwen25_7b.csv,answers_qwen25_7b,Q022,K,Things in a grocery store,7,kiwi,kiwi,1,0,1,Q022::7
Part3/outputs/answers_qwen25_7b.csv,answers_qwen25_7b,Q022,K,Things in a grocery store,8,kiwi,kiwi,1,0,1,Q022::8
Part3/outputs/answers_qwen25_7b.csv,answers_qwen25_7b,Q022,K,Things in a grocery store,9,kiwi,kiwi,1,0,1,Q022::9
Part3/outputs/answers_qwen25_7b.csv,answers_qwen25_7b,Q022,K,Things in a grocery store,10,kiwi,kiwi,1,0,1,Q022::10
Part3/outputs/answers_qwen25_7b.csv,answers_qwen25_7b,Q022,K,Things in a grocery store,11,kiwi,kiwi,1,0,1,Q022::11
Part3/outputs/answers_qwen25_7b.csv,answers_qwen25_7b,Q022,K,Things in a grocery store,12,kiwi,kiwi,1,0,1,Q022::12
Part3/outputs/answers_qwen25_7b.csv,answers_qwen25_7b,Q022,K,Things in a grocery store,13,ketchup,ketchup,1,1,0,Q022::13
Part3/outputs/answers_qwen25_7b.csv,answers_qwen25_7b,Q022,K,Things in a grocery store,14,kiwi,kiwi,1,0,1,Q022::14
Part3/outputs/answers_qwen25_7b.csv,answers_qwen25_7b,Q022,K,Things in a grocery store,15,kiwi,kiwi,1,0,1,Q022::15
Part3/outputs/answers_qwen25_7b.csv,answers_qwen25_7b,Q022,K,Things in a grocery store,16,kiwi,kiwi,1,0,1,Q022::16
Part3/outputs/answers_qwen25_7b.csv,answers_qwen25_7b,Q022,K,Things in a grocery store,17,ketchup,ketchup,1,1,0,Q022::17
Part3/outputs/answers_qwen25_7b.csv,answers_qwen25_7b,Q022,K,Things in a grocery store,18,kiwi,kiwi,1,0,1,Q022::18
Part3/outputs/answers_qwen25_7b.csv,answers_qwen25_7b,Q022,K,Things in a grocery store,19,kiwi,kiwi,1,1,0,Q022::19
Part3/outputs/answers_qwen25_7b.csv,answers_qwen25_7b,Q023,L,Dog breeds,0,labrador retriever,labrador retriever,1,0,1,Q023::0
Part3/outputs/answers_qwen25_7b.csv,answers_qwen25_7b,Q023,L,Dog breeds,1,labrador retriever,labrador retriever,1,0,1,Q023::1
Part3/outputs/answers_qwen25_7b.csv,answers_qwen25_7b,Q023,L,Dog breeds,2,labrador retriever,labrador retriever,1,0,1,Q023::2
Part3/outputs/answers_qwen25_7b.csv,answers_qwen25_7b,Q023,L,Dog breeds,3,labrador retriever,labrador retriever,1,0,1,Q023::3
Part3/outputs/answers_qwen25_7b.csv,answers_qwen25_7b,Q023,L,Dog breeds,4,labrador retriever,labrador retriever,1,0,1,Q023::4
Part3/outputs/answers_qwen25_7b.csv,answers_qwen25_7b,Q023,L,Dog breeds,5,labrador retriever,labrador retriever,1,0,1,Q023::5
Part3/outputs/answers_qwen25_7b.csv,answers_qwen25_7b,Q023,L,Dog breeds,6,labrador retriever,labrador retriever,1,0,1,Q023::6
Part3/outputs/answers_qwen25_7b.csv,answers_qwen25_7b,Q023,L,Dog breeds,7,labrador retriever,labrador retriever,1,0,1,Q023::7
Part3/outputs/answers_qwen25_7b.csv,answers_qwen25_7b,Q023,L,Dog breeds,8,labrador retriever,labrador retriever,1,1,0,Q023::8
Part3/outputs/answers_qwen25_7b.csv,answers_qwen25_7b,Q023,L,Dog breeds,9,labrador retriever,labrador retriever,1,0,1,Q023::9
Part3/outputs/answers_qwen25_7b.csv,answers_qwen25_7b,Q023,L,Dog breeds,10,labrador retriever,labrador retriever,1,0,1,Q023::10
Part3/outputs/answers_qwen25_7b.csv,answers_qwen25_7b,Q023,L,Dog breeds,11,labrador retriever,labrador retriever,1,0,1,Q023::11
Part3/outputs/answers_qwen25_7b.csv,answers_qwen25_7b,Q023,L,Dog breeds,12,labrador retriever,labrador retriever,1,0,1,Q023::12
Part3/outputs/answers_qwen25_7b.csv,answers_qwen25_7b,Q023,L,Dog breeds,13,labrador retriever,labrador retriever,1,0,1,Q023::13
Part3/outputs/answers_qwen25_7b.csv,answers_qwen25_7b,Q023,L,Dog breeds,14,labrador retriever,labrador retriever,1,1,0,Q023::14
Part3/outputs/answers_qwen25_7b.csv,answers_qwen25_7b,Q023,L,Dog breeds,15,labrador retriever,labrador retriever,1,0,1,Q023::15
Part3/outputs/answers_qwen25_7b.csv,answers_qwen25_7b,Q023,L,Dog breeds,16,labrador retriever,labrador retriever,1,0,1,Q023::16
Part3/outputs/answers_qwen25_7b.csv,answers_qwen25_7b,Q023,L,Dog breeds,17,labrador retriever,labrador retriever,1,0,1,Q023::17
Part3/outputs/answers_qwen25_7b.csv,answers_qwen25_7b,Q023,L,Dog breeds,18,labrador retriever,labrador retriever,1,1,0,Q023::18
Part3/outputs/answers_qwen25_7b.csv,answers_qwen25_7b,Q023,L,Dog breeds,19,labrador retriever,labrador retriever,1,0,1,Q023::19
Part3/outputs/answers_qwen25_7b.csv,answers_qwen25_7b,Q024,L,Books,0,lord of the rings,lord of the rings,1,1,0,Q024::0
Part3/outputs/answers_qwen25_7b.csv,answers_qwen25_7b,Q024,L,Books,1,lord of the rings,lord of the rings,1,1,0,Q024::1
Part3/outputs/answers_qwen25_7b.csv,answers_qwen25_7b,Q024,L,Books,2,lord of the flies,lord of the flies,1,0,1,Q024::2
Part3/outputs/answers_qwen25_7b.csv,answers_qwen25_7b,Q024,L,Books,3,lord of the rings,lord of the rings,1,1,0,Q024::3
Part3/outputs/answers_qwen25_7b.csv,answers_qwen25_7b,Q024,L,Books,4,lord of the rings,lord of the rings,1,1,0,Q024::4
Part3/outputs/answers_qwen25_7b.csv,answers_qwen25_7b,Q024,L,Books,5,lord of the rings,lord of the rings,1,1,0,Q024::5
Part3/outputs/answers_qwen25_7b.csv,answers_qwen25_7b,Q024,L,Books,6,lord of the flies,lord of the flies,1,0,1,Q024::6
Part3/outputs/answers_qwen25_7b.csv,answers_qwen25_7b,Q024,L,Books,7,lord of the rings,lord of the rings,1,1,0,Q024::7
Part3/outputs/answers_qwen25_7b.csv,answers_qwen25_7b,Q024,L,Books,8,lord of the rings,lord of the rings,1,1,0,Q024::8
Part3/outputs/answers_qwen25_7b.csv,answers_qwen25_7b,Q024,L,Books,9,lord of the rings,lord of the rings,1,0,1,Q024::9
Part3/outputs/answers_qwen25_7b.csv,answers_qwen25_7b,Q024,L,Books,10,lizenzia,lizenzia,0,0,0,Q024::10
Part3/outputs/answers_qwen25_7b.csv,answers_qwen25_7b,Q024,L,Books,11,lord of the flies,lord of the flies,1,0,1,Q024::11
Part3/outputs/answers_qwen25_7b.csv,answers_qwen25_7b,Q024,L,Books,12,lord of the rings,lord of the rings,1,1,0,Q024::12
Part3/outputs/answers_qwen25_7b.csv,answers_qwen25_7b,Q024,L,Books,13,lord of the rings,lord of the rings,1,1,0,Q024::13
Part3/outputs/answers_qwen25_7b.csv,answers_qwen25_7b,Q024,L,Books,14,lord of the rings,lord of the rings,1,1,0,Q024::14
Part3/outputs/answers_qwen25_7b.csv,answers_qwen25_7b,Q024,L,Books,15,lord of the rings,lord of the rings,1,1,0,Q024::15
Part3/outputs/answers_qwen25_7b.csv,answers_qwen25_7b,Q024,L,Books,16,lord of the rings,lord of the rings,1,1,0,Q024::16
Part3/outputs/answers_qwen25_7b.csv,answers_qwen25_7b,Q024,L,Books,17,lord of the rings,lord of the rings,1,0,1,Q024::17
Part3/outputs/answers_qwen25_7b.csv,answers_qwen25_7b,Q024,L,Books,18,lord of the flies,lord of the flies,1,0,1,Q024::18
Part3/outputs/answers_qwen25_7b.csv,answers_qwen25_7b,Q024,L,Books,19,lord of the rings,lord of the rings,1,1,0,Q024::19
Part3/outputs/answers_qwen25_7b.csv,answers_qwen25_7b,Q025,M,Languages,0,mongolian,mongolian,1,0,1,Q025::0
Part3/outputs/answers_qwen25_7b.csv,answers_qwen25_7b,Q025,M,Languages,1,mongolian,mongolian,1,0,1,Q025::1
Part3/outputs/answers_qwen25_7b.csv,answers_qwen25_7b,Q025,M,Languages,2,mandarin,mandarin,1,1,0,Q025::2
Part3/outputs/answers_qwen25_7b.csv,answers_qwen25_7b,Q025,M,Languages,3,spanish,spanish,0,0,0,Q025::3
Part3/outputs/answers_qwen25_7b.csv,answers_qwen25_7b,Q025,M,Languages,4,spanish,spanish,0,0,0,Q025::4
Part3/outputs/answers_qwen25_7b.csv,answers_qwen25_7b,Q025,M,Languages,5,mandarin,mandarin,1,0,1,Q025::5
Part3/outputs/answers_qwen25_7b.csv,answers_qwen25_7b,Q025,M,Languages,6,mandarin,mandarin,1,0,1,Q025::6
Part3/outputs/answers_qwen25_7b.csv,answers_qwen25_7b,Q025,M,Languages,7,mandarin,mandarin,1,0,1,Q025::7
Part3/outputs/answers_qwen25_7b.csv,answers_qwen25_7b,Q025,M,Languages,8,mongolian,mongolian,1,0,1,Q025::8
Part3/outputs/answers_qwen25_7b.csv,answers_qwen25_7b,Q025,M,Languages,9,spanish,spanish,0,0,0,Q025::9
Part3/outputs/answers_qwen25_7b.csv,answers_qwen25_7b,Q025,M,Languages,10,mongolian,mongolian,1,0,1,Q025::10
Part3/outputs/answers_qwen25_7b.csv,answers_qwen25_7b,Q025,M,Languages,11,mongolian,mongolian,1,0,1,Q025::11
Part3/outputs/answers_qwen25_7b.csv,answers_qwen25_7b,Q025,M,Languages,12,spanish,spanish,0,0,0,Q025::12
Part3/outputs/answers_qwen25_7b.csv,answers_qwen25_7b,Q025,M,Languages,13,mandarin,mandarin,1,0,1,Q025::13
Part3/outputs/answers_qwen25_7b.csv,answers_qwen25_7b,Q025,M,Languages,14,spanish,spanish,0,0,0,Q025::14
Part3/outputs/answers_qwen25_7b.csv,answers_qwen25_7b,Q025,M,Languages,15,mandarin,mandarin,1,0,1,Q025::15
Part3/outputs/answers_qwen25_7b.csv,answers_qwen25_7b,Q025,M,Languages,16,mongolian,mongolian,1,0,1,Q025::16
Part3/outputs/answers_qwen25_7b.csv,answers_qwen25_7b,Q025,M,Languages,17,mongolian,mongolian,1,0,1,Q025::17
Part3/outputs/answers_qwen25_7b.csv,answers_qwen25_7b,Q025,M,Languages,18,mandarin,mandarin,1,0,1,Q025::18
Part3/outputs/answers_qwen25_7b.csv,answers_qwen25_7b,Q025,M,Languages,19,mongolian,mongolian,1,1,0,Q025::19
Part3/outputs/answers_qwen25_7b.csv,answers_qwen25_7b,Q026,M,Clothing items,0,shirt,shirt,0,0,0,Q026::0
Part3/outputs/answers_qwen25_7b.csv,answers_qwen25_7b,Q026,M,Clothing items,1,mug,mug,0,0,0,Q026::1
Part3/outputs/answers_qwen25_7b.csv,answers_qwen25_7b,Q026,M,Clothing items,2,muffin,muffin,0,0,0,Q026::2
Part3/outputs/answers_qwen25_7b.csv,answers_qwen25_7b,Q026,M,Clothing items,3,mug,mug,0,0,0,Q026::3
Part3/outputs/answers_qwen25_7b.csv,answers_qwen25_7b,Q026,M,Clothing items,4,mug,mug,0,0,0,Q026::4
Part3/outputs/answers_qwen25_7b.csv,answers_qwen25_7b,Q026,M,Clothing items,5,mug,mug,0,0,0,Q026::5
Part3/outputs/answers_qwen25_7b.csv,answers_qwen25_7b,Q026,M,Clothing items,6,t-shirt,t-shirt,0,0,0,Q026::6
Part3/outputs/answers_qwen25_7b.csv,answers_qwen25_7b,Q026,M,Clothing items,7,mittens,mittens,1,0,1,Q026::7
Part3/outputs/answers_qwen25_7b.csv,answers_qwen25_7b,Q026,M,Clothing items,8,muffin,muffin,0,0,0,Q026::8
Part3/outputs/answers_qwen25_7b.csv,answers_qwen25_7b,Q026,M,Clothing items,9,muffin,muffin,0,0,0,Q026::9
Part3/outputs/answers_qwen25_7b.csv,answers_qwen25_7b,Q026,M,Clothing items,10,man's shirt,man's shirt,0,0,0,Q026::10
Part3/outputs/answers_qwen25_7b.csv,answers_qwen25_7b,Q026,M,Clothing items,11,mug,mug,0,0,0,Q026::11
Part3/outputs/answers_qwen25_7b.csv,answers_qwen25_7b,Q026,M,Clothing items,12,manchester,manchester,0,0,0,Q026::12
Part3/outputs/answers_qwen25_7b.csv,answers_qwen25_7b,Q026,M,Clothing items,13,mug,mug,0,0,0,Q026::13
Part3/outputs/answers_qwen25_7b.csv,answers_qwen25_7b,Q026,M,Clothing items,14,man's shirt,man's shirt,0,0,0,Q026::14
Part3/outputs/answers_qwen25_7b.csv,answers_qwen25_7b,Q026,M,Clothing items,15,mug,mug,0,0,0,Q026::15
Part3/outputs/answers_qwen25_7b.csv,answers_qwen25_7b,Q026,M,Clothing items,16,mug,mug,0,0,0,Q026::16
Part3/outputs/answers_qwen25_7b.csv,answers_qwen25_7b,Q026,M,Clothing items,17,mittens,mittens,1,0,1,Q026::17
Part3/outputs/answers_qwen25_7b.csv,answers_qwen25_7b,Q026,M,Clothing items,18,mug,mug,0,0,0,Q026::18
Part3/outputs/answers_qwen25_7b.csv,answers_qwen25_7b,Q026,M,Clothing items,19,mug,mug,0,0,0,Q026::19
Part3/outputs/answers_qwen25_7b.csv,answers_qwen25_7b,Q027,N,Birds,0,nightingale,nightingale,1,0,1,Q027::0
Part3/outputs/answers_qwen25_7b.csv,answers_qwen25_7b,Q027,N,Birds,1,nightingale,nightingale,1,1,0,Q027::1
Part3/outputs/answers_qwen25_7b.csv,answers_qwen25_7b,Q027,N,Birds,2,northern flicker,northern flicker,1,1,0,Q027::2
Part3/outputs/answers_qwen25_7b.csv,answers_qwen25_7b,Q027,N,Birds,3,norwegian blue,norwegian blue,0,0,0,Q027::3
Part3/outputs/answers_qwen25_7b.csv,answers_qwen25_7b,Q027,N,Birds,4,norwegian blue,norwegian blue,0,0,0,Q027::4
Part3/outputs/answers_qwen25_7b.csv,answers_qwen25_7b,Q027,N,Birds,5,northwestern crow,northwestern crow,1,0,1,Q027::5
Part3/outputs/answers_qwen25_7b.csv,answers_qwen25_7b,Q027,N,Birds,6,nightingale,nightingale,1,0,1,Q027::6
Part3/outputs/answers_qwen25_7b.csv,answers_qwen25_7b,Q027,N,Birds,7,nightingale,nightingale,1,0,1,Q027::7
Part3/outputs/answers_qwen25_7b.csv,answers_qwen25_7b,Q027,N,Birds,8,nightingale,nightingale,1,0,1,Q027::8
Part3/outputs/answers_qwen25_7b.csv,answers_qwen25_7b,Q027,N,Birds,9,nightingale,nightingale,1,0,1,Q027::9
Part3/outputs/answers_qwen25_7b.csv,answers_qwen25_7b,Q027,N,Birds,10,nightingale,nightingale,1,0,1,Q027::10
Part3/outputs/answers_qwen25_7b.csv,answers_qwen25_7b,Q027,N,Birds,11,norwegian blue,norwegian blue,0,0,0,Q027::11
Part3/outputs/answers_qwen25_7b.csv,answers_qwen25_7b,Q027,N,Birds,12,norwegian blue,norwegian blue,0,0,0,Q027::12
Part3/outputs/answers_qwen25_7b.csv,answers_qwen25_7b,Q027,N,Birds,13,nightingale,nightingale,1,0,1,Q027::13
Part3/outputs/answers_qwen25_7b.csv,answers_qwen25_7b,Q027,N,Birds,14,nightingale,nightingale,1,0,1,Q027::14
Part3/outputs/answers_qwen25_7b.csv,answers_qwen25_7b,Q027,N,Birds,15,nightingale,nightingale,1,0,1,Q027::15
Part3/outputs/answers_qwen25_7b.csv,answers_qwen25_7b,Q027,N,Birds,16,nightingale,nightingale,1,0,1,Q027::16
Part3/outputs/answers_qwen25_7b.csv,answers_qwen25_7b,Q027,N,Birds,17,nightingale,nightingale,1,0,1,Q027::17
Part3/outputs/answers_qwen25_7b.csv,answers_qwen25_7b,Q027,N,Birds,18,nightingale,nightingale,1,0,1,Q027::18
Part3/outputs/answers_qwen25_7b.csv,answers_qwen25_7b,Q027,N,Birds,19,nightingale,nightingale,1,0,1,Q027::19
Part3/outputs/answers_qwen25_7b.csv,answers_qwen25_7b,Q028,N,Things in a hospital,0,nurse,nurse,1,1,0,Q028::0
Part3/outputs/answers_qwen25_7b.csv,answers_qwen25_7b,Q028,N,Things in a hospital,1,nurse,nurse,1,0,1,Q028::1
Part3/outputs/answers_qwen25_7b.csv,answers_qwen25_7b,Q028,N,Things in a hospital,2,nurse,nurse,1,1,0,Q028::2
Part3/outputs/answers_qwen25_7b.csv,answers_qwen25_7b,Q028,N,Things in a hospital,3,nurse,nurse,1,1,0,Q028::3
Part3/outputs/answers_qwen25_7b.csv,answers_qwen25_7b,Q028,N,Things in a hospital,4,nurse,nurse,1,1,0,Q028::4
Part3/outputs/answers_qwen25_7b.csv,answers_qwen25_7b,Q028,N,Things in a hospital,5,nurse,nurse,1,1,0,Q028::5
Part3/outputs/answers_qwen25_7b.csv,answers_qwen25_7b,Q028,N,Things in a hospital,6,nurse,nurse,1,1,0,Q028::6
Part3/outputs/answers_qwen25_7b.csv,answers_qwen25_7b,Q028,N,Things in a hospital,7,nurse,nurse,1,1,0,Q028::7
Part3/outputs/answers_qwen25_7b.csv,answers_qwen25_7b,Q028,N,Things in a hospital,8,nurse,nurse,1,1,0,Q028::8
Part3/outputs/answers_qwen25_7b.csv,answers_qwen25_7b,Q028,N,Things in a hospital,9,nurse,nurse,1,0,1,Q028::9
Part3/outputs/answers_qwen25_7b.csv,answers_qwen25_7b,Q028,N,Things in a hospital,10,nurse,nurse,1,1,0,Q028::10
Part3/outputs/answers_qwen25_7b.csv,answers_qwen25_7b,Q028,N,Things in a hospital,11,nurse,nurse,1,1,0,Q028::11
Part3/outputs/answers_qwen25_7b.csv,answers_qwen25_7b,Q028,N,Things in a hospital,12,nurse,nurse,1,1,0,Q028::12
Part3/outputs/answers_qwen25_7b.csv,answers_qwen25_7b,Q028,N,Things in a hospital,13,nurse,nurse,1,1,0,Q028::13
Part3/outputs/answers_qwen25_7b.csv,answers_qwen25_7b,Q028,N,Things in a hospital,14,nurse,nurse,1,1,0,Q028::14
Part3/outputs/answers_qwen25_7b.csv,answers_qwen25_7b,Q028,N,Things in a hospital,15,nurse,nurse,1,0,1,Q028::15
Part3/outputs/answers_qwen25_7b.csv,answers_qwen25_7b,Q028,N,Things in a hospital,16,nurse,nurse,1,1,0,Q028::16
Part3/outputs/answers_qwen25_7b.csv,answers_qwen25_7b,Q028,N,Things in a hospital,17,nurse,nurse,1,0,1,Q028::17
Part3/outputs/answers_qwen25_7b.csv,answers_qwen25_7b,Q028,N,Things in a hospital,18,nurse,nurse,1,1,0,Q028::18
Part3/outputs/answers_qwen25_7b.csv,answers_qwen25_7b,Q028,N,Things in a hospital,19,nurse,nurse,1,1,0,Q028::19
Part3/outputs/answers_qwen25_7b.csv,answers_qwen25_7b,Q029,O,Companies,0,oracle,oracle,1,0,1,Q029::0
Part3/outputs/answers_qwen25_7b.csv,answers_qwen25_7b,Q029,O,Companies,1,oracle,oracle,1,0,1,Q029::1
Part3/outputs/answers_qwen25_7b.csv,answers_qwen25_7b,Q029,O,Companies,2,office depot,office depot,1,0,1,Q029::2
Part3/outputs/answers_qwen25_7b.csv,answers_qwen25_7b,Q029,O,Companies,3,oracle,oracle,1,0,1,Q029::3
Part3/outputs/answers_qwen25_7b.csv,answers_qwen25_7b,Q029,O,Companies,4,oracle,oracle,1,0,1,Q029::4
Part3/outputs/answers_qwen25_7b.csv,answers_qwen25_7b,Q029,O,Companies,5,oracle,oracle,1,0,1,Q029::5
Part3/outputs/answers_qwen25_7b.csv,answers_qwen25_7b,Q029,O,Companies,6,oracle,oracle,1,0,1,Q029::6
Part3/outputs/answers_qwen25_7b.csv,answers_qwen25_7b,Q029,O,Companies,7,oracle,oracle,1,0,1,Q029::7
Part3/outputs/answers_qwen25_7b.csv,answers_qwen25_7b,Q029,O,Companies,8,oracle,oracle,1,0,1,Q029::8
Part3/outputs/answers_qwen25_7b.csv,answers_qwen25_7b,Q029,O,Companies,9,oracle,oracle,1,0,1,Q029::9
Part3/outputs/answers_qwen25_7b.csv,answers_qwen25_7b,Q029,O,Companies,10,office depot,office depot,1,0,1,Q029::10
Part3/outputs/answers_qwen25_7b.csv,answers_qwen25_7b,Q029,O,Companies,11,oracle,oracle,1,0,1,Q029::11
Part3/outputs/answers_qwen25_7b.csv,answers_qwen25_7b,Q029,O,Companies,12,oracle,oracle,1,0,1,Q029::12
Part3/outputs/answers_qwen25_7b.csv,answers_qwen25_7b,Q029,O,Companies,13,office depot,office depot,1,0,1,Q029::13
Part3/outputs/answers_qwen25_7b.csv,answers_qwen25_7b,Q029,O,Companies,14,oracle,oracle,1,0,1,Q029::14
Part3/outputs/answers_qwen25_7b.csv,answers_qwen25_7b,Q029,O,Companies,15,oracle,oracle,1,0,1,Q029::15
Part3/outputs/answers_qwen25_7b.csv,answers_qwen25_7b,Q029,O,Companies,16,oracle,oracle,1,0,1,Q029::16
Part3/outputs/answers_qwen25_7b.csv,answers_qwen25_7b,Q029,O,Companies,17,oracle,oracle,1,0,1,Q029::17
Part3/outputs/answers_qwen25_7b.csv,answers_qwen25_7b,Q029,O,Companies,18,oracle,oracle,1,0,1,Q029::18
Part3/outputs/answers_qwen25_7b.csv,answers_qwen25_7b,Q029,O,Companies,19,oracle,oracle,1,0,1,Q029::19
Part3/outputs/answers_qwen25_7b.csv,answers_qwen25_7b,Q030,O,Things in the sky,0,clouds,clouds,0,0,0,Q030::0
Part3/outputs/answers_qwen25_7b.csv,answers_qwen25_7b,Q030,O,Things in the sky,1,cloud,cloud,0,0,0,Q030::1
Part3/outputs/answers_qwen25_7b.csv,answers_qwen25_7b,Q030,O,Things in the sky,2,clouds,clouds,0,0,0,Q030::2
Part3/outputs/answers_qwen25_7b.csv,answers_qwen25_7b,Q030,O,Things in the sky,3,cloud,cloud,0,0,0,Q030::3
Part3/outputs/answers_qwen25_7b.csv,answers_qwen25_7b,Q030,O,Things in the sky,4,cloud,cloud,0,0,0,Q030::4
Part3/outputs/answers_qwen25_7b.csv,answers_qwen25_7b,Q030,O,Things in the sky,5,clouds,clouds,0,0,0,Q030::5
Part3/outputs/answers_qwen25_7b.csv,answers_qwen25_7b,Q030,O,Things in the sky,6,clouds,clouds,0,0,0,Q030::6
Part3/outputs/answers_qwen25_7b.csv,answers_qwen25_7b,Q030,O,Things in the sky,7,clouds,clouds,0,0,0,Q030::7
Part3/outputs/answers_qwen25_7b.csv,answers_qwen25_7b,Q030,O,Things in the sky,8,cloud,cloud,0,0,0,Q030::8
Part3/outputs/answers_qwen25_7b.csv,answers_qwen25_7b,Q030,O,Things in the sky,9,cloud,cloud,0,0,0,Q030::9
Part3/outputs/answers_qwen25_7b.csv,answers_qwen25_7b,Q030,O,Things in the sky,10,cloud,cloud,0,0,0,Q030::10
Part3/outputs/answers_qwen25_7b.csv,answers_qwen25_7b,Q030,O,Things in the sky,11,clouds,clouds,0,0,0,Q030::11
Part3/outputs/answers_qwen25_7b.csv,answers_qwen25_7b,Q030,O,Things in the sky,12,clouds,clouds,0,0,0,Q030::12
Part3/outputs/answers_qwen25_7b.csv,answers_qwen25_7b,Q030,O,Things in the sky,13,cloud,cloud,0,0,0,Q030::13
Part3/outputs/answers_qwen25_7b.csv,answers_qwen25_7b,Q030,O,Things in the sky,14,clouds,clouds,0,0,0,Q030::14
Part3/outputs/answers_qwen25_7b.csv,answers_qwen25_7b,Q030,O,Things in the sky,15,cloud,cloud,0,0,0,Q030::15
Part3/outputs/answers_qwen25_7b.csv,answers_qwen25_7b,Q030,O,Things in the sky,16,clouds,clouds,0,0,0,Q030::16
Part3/outputs/answers_qwen25_7b.csv,answers_qwen25_7b,Q030,O,Things in the sky,17,cloud,cloud,0,0,0,Q030::17
Part3/outputs/answers_qwen25_7b.csv,answers_qwen25_7b,Q030,O,Things in the sky,18,cloud,cloud,0,0,0,Q030::18
Part3/outputs/answers_qwen25_7b.csv,answers_qwen25_7b,Q030,O,Things in the sky,19,cloud,cloud,0,0,0,Q030::19
Part3/outputs/answers_qwen25_7b.csv,answers_qwen25_7b,Q031,P,Vegetables,0,potato,potato,1,1,0,Q031::0
Part3/outputs/answers_qwen25_7b.csv,answers_qwen25_7b,Q031,P,Vegetables,1,potato,potato,1,0,1,Q031::1
Part3/outputs/answers_qwen25_7b.csv,answers_qwen25_7b,Q031,P,Vegetables,2,potato,potato,1,1,0,Q031::2
Part3/outputs/answers_qwen25_7b.csv,answers_qwen25_7b,Q031,P,Vegetables,3,potato,potato,1,1,0,Q031::3
Part3/outputs/answers_qwen25_7b.csv,answers_qwen25_7b,Q031,P,Vegetables,4,pepper,pepper,1,0,1,Q031::4
Part3/outputs/answers_qwen25_7b.csv,answers_qwen25_7b,Q031,P,Vegetables,5,pepper,pepper,1,0,1,Q031::5
Part3/outputs/answers_qwen25_7b.csv,answers_qwen25_7b,Q031,P,Vegetables,6,potato,potato,1,0,1,Q031::6
Part3/outputs/answers_qwen25_7b.csv,answers_qwen25_7b,Q031,P,Vegetables,7,potato,potato,1,0,1,Q031::7
Part3/outputs/answers_qwen25_7b.csv,answers_qwen25_7b,Q031,P,Vegetables,8,potato,potato,1,0,1,Q031::8
Part3/outputs/answers_qwen25_7b.csv,answers_qwen25_7b,Q031,P,Vegetables,9,potato,potato,1,1,0,Q031::9
Part3/outputs/answers_qwen25_7b.csv,answers_qwen25_7b,Q031,P,Vegetables,10,potato,potato,1,0,1,Q031::10
Part3/outputs/answers_qwen25_7b.csv,answers_qwen25_7b,Q031,P,Vegetables,11,pepper,pepper,1,0,1,Q031::11
Part3/outputs/answers_qwen25_7b.csv,answers_qwen25_7b,Q031,P,Vegetables,12,potato,potato,1,1,0,Q031::12
Part3/outputs/answers_qwen25_7b.csv,answers_qwen25_7b,Q031,P,Vegetables,13,potato,potato,1,0,1,Q031::13
Part3/outputs/answers_qwen25_7b.csv,answers_qwen25_7b,Q031,P,Vegetables,14,pepper,pepper,1,0,1,Q031::14
Part3/outputs/answers_qwen25_7b.csv,answers_qwen25_7b,Q031,P,Vegetables,15,potato,potato,1,0,1,Q031::15
Part3/outputs/answers_qwen25_7b.csv,answers_qwen25_7b,Q031,P,Vegetables,16,potato,potato,1,1,0,Q031::16
Part3/outputs/answers_qwen25_7b.csv,answers_qwen25_7b,Q031,P,Vegetables,17,pepper,pepper,1,0,1,Q031::17
Part3/outputs/answers_qwen25_7b.csv,answers_qwen25_7b,Q031,P,Vegetables,18,pepper,pepper,1,0,1,Q031::18
Part3/outputs/answers_qwen25_7b.csv,answers_qwen25_7b,Q031,P,Vegetables,19,potato,potato,1,0,1,Q031::19
Part3/outputs/answers_qwen25_7b.csv,answers_qwen25_7b,Q032,P,Historical figures,0,peter the great,peter the great,1,1,0,Q032::0
Part3/outputs/answers_qwen25_7b.csv,answers_qwen25_7b,Q032,P,Historical figures,1,peter the great,peter the great,1,1,0,Q032::1
Part3/outputs/answers_qwen25_7b.csv,answers_qwen25_7b,Q032,P,Historical figures,2,plato,plato,1,0,1,Q032::2
Part3/outputs/answers_qwen25_7b.csv,answers_qwen25_7b,Q032,P,Historical figures,3,peter the great,peter the great,1,1,0,Q032::3
Part3/outputs/answers_qwen25_7b.csv,answers_qwen25_7b,Q032,P,Historical figures,4,pompey,pompey,1,0,1,Q032::4
Part3/outputs/answers_qwen25_7b.csv,answers_qwen25_7b,Q032,P,Historical figures,5,peter the great,peter the great,1,1,0,Q032::5
Part3/outputs/answers_qwen25_7b.csv,answers_qwen25_7b,Q032,P,Historical figures,6,plato,plato,1,0,1,Q032::6
Part3/outputs/answers_qwen25_7b.csv,answers_qwen25_7b,Q032,P,Historical figures,7,pythagoras,pythagoras,1,0,1,Q032::7
Part3/outputs/answers_qwen25_7b.csv,answers_qwen25_7b,Q032,P,Historical figures,8,peter the great,peter the great,1,1,0,Q032::8
Part3/outputs/answers_qwen25_7b.csv,answers_qwen25_7b,Q032,P,Historical figures,9,pythagoras,pythagoras,1,0,1,Q032::9
Part3/outputs/answers_qwen25_7b.csv,answers_qwen25_7b,Q032,P,Historical figures,10,plato,plato,1,0,1,Q032::10
Part3/outputs/answers_qwen25_7b.csv,answers_qwen25_7b,Q032,P,Historical figures,11,plato,plato,1,0,1,Q032::11
Part3/outputs/answers_qwen25_7b.csv,answers_qwen25_7b,Q032,P,Historical figures,12,plato,plato,1,0,1,Q032::12
Part3/outputs/answers_qwen25_7b.csv,answers_qwen25_7b,Q032,P,Historical figures,13,peter the great,peter the great,1,1,0,Q032::13
Part3/outputs/answers_qwen25_7b.csv,answers_qwen25_7b,Q032,P,Historical figures,14,plato,plato,1,0,1,Q032::14
Part3/outputs/answers_qwen25_7b.csv,answers_qwen25_7b,Q032,P,Historical figures,15,peter the great,peter the great,1,1,0,Q032::15
Part3/outputs/answers_qwen25_7b.csv,answers_qwen25_7b,Q032,P,Historical figures,16,pompey,pompey,1,0,1,Q032::16
Part3/outputs/answers_qwen25_7b.csv,answers_qwen25_7b,Q032,P,Historical figures,17,pompey,pompey,1,0,1,Q032::17
Part3/outputs/answers_qwen25_7b.csv,answers_qwen25_7b,Q032,P,Historical figures,18,paul revere,paul revere,1,0,1,Q032::18
Part3/outputs/answers_qwen25_7b.csv,answers_qwen25_7b,Q032,P,Historical figures,19,peter the great,peter the great,1,0,1,Q032::19
Part3/outputs/answers_qwen25_7b.csv,answers_qwen25_7b,Q033,Q,Words in English,0,quilt,quilt,1,0,1,Q033::0
Part3/outputs/answers_qwen25_7b.csv,answers_qwen25_7b,Q033,Q,Words in English,1,quilt,quilt,1,0,1,Q033::1
Part3/outputs/answers_qwen25_7b.csv,answers_qwen25_7b,Q033,Q,Words in English,2,quill,quill,1,0,1,Q033::2
Part3/outputs/answers_qwen25_7b.csv,answers_qwen25_7b,Q033,Q,Words in English,3,quilt,quilt,1,0,1,Q033::3
Part3/outputs/answers_qwen25_7b.csv,answers_qwen25_7b,Q033,Q,Words in English,4,quill,quill,1,0,1,Q033::4
Part3/outputs/answers_qwen25_7b.csv,answers_qwen25_7b,Q033,Q,Words in English,5,queen,queen,1,0,1,Q033::5
Part3/outputs/answers_qwen25_7b.csv,answers_qwen25_7b,Q033,Q,Words in English,6,queen,queen,1,1,0,Q033::6
Part3/outputs/answers_qwen25_7b.csv,answers_qwen25_7b,Q033,Q,Words in English,7,quilt,quilt,1,0,1,Q033::7
Part3/outputs/answers_qwen25_7b.csv,answers_qwen25_7b,Q033,Q,Words in English,8,quilt,quilt,1,0,1,Q033::8
Part3/outputs/answers_qwen25_7b.csv,answers_qwen25_7b,Q033,Q,Words in English,9,quill,quill,1,0,1,Q033::9
Part3/outputs/answers_qwen25_7b.csv,answers_qwen25_7b,Q033,Q,Words in English,10,quilt,quilt,1,0,1,Q033::10
Part3/outputs/answers_qwen25_7b.csv,answers_qwen25_7b,Q033,Q,Words in English,11,quilt,quilt,1,0,1,Q033::11
Part3/outputs/answers_qwen25_7b.csv,answers_qwen25_7b,Q033,Q,Words in English,12,quilt,quilt,1,0,1,Q033::12
Part3/outputs/answers_qwen25_7b.csv,answers_qwen25_7b,Q033,Q,Words in English,13,quilt,quilt,1,0,1,Q033::13
Part3/outputs/answers_qwen25_7b.csv,answers_qwen25_7b,Q033,Q,Words in English,14,quartz,quartz,1,0,1,Q033::14
Part3/outputs/answers_qwen25_7b.csv,answers_qwen25_7b,Q033,Q,Words in English,15,quill,quill,1,0,1,Q033::15
Part3/outputs/answers_qwen25_7b.csv,answers_qwen25_7b,Q033,Q,Words in English,16,quilt,quilt,1,0,1,Q033::16
Part3/outputs/answers_qwen25_7b.csv,answers_qwen25_7b,Q033,Q,Words in English,17,quilt,quilt,1,0,1,Q033::17
Part3/outputs/answers_qwen25_7b.csv,answers_qwen25_7b,Q033,Q,Words in English,18,quilt,quilt,1,0,1,Q033::18
Part3/outputs/answers_qwen25_7b.csv,answers_qwen25_7b,Q033,Q,Words in English,19,quilt,quilt,1,0,1,Q033::19
Part3/outputs/answers_qwen25_7b.csv,answers_qwen25_7b,Q034,Q,Fictional characters,0,quasimodo,quasimodo,1,1,0,Q034::0
Part3/outputs/answers_qwen25_7b.csv,answers_qwen25_7b,Q034,Q,Fictional characters,1,quasimodo,quasimodo,1,0,1,Q034::1
Part3/outputs/answers_qwen25_7b.csv,answers_qwen25_7b,Q034,Q,Fictional characters,2,quasimodo,quasimodo,1,1,0,Q034::2
Part3/outputs/answers_qwen25_7b.csv,answers_qwen25_7b,Q034,Q,Fictional characters,3,quasimodo,quasimodo,1,1,0,Q034::3
Part3/outputs/answers_qwen25_7b.csv,answers_qwen25_7b,Q034,Q,Fictional characters,4,quasimodo,quasimodo,1,0,1,Q034::4
Part3/outputs/answers_qwen25_7b.csv,answers_qwen25_7b,Q034,Q,Fictional characters,5,queen,queen,0,0,0,Q034::5
Part3/outputs/answers_qwen25_7b.csv,answers_qwen25_7b,Q034,Q,Fictional characters,6,quasimodo,quasimodo,1,1,0,Q034::6
Part3/outputs/answers_qwen25_7b.csv,answers_qwen25_7b,Q034,Q,Fictional characters,7,quasimodo,quasimodo,1,1,0,Q034::7
Part3/outputs/answers_qwen25_7b.csv,answers_qwen25_7b,Q034,Q,Fictional characters,8,quasimodo,quasimodo,1,0,1,Q034::8
Part3/outputs/answers_qwen25_7b.csv,answers_qwen25_7b,Q034,Q,Fictional characters,9,quasimodo,quasimodo,1,0,1,Q034::9
Part3/outputs/answers_qwen25_7b.csv,answers_qwen25_7b,Q034,Q,Fictional characters,10,quasimodo,quasimodo,1,0,1,Q034::10
Part3/outputs/answers_qwen25_7b.csv,answers_qwen25_7b,Q034,Q,Fictional characters,11,quasimodo,quasimodo,1,0,1,Q034::11
Part3/outputs/answers_qwen25_7b.csv,answers_qwen25_7b,Q034,Q,Fictional characters,12,quasimodo,quasimodo,1,0,1,Q034::12
Part3/outputs/answers_qwen25_7b.csv,answers_qwen25_7b,Q034,Q,Fictional characters,13,quasimodo,quasimodo,1,0,1,Q034::13
Part3/outputs/answers_qwen25_7b.csv,answers_qwen25_7b,Q034,Q,Fictional characters,14,quasimodo,quasimodo,1,1,0,Q034::14
Part3/outputs/answers_qwen25_7b.csv,answers_qwen25_7b,Q034,Q,Fictional characters,15,quasimodo,quasimodo,1,0,1,Q034::15
Part3/outputs/answers_qwen25_7b.csv,answers_qwen25_7b,Q034,Q,Fictional characters,16,quasimodo,quasimodo,1,0,1,Q034::16
Part3/outputs/answers_qwen25_7b.csv,answers_qwen25_7b,Q034,Q,Fictional characters,17,quasimodo,quasimodo,1,1,0,Q034::17
Part3/outputs/answers_qwen25_7b.csv,answers_qwen25_7b,Q034,Q,Fictional characters,18,quasimodo,quasimodo,1,1,0,Q034::18
Part3/outputs/answers_qwen25_7b.csv,answers_qwen25_7b,Q034,Q,Fictional characters,19,quasimodo,quasimodo,1,0,1,Q034::19
Part3/outputs/answers_qwen25_7b.csv,answers_qwen25_7b,Q035,R,Songs,0,rhythm of the rain,rhythm of the rain,1,0,1,Q035::0
Part3/outputs/answers_qwen25_7b.csv,answers_qwen25_7b,Q035,R,Songs,1,raindrops keep falling on my head,raindrops keep falling on my head,0,0,0,Q035::1
Part3/outputs/answers_qwen25_7b.csv,answers_qwen25_7b,Q035,R,Songs,2,raindrops keep falling on my head,raindrops keep falling on my head,0,0,0,Q035::2
Part3/outputs/answers_qwen25_7b.csv,answers_qwen25_7b,Q035,R,Songs,3,rhythm of the rain,rhythm of the rain,1,0,1,Q035::3
Part3/outputs/answers_qwen25_7b.csv,answers_qwen25_7b,Q035,R,Songs,4,radio heltGameOver,radio heltgameover,0,0,0,Q035::4
Part3/outputs/answers_qwen25_7b.csv,answers_qwen25_7b,Q035,R,Songs,5,rolling in the deep,rolling in the deep,0,0,0,Q035::5
Part3/outputs/answers_qwen25_7b.csv,answers_qwen25_7b,Q035,R,Songs,6,rhythm of the rain,rhythm of the rain,1,0,1,Q035::6
Part3/outputs/answers_qwen25_7b.csv,answers_qwen25_7b,Q035,R,Songs,7,red red wine,red red wine,0,0,0,Q035::7
Part3/outputs/answers_qwen25_7b.csv,answers_qwen25_7b,Q035,R,Songs,8,raindrops keep falling on my head,raindrops keep falling on my head,0,0,0,Q035::8
Part3/outputs/answers_qwen25_7b.csv,answers_qwen25_7b,Q035,R,Songs,9,ray of sunshine,ray of sunshine,0,0,0,Q035::9
Part3/outputs/answers_qwen25_7b.csv,answers_qwen25_7b,Q035,R,Songs,10,raindrops keep falling on my head,raindrops keep falling on my head,0,0,0,Q035::10
Part3/outputs/answers_qwen25_7b.csv,answers_qwen25_7b,Q035,R,Songs,11,radiohead,radiohead,0,0,0,Q035::11
Part3/outputs/answers_qwen25_7b.csv,answers_qwen25_7b,Q035,R,Songs,12,raining in spain,raining in spain,0,0,0,Q035::12
Part3/outputs/answers_qwen25_7b.csv,answers_qwen25_7b,Q035,R,Songs,13,raining balloons,raining balloons,0,0,0,Q035::13
Part3/outputs/answers_qwen25_7b.csv,answers_qwen25_7b,Q035,R,Songs,14,raindrops keep falling on my head,raindrops keep falling on my head,0,0,0,Q035::14
Part3/outputs/answers_qwen25_7b.csv,answers_qwen25_7b,Q035,R,Songs,15,radiohead,radiohead,0,0,0,Q035::15
Part3/outputs/answers_qwen25_7b.csv,answers_qwen25_7b,Q035,R,Songs,16,radiohead,radiohead,0,0,0,Q035::16
Part3/outputs/answers_qwen25_7b.csv,answers_qwen25_7b,Q035,R,Songs,17,rhythm of the rain,rhythm of the rain,1,0,1,Q035::17
Part3/outputs/answers_qwen25_7b.csv,answers_qwen25_7b,Q035,R,Songs,18,rhythm of the rain,rhythm of the rain,1,0,1,Q035::18
Part3/outputs/answers_qwen25_7b.csv,answers_qwen25_7b,Q035,R,Songs,19,radiohead,radiohead,0,0,0,Q035::19
Part3/outputs/answers_qwen25_7b.csv,answers_qwen25_7b,Q036,R,Tools,0,pliers,pliers,0,0,0,Q036::0
Part3/outputs/answers_qwen25_7b.csv,answers_qwen25_7b,Q036,R,Tools,1,rubberiska,rubberiska,0,0,0,Q036::1
Part3/outputs/answers_qwen25_7b.csv,answers_qwen25_7b,Q036,R,Tools,2,rubber mitt,rubber mitt,0,0,0,Q036::2
Part3/outputs/answers_qwen25_7b.csv,answers_qwen25_7b,Q036,R,Tools,3,razor,razor,1,0,1,Q036::3
Part3/outputs/answers_qwen25_7b.csv,answers_qwen25_7b,Q036,R,Tools,4,razor,razor,1,0,1,Q036::4
Part3/outputs/answers_qwen25_7b.csv,answers_qwen25_7b,Q036,R,Tools,5,rake,rake,1,0,1,Q036::5
Part3/outputs/answers_qwen25_7b.csv,answers_qwen25_7b,Q036,R,Tools,6,rubber gloves,rubber gloves,0,0,0,Q036::6
Part3/outputs/answers_qwen25_7b.csv,answers_qwen25_7b,Q036,R,Tools,7,rubber,rubber,0,0,0,Q036::7
Part3/outputs/answers_qwen25_7b.csv,answers_qwen25_7b,Q036,R,Tools,8,rake,rake,1,0,1,Q036::8
Part3/outputs/answers_qwen25_7b.csv,answers_qwen25_7b,Q036,R,Tools,9,razor,razor,1,0,1,Q036::9
Part3/outputs/answers_qwen25_7b.csv,answers_qwen25_7b,Q036,R,Tools,10,razor,razor,1,0,1,Q036::10
Part3/outputs/answers_qwen25_7b.csv,answers_qwen25_7b,Q036,R,Tools,11,rake,rake,1,0,1,Q036::11
Part3/outputs/answers_qwen25_7b.csv,answers_qwen25_7b,Q036,R,Tools,12,rubber,rubber,0,0,0,Q036::12
Part3/outputs/answers_qwen25_7b.csv,answers_qwen25_7b,Q036,R,Tools,13,rake,rake,1,0,1,Q036::13
Part3/outputs/answers_qwen25_7b.csv,answers_qwen25_7b,Q036,R,Tools,14,rake,rake,1,0,1,Q036::14
Part3/outputs/answers_qwen25_7b.csv,answers_qwen25_7b,Q036,R,Tools,15,razor,razor,1,0,1,Q036::15
Part3/outputs/answers_qwen25_7b.csv,answers_qwen25_7b,Q036,R,Tools,16,rubber mallet,rubber mallet,1,0,1,Q036::16
Part3/outputs/answers_qwen25_7b.csv,answers_qwen25_7b,Q036,R,Tools,17,rubber,rubber,0,0,0,Q036::17
Part3/outputs/answers_qwen25_7b.csv,answers_qwen25_7b,Q036,R,Tools,18,rubber,rubber,0,0,0,Q036::18
Part3/outputs/answers_qwen25_7b.csv,answers_qwen25_7b,Q036,R,Tools,19,rake,rake,1,0,1,Q036::19
Part3/outputs/answers_qwen25_7b.csv,answers_qwen25_7b,Q037,S,Animals,0,squirrel,squirrel,1,0,1,Q037::0
Part3/outputs/answers_qwen25_7b.csv,answers_qwen25_7b,Q037,S,Animals,1,snake,snake,1,0,1,Q037::1
Part3/outputs/answers_qwen25_7b.csv,answers_qwen25_7b,Q037,S,Animals,2,snake,snake,1,1,0,Q037::2
Part3/outputs/answers_qwen25_7b.csv,answers_qwen25_7b,Q037,S,Animals,3,snail,snail,1,0,1,Q037::3
Part3/outputs/answers_qwen25_7b.csv,answers_qwen25_7b,Q037,S,Animals,4,snail,snail,1,0,1,Q037::4
Part3/outputs/answers_qwen25_7b.csv,answers_qwen25_7b,Q037,S,Animals,5,snake,snake,1,0,1,Q037::5
Part3/outputs/answers_qwen25_7b.csv,answers_qwen25_7b,Q037,S,Animals,6,squirrel,squirrel,1,0,1,Q037::6
Part3/outputs/answers_qwen25_7b.csv,answers_qwen25_7b,Q037,S,Animals,7,snail,snail,1,0,1,Q037::7
Part3/outputs/answers_qwen25_7b.csv,answers_qwen25_7b,Q037,S,Animals,8,snail,snail,1,0,1,Q037::8
Part3/outputs/answers_qwen25_7b.csv,answers_qwen25_7b,Q037,S,Animals,9,squirrel,squirrel,1,0,1,Q037::9
Part3/outputs/answers_qwen25_7b.csv,answers_qwen25_7b,Q037,S,Animals,10,snake,snake,1,0,1,Q037::10
Part3/outputs/answers_qwen25_7b.csv,answers_qwen25_7b,Q037,S,Animals,11,squirrel,squirrel,1,0,1,Q037::11
Part3/outputs/answers_qwen25_7b.csv,answers_qwen25_7b,Q037,S,Animals,12,snake,snake,1,0,1,Q037::12
Part3/outputs/answers_qwen25_7b.csv,answers_qwen25_7b,Q037,S,Animals,13,seal,seal,1,0,1,Q037::13
Part3/outputs/answers_qwen25_7b.csv,answers_qwen25_7b,Q037,S,Animals,14,snake,snake,1,1,0,Q037::14
Part3/outputs/answers_qwen25_7b.csv,answers_qwen25_7b,Q037,S,Animals,15,snake,snake,1,0,1,Q037::15
Part3/outputs/answers_qwen25_7b.csv,answers_qwen25_7b,Q037,S,Animals,16,squirrel,squirrel,1,0,1,Q037::16
Part3/outputs/answers_qwen25_7b.csv,answers_qwen25_7b,Q037,S,Animals,17,snake,snake,1,0,1,Q037::17
Part3/outputs/answers_qwen25_7b.csv,answers_qwen25_7b,Q037,S,Animals,18,snake,snake,1,0,1,Q037::18
Part3/outputs/answers_qwen25_7b.csv,answers_qwen25_7b,Q037,S,Animals,19,snake,snake,1,0,1,Q037::19
Part3/outputs/answers_qwen25_7b.csv,answers_qwen25_7b,Q038,S,Things in an office,0,sofa,sofa,0,0,0,Q038::0
Part3/outputs/answers_qwen25_7b.csv,answers_qwen25_7b,Q038,S,Things in an office,1,scanner,scanner,1,0,1,Q038::1
Part3/outputs/answers_qwen25_7b.csv,answers_qwen25_7b,Q038,S,Things in an office,2,server,server,1,0,1,Q038::2
Part3/outputs/answers_qwen25_7b.csv,answers_qwen25_7b,Q038,S,Things in an office,3,scissors,scissors,1,0,1,Q038::3
Part3/outputs/answers_qwen25_7b.csv,answers_qwen25_7b,Q038,S,Things in an office,4,stapler,stapler,1,1,0,Q038::4
Part3/outputs/answers_qwen25_7b.csv,answers_qwen25_7b,Q038,S,Things in an office,5,stapler,stapler,1,0,1,Q038::5
Part3/outputs/answers_qwen25_7b.csv,answers_qwen25_7b,Q038,S,Things in an office,6,scissors,scissors,1,0,1,Q038::6
Part3/outputs/answers_qwen25_7b.csv,answers_qwen25_7b,Q038,S,Things in an office,7,stapler,stapler,1,1,0,Q038::7
Part3/outputs/answers_qwen25_7b.csv,answers_qwen25_7b,Q038,S,Things in an office,8,soap dispenser,soap dispenser,1,0,1,Q038::8
Part3/outputs/answers_qwen25_7b.csv,answers_qwen25_7b,Q038,S,Things in an office,9,scissors,scissors,1,0,1,Q038::9
Part3/outputs/answers_qwen25_7b.csv,answers_qwen25_7b,Q038,S,Things in an office,10,stylish stapler,stylish stapler,1,0,1,Q038::10
Part3/outputs/answers_qwen25_7b.csv,answers_qwen25_7b,Q038,S,Things in an office,11,stapler,stapler,1,0,1,Q038::11
Part3/outputs/answers_qwen25_7b.csv,answers_qwen25_7b,Q038,S,Things in an office,12,secretary,secretary,1,0,1,Q038::12
Part3/outputs/answers_qwen25_7b.csv,answers_qwen25_7b,Q038,S,Things in an office,13,stapler,stapler,1,0,1,Q038::13
Part3/outputs/answers_qwen25_7b.csv,answers_qwen25_7b,Q038,S,Things in an office,14,scanner,scanner,1,0,1,Q038::14
Part3/outputs/answers_qwen25_7b.csv,answers_qwen25_7b,Q038,S,Things in an office,15,stapler,stapler,1,0,1,Q038::15
Part3/outputs/answers_qwen25_7b.csv,answers_qwen25_7b,Q038,S,Things in an office,16,soap dispenser,soap dispenser,1,0,1,Q038::16
Part3/outputs/answers_qwen25_7b.csv,answers_qwen25_7b,Q038,S,Things in an office,17,stapler,stapler,1,1,0,Q038::17
Part3/outputs/answers_qwen25_7b.csv,answers_qwen25_7b,Q038,S,Things in an office,18,stapler,stapler,1,0,1,Q038::18
Part3/outputs/answers_qwen25_7b.csv,answers_qwen25_7b,Q038,S,Things in an office,19,sofa,sofa,0,0,0,Q038::19
Part3/outputs/answers_qwen25_7b.csv,answers_qwen25_7b,Q039,T,Countries,0,thailand,thailand,1,0,1,Q039::0
Part3/outputs/answers_qwen25_7b.csv,answers_qwen25_7b,Q039,T,Countries,1,thailand,thailand,1,0,1,Q039::1
Part3/outputs/answers_qwen25_7b.csv,answers_qwen25_7b,Q039,T,Countries,2,thailand,thailand,1,0,1,Q039::2
Part3/outputs/answers_qwen25_7b.csv,answers_qwen25_7b,Q039,T,Countries,3,turkey,turkey,1,0,1,Q039::3
Part3/outputs/answers_qwen25_7b.csv,answers_qwen25_7b,Q039,T,Countries,4,taiwan,taiwan,1,0,1,Q039::4
Part3/outputs/answers_qwen25_7b.csv,answers_qwen25_7b,Q039,T,Countries,5,taiwan,taiwan,1,0,1,Q039::5
Part3/outputs/answers_qwen25_7b.csv,answers_qwen25_7b,Q039,T,Countries,6,turkey,turkey,1,0,1,Q039::6
Part3/outputs/answers_qwen25_7b.csv,answers_qwen25_7b,Q039,T,Countries,7,tunisia,tunisia,1,0,1,Q039::7
Part3/outputs/answers_qwen25_7b.csv,answers_qwen25_7b,Q039,T,Countries,8,thailand,thailand,1,0,1,Q039::8
Part3/outputs/answers_qwen25_7b.csv,answers_qwen25_7b,Q039,T,Countries,9,thailand,thailand,1,1,0,Q039::9
Part3/outputs/answers_qwen25_7b.csv,answers_qwen25_7b,Q039,T,Countries,10,tunisia,tunisia,1,1,0,Q039::10
Part3/outputs/answers_qwen25_7b.csv,answers_qwen25_7b,Q039,T,Countries,11,tunisia,tunisia,1,0,1,Q039::11
Part3/outputs/answers_qwen25_7b.csv,answers_qwen25_7b,Q039,T,Countries,12,taiwan,taiwan,1,0,1,Q039::12
Part3/outputs/answers_qwen25_7b.csv,answers_qwen25_7b,Q039,T,Countries,13,thailand,thailand,1,0,1,Q039::13
Part3/outputs/answers_qwen25_7b.csv,answers_qwen25_7b,Q039,T,Countries,14,tunisia,tunisia,1,0,1,Q039::14
Part3/outputs/answers_qwen25_7b.csv,answers_qwen25_7b,Q039,T,Countries,15,taiwan,taiwan,1,0,1,Q039::15
Part3/outputs/answers_qwen25_7b.csv,answers_qwen25_7b,Q039,T,Countries,16,taiwan,taiwan,1,0,1,Q039::16
Part3/outputs/answers_qwen25_7b.csv,answers_qwen25_7b,Q039,T,Countries,17,thailand,thailand,1,0,1,Q039::17
Part3/outputs/answers_qwen25_7b.csv,answers_qwen25_7b,Q039,T,Countries,18,thailand,thailand,1,0,1,Q039::18
Part3/outputs/answers_qwen25_7b.csv,answers_qwen25_7b,Q039,T,Countries,19,turkey,turkey,1,0,1,Q039::19
Part3/outputs/answers_qwen25_7b.csv,answers_qwen25_7b,Q040,T,TV shows,0,thundercats,thundercats,1,0,1,Q040::0
Part3/outputs/answers_qwen25_7b.csv,answers_qwen25_7b,Q040,T,TV shows,1,the office,the office,0,0,0,Q040::1
Part3/outputs/answers_qwen25_7b.csv,answers_qwen25_7b,Q040,T,TV shows,2,thirtynine,thirtynine,0,0,0,Q040::2
Part3/outputs/answers_qwen25_7b.csv,answers_qwen25_7b,Q040,T,TV shows,3,thrive resets,thrive resets,0,0,0,Q040::3
Part3/outputs/answers_qwen25_7b.csv,answers_qwen25_7b,Q040,T,TV shows,4,the office,the office,0,0,0,Q040::4
Part3/outputs/answers_qwen25_7b.csv,answers_qwen25_7b,Q040,T,TV shows,5,thirtysomething,thirtysomething,1,0,1,Q040::5
Part3/outputs/answers_qwen25_7b.csv,answers_qwen25_7b,Q040,T,TV shows,6,twilight,twilight,0,0,0,Q040::6
Part3/outputs/answers_qwen25_7b.csv,answers_qwen25_7b,Q040,T,TV shows,7,thirtynine,thirtynine,0,0,0,Q040::7
Part3/outputs/answers_qwen25_7b.csv,answers_qwen25_7b,Q040,T,TV shows,8,the office,the office,0,0,0,Q040::8
Part3/outputs/answers_qwen25_7b.csv,answers_qwen25_7b,Q040,T,TV shows,9,thundercats,thundercats,1,0,1,Q040::9
Part3/outputs/answers_qwen25_7b.csv,answers_qwen25_7b,Q040,T,TV shows,10,the simpsons,the simpsons,0,0,0,Q040::10
Part3/outputs/answers_qwen25_7b.csv,answers_qwen25_7b,Q040,T,TV shows,11,the office,the office,0,0,0,Q040::11
Part3/outputs/answers_qwen25_7b.csv,answers_qwen25_7b,Q040,T,TV shows,12,thrones,thrones,0,0,0,Q040::12
Part3/outputs/answers_qwen25_7b.csv,answers_qwen25_7b,Q040,T,TV shows,13,the office,the office,0,0,0,Q040::13
Part3/outputs/answers_qwen25_7b.csv,answers_qwen25_7b,Q040,T,TV shows,14,thirtynine,thirtynine,0,0,0,Q040::14
Part3/outputs/answers_qwen25_7b.csv,answers_qwen25_7b,Q040,T,TV shows,15,the simpsons,the simpsons,0,0,0,Q040::15
Part3/outputs/answers_qwen25_7b.csv,answers_qwen25_7b,Q040,T,TV shows,16,the simpsons,the simpsons,0,0,0,Q040::16
Part3/outputs/answers_qwen25_7b.csv,answers_qwen25_7b,Q040,T,TV shows,17,thirtysomething,thirtysomething,1,0,1,Q040::17
Part3/outputs/answers_qwen25_7b.csv,answers_qwen25_7b,Q040,T,TV shows,18,the office,the office,0,0,0,Q040::18
Part3/outputs/answers_qwen25_7b.csv,answers_qwen25_7b,Q040,T,TV shows,19,the office,the office,0,0,0,Q040::19
Part3/outputs/answers_qwen25_7b.csv,answers_qwen25_7b,Q041,U,U.S. colleges,0,university of utah,university of utah,1,1,0,Q041::0
Part3/outputs/answers_qwen25_7b.csv,answers_qwen25_7b,Q041,U,U.S. colleges,1,university of pennsylvania,university of pennsylvania,0,0,0,Q041::1
Part3/outputs/answers_qwen25_7b.csv,answers_qwen25_7b,Q041,U,U.S. colleges,2,university of pennsylvania,university of pennsylvania,0,0,0,Q041::2
Part3/outputs/answers_qwen25_7b.csv,answers_qwen25_7b,Q041,U,U.S. colleges,3,university of pennsylvania,university of pennsylvania,0,0,0,Q041::3
Part3/outputs/answers_qwen25_7b.csv,answers_qwen25_7b,Q041,U,U.S. colleges,4,university of utah,university of utah,1,1,0,Q041::4
Part3/outputs/answers_qwen25_7b.csv,answers_qwen25_7b,Q041,U,U.S. colleges,5,university of utah,university of utah,1,0,1,Q041::5
Part3/outputs/answers_qwen25_7b.csv,answers_qwen25_7b,Q041,U,U.S. colleges,6,university of pennsylvania,university of pennsylvania,0,0,0,Q041::6
Part3/outputs/answers_qwen25_7b.csv,answers_qwen25_7b,Q041,U,U.S. colleges,7,university of utah,university of utah,1,1,0,Q041::7
Part3/outputs/answers_qwen25_7b.csv,answers_qwen25_7b,Q041,U,U.S. colleges,8,university of utah,university of utah,1,1,0,Q041::8
Part3/outputs/answers_qwen25_7b.csv,answers_qwen25_7b,Q041,U,U.S. colleges,9,university of pennsylvania,university of pennsylvania,0,0,0,Q041::9
Part3/outputs/answers_qwen25_7b.csv,answers_qwen25_7b,Q041,U,U.S. colleges,10,university of michigan,university of michigan,0,0,0,Q041::10
Part3/outputs/answers_qwen25_7b.csv,answers_qwen25_7b,Q041,U,U.S. colleges,11,university of michigan,university of michigan,0,0,0,Q041::11
Part3/outputs/answers_qwen25_7b.csv,answers_qwen25_7b,Q041,U,U.S. colleges,12,university of utah,university of utah,1,1,0,Q041::12
Part3/outputs/answers_qwen25_7b.csv,answers_qwen25_7b,Q041,U,U.S. colleges,13,university of utah,university of utah,1,0,1,Q041::13
Part3/outputs/answers_qwen25_7b.csv,answers_qwen25_7b,Q041,U,U.S. colleges,14,university of pennsylvania,university of pennsylvania,0,0,0,Q041::14
Part3/outputs/answers_qwen25_7b.csv,answers_qwen25_7b,Q041,U,U.S. colleges,15,university of pennsylvania,university of pennsylvania,0,0,0,Q041::15
Part3/outputs/answers_qwen25_7b.csv,answers_qwen25_7b,Q041,U,U.S. colleges,16,university of pennsylvania,university of pennsylvania,0,0,0,Q041::16
Part3/outputs/answers_qwen25_7b.csv,answers_qwen25_7b,Q041,U,U.S. colleges,17,university of pennsylvania,university of pennsylvania,0,0,0,Q041::17
Part3/outputs/answers_qwen25_7b.csv,answers_qwen25_7b,Q041,U,U.S. colleges,18,university of pennsylvania,university of pennsylvania,0,0,0,Q041::18
Part3/outputs/answers_qwen25_7b.csv,answers_qwen25_7b,Q041,U,U.S. colleges,19,university of utah,university of utah,1,1,0,Q041::19
Part3/outputs/answers_qwen25_7b.csv,answers_qwen25_7b,Q042,U,Things in a garage,0,uncle sam hat,uncle sam hat,0,0,0,Q042::0
Part3/outputs/answers_qwen25_7b.csv,answers_qwen25_7b,Q042,U,Things in a garage,1,unicycle,unicycle,1,0,1,Q042::1
Part3/outputs/answers_qwen25_7b.csv,answers_qwen25_7b,Q042,U,Things in a garage,2,uncle sam hat,uncle sam hat,0,0,0,Q042::2
Part3/outputs/answers_qwen25_7b.csv,answers_qwen25_7b,Q042,U,Things in a garage,3,uncle sam hat,uncle sam hat,0,0,0,Q042::3
Part3/outputs/answers_qwen25_7b.csv,answers_qwen25_7b,Q042,U,Things in a garage,4,umbrella,umbrella,0,0,0,Q042::4
Part3/outputs/answers_qwen25_7b.csv,answers_qwen25_7b,Q042,U,Things in a garage,5,umbrella,umbrella,0,0,0,Q042::5
Part3/outputs/answers_qwen25_7b.csv,answers_qwen25_7b,Q042,U,Things in a garage,6,unicycle,unicycle,1,0,1,Q042::6
Part3/outputs/answers_qwen25_7b.csv,answers_qwen25_7b,Q042,U,Things in a garage,7,umbrella,umbrella,0,0,0,Q042::7
Part3/outputs/answers_qwen25_7b.csv,answers_qwen25_7b,Q042,U,Things in a garage,8,uncle's old tools,uncle's old tools,0,0,0,Q042::8
Part3/outputs/answers_qwen25_7b.csv,answers_qwen25_7b,Q042,U,Things in a garage,9,umbrella,umbrella,0,0,0,Q042::9
Part3/outputs/answers_qwen25_7b.csv,answers_qwen25_7b,Q042,U,Things in a garage,10,utility box,utility box,1,0,1,Q042::10
Part3/outputs/answers_qwen25_7b.csv,answers_qwen25_7b,Q042,U,Things in a garage,11,umbrella,umbrella,0,0,0,Q042::11
Part3/outputs/answers_qwen25_7b.csv,answers_qwen25_7b,Q042,U,Things in a garage,12,unicycle,unicycle,1,0,1,Q042::12
Part3/outputs/answers_qwen25_7b.csv,answers_qwen25_7b,Q042,U,Things in a garage,13,unicycle,unicycle,1,0,1,Q042::13
Part3/outputs/answers_qwen25_7b.csv,answers_qwen25_7b,Q042,U,Things in a garage,14,unicycle,unicycle,1,0,1,Q042::14
Part3/outputs/answers_qwen25_7b.csv,answers_qwen25_7b,Q042,U,Things in a garage,15,uncle's toolbox,uncle's toolbox,0,0,0,Q042::15
Part3/outputs/answers_qwen25_7b.csv,answers_qwen25_7b,Q042,U,Things in a garage,16,uncle's toolbox,uncle's toolbox,0,0,0,Q042::16
Part3/outputs/answers_qwen25_7b.csv,answers_qwen25_7b,Q042,U,Things in a garage,17,uncle sam hat,uncle sam hat,0,0,0,Q042::17
Part3/outputs/answers_qwen25_7b.csv,answers_qwen25_7b,Q042,U,Things in a garage,18,vacuum cleaner,vacuum cleaner,1,0,1,Q042::18
Part3/outputs/answers_qwen25_7b.csv,answers_qwen25_7b,Q042,U,Things in a garage,19,unicycle,unicycle,1,0,1,Q042::19
Part3/outputs/answers_qwen25_7b.csv,answers_qwen25_7b,Q043,V,Jobs,0,veterinarian,veterinarian,1,0,1,Q043::0
Part3/outputs/answers_qwen25_7b.csv,answers_qwen25_7b,Q043,V,Jobs,1,valet,valet,1,0,1,Q043::1
Part3/outputs/answers_qwen25_7b.csv,answers_qwen25_7b,Q043,V,Jobs,2,veterinarian,veterinarian,1,1,0,Q043::2
Part3/outputs/answers_qwen25_7b.csv,answers_qwen25_7b,Q043,V,Jobs,3,vineyard manager,vineyard manager,1,0,1,Q043::3
Part3/outputs/answers_qwen25_7b.csv,answers_qwen25_7b,Q043,V,Jobs,4,veterinarian,veterinarian,1,1,0,Q043::4
Part3/outputs/answers_qwen25_7b.csv,answers_qwen25_7b,Q043,V,Jobs,5,vegetarian restaurant owner,vegetarian restaurant owner,0,0,0,Q043::5
Part3/outputs/answers_qwen25_7b.csv,answers_qwen25_7b,Q043,V,Jobs,6,valet,valet,1,0,1,Q043::6
Part3/outputs/answers_qwen25_7b.csv,answers_qwen25_7b,Q043,V,Jobs,7,vet,vet,1,0,1,Q043::7
Part3/outputs/answers_qwen25_7b.csv,answers_qwen25_7b,Q043,V,Jobs,8,vat man,vat man,0,0,0,Q043::8
Part3/outputs/answers_qwen25_7b.csv,answers_qwen25_7b,Q043,V,Jobs,9,vet,vet,1,0,1,Q043::9
Part3/outputs/answers_qwen25_7b.csv,answers_qwen25_7b,Q043,V,Jobs,10,veterinarian,veterinarian,1,0,1,Q043::10
Part3/outputs/answers_qwen25_7b.csv,answers_qwen25_7b,Q043,V,Jobs,11,veterinarian,veterinarian,1,1,0,Q043::11
Part3/outputs/answers_qwen25_7b.csv,answers_qwen25_7b,Q043,V,Jobs,12,vet,vet,1,0,1,Q043::12
Part3/outputs/answers_qwen25_7b.csv,answers_qwen25_7b,Q043,V,Jobs,13,valet parking,valet parking,0,0,0,Q043::13
Part3/outputs/answers_qwen25_7b.csv,answers_qwen25_7b,Q043,V,Jobs,14,valet,valet,1,0,1,Q043::14
Part3/outputs/answers_qwen25_7b.csv,answers_qwen25_7b,Q043,V,Jobs,15,valet,valet,1,0,1,Q043::15
Part3/outputs/answers_qwen25_7b.csv,answers_qwen25_7b,Q043,V,Jobs,16,valet parking,valet parking,0,0,0,Q043::16
Part3/outputs/answers_qwen25_7b.csv,answers_qwen25_7b,Q043,V,Jobs,17,veterinarian,veterinarian,1,1,0,Q043::17
Part3/outputs/answers_qwen25_7b.csv,answers_qwen25_7b,Q043,V,Jobs,18,vatruck driver,vatruck driver,0,0,0,Q043::18
Part3/outputs/answers_qwen25_7b.csv,answers_qwen25_7b,Q043,V,Jobs,19,vet,vet,1,0,1,Q043::19
Part3/outputs/answers_qwen25_7b.csv,answers_qwen25_7b,Q044,V,Things you wear,0,vest,vest,1,1,0,Q044::0
Part3/outputs/answers_qwen25_7b.csv,answers_qwen25_7b,Q044,V,Things you wear,1,vest,vest,1,1,0,Q044::1
Part3/outputs/answers_qwen25_7b.csv,answers_qwen25_7b,Q044,V,Things you wear,2,vest,vest,1,1,0,Q044::2
Part3/outputs/answers_qwen25_7b.csv,answers_qwen25_7b,Q044,V,Things you wear,3,vest,vest,1,1,0,Q044::3
Part3/outputs/answers_qwen25_7b.csv,answers_qwen25_7b,Q044,V,Things you wear,4,vest,vest,1,1,0,Q044::4
Part3/outputs/answers_qwen25_7b.csv,answers_qwen25_7b,Q044,V,Things you wear,5,vest,vest,1,1,0,Q044::5
Part3/outputs/answers_qwen25_7b.csv,answers_qwen25_7b,Q044,V,Things you wear,6,vest,vest,1,1,0,Q044::6
Part3/outputs/answers_qwen25_7b.csv,answers_qwen25_7b,Q044,V,Things you wear,7,vest,vest,1,1,0,Q044::7
Part3/outputs/answers_qwen25_7b.csv,answers_qwen25_7b,Q044,V,Things you wear,8,veil,veil,1,0,1,Q044::8
Part3/outputs/answers_qwen25_7b.csv,answers_qwen25_7b,Q044,V,Things you wear,9,vest,vest,1,1,0,Q044::9
Part3/outputs/answers_qwen25_7b.csv,answers_qwen25_7b,Q044,V,Things you wear,10,vest,vest,1,1,0,Q044::10
Part3/outputs/answers_qwen25_7b.csv,answers_qwen25_7b,Q044,V,Things you wear,11,vest,vest,1,1,0,Q044::11
Part3/outputs/answers_qwen25_7b.csv,answers_qwen25_7b,Q044,V,Things you wear,12,vest,vest,1,0,1,Q044::12
Part3/outputs/answers_qwen25_7b.csv,answers_qwen25_7b,Q044,V,Things you wear,13,vest,vest,1,1,0,Q044::13
Part3/outputs/answers_qwen25_7b.csv,answers_qwen25_7b,Q044,V,Things you wear,14,vest,vest,1,1,0,Q044::14
Part3/outputs/answers_qwen25_7b.csv,answers_qwen25_7b,Q044,V,Things you wear,15,vest,vest,1,1,0,Q044::15
Part3/outputs/answers_qwen25_7b.csv,answers_qwen25_7b,Q044,V,Things you wear,16,vest,vest,1,1,0,Q044::16
Part3/outputs/answers_qwen25_7b.csv,answers_qwen25_7b,Q044,V,Things you wear,17,vest,vest,1,1,0,Q044::17
Part3/outputs/answers_qwen25_7b.csv,answers_qwen25_7b,Q044,V,Things you wear,18,vest,vest,1,1,0,Q044::18
Part3/outputs/answers_qwen25_7b.csv,answers_qwen25_7b,Q044,V,Things you wear,19,vest,vest,1,1,0,Q044::19
Part3/outputs/answers_qwen25_7b.csv,answers_qwen25_7b,Q045,W,Cities,0,warsaw,warsaw,1,0,1,Q045::0
Part3/outputs/answers_qwen25_7b.csv,answers_qwen25_7b,Q045,W,Cities,1,wuhan,wuhan,1,0,1,Q045::1
Part3/outputs/answers_qwen25_7b.csv,answers_qwen25_7b,Q045,W,Cities,2,washington,washington,1,0,1,Q045::2
Part3/outputs/answers_qwen25_7b.csv,answers_qwen25_7b,Q045,W,Cities,3,wales,wales,0,0,0,Q045::3
Part3/outputs/answers_qwen25_7b.csv,answers_qwen25_7b,Q045,W,Cities,4,warsaw,warsaw,1,0,1,Q045::4
Part3/outputs/answers_qwen25_7b.csv,answers_qwen25_7b,Q045,W,Cities,5,washington,washington,1,1,0,Q045::5
Part3/outputs/answers_qwen25_7b.csv,answers_qwen25_7b,Q045,W,Cities,6,warsaw,warsaw,1,0,1,Q045::6
Part3/outputs/answers_qwen25_7b.csv,answers_qwen25_7b,Q045,W,Cities,7,warsaw,warsaw,1,0,1,Q045::7
Part3/outputs/answers_qwen25_7b.csv,answers_qwen25_7b,Q045,W,Cities,8,warsaw,warsaw,1,0,1,Q045::8
Part3/outputs/answers_qwen25_7b.csv,answers_qwen25_7b,Q045,W,Cities,9,washington,washington,1,0,1,Q045::9
Part3/outputs/answers_qwen25_7b.csv,answers_qwen25_7b,Q045,W,Cities,10,wales,wales,0,0,0,Q045::10
Part3/outputs/answers_qwen25_7b.csv,answers_qwen25_7b,Q045,W,Cities,11,warsaw,warsaw,1,0,1,Q045::11
Part3/outputs/answers_qwen25_7b.csv,answers_qwen25_7b,Q045,W,Cities,12,warsaw,warsaw,1,0,1,Q045::12
Part3/outputs/answers_qwen25_7b.csv,answers_qwen25_7b,Q045,W,Cities,13,washington,washington,1,0,1,Q045::13
Part3/outputs/answers_qwen25_7b.csv,answers_qwen25_7b,Q045,W,Cities,14,washington,washington,1,1,0,Q045::14
Part3/outputs/answers_qwen25_7b.csv,answers_qwen25_7b,Q045,W,Cities,15,warsaw,warsaw,1,0,1,Q045::15
Part3/outputs/answers_qwen25_7b.csv,answers_qwen25_7b,Q045,W,Cities,16,warsaw,warsaw,1,0,1,Q045::16
Part3/outputs/answers_qwen25_7b.csv,answers_qwen25_7b,Q045,W,Cities,17,washington d.c.,washington d.c,0,0,0,Q045::17
Part3/outputs/answers_qwen25_7b.csv,answers_qwen25_7b,Q045,W,Cities,18,warsaw,warsaw,1,0,1,Q045::18
Part3/outputs/answers_qwen25_7b.csv,answers_qwen25_7b,Q045,W,Cities,19,warsaw,warsaw,1,0,1,Q045::19
Part3/outputs/answers_qwen25_7b.csv,answers_qwen25_7b,Q046,W,Things in a park,0,willow,willow,1,0,1,Q046::0
Part3/outputs/answers_qwen25_7b.csv,answers_qwen25_7b,Q046,W,Things in a park,1,wifi,wifi,0,0,0,Q046::1
Part3/outputs/answers_qwen25_7b.csv,answers_qwen25_7b,Q046,W,Things in a park,2,willow,willow,1,0,1,Q046::2
Part3/outputs/answers_qwen25_7b.csv,answers_qwen25_7b,Q046,W,Things in a park,3,willow,willow,1,0,1,Q046::3
Part3/outputs/answers_qwen25_7b.csv,answers_qwen25_7b,Q046,W,Things in a park,4,swings,swings,1,0,1,Q046::4
Part3/outputs/answers_qwen25_7b.csv,answers_qwen25_7b,Q046,W,Things in a park,5,willow,willow,1,0,1,Q046::5
Part3/outputs/answers_qwen25_7b.csv,answers_qwen25_7b,Q046,W,Things in a park,6,willow,willow,1,0,1,Q046::6
Part3/outputs/answers_qwen25_7b.csv,answers_qwen25_7b,Q046,W,Things in a park,7,willow,willow,1,0,1,Q046::7
Part3/outputs/answers_qwen25_7b.csv,answers_qwen25_7b,Q046,W,Things in a park,8,willow,willow,1,0,1,Q046::8
Part3/outputs/answers_qwen25_7b.csv,answers_qwen25_7b,Q046,W,Things in a park,9,willow,willow,1,0,1,Q046::9
Part3/outputs/answers_qwen25_7b.csv,answers_qwen25_7b,Q046,W,Things in a park,10,willow,willow,1,0,1,Q046::10
Part3/outputs/answers_qwen25_7b.csv,answers_qwen25_7b,Q046,W,Things in a park,11,willow,willow,1,0,1,Q046::11
Part3/outputs/answers_qwen25_7b.csv,answers_qwen25_7b,Q046,W,Things in a park,12,swing set,swing set,1,0,1,Q046::12
Part3/outputs/answers_qwen25_7b.csv,answers_qwen25_7b,Q046,W,Things in a park,13,swing set,swing set,1,0,1,Q046::13
Part3/outputs/answers_qwen25_7b.csv,answers_qwen25_7b,Q046,W,Things in a park,14,willow,willow,1,0,1,Q046::14
Part3/outputs/answers_qwen25_7b.csv,answers_qwen25_7b,Q046,W,Things in a park,15,willow,willow,1,0,1,Q046::15
Part3/outputs/answers_qwen25_7b.csv,answers_qwen25_7b,Q046,W,Things in a park,16,willow,willow,1,0,1,Q046::16
Part3/outputs/answers_qwen25_7b.csv,answers_qwen25_7b,Q046,W,Things in a park,17,willow,willow,1,0,1,Q046::17
Part3/outputs/answers_qwen25_7b.csv,answers_qwen25_7b,Q046,W,Things in a park,18,wristwatch,wristwatch,0,0,0,Q046::18
Part3/outputs/answers_qwen25_7b.csv,answers_qwen25_7b,Q046,W,Things in a park,19,willow,willow,1,0,1,Q046::19
Part3/outputs/answers_qwen25_7b.csv,answers_qwen25_7b,Q047,X,Brands,0,xbox,xbox,1,0,1,Q047::0
Part3/outputs/answers_qwen25_7b.csv,answers_qwen25_7b,Q047,X,Brands,1,xiaomi,xiaomi,1,0,1,Q047::1
Part3/outputs/answers_qwen25_7b.csv,answers_qwen25_7b,Q047,X,Brands,2,xiaomi,xiaomi,1,0,1,Q047::2
Part3/outputs/answers_qwen25_7b.csv,answers_qwen25_7b,Q047,X,Brands,3,xiaomi,xiaomi,1,0,1,Q047::3
Part3/outputs/answers_qwen25_7b.csv,answers_qwen25_7b,Q047,X,Brands,4,xiaomi,xiaomi,1,0,1,Q047::4
Part3/outputs/answers_qwen25_7b.csv,answers_qwen25_7b,Q047,X,Brands,5,xbox,xbox,1,0,1,Q047::5
Part3/outputs/answers_qwen25_7b.csv,answers_qwen25_7b,Q047,X,Brands,6,xiaomi,xiaomi,1,0,1,Q047::6
Part3/outputs/answers_qwen25_7b.csv,answers_qwen25_7b,Q047,X,Brands,7,xbox,xbox,1,0,1,Q047::7
Part3/outputs/answers_qwen25_7b.csv,answers_qwen25_7b,Q047,X,Brands,8,xiaomi,xiaomi,1,0,1,Q047::8
Part3/outputs/answers_qwen25_7b.csv,answers_qwen25_7b,Q047,X,Brands,9,xiaomi,xiaomi,1,0,1,Q047::9
Part3/outputs/answers_qwen25_7b.csv,answers_qwen25_7b,Q047,X,Brands,10,xerox,xerox,1,1,0,Q047::10
Part3/outputs/answers_qwen25_7b.csv,answers_qwen25_7b,Q047,X,Brands,11,xbox,xbox,1,0,1,Q047::11
Part3/outputs/answers_qwen25_7b.csv,answers_qwen25_7b,Q047,X,Brands,12,xiaomi,xiaomi,1,0,1,Q047::12
Part3/outputs/answers_qwen25_7b.csv,answers_qwen25_7b,Q047,X,Brands,13,xbox,xbox,1,0,1,Q047::13
Part3/outputs/answers_qwen25_7b.csv,answers_qwen25_7b,Q047,X,Brands,14,xiaomi,xiaomi,1,0,1,Q047::14
Part3/outputs/answers_qwen25_7b.csv,answers_qwen25_7b,Q047,X,Brands,15,xiaomi,xiaomi,1,0,1,Q047::15
Part3/outputs/answers_qwen25_7b.csv,answers_qwen25_7b,Q047,X,Brands,16,xiaomi,xiaomi,1,0,1,Q047::16
Part3/outputs/answers_qwen25_7b.csv,answers_qwen25_7b,Q047,X,Brands,17,xiaomi,xiaomi,1,0,1,Q047::17
Part3/outputs/answers_qwen25_7b.csv,answers_qwen25_7b,Q047,X,Brands,18,xbox,xbox,1,0,1,Q047::18
Part3/outputs/answers_qwen25_7b.csv,answers_qwen25_7b,Q047,X,Brands,19,xiaomi,xiaomi,1,0,1,Q047::19
Part3/outputs/answers_qwen25_7b.csv,answers_qwen25_7b,Q048,X,Words in English,0,xray,xray,1,0,1,Q048::0
Part3/outputs/answers_qwen25_7b.csv,answers_qwen25_7b,Q048,X,Words in English,1,xenon,xenon,1,0,1,Q048::1
Part3/outputs/answers_qwen25_7b.csv,answers_qwen25_7b,Q048,X,Words in English,2,xerox,xerox,1,0,1,Q048::2
Part3/outputs/answers_qwen25_7b.csv,answers_qwen25_7b,Q048,X,Words in English,3,xray,xray,1,0,1,Q048::3
Part3/outputs/answers_qwen25_7b.csv,answers_qwen25_7b,Q048,X,Words in English,4,xenon,xenon,1,0,1,Q048::4
Part3/outputs/answers_qwen25_7b.csv,answers_qwen25_7b,Q048,X,Words in English,5,xerox,xerox,1,0,1,Q048::5
Part3/outputs/answers_qwen25_7b.csv,answers_qwen25_7b,Q048,X,Words in English,6,xray,xray,1,0,1,Q048::6
Part3/outputs/answers_qwen25_7b.csv,answers_qwen25_7b,Q048,X,Words in English,7,xray,xray,1,0,1,Q048::7
Part3/outputs/answers_qwen25_7b.csv,answers_qwen25_7b,Q048,X,Words in English,8,xeroxerox,xeroxerox,0,0,0,Q048::8
Part3/outputs/answers_qwen25_7b.csv,answers_qwen25_7b,Q048,X,Words in English,9,xray,xray,1,0,1,Q048::9
Part3/outputs/answers_qwen25_7b.csv,answers_qwen25_7b,Q048,X,Words in English,10,xenon,xenon,1,0,1,Q048::10
Part3/outputs/answers_qwen25_7b.csv,answers_qwen25_7b,Q048,X,Words in English,11,xeroxerox,xeroxerox,0,0,0,Q048::11
Part3/outputs/answers_qwen25_7b.csv,answers_qwen25_7b,Q048,X,Words in English,12,xeroxerox,xeroxerox,0,0,0,Q048::12
Part3/outputs/answers_qwen25_7b.csv,answers_qwen25_7b,Q048,X,Words in English,13,xerox,xerox,1,0,1,Q048::13
Part3/outputs/answers_qwen25_7b.csv,answers_qwen25_7b,Q048,X,Words in English,14,xeroxerox,xeroxerox,0,0,0,Q048::14
Part3/outputs/answers_qwen25_7b.csv,answers_qwen25_7b,Q048,X,Words in English,15,xerox,xerox,1,0,1,Q048::15
Part3/outputs/answers_qwen25_7b.csv,answers_qwen25_7b,Q048,X,Words in English,16,xray,xray,1,0,1,Q048::16
Part3/outputs/answers_qwen25_7b.csv,answers_qwen25_7b,Q048,X,Words in English,17,xerox,xerox,1,0,1,Q048::17
Part3/outputs/answers_qwen25_7b.csv,answers_qwen25_7b,Q048,X,Words in English,18,xenon,xenon,1,0,1,Q048::18
Part3/outputs/answers_qwen25_7b.csv,answers_qwen25_7b,Q048,X,Words in English,19,xeroxerox,xeroxerox,0,0,0,Q048::19
Part3/outputs/answers_qwen25_7b.csv,answers_qwen25_7b,Q049,Y,Foods,0,yogurt,yogurt,1,1,0,Q049::0
Part3/outputs/answers_qwen25_7b.csv,answers_qwen25_7b,Q049,Y,Foods,1,yogurt,yogurt,1,1,0,Q049::1
Part3/outputs/answers_qwen25_7b.csv,answers_qwen25_7b,Q049,Y,Foods,2,yogurt,yogurt,1,1,0,Q049::2
Part3/outputs/answers_qwen25_7b.csv,answers_qwen25_7b,Q049,Y,Foods,3,yogurt,yogurt,1,1,0,Q049::3
Part3/outputs/answers_qwen25_7b.csv,answers_qwen25_7b,Q049,Y,Foods,4,yogurt,yogurt,1,1,0,Q049::4
Part3/outputs/answers_qwen25_7b.csv,answers_qwen25_7b,Q049,Y,Foods,5,yogurt,yogurt,1,1,0,Q049::5
Part3/outputs/answers_qwen25_7b.csv,answers_qwen25_7b,Q049,Y,Foods,6,yogurt,yogurt,1,1,0,Q049::6
Part3/outputs/answers_qwen25_7b.csv,answers_qwen25_7b,Q049,Y,Foods,7,yogurt,yogurt,1,1,0,Q049::7
Part3/outputs/answers_qwen25_7b.csv,answers_qwen25_7b,Q049,Y,Foods,8,yogurt,yogurt,1,0,1,Q049::8
Part3/outputs/answers_qwen25_7b.csv,answers_qwen25_7b,Q049,Y,Foods,9,yogurt,yogurt,1,0,1,Q049::9
Part3/outputs/answers_qwen25_7b.csv,answers_qwen25_7b,Q049,Y,Foods,10,yogurt,yogurt,1,1,0,Q049::10
Part3/outputs/answers_qwen25_7b.csv,answers_qwen25_7b,Q049,Y,Foods,11,yogurt,yogurt,1,1,0,Q049::11
Part3/outputs/answers_qwen25_7b.csv,answers_qwen25_7b,Q049,Y,Foods,12,yogurt,yogurt,1,1,0,Q049::12
Part3/outputs/answers_qwen25_7b.csv,answers_qwen25_7b,Q049,Y,Foods,13,yogurt,yogurt,1,1,0,Q049::13
Part3/outputs/answers_qwen25_7b.csv,answers_qwen25_7b,Q049,Y,Foods,14,yogurt,yogurt,1,1,0,Q049::14
Part3/outputs/answers_qwen25_7b.csv,answers_qwen25_7b,Q049,Y,Foods,15,yogurt,yogurt,1,1,0,Q049::15
Part3/outputs/answers_qwen25_7b.csv,answers_qwen25_7b,Q049,Y,Foods,16,yogurt,yogurt,1,1,0,Q049::16
Part3/outputs/answers_qwen25_7b.csv,answers_qwen25_7b,Q049,Y,Foods,17,yogurt,yogurt,1,1,0,Q049::17
Part3/outputs/answers_qwen25_7b.csv,answers_qwen25_7b,Q049,Y,Foods,18,yogurt,yogurt,1,1,0,Q049::18
Part3/outputs/answers_qwen25_7b.csv,answers_qwen25_7b,Q049,Y,Foods,19,yogurt,yogurt,1,1,0,Q049::19
Part3/outputs/answers_qwen25_7b.csv,answers_qwen25_7b,Q050,Y,Things at a party,0,yacht party,yacht party,0,0,0,Q050::0
Part3/outputs/answers_qwen25_7b.csv,answers_qwen25_7b,Q050,Y,Things at a party,1,yacht,yacht,0,0,0,Q050::1
Part3/outputs/answers_qwen25_7b.csv,answers_qwen25_7b,Q050,Y,Things at a party,2,yoghurt dips,yoghurt dips,0,0,0,Q050::2
Part3/outputs/answers_qwen25_7b.csv,answers_qwen25_7b,Q050,Y,Things at a party,3,yacht party,yacht party,0,0,0,Q050::3
Part3/outputs/answers_qwen25_7b.csv,answers_qwen25_7b,Q050,Y,Things at a party,4,yaml eggs,yaml eggs,0,0,0,Q050::4
Part3/outputs/answers_qwen25_7b.csv,answers_qwen25_7b,Q050,Y,Things at a party,5,yacht party,yacht party,0,0,0,Q050::5
Part3/outputs/answers_qwen25_7b.csv,answers_qwen25_7b,Q050,Y,Things at a party,6,yummy snacks,yummy snacks,0,0,0,Q050::6
Part3/outputs/answers_qwen25_7b.csv,answers_qwen25_7b,Q050,Y,Things at a party,7,yacht party,yacht party,0,0,0,Q050::7
Part3/outputs/answers_qwen25_7b.csv,answers_qwen25_7b,Q050,Y,Things at a party,8,yacht party,yacht party,0,0,0,Q050::8
Part3/outputs/answers_qwen25_7b.csv,answers_qwen25_7b,Q050,Y,Things at a party,9,yacht,yacht,0,0,0,Q050::9
Part3/outputs/answers_qwen25_7b.csv,answers_qwen25_7b,Q050,Y,Things at a party,10,yacht party,yacht party,0,0,0,Q050::10
Part3/outputs/answers_qwen25_7b.csv,answers_qwen25_7b,Q050,Y,Things at a party,11,yacht party,yacht party,0,0,0,Q050::11
Part3/outputs/answers_qwen25_7b.csv,answers_qwen25_7b,Q050,Y,Things at a party,12,yellow lights,yellow lights,1,0,1,Q050::12
Part3/outputs/answers_qwen25_7b.csv,answers_qwen25_7b,Q050,Y,Things at a party,13,yogurt,yogurt,0,0,0,Q050::13
Part3/outputs/answers_qwen25_7b.csv,answers_qwen25_7b,Q050,Y,Things at a party,14,yacht,yacht,0,0,0,Q050::14
Part3/outputs/answers_qwen25_7b.csv,answers_qwen25_7b,Q050,Y,Things at a party,15,yacht,yacht,0,0,0,Q050::15
Part3/outputs/answers_qwen25_7b.csv,answers_qwen25_7b,Q050,Y,Things at a party,16,yacht,yacht,0,0,0,Q050::16
Part3/outputs/answers_qwen25_7b.csv,answers_qwen25_7b,Q050,Y,Things at a party,17,popcorn,popcorn,0,0,0,Q050::17
Part3/outputs/answers_qwen25_7b.csv,answers_qwen25_7b,Q050,Y,Things at a party,18,yacht party,yacht party,0,0,0,Q050::18
Part3/outputs/answers_qwen25_7b.csv,answers_qwen25_7b,Q050,Y,Things at a party,19,yacht party,yacht party,0,0,0,Q050::19
Part3/outputs/answers_qwen25_7b.csv,answers_qwen25_7b,Q051,Z,Animals,0,zebra,zebra,1,1,0,Q051::0
Part3/outputs/answers_qwen25_7b.csv,answers_qwen25_7b,Q051,Z,Animals,1,zebra,zebra,1,1,0,Q051::1
Part3/outputs/answers_qwen25_7b.csv,answers_qwen25_7b,Q051,Z,Animals,2,zebra,zebra,1,1,0,Q051::2
Part3/outputs/answers_qwen25_7b.csv,answers_qwen25_7b,Q051,Z,Animals,3,zebra,zebra,1,1,0,Q051::3
Part3/outputs/answers_qwen25_7b.csv,answers_qwen25_7b,Q051,Z,Animals,4,zoo,zoo,0,0,0,Q051::4
Part3/outputs/answers_qwen25_7b.csv,answers_qwen25_7b,Q051,Z,Animals,5,zebra,zebra,1,1,0,Q051::5
Part3/outputs/answers_qwen25_7b.csv,answers_qwen25_7b,Q051,Z,Animals,6,zebra,zebra,1,1,0,Q051::6
Part3/outputs/answers_qwen25_7b.csv,answers_qwen25_7b,Q051,Z,Animals,7,zebra,zebra,1,1,0,Q051::7
Part3/outputs/answers_qwen25_7b.csv,answers_qwen25_7b,Q051,Z,Animals,8,zebra,zebra,1,1,0,Q051::8
Part3/outputs/answers_qwen25_7b.csv,answers_qwen25_7b,Q051,Z,Animals,9,zebra,zebra,1,1,0,Q051::9
Part3/outputs/answers_qwen25_7b.csv,answers_qwen25_7b,Q051,Z,Animals,10,zebra,zebra,1,1,0,Q051::10
Part3/outputs/answers_qwen25_7b.csv,answers_qwen25_7b,Q051,Z,Animals,11,zebra,zebra,1,1,0,Q051::11
Part3/outputs/answers_qwen25_7b.csv,answers_qwen25_7b,Q051,Z,Animals,12,zebra,zebra,1,1,0,Q051::12
Part3/outputs/answers_qwen25_7b.csv,answers_qwen25_7b,Q051,Z,Animals,13,zebra,zebra,1,1,0,Q051::13
Part3/outputs/answers_qwen25_7b.csv,answers_qwen25_7b,Q051,Z,Animals,14,zebra,zebra,1,1,0,Q051::14
Part3/outputs/answers_qwen25_7b.csv,answers_qwen25_7b,Q051,Z,Animals,15,zoo,zoo,0,0,0,Q051::15
Part3/outputs/answers_qwen25_7b.csv,answers_qwen25_7b,Q051,Z,Animals,16,zebra,zebra,1,1,0,Q051::16
Part3/outputs/answers_qwen25_7b.csv,answers_qwen25_7b,Q051,Z,Animals,17,zebra,zebra,1,1,0,Q051::17
Part3/outputs/answers_qwen25_7b.csv,answers_qwen25_7b,Q051,Z,Animals,18,zebra,zebra,1,1,0,Q051::18
Part3/outputs/answers_qwen25_7b.csv,answers_qwen25_7b,Q051,Z,Animals,19,zebra,zebra,1,1,0,Q051::19
Part3/outputs/answers_qwen25_7b.csv,answers_qwen25_7b,Q052,Z,Things in a zoo,0,zebra,zebra,1,0,1,Q052::0
Part3/outputs/answers_qwen25_7b.csv,answers_qwen25_7b,Q052,Z,Things in a zoo,1,zebra,zebra,1,1,0,Q052::1
Part3/outputs/answers_qwen25_7b.csv,answers_qwen25_7b,Q052,Z,Things in a zoo,2,zebra,zebra,1,0,1,Q052::2
Part3/outputs/answers_qwen25_7b.csv,answers_qwen25_7b,Q052,Z,Things in a zoo,3,zebra,zebra,1,1,0,Q052::3
Part3/outputs/answers_qwen25_7b.csv,answers_qwen25_7b,Q052,Z,Things in a zoo,4,zebra,zebra,1,0,1,Q052::4
Part3/outputs/answers_qwen25_7b.csv,answers_qwen25_7b,Q052,Z,Things in a zoo,5,zebra,zebra,1,1,0,Q052::5
Part3/outputs/answers_qwen25_7b.csv,answers_qwen25_7b,Q052,Z,Things in a zoo,6,zebra,zebra,1,1,0,Q052::6
Part3/outputs/answers_qwen25_7b.csv,answers_qwen25_7b,Q052,Z,Things in a zoo,7,zebra,zebra,1,1,0,Q052::7
Part3/outputs/answers_qwen25_7b.csv,answers_qwen25_7b,Q052,Z,Things in a zoo,8,zebra,zebra,1,1,0,Q052::8
Part3/outputs/answers_qwen25_7b.csv,answers_qwen25_7b,Q052,Z,Things in a zoo,9,zebra,zebra,1,1,0,Q052::9
Part3/outputs/answers_qwen25_7b.csv,answers_qwen25_7b,Q052,Z,Things in a zoo,10,zookeeper,zookeeper,1,0,1,Q052::10
Part3/outputs/answers_qwen25_7b.csv,answers_qwen25_7b,Q052,Z,Things in a zoo,11,zebra,zebra,1,0,1,Q052::11
Part3/outputs/answers_qwen25_7b.csv,answers_qwen25_7b,Q052,Z,Things in a zoo,12,zebra,zebra,1,0,1,Q052::12
Part3/outputs/answers_qwen25_7b.csv,answers_qwen25_7b,Q052,Z,Things in a zoo,13,zebra,zebra,1,1,0,Q052::13
Part3/outputs/answers_qwen25_7b.csv,answers_qwen25_7b,Q052,Z,Things in a zoo,14,zebra,zebra,1,0,1,Q052::14
Part3/outputs/answers_qwen25_7b.csv,answers_qwen25_7b,Q052,Z,Things in a zoo,15,zebra,zebra,1,0,1,Q052::15
Part3/outputs/answers_qwen25_7b.csv,answers_qwen25_7b,Q052,Z,Things in a zoo,16,zebra,zebra,1,1,0,Q052::16
Part3/outputs/answers_qwen25_7b.csv,answers_qwen25_7b,Q052,Z,Things in a zoo,17,zebra,zebra,1,1,0,Q052::17
Part3/outputs/answers_qwen25_7b.csv,answers_qwen25_7b,Q052,Z,Things in a zoo,18,zebra,zebra,1,0,1,Q052::18
Part3/outputs/answers_qwen25_7b.csv,answers_qwen25_7b,Q052,Z,Things in a zoo,19,zebra,zebra,1,1,0,Q052::19
Part3/outputs/answers_qwen25_7b.csv,answers_qwen25_7b,Q053,A,Things in a kitchen,0,apple,apple,0,0,0,Q053::0
Part3/outputs/answers_qwen25_7b.csv,answers_qwen25_7b,Q053,A,Things in a kitchen,1,apple,apple,0,0,0,Q053::1
Part3/outputs/answers_qwen25_7b.csv,answers_qwen25_7b,Q053,A,Things in a kitchen,2,apple,apple,0,0,0,Q053::2
Part3/outputs/answers_qwen25_7b.csv,answers_qwen25_7b,Q053,A,Things in a kitchen,3,apple,apple,0,0,0,Q053::3
Part3/outputs/answers_qwen25_7b.csv,answers_qwen25_7b,Q053,A,Things in a kitchen,4,apron,apron,1,0,1,Q053::4
Part3/outputs/answers_qwen25_7b.csv,answers_qwen25_7b,Q053,A,Things in a kitchen,5,apple,apple,0,0,0,Q053::5
Part3/outputs/answers_qwen25_7b.csv,answers_qwen25_7b,Q053,A,Things in a kitchen,6,apple,apple,0,0,0,Q053::6
Part3/outputs/answers_qwen25_7b.csv,answers_qwen25_7b,Q053,A,Things in a kitchen,7,apple,apple,0,0,0,Q053::7
Part3/outputs/answers_qwen25_7b.csv,answers_qwen25_7b,Q053,A,Things in a kitchen,8,apron,apron,1,0,1,Q053::8
Part3/outputs/answers_qwen25_7b.csv,answers_qwen25_7b,Q053,A,Things in a kitchen,9,apron,apron,1,0,1,Q053::9
Part3/outputs/answers_qwen25_7b.csv,answers_qwen25_7b,Q053,A,Things in a kitchen,10,apron,apron,1,0,1,Q053::10
Part3/outputs/answers_qwen25_7b.csv,answers_qwen25_7b,Q053,A,Things in a kitchen,11,apple,apple,0,0,0,Q053::11
Part3/outputs/answers_qwen25_7b.csv,answers_qwen25_7b,Q053,A,Things in a kitchen,12,apron,apron,1,0,1,Q053::12
Part3/outputs/answers_qwen25_7b.csv,answers_qwen25_7b,Q053,A,Things in a kitchen,13,apple,apple,0,0,0,Q053::13
Part3/outputs/answers_qwen25_7b.csv,answers_qwen25_7b,Q053,A,Things in a kitchen,14,apple,apple,0,0,0,Q053::14
Part3/outputs/answers_qwen25_7b.csv,answers_qwen25_7b,Q053,A,Things in a kitchen,15,apple,apple,0,0,0,Q053::15
Part3/outputs/answers_qwen25_7b.csv,answers_qwen25_7b,Q053,A,Things in a kitchen,16,knife,knife,0,0,0,Q053::16
Part3/outputs/answers_qwen25_7b.csv,answers_qwen25_7b,Q053,A,Things in a kitchen,17,apple,apple,0,0,0,Q053::17
Part3/outputs/answers_qwen25_7b.csv,answers_qwen25_7b,Q053,A,Things in a kitchen,18,apple,apple,0,0,0,Q053::18
Part3/outputs/answers_qwen25_7b.csv,answers_qwen25_7b,Q053,A,Things in a kitchen,19,apple,apple,0,0,0,Q053::19
Part3/outputs/answers_qwen25_7b.csv,answers_qwen25_7b,Q054,B,Singers,0,bruno mars,bruno mars,1,0,1,Q054::0
Part3/outputs/answers_qwen25_7b.csv,answers_qwen25_7b,Q054,B,Singers,1,brandy歌手,brandy,1,0,1,Q054::1
Part3/outputs/answers_qwen25_7b.csv,answers_qwen25_7b,Q054,B,Singers,2,backstreet boys,backstreet boys,1,0,1,Q054::2
Part3/outputs/answers_qwen25_7b.csv,answers_qwen25_7b,Q054,B,Singers,3,bruce springsteen,bruce springsteen,1,0,1,Q054::3
Part3/outputs/answers_qwen25_7b.csv,answers_qwen25_7b,Q054,B,Singers,4,backstreet boys,backstreet boys,1,0,1,Q054::4
Part3/outputs/answers_qwen25_7b.csv,answers_qwen25_7b,Q054,B,Singers,5,britney spears,britney spears,1,0,1,Q054::5
Part3/outputs/answers_qwen25_7b.csv,answers_qwen25_7b,Q054,B,Singers,6,beyoncé,beyonc,0,0,0,Q054::6
Part3/outputs/answers_qwen25_7b.csv,answers_qwen25_7b,Q054,B,Singers,7,brandykkeeps,brandykkeeps,0,0,0,Q054::7
Part3/outputs/answers_qwen25_7b.csv,answers_qwen25_7b,Q054,B,Singers,8,beyoncé,beyonc,0,0,0,Q054::8
Part3/outputs/answers_qwen25_7b.csv,answers_qwen25_7b,Q054,B,Singers,9,brandy norris,brandy norris,0,0,0,Q054::9
Part3/outputs/answers_qwen25_7b.csv,answers_qwen25_7b,Q054,B,Singers,10,beck,beck,1,0,1,Q054::10
Part3/outputs/answers_qwen25_7b.csv,answers_qwen25_7b,Q054,B,Singers,11,beyoncé,beyonc,0,0,0,Q054::11
Part3/outputs/answers_qwen25_7b.csv,answers_qwen25_7b,Q054,B,Singers,12,britney spears,britney spears,1,0,1,Q054::12
Part3/outputs/answers_qwen25_7b.csv,answers_qwen25_7b,Q054,B,Singers,13,bruno mars,bruno mars,1,0,1,Q054::13
Part3/outputs/answers_qwen25_7b.csv,answers_qwen25_7b,Q054,B,Singers,14,beyoncé,beyonc,0,0,0,Q054::14
Part3/outputs/answers_qwen25_7b.csv,answers_qwen25_7b,Q054,B,Singers,15,bruce springsteen,bruce springsteen,1,0,1,Q054::15
Part3/outputs/answers_qwen25_7b.csv,answers_qwen25_7b,Q054,B,Singers,16,bruno mars,bruno mars,1,0,1,Q054::16
Part3/outputs/answers_qwen25_7b.csv,answers_qwen25_7b,Q054,B,Singers,17,britney spears,britney spears,1,1,0,Q054::17
Part3/outputs/answers_qwen25_7b.csv,answers_qwen25_7b,Q054,B,Singers,18,brandykkearsley,brandykkearsley,0,0,0,Q054::18
Part3/outputs/answers_qwen25_7b.csv,answers_qwen25_7b,Q054,B,Singers,19,brandy singer,brandy singer,1,0,1,Q054::19
Part3/outputs/answers_qwen25_7b.csv,answers_qwen25_7b,Q055,C,Desserts,0,chocolate cake,chocolate cake,1,0,1,Q055::0
Part3/outputs/answers_qwen25_7b.csv,answers_qwen25_7b,Q055,C,Desserts,1,chocolate cake,chocolate cake,1,0,1,Q055::1
Part3/outputs/answers_qwen25_7b.csv,answers_qwen25_7b,Q055,C,Desserts,2,chocolate cake,chocolate cake,1,0,1,Q055::2
Part3/outputs/answers_qwen25_7b.csv,answers_qwen25_7b,Q055,C,Desserts,3,chocolate cake,chocolate cake,1,0,1,Q055::3
Part3/outputs/answers_qwen25_7b.csv,answers_qwen25_7b,Q055,C,Desserts,4,chocolate cake,chocolate cake,1,0,1,Q055::4
Part3/outputs/answers_qwen25_7b.csv,answers_qwen25_7b,Q055,C,Desserts,5,chocolate cake,chocolate cake,1,0,1,Q055::5
Part3/outputs/answers_qwen25_7b.csv,answers_qwen25_7b,Q055,C,Desserts,6,chocolate cake,chocolate cake,1,0,1,Q055::6
Part3/outputs/answers_qwen25_7b.csv,answers_qwen25_7b,Q055,C,Desserts,7,chocolate cake,chocolate cake,1,0,1,Q055::7
Part3/outputs/answers_qwen25_7b.csv,answers_qwen25_7b,Q055,C,Desserts,8,chocolate cake,chocolate cake,1,0,1,Q055::8
Part3/outputs/answers_qwen25_7b.csv,answers_qwen25_7b,Q055,C,Desserts,9,chocolate cake,chocolate cake,1,0,1,Q055::9
Part3/outputs/answers_qwen25_7b.csv,answers_qwen25_7b,Q055,C,Desserts,10,chocolate cake,chocolate cake,1,0,1,Q055::10
Part3/outputs/answers_qwen25_7b.csv,answers_qwen25_7b,Q055,C,Desserts,11,chocolate cake,chocolate cake,1,0,1,Q055::11
Part3/outputs/answers_qwen25_7b.csv,answers_qwen25_7b,Q055,C,Desserts,12,chocolate cake,chocolate cake,1,0,1,Q055::12
Part3/outputs/answers_qwen25_7b.csv,answers_qwen25_7b,Q055,C,Desserts,13,chocolate cake,chocolate cake,1,0,1,Q055::13
Part3/outputs/answers_qwen25_7b.csv,answers_qwen25_7b,Q055,C,Desserts,14,chocolate cake,chocolate cake,1,0,1,Q055::14
Part3/outputs/answers_qwen25_7b.csv,answers_qwen25_7b,Q055,C,Desserts,15,chocolate cake,chocolate cake,1,0,1,Q055::15
Part3/outputs/answers_qwen25_7b.csv,answers_qwen25_7b,Q055,C,Desserts,16,chocolate cake,chocolate cake,1,0,1,Q055::16
Part3/outputs/answers_qwen25_7b.csv,answers_qwen25_7b,Q055,C,Desserts,17,chocolate cake,chocolate cake,1,0,1,Q055::17
Part3/outputs/answers_qwen25_7b.csv,answers_qwen25_7b,Q055,C,Desserts,18,chocolate cake,chocolate cake,1,0,1,Q055::18
Part3/outputs/answers_qwen25_7b.csv,answers_qwen25_7b,Q055,C,Desserts,19,chocolate cake,chocolate cake,1,0,1,Q055::19
Part3/outputs/answers_qwen25_7b.csv,answers_qwen25_7b,Q056,D,Plants,0,daisy,daisy,1,0,1,Q056::0
Part3/outputs/answers_qwen25_7b.csv,answers_qwen25_7b,Q056,D,Plants,1,daisy,daisy,1,1,0,Q056::1
Part3/outputs/answers_qwen25_7b.csv,answers_qwen25_7b,Q056,D,Plants,2,daisy,daisy,1,0,1,Q056::2
Part3/outputs/answers_qwen25_7b.csv,answers_qwen25_7b,Q056,D,Plants,3,daisy,daisy,1,0,1,Q056::3
Part3/outputs/answers_qwen25_7b.csv,answers_qwen25_7b,Q056,D,Plants,4,daisy,daisy,1,0,1,Q056::4
Part3/outputs/answers_qwen25_7b.csv,answers_qwen25_7b,Q056,D,Plants,5,dandelion,dandelion,1,0,1,Q056::5
Part3/outputs/answers_qwen25_7b.csv,answers_qwen25_7b,Q056,D,Plants,6,daisy,daisy,1,1,0,Q056::6
Part3/outputs/answers_qwen25_7b.csv,answers_qwen25_7b,Q056,D,Plants,7,daisy,daisy,1,1,0,Q056::7
Part3/outputs/answers_qwen25_7b.csv,answers_qwen25_7b,Q056,D,Plants,8,daisy,daisy,1,1,0,Q056::8
Part3/outputs/answers_qwen25_7b.csv,answers_qwen25_7b,Q056,D,Plants,9,dandelion,dandelion,1,0,1,Q056::9
Part3/outputs/answers_qwen25_7b.csv,answers_qwen25_7b,Q056,D,Plants,10,daisy,daisy,1,1,0,Q056::10
Part3/outputs/answers_qwen25_7b.csv,answers_qwen25_7b,Q056,D,Plants,11,daisy,daisy,1,0,1,Q056::11
Part3/outputs/answers_qwen25_7b.csv,answers_qwen25_7b,Q056,D,Plants,12,daisy,daisy,1,0,1,Q056::12
Part3/outputs/answers_qwen25_7b.csv,answers_qwen25_7b,Q056,D,Plants,13,daisy,daisy,1,1,0,Q056::13
Part3/outputs/answers_qwen25_7b.csv,answers_qwen25_7b,Q056,D,Plants,14,daisy,daisy,1,1,0,Q056::14
Part3/outputs/answers_qwen25_7b.csv,answers_qwen25_7b,Q056,D,Plants,15,daisy,daisy,1,0,1,Q056::15
Part3/outputs/answers_qwen25_7b.csv,answers_qwen25_7b,Q056,D,Plants,16,daisy,daisy,1,1,0,Q056::16
Part3/outputs/answers_qwen25_7b.csv,answers_qwen25_7b,Q056,D,Plants,17,daisy,daisy,1,0,1,Q056::17
Part3/outputs/answers_qwen25_7b.csv,answers_qwen25_7b,Q056,D,Plants,18,daisy,daisy,1,0,1,Q056::18
Part3/outputs/answers_qwen25_7b.csv,answers_qwen25_7b,Q056,D,Plants,19,daisy,daisy,1,1,0,Q056::19
Part3/outputs/answers_qwen25_7b.csv,answers_qwen25_7b,Q057,E,Companies,0,economex,economex,0,0,0,Q057::0
Part3/outputs/answers_qwen25_7b.csv,answers_qwen25_7b,Q057,E,Companies,1,eBay,ebay,1,0,1,Q057::1
Part3/outputs/answers_qwen25_7b.csv,answers_qwen25_7b,Q057,E,Companies,2,eBay,ebay,1,1,0,Q057::2
Part3/outputs/answers_qwen25_7b.csv,answers_qwen25_7b,Q057,E,Companies,3,ebay,ebay,1,0,1,Q057::3
Part3/outputs/answers_qwen25_7b.csv,answers_qwen25_7b,Q057,E,Companies,4,ebay,ebay,1,0,1,Q057::4
Part3/outputs/answers_qwen25_7b.csv,answers_qwen25_7b,Q057,E,Companies,5,ebay,ebay,1,0,1,Q057::5
Part3/outputs/answers_qwen25_7b.csv,answers_qwen25_7b,Q057,E,Companies,6,e bay,e bay,1,0,1,Q057::6
Part3/outputs/answers_qwen25_7b.csv,answers_qwen25_7b,Q057,E,Companies,7,e bay,e bay,1,1,0,Q057::7
Part3/outputs/answers_qwen25_7b.csv,answers_qwen25_7b,Q057,E,Companies,8,economex,economex,0,0,0,Q057::8
Part3/outputs/answers_qwen25_7b.csv,answers_qwen25_7b,Q057,E,Companies,9,eBay,ebay,1,1,0,Q057::9
Part3/outputs/answers_qwen25_7b.csv,answers_qwen25_7b,Q057,E,Companies,10,ebay,ebay,1,1,0,Q057::10
Part3/outputs/answers_qwen25_7b.csv,answers_qwen25_7b,Q057,E,Companies,11,eaton,eaton,1,0,1,Q057::11
Part3/outputs/answers_qwen25_7b.csv,answers_qwen25_7b,Q057,E,Companies,12,ebay,ebay,1,0,1,Q057::12
Part3/outputs/answers_qwen25_7b.csv,answers_qwen25_7b,Q057,E,Companies,13,ebay,ebay,1,1,0,Q057::13
Part3/outputs/answers_qwen25_7b.csv,answers_qwen25_7b,Q057,E,Companies,14,eBay,ebay,1,1,0,Q057::14
Part3/outputs/answers_qwen25_7b.csv,answers_qwen25_7b,Q057,E,Companies,15,eastman kodak,eastman kodak,0,0,0,Q057::15
Part3/outputs/answers_qwen25_7b.csv,answers_qwen25_7b,Q057,E,Companies,16,ebay,ebay,1,0,1,Q057::16
Part3/outputs/answers_qwen25_7b.csv,answers_qwen25_7b,Q057,E,Companies,17,exxon mobil,exxon mobil,1,0,1,Q057::17
Part3/outputs/answers_qwen25_7b.csv,answers_qwen25_7b,Q057,E,Companies,18,eastman kobalt,eastman kobalt,0,0,0,Q057::18
Part3/outputs/answers_qwen25_7b.csv,answers_qwen25_7b,Q057,E,Companies,19,ebay,ebay,1,0,1,Q057::19
Part3/outputs/answers_qwen25_7b.csv,answers_qwen25_7b,Q058,F,Movie characters,0,frodo baggins,frodo baggins,1,0,1,Q058::0
Part3/outputs/answers_qwen25_7b.csv,answers_qwen25_7b,Q058,F,Movie characters,1,frankenstein,frankenstein,0,0,0,Q058::1
Part3/outputs/answers_qwen25_7b.csv,answers_qwen25_7b,Q058,F,Movie characters,2,ferris bueller,ferris bueller,1,0,1,Q058::2
Part3/outputs/answers_qwen25_7b.csv,answers_qwen25_7b,Q058,F,Movie characters,3,freddy krueger,freddy krueger,1,0,1,Q058::3
Part3/outputs/answers_qwen25_7b.csv,answers_qwen25_7b,Q058,F,Movie characters,4,fred flintstone,fred flintstone,1,0,1,Q058::4
Part3/outputs/answers_qwen25_7b.csv,answers_qwen25_7b,Q058,F,Movie characters,5,forrest gump,forrest gump,1,0,1,Q058::5
Part3/outputs/answers_qwen25_7b.csv,answers_qwen25_7b,Q058,F,Movie characters,6,fred flintstone,fred flintstone,1,0,1,Q058::6
Part3/outputs/answers_qwen25_7b.csv,answers_qwen25_7b,Q058,F,Movie characters,7,fred flintstone,fred flintstone,1,0,1,Q058::7
Part3/outputs/answers_qwen25_7b.csv,answers_qwen25_7b,Q058,F,Movie characters,8,friday lettice,friday lettice,0,0,0,Q058::8
Part3/outputs/answers_qwen25_7b.csv,answers_qwen25_7b,Q058,F,Movie characters,9,fred flintstone,fred flintstone,1,0,1,Q058::9
Part3/outputs/answers_qwen25_7b.csv,answers_qwen25_7b,Q058,F,Movie characters,10,fred flintstone,fred flintstone,1,0,1,Q058::10
Part3/outputs/answers_qwen25_7b.csv,answers_qwen25_7b,Q058,F,Movie characters,11,fred flintstone,fred flintstone,1,0,1,Q058::11
Part3/outputs/answers_qwen25_7b.csv,answers_qwen25_7b,Q058,F,Movie characters,12,fred flintstone,fred flintstone,1,0,1,Q058::12
Part3/outputs/answers_qwen25_7b.csv,answers_qwen25_7b,Q058,F,Movie characters,13,frodo baggins,frodo baggins,1,0,1,Q058::13
Part3/outputs/answers_qwen25_7b.csv,answers_qwen25_7b,Q058,F,Movie characters,14,fred flintstone,fred flintstone,1,0,1,Q058::14
Part3/outputs/answers_qwen25_7b.csv,answers_qwen25_7b,Q058,F,Movie characters,15,frodo baggins,frodo baggins,1,1,0,Q058::15
Part3/outputs/answers_qwen25_7b.csv,answers_qwen25_7b,Q058,F,Movie characters,16,fred flintstone,fred flintstone,1,0,1,Q058::16
Part3/outputs/answers_qwen25_7b.csv,answers_qwen25_7b,Q058,F,Movie characters,17,fred flintstone,fred flintstone,1,0,1,Q058::17
Part3/outputs/answers_qwen25_7b.csv,answers_qwen25_7b,Q058,F,Movie characters,18,forrest gump,forrest gump,1,0,1,Q058::18
Part3/outputs/answers_qwen25_7b.csv,answers_qwen25_7b,Q058,F,Movie characters,19,fred flintstone,fred flintstone,1,0,1,Q058::19
Part3/outputs/answers_qwen25_7b.csv,answers_qwen25_7b,Q059,G,Things in a toolbox,0,hammer,hammer,1,0,1,Q059::0
Part3/outputs/answers_qwen25_7b.csv,answers_qwen25_7b,Q059,G,Things in a toolbox,1,hammer,hammer,1,1,0,Q059::1
Part3/outputs/answers_qwen25_7b.csv,answers_qwen25_7b,Q059,G,Things in a toolbox,2,hammer,hammer,1,0,1,Q059::2
Part3/outputs/answers_qwen25_7b.csv,answers_qwen25_7b,Q059,G,Things in a toolbox,3,hammer,hammer,1,0,1,Q059::3
Part3/outputs/answers_qwen25_7b.csv,answers_qwen25_7b,Q059,G,Things in a toolbox,4,hammer,hammer,1,0,1,Q059::4
Part3/outputs/answers_qwen25_7b.csv,answers_qwen25_7b,Q059,G,Things in a toolbox,5,hammer,hammer,1,0,1,Q059::5
Part3/outputs/answers_qwen25_7b.csv,answers_qwen25_7b,Q059,G,Things in a toolbox,6,hammer,hammer,1,1,0,Q059::6
Part3/outputs/answers_qwen25_7b.csv,answers_qwen25_7b,Q059,G,Things in a toolbox,7,hammer,hammer,1,0,1,Q059::7
Part3/outputs/answers_qwen25_7b.csv,answers_qwen25_7b,Q059,G,Things in a toolbox,8,hammer,hammer,1,1,0,Q059::8
Part3/outputs/answers_qwen25_7b.csv,answers_qwen25_7b,Q059,G,Things in a toolbox,9,hammer,hammer,1,0,1,Q059::9
Part3/outputs/answers_qwen25_7b.csv,answers_qwen25_7b,Q059,G,Things in a toolbox,10,hammer,hammer,1,0,1,Q059::10
Part3/outputs/answers_qwen25_7b.csv,answers_qwen25_7b,Q059,G,Things in a toolbox,11,hammer gunnelle,hammer gunnelle,0,0,0,Q059::11
Part3/outputs/answers_qwen25_7b.csv,answers_qwen25_7b,Q059,G,Things in a toolbox,12,hammer gun,hammer gun,0,0,0,Q059::12
Part3/outputs/answers_qwen25_7b.csv,answers_qwen25_7b,Q059,G,Things in a toolbox,13,hammer,hammer,1,0,1,Q059::13
Part3/outputs/answers_qwen25_7b.csv,answers_qwen25_7b,Q059,G,Things in a toolbox,14,hammer,hammer,1,0,1,Q059::14
Part3/outputs/answers_qwen25_7b.csv,answers_qwen25_7b,Q059,G,Things in a toolbox,15,hammer,hammer,1,0,1,Q059::15
Part3/outputs/answers_qwen25_7b.csv,answers_qwen25_7b,Q059,G,Things in a toolbox,16,hammer,hammer,1,0,1,Q059::16
Part3/outputs/answers_qwen25_7b.csv,answers_qwen25_7b,Q059,G,Things in a toolbox,17,hammer,hammer,1,0,1,Q059::17
Part3/outputs/answers_qwen25_7b.csv,answers_qwen25_7b,Q059,G,Things in a toolbox,18,hammer,hammer,1,0,1,Q059::18
Part3/outputs/answers_qwen25_7b.csv,answers_qwen25_7b,Q059,G,Things in a toolbox,19,hammer gunnivelatorpliersplane,hammer gunnivelatorpliersplane,0,0,0,Q059::19
Part3/outputs/answers_qwen25_7b.csv,answers_qwen25_7b,Q060,H,Countries,0,honduras,honduras,1,1,0,Q060::0
Part3/outputs/answers_qwen25_7b.csv,answers_qwen25_7b,Q060,H,Countries,1,hong kong,hong kong,0,0,0,Q060::1
Part3/outputs/answers_qwen25_7b.csv,answers_qwen25_7b,Q060,H,Countries,2,hong kong,hong kong,0,0,0,Q060::2
Part3/outputs/answers_qwen25_7b.csv,answers_qwen25_7b,Q060,H,Countries,3,hungary,hungary,1,0,1,Q060::3
Part3/outputs/answers_qwen25_7b.csv,answers_qwen25_7b,Q060,H,Countries,4,honduras,honduras,1,1,0,Q060::4
Part3/outputs/answers_qwen25_7b.csv,answers_qwen25_7b,Q060,H,Countries,5,honduras,honduras,1,0,1,Q060::5
Part3/outputs/answers_qwen25_7b.csv,answers_qwen25_7b,Q060,H,Countries,6,honduras,honduras,1,0,1,Q060::6
Part3/outputs/answers_qwen25_7b.csv,answers_qwen25_7b,Q060,H,Countries,7,honduras,honduras,1,0,1,Q060::7
Part3/outputs/answers_qwen25_7b.csv,answers_qwen25_7b,Q060,H,Countries,8,hungary,hungary,1,0,1,Q060::8
Part3/outputs/answers_qwen25_7b.csv,answers_qwen25_7b,Q060,H,Countries,9,hungary,hungary,1,0,1,Q060::9
Part3/outputs/answers_qwen25_7b.csv,answers_qwen25_7b,Q060,H,Countries,10,hungary,hungary,1,0,1,Q060::10
Part3/outputs/answers_qwen25_7b.csv,answers_qwen25_7b,Q060,H,Countries,11,honduras,honduras,1,0,1,Q060::11
Part3/outputs/answers_qwen25_7b.csv,answers_qwen25_7b,Q060,H,Countries,12,hong kong,hong kong,0,0,0,Q060::12
Part3/outputs/answers_qwen25_7b.csv,answers_qwen25_7b,Q060,H,Countries,13,hungary,hungary,1,0,1,Q060::13
Part3/outputs/answers_qwen25_7b.csv,answers_qwen25_7b,Q060,H,Countries,14,hungary,hungary,1,0,1,Q060::14
Part3/outputs/answers_qwen25_7b.csv,answers_qwen25_7b,Q060,H,Countries,15,honduras,honduras,1,1,0,Q060::15
Part3/outputs/answers_qwen25_7b.csv,answers_qwen25_7b,Q060,H,Countries,16,honduras,honduras,1,1,0,Q060::16
Part3/outputs/answers_qwen25_7b.csv,answers_qwen25_7b,Q060,H,Countries,17,haiti,haiti,1,0,1,Q060::17
Part3/outputs/answers_qwen25_7b.csv,answers_qwen25_7b,Q060,H,Countries,18,honduras,honduras,1,0,1,Q060::18
Part3/outputs/answers_qwen25_7b.csv,answers_qwen25_7b,Q060,H,Countries,19,hong kong,hong kong,0,0,0,Q060::19
Part3/outputs/answers_qwen25_7b.csv,answers_qwen25_7b,Q061,I,Musical artists,0,ironic alice cooper,ironic alice cooper,0,0,0,Q061::0
Part3/outputs/answers_qwen25_7b.csv,answers_qwen25_7b,Q061,I,Musical artists,1,ironic ice crusaders,ironic ice crusaders,0,0,0,Q061::1
Part3/outputs/answers_qwen25_7b.csv,answers_qwen25_7b,Q061,I,Musical artists,2,ironic iggy,ironic iggy,0,0,0,Q061::2
Part3/outputs/answers_qwen25_7b.csv,answers_qwen25_7b,Q061,I,Musical artists,3,igor stravinsky,igor stravinsky,0,0,0,Q061::3
Part3/outputs/answers_qwen25_7b.csv,answers_qwen25_7b,Q061,I,Musical artists,4,ironic iggy,ironic iggy,0,0,0,Q061::4
Part3/outputs/answers_qwen25_7b.csv,answers_qwen25_7b,Q061,I,Musical artists,5,ina giroldi,ina giroldi,0,0,0,Q061::5
Part3/outputs/answers_qwen25_7b.csv,answers_qwen25_7b,Q061,I,Musical artists,6,igor stravinsky,igor stravinsky,0,0,0,Q061::6
Part3/outputs/answers_qwen25_7b.csv,answers_qwen25_7b,Q061,I,Musical artists,7,ironic,ironic,0,0,0,Q061::7
Part3/outputs/answers_qwen25_7b.csv,answers_qwen25_7b,Q061,I,Musical artists,8,ironic ivan,ironic ivan,0,0,0,Q061::8
Part3/outputs/answers_qwen25_7b.csv,answers_qwen25_7b,Q061,I,Musical artists,9,ironic iqaluit ivory coast iboga ivory jack逊伊云,ironic iqaluit ivory coast iboga ivory jack,0,0,0,Q061::9
Part3/outputs/answers_qwen25_7b.csv,answers_qwen25_7b,Q061,I,Musical artists,10,ironic ice nine fits Friday,ironic ice nine fits friday,0,0,0,Q061::10
Part3/outputs/answers_qwen25_7b.csv,answers_qwen25_7b,Q061,I,Musical artists,11,ironic irony iggy iggulden,ironic irony iggy iggulden,0,0,0,Q061::11
Part3/outputs/answers_qwen25_7b.csv,answers_qwen25_7b,Q061,I,Musical artists,12,ironic brothers,ironic brothers,0,0,0,Q061::12
Part3/outputs/answers_qwen25_7b.csv,answers_qwen25_7b,Q061,I,Musical artists,13,igor stravinsky,igor stravinsky,0,0,0,Q061::13
Part3/outputs/answers_qwen25_7b.csv,answers_qwen25_7b,Q061,I,Musical artists,14,ironic islanders,ironic islanders,0,0,0,Q061::14
Part3/outputs/answers_qwen25_7b.csv,answers_qwen25_7b,Q061,I,Musical artists,15,ironic iqaluit iceage ice cream incest iggy,ironic iqaluit iceage ice cream incest iggy,0,0,0,Q061::15
Part3/outputs/answers_qwen25_7b.csv,answers_qwen25_7b,Q061,I,Musical artists,16,ina babys back.Pages 1 of 1,ina babys back.pages 1 of 1,0,0,0,Q061::16
Part3/outputs/answers_qwen25_7b.csv,answers_qwen25_7b,Q061,I,Musical artists,17,iron maiden,iron maiden,1,0,1,Q061::17
Part3/outputs/answers_qwen25_7b.csv,answers_qwen25_7b,Q061,I,Musical artists,18,ironic sisters,ironic sisters,0,0,0,Q061::18
Part3/outputs/answers_qwen25_7b.csv,answers_qwen25_7b,Q061,I,Musical artists,19,iron maiden,iron maiden,1,0,1,Q061::19
Part3/outputs/answers_qwen25_7b.csv,answers_qwen25_7b,Q062,J,Things in a refrigerator,0,juice,juice,1,1,0,Q062::0
Part3/outputs/answers_qwen25_7b.csv,answers_qwen25_7b,Q062,J,Things in a refrigerator,1,juice,juice,1,1,0,Q062::1
Part3/outputs/answers_qwen25_7b.csv,answers_qwen25_7b,Q062,J,Things in a refrigerator,2,juice,juice,1,1,0,Q062::2
Part3/outputs/answers_qwen25_7b.csv,answers_qwen25_7b,Q062,J,Things in a refrigerator,3,juice,juice,1,1,0,Q062::3
Part3/outputs/answers_qwen25_7b.csv,answers_qwen25_7b,Q062,J,Things in a refrigerator,4,juice,juice,1,1,0,Q062::4
Part3/outputs/answers_qwen25_7b.csv,answers_qwen25_7b,Q062,J,Things in a refrigerator,5,juice,juice,1,1,0,Q062::5
Part3/outputs/answers_qwen25_7b.csv,answers_qwen25_7b,Q062,J,Things in a refrigerator,6,juice,juice,1,1,0,Q062::6
Part3/outputs/answers_qwen25_7b.csv,answers_qwen25_7b,Q062,J,Things in a refrigerator,7,juice,juice,1,0,1,Q062::7
Part3/outputs/answers_qwen25_7b.csv,answers_qwen25_7b,Q062,J,Things in a refrigerator,8,juice,juice,1,0,1,Q062::8
Part3/outputs/answers_qwen25_7b.csv,answers_qwen25_7b,Q062,J,Things in a refrigerator,9,juice,juice,1,0,1,Q062::9
Part3/outputs/answers_qwen25_7b.csv,answers_qwen25_7b,Q062,J,Things in a refrigerator,10,juice,juice,1,1,0,Q062::10
Part3/outputs/answers_qwen25_7b.csv,answers_qwen25_7b,Q062,J,Things in a refrigerator,11,juice,juice,1,1,0,Q062::11
Part3/outputs/answers_qwen25_7b.csv,answers_qwen25_7b,Q062,J,Things in a refrigerator,12,juice,juice,1,0,1,Q062::12
Part3/outputs/answers_qwen25_7b.csv,answers_qwen25_7b,Q062,J,Things in a refrigerator,13,juice,juice,1,0,1,Q062::13
Part3/outputs/answers_qwen25_7b.csv,answers_qwen25_7b,Q062,J,Things in a refrigerator,14,juice,juice,1,0,1,Q062::14
Part3/outputs/answers_qwen25_7b.csv,answers_qwen25_7b,Q062,J,Things in a refrigerator,15,juice,juice,1,1,0,Q062::15
Part3/outputs/answers_qwen25_7b.csv,answers_qwen25_7b,Q062,J,Things in a refrigerator,16,juice,juice,1,1,0,Q062::16
Part3/outputs/answers_qwen25_7b.csv,answers_qwen25_7b,Q062,J,Things in a refrigerator,17,juice,juice,1,1,0,Q062::17
Part3/outputs/answers_qwen25_7b.csv,answers_qwen25_7b,Q062,J,Things in a refrigerator,18,juice,juice,1,1,0,Q062::18
Part3/outputs/answers_qwen25_7b.csv,answers_qwen25_7b,Q062,J,Things in a refrigerator,19,juice,juice,1,0,1,Q062::19
Part3/outputs/answers_qwen25_7b.csv,answers_qwen25_7b,Q063,K,Cities,0,kansas city,kansas city,1,0,1,Q063::0
Part3/outputs/answers_qwen25_7b.csv,answers_qwen25_7b,Q063,K,Cities,1,knoxville,knoxville,1,0,1,Q063::1
Part3/outputs/answers_qwen25_7b.csv,answers_qwen25_7b,Q063,K,Cities,2,knoxville,knoxville,1,0,1,Q063::2
Part3/outputs/answers_qwen25_7b.csv,answers_qwen25_7b,Q063,K,Cities,3,kent,kent,0,0,0,Q063::3
Part3/outputs/answers_qwen25_7b.csv,answers_qwen25_7b,Q063,K,Cities,4,kiel,kiel,1,0,1,Q063::4
Part3/outputs/answers_qwen25_7b.csv,answers_qwen25_7b,Q063,K,Cities,5,kiel,kiel,1,0,1,Q063::5
Part3/outputs/answers_qwen25_7b.csv,answers_qwen25_7b,Q063,K,Cities,6,kansas city,kansas city,1,1,0,Q063::6
Part3/outputs/answers_qwen25_7b.csv,answers_qwen25_7b,Q063,K,Cities,7,kansas city,kansas city,1,1,0,Q063::7
Part3/outputs/answers_qwen25_7b.csv,answers_qwen25_7b,Q063,K,Cities,8,knoxville,knoxville,1,0,1,Q063::8
Part3/outputs/answers_qwen25_7b.csv,answers_qwen25_7b,Q063,K,Cities,9,kansas city,kansas city,1,1,0,Q063::9
Part3/outputs/answers_qwen25_7b.csv,answers_qwen25_7b,Q063,K,Cities,10,kingston,kingston,1,0,1,Q063::10
Part3/outputs/answers_qwen25_7b.csv,answers_qwen25_7b,Q063,K,Cities,11,knoxville,knoxville,1,0,1,Q063::11
Part3/outputs/answers_qwen25_7b.csv,answers_qwen25_7b,Q063,K,Cities,12,kingston,kingston,1,0,1,Q063::12
Part3/outputs/answers_qwen25_7b.csv,answers_qwen25_7b,Q063,K,Cities,13,kansas city,kansas city,1,1,0,Q063::13
Part3/outputs/answers_qwen25_7b.csv,answers_qwen25_7b,Q063,K,Cities,14,kitchener,kitchener,1,0,1,Q063::14
Part3/outputs/answers_qwen25_7b.csv,answers_qwen25_7b,Q063,K,Cities,15,knoxville,knoxville,1,0,1,Q063::15
Part3/outputs/answers_qwen25_7b.csv,answers_qwen25_7b,Q063,K,Cities,16,kirov,kirov,1,0,1,Q063::16
Part3/outputs/answers_qwen25_7b.csv,answers_qwen25_7b,Q063,K,Cities,17,knoxville,knoxville,1,0,1,Q063::17
Part3/outputs/answers_qwen25_7b.csv,answers_qwen25_7b,Q063,K,Cities,18,kansas city,kansas city,1,0,1,Q063::18
Part3/outputs/answers_qwen25_7b.csv,answers_qwen25_7b,Q063,K,Cities,19,kingston,kingston,1,0,1,Q063::19
Part3/outputs/answers_qwen25_7b.csv,answers_qwen25_7b,Q064,L,Things in a library,0,library card,library card,0,0,0,Q064::0
Part3/outputs/answers_qwen25_7b.csv,answers_qwen25_7b,Q064,L,Things in a library,1,library card,library card,0,0,0,Q064::1
Part3/outputs/answers_qwen25_7b.csv,answers_qwen25_7b,Q064,L,Things in a library,2,library,library,0,0,0,Q064::2
Part3/outputs/answers_qwen25_7b.csv,answers_qwen25_7b,Q064,L,Things in a library,3,library,library,0,0,0,Q064::3
Part3/outputs/answers_qwen25_7b.csv,answers_qwen25_7b,Q064,L,Things in a library,4,library,library,0,0,0,Q064::4
Part3/outputs/answers_qwen25_7b.csv,answers_qwen25_7b,Q064,L,Things in a library,5,library card,library card,0,0,0,Q064::5
Part3/outputs/answers_qwen25_7b.csv,answers_qwen25_7b,Q064,L,Things in a library,6,library card,library card,0,0,0,Q064::6
Part3/outputs/answers_qwen25_7b.csv,answers_qwen25_7b,Q064,L,Things in a library,7,library card,library card,0,0,0,Q064::7
Part3/outputs/answers_qwen25_7b.csv,answers_qwen25_7b,Q064,L,Things in a library,8,library card,library card,0,0,0,Q064::8
Part3/outputs/answers_qwen25_7b.csv,answers_qwen25_7b,Q064,L,Things in a library,9,library,library,0,0,0,Q064::9
Part3/outputs/answers_qwen25_7b.csv,answers_qwen25_7b,Q064,L,Things in a library,10,library card,library card,0,0,0,Q064::10
Part3/outputs/answers_qwen25_7b.csv,answers_qwen25_7b,Q064,L,Things in a library,11,library,library,0,0,0,Q064::11
Part3/outputs/answers_qwen25_7b.csv,answers_qwen25_7b,Q064,L,Things in a library,12,library,library,0,0,0,Q064::12
Part3/outputs/answers_qwen25_7b.csv,answers_qwen25_7b,Q064,L,Things in a library,13,library card,library card,0,0,0,Q064::13
Part3/outputs/answers_qwen25_7b.csv,answers_qwen25_7b,Q064,L,Things in a library,14,library card,library card,0,0,0,Q064::14
Part3/outputs/answers_qwen25_7b.csv,answers_qwen25_7b,Q064,L,Things in a library,15,library card,library card,0,0,0,Q064::15
Part3/outputs/answers_qwen25_7b.csv,answers_qwen25_7b,Q064,L,Things in a library,16,library card,library card,0,0,0,Q064::16
Part3/outputs/answers_qwen25_7b.csv,answers_qwen25_7b,Q064,L,Things in a library,17,library card,library card,0,0,0,Q064::17
Part3/outputs/answers_qwen25_7b.csv,answers_qwen25_7b,Q064,L,Things in a library,18,library card,library card,0,0,0,Q064::18
Part3/outputs/answers_qwen25_7b.csv,answers_qwen25_7b,Q064,L,Things in a library,19,library card,library card,0,0,0,Q064::19
Part3/outputs/answers_llama32_3b.csv,answers_llama32_3b,Q001,A,Animals,0,aardvark,aardvark,1,0,1,Q001::0
Part3/outputs/answers_llama32_3b.csv,answers_llama32_3b,Q001,A,Animals,1,alligator,alligator,1,0,1,Q001::1
Part3/outputs/answers_llama32_3b.csv,answers_llama32_3b,Q001,A,Animals,2,aardvark,aardvark,1,0,1,Q001::2
Part3/outputs/answers_llama32_3b.csv,answers_llama32_3b,Q001,A,Animals,3,aardvark,aardvark,1,0,1,Q001::3
Part3/outputs/answers_llama32_3b.csv,answers_llama32_3b,Q001,A,Animals,4,aardvark,aardvark,1,0,1,Q001::4
Part3/outputs/answers_llama32_3b.csv,answers_llama32_3b,Q001,A,Animals,5,alligator,alligator,1,0,1,Q001::5
Part3/outputs/answers_llama32_3b.csv,answers_llama32_3b,Q001,A,Animals,6,alligator,alligator,1,1,0,Q001::6
Part3/outputs/answers_llama32_3b.csv,answers_llama32_3b,Q001,A,Animals,7,alligator,alligator,1,0,1,Q001::7
Part3/outputs/answers_llama32_3b.csv,answers_llama32_3b,Q001,A,Animals,8,aardvark,aardvark,1,0,1,Q001::8
Part3/outputs/answers_llama32_3b.csv,answers_llama32_3b,Q001,A,Animals,9,aardvark,aardvark,1,0,1,Q001::9
Part3/outputs/answers_llama32_3b.csv,answers_llama32_3b,Q001,A,Animals,10,alligator,alligator,1,0,1,Q001::10
Part3/outputs/answers_llama32_3b.csv,answers_llama32_3b,Q001,A,Animals,11,aardvark,aardvark,1,0,1,Q001::11
Part3/outputs/answers_llama32_3b.csv,answers_llama32_3b,Q001,A,Animals,12,alligator,alligator,1,0,1,Q001::12
Part3/outputs/answers_llama32_3b.csv,answers_llama32_3b,Q001,A,Animals,13,alligator,alligator,1,0,1,Q001::13
Part3/outputs/answers_llama32_3b.csv,answers_llama32_3b,Q001,A,Animals,14,alligator,alligator,1,0,1,Q001::14
Part3/outputs/answers_llama32_3b.csv,answers_llama32_3b,Q001,A,Animals,15,alligator,alligator,1,0,1,Q001::15
Part3/outputs/answers_llama32_3b.csv,answers_llama32_3b,Q001,A,Animals,16,aardvark,aardvark,1,0,1,Q001::16
Part3/outputs/answers_llama32_3b.csv,answers_llama32_3b,Q001,A,Animals,17,alligator,alligator,1,0,1,Q001::17
Part3/outputs/answers_llama32_3b.csv,answers_llama32_3b,Q001,A,Animals,18,aardvark,aardvark,1,0,1,Q001::18
Part3/outputs/answers_llama32_3b.csv,answers_llama32_3b,Q001,A,Animals,19,aardvark,aardvark,1,0,1,Q001::19
Part3/outputs/answers_llama32_3b.csv,answers_llama32_3b,Q002,A,Jobs,0,accountant,accountant,1,1,0,Q002::0
Part3/outputs/answers_llama32_3b.csv,answers_llama32_3b,Q002,A,Jobs,1,accountant,accountant,1,1,0,Q002::1
Part3/outputs/answers_llama32_3b.csv,answers_llama32_3b,Q002,A,Jobs,2,accountant,accountant,1,1,0,Q002::2
Part3/outputs/answers_llama32_3b.csv,answers_llama32_3b,Q002,A,Jobs,3,accountant,accountant,1,1,0,Q002::3
Part3/outputs/answers_llama32_3b.csv,answers_llama32_3b,Q002,A,Jobs,4,assistant accountant,assistant accountant,1,0,1,Q002::4
Part3/outputs/answers_llama32_3b.csv,answers_llama32_3b,Q002,A,Jobs,5,accountant,accountant,1,1,0,Q002::5
Part3/outputs/answers_llama32_3b.csv,answers_llama32_3b,Q002,A,Jobs,6,accountant,accountant,1,1,0,Q002::6
Part3/outputs/answers_llama32_3b.csv,answers_llama32_3b,Q002,A,Jobs,7,accountant,accountant,1,1,0,Q002::7
Part3/outputs/answers_llama32_3b.csv,answers_llama32_3b,Q002,A,Jobs,8,accountant,accountant,1,1,0,Q002::8
Part3/outputs/answers_llama32_3b.csv,answers_llama32_3b,Q002,A,Jobs,9,accountant,accountant,1,1,0,Q002::9
Part3/outputs/answers_llama32_3b.csv,answers_llama32_3b,Q002,A,Jobs,10,accountant,accountant,1,1,0,Q002::10
Part3/outputs/answers_llama32_3b.csv,answers_llama32_3b,Q002,A,Jobs,11,accountant,accountant,1,1,0,Q002::11
Part3/outputs/answers_llama32_3b.csv,answers_llama32_3b,Q002,A,Jobs,12,accountant,accountant,1,1,0,Q002::12
Part3/outputs/answers_llama32_3b.csv,answers_llama32_3b,Q002,A,Jobs,13,actor,actor,1,0,1,Q002::13
Part3/outputs/answers_llama32_3b.csv,answers_llama32_3b,Q002,A,Jobs,14,accountant,accountant,1,1,0,Q002::14
Part3/outputs/answers_llama32_3b.csv,answers_llama32_3b,Q002,A,Jobs,15,assistant,assistant,1,0,1,Q002::15
Part3/outputs/answers_llama32_3b.csv,answers_llama32_3b,Q002,A,Jobs,16,accountant,accountant,1,1,0,Q002::16
Part3/outputs/answers_llama32_3b.csv,answers_llama32_3b,Q002,A,Jobs,17,accountant,accountant,1,1,0,Q002::17
Part3/outputs/answers_llama32_3b.csv,answers_llama32_3b,Q002,A,Jobs,18,accountant,accountant,1,1,0,Q002::18
Part3/outputs/answers_llama32_3b.csv,answers_llama32_3b,Q002,A,Jobs,19,accountant,accountant,1,1,0,Q002::19
Part3/outputs/answers_llama32_3b.csv,answers_llama32_3b,Q003,B,Fruits,0,bananas,bananas,1,0,1,Q003::0
Part3/outputs/answers_llama32_3b.csv,answers_llama32_3b,Q003,B,Fruits,1,berry,berry,1,0,1,Q003::1
Part3/outputs/answers_llama32_3b.csv,answers_llama32_3b,Q003,B,Fruits,2,blueberry,blueberry,1,0,1,Q003::2
Part3/outputs/answers_llama32_3b.csv,answers_llama32_3b,Q003,B,Fruits,3,blueberry,blueberry,1,0,1,Q003::3
Part3/outputs/answers_llama32_3b.csv,answers_llama32_3b,Q003,B,Fruits,4,banana,banana,1,0,1,Q003::4
Part3/outputs/answers_llama32_3b.csv,answers_llama32_3b,Q003,B,Fruits,5,bananas,bananas,1,0,1,Q003::5
Part3/outputs/answers_llama32_3b.csv,answers_llama32_3b,Q003,B,Fruits,6,banana,banana,1,0,1,Q003::6
Part3/outputs/answers_llama32_3b.csv,answers_llama32_3b,Q003,B,Fruits,7,bannana,bannana,0,0,0,Q003::7
Part3/outputs/answers_llama32_3b.csv,answers_llama32_3b,Q003,B,Fruits,8,banana,banana,1,0,1,Q003::8
Part3/outputs/answers_llama32_3b.csv,answers_llama32_3b,Q003,B,Fruits,9,banana,banana,1,1,0,Q003::9
Part3/outputs/answers_llama32_3b.csv,answers_llama32_3b,Q003,B,Fruits,10,banana,banana,1,0,1,Q003::10
Part3/outputs/answers_llama32_3b.csv,answers_llama32_3b,Q003,B,Fruits,11,banana,banana,1,0,1,Q003::11
Part3/outputs/answers_llama32_3b.csv,answers_llama32_3b,Q003,B,Fruits,12,blueberry,blueberry,1,0,1,Q003::12
Part3/outputs/answers_llama32_3b.csv,answers_llama32_3b,Q003,B,Fruits,13,banana,banana,1,0,1,Q003::13
Part3/outputs/answers_llama32_3b.csv,answers_llama32_3b,Q003,B,Fruits,14,banana,banana,1,0,1,Q003::14
Part3/outputs/answers_llama32_3b.csv,answers_llama32_3b,Q003,B,Fruits,15,blueberry,blueberry,1,1,0,Q003::15
Part3/outputs/answers_llama32_3b.csv,answers_llama32_3b,Q003,B,Fruits,16,blueberry,blueberry,1,1,0,Q003::16
Part3/outputs/answers_llama32_3b.csv,answers_llama32_3b,Q003,B,Fruits,17,blueberry,blueberry,1,1,0,Q003::17
Part3/outputs/answers_llama32_3b.csv,answers_llama32_3b,Q003,B,Fruits,18,banana,banana,1,0,1,Q003::18
Part3/outputs/answers_llama32_3b.csv,answers_llama32_3b,Q003,B,Fruits,19,banana,banana,1,0,1,Q003::19
Part3/outputs/answers_llama32_3b.csv,answers_llama32_3b,Q004,B,Things that are red,0,tomatoes,tomatoes,1,0,1,Q004::0
Part3/outputs/answers_llama32_3b.csv,answers_llama32_3b,Q004,B,Things that are red,1,beet,beet,1,0,1,Q004::1
Part3/outputs/answers_llama32_3b.csv,answers_llama32_3b,Q004,B,Things that are red,2,brick,brick,1,0,1,Q004::2
Part3/outputs/answers_llama32_3b.csv,answers_llama32_3b,Q004,B,Things that are red,3,brick,brick,1,0,1,Q004::3
Part3/outputs/answers_llama32_3b.csv,answers_llama32_3b,Q004,B,Things that are red,4,beet,beet,1,0,1,Q004::4
Part3/outputs/answers_llama32_3b.csv,answers_llama32_3b,Q004,B,Things that are red,5,beet,beet,1,0,1,Q004::5
Part3/outputs/answers_llama32_3b.csv,answers_llama32_3b,Q004,B,Things that are red,6,beet,beet,1,0,1,Q004::6
Part3/outputs/answers_llama32_3b.csv,answers_llama32_3b,Q004,B,Things that are red,7,bicycle,bicycle,0,0,0,Q004::7
Part3/outputs/answers_llama32_3b.csv,answers_llama32_3b,Q004,B,Things that are red,8,bricks,bricks,1,0,1,Q004::8
Part3/outputs/answers_llama32_3b.csv,answers_llama32_3b,Q004,B,Things that are red,9,baby bottle,baby bottle,0,0,0,Q004::9
Part3/outputs/answers_llama32_3b.csv,answers_llama32_3b,Q004,B,Things that are red,10,apples,apples,0,0,0,Q004::10
Part3/outputs/answers_llama32_3b.csv,answers_llama32_3b,Q004,B,Things that are red,11,beet,beet,1,0,1,Q004::11
Part3/outputs/answers_llama32_3b.csv,answers_llama32_3b,Q004,B,Things that are red,12,tomato,tomato,1,0,1,Q004::12
Part3/outputs/answers_llama32_3b.csv,answers_llama32_3b,Q004,B,Things that are red,13,brick,brick,1,0,1,Q004::13
Part3/outputs/answers_llama32_3b.csv,answers_llama32_3b,Q004,B,Things that are red,14,brick,brick,1,0,1,Q004::14
Part3/outputs/answers_llama32_3b.csv,answers_llama32_3b,Q004,B,Things that are red,15,brick,brick,1,0,1,Q004::15
Part3/outputs/answers_llama32_3b.csv,answers_llama32_3b,Q004,B,Things that are red,16,tomato,tomato,1,0,1,Q004::16
Part3/outputs/answers_llama32_3b.csv,answers_llama32_3b,Q004,B,Things that are red,17,apple red,apple red,0,0,0,Q004::17
Part3/outputs/answers_llama32_3b.csv,answers_llama32_3b,Q004,B,Things that are red,18,tomato,tomato,1,0,1,Q004::18
Part3/outputs/answers_llama32_3b.csv,answers_llama32_3b,Q004,B,Things that are red,19,beet,beet,1,0,1,Q004::19
Part3/outputs/answers_llama32_3b.csv,answers_llama32_3b,Q005,C,Countries,0,canada,canada,1,1,0,Q005::0
Part3/outputs/answers_llama32_3b.csv,answers_llama32_3b,Q005,C,Countries,1,canada,canada,1,1,0,Q005::1
Part3/outputs/answers_llama32_3b.csv,answers_llama32_3b,Q005,C,Countries,2,cameroon,cameroon,1,0,1,Q005::2
Part3/outputs/answers_llama32_3b.csv,answers_llama32_3b,Q005,C,Countries,3,canada,canada,1,1,0,Q005::3
Part3/outputs/answers_llama32_3b.csv,answers_llama32_3b,Q005,C,Countries,4,canada,canada,1,1,0,Q005::4
Part3/outputs/answers_llama32_3b.csv,answers_llama32_3b,Q005,C,Countries,5,canada,canada,1,1,0,Q005::5
Part3/outputs/answers_llama32_3b.csv,answers_llama32_3b,Q005,C,Countries,6,canada,canada,1,1,0,Q005::6
Part3/outputs/answers_llama32_3b.csv,answers_llama32_3b,Q005,C,Countries,7,canada,canada,1,1,0,Q005::7
Part3/outputs/answers_llama32_3b.csv,answers_llama32_3b,Q005,C,Countries,8,canada,canada,1,1,0,Q005::8
Part3/outputs/answers_llama32_3b.csv,answers_llama32_3b,Q005,C,Countries,9,canada,canada,1,1,0,Q005::9
Part3/outputs/answers_llama32_3b.csv,answers_llama32_3b,Q005,C,Countries,10,canada,canada,1,1,0,Q005::10
Part3/outputs/answers_llama32_3b.csv,answers_llama32_3b,Q005,C,Countries,11,canada,canada,1,1,0,Q005::11
Part3/outputs/answers_llama32_3b.csv,answers_llama32_3b,Q005,C,Countries,12,canada,canada,1,1,0,Q005::12
Part3/outputs/answers_llama32_3b.csv,answers_llama32_3b,Q005,C,Countries,13,canada,canada,1,1,0,Q005::13
Part3/outputs/answers_llama32_3b.csv,answers_llama32_3b,Q005,C,Countries,14,canada,canada,1,1,0,Q005::14
Part3/outputs/answers_llama32_3b.csv,answers_llama32_3b,Q005,C,Countries,15,canada,canada,1,1,0,Q005::15
Part3/outputs/answers_llama32_3b.csv,answers_llama32_3b,Q005,C,Countries,16,canada,canada,1,1,0,Q005::16
Part3/outputs/answers_llama32_3b.csv,answers_llama32_3b,Q005,C,Countries,17,canada,canada,1,1,0,Q005::17
Part3/outputs/answers_llama32_3b.csv,answers_llama32_3b,Q005,C,Countries,18,canada,canada,1,1,0,Q005::18
Part3/outputs/answers_llama32_3b.csv,answers_llama32_3b,Q005,C,Countries,19,canada,canada,1,1,0,Q005::19
Part3/outputs/answers_llama32_3b.csv,answers_llama32_3b,Q006,C,Board games,0,connect four,connect four,1,0,1,Q006::0
Part3/outputs/answers_llama32_3b.csv,answers_llama32_3b,Q006,C,Board games,1,chess,chess,1,0,1,Q006::1
Part3/outputs/answers_llama32_3b.csv,answers_llama32_3b,Q006,C,Board games,2,checkers,checkers,1,1,0,Q006::2
Part3/outputs/answers_llama32_3b.csv,answers_llama32_3b,Q006,C,Board games,3,connect four,connect four,1,0,1,Q006::3
Part3/outputs/answers_llama32_3b.csv,answers_llama32_3b,Q006,C,Board games,4,connect four,connect four,1,0,1,Q006::4
Part3/outputs/answers_llama32_3b.csv,answers_llama32_3b,Q006,C,Board games,5,connect four,connect four,1,0,1,Q006::5
Part3/outputs/answers_llama32_3b.csv,answers_llama32_3b,Q006,C,Board games,6,checkers,checkers,1,1,0,Q006::6
Part3/outputs/answers_llama32_3b.csv,answers_llama32_3b,Q006,C,Board games,7,connect 4,connect 4,1,0,1,Q006::7
Part3/outputs/answers_llama32_3b.csv,answers_llama32_3b,Q006,C,Board games,8,clue,clue,1,0,1,Q006::8
Part3/outputs/answers_llama32_3b.csv,answers_llama32_3b,Q006,C,Board games,9,connect four,connect four,1,0,1,Q006::9
Part3/outputs/answers_llama32_3b.csv,answers_llama32_3b,Q006,C,Board games,10,connect four,connect four,1,0,1,Q006::10
Part3/outputs/answers_llama32_3b.csv,answers_llama32_3b,Q006,C,Board games,11,checkers,checkers,1,0,1,Q006::11
Part3/outputs/answers_llama32_3b.csv,answers_llama32_3b,Q006,C,Board games,12,checkers,checkers,1,0,1,Q006::12
Part3/outputs/answers_llama32_3b.csv,answers_llama32_3b,Q006,C,Board games,13,connect 4,connect 4,1,0,1,Q006::13
Part3/outputs/answers_llama32_3b.csv,answers_llama32_3b,Q006,C,Board games,14,chutes and ladders,chutes and ladders,1,0,1,Q006::14
Part3/outputs/answers_llama32_3b.csv,answers_llama32_3b,Q006,C,Board games,15,chutes and ladders,chutes and ladders,1,0,1,Q006::15
Part3/outputs/answers_llama32_3b.csv,answers_llama32_3b,Q006,C,Board games,16,connect four,connect four,1,0,1,Q006::16
Part3/outputs/answers_llama32_3b.csv,answers_llama32_3b,Q006,C,Board games,17,checkers,checkers,1,0,1,Q006::17
Part3/outputs/answers_llama32_3b.csv,answers_llama32_3b,Q006,C,Board games,18,chess,chess,1,1,0,Q006::18
Part3/outputs/answers_llama32_3b.csv,answers_llama32_3b,Q006,C,Board games,19,chess,chess,1,1,0,Q006::19
Part3/outputs/answers_llama32_3b.csv,answers_llama32_3b,Q007,D,Musical instruments,0,drums,drums,1,0,1,Q007::0
Part3/outputs/answers_llama32_3b.csv,answers_llama32_3b,Q007,D,Musical instruments,1,drums,drums,1,0,1,Q007::1
Part3/outputs/answers_llama32_3b.csv,answers_llama32_3b,Q007,D,Musical instruments,2,drums,drums,1,0,1,Q007::2
Part3/outputs/answers_llama32_3b.csv,answers_llama32_3b,Q007,D,Musical instruments,3,drums,drums,1,0,1,Q007::3
Part3/outputs/answers_llama32_3b.csv,answers_llama32_3b,Q007,D,Musical instruments,4,drums,drums,1,0,1,Q007::4
Part3/outputs/answers_llama32_3b.csv,answers_llama32_3b,Q007,D,Musical instruments,5,drums,drums,1,0,1,Q007::5
Part3/outputs/answers_llama32_3b.csv,answers_llama32_3b,Q007,D,Musical instruments,6,drums,drums,1,0,1,Q007::6
Part3/outputs/answers_llama32_3b.csv,answers_llama32_3b,Q007,D,Musical instruments,7,drum,drum,1,1,0,Q007::7
Part3/outputs/answers_llama32_3b.csv,answers_llama32_3b,Q007,D,Musical instruments,8,drums,drums,1,0,1,Q007::8
Part3/outputs/answers_llama32_3b.csv,answers_llama32_3b,Q007,D,Musical instruments,9,drums,drums,1,0,1,Q007::9
Part3/outputs/answers_llama32_3b.csv,answers_llama32_3b,Q007,D,Musical instruments,10,drums,drums,1,0,1,Q007::10
Part3/outputs/answers_llama32_3b.csv,answers_llama32_3b,Q007,D,Musical instruments,11,drums,drums,1,0,1,Q007::11
Part3/outputs/answers_llama32_3b.csv,answers_llama32_3b,Q007,D,Musical instruments,12,drums,drums,1,0,1,Q007::12
Part3/outputs/answers_llama32_3b.csv,answers_llama32_3b,Q007,D,Musical instruments,13,drums,drums,1,0,1,Q007::13
Part3/outputs/answers_llama32_3b.csv,answers_llama32_3b,Q007,D,Musical instruments,14,drums,drums,1,0,1,Q007::14
Part3/outputs/answers_llama32_3b.csv,answers_llama32_3b,Q007,D,Musical instruments,15,drums,drums,1,0,1,Q007::15
Part3/outputs/answers_llama32_3b.csv,answers_llama32_3b,Q007,D,Musical instruments,16,drums,drums,1,0,1,Q007::16
Part3/outputs/answers_llama32_3b.csv,answers_llama32_3b,Q007,D,Musical instruments,17,drums,drums,1,0,1,Q007::17
Part3/outputs/answers_llama32_3b.csv,answers_llama32_3b,Q007,D,Musical instruments,18,drums,drums,1,0,1,Q007::18
Part3/outputs/answers_llama32_3b.csv,answers_llama32_3b,Q007,D,Musical instruments,19,drums,drums,1,0,1,Q007::19
Part3/outputs/answers_llama32_3b.csv,answers_llama32_3b,Q008,D,Things in a bathroom,0,dish soap,dish soap,1,0,1,Q008::0
Part3/outputs/answers_llama32_3b.csv,answers_llama32_3b,Q008,D,Things in a bathroom,1,toilet,toilet,1,0,1,Q008::1
Part3/outputs/answers_llama32_3b.csv,answers_llama32_3b,Q008,D,Things in a bathroom,2,dry shampoo,dry shampoo,1,0,1,Q008::2
Part3/outputs/answers_llama32_3b.csv,answers_llama32_3b,Q008,D,Things in a bathroom,3,dryer,dryer,0,0,0,Q008::3
Part3/outputs/answers_llama32_3b.csv,answers_llama32_3b,Q008,D,Things in a bathroom,4,towel,towel,0,0,0,Q008::4
Part3/outputs/answers_llama32_3b.csv,answers_llama32_3b,Q008,D,Things in a bathroom,5,dish soap,dish soap,1,0,1,Q008::5
Part3/outputs/answers_llama32_3b.csv,answers_llama32_3b,Q008,D,Things in a bathroom,6,dryer,dryer,0,0,0,Q008::6
Part3/outputs/answers_llama32_3b.csv,answers_llama32_3b,Q008,D,Things in a bathroom,7,dish soap,dish soap,1,0,1,Q008::7
Part3/outputs/answers_llama32_3b.csv,answers_llama32_3b,Q008,D,Things in a bathroom,8,dryer,dryer,0,0,0,Q008::8
Part3/outputs/answers_llama32_3b.csv,answers_llama32_3b,Q008,D,Things in a bathroom,9,soap,soap,0,0,0,Q008::9
Part3/outputs/answers_llama32_3b.csv,answers_llama32_3b,Q008,D,Things in a bathroom,10,dryer,dryer,0,0,0,Q008::10
Part3/outputs/answers_llama32_3b.csv,answers_llama32_3b,Q008,D,Things in a bathroom,11,detergent,detergent,0,0,0,Q008::11
Part3/outputs/answers_llama32_3b.csv,answers_llama32_3b,Q008,D,Things in a bathroom,12,dryer,dryer,0,0,0,Q008::12
Part3/outputs/answers_llama32_3b.csv,answers_llama32_3b,Q008,D,Things in a bathroom,13,disinfectant,disinfectant,1,0,1,Q008::13
Part3/outputs/answers_llama32_3b.csv,answers_llama32_3b,Q008,D,Things in a bathroom,14,toilet,toilet,1,0,1,Q008::14
Part3/outputs/answers_llama32_3b.csv,answers_llama32_3b,Q008,D,Things in a bathroom,15,dish soap,dish soap,1,0,1,Q008::15
Part3/outputs/answers_llama32_3b.csv,answers_llama32_3b,Q008,D,Things in a bathroom,16,dryer,dryer,0,0,0,Q008::16
Part3/outputs/answers_llama32_3b.csv,answers_llama32_3b,Q008,D,Things in a bathroom,17,dryer,dryer,0,0,0,Q008::17
Part3/outputs/answers_llama32_3b.csv,answers_llama32_3b,Q008,D,Things in a bathroom,18,toilet,toilet,1,0,1,Q008::18
Part3/outputs/answers_llama32_3b.csv,answers_llama32_3b,Q008,D,Things in a bathroom,19,detergent,detergent,0,0,0,Q008::19
Part3/outputs/answers_llama32_3b.csv,answers_llama32_3b,Q009,E,Sports,0,tennis,tennis,0,0,0,Q009::0
Part3/outputs/answers_llama32_3b.csv,answers_llama32_3b,Q009,E,Sports,1,english rugby,english rugby,0,0,0,Q009::1
Part3/outputs/answers_llama32_3b.csv,answers_llama32_3b,Q009,E,Sports,2,eastern european basketball team,eastern european basketball team,0,0,0,Q009::2
Part3/outputs/answers_llama32_3b.csv,answers_llama32_3b,Q009,E,Sports,3,endurance,endurance,0,0,0,Q009::3
Part3/outputs/answers_llama32_3b.csv,answers_llama32_3b,Q009,E,Sports,4,english rugby,english rugby,0,0,0,Q009::4
Part3/outputs/answers_llama32_3b.csv,answers_llama32_3b,Q009,E,Sports,5,english rugby,english rugby,0,0,0,Q009::5
Part3/outputs/answers_llama32_3b.csv,answers_llama32_3b,Q009,E,Sports,6,energy drink,energy drink,0,0,0,Q009::6
Part3/outputs/answers_llama32_3b.csv,answers_llama32_3b,Q009,E,Sports,7,european football,european football,0,0,0,Q009::7
Part3/outputs/answers_llama32_3b.csv,answers_llama32_3b,Q009,E,Sports,8,european football league,european football league,0,0,0,Q009::8
Part3/outputs/answers_llama32_3b.csv,answers_llama32_3b,Q009,E,Sports,9,european football league,european football league,0,0,0,Q009::9
Part3/outputs/answers_llama32_3b.csv,answers_llama32_3b,Q009,E,Sports,10,football,football,0,0,0,Q009::10
Part3/outputs/answers_llama32_3b.csv,answers_llama32_3b,Q009,E,Sports,11,everton,everton,1,0,1,Q009::11
Part3/outputs/answers_llama32_3b.csv,answers_llama32_3b,Q009,E,Sports,12,extreme sports,extreme sports,1,0,1,Q009::12
Part3/outputs/answers_llama32_3b.csv,answers_llama32_3b,Q009,E,Sports,13,endurance athlete,endurance athlete,0,0,0,Q009::13
Part3/outputs/answers_llama32_3b.csv,answers_llama32_3b,Q009,E,Sports,14,elder statesman,elder statesman,0,0,0,Q009::14
Part3/outputs/answers_llama32_3b.csv,answers_llama32_3b,Q009,E,Sports,15,golf,golf,0,0,0,Q009::15
Part3/outputs/answers_llama32_3b.csv,answers_llama32_3b,Q009,E,Sports,16,extreme sports,extreme sports,1,0,1,Q009::16
Part3/outputs/answers_llama32_3b.csv,answers_llama32_3b,Q009,E,Sports,17,european football,european football,0,0,0,Q009::17
Part3/outputs/answers_llama32_3b.csv,answers_llama32_3b,Q009,E,Sports,18,european football,european football,0,0,0,Q009::18
Part3/outputs/answers_llama32_3b.csv,answers_llama32_3b,Q009,E,Sports,19,european football,european football,0,0,0,Q009::19
Part3/outputs/answers_llama32_3b.csv,answers_llama32_3b,Q010,E,Movie titles,0,eastwood,eastwood,0,0,0,Q010::0
Part3/outputs/answers_llama32_3b.csv,answers_llama32_3b,Q010,E,Movie titles,1,elderberry,elderberry,0,0,0,Q010::1
Part3/outputs/answers_llama32_3b.csv,answers_llama32_3b,Q010,E,Movie titles,2,e.t.,e.t,1,0,1,Q010::2
Part3/outputs/answers_llama32_3b.csv,answers_llama32_3b,Q010,E,Movie titles,3,eternal sunshine of the spotless mind,eternal sunshine of the spotless mind,0,0,0,Q010::3
Part3/outputs/answers_llama32_3b.csv,answers_llama32_3b,Q010,E,Movie titles,4,easy money,easy money,0,0,0,Q010::4
Part3/outputs/answers_llama32_3b.csv,answers_llama32_3b,Q010,E,Movie titles,5,elderberryburg,elderberryburg,0,0,0,Q010::5
Part3/outputs/answers_llama32_3b.csv,answers_llama32_3b,Q010,E,Movie titles,6,east end,east end,0,0,0,Q010::6
Part3/outputs/answers_llama32_3b.csv,answers_llama32_3b,Q010,E,Movie titles,7,elderberryburg,elderberryburg,0,0,0,Q010::7
Part3/outputs/answers_llama32_3b.csv,answers_llama32_3b,Q010,E,Movie titles,8,east end,east end,0,0,0,Q010::8
Part3/outputs/answers_llama32_3b.csv,answers_llama32_3b,Q010,E,Movie titles,9,east end,east end,0,0,0,Q010::9
Part3/outputs/answers_llama32_3b.csv,answers_llama32_3b,Q010,E,Movie titles,10,east end,east end,0,0,0,Q010::10
Part3/outputs/answers_llama32_3b.csv,answers_llama32_3b,Q010,E,Movie titles,11,east end,east end,0,0,0,Q010::11
Part3/outputs/answers_llama32_3b.csv,answers_llama32_3b,Q010,E,Movie titles,12,elder brother,elder brother,0,0,0,Q010::12
Part3/outputs/answers_llama32_3b.csv,answers_llama32_3b,Q010,E,Movie titles,13,electric horseman,electric horseman,1,0,1,Q010::13
Part3/outputs/answers_llama32_3b.csv,answers_llama32_3b,Q010,E,Movie titles,14,everybody wants some,everybody wants some,1,0,1,Q010::14
Part3/outputs/answers_llama32_3b.csv,answers_llama32_3b,Q010,E,Movie titles,15,echo park,echo park,0,0,0,Q010::15
Part3/outputs/answers_llama32_3b.csv,answers_llama32_3b,Q010,E,Movie titles,16,easy rider,easy rider,1,0,1,Q010::16
Part3/outputs/answers_llama32_3b.csv,answers_llama32_3b,Q010,E,Movie titles,17,edge of tomorrow,edge of tomorrow,1,0,1,Q010::17
Part3/outputs/answers_llama32_3b.csv,answers_llama32_3b,Q010,E,Movie titles,18,the english patient,the english patient,0,0,0,Q010::18
Part3/outputs/answers_llama32_3b.csv,answers_llama32_3b,Q010,E,Movie titles,19,elderberryburg,elderberryburg,0,0,0,Q010::19
Part3/outputs/answers_llama32_3b.csv,answers_llama32_3b,Q011,F,Fish,0,flatfish,flatfish,1,0,1,Q011::0
Part3/outputs/answers_llama32_3b.csv,answers_llama32_3b,Q011,F,Fish,1,flounder,flounder,1,1,0,Q011::1
Part3/outputs/answers_llama32_3b.csv,answers_llama32_3b,Q011,F,Fish,2,flathead,flathead,1,0,1,Q011::2
Part3/outputs/answers_llama32_3b.csv,answers_llama32_3b,Q011,F,Fish,3,flounder,flounder,1,1,0,Q011::3
Part3/outputs/answers_llama32_3b.csv,answers_llama32_3b,Q011,F,Fish,4,flounder,flounder,1,1,0,Q011::4
Part3/outputs/answers_llama32_3b.csv,answers_llama32_3b,Q011,F,Fish,5,flounder,flounder,1,1,0,Q011::5
Part3/outputs/answers_llama32_3b.csv,answers_llama32_3b,Q011,F,Fish,6,flathead,flathead,1,0,1,Q011::6
Part3/outputs/answers_llama32_3b.csv,answers_llama32_3b,Q011,F,Fish,7,flounder,flounder,1,1,0,Q011::7
Part3/outputs/answers_llama32_3b.csv,answers_llama32_3b,Q011,F,Fish,8,flounder,flounder,1,1,0,Q011::8
Part3/outputs/answers_llama32_3b.csv,answers_llama32_3b,Q011,F,Fish,9,flatfish,flatfish,1,0,1,Q011::9
Part3/outputs/answers_llama32_3b.csv,answers_llama32_3b,Q011,F,Fish,10,flounder,flounder,1,1,0,Q011::10
Part3/outputs/answers_llama32_3b.csv,answers_llama32_3b,Q011,F,Fish,11,flatfish,flatfish,1,0,1,Q011::11
Part3/outputs/answers_llama32_3b.csv,answers_llama32_3b,Q011,F,Fish,12,flounder,flounder,1,1,0,Q011::12
Part3/outputs/answers_llama32_3b.csv,answers_llama32_3b,Q011,F,Fish,13,flathead,flathead,1,0,1,Q011::13
Part3/outputs/answers_llama32_3b.csv,answers_llama32_3b,Q011,F,Fish,14,flounder,flounder,1,1,0,Q011::14
Part3/outputs/answers_llama32_3b.csv,answers_llama32_3b,Q011,F,Fish,15,flatfish,flatfish,1,0,1,Q011::15
Part3/outputs/answers_llama32_3b.csv,answers_llama32_3b,Q011,F,Fish,16,flounder,flounder,1,1,0,Q011::16
Part3/outputs/answers_llama32_3b.csv,answers_llama32_3b,Q011,F,Fish,17,flounder,flounder,1,1,0,Q011::17
Part3/outputs/answers_llama32_3b.csv,answers_llama32_3b,Q011,F,Fish,18,flathead,flathead,1,0,1,Q011::18
Part3/outputs/answers_llama32_3b.csv,answers_llama32_3b,Q011,F,Fish,19,flounder,flounder,1,0,1,Q011::19
Part3/outputs/answers_llama32_3b.csv,answers_llama32_3b,Q012,F,Things in a backpack,0,file folders,file folders,1,0,1,Q012::0
Part3/outputs/answers_llama32_3b.csv,answers_llama32_3b,Q012,F,Things in a backpack,1,file,file,1,0,1,Q012::1
Part3/outputs/answers_llama32_3b.csv,answers_llama32_3b,Q012,F,Things in a backpack,2,folders,folders,1,0,1,Q012::2
Part3/outputs/answers_llama32_3b.csv,answers_llama32_3b,Q012,F,Things in a backpack,3,file folders,file folders,1,0,1,Q012::3
Part3/outputs/answers_llama32_3b.csv,answers_llama32_3b,Q012,F,Things in a backpack,4,file,file,1,0,1,Q012::4
Part3/outputs/answers_llama32_3b.csv,answers_llama32_3b,Q012,F,Things in a backpack,5,file,file,1,0,1,Q012::5
Part3/outputs/answers_llama32_3b.csv,answers_llama32_3b,Q012,F,Things in a backpack,6,file folder,file folder,1,0,1,Q012::6
Part3/outputs/answers_llama32_3b.csv,answers_llama32_3b,Q012,F,Things in a backpack,7,fountain pen,fountain pen,1,0,1,Q012::7
Part3/outputs/answers_llama32_3b.csv,answers_llama32_3b,Q012,F,Things in a backpack,8,folders,folders,1,0,1,Q012::8
Part3/outputs/answers_llama32_3b.csv,answers_llama32_3b,Q012,F,Things in a backpack,9,folder,folder,1,0,1,Q012::9
Part3/outputs/answers_llama32_3b.csv,answers_llama32_3b,Q012,F,Things in a backpack,10,french fries,french fries,0,0,0,Q012::10
Part3/outputs/answers_llama32_3b.csv,answers_llama32_3b,Q012,F,Things in a backpack,11,file,file,1,0,1,Q012::11
Part3/outputs/answers_llama32_3b.csv,answers_llama32_3b,Q012,F,Things in a backpack,12,file folder,file folder,1,0,1,Q012::12
Part3/outputs/answers_llama32_3b.csv,answers_llama32_3b,Q012,F,Things in a backpack,13,folder,folder,1,0,1,Q012::13
Part3/outputs/answers_llama32_3b.csv,answers_llama32_3b,Q012,F,Things in a backpack,14,file,file,1,0,1,Q012::14
Part3/outputs/answers_llama32_3b.csv,answers_llama32_3b,Q012,F,Things in a backpack,15,file folder,file folder,1,0,1,Q012::15
Part3/outputs/answers_llama32_3b.csv,answers_llama32_3b,Q012,F,Things in a backpack,16,folder,folder,1,0,1,Q012::16
Part3/outputs/answers_llama32_3b.csv,answers_llama32_3b,Q012,F,Things in a backpack,17,file,file,1,0,1,Q012::17
Part3/outputs/answers_llama32_3b.csv,answers_llama32_3b,Q012,F,Things in a backpack,18,first aid kit,first aid kit,1,0,1,Q012::18
Part3/outputs/answers_llama32_3b.csv,answers_llama32_3b,Q012,F,Things in a backpack,19,file,file,1,0,1,Q012::19
Part3/outputs/answers_llama32_3b.csv,answers_llama32_3b,Q013,G,U.S. states,0,georgia,georgia,1,1,0,Q013::0
Part3/outputs/answers_llama32_3b.csv,answers_llama32_3b,Q013,G,U.S. states,1,georgia,georgia,1,1,0,Q013::1
Part3/outputs/answers_llama32_3b.csv,answers_llama32_3b,Q013,G,U.S. states,2,georgia,georgia,1,1,0,Q013::2
Part3/outputs/answers_llama32_3b.csv,answers_llama32_3b,Q013,G,U.S. states,3,georgia,georgia,1,1,0,Q013::3
Part3/outputs/answers_llama32_3b.csv,answers_llama32_3b,Q013,G,U.S. states,4,georgia,georgia,1,1,0,Q013::4
Part3/outputs/answers_llama32_3b.csv,answers_llama32_3b,Q013,G,U.S. states,5,georgia,georgia,1,1,0,Q013::5
Part3/outputs/answers_llama32_3b.csv,answers_llama32_3b,Q013,G,U.S. states,6,georgia,georgia,1,1,0,Q013::6
Part3/outputs/answers_llama32_3b.csv,answers_llama32_3b,Q013,G,U.S. states,7,georgia,georgia,1,1,0,Q013::7
Part3/outputs/answers_llama32_3b.csv,answers_llama32_3b,Q013,G,U.S. states,8,georgia,georgia,1,1,0,Q013::8
Part3/outputs/answers_llama32_3b.csv,answers_llama32_3b,Q013,G,U.S. states,9,georgia,georgia,1,1,0,Q013::9
Part3/outputs/answers_llama32_3b.csv,answers_llama32_3b,Q013,G,U.S. states,10,georgia,georgia,1,1,0,Q013::10
Part3/outputs/answers_llama32_3b.csv,answers_llama32_3b,Q013,G,U.S. states,11,georgia,georgia,1,1,0,Q013::11
Part3/outputs/answers_llama32_3b.csv,answers_llama32_3b,Q013,G,U.S. states,12,georgia,georgia,1,1,0,Q013::12
Part3/outputs/answers_llama32_3b.csv,answers_llama32_3b,Q013,G,U.S. states,13,georgia,georgia,1,1,0,Q013::13
Part3/outputs/answers_llama32_3b.csv,answers_llama32_3b,Q013,G,U.S. states,14,georgia,georgia,1,1,0,Q013::14
Part3/outputs/answers_llama32_3b.csv,answers_llama32_3b,Q013,G,U.S. states,15,georgia,georgia,1,1,0,Q013::15
Part3/outputs/answers_llama32_3b.csv,answers_llama32_3b,Q013,G,U.S. states,16,georgia,georgia,1,1,0,Q013::16
Part3/outputs/answers_llama32_3b.csv,answers_llama32_3b,Q013,G,U.S. states,17,georgia,georgia,1,1,0,Q013::17
Part3/outputs/answers_llama32_3b.csv,answers_llama32_3b,Q013,G,U.S. states,18,georgia,georgia,1,1,0,Q013::18
Part3/outputs/answers_llama32_3b.csv,answers_llama32_3b,Q013,G,U.S. states,19,georgia,georgia,1,1,0,Q013::19
Part3/outputs/answers_llama32_3b.csv,answers_llama32_3b,Q014,G,Foods,0,granola,granola,1,0,1,Q014::0
Part3/outputs/answers_llama32_3b.csv,answers_llama32_3b,Q014,G,Foods,1,guacamole,guacamole,1,0,1,Q014::1
Part3/outputs/answers_llama32_3b.csv,answers_llama32_3b,Q014,G,Foods,2,grapes,grapes,1,0,1,Q014::2
Part3/outputs/answers_llama32_3b.csv,answers_llama32_3b,Q014,G,Foods,3,grape,grape,1,0,1,Q014::3
Part3/outputs/answers_llama32_3b.csv,answers_llama32_3b,Q014,G,Foods,4,grape,grape,1,0,1,Q014::4
Part3/outputs/answers_llama32_3b.csv,answers_llama32_3b,Q014,G,Foods,5,grape,grape,1,0,1,Q014::5
Part3/outputs/answers_llama32_3b.csv,answers_llama32_3b,Q014,G,Foods,6,guacamole,guacamole,1,0,1,Q014::6
Part3/outputs/answers_llama32_3b.csv,answers_llama32_3b,Q014,G,Foods,7,guacamole,guacamole,1,0,1,Q014::7
Part3/outputs/answers_llama32_3b.csv,answers_llama32_3b,Q014,G,Foods,8,guacamole,guacamole,1,0,1,Q014::8
Part3/outputs/answers_llama32_3b.csv,answers_llama32_3b,Q014,G,Foods,9,guacamole,guacamole,1,0,1,Q014::9
Part3/outputs/answers_llama32_3b.csv,answers_llama32_3b,Q014,G,Foods,10,grape,grape,1,0,1,Q014::10
Part3/outputs/answers_llama32_3b.csv,answers_llama32_3b,Q014,G,Foods,11,guacamole,guacamole,1,0,1,Q014::11
Part3/outputs/answers_llama32_3b.csv,answers_llama32_3b,Q014,G,Foods,12,grape,grape,1,0,1,Q014::12
Part3/outputs/answers_llama32_3b.csv,answers_llama32_3b,Q014,G,Foods,13,grape,grape,1,0,1,Q014::13
Part3/outputs/answers_llama32_3b.csv,answers_llama32_3b,Q014,G,Foods,14,grapes,grapes,1,0,1,Q014::14
Part3/outputs/answers_llama32_3b.csv,answers_llama32_3b,Q014,G,Foods,15,guacamole,guacamole,1,0,1,Q014::15
Part3/outputs/answers_llama32_3b.csv,answers_llama32_3b,Q014,G,Foods,16,guacamole,guacamole,1,0,1,Q014::16
Part3/outputs/answers_llama32_3b.csv,answers_llama32_3b,Q014,G,Foods,17,grapes,grapes,1,0,1,Q014::17
Part3/outputs/answers_llama32_3b.csv,answers_llama32_3b,Q014,G,Foods,18,grape,grape,1,0,1,Q014::18
Part3/outputs/answers_llama32_3b.csv,answers_llama32_3b,Q014,G,Foods,19,guacamole,guacamole,1,0,1,Q014::19
Part3/outputs/answers_llama32_3b.csv,answers_llama32_3b,Q015,H,Famous scientists,0,hans vaihinger,hans vaihinger,0,0,0,Q015::0
Part3/outputs/answers_llama32_3b.csv,answers_llama32_3b,Q015,H,Famous scientists,1,hans christian andersen,hans christian andersen,0,0,0,Q015::1
Part3/outputs/answers_llama32_3b.csv,answers_llama32_3b,Q015,H,Famous scientists,2,henri poincaré,henri poincar,0,0,0,Q015::2
Part3/outputs/answers_llama32_3b.csv,answers_llama32_3b,Q015,H,Famous scientists,3,hans christian ørsted,hans christian ørsted,0,0,0,Q015::3
Part3/outputs/answers_llama32_3b.csv,answers_llama32_3b,Q015,H,Famous scientists,4,harvey,harvey,0,0,0,Q015::4
Part3/outputs/answers_llama32_3b.csv,answers_llama32_3b,Q015,H,Famous scientists,5,"harlow 

israel harlow",harlow israel harlow,0,0,0,Q015::5
Part3/outputs/answers_llama32_3b.csv,answers_llama32_3b,Q015,H,Famous scientists,6,henri dubois,henri dubois,0,0,0,Q015::6
Part3/outputs/answers_llama32_3b.csv,answers_llama32_3b,Q015,H,Famous scientists,7,hans christian andersen,hans christian andersen,0,0,0,Q015::7
Part3/outputs/answers_llama32_3b.csv,answers_llama32_3b,Q015,H,Famous scientists,8,henri le besse,henri le besse,0,0,0,Q015::8
Part3/outputs/answers_llama32_3b.csv,answers_llama32_3b,Q015,H,Famous scientists,9,howard thornton,howard thornton,0,0,0,Q015::9
Part3/outputs/answers_llama32_3b.csv,answers_llama32_3b,Q015,H,Famous scientists,10,harlow shapley,harlow shapley,1,0,1,Q015::10
Part3/outputs/answers_llama32_3b.csv,answers_llama32_3b,Q015,H,Famous scientists,11,hans vaihinger,hans vaihinger,0,0,0,Q015::11
Part3/outputs/answers_llama32_3b.csv,answers_llama32_3b,Q015,H,Famous scientists,12,harrison williams,harrison williams,0,0,0,Q015::12
Part3/outputs/answers_llama32_3b.csv,answers_llama32_3b,Q015,H,Famous scientists,13,humboldt,humboldt,0,0,0,Q015::13
Part3/outputs/answers_llama32_3b.csv,answers_llama32_3b,Q015,H,Famous scientists,14,harlow shapley,harlow shapley,1,0,1,Q015::14
Part3/outputs/answers_llama32_3b.csv,answers_llama32_3b,Q015,H,Famous scientists,15,hans kohn,hans kohn,0,0,0,Q015::15
Part3/outputs/answers_llama32_3b.csv,answers_llama32_3b,Q015,H,Famous scientists,16,isaac newton,isaac newton,0,0,0,Q015::16
Part3/outputs/answers_llama32_3b.csv,answers_llama32_3b,Q015,H,Famous scientists,17,helen waddell,helen waddell,0,0,0,Q015::17
Part3/outputs/answers_llama32_3b.csv,answers_llama32_3b,Q015,H,Famous scientists,18,harrison williams,harrison williams,0,0,0,Q015::18
Part3/outputs/answers_llama32_3b.csv,answers_llama32_3b,Q015,H,Famous scientists,19,hans jensen,hans jensen,0,0,0,Q015::19
Part3/outputs/answers_llama32_3b.csv,answers_llama32_3b,Q016,H,Things at the beach,0,high tide,high tide,1,0,1,Q016::0
Part3/outputs/answers_llama32_3b.csv,answers_llama32_3b,Q016,H,Things at the beach,1,hut,hut,1,0,1,Q016::1
Part3/outputs/answers_llama32_3b.csv,answers_llama32_3b,Q016,H,Things at the beach,2,hut,hut,1,0,1,Q016::2
Part3/outputs/answers_llama32_3b.csv,answers_llama32_3b,Q016,H,Things at the beach,3,hut,hut,1,0,1,Q016::3
Part3/outputs/answers_llama32_3b.csv,answers_llama32_3b,Q016,H,Things at the beach,4,high tide,high tide,1,0,1,Q016::4
Part3/outputs/answers_llama32_3b.csv,answers_llama32_3b,Q016,H,Things at the beach,5,hut,hut,1,0,1,Q016::5
Part3/outputs/answers_llama32_3b.csv,answers_llama32_3b,Q016,H,Things at the beach,6,hut,hut,1,0,1,Q016::6
Part3/outputs/answers_llama32_3b.csv,answers_llama32_3b,Q016,H,Things at the beach,7,hut,hut,1,0,1,Q016::7
Part3/outputs/answers_llama32_3b.csv,answers_llama32_3b,Q016,H,Things at the beach,8,high tide,high tide,1,0,1,Q016::8
Part3/outputs/answers_llama32_3b.csv,answers_llama32_3b,Q016,H,Things at the beach,9,high tide,high tide,1,0,1,Q016::9
Part3/outputs/answers_llama32_3b.csv,answers_llama32_3b,Q016,H,Things at the beach,10,hull,hull,0,0,0,Q016::10
Part3/outputs/answers_llama32_3b.csv,answers_llama32_3b,Q016,H,Things at the beach,11,hut,hut,1,0,1,Q016::11
Part3/outputs/answers_llama32_3b.csv,answers_llama32_3b,Q016,H,Things at the beach,12,hut,hut,1,0,1,Q016::12
Part3/outputs/answers_llama32_3b.csv,answers_llama32_3b,Q016,H,Things at the beach,13,hut,hut,1,0,1,Q016::13
Part3/outputs/answers_llama32_3b.csv,answers_llama32_3b,Q016,H,Things at the beach,14,hut,hut,1,0,1,Q016::14
Part3/outputs/answers_llama32_3b.csv,answers_llama32_3b,Q016,H,Things at the beach,15,hut,hut,1,0,1,Q016::15
Part3/outputs/answers_llama32_3b.csv,answers_llama32_3b,Q016,H,Things at the beach,16,hut,hut,1,0,1,Q016::16
Part3/outputs/answers_llama32_3b.csv,answers_llama32_3b,Q016,H,Things at the beach,17,hut,hut,1,0,1,Q016::17
Part3/outputs/answers_llama32_3b.csv,answers_llama32_3b,Q016,H,Things at the beach,18,hole,hole,0,0,0,Q016::18
Part3/outputs/answers_llama32_3b.csv,answers_llama32_3b,Q016,H,Things at the beach,19,high tide,high tide,1,0,1,Q016::19
Part3/outputs/answers_llama32_3b.csv,answers_llama32_3b,Q017,I,Cities,0,Indianapolis,indianapolis,1,0,1,Q017::0
Part3/outputs/answers_llama32_3b.csv,answers_llama32_3b,Q017,I,Cities,1,iowa city,iowa city,1,0,1,Q017::1
Part3/outputs/answers_llama32_3b.csv,answers_llama32_3b,Q017,I,Cities,2,indianapolis,indianapolis,1,0,1,Q017::2
Part3/outputs/answers_llama32_3b.csv,answers_llama32_3b,Q017,I,Cities,3,israel,israel,0,0,0,Q017::3
Part3/outputs/answers_llama32_3b.csv,answers_llama32_3b,Q017,I,Cities,4,istanbul,istanbul,0,0,0,Q017::4
Part3/outputs/answers_llama32_3b.csv,answers_llama32_3b,Q017,I,Cities,5,istanbul,istanbul,0,0,0,Q017::5
Part3/outputs/answers_llama32_3b.csv,answers_llama32_3b,Q017,I,Cities,6,indianapolis,indianapolis,1,0,1,Q017::6
Part3/outputs/answers_llama32_3b.csv,answers_llama32_3b,Q017,I,Cities,7,new orleans,new orleans,0,0,0,Q017::7
Part3/outputs/answers_llama32_3b.csv,answers_llama32_3b,Q017,I,Cities,8,istanbul,istanbul,0,0,0,Q017::8
Part3/outputs/answers_llama32_3b.csv,answers_llama32_3b,Q017,I,Cities,9,ibiza,ibiza,0,0,0,Q017::9
Part3/outputs/answers_llama32_3b.csv,answers_llama32_3b,Q017,I,Cities,10,san francisco,san francisco,0,0,0,Q017::10
Part3/outputs/answers_llama32_3b.csv,answers_llama32_3b,Q017,I,Cities,11,Istanbul,istanbul,0,0,0,Q017::11
Part3/outputs/answers_llama32_3b.csv,answers_llama32_3b,Q017,I,Cities,12,istanbul,istanbul,0,0,0,Q017::12
Part3/outputs/answers_llama32_3b.csv,answers_llama32_3b,Q017,I,Cities,13,los angeles,los angeles,0,0,0,Q017::13
Part3/outputs/answers_llama32_3b.csv,answers_llama32_3b,Q017,I,Cities,14,los angeles,los angeles,0,0,0,Q017::14
Part3/outputs/answers_llama32_3b.csv,answers_llama32_3b,Q017,I,Cities,15,tokyo,tokyo,0,0,0,Q017::15
Part3/outputs/answers_llama32_3b.csv,answers_llama32_3b,Q017,I,Cities,16,istanbul,istanbul,0,0,0,Q017::16
Part3/outputs/answers_llama32_3b.csv,answers_llama32_3b,Q017,I,Cities,17,incheon,incheon,0,0,0,Q017::17
Part3/outputs/answers_llama32_3b.csv,answers_llama32_3b,Q017,I,Cities,18,ida,ida,0,0,0,Q017::18
Part3/outputs/answers_llama32_3b.csv,answers_llama32_3b,Q017,I,Cities,19,indianapolis,indianapolis,1,0,1,Q017::19
Part3/outputs/answers_llama32_3b.csv,answers_llama32_3b,Q018,I,Things in a classroom,0,whiteboard,whiteboard,1,0,1,Q018::0
Part3/outputs/answers_llama32_3b.csv,answers_llama32_3b,Q018,I,Things in a classroom,1,chalkboard,chalkboard,0,0,0,Q018::1
Part3/outputs/answers_llama32_3b.csv,answers_llama32_3b,Q018,I,Things in a classroom,2,teacher,teacher,1,0,1,Q018::2
Part3/outputs/answers_llama32_3b.csv,answers_llama32_3b,Q018,I,Things in a classroom,3,whiteboard,whiteboard,1,0,1,Q018::3
Part3/outputs/answers_llama32_3b.csv,answers_llama32_3b,Q018,I,Things in a classroom,4,whiteboard,whiteboard,1,0,1,Q018::4
Part3/outputs/answers_llama32_3b.csv,answers_llama32_3b,Q018,I,Things in a classroom,5,whiteboard,whiteboard,1,0,1,Q018::5
Part3/outputs/answers_llama32_3b.csv,answers_llama32_3b,Q018,I,Things in a classroom,6,whiteboard,whiteboard,1,0,1,Q018::6
Part3/outputs/answers_llama32_3b.csv,answers_llama32_3b,Q018,I,Things in a classroom,7,whiteboard,whiteboard,1,0,1,Q018::7
Part3/outputs/answers_llama32_3b.csv,answers_llama32_3b,Q018,I,Things in a classroom,8,whiteboard,whiteboard,1,0,1,Q018::8
Part3/outputs/answers_llama32_3b.csv,answers_llama32_3b,Q018,I,Things in a classroom,9,desks,desks,0,0,0,Q018::9
Part3/outputs/answers_llama32_3b.csv,answers_llama32_3b,Q018,I,Things in a classroom,10,blackboard,blackboard,1,1,0,Q018::10
Part3/outputs/answers_llama32_3b.csv,answers_llama32_3b,Q018,I,Things in a classroom,11,blackboard,blackboard,1,0,1,Q018::11
Part3/outputs/answers_llama32_3b.csv,answers_llama32_3b,Q018,I,Things in a classroom,12,whiteboard,whiteboard,1,0,1,Q018::12
Part3/outputs/answers_llama32_3b.csv,answers_llama32_3b,Q018,I,Things in a classroom,13,whiteboard,whiteboard,1,0,1,Q018::13
Part3/outputs/answers_llama32_3b.csv,answers_llama32_3b,Q018,I,Things in a classroom,14,whiteboard,whiteboard,1,0,1,Q018::14
Part3/outputs/answers_llama32_3b.csv,answers_llama32_3b,Q018,I,Things in a classroom,15,iPod,ipod,1,0,1,Q018::15
Part3/outputs/answers_llama32_3b.csv,answers_llama32_3b,Q018,I,Things in a classroom,16,whiteboard,whiteboard,1,0,1,Q018::16
Part3/outputs/answers_llama32_3b.csv,answers_llama32_3b,Q018,I,Things in a classroom,17,blackboard,blackboard,1,0,1,Q018::17
Part3/outputs/answers_llama32_3b.csv,answers_llama32_3b,Q018,I,Things in a classroom,18,whiteboard,whiteboard,1,0,1,Q018::18
Part3/outputs/answers_llama32_3b.csv,answers_llama32_3b,Q018,I,Things in a classroom,19,whiteboard,whiteboard,1,0,1,Q018::19
Part3/outputs/answers_llama32_3b.csv,answers_llama32_3b,Q019,J,Car brands,0,jaguar,jaguar,1,1,0,Q019::0
Part3/outputs/answers_llama32_3b.csv,answers_llama32_3b,Q019,J,Car brands,1,jaguar,jaguar,1,1,0,Q019::1
Part3/outputs/answers_llama32_3b.csv,answers_llama32_3b,Q019,J,Car brands,2,jaguar,jaguar,1,1,0,Q019::2
Part3/outputs/answers_llama32_3b.csv,answers_llama32_3b,Q019,J,Car brands,3,jaguar,jaguar,1,1,0,Q019::3
Part3/outputs/answers_llama32_3b.csv,answers_llama32_3b,Q019,J,Car brands,4,jaguar,jaguar,1,1,0,Q019::4
Part3/outputs/answers_llama32_3b.csv,answers_llama32_3b,Q019,J,Car brands,5,jaguar,jaguar,1,1,0,Q019::5
Part3/outputs/answers_llama32_3b.csv,answers_llama32_3b,Q019,J,Car brands,6,jaguar,jaguar,1,1,0,Q019::6
Part3/outputs/answers_llama32_3b.csv,answers_llama32_3b,Q019,J,Car brands,7,jaguar,jaguar,1,1,0,Q019::7
Part3/outputs/answers_llama32_3b.csv,answers_llama32_3b,Q019,J,Car brands,8,jaguar,jaguar,1,1,0,Q019::8
Part3/outputs/answers_llama32_3b.csv,answers_llama32_3b,Q019,J,Car brands,9,jaguar,jaguar,1,1,0,Q019::9
Part3/outputs/answers_llama32_3b.csv,answers_llama32_3b,Q019,J,Car brands,10,jaguar,jaguar,1,1,0,Q019::10
Part3/outputs/answers_llama32_3b.csv,answers_llama32_3b,Q019,J,Car brands,11,jaguar,jaguar,1,1,0,Q019::11
Part3/outputs/answers_llama32_3b.csv,answers_llama32_3b,Q019,J,Car brands,12,jaguar,jaguar,1,1,0,Q019::12
Part3/outputs/answers_llama32_3b.csv,answers_llama32_3b,Q019,J,Car brands,13,jaguar,jaguar,1,1,0,Q019::13
Part3/outputs/answers_llama32_3b.csv,answers_llama32_3b,Q019,J,Car brands,14,jaguar,jaguar,1,1,0,Q019::14
Part3/outputs/answers_llama32_3b.csv,answers_llama32_3b,Q019,J,Car brands,15,jaguar,jaguar,1,1,0,Q019::15
Part3/outputs/answers_llama32_3b.csv,answers_llama32_3b,Q019,J,Car brands,16,jaguar,jaguar,1,1,0,Q019::16
Part3/outputs/answers_llama32_3b.csv,answers_llama32_3b,Q019,J,Car brands,17,jaguar,jaguar,1,1,0,Q019::17
Part3/outputs/answers_llama32_3b.csv,answers_llama32_3b,Q019,J,Car brands,18,jaguar,jaguar,1,1,0,Q019::18
Part3/outputs/answers_llama32_3b.csv,answers_llama32_3b,Q019,J,Car brands,19,jaguar,jaguar,1,1,0,Q019::19
Part3/outputs/answers_llama32_3b.csv,answers_llama32_3b,Q020,J,Video game titles,0,jackie chan adventure,jackie chan adventure,0,0,0,Q020::0
Part3/outputs/answers_llama32_3b.csv,answers_llama32_3b,Q020,J,Video game titles,1,jagged alliance,jagged alliance,1,0,1,Q020::1
Part3/outputs/answers_llama32_3b.csv,answers_llama32_3b,Q020,J,Video game titles,2,journey to the center of the earth,journey to the center of the earth,0,0,0,Q020::2
Part3/outputs/answers_llama32_3b.csv,answers_llama32_3b,Q020,J,Video game titles,3,jagged alliance,jagged alliance,1,0,1,Q020::3
Part3/outputs/answers_llama32_3b.csv,answers_llama32_3b,Q020,J,Video game titles,4,journey,journey,1,0,1,Q020::4
Part3/outputs/answers_llama32_3b.csv,answers_llama32_3b,Q020,J,Video game titles,5,journey to the center of the earth,journey to the center of the earth,0,0,0,Q020::5
Part3/outputs/answers_llama32_3b.csv,answers_llama32_3b,Q020,J,Video game titles,6,jagged alliance,jagged alliance,1,0,1,Q020::6
Part3/outputs/answers_llama32_3b.csv,answers_llama32_3b,Q020,J,Video game titles,7,jedi academy,jedi academy,1,0,1,Q020::7
Part3/outputs/answers_llama32_3b.csv,answers_llama32_3b,Q020,J,Video game titles,8,jonesboro county sheriff,jonesboro county sheriff,0,0,0,Q020::8
Part3/outputs/answers_llama32_3b.csv,answers_llama32_3b,Q020,J,Video game titles,9,journey,journey,1,0,1,Q020::9
Part3/outputs/answers_llama32_3b.csv,answers_llama32_3b,Q020,J,Video game titles,10,journey to the center of the earth,journey to the center of the earth,0,0,0,Q020::10
Part3/outputs/answers_llama32_3b.csv,answers_llama32_3b,Q020,J,Video game titles,11,jade edition,jade edition,0,0,0,Q020::11
Part3/outputs/answers_llama32_3b.csv,answers_llama32_3b,Q020,J,Video game titles,12,journey to the center of the earth,journey to the center of the earth,0,0,0,Q020::12
Part3/outputs/answers_llama32_3b.csv,answers_llama32_3b,Q020,J,Video game titles,13,"jones 

can be removed if it is not correct",jones can be removed if it is not correct,0,0,0,Q020::13
Part3/outputs/answers_llama32_3b.csv,answers_llama32_3b,Q020,J,Video game titles,14,jade empire,jade empire,1,0,1,Q020::14
Part3/outputs/answers_llama32_3b.csv,answers_llama32_3b,Q020,J,Video game titles,15,journey,journey,1,0,1,Q020::15
Part3/outputs/answers_llama32_3b.csv,answers_llama32_3b,Q020,J,Video game titles,16,journey into imago,journey into imago,0,0,0,Q020::16
Part3/outputs/answers_llama32_3b.csv,answers_llama32_3b,Q020,J,Video game titles,17,journey,journey,1,0,1,Q020::17
Part3/outputs/answers_llama32_3b.csv,answers_llama32_3b,Q020,J,Video game titles,18,jade empire,jade empire,1,0,1,Q020::18
Part3/outputs/answers_llama32_3b.csv,answers_llama32_3b,Q020,J,Video game titles,19,jade cocoon,jade cocoon,1,0,1,Q020::19
Part3/outputs/answers_llama32_3b.csv,answers_llama32_3b,Q021,K,Superheroes,0,karen page,karen page,0,0,0,Q021::0
Part3/outputs/answers_llama32_3b.csv,answers_llama32_3b,Q021,K,Superheroes,1,kane,kane,0,0,0,Q021::1
Part3/outputs/answers_llama32_3b.csv,answers_llama32_3b,Q021,K,Superheroes,2,kirk,kirk,0,0,0,Q021::2
Part3/outputs/answers_llama32_3b.csv,answers_llama32_3b,Q021,K,Superheroes,3,kurt kangaroo,kurt kangaroo,0,0,0,Q021::3
Part3/outputs/answers_llama32_3b.csv,answers_llama32_3b,Q021,K,Superheroes,4,karen page,karen page,0,0,0,Q021::4
Part3/outputs/answers_llama32_3b.csv,answers_llama32_3b,Q021,K,Superheroes,5,kingpin,kingpin,1,0,1,Q021::5
Part3/outputs/answers_llama32_3b.csv,answers_llama32_3b,Q021,K,Superheroes,6,kirk langstrom,kirk langstrom,1,0,1,Q021::6
Part3/outputs/answers_llama32_3b.csv,answers_llama32_3b,Q021,K,Superheroes,7,karen pagel,karen pagel,0,0,0,Q021::7
Part3/outputs/answers_llama32_3b.csv,answers_llama32_3b,Q021,K,Superheroes,8,kilowog,kilowog,1,0,1,Q021::8
Part3/outputs/answers_llama32_3b.csv,answers_llama32_3b,Q021,K,Superheroes,9,knight,knight,0,0,0,Q021::9
Part3/outputs/answers_llama32_3b.csv,answers_llama32_3b,Q021,K,Superheroes,10,kick ass,kick ass,0,0,0,Q021::10
Part3/outputs/answers_llama32_3b.csv,answers_llama32_3b,Q021,K,Superheroes,11,kirk langstrom,kirk langstrom,1,0,1,Q021::11
Part3/outputs/answers_llama32_3b.csv,answers_llama32_3b,Q021,K,Superheroes,12,kirk langstrom,kirk langstrom,1,0,1,Q021::12
Part3/outputs/answers_llama32_3b.csv,answers_llama32_3b,Q021,K,Superheroes,13,kryptonite,kryptonite,0,0,0,Q021::13
Part3/outputs/answers_llama32_3b.csv,answers_llama32_3b,Q021,K,Superheroes,14,krypto,krypto,1,0,1,Q021::14
Part3/outputs/answers_llama32_3b.csv,answers_llama32_3b,Q021,K,Superheroes,15,kirk langraffe,kirk langraffe,0,0,0,Q021::15
Part3/outputs/answers_llama32_3b.csv,answers_llama32_3b,Q021,K,Superheroes,16,karen page,karen page,0,0,0,Q021::16
Part3/outputs/answers_llama32_3b.csv,answers_llama32_3b,Q021,K,Superheroes,17,kirk langriss,kirk langriss,0,0,0,Q021::17
Part3/outputs/answers_llama32_3b.csv,answers_llama32_3b,Q021,K,Superheroes,18,kingdom,kingdom,0,0,0,Q021::18
Part3/outputs/answers_llama32_3b.csv,answers_llama32_3b,Q021,K,Superheroes,19,kirk langstrom,kirk langstrom,1,0,1,Q021::19
Part3/outputs/answers_llama32_3b.csv,answers_llama32_3b,Q022,K,Things in a grocery store,0,ketchup,ketchup,1,0,1,Q022::0
Part3/outputs/answers_llama32_3b.csv,answers_llama32_3b,Q022,K,Things in a grocery store,1,ketchup,ketchup,1,1,0,Q022::1
Part3/outputs/answers_llama32_3b.csv,answers_llama32_3b,Q022,K,Things in a grocery store,2,ketchup,ketchup,1,1,0,Q022::2
Part3/outputs/answers_llama32_3b.csv,answers_llama32_3b,Q022,K,Things in a grocery store,3,kiwi fruit,kiwi fruit,1,0,1,Q022::3
Part3/outputs/answers_llama32_3b.csv,answers_llama32_3b,Q022,K,Things in a grocery store,4,ketchup,ketchup,1,0,1,Q022::4
Part3/outputs/answers_llama32_3b.csv,answers_llama32_3b,Q022,K,Things in a grocery store,5,ketchup,ketchup,1,1,0,Q022::5
Part3/outputs/answers_llama32_3b.csv,answers_llama32_3b,Q022,K,Things in a grocery store,6,kettle,kettle,1,0,1,Q022::6
Part3/outputs/answers_llama32_3b.csv,answers_llama32_3b,Q022,K,Things in a grocery store,7,ketchup,ketchup,1,0,1,Q022::7
Part3/outputs/answers_llama32_3b.csv,answers_llama32_3b,Q022,K,Things in a grocery store,8,ketchup,ketchup,1,0,1,Q022::8
Part3/outputs/answers_llama32_3b.csv,answers_llama32_3b,Q022,K,Things in a grocery store,9,ketchup,ketchup,1,0,1,Q022::9
Part3/outputs/answers_llama32_3b.csv,answers_llama32_3b,Q022,K,Things in a grocery store,10,ketchup,ketchup,1,0,1,Q022::10
Part3/outputs/answers_llama32_3b.csv,answers_llama32_3b,Q022,K,Things in a grocery store,11,ketchup,ketchup,1,0,1,Q022::11
Part3/outputs/answers_llama32_3b.csv,answers_llama32_3b,Q022,K,Things in a grocery store,12,ketchup,ketchup,1,0,1,Q022::12
Part3/outputs/answers_llama32_3b.csv,answers_llama32_3b,Q022,K,Things in a grocery store,13,ketchup,ketchup,1,1,0,Q022::13
Part3/outputs/answers_llama32_3b.csv,answers_llama32_3b,Q022,K,Things in a grocery store,14,ketchup,ketchup,1,0,1,Q022::14
Part3/outputs/answers_llama32_3b.csv,answers_llama32_3b,Q022,K,Things in a grocery store,15,ketchup,ketchup,1,0,1,Q022::15
Part3/outputs/answers_llama32_3b.csv,answers_llama32_3b,Q022,K,Things in a grocery store,16,ketchup,ketchup,1,0,1,Q022::16
Part3/outputs/answers_llama32_3b.csv,answers_llama32_3b,Q022,K,Things in a grocery store,17,ketchup,ketchup,1,1,0,Q022::17
Part3/outputs/answers_llama32_3b.csv,answers_llama32_3b,Q022,K,Things in a grocery store,18,kiwi fruit,kiwi fruit,1,0,1,Q022::18
Part3/outputs/answers_llama32_3b.csv,answers_llama32_3b,Q022,K,Things in a grocery store,19,kiwi,kiwi,1,1,0,Q022::19
Part3/outputs/answers_llama32_3b.csv,answers_llama32_3b,Q023,L,Dog breeds,0,labrador,labrador,1,0,1,Q023::0
Part3/outputs/answers_llama32_3b.csv,answers_llama32_3b,Q023,L,Dog breeds,1,labrador,labrador,1,0,1,Q023::1
Part3/outputs/answers_llama32_3b.csv,answers_llama32_3b,Q023,L,Dog breeds,2,labrador,labrador,1,0,1,Q023::2
Part3/outputs/answers_llama32_3b.csv,answers_llama32_3b,Q023,L,Dog breeds,3,labrador,labrador,1,0,1,Q023::3
Part3/outputs/answers_llama32_3b.csv,answers_llama32_3b,Q023,L,Dog breeds,4,labrador,labrador,1,0,1,Q023::4
Part3/outputs/answers_llama32_3b.csv,answers_llama32_3b,Q023,L,Dog breeds,5,labrador,labrador,1,0,1,Q023::5
Part3/outputs/answers_llama32_3b.csv,answers_llama32_3b,Q023,L,Dog breeds,6,labrador,labrador,1,0,1,Q023::6
Part3/outputs/answers_llama32_3b.csv,answers_llama32_3b,Q023,L,Dog breeds,7,labrador,labrador,1,0,1,Q023::7
Part3/outputs/answers_llama32_3b.csv,answers_llama32_3b,Q023,L,Dog breeds,8,labrador retriever,labrador retriever,1,1,0,Q023::8
Part3/outputs/answers_llama32_3b.csv,answers_llama32_3b,Q023,L,Dog breeds,9,labrador,labrador,1,0,1,Q023::9
Part3/outputs/answers_llama32_3b.csv,answers_llama32_3b,Q023,L,Dog breeds,10,lhasa apso,lhasa apso,1,0,1,Q023::10
Part3/outputs/answers_llama32_3b.csv,answers_llama32_3b,Q023,L,Dog breeds,11,labrador,labrador,1,0,1,Q023::11
Part3/outputs/answers_llama32_3b.csv,answers_llama32_3b,Q023,L,Dog breeds,12,labrador,labrador,1,0,1,Q023::12
Part3/outputs/answers_llama32_3b.csv,answers_llama32_3b,Q023,L,Dog breeds,13,labrador,labrador,1,0,1,Q023::13
Part3/outputs/answers_llama32_3b.csv,answers_llama32_3b,Q023,L,Dog breeds,14,labrador retriever,labrador retriever,1,1,0,Q023::14
Part3/outputs/answers_llama32_3b.csv,answers_llama32_3b,Q023,L,Dog breeds,15,labrador,labrador,1,0,1,Q023::15
Part3/outputs/answers_llama32_3b.csv,answers_llama32_3b,Q023,L,Dog breeds,16,labrador,labrador,1,0,1,Q023::16
Part3/outputs/answers_llama32_3b.csv,answers_llama32_3b,Q023,L,Dog breeds,17,labrador,labrador,1,0,1,Q023::17
Part3/outputs/answers_llama32_3b.csv,answers_llama32_3b,Q023,L,Dog breeds,18,labrador retriever,labrador retriever,1,1,0,Q023::18
Part3/outputs/answers_llama32_3b.csv,answers_llama32_3b,Q023,L,Dog breeds,19,labrador,labrador,1,0,1,Q023::19
Part3/outputs/answers_llama32_3b.csv,answers_llama32_3b,Q024,L,Books,0,lord of the rings,lord of the rings,1,1,0,Q024::0
Part3/outputs/answers_llama32_3b.csv,answers_llama32_3b,Q024,L,Books,1,lord of the rings,lord of the rings,1,1,0,Q024::1
Part3/outputs/answers_llama32_3b.csv,answers_llama32_3b,Q024,L,Books,2,lord of the rings,lord of the rings,1,0,1,Q024::2
Part3/outputs/answers_llama32_3b.csv,answers_llama32_3b,Q024,L,Books,3,lord of the rings,lord of the rings,1,1,0,Q024::3
Part3/outputs/answers_llama32_3b.csv,answers_llama32_3b,Q024,L,Books,4,lord of the rings,lord of the rings,1,1,0,Q024::4
Part3/outputs/answers_llama32_3b.csv,answers_llama32_3b,Q024,L,Books,5,lord of the rings,lord of the rings,1,1,0,Q024::5
Part3/outputs/answers_llama32_3b.csv,answers_llama32_3b,Q024,L,Books,6,lord of the rings,lord of the rings,1,0,1,Q024::6
Part3/outputs/answers_llama32_3b.csv,answers_llama32_3b,Q024,L,Books,7,lord of the rings,lord of the rings,1,1,0,Q024::7
Part3/outputs/answers_llama32_3b.csv,answers_llama32_3b,Q024,L,Books,8,lord of the rings,lord of the rings,1,1,0,Q024::8
Part3/outputs/answers_llama32_3b.csv,answers_llama32_3b,Q024,L,Books,9,lost boys,lost boys,0,0,0,Q024::9
Part3/outputs/answers_llama32_3b.csv,answers_llama32_3b,Q024,L,Books,10,lord of the rings,lord of the rings,1,0,1,Q024::10
Part3/outputs/answers_llama32_3b.csv,answers_llama32_3b,Q024,L,Books,11,lord of the rings,lord of the rings,1,0,1,Q024::11
Part3/outputs/answers_llama32_3b.csv,answers_llama32_3b,Q024,L,Books,12,lord of the rings,lord of the rings,1,1,0,Q024::12
Part3/outputs/answers_llama32_3b.csv,answers_llama32_3b,Q024,L,Books,13,lord of the rings,lord of the rings,1,1,0,Q024::13
Part3/outputs/answers_llama32_3b.csv,answers_llama32_3b,Q024,L,Books,14,lord of the rings,lord of the rings,1,1,0,Q024::14
Part3/outputs/answers_llama32_3b.csv,answers_llama32_3b,Q024,L,Books,15,lord of the rings,lord of the rings,1,1,0,Q024::15
Part3/outputs/answers_llama32_3b.csv,answers_llama32_3b,Q024,L,Books,16,lord of the rings,lord of the rings,1,1,0,Q024::16
Part3/outputs/answers_llama32_3b.csv,answers_llama32_3b,Q024,L,Books,17,little women,little women,1,0,1,Q024::17
Part3/outputs/answers_llama32_3b.csv,answers_llama32_3b,Q024,L,Books,18,lord of the rings,lord of the rings,1,0,1,Q024::18
Part3/outputs/answers_llama32_3b.csv,answers_llama32_3b,Q024,L,Books,19,lord of the rings,lord of the rings,1,1,0,Q024::19
Part3/outputs/answers_llama32_3b.csv,answers_llama32_3b,Q025,M,Languages,0,maltese,maltese,1,0,1,Q025::0
Part3/outputs/answers_llama32_3b.csv,answers_llama32_3b,Q025,M,Languages,1,malay,malay,1,0,1,Q025::1
Part3/outputs/answers_llama32_3b.csv,answers_llama32_3b,Q025,M,Languages,2,mandarin,mandarin,1,1,0,Q025::2
Part3/outputs/answers_llama32_3b.csv,answers_llama32_3b,Q025,M,Languages,3,malay,malay,1,0,1,Q025::3
Part3/outputs/answers_llama32_3b.csv,answers_llama32_3b,Q025,M,Languages,4,madagascarianmarathi,madagascarianmarathi,0,0,0,Q025::4
Part3/outputs/answers_llama32_3b.csv,answers_llama32_3b,Q025,M,Languages,5,manx,manx,1,0,1,Q025::5
Part3/outputs/answers_llama32_3b.csv,answers_llama32_3b,Q025,M,Languages,6,macedonian,macedonian,1,0,1,Q025::6
Part3/outputs/answers_llama32_3b.csv,answers_llama32_3b,Q025,M,Languages,7,macedonian,macedonian,1,0,1,Q025::7
Part3/outputs/answers_llama32_3b.csv,answers_llama32_3b,Q025,M,Languages,8,malaysian,malaysian,0,0,0,Q025::8
Part3/outputs/answers_llama32_3b.csv,answers_llama32_3b,Q025,M,Languages,9,mandarin,mandarin,1,0,1,Q025::9
Part3/outputs/answers_llama32_3b.csv,answers_llama32_3b,Q025,M,Languages,10,manx,manx,1,0,1,Q025::10
Part3/outputs/answers_llama32_3b.csv,answers_llama32_3b,Q025,M,Languages,11,malay,malay,1,0,1,Q025::11
Part3/outputs/answers_llama32_3b.csv,answers_llama32_3b,Q025,M,Languages,12,mandarin,mandarin,1,0,1,Q025::12
Part3/outputs/answers_llama32_3b.csv,answers_llama32_3b,Q025,M,Languages,13,moldovan,moldovan,1,0,1,Q025::13
Part3/outputs/answers_llama32_3b.csv,answers_llama32_3b,Q025,M,Languages,14,mongolian,mongolian,1,0,1,Q025::14
Part3/outputs/answers_llama32_3b.csv,answers_llama32_3b,Q025,M,Languages,15,malay,malay,1,0,1,Q025::15
Part3/outputs/answers_llama32_3b.csv,answers_llama32_3b,Q025,M,Languages,16,mexican,mexican,0,0,0,Q025::16
Part3/outputs/answers_llama32_3b.csv,answers_llama32_3b,Q025,M,Languages,17,macedonian,macedonian,1,0,1,Q025::17
Part3/outputs/answers_llama32_3b.csv,answers_llama32_3b,Q025,M,Languages,18,maori,maori,1,0,1,Q025::18
Part3/outputs/answers_llama32_3b.csv,answers_llama32_3b,Q025,M,Languages,19,mongolian,mongolian,1,1,0,Q025::19
Part3/outputs/answers_llama32_3b.csv,answers_llama32_3b,Q026,M,Clothing items,0,maternity,maternity,1,0,1,Q026::0
Part3/outputs/answers_llama32_3b.csv,answers_llama32_3b,Q026,M,Clothing items,1,mask,mask,1,0,1,Q026::1
Part3/outputs/answers_llama32_3b.csv,answers_llama32_3b,Q026,M,Clothing items,2,mac jacket,mac jacket,0,0,0,Q026::2
Part3/outputs/answers_llama32_3b.csv,answers_llama32_3b,Q026,M,Clothing items,3,maxi dress,maxi dress,1,0,1,Q026::3
Part3/outputs/answers_llama32_3b.csv,answers_llama32_3b,Q026,M,Clothing items,4,maillot,maillot,1,0,1,Q026::4
Part3/outputs/answers_llama32_3b.csv,answers_llama32_3b,Q026,M,Clothing items,5,man dress,man dress,0,0,0,Q026::5
Part3/outputs/answers_llama32_3b.csv,answers_llama32_3b,Q026,M,Clothing items,6,mitten,mitten,1,0,1,Q026::6
Part3/outputs/answers_llama32_3b.csv,answers_llama32_3b,Q026,M,Clothing items,7,maillot,maillot,1,0,1,Q026::7
Part3/outputs/answers_llama32_3b.csv,answers_llama32_3b,Q026,M,Clothing items,8,madras shirt,madras shirt,1,0,1,Q026::8
Part3/outputs/answers_llama32_3b.csv,answers_llama32_3b,Q026,M,Clothing items,9,man tights,man tights,0,0,0,Q026::9
Part3/outputs/answers_llama32_3b.csv,answers_llama32_3b,Q026,M,Clothing items,10,maternity dress,maternity dress,1,0,1,Q026::10
Part3/outputs/answers_llama32_3b.csv,answers_llama32_3b,Q026,M,Clothing items,11,maxi dress,maxi dress,1,0,1,Q026::11
Part3/outputs/answers_llama32_3b.csv,answers_llama32_3b,Q026,M,Clothing items,12,maillot,maillot,1,0,1,Q026::12
Part3/outputs/answers_llama32_3b.csv,answers_llama32_3b,Q026,M,Clothing items,13,cape,cape,1,0,1,Q026::13
Part3/outputs/answers_llama32_3b.csv,answers_llama32_3b,Q026,M,Clothing items,14,man t shirt,man t shirt,0,0,0,Q026::14
Part3/outputs/answers_llama32_3b.csv,answers_llama32_3b,Q026,M,Clothing items,15,men's shirts,men's shirts,1,0,1,Q026::15
Part3/outputs/answers_llama32_3b.csv,answers_llama32_3b,Q026,M,Clothing items,16,maxi dress,maxi dress,1,0,1,Q026::16
Part3/outputs/answers_llama32_3b.csv,answers_llama32_3b,Q026,M,Clothing items,17,coat,coat,0,0,0,Q026::17
Part3/outputs/answers_llama32_3b.csv,answers_llama32_3b,Q026,M,Clothing items,18,man t-shirt,man t-shirt,0,0,0,Q026::18
Part3/outputs/answers_llama32_3b.csv,answers_llama32_3b,Q026,M,Clothing items,19,man suit,man suit,0,0,0,Q026::19
Part3/outputs/answers_llama32_3b.csv,answers_llama32_3b,Q027,N,Birds,0,northern flicker,northern flicker,1,0,1,Q027::0
Part3/outputs/answers_llama32_3b.csv,answers_llama32_3b,Q027,N,Birds,1,nightingale,nightingale,1,1,0,Q027::1
Part3/outputs/answers_llama32_3b.csv,answers_llama32_3b,Q027,N,Birds,2,northern flicker,northern flicker,1,1,0,Q027::2
Part3/outputs/answers_llama32_3b.csv,answers_llama32_3b,Q027,N,Birds,3,new hampshire crow,new hampshire crow,0,0,0,Q027::3
Part3/outputs/answers_llama32_3b.csv,answers_llama32_3b,Q027,N,Birds,4,northern flicker,northern flicker,1,0,1,Q027::4
Part3/outputs/answers_llama32_3b.csv,answers_llama32_3b,Q027,N,Birds,5,new zealand falcon,new zealand falcon,0,0,0,Q027::5
Part3/outputs/answers_llama32_3b.csv,answers_llama32_3b,Q027,N,Birds,6,northern flicker,northern flicker,1,0,1,Q027::6
Part3/outputs/answers_llama32_3b.csv,answers_llama32_3b,Q027,N,Birds,7,new zealand falcon,new zealand falcon,0,0,0,Q027::7
Part3/outputs/answers_llama32_3b.csv,answers_llama32_3b,Q027,N,Birds,8,new hampshire hawk,new hampshire hawk,0,0,0,Q027::8
Part3/outputs/answers_llama32_3b.csv,answers_llama32_3b,Q027,N,Birds,9,new holland hornbill,new holland hornbill,1,0,1,Q027::9
Part3/outputs/answers_llama32_3b.csv,answers_llama32_3b,Q027,N,Birds,10,new world warbler,new world warbler,0,0,0,Q027::10
Part3/outputs/answers_llama32_3b.csv,answers_llama32_3b,Q027,N,Birds,11,new hampshire crow,new hampshire crow,0,0,0,Q027::11
Part3/outputs/answers_llama32_3b.csv,answers_llama32_3b,Q027,N,Birds,12,new holland hornbill,new holland hornbill,1,0,1,Q027::12
Part3/outputs/answers_llama32_3b.csv,answers_llama32_3b,Q027,N,Birds,13,new hampshire woodpecker,new hampshire woodpecker,0,0,0,Q027::13
Part3/outputs/answers_llama32_3b.csv,answers_llama32_3b,Q027,N,Birds,14,northern flicker,northern flicker,1,0,1,Q027::14
Part3/outputs/answers_llama32_3b.csv,answers_llama32_3b,Q027,N,Birds,15,newfoundland,newfoundland,0,0,0,Q027::15
Part3/outputs/answers_llama32_3b.csv,answers_llama32_3b,Q027,N,Birds,16,new hampshire legless,new hampshire legless,0,0,0,Q027::16
Part3/outputs/answers_llama32_3b.csv,answers_llama32_3b,Q027,N,Birds,17,northern flicker,northern flicker,1,0,1,Q027::17
Part3/outputs/answers_llama32_3b.csv,answers_llama32_3b,Q027,N,Birds,18,new holland honeyeater,new holland honeyeater,1,0,1,Q027::18
Part3/outputs/answers_llama32_3b.csv,answers_llama32_3b,Q027,N,Birds,19,new hampshire hawk,new hampshire hawk,0,0,0,Q027::19
Part3/outputs/answers_llama32_3b.csv,answers_llama32_3b,Q028,N,Things in a hospital,0,nurse,nurse,1,1,0,Q028::0
Part3/outputs/answers_llama32_3b.csv,answers_llama32_3b,Q028,N,Things in a hospital,1,nursing station,nursing station,1,0,1,Q028::1
Part3/outputs/answers_llama32_3b.csv,answers_llama32_3b,Q028,N,Things in a hospital,2,nurse,nurse,1,1,0,Q028::2
Part3/outputs/answers_llama32_3b.csv,answers_llama32_3b,Q028,N,Things in a hospital,3,nurse,nurse,1,1,0,Q028::3
Part3/outputs/answers_llama32_3b.csv,answers_llama32_3b,Q028,N,Things in a hospital,4,nurse,nurse,1,1,0,Q028::4
Part3/outputs/answers_llama32_3b.csv,answers_llama32_3b,Q028,N,Things in a hospital,5,nurse,nurse,1,1,0,Q028::5
Part3/outputs/answers_llama32_3b.csv,answers_llama32_3b,Q028,N,Things in a hospital,6,nurse,nurse,1,1,0,Q028::6
Part3/outputs/answers_llama32_3b.csv,answers_llama32_3b,Q028,N,Things in a hospital,7,nurse,nurse,1,1,0,Q028::7
Part3/outputs/answers_llama32_3b.csv,answers_llama32_3b,Q028,N,Things in a hospital,8,nurse,nurse,1,1,0,Q028::8
Part3/outputs/answers_llama32_3b.csv,answers_llama32_3b,Q028,N,Things in a hospital,9,nurses,nurses,1,0,1,Q028::9
Part3/outputs/answers_llama32_3b.csv,answers_llama32_3b,Q028,N,Things in a hospital,10,nurse,nurse,1,1,0,Q028::10
Part3/outputs/answers_llama32_3b.csv,answers_llama32_3b,Q028,N,Things in a hospital,11,nurse,nurse,1,1,0,Q028::11
Part3/outputs/answers_llama32_3b.csv,answers_llama32_3b,Q028,N,Things in a hospital,12,nurse,nurse,1,1,0,Q028::12
Part3/outputs/answers_llama32_3b.csv,answers_llama32_3b,Q028,N,Things in a hospital,13,nurse,nurse,1,1,0,Q028::13
Part3/outputs/answers_llama32_3b.csv,answers_llama32_3b,Q028,N,Things in a hospital,14,nurse,nurse,1,1,0,Q028::14
Part3/outputs/answers_llama32_3b.csv,answers_llama32_3b,Q028,N,Things in a hospital,15,nursing station,nursing station,1,0,1,Q028::15
Part3/outputs/answers_llama32_3b.csv,answers_llama32_3b,Q028,N,Things in a hospital,16,nurse,nurse,1,1,0,Q028::16
Part3/outputs/answers_llama32_3b.csv,answers_llama32_3b,Q028,N,Things in a hospital,17,nurses,nurses,1,0,1,Q028::17
Part3/outputs/answers_llama32_3b.csv,answers_llama32_3b,Q028,N,Things in a hospital,18,nurse,nurse,1,1,0,Q028::18
Part3/outputs/answers_llama32_3b.csv,answers_llama32_3b,Q028,N,Things in a hospital,19,nurse,nurse,1,1,0,Q028::19
Part3/outputs/answers_llama32_3b.csv,answers_llama32_3b,Q029,O,Companies,0,oracle corporation,oracle corporation,1,0,1,Q029::0
Part3/outputs/answers_llama32_3b.csv,answers_llama32_3b,Q029,O,Companies,1,ocean products,ocean products,0,0,0,Q029::1
Part3/outputs/answers_llama32_3b.csv,answers_llama32_3b,Q029,O,Companies,2,o eon technologies,o eon technologies,0,0,0,Q029::2
Part3/outputs/answers_llama32_3b.csv,answers_llama32_3b,Q029,O,Companies,3,o e s e,o e s e,0,0,0,Q029::3
Part3/outputs/answers_llama32_3b.csv,answers_llama32_3b,Q029,O,Companies,4,o e j scott,o e j scott,0,0,0,Q029::4
Part3/outputs/answers_llama32_3b.csv,answers_llama32_3b,Q029,O,Companies,5,o eon technologies,o eon technologies,0,0,0,Q029::5
Part3/outputs/answers_llama32_3b.csv,answers_llama32_3b,Q029,O,Companies,6,olympus petfoods,olympus petfoods,0,0,0,Q029::6
Part3/outputs/answers_llama32_3b.csv,answers_llama32_3b,Q029,O,Companies,7,ocean cruise lines,ocean cruise lines,0,0,0,Q029::7
Part3/outputs/answers_llama32_3b.csv,answers_llama32_3b,Q029,O,Companies,8,ocean conservation society,ocean conservation society,0,0,0,Q029::8
Part3/outputs/answers_llama32_3b.csv,answers_llama32_3b,Q029,O,Companies,9,"ocean 

consent",ocean consent,0,0,0,Q029::9
Part3/outputs/answers_llama32_3b.csv,answers_llama32_3b,Q029,O,Companies,10,o e ono,o e ono,0,0,0,Q029::10
Part3/outputs/answers_llama32_3b.csv,answers_llama32_3b,Q029,O,Companies,11,olympic games,olympic games,0,0,0,Q029::11
Part3/outputs/answers_llama32_3b.csv,answers_llama32_3b,Q029,O,Companies,12,o eon technology,o eon technology,0,0,0,Q029::12
Part3/outputs/answers_llama32_3b.csv,answers_llama32_3b,Q029,O,Companies,13,oceanographic institute,oceanographic institute,0,0,0,Q029::13
Part3/outputs/answers_llama32_3b.csv,answers_llama32_3b,Q029,O,Companies,14,olympus petroleum,olympus petroleum,0,0,0,Q029::14
Part3/outputs/answers_llama32_3b.csv,answers_llama32_3b,Q029,O,Companies,15,o eon corporation,o eon corporation,0,0,0,Q029::15
Part3/outputs/answers_llama32_3b.csv,answers_llama32_3b,Q029,O,Companies,16,o eon energy,o eon energy,0,0,0,Q029::16
Part3/outputs/answers_llama32_3b.csv,answers_llama32_3b,Q029,O,Companies,17,o e cta,o e cta,0,0,0,Q029::17
Part3/outputs/answers_llama32_3b.csv,answers_llama32_3b,Q029,O,Companies,18,olympic games,olympic games,0,0,0,Q029::18
Part3/outputs/answers_llama32_3b.csv,answers_llama32_3b,Q029,O,Companies,19,oceanic plywood,oceanic plywood,0,0,0,Q029::19
Part3/outputs/answers_llama32_3b.csv,answers_llama32_3b,Q030,O,Things in the sky,0,ocean,ocean,0,0,0,Q030::0
Part3/outputs/answers_llama32_3b.csv,answers_llama32_3b,Q030,O,Things in the sky,1,ocean,ocean,0,0,0,Q030::1
Part3/outputs/answers_llama32_3b.csv,answers_llama32_3b,Q030,O,Things in the sky,2,ocean,ocean,0,0,0,Q030::2
Part3/outputs/answers_llama32_3b.csv,answers_llama32_3b,Q030,O,Things in the sky,3,ocean,ocean,0,0,0,Q030::3
Part3/outputs/answers_llama32_3b.csv,answers_llama32_3b,Q030,O,Things in the sky,4,ocean,ocean,0,0,0,Q030::4
Part3/outputs/answers_llama32_3b.csv,answers_llama32_3b,Q030,O,Things in the sky,5,ocean,ocean,0,0,0,Q030::5
Part3/outputs/answers_llama32_3b.csv,answers_llama32_3b,Q030,O,Things in the sky,6,ocean,ocean,0,0,0,Q030::6
Part3/outputs/answers_llama32_3b.csv,answers_llama32_3b,Q030,O,Things in the sky,7,ocean,ocean,0,0,0,Q030::7
Part3/outputs/answers_llama32_3b.csv,answers_llama32_3b,Q030,O,Things in the sky,8,ocean,ocean,0,0,0,Q030::8
Part3/outputs/answers_llama32_3b.csv,answers_llama32_3b,Q030,O,Things in the sky,9,ocean,ocean,0,0,0,Q030::9
Part3/outputs/answers_llama32_3b.csv,answers_llama32_3b,Q030,O,Things in the sky,10,cloud,cloud,0,0,0,Q030::10
Part3/outputs/answers_llama32_3b.csv,answers_llama32_3b,Q030,O,Things in the sky,11,ocean,ocean,0,0,0,Q030::11
Part3/outputs/answers_llama32_3b.csv,answers_llama32_3b,Q030,O,Things in the sky,12,ocean,ocean,0,0,0,Q030::12
Part3/outputs/answers_llama32_3b.csv,answers_llama32_3b,Q030,O,Things in the sky,13,open ocean,open ocean,0,0,0,Q030::13
Part3/outputs/answers_llama32_3b.csv,answers_llama32_3b,Q030,O,Things in the sky,14,orange sun,orange sun,0,0,0,Q030::14
Part3/outputs/answers_llama32_3b.csv,answers_llama32_3b,Q030,O,Things in the sky,15,ocean,ocean,0,0,0,Q030::15
Part3/outputs/answers_llama32_3b.csv,answers_llama32_3b,Q030,O,Things in the sky,16,ocean,ocean,0,0,0,Q030::16
Part3/outputs/answers_llama32_3b.csv,answers_llama32_3b,Q030,O,Things in the sky,17,ocean,ocean,0,0,0,Q030::17
Part3/outputs/answers_llama32_3b.csv,answers_llama32_3b,Q030,O,Things in the sky,18,ocean,ocean,0,0,0,Q030::18
Part3/outputs/answers_llama32_3b.csv,answers_llama32_3b,Q030,O,Things in the sky,19,ocean,ocean,0,0,0,Q030::19
Part3/outputs/answers_llama32_3b.csv,answers_llama32_3b,Q031,P,Vegetables,0,potato,potato,1,1,0,Q031::0
Part3/outputs/answers_llama32_3b.csv,answers_llama32_3b,Q031,P,Vegetables,1,parsnip,parsnip,1,0,1,Q031::1
Part3/outputs/answers_llama32_3b.csv,answers_llama32_3b,Q031,P,Vegetables,2,potato,potato,1,1,0,Q031::2
Part3/outputs/answers_llama32_3b.csv,answers_llama32_3b,Q031,P,Vegetables,3,potato,potato,1,1,0,Q031::3
Part3/outputs/answers_llama32_3b.csv,answers_llama32_3b,Q031,P,Vegetables,4,potato,potato,1,0,1,Q031::4
Part3/outputs/answers_llama32_3b.csv,answers_llama32_3b,Q031,P,Vegetables,5,peas,peas,1,0,1,Q031::5
Part3/outputs/answers_llama32_3b.csv,answers_llama32_3b,Q031,P,Vegetables,6,parsnip,parsnip,1,0,1,Q031::6
Part3/outputs/answers_llama32_3b.csv,answers_llama32_3b,Q031,P,Vegetables,7,parsnip,parsnip,1,0,1,Q031::7
Part3/outputs/answers_llama32_3b.csv,answers_llama32_3b,Q031,P,Vegetables,8,parsnip,parsnip,1,0,1,Q031::8
Part3/outputs/answers_llama32_3b.csv,answers_llama32_3b,Q031,P,Vegetables,9,potato,potato,1,1,0,Q031::9
Part3/outputs/answers_llama32_3b.csv,answers_llama32_3b,Q031,P,Vegetables,10,parsnip,parsnip,1,0,1,Q031::10
Part3/outputs/answers_llama32_3b.csv,answers_llama32_3b,Q031,P,Vegetables,11,potato,potato,1,0,1,Q031::11
Part3/outputs/answers_llama32_3b.csv,answers_llama32_3b,Q031,P,Vegetables,12,potato,potato,1,1,0,Q031::12
Part3/outputs/answers_llama32_3b.csv,answers_llama32_3b,Q031,P,Vegetables,13,peas,peas,1,0,1,Q031::13
Part3/outputs/answers_llama32_3b.csv,answers_llama32_3b,Q031,P,Vegetables,14,peas,peas,1,0,1,Q031::14
Part3/outputs/answers_llama32_3b.csv,answers_llama32_3b,Q031,P,Vegetables,15,parsnip,parsnip,1,0,1,Q031::15
Part3/outputs/answers_llama32_3b.csv,answers_llama32_3b,Q031,P,Vegetables,16,potato,potato,1,1,0,Q031::16
Part3/outputs/answers_llama32_3b.csv,answers_llama32_3b,Q031,P,Vegetables,17,parsnip,parsnip,1,0,1,Q031::17
Part3/outputs/answers_llama32_3b.csv,answers_llama32_3b,Q031,P,Vegetables,18,parsnip,parsnip,1,0,1,Q031::18
Part3/outputs/answers_llama32_3b.csv,answers_llama32_3b,Q031,P,Vegetables,19,peas,peas,1,0,1,Q031::19
Part3/outputs/answers_llama32_3b.csv,answers_llama32_3b,Q032,P,Historical figures,0,peter the great,peter the great,1,1,0,Q032::0
Part3/outputs/answers_llama32_3b.csv,answers_llama32_3b,Q032,P,Historical figures,1,peter the great,peter the great,1,1,0,Q032::1
Part3/outputs/answers_llama32_3b.csv,answers_llama32_3b,Q032,P,Historical figures,2,peter the great,peter the great,1,0,1,Q032::2
Part3/outputs/answers_llama32_3b.csv,answers_llama32_3b,Q032,P,Historical figures,3,peter the great,peter the great,1,1,0,Q032::3
Part3/outputs/answers_llama32_3b.csv,answers_llama32_3b,Q032,P,Historical figures,4,peter the great,peter the great,1,0,1,Q032::4
Part3/outputs/answers_llama32_3b.csv,answers_llama32_3b,Q032,P,Historical figures,5,peter the great,peter the great,1,1,0,Q032::5
Part3/outputs/answers_llama32_3b.csv,answers_llama32_3b,Q032,P,Historical figures,6,peter the great,peter the great,1,0,1,Q032::6
Part3/outputs/answers_llama32_3b.csv,answers_llama32_3b,Q032,P,Historical figures,7,peter the great,peter the great,1,0,1,Q032::7
Part3/outputs/answers_llama32_3b.csv,answers_llama32_3b,Q032,P,Historical figures,8,peter the great,peter the great,1,1,0,Q032::8
Part3/outputs/answers_llama32_3b.csv,answers_llama32_3b,Q032,P,Historical figures,9,peter the great,peter the great,1,0,1,Q032::9
Part3/outputs/answers_llama32_3b.csv,answers_llama32_3b,Q032,P,Historical figures,10,peter the great,peter the great,1,0,1,Q032::10
Part3/outputs/answers_llama32_3b.csv,answers_llama32_3b,Q032,P,Historical figures,11,peter the great,peter the great,1,0,1,Q032::11
Part3/outputs/answers_llama32_3b.csv,answers_llama32_3b,Q032,P,Historical figures,12,peter the great,peter the great,1,0,1,Q032::12
Part3/outputs/answers_llama32_3b.csv,answers_llama32_3b,Q032,P,Historical figures,13,peter the great,peter the great,1,1,0,Q032::13
Part3/outputs/answers_llama32_3b.csv,answers_llama32_3b,Q032,P,Historical figures,14,peter the great,peter the great,1,0,1,Q032::14
Part3/outputs/answers_llama32_3b.csv,answers_llama32_3b,Q032,P,Historical figures,15,peter the great,peter the great,1,1,0,Q032::15
Part3/outputs/answers_llama32_3b.csv,answers_llama32_3b,Q032,P,Historical figures,16,peter the great,peter the great,1,0,1,Q032::16
Part3/outputs/answers_llama32_3b.csv,answers_llama32_3b,Q032,P,Historical figures,17,peter the great,peter the great,1,0,1,Q032::17
Part3/outputs/answers_llama32_3b.csv,answers_llama32_3b,Q032,P,Historical figures,18,pierre curie,pierre curie,1,0,1,Q032::18
Part3/outputs/answers_llama32_3b.csv,answers_llama32_3b,Q032,P,Historical figures,19,pyrrhus,pyrrhus,1,0,1,Q032::19
Part3/outputs/answers_llama32_3b.csv,answers_llama32_3b,Q033,Q,Words in English,0,qualify,qualify,1,0,1,Q033::0
Part3/outputs/answers_llama32_3b.csv,answers_llama32_3b,Q033,Q,Words in English,1,quiet,quiet,1,0,1,Q033::1
Part3/outputs/answers_llama32_3b.csv,answers_llama32_3b,Q033,Q,Words in English,2,quaint,quaint,1,0,1,Q033::2
Part3/outputs/answers_llama32_3b.csv,answers_llama32_3b,Q033,Q,Words in English,3,quiet,quiet,1,0,1,Q033::3
Part3/outputs/answers_llama32_3b.csv,answers_llama32_3b,Q033,Q,Words in English,4,quality,quality,1,0,1,Q033::4
Part3/outputs/answers_llama32_3b.csv,answers_llama32_3b,Q033,Q,Words in English,5,query,query,1,0,1,Q033::5
Part3/outputs/answers_llama32_3b.csv,answers_llama32_3b,Q033,Q,Words in English,6,queen,queen,1,1,0,Q033::6
Part3/outputs/answers_llama32_3b.csv,answers_llama32_3b,Q033,Q,Words in English,7,quote,quote,1,0,1,Q033::7
Part3/outputs/answers_llama32_3b.csv,answers_llama32_3b,Q033,Q,Words in English,8,queen,queen,1,0,1,Q033::8
Part3/outputs/answers_llama32_3b.csv,answers_llama32_3b,Q033,Q,Words in English,9,question,question,1,0,1,Q033::9
Part3/outputs/answers_llama32_3b.csv,answers_llama32_3b,Q033,Q,Words in English,10,question,question,1,0,1,Q033::10
Part3/outputs/answers_llama32_3b.csv,answers_llama32_3b,Q033,Q,Words in English,11,quiet,quiet,1,0,1,Q033::11
Part3/outputs/answers_llama32_3b.csv,answers_llama32_3b,Q033,Q,Words in English,12,query,query,1,0,1,Q033::12
Part3/outputs/answers_llama32_3b.csv,answers_llama32_3b,Q033,Q,Words in English,13,quiet,quiet,1,0,1,Q033::13
Part3/outputs/answers_llama32_3b.csv,answers_llama32_3b,Q033,Q,Words in English,14,quiet,quiet,1,0,1,Q033::14
Part3/outputs/answers_llama32_3b.csv,answers_llama32_3b,Q033,Q,Words in English,15,quietly,quietly,1,0,1,Q033::15
Part3/outputs/answers_llama32_3b.csv,answers_llama32_3b,Q033,Q,Words in English,16,question,question,1,0,1,Q033::16
Part3/outputs/answers_llama32_3b.csv,answers_llama32_3b,Q033,Q,Words in English,17,quality,quality,1,0,1,Q033::17
Part3/outputs/answers_llama32_3b.csv,answers_llama32_3b,Q033,Q,Words in English,18,query,query,1,0,1,Q033::18
Part3/outputs/answers_llama32_3b.csv,answers_llama32_3b,Q033,Q,Words in English,19,quiet,quiet,1,0,1,Q033::19
Part3/outputs/answers_llama32_3b.csv,answers_llama32_3b,Q034,Q,Fictional characters,0,quasimodo,quasimodo,1,1,0,Q034::0
Part3/outputs/answers_llama32_3b.csv,answers_llama32_3b,Q034,Q,Fictional characters,1,quentin,quentin,0,0,0,Q034::1
Part3/outputs/answers_llama32_3b.csv,answers_llama32_3b,Q034,Q,Fictional characters,2,quasimodo,quasimodo,1,1,0,Q034::2
Part3/outputs/answers_llama32_3b.csv,answers_llama32_3b,Q034,Q,Fictional characters,3,quasimodo,quasimodo,1,1,0,Q034::3
Part3/outputs/answers_llama32_3b.csv,answers_llama32_3b,Q034,Q,Fictional characters,4,qbert,qbert,1,0,1,Q034::4
Part3/outputs/answers_llama32_3b.csv,answers_llama32_3b,Q034,Q,Fictional characters,5,quantum of solace's james bond,quantum of solace's james bond,0,0,0,Q034::5
Part3/outputs/answers_llama32_3b.csv,answers_llama32_3b,Q034,Q,Fictional characters,6,quasimodo,quasimodo,1,1,0,Q034::6
Part3/outputs/answers_llama32_3b.csv,answers_llama32_3b,Q034,Q,Fictional characters,7,quasimodo,quasimodo,1,1,0,Q034::7
Part3/outputs/answers_llama32_3b.csv,answers_llama32_3b,Q034,Q,Fictional characters,8,queens of the night,queens of the night,0,0,0,Q034::8
Part3/outputs/answers_llama32_3b.csv,answers_llama32_3b,Q034,Q,Fictional characters,9,queen of hearts,queen of hearts,1,0,1,Q034::9
Part3/outputs/answers_llama32_3b.csv,answers_llama32_3b,Q034,Q,Fictional characters,10,quentin durant,quentin durant,0,0,0,Q034::10
Part3/outputs/answers_llama32_3b.csv,answers_llama32_3b,Q034,Q,Fictional characters,11,"quentin 

  (quentin tarrant)",quentin (quentin tarrant,0,0,0,Q034::11
Part3/outputs/answers_llama32_3b.csv,answers_llama32_3b,Q034,Q,Fictional characters,12,queeny,queeny,0,0,0,Q034::12
Part3/outputs/answers_llama32_3b.csv,answers_llama32_3b,Q034,Q,Fictional characters,13,queens of castle,queens of castle,0,0,0,Q034::13
Part3/outputs/answers_llama32_3b.csv,answers_llama32_3b,Q034,Q,Fictional characters,14,quasimodo,quasimodo,1,1,0,Q034::14
Part3/outputs/answers_llama32_3b.csv,answers_llama32_3b,Q034,Q,Fictional characters,15,quentin quail,quentin quail,0,0,0,Q034::15
Part3/outputs/answers_llama32_3b.csv,answers_llama32_3b,Q034,Q,Fictional characters,16,quantum of solace's quinn,quantum of solace's quinn,0,0,0,Q034::16
Part3/outputs/answers_llama32_3b.csv,answers_llama32_3b,Q034,Q,Fictional characters,17,quasimodo,quasimodo,1,1,0,Q034::17
Part3/outputs/answers_llama32_3b.csv,answers_llama32_3b,Q034,Q,Fictional characters,18,quasimodo,quasimodo,1,1,0,Q034::18
Part3/outputs/answers_llama32_3b.csv,answers_llama32_3b,Q034,Q,Fictional characters,19,quentin quinn,quentin quinn,0,0,0,Q034::19
Part3/outputs/answers_llama32_3b.csv,answers_llama32_3b,Q035,R,Songs,0,rock around the clock,rock around the clock,1,0,1,Q035::0
Part3/outputs/answers_llama32_3b.csv,answers_llama32_3b,Q035,R,Songs,1,rock around the clock,rock around the clock,1,0,1,Q035::1
Part3/outputs/answers_llama32_3b.csv,answers_llama32_3b,Q035,R,Songs,2,rock around the clock,rock around the clock,1,0,1,Q035::2
Part3/outputs/answers_llama32_3b.csv,answers_llama32_3b,Q035,R,Songs,3,rock around the clock,rock around the clock,1,0,1,Q035::3
Part3/outputs/answers_llama32_3b.csv,answers_llama32_3b,Q035,R,Songs,4,rock around the clock,rock around the clock,1,0,1,Q035::4
Part3/outputs/answers_llama32_3b.csv,answers_llama32_3b,Q035,R,Songs,5,rock around the clock,rock around the clock,1,0,1,Q035::5
Part3/outputs/answers_llama32_3b.csv,answers_llama32_3b,Q035,R,Songs,6,rock around the clock,rock around the clock,1,0,1,Q035::6
Part3/outputs/answers_llama32_3b.csv,answers_llama32_3b,Q035,R,Songs,7,rock around the clock,rock around the clock,1,0,1,Q035::7
Part3/outputs/answers_llama32_3b.csv,answers_llama32_3b,Q035,R,Songs,8,radiohead,radiohead,0,0,0,Q035::8
Part3/outputs/answers_llama32_3b.csv,answers_llama32_3b,Q035,R,Songs,9,rock around the clock,rock around the clock,1,0,1,Q035::9
Part3/outputs/answers_llama32_3b.csv,answers_llama32_3b,Q035,R,Songs,10,rock around the clock,rock around the clock,1,0,1,Q035::10
Part3/outputs/answers_llama32_3b.csv,answers_llama32_3b,Q035,R,Songs,11,rock around the clock,rock around the clock,1,0,1,Q035::11
Part3/outputs/answers_llama32_3b.csv,answers_llama32_3b,Q035,R,Songs,12,radio,radio,0,0,0,Q035::12
Part3/outputs/answers_llama32_3b.csv,answers_llama32_3b,Q035,R,Songs,13,rock around the clock,rock around the clock,1,0,1,Q035::13
Part3/outputs/answers_llama32_3b.csv,answers_llama32_3b,Q035,R,Songs,14,rock around the clock,rock around the clock,1,0,1,Q035::14
Part3/outputs/answers_llama32_3b.csv,answers_llama32_3b,Q035,R,Songs,15,relax,relax,0,0,0,Q035::15
Part3/outputs/answers_llama32_3b.csv,answers_llama32_3b,Q035,R,Songs,16,rock around the clock,rock around the clock,1,0,1,Q035::16
Part3/outputs/answers_llama32_3b.csv,answers_llama32_3b,Q035,R,Songs,17,rock around the clock,rock around the clock,1,0,1,Q035::17
Part3/outputs/answers_llama32_3b.csv,answers_llama32_3b,Q035,R,Songs,18,rock around the clock,rock around the clock,1,0,1,Q035::18
Part3/outputs/answers_llama32_3b.csv,answers_llama32_3b,Q035,R,Songs,19,river of dolls,river of dolls,0,0,0,Q035::19
Part3/outputs/answers_llama32_3b.csv,answers_llama32_3b,Q036,R,Tools,0,ratchet,ratchet,1,0,1,Q036::0
Part3/outputs/answers_llama32_3b.csv,answers_llama32_3b,Q036,R,Tools,1,ratchet,ratchet,1,0,1,Q036::1
Part3/outputs/answers_llama32_3b.csv,answers_llama32_3b,Q036,R,Tools,2,ratchet,ratchet,1,0,1,Q036::2
Part3/outputs/answers_llama32_3b.csv,answers_llama32_3b,Q036,R,Tools,3,ratchet,ratchet,1,0,1,Q036::3
Part3/outputs/answers_llama32_3b.csv,answers_llama32_3b,Q036,R,Tools,4,ratchet,ratchet,1,0,1,Q036::4
Part3/outputs/answers_llama32_3b.csv,answers_llama32_3b,Q036,R,Tools,5,ratchet,ratchet,1,0,1,Q036::5
Part3/outputs/answers_llama32_3b.csv,answers_llama32_3b,Q036,R,Tools,6,ratchet,ratchet,1,0,1,Q036::6
Part3/outputs/answers_llama32_3b.csv,answers_llama32_3b,Q036,R,Tools,7,ratchet,ratchet,1,0,1,Q036::7
Part3/outputs/answers_llama32_3b.csv,answers_llama32_3b,Q036,R,Tools,8,ratchet,ratchet,1,0,1,Q036::8
Part3/outputs/answers_llama32_3b.csv,answers_llama32_3b,Q036,R,Tools,9,ratchet,ratchet,1,0,1,Q036::9
Part3/outputs/answers_llama32_3b.csv,answers_llama32_3b,Q036,R,Tools,10,ratchet,ratchet,1,0,1,Q036::10
Part3/outputs/answers_llama32_3b.csv,answers_llama32_3b,Q036,R,Tools,11,rocker leveler,rocker leveler,0,0,0,Q036::11
Part3/outputs/answers_llama32_3b.csv,answers_llama32_3b,Q036,R,Tools,12,ratchet,ratchet,1,0,1,Q036::12
Part3/outputs/answers_llama32_3b.csv,answers_llama32_3b,Q036,R,Tools,13,ratchet,ratchet,1,0,1,Q036::13
Part3/outputs/answers_llama32_3b.csv,answers_llama32_3b,Q036,R,Tools,14,ratchet,ratchet,1,0,1,Q036::14
Part3/outputs/answers_llama32_3b.csv,answers_llama32_3b,Q036,R,Tools,15,ratchet,ratchet,1,0,1,Q036::15
Part3/outputs/answers_llama32_3b.csv,answers_llama32_3b,Q036,R,Tools,16,ratchet,ratchet,1,0,1,Q036::16
Part3/outputs/answers_llama32_3b.csv,answers_llama32_3b,Q036,R,Tools,17,ratchet,ratchet,1,0,1,Q036::17
Part3/outputs/answers_llama32_3b.csv,answers_llama32_3b,Q036,R,Tools,18,ratchet,ratchet,1,0,1,Q036::18
Part3/outputs/answers_llama32_3b.csv,answers_llama32_3b,Q036,R,Tools,19,ratchet,ratchet,1,0,1,Q036::19
Part3/outputs/answers_llama32_3b.csv,answers_llama32_3b,Q037,S,Animals,0,snake,snake,1,0,1,Q037::0
Part3/outputs/answers_llama32_3b.csv,answers_llama32_3b,Q037,S,Animals,1,sheep,sheep,1,0,1,Q037::1
Part3/outputs/answers_llama32_3b.csv,answers_llama32_3b,Q037,S,Animals,2,snake,snake,1,1,0,Q037::2
Part3/outputs/answers_llama32_3b.csv,answers_llama32_3b,Q037,S,Animals,3,space monkey,space monkey,0,0,0,Q037::3
Part3/outputs/answers_llama32_3b.csv,answers_llama32_3b,Q037,S,Animals,4,sheep,sheep,1,0,1,Q037::4
Part3/outputs/answers_llama32_3b.csv,answers_llama32_3b,Q037,S,Animals,5,spaceship,spaceship,0,0,0,Q037::5
Part3/outputs/answers_llama32_3b.csv,answers_llama32_3b,Q037,S,Animals,6,spaces spider,spaces spider,0,0,0,Q037::6
Part3/outputs/answers_llama32_3b.csv,answers_llama32_3b,Q037,S,Animals,7,space monkey,space monkey,0,0,0,Q037::7
Part3/outputs/answers_llama32_3b.csv,answers_llama32_3b,Q037,S,Animals,8,seal,seal,1,0,1,Q037::8
Part3/outputs/answers_llama32_3b.csv,answers_llama32_3b,Q037,S,Animals,9,snake,snake,1,0,1,Q037::9
Part3/outputs/answers_llama32_3b.csv,answers_llama32_3b,Q037,S,Animals,10,salmon,salmon,1,0,1,Q037::10
Part3/outputs/answers_llama32_3b.csv,answers_llama32_3b,Q037,S,Animals,11,space turtle,space turtle,0,0,0,Q037::11
Part3/outputs/answers_llama32_3b.csv,answers_llama32_3b,Q037,S,Animals,12,sheep,sheep,1,0,1,Q037::12
Part3/outputs/answers_llama32_3b.csv,answers_llama32_3b,Q037,S,Animals,13,sloth,sloth,1,0,1,Q037::13
Part3/outputs/answers_llama32_3b.csv,answers_llama32_3b,Q037,S,Animals,14,snake,snake,1,1,0,Q037::14
Part3/outputs/answers_llama32_3b.csv,answers_llama32_3b,Q037,S,Animals,15,sheep,sheep,1,0,1,Q037::15
Part3/outputs/answers_llama32_3b.csv,answers_llama32_3b,Q037,S,Animals,16,sheep,sheep,1,0,1,Q037::16
Part3/outputs/answers_llama32_3b.csv,answers_llama32_3b,Q037,S,Animals,17,space turtle,space turtle,0,0,0,Q037::17
Part3/outputs/answers_llama32_3b.csv,answers_llama32_3b,Q037,S,Animals,18,space dolphin,space dolphin,0,0,0,Q037::18
Part3/outputs/answers_llama32_3b.csv,answers_llama32_3b,Q037,S,Animals,19,sheep,sheep,1,0,1,Q037::19
Part3/outputs/answers_llama32_3b.csv,answers_llama32_3b,Q038,S,Things in an office,0,stapler,stapler,1,0,1,Q038::0
Part3/outputs/answers_llama32_3b.csv,answers_llama32_3b,Q038,S,Things in an office,1,file cabinet,file cabinet,1,0,1,Q038::1
Part3/outputs/answers_llama32_3b.csv,answers_llama32_3b,Q038,S,Things in an office,2,stapler,stapler,1,0,1,Q038::2
Part3/outputs/answers_llama32_3b.csv,answers_llama32_3b,Q038,S,Things in an office,3,file,file,1,0,1,Q038::3
Part3/outputs/answers_llama32_3b.csv,answers_llama32_3b,Q038,S,Things in an office,4,stapler,stapler,1,1,0,Q038::4
Part3/outputs/answers_llama32_3b.csv,answers_llama32_3b,Q038,S,Things in an office,5,computer keyboard,computer keyboard,1,0,1,Q038::5
Part3/outputs/answers_llama32_3b.csv,answers_llama32_3b,Q038,S,Things in an office,6,stapler,stapler,1,0,1,Q038::6
Part3/outputs/answers_llama32_3b.csv,answers_llama32_3b,Q038,S,Things in an office,7,stapler,stapler,1,1,0,Q038::7
Part3/outputs/answers_llama32_3b.csv,answers_llama32_3b,Q038,S,Things in an office,8,stapler,stapler,1,0,1,Q038::8
Part3/outputs/answers_llama32_3b.csv,answers_llama32_3b,Q038,S,Things in an office,9,stationery,stationery,1,0,1,Q038::9
Part3/outputs/answers_llama32_3b.csv,answers_llama32_3b,Q038,S,Things in an office,10,stapler,stapler,1,0,1,Q038::10
Part3/outputs/answers_llama32_3b.csv,answers_llama32_3b,Q038,S,Things in an office,11,standardized report,standardized report,1,0,1,Q038::11
Part3/outputs/answers_llama32_3b.csv,answers_llama32_3b,Q038,S,Things in an office,12,file cabinet,file cabinet,1,0,1,Q038::12
Part3/outputs/answers_llama32_3b.csv,answers_llama32_3b,Q038,S,Things in an office,13,standard file,standard file,1,0,1,Q038::13
Part3/outputs/answers_llama32_3b.csv,answers_llama32_3b,Q038,S,Things in an office,14,file cabinet,file cabinet,1,0,1,Q038::14
Part3/outputs/answers_llama32_3b.csv,answers_llama32_3b,Q038,S,Things in an office,15,space,space,0,0,0,Q038::15
Part3/outputs/answers_llama32_3b.csv,answers_llama32_3b,Q038,S,Things in an office,16,stapler,stapler,1,0,1,Q038::16
Part3/outputs/answers_llama32_3b.csv,answers_llama32_3b,Q038,S,Things in an office,17,stapler,stapler,1,1,0,Q038::17
Part3/outputs/answers_llama32_3b.csv,answers_llama32_3b,Q038,S,Things in an office,18,space,space,0,0,0,Q038::18
Part3/outputs/answers_llama32_3b.csv,answers_llama32_3b,Q038,S,Things in an office,19,space,space,0,0,0,Q038::19
Part3/outputs/answers_llama32_3b.csv,answers_llama32_3b,Q039,T,Countries,0,tunisia,tunisia,1,0,1,Q039::0
Part3/outputs/answers_llama32_3b.csv,answers_llama32_3b,Q039,T,Countries,1,taiwan,taiwan,1,0,1,Q039::1
Part3/outputs/answers_llama32_3b.csv,answers_llama32_3b,Q039,T,Countries,2,tunisia,tunisia,1,0,1,Q039::2
Part3/outputs/answers_llama32_3b.csv,answers_llama32_3b,Q039,T,Countries,3,tanzania,tanzania,1,0,1,Q039::3
Part3/outputs/answers_llama32_3b.csv,answers_llama32_3b,Q039,T,Countries,4,tanzania,tanzania,1,0,1,Q039::4
Part3/outputs/answers_llama32_3b.csv,answers_llama32_3b,Q039,T,Countries,5,tunisia,tunisia,1,0,1,Q039::5
Part3/outputs/answers_llama32_3b.csv,answers_llama32_3b,Q039,T,Countries,6,tonga,tonga,1,0,1,Q039::6
Part3/outputs/answers_llama32_3b.csv,answers_llama32_3b,Q039,T,Countries,7,tonga,tonga,1,0,1,Q039::7
Part3/outputs/answers_llama32_3b.csv,answers_llama32_3b,Q039,T,Countries,8,tunisia,tunisia,1,0,1,Q039::8
Part3/outputs/answers_llama32_3b.csv,answers_llama32_3b,Q039,T,Countries,9,thailand,thailand,1,1,0,Q039::9
Part3/outputs/answers_llama32_3b.csv,answers_llama32_3b,Q039,T,Countries,10,tunisia,tunisia,1,1,0,Q039::10
Part3/outputs/answers_llama32_3b.csv,answers_llama32_3b,Q039,T,Countries,11,tonga,tonga,1,0,1,Q039::11
Part3/outputs/answers_llama32_3b.csv,answers_llama32_3b,Q039,T,Countries,12,tonga,tonga,1,0,1,Q039::12
Part3/outputs/answers_llama32_3b.csv,answers_llama32_3b,Q039,T,Countries,13,taiwan,taiwan,1,0,1,Q039::13
Part3/outputs/answers_llama32_3b.csv,answers_llama32_3b,Q039,T,Countries,14,taiwan,taiwan,1,0,1,Q039::14
Part3/outputs/answers_llama32_3b.csv,answers_llama32_3b,Q039,T,Countries,15,tunisia,tunisia,1,0,1,Q039::15
Part3/outputs/answers_llama32_3b.csv,answers_llama32_3b,Q039,T,Countries,16,tunisia,tunisia,1,0,1,Q039::16
Part3/outputs/answers_llama32_3b.csv,answers_llama32_3b,Q039,T,Countries,17,tunisia,tunisia,1,0,1,Q039::17
Part3/outputs/answers_llama32_3b.csv,answers_llama32_3b,Q039,T,Countries,18,tunisia,tunisia,1,0,1,Q039::18
Part3/outputs/answers_llama32_3b.csv,answers_llama32_3b,Q039,T,Countries,19,tunisia,tunisia,1,0,1,Q039::19
Part3/outputs/answers_llama32_3b.csv,answers_llama32_3b,Q040,T,TV shows,0,the office,the office,0,0,0,Q040::0
Part3/outputs/answers_llama32_3b.csv,answers_llama32_3b,Q040,T,TV shows,1,the office,the office,0,0,0,Q040::1
Part3/outputs/answers_llama32_3b.csv,answers_llama32_3b,Q040,T,TV shows,2,the office,the office,0,0,0,Q040::2
Part3/outputs/answers_llama32_3b.csv,answers_llama32_3b,Q040,T,TV shows,3,the office,the office,0,0,0,Q040::3
Part3/outputs/answers_llama32_3b.csv,answers_llama32_3b,Q040,T,TV shows,4,this old house,this old house,1,0,1,Q040::4
Part3/outputs/answers_llama32_3b.csv,answers_llama32_3b,Q040,T,TV shows,5,the office,the office,0,0,0,Q040::5
Part3/outputs/answers_llama32_3b.csv,answers_llama32_3b,Q040,T,TV shows,6,the office,the office,0,0,0,Q040::6
Part3/outputs/answers_llama32_3b.csv,answers_llama32_3b,Q040,T,TV shows,7,the office,the office,0,0,0,Q040::7
Part3/outputs/answers_llama32_3b.csv,answers_llama32_3b,Q040,T,TV shows,8,the office,the office,0,0,0,Q040::8
Part3/outputs/answers_llama32_3b.csv,answers_llama32_3b,Q040,T,TV shows,9,the office,the office,0,0,0,Q040::9
Part3/outputs/answers_llama32_3b.csv,answers_llama32_3b,Q040,T,TV shows,10,twin peaks,twin peaks,1,0,1,Q040::10
Part3/outputs/answers_llama32_3b.csv,answers_llama32_3b,Q040,T,TV shows,11,the office,the office,0,0,0,Q040::11
Part3/outputs/answers_llama32_3b.csv,answers_llama32_3b,Q040,T,TV shows,12,The tv show total drama island,the tv show total drama island,1,0,1,Q040::12
Part3/outputs/answers_llama32_3b.csv,answers_llama32_3b,Q040,T,TV shows,13,the office,the office,0,0,0,Q040::13
Part3/outputs/answers_llama32_3b.csv,answers_llama32_3b,Q040,T,TV shows,14,the office,the office,0,0,0,Q040::14
Part3/outputs/answers_llama32_3b.csv,answers_llama32_3b,Q040,T,TV shows,15,the office,the office,0,0,0,Q040::15
Part3/outputs/answers_llama32_3b.csv,answers_llama32_3b,Q040,T,TV shows,16,the office,the office,0,0,0,Q040::16
Part3/outputs/answers_llama32_3b.csv,answers_llama32_3b,Q040,T,TV shows,17,the office,the office,0,0,0,Q040::17
Part3/outputs/answers_llama32_3b.csv,answers_llama32_3b,Q040,T,TV shows,18,texas justice,texas justice,0,0,0,Q040::18
Part3/outputs/answers_llama32_3b.csv,answers_llama32_3b,Q040,T,TV shows,19,the office,the office,0,0,0,Q040::19
Part3/outputs/answers_llama32_3b.csv,answers_llama32_3b,Q041,U,U.S. colleges,0,University of Utah,university of utah,1,1,0,Q041::0
Part3/outputs/answers_llama32_3b.csv,answers_llama32_3b,Q041,U,U.S. colleges,1,university of utah,university of utah,1,0,1,Q041::1
Part3/outputs/answers_llama32_3b.csv,answers_llama32_3b,Q041,U,U.S. colleges,2,university of utah,university of utah,1,0,1,Q041::2
Part3/outputs/answers_llama32_3b.csv,answers_llama32_3b,Q041,U,U.S. colleges,3,university of utah,university of utah,1,0,1,Q041::3
Part3/outputs/answers_llama32_3b.csv,answers_llama32_3b,Q041,U,U.S. colleges,4,university of utah,university of utah,1,1,0,Q041::4
Part3/outputs/answers_llama32_3b.csv,answers_llama32_3b,Q041,U,U.S. colleges,5,utah state university,utah state university,1,0,1,Q041::5
Part3/outputs/answers_llama32_3b.csv,answers_llama32_3b,Q041,U,U.S. colleges,6,university of utah,university of utah,1,0,1,Q041::6
Part3/outputs/answers_llama32_3b.csv,answers_llama32_3b,Q041,U,U.S. colleges,7,university of utah,university of utah,1,1,0,Q041::7
Part3/outputs/answers_llama32_3b.csv,answers_llama32_3b,Q041,U,U.S. colleges,8,university of utah,university of utah,1,1,0,Q041::8
Part3/outputs/answers_llama32_3b.csv,answers_llama32_3b,Q041,U,U.S. colleges,9,university of utah,university of utah,1,0,1,Q041::9
Part3/outputs/answers_llama32_3b.csv,answers_llama32_3b,Q041,U,U.S. colleges,10,university of utah,university of utah,1,0,1,Q041::10
Part3/outputs/answers_llama32_3b.csv,answers_llama32_3b,Q041,U,U.S. colleges,11,university of utah,university of utah,1,0,1,Q041::11
Part3/outputs/answers_llama32_3b.csv,answers_llama32_3b,Q041,U,U.S. colleges,12,university of utah,university of utah,1,1,0,Q041::12
Part3/outputs/answers_llama32_3b.csv,answers_llama32_3b,Q041,U,U.S. colleges,13,union college,union college,1,0,1,Q041::13
Part3/outputs/answers_llama32_3b.csv,answers_llama32_3b,Q041,U,U.S. colleges,14,university of utah,university of utah,1,0,1,Q041::14
Part3/outputs/answers_llama32_3b.csv,answers_llama32_3b,Q041,U,U.S. colleges,15,university of utah,university of utah,1,0,1,Q041::15
Part3/outputs/answers_llama32_3b.csv,answers_llama32_3b,Q041,U,U.S. colleges,16,utah state university,utah state university,1,0,1,Q041::16
Part3/outputs/answers_llama32_3b.csv,answers_llama32_3b,Q041,U,U.S. colleges,17,university of utah,university of utah,1,0,1,Q041::17
Part3/outputs/answers_llama32_3b.csv,answers_llama32_3b,Q041,U,U.S. colleges,18,university of utah,university of utah,1,0,1,Q041::18
Part3/outputs/answers_llama32_3b.csv,answers_llama32_3b,Q041,U,U.S. colleges,19,University of Utah,university of utah,1,1,0,Q041::19
Part3/outputs/answers_llama32_3b.csv,answers_llama32_3b,Q042,U,Things in a garage,0,used car,used car,1,0,1,Q042::0
Part3/outputs/answers_llama32_3b.csv,answers_llama32_3b,Q042,U,Things in a garage,1,u joint,u joint,1,0,1,Q042::1
Part3/outputs/answers_llama32_3b.csv,answers_llama32_3b,Q042,U,Things in a garage,2,universal joint,universal joint,1,0,1,Q042::2
Part3/outputs/answers_llama32_3b.csv,answers_llama32_3b,Q042,U,Things in a garage,3,utensil organizer,utensil organizer,0,0,0,Q042::3
Part3/outputs/answers_llama32_3b.csv,answers_llama32_3b,Q042,U,Things in a garage,4,unicycle,unicycle,1,0,1,Q042::4
Part3/outputs/answers_llama32_3b.csv,answers_llama32_3b,Q042,U,Things in a garage,5,universal joint,universal joint,1,0,1,Q042::5
Part3/outputs/answers_llama32_3b.csv,answers_llama32_3b,Q042,U,Things in a garage,6,tool,tool,0,0,0,Q042::6
Part3/outputs/answers_llama32_3b.csv,answers_llama32_3b,Q042,U,Things in a garage,7,utensil organizer,utensil organizer,0,0,0,Q042::7
Part3/outputs/answers_llama32_3b.csv,answers_llama32_3b,Q042,U,Things in a garage,8,universal joint,universal joint,1,0,1,Q042::8
Part3/outputs/answers_llama32_3b.csv,answers_llama32_3b,Q042,U,Things in a garage,9,universal joint,universal joint,1,0,1,Q042::9
Part3/outputs/answers_llama32_3b.csv,answers_llama32_3b,Q042,U,Things in a garage,10,car,car,0,0,0,Q042::10
Part3/outputs/answers_llama32_3b.csv,answers_llama32_3b,Q042,U,Things in a garage,11,universal joint,universal joint,1,0,1,Q042::11
Part3/outputs/answers_llama32_3b.csv,answers_llama32_3b,Q042,U,Things in a garage,12,utensil holder,utensil holder,0,0,0,Q042::12
Part3/outputs/answers_llama32_3b.csv,answers_llama32_3b,Q042,U,Things in a garage,13,utility,utility,1,0,1,Q042::13
Part3/outputs/answers_llama32_3b.csv,answers_llama32_3b,Q042,U,Things in a garage,14,universal joint,universal joint,1,0,1,Q042::14
Part3/outputs/answers_llama32_3b.csv,answers_llama32_3b,Q042,U,Things in a garage,15,unicycle,unicycle,1,0,1,Q042::15
Part3/outputs/answers_llama32_3b.csv,answers_llama32_3b,Q042,U,Things in a garage,16,universal jack,universal jack,1,0,1,Q042::16
Part3/outputs/answers_llama32_3b.csv,answers_llama32_3b,Q042,U,Things in a garage,17,workbench,workbench,0,0,0,Q042::17
Part3/outputs/answers_llama32_3b.csv,answers_llama32_3b,Q042,U,Things in a garage,18,universal joint,universal joint,1,0,1,Q042::18
Part3/outputs/answers_llama32_3b.csv,answers_llama32_3b,Q042,U,Things in a garage,19,u joint,u joint,1,0,1,Q042::19
Part3/outputs/answers_llama32_3b.csv,answers_llama32_3b,Q043,V,Jobs,0,veteran,veteran,0,0,0,Q043::0
Part3/outputs/answers_llama32_3b.csv,answers_llama32_3b,Q043,V,Jobs,1,veterinarian,veterinarian,1,0,1,Q043::1
Part3/outputs/answers_llama32_3b.csv,answers_llama32_3b,Q043,V,Jobs,2,veterinarian,veterinarian,1,1,0,Q043::2
Part3/outputs/answers_llama32_3b.csv,answers_llama32_3b,Q043,V,Jobs,3,veterinarian,veterinarian,1,0,1,Q043::3
Part3/outputs/answers_llama32_3b.csv,answers_llama32_3b,Q043,V,Jobs,4,veterinarian,veterinarian,1,1,0,Q043::4
Part3/outputs/answers_llama32_3b.csv,answers_llama32_3b,Q043,V,Jobs,5,veterinarian,veterinarian,1,0,1,Q043::5
Part3/outputs/answers_llama32_3b.csv,answers_llama32_3b,Q043,V,Jobs,6,veteran,veteran,0,0,0,Q043::6
Part3/outputs/answers_llama32_3b.csv,answers_llama32_3b,Q043,V,Jobs,7,veterinarian,veterinarian,1,0,1,Q043::7
Part3/outputs/answers_llama32_3b.csv,answers_llama32_3b,Q043,V,Jobs,8,ventilator technician,ventilator technician,1,0,1,Q043::8
Part3/outputs/answers_llama32_3b.csv,answers_llama32_3b,Q043,V,Jobs,9,vice principal,vice principal,1,0,1,Q043::9
Part3/outputs/answers_llama32_3b.csv,answers_llama32_3b,Q043,V,Jobs,10,veteran,veteran,0,0,0,Q043::10
Part3/outputs/answers_llama32_3b.csv,answers_llama32_3b,Q043,V,Jobs,11,veterinarian,veterinarian,1,1,0,Q043::11
Part3/outputs/answers_llama32_3b.csv,answers_llama32_3b,Q043,V,Jobs,12,waiter,waiter,1,0,1,Q043::12
Part3/outputs/answers_llama32_3b.csv,answers_llama32_3b,Q043,V,Jobs,13,veterinarian,veterinarian,1,0,1,Q043::13
Part3/outputs/answers_llama32_3b.csv,answers_llama32_3b,Q043,V,Jobs,14,veteran,veteran,0,0,0,Q043::14
Part3/outputs/answers_llama32_3b.csv,answers_llama32_3b,Q043,V,Jobs,15,veterinarian,veterinarian,1,0,1,Q043::15
Part3/outputs/answers_llama32_3b.csv,answers_llama32_3b,Q043,V,Jobs,16,veterinarian,veterinarian,1,0,1,Q043::16
Part3/outputs/answers_llama32_3b.csv,answers_llama32_3b,Q043,V,Jobs,17,veterinarian,veterinarian,1,1,0,Q043::17
Part3/outputs/answers_llama32_3b.csv,answers_llama32_3b,Q043,V,Jobs,18,veterinarian,veterinarian,1,0,1,Q043::18
Part3/outputs/answers_llama32_3b.csv,answers_llama32_3b,Q043,V,Jobs,19,veterinarian,veterinarian,1,0,1,Q043::19
Part3/outputs/answers_llama32_3b.csv,answers_llama32_3b,Q044,V,Things you wear,0,vest,vest,1,1,0,Q044::0
Part3/outputs/answers_llama32_3b.csv,answers_llama32_3b,Q044,V,Things you wear,1,vest,vest,1,1,0,Q044::1
Part3/outputs/answers_llama32_3b.csv,answers_llama32_3b,Q044,V,Things you wear,2,vest,vest,1,1,0,Q044::2
Part3/outputs/answers_llama32_3b.csv,answers_llama32_3b,Q044,V,Things you wear,3,vest,vest,1,1,0,Q044::3
Part3/outputs/answers_llama32_3b.csv,answers_llama32_3b,Q044,V,Things you wear,4,vest,vest,1,1,0,Q044::4
Part3/outputs/answers_llama32_3b.csv,answers_llama32_3b,Q044,V,Things you wear,5,vest,vest,1,1,0,Q044::5
Part3/outputs/answers_llama32_3b.csv,answers_llama32_3b,Q044,V,Things you wear,6,vest,vest,1,1,0,Q044::6
Part3/outputs/answers_llama32_3b.csv,answers_llama32_3b,Q044,V,Things you wear,7,vest,vest,1,1,0,Q044::7
Part3/outputs/answers_llama32_3b.csv,answers_llama32_3b,Q044,V,Things you wear,8,vest,vest,1,0,1,Q044::8
Part3/outputs/answers_llama32_3b.csv,answers_llama32_3b,Q044,V,Things you wear,9,vest,vest,1,1,0,Q044::9
Part3/outputs/answers_llama32_3b.csv,answers_llama32_3b,Q044,V,Things you wear,10,vest,vest,1,1,0,Q044::10
Part3/outputs/answers_llama32_3b.csv,answers_llama32_3b,Q044,V,Things you wear,11,vest,vest,1,1,0,Q044::11
Part3/outputs/answers_llama32_3b.csv,answers_llama32_3b,Q044,V,Things you wear,12,vietnam veteran jacket,vietnam veteran jacket,0,0,0,Q044::12
Part3/outputs/answers_llama32_3b.csv,answers_llama32_3b,Q044,V,Things you wear,13,vest,vest,1,1,0,Q044::13
Part3/outputs/answers_llama32_3b.csv,answers_llama32_3b,Q044,V,Things you wear,14,vest,vest,1,1,0,Q044::14
Part3/outputs/answers_llama32_3b.csv,answers_llama32_3b,Q044,V,Things you wear,15,vest,vest,1,1,0,Q044::15
Part3/outputs/answers_llama32_3b.csv,answers_llama32_3b,Q044,V,Things you wear,16,vest,vest,1,1,0,Q044::16
Part3/outputs/answers_llama32_3b.csv,answers_llama32_3b,Q044,V,Things you wear,17,vest,vest,1,1,0,Q044::17
Part3/outputs/answers_llama32_3b.csv,answers_llama32_3b,Q044,V,Things you wear,18,vest,vest,1,1,0,Q044::18
Part3/outputs/answers_llama32_3b.csv,answers_llama32_3b,Q044,V,Things you wear,19,vest,vest,1,1,0,Q044::19
Part3/outputs/answers_llama32_3b.csv,answers_llama32_3b,Q045,W,Cities,0,washington,washington,1,0,1,Q045::0
Part3/outputs/answers_llama32_3b.csv,answers_llama32_3b,Q045,W,Cities,1,washington,washington,1,0,1,Q045::1
Part3/outputs/answers_llama32_3b.csv,answers_llama32_3b,Q045,W,Cities,2,watford,watford,1,0,1,Q045::2
Part3/outputs/answers_llama32_3b.csv,answers_llama32_3b,Q045,W,Cities,3,washington d c,washington d c,0,0,0,Q045::3
Part3/outputs/answers_llama32_3b.csv,answers_llama32_3b,Q045,W,Cities,4,wayne,wayne,0,0,0,Q045::4
Part3/outputs/answers_llama32_3b.csv,answers_llama32_3b,Q045,W,Cities,5,washington,washington,1,1,0,Q045::5
Part3/outputs/answers_llama32_3b.csv,answers_llama32_3b,Q045,W,Cities,6,washington d c,washington d c,0,0,0,Q045::6
Part3/outputs/answers_llama32_3b.csv,answers_llama32_3b,Q045,W,Cities,7,washington,washington,1,0,1,Q045::7
Part3/outputs/answers_llama32_3b.csv,answers_llama32_3b,Q045,W,Cities,8,windsor,windsor,1,0,1,Q045::8
Part3/outputs/answers_llama32_3b.csv,answers_llama32_3b,Q045,W,Cities,9,washington d c,washington d c,0,0,0,Q045::9
Part3/outputs/answers_llama32_3b.csv,answers_llama32_3b,Q045,W,Cities,10,washington,washington,1,0,1,Q045::10
Part3/outputs/answers_llama32_3b.csv,answers_llama32_3b,Q045,W,Cities,11,washington,washington,1,0,1,Q045::11
Part3/outputs/answers_llama32_3b.csv,answers_llama32_3b,Q045,W,Cities,12,washington,washington,1,0,1,Q045::12
Part3/outputs/answers_llama32_3b.csv,answers_llama32_3b,Q045,W,Cities,13,washington d.c.,washington d.c,0,0,0,Q045::13
Part3/outputs/answers_llama32_3b.csv,answers_llama32_3b,Q045,W,Cities,14,washington,washington,1,1,0,Q045::14
Part3/outputs/answers_llama32_3b.csv,answers_llama32_3b,Q045,W,Cities,15,washington,washington,1,0,1,Q045::15
Part3/outputs/answers_llama32_3b.csv,answers_llama32_3b,Q045,W,Cities,16,wichita,wichita,1,0,1,Q045::16
Part3/outputs/answers_llama32_3b.csv,answers_llama32_3b,Q045,W,Cities,17,washington d.c.,washington d.c,0,0,0,Q045::17
Part3/outputs/answers_llama32_3b.csv,answers_llama32_3b,Q045,W,Cities,18,washington,washington,1,0,1,Q045::18
Part3/outputs/answers_llama32_3b.csv,answers_llama32_3b,Q045,W,Cities,19,washington,washington,1,0,1,Q045::19
Part3/outputs/answers_llama32_3b.csv,answers_llama32_3b,Q046,W,Things in a park,0,walkway,walkway,1,0,1,Q046::0
Part3/outputs/answers_llama32_3b.csv,answers_llama32_3b,Q046,W,Things in a park,1,walkway,walkway,1,0,1,Q046::1
Part3/outputs/answers_llama32_3b.csv,answers_llama32_3b,Q046,W,Things in a park,2,walkway,walkway,1,0,1,Q046::2
Part3/outputs/answers_llama32_3b.csv,answers_llama32_3b,Q046,W,Things in a park,3,walkway,walkway,1,0,1,Q046::3
Part3/outputs/answers_llama32_3b.csv,answers_llama32_3b,Q046,W,Things in a park,4,wading pond,wading pond,1,0,1,Q046::4
Part3/outputs/answers_llama32_3b.csv,answers_llama32_3b,Q046,W,Things in a park,5,walkway,walkway,1,0,1,Q046::5
Part3/outputs/answers_llama32_3b.csv,answers_llama32_3b,Q046,W,Things in a park,6,walkway,walkway,1,0,1,Q046::6
Part3/outputs/answers_llama32_3b.csv,answers_llama32_3b,Q046,W,Things in a park,7,walkway,walkway,1,0,1,Q046::7
Part3/outputs/answers_llama32_3b.csv,answers_llama32_3b,Q046,W,Things in a park,8,walkway,walkway,1,0,1,Q046::8
Part3/outputs/answers_llama32_3b.csv,answers_llama32_3b,Q046,W,Things in a park,9,walkway,walkway,1,0,1,Q046::9
Part3/outputs/answers_llama32_3b.csv,answers_llama32_3b,Q046,W,Things in a park,10,walkway,walkway,1,0,1,Q046::10
Part3/outputs/answers_llama32_3b.csv,answers_llama32_3b,Q046,W,Things in a park,11,walkway,walkway,1,0,1,Q046::11
Part3/outputs/answers_llama32_3b.csv,answers_llama32_3b,Q046,W,Things in a park,12,walking path,walking path,1,0,1,Q046::12
Part3/outputs/answers_llama32_3b.csv,answers_llama32_3b,Q046,W,Things in a park,13,walkway,walkway,1,0,1,Q046::13
Part3/outputs/answers_llama32_3b.csv,answers_llama32_3b,Q046,W,Things in a park,14,water fountain,water fountain,1,0,1,Q046::14
Part3/outputs/answers_llama32_3b.csv,answers_llama32_3b,Q046,W,Things in a park,15,walkway,walkway,1,0,1,Q046::15
Part3/outputs/answers_llama32_3b.csv,answers_llama32_3b,Q046,W,Things in a park,16,walking trail,walking trail,1,0,1,Q046::16
Part3/outputs/answers_llama32_3b.csv,answers_llama32_3b,Q046,W,Things in a park,17,walkway,walkway,1,0,1,Q046::17
Part3/outputs/answers_llama32_3b.csv,answers_llama32_3b,Q046,W,Things in a park,18,wetland,wetland,1,0,1,Q046::18
Part3/outputs/answers_llama32_3b.csv,answers_llama32_3b,Q046,W,Things in a park,19,water feature,water feature,1,0,1,Q046::19
Part3/outputs/answers_llama32_3b.csv,answers_llama32_3b,Q047,X,Brands,0,xerox,xerox,1,0,1,Q047::0
Part3/outputs/answers_llama32_3b.csv,answers_llama32_3b,Q047,X,Brands,1,xbox,xbox,1,0,1,Q047::1
Part3/outputs/answers_llama32_3b.csv,answers_llama32_3b,Q047,X,Brands,2,xerox,xerox,1,0,1,Q047::2
Part3/outputs/answers_llama32_3b.csv,answers_llama32_3b,Q047,X,Brands,3,xerox,xerox,1,0,1,Q047::3
Part3/outputs/answers_llama32_3b.csv,answers_llama32_3b,Q047,X,Brands,4,xerox,xerox,1,0,1,Q047::4
Part3/outputs/answers_llama32_3b.csv,answers_llama32_3b,Q047,X,Brands,5,xerox,xerox,1,0,1,Q047::5
Part3/outputs/answers_llama32_3b.csv,answers_llama32_3b,Q047,X,Brands,6,xerox,xerox,1,0,1,Q047::6
Part3/outputs/answers_llama32_3b.csv,answers_llama32_3b,Q047,X,Brands,7,xerox,xerox,1,0,1,Q047::7
Part3/outputs/answers_llama32_3b.csv,answers_llama32_3b,Q047,X,Brands,8,xerox,xerox,1,0,1,Q047::8
Part3/outputs/answers_llama32_3b.csv,answers_llama32_3b,Q047,X,Brands,9,xerox,xerox,1,0,1,Q047::9
Part3/outputs/answers_llama32_3b.csv,answers_llama32_3b,Q047,X,Brands,10,xerox,xerox,1,1,0,Q047::10
Part3/outputs/answers_llama32_3b.csv,answers_llama32_3b,Q047,X,Brands,11,xerox,xerox,1,0,1,Q047::11
Part3/outputs/answers_llama32_3b.csv,answers_llama32_3b,Q047,X,Brands,12,xerox,xerox,1,0,1,Q047::12
Part3/outputs/answers_llama32_3b.csv,answers_llama32_3b,Q047,X,Brands,13,xerox,xerox,1,0,1,Q047::13
Part3/outputs/answers_llama32_3b.csv,answers_llama32_3b,Q047,X,Brands,14,xerox,xerox,1,0,1,Q047::14
Part3/outputs/answers_llama32_3b.csv,answers_llama32_3b,Q047,X,Brands,15,xerox,xerox,1,0,1,Q047::15
Part3/outputs/answers_llama32_3b.csv,answers_llama32_3b,Q047,X,Brands,16,xerox,xerox,1,0,1,Q047::16
Part3/outputs/answers_llama32_3b.csv,answers_llama32_3b,Q047,X,Brands,17,xerox,xerox,1,0,1,Q047::17
Part3/outputs/answers_llama32_3b.csv,answers_llama32_3b,Q047,X,Brands,18,xerox,xerox,1,0,1,Q047::18
Part3/outputs/answers_llama32_3b.csv,answers_llama32_3b,Q047,X,Brands,19,xerox,xerox,1,0,1,Q047::19
Part3/outputs/answers_llama32_3b.csv,answers_llama32_3b,Q048,X,Words in English,0,exotic,exotic,1,0,1,Q048::0
Part3/outputs/answers_llama32_3b.csv,answers_llama32_3b,Q048,X,Words in English,1,x ray,x ray,1,0,1,Q048::1
Part3/outputs/answers_llama32_3b.csv,answers_llama32_3b,Q048,X,Words in English,2,x ray,x ray,1,0,1,Q048::2
Part3/outputs/answers_llama32_3b.csv,answers_llama32_3b,Q048,X,Words in English,3,x ray,x ray,1,0,1,Q048::3
Part3/outputs/answers_llama32_3b.csv,answers_llama32_3b,Q048,X,Words in English,4,excessive,excessive,1,0,1,Q048::4
Part3/outputs/answers_llama32_3b.csv,answers_llama32_3b,Q048,X,Words in English,5,x ray,x ray,1,0,1,Q048::5
Part3/outputs/answers_llama32_3b.csv,answers_llama32_3b,Q048,X,Words in English,6,exasperated,exasperated,1,0,1,Q048::6
Part3/outputs/answers_llama32_3b.csv,answers_llama32_3b,Q048,X,Words in English,7,x ray,x ray,1,0,1,Q048::7
Part3/outputs/answers_llama32_3b.csv,answers_llama32_3b,Q048,X,Words in English,8,exchange,exchange,1,0,1,Q048::8
Part3/outputs/answers_llama32_3b.csv,answers_llama32_3b,Q048,X,Words in English,9,excess,excess,1,0,1,Q048::9
Part3/outputs/answers_llama32_3b.csv,answers_llama32_3b,Q048,X,Words in English,10,excuse,excuse,0,0,0,Q048::10
Part3/outputs/answers_llama32_3b.csv,answers_llama32_3b,Q048,X,Words in English,11,x ray,x ray,1,0,1,Q048::11
Part3/outputs/answers_llama32_3b.csv,answers_llama32_3b,Q048,X,Words in English,12,explore,explore,0,0,0,Q048::12
Part3/outputs/answers_llama32_3b.csv,answers_llama32_3b,Q048,X,Words in English,13,xenon,xenon,1,0,1,Q048::13
Part3/outputs/answers_llama32_3b.csv,answers_llama32_3b,Q048,X,Words in English,14,x ray,x ray,1,0,1,Q048::14
Part3/outputs/answers_llama32_3b.csv,answers_llama32_3b,Q048,X,Words in English,15,x ray,x ray,1,0,1,Q048::15
Part3/outputs/answers_llama32_3b.csv,answers_llama32_3b,Q048,X,Words in English,16,excuse,excuse,0,0,0,Q048::16
Part3/outputs/answers_llama32_3b.csv,answers_llama32_3b,Q048,X,Words in English,17,x ray,x ray,1,0,1,Q048::17
Part3/outputs/answers_llama32_3b.csv,answers_llama32_3b,Q048,X,Words in English,18,exhaustion,exhaustion,0,0,0,Q048::18
Part3/outputs/answers_llama32_3b.csv,answers_llama32_3b,Q048,X,Words in English,19,x ray,x ray,1,0,1,Q048::19
Part3/outputs/answers_llama32_3b.csv,answers_llama32_3b,Q049,Y,Foods,0,yogurt,yogurt,1,1,0,Q049::0
Part3/outputs/answers_llama32_3b.csv,answers_llama32_3b,Q049,Y,Foods,1,yogurt,yogurt,1,1,0,Q049::1
Part3/outputs/answers_llama32_3b.csv,answers_llama32_3b,Q049,Y,Foods,2,yogurt,yogurt,1,1,0,Q049::2
Part3/outputs/answers_llama32_3b.csv,answers_llama32_3b,Q049,Y,Foods,3,yogurt,yogurt,1,1,0,Q049::3
Part3/outputs/answers_llama32_3b.csv,answers_llama32_3b,Q049,Y,Foods,4,yogurt,yogurt,1,1,0,Q049::4
Part3/outputs/answers_llama32_3b.csv,answers_llama32_3b,Q049,Y,Foods,5,yogurt,yogurt,1,1,0,Q049::5
Part3/outputs/answers_llama32_3b.csv,answers_llama32_3b,Q049,Y,Foods,6,yogurt,yogurt,1,1,0,Q049::6
Part3/outputs/answers_llama32_3b.csv,answers_llama32_3b,Q049,Y,Foods,7,yogurt,yogurt,1,1,0,Q049::7
Part3/outputs/answers_llama32_3b.csv,answers_llama32_3b,Q049,Y,Foods,8,yellow squash,yellow squash,1,0,1,Q049::8
Part3/outputs/answers_llama32_3b.csv,answers_llama32_3b,Q049,Y,Foods,9,yellow cake,yellow cake,1,0,1,Q049::9
Part3/outputs/answers_llama32_3b.csv,answers_llama32_3b,Q049,Y,Foods,10,yogurt,yogurt,1,1,0,Q049::10
Part3/outputs/answers_llama32_3b.csv,answers_llama32_3b,Q049,Y,Foods,11,yogurt,yogurt,1,1,0,Q049::11
Part3/outputs/answers_llama32_3b.csv,answers_llama32_3b,Q049,Y,Foods,12,yogurt,yogurt,1,1,0,Q049::12
Part3/outputs/answers_llama32_3b.csv,answers_llama32_3b,Q049,Y,Foods,13,yogurt,yogurt,1,1,0,Q049::13
Part3/outputs/answers_llama32_3b.csv,answers_llama32_3b,Q049,Y,Foods,14,yogurt,yogurt,1,1,0,Q049::14
Part3/outputs/answers_llama32_3b.csv,answers_llama32_3b,Q049,Y,Foods,15,yogurt,yogurt,1,1,0,Q049::15
Part3/outputs/answers_llama32_3b.csv,answers_llama32_3b,Q049,Y,Foods,16,yogurt,yogurt,1,1,0,Q049::16
Part3/outputs/answers_llama32_3b.csv,answers_llama32_3b,Q049,Y,Foods,17,yogurt,yogurt,1,1,0,Q049::17
Part3/outputs/answers_llama32_3b.csv,answers_llama32_3b,Q049,Y,Foods,18,yogurt,yogurt,1,1,0,Q049::18
Part3/outputs/answers_llama32_3b.csv,answers_llama32_3b,Q049,Y,Foods,19,yogurt,yogurt,1,1,0,Q049::19
Part3/outputs/answers_llama32_3b.csv,answers_llama32_3b,Q050,Y,Things at a party,0,yogurt,yogurt,0,0,0,Q050::0
Part3/outputs/answers_llama32_3b.csv,answers_llama32_3b,Q050,Y,Things at a party,1,yogurt,yogurt,0,0,0,Q050::1
Part3/outputs/answers_llama32_3b.csv,answers_llama32_3b,Q050,Y,Things at a party,2,yogurt,yogurt,0,0,0,Q050::2
Part3/outputs/answers_llama32_3b.csv,answers_llama32_3b,Q050,Y,Things at a party,3,yogurt,yogurt,0,0,0,Q050::3
Part3/outputs/answers_llama32_3b.csv,answers_llama32_3b,Q050,Y,Things at a party,4,yellow cake,yellow cake,1,0,1,Q050::4
Part3/outputs/answers_llama32_3b.csv,answers_llama32_3b,Q050,Y,Things at a party,5,yogurt,yogurt,0,0,0,Q050::5
Part3/outputs/answers_llama32_3b.csv,answers_llama32_3b,Q050,Y,Things at a party,6,yard games,yard games,1,0,1,Q050::6
Part3/outputs/answers_llama32_3b.csv,answers_llama32_3b,Q050,Y,Things at a party,7,yogurt cups,yogurt cups,0,0,0,Q050::7
Part3/outputs/answers_llama32_3b.csv,answers_llama32_3b,Q050,Y,Things at a party,8,yogurt,yogurt,0,0,0,Q050::8
Part3/outputs/answers_llama32_3b.csv,answers_llama32_3b,Q050,Y,Things at a party,9,yogurt,yogurt,0,0,0,Q050::9
Part3/outputs/answers_llama32_3b.csv,answers_llama32_3b,Q050,Y,Things at a party,10,karaoke machine,karaoke machine,0,0,0,Q050::10
Part3/outputs/answers_llama32_3b.csv,answers_llama32_3b,Q050,Y,Things at a party,11,yogurt,yogurt,0,0,0,Q050::11
Part3/outputs/answers_llama32_3b.csv,answers_llama32_3b,Q050,Y,Things at a party,12,yogurt,yogurt,0,0,0,Q050::12
Part3/outputs/answers_llama32_3b.csv,answers_llama32_3b,Q050,Y,Things at a party,13,yogurt,yogurt,0,0,0,Q050::13
Part3/outputs/answers_llama32_3b.csv,answers_llama32_3b,Q050,Y,Things at a party,14,yogurt,yogurt,0,0,0,Q050::14
Part3/outputs/answers_llama32_3b.csv,answers_llama32_3b,Q050,Y,Things at a party,15,photo booth,photo booth,0,0,0,Q050::15
Part3/outputs/answers_llama32_3b.csv,answers_llama32_3b,Q050,Y,Things at a party,16,ynegret,ynegret,0,0,0,Q050::16
Part3/outputs/answers_llama32_3b.csv,answers_llama32_3b,Q050,Y,Things at a party,17,yogurt,yogurt,0,0,0,Q050::17
Part3/outputs/answers_llama32_3b.csv,answers_llama32_3b,Q050,Y,Things at a party,18,yogurt,yogurt,0,0,0,Q050::18
Part3/outputs/answers_llama32_3b.csv,answers_llama32_3b,Q050,Y,Things at a party,19,yellow cake,yellow cake,1,0,1,Q050::19
Part3/outputs/answers_llama32_3b.csv,answers_llama32_3b,Q051,Z,Animals,0,zebra,zebra,1,1,0,Q051::0
Part3/outputs/answers_llama32_3b.csv,answers_llama32_3b,Q051,Z,Animals,1,zebra,zebra,1,1,0,Q051::1
Part3/outputs/answers_llama32_3b.csv,answers_llama32_3b,Q051,Z,Animals,2,zebra,zebra,1,1,0,Q051::2
Part3/outputs/answers_llama32_3b.csv,answers_llama32_3b,Q051,Z,Animals,3,zebra,zebra,1,1,0,Q051::3
Part3/outputs/answers_llama32_3b.csv,answers_llama32_3b,Q051,Z,Animals,4,zebra,zebra,1,0,1,Q051::4
Part3/outputs/answers_llama32_3b.csv,answers_llama32_3b,Q051,Z,Animals,5,zebra,zebra,1,1,0,Q051::5
Part3/outputs/answers_llama32_3b.csv,answers_llama32_3b,Q051,Z,Animals,6,zebra,zebra,1,1,0,Q051::6
Part3/outputs/answers_llama32_3b.csv,answers_llama32_3b,Q051,Z,Animals,7,zebra,zebra,1,1,0,Q051::7
Part3/outputs/answers_llama32_3b.csv,answers_llama32_3b,Q051,Z,Animals,8,zebra,zebra,1,1,0,Q051::8
Part3/outputs/answers_llama32_3b.csv,answers_llama32_3b,Q051,Z,Animals,9,zebra,zebra,1,1,0,Q051::9
Part3/outputs/answers_llama32_3b.csv,answers_llama32_3b,Q051,Z,Animals,10,zebra,zebra,1,1,0,Q051::10
Part3/outputs/answers_llama32_3b.csv,answers_llama32_3b,Q051,Z,Animals,11,zebra,zebra,1,1,0,Q051::11
Part3/outputs/answers_llama32_3b.csv,answers_llama32_3b,Q051,Z,Animals,12,zebra,zebra,1,1,0,Q051::12
Part3/outputs/answers_llama32_3b.csv,answers_llama32_3b,Q051,Z,Animals,13,zebra,zebra,1,1,0,Q051::13
Part3/outputs/answers_llama32_3b.csv,answers_llama32_3b,Q051,Z,Animals,14,zebra,zebra,1,1,0,Q051::14
Part3/outputs/answers_llama32_3b.csv,answers_llama32_3b,Q051,Z,Animals,15,zebra,zebra,1,0,1,Q051::15
Part3/outputs/answers_llama32_3b.csv,answers_llama32_3b,Q051,Z,Animals,16,zebra,zebra,1,1,0,Q051::16
Part3/outputs/answers_llama32_3b.csv,answers_llama32_3b,Q051,Z,Animals,17,zebra,zebra,1,1,0,Q051::17
Part3/outputs/answers_llama32_3b.csv,answers_llama32_3b,Q051,Z,Animals,18,zebra,zebra,1,1,0,Q051::18
Part3/outputs/answers_llama32_3b.csv,answers_llama32_3b,Q051,Z,Animals,19,zebra,zebra,1,1,0,Q051::19
Part3/outputs/answers_llama32_3b.csv,answers_llama32_3b,Q052,Z,Things in a zoo,0,zoo monkey,zoo monkey,0,0,0,Q052::0
Part3/outputs/answers_llama32_3b.csv,answers_llama32_3b,Q052,Z,Things in a zoo,1,zebra,zebra,1,1,0,Q052::1
Part3/outputs/answers_llama32_3b.csv,answers_llama32_3b,Q052,Z,Things in a zoo,2,zoo lizard,zoo lizard,0,0,0,Q052::2
Part3/outputs/answers_llama32_3b.csv,answers_llama32_3b,Q052,Z,Things in a zoo,3,zebra,zebra,1,1,0,Q052::3
Part3/outputs/answers_llama32_3b.csv,answers_llama32_3b,Q052,Z,Things in a zoo,4,zoo animals,zoo animals,0,0,0,Q052::4
Part3/outputs/answers_llama32_3b.csv,answers_llama32_3b,Q052,Z,Things in a zoo,5,zebra,zebra,1,1,0,Q052::5
Part3/outputs/answers_llama32_3b.csv,answers_llama32_3b,Q052,Z,Things in a zoo,6,zebra,zebra,1,1,0,Q052::6
Part3/outputs/answers_llama32_3b.csv,answers_llama32_3b,Q052,Z,Things in a zoo,7,zebra,zebra,1,1,0,Q052::7
Part3/outputs/answers_llama32_3b.csv,answers_llama32_3b,Q052,Z,Things in a zoo,8,zebra,zebra,1,1,0,Q052::8
Part3/outputs/answers_llama32_3b.csv,answers_llama32_3b,Q052,Z,Things in a zoo,9,zebra,zebra,1,1,0,Q052::9
Part3/outputs/answers_llama32_3b.csv,answers_llama32_3b,Q052,Z,Things in a zoo,10,zebra,zebra,1,0,1,Q052::10
Part3/outputs/answers_llama32_3b.csv,answers_llama32_3b,Q052,Z,Things in a zoo,11,zoo monkey,zoo monkey,0,0,0,Q052::11
Part3/outputs/answers_llama32_3b.csv,answers_llama32_3b,Q052,Z,Things in a zoo,12,zoo monkey,zoo monkey,0,0,0,Q052::12
Part3/outputs/answers_llama32_3b.csv,answers_llama32_3b,Q052,Z,Things in a zoo,13,zebra,zebra,1,1,0,Q052::13
Part3/outputs/answers_llama32_3b.csv,answers_llama32_3b,Q052,Z,Things in a zoo,14,zookeeper,zookeeper,1,0,1,Q052::14
Part3/outputs/answers_llama32_3b.csv,answers_llama32_3b,Q052,Z,Things in a zoo,15,zoo animal,zoo animal,0,0,0,Q052::15
Part3/outputs/answers_llama32_3b.csv,answers_llama32_3b,Q052,Z,Things in a zoo,16,zebra,zebra,1,1,0,Q052::16
Part3/outputs/answers_llama32_3b.csv,answers_llama32_3b,Q052,Z,Things in a zoo,17,zebra,zebra,1,1,0,Q052::17
Part3/outputs/answers_llama32_3b.csv,answers_llama32_3b,Q052,Z,Things in a zoo,18,zoo animals,zoo animals,0,0,0,Q052::18
Part3/outputs/answers_llama32_3b.csv,answers_llama32_3b,Q052,Z,Things in a zoo,19,zebra,zebra,1,1,0,Q052::19
Part3/outputs/answers_llama32_3b.csv,answers_llama32_3b,Q053,A,Things in a kitchen,0,"amalgamator is not an item 

spatula",amalgamator is not an item spatula,0,0,0,Q053::0
Part3/outputs/answers_llama32_3b.csv,answers_llama32_3b,Q053,A,Things in a kitchen,1,appliance,appliance,1,0,1,Q053::1
Part3/outputs/answers_llama32_3b.csv,answers_llama32_3b,Q053,A,Things in a kitchen,2,toaster,toaster,1,0,1,Q053::2
Part3/outputs/answers_llama32_3b.csv,answers_llama32_3b,Q053,A,Things in a kitchen,3,blender,blender,1,0,1,Q053::3
Part3/outputs/answers_llama32_3b.csv,answers_llama32_3b,Q053,A,Things in a kitchen,4,aspirator,aspirator,0,0,0,Q053::4
Part3/outputs/answers_llama32_3b.csv,answers_llama32_3b,Q053,A,Things in a kitchen,5,appliance,appliance,1,0,1,Q053::5
Part3/outputs/answers_llama32_3b.csv,answers_llama32_3b,Q053,A,Things in a kitchen,6,blender,blender,1,0,1,Q053::6
Part3/outputs/answers_llama32_3b.csv,answers_llama32_3b,Q053,A,Things in a kitchen,7,appliance,appliance,1,0,1,Q053::7
Part3/outputs/answers_llama32_3b.csv,answers_llama32_3b,Q053,A,Things in a kitchen,8,appliance,appliance,1,0,1,Q053::8
Part3/outputs/answers_llama32_3b.csv,answers_llama32_3b,Q053,A,Things in a kitchen,9,appliance,appliance,1,0,1,Q053::9
Part3/outputs/answers_llama32_3b.csv,answers_llama32_3b,Q053,A,Things in a kitchen,10,appliance,appliance,1,0,1,Q053::10
Part3/outputs/answers_llama32_3b.csv,answers_llama32_3b,Q053,A,Things in a kitchen,11,apron,apron,1,0,1,Q053::11
Part3/outputs/answers_llama32_3b.csv,answers_llama32_3b,Q053,A,Things in a kitchen,12,americana potatoes,americana potatoes,0,0,0,Q053::12
Part3/outputs/answers_llama32_3b.csv,answers_llama32_3b,Q053,A,Things in a kitchen,13,apron,apron,1,0,1,Q053::13
Part3/outputs/answers_llama32_3b.csv,answers_llama32_3b,Q053,A,Things in a kitchen,14,appliance,appliance,1,0,1,Q053::14
Part3/outputs/answers_llama32_3b.csv,answers_llama32_3b,Q053,A,Things in a kitchen,15,air fryer,air fryer,1,0,1,Q053::15
Part3/outputs/answers_llama32_3b.csv,answers_llama32_3b,Q053,A,Things in a kitchen,16,americana sugar,americana sugar,0,0,0,Q053::16
Part3/outputs/answers_llama32_3b.csv,answers_llama32_3b,Q053,A,Things in a kitchen,17,"assistant 

appliance",assistant appliance,0,0,0,Q053::17
Part3/outputs/answers_llama32_3b.csv,answers_llama32_3b,Q053,A,Things in a kitchen,18,appliance,appliance,1,0,1,Q053::18
Part3/outputs/answers_llama32_3b.csv,answers_llama32_3b,Q053,A,Things in a kitchen,19,blender,blender,1,0,1,Q053::19
Part3/outputs/answers_llama32_3b.csv,answers_llama32_3b,Q054,B,Singers,0,beyoncé,beyonc,0,0,0,Q054::0
Part3/outputs/answers_llama32_3b.csv,answers_llama32_3b,Q054,B,Singers,1,britney spears,britney spears,1,0,1,Q054::1
Part3/outputs/answers_llama32_3b.csv,answers_llama32_3b,Q054,B,Singers,2,beyonce,beyonce,1,0,1,Q054::2
Part3/outputs/answers_llama32_3b.csv,answers_llama32_3b,Q054,B,Singers,3,beyoncé,beyonc,0,0,0,Q054::3
Part3/outputs/answers_llama32_3b.csv,answers_llama32_3b,Q054,B,Singers,4,britney spears,britney spears,1,0,1,Q054::4
Part3/outputs/answers_llama32_3b.csv,answers_llama32_3b,Q054,B,Singers,5,billy joel,billy joel,1,0,1,Q054::5
Part3/outputs/answers_llama32_3b.csv,answers_llama32_3b,Q054,B,Singers,6,bruce springsteen,bruce springsteen,1,0,1,Q054::6
Part3/outputs/answers_llama32_3b.csv,answers_llama32_3b,Q054,B,Singers,7,beyonce,beyonce,1,0,1,Q054::7
Part3/outputs/answers_llama32_3b.csv,answers_llama32_3b,Q054,B,Singers,8,britney spears,britney spears,1,0,1,Q054::8
Part3/outputs/answers_llama32_3b.csv,answers_llama32_3b,Q054,B,Singers,9,britney spears,britney spears,1,0,1,Q054::9
Part3/outputs/answers_llama32_3b.csv,answers_llama32_3b,Q054,B,Singers,10,billy joel,billy joel,1,0,1,Q054::10
Part3/outputs/answers_llama32_3b.csv,answers_llama32_3b,Q054,B,Singers,11,britney Spears,britney spears,1,0,1,Q054::11
Part3/outputs/answers_llama32_3b.csv,answers_llama32_3b,Q054,B,Singers,12,beyoncé,beyonc,0,0,0,Q054::12
Part3/outputs/answers_llama32_3b.csv,answers_llama32_3b,Q054,B,Singers,13,beyonce,beyonce,1,0,1,Q054::13
Part3/outputs/answers_llama32_3b.csv,answers_llama32_3b,Q054,B,Singers,14,britney spears,britney spears,1,0,1,Q054::14
Part3/outputs/answers_llama32_3b.csv,answers_llama32_3b,Q054,B,Singers,15,beyonce,beyonce,1,0,1,Q054::15
Part3/outputs/answers_llama32_3b.csv,answers_llama32_3b,Q054,B,Singers,16,bruce springsteen,bruce springsteen,1,0,1,Q054::16
Part3/outputs/answers_llama32_3b.csv,answers_llama32_3b,Q054,B,Singers,17,britney spears,britney spears,1,1,0,Q054::17
Part3/outputs/answers_llama32_3b.csv,answers_llama32_3b,Q054,B,Singers,18,beyonce,beyonce,1,0,1,Q054::18
Part3/outputs/answers_llama32_3b.csv,answers_llama32_3b,Q054,B,Singers,19,beyonce,beyonce,1,0,1,Q054::19
Part3/outputs/answers_llama32_3b.csv,answers_llama32_3b,Q055,C,Desserts,0,cake,cake,1,0,1,Q055::0
Part3/outputs/answers_llama32_3b.csv,answers_llama32_3b,Q055,C,Desserts,1,croissants,croissants,0,0,0,Q055::1
Part3/outputs/answers_llama32_3b.csv,answers_llama32_3b,Q055,C,Desserts,2,crème brûlée,crème brûlée,1,0,1,Q055::2
Part3/outputs/answers_llama32_3b.csv,answers_llama32_3b,Q055,C,Desserts,3,croissants,croissants,0,0,0,Q055::3
Part3/outputs/answers_llama32_3b.csv,answers_llama32_3b,Q055,C,Desserts,4,cannoli,cannoli,1,0,1,Q055::4
Part3/outputs/answers_llama32_3b.csv,answers_llama32_3b,Q055,C,Desserts,5,cannoli,cannoli,1,0,1,Q055::5
Part3/outputs/answers_llama32_3b.csv,answers_llama32_3b,Q055,C,Desserts,6,croissant,croissant,0,0,0,Q055::6
Part3/outputs/answers_llama32_3b.csv,answers_llama32_3b,Q055,C,Desserts,7,croissants,croissants,0,0,0,Q055::7
Part3/outputs/answers_llama32_3b.csv,answers_llama32_3b,Q055,C,Desserts,8,crème brûlée,crème brûlée,1,0,1,Q055::8
Part3/outputs/answers_llama32_3b.csv,answers_llama32_3b,Q055,C,Desserts,9,croissant,croissant,0,0,0,Q055::9
Part3/outputs/answers_llama32_3b.csv,answers_llama32_3b,Q055,C,Desserts,10,croissant,croissant,0,0,0,Q055::10
Part3/outputs/answers_llama32_3b.csv,answers_llama32_3b,Q055,C,Desserts,11,cake,cake,1,0,1,Q055::11
Part3/outputs/answers_llama32_3b.csv,answers_llama32_3b,Q055,C,Desserts,12,crème brûlée,crème brûlée,1,0,1,Q055::12
Part3/outputs/answers_llama32_3b.csv,answers_llama32_3b,Q055,C,Desserts,13,croissant,croissant,0,0,0,Q055::13
Part3/outputs/answers_llama32_3b.csv,answers_llama32_3b,Q055,C,Desserts,14,croissant,croissant,0,0,0,Q055::14
Part3/outputs/answers_llama32_3b.csv,answers_llama32_3b,Q055,C,Desserts,15,cannoli,cannoli,1,0,1,Q055::15
Part3/outputs/answers_llama32_3b.csv,answers_llama32_3b,Q055,C,Desserts,16,crème brûlée,crème brûlée,1,0,1,Q055::16
Part3/outputs/answers_llama32_3b.csv,answers_llama32_3b,Q055,C,Desserts,17,crème brûlée,crème brûlée,1,0,1,Q055::17
Part3/outputs/answers_llama32_3b.csv,answers_llama32_3b,Q055,C,Desserts,18,cannoli,cannoli,1,0,1,Q055::18
Part3/outputs/answers_llama32_3b.csv,answers_llama32_3b,Q055,C,Desserts,19,creme brulee,creme brulee,1,0,1,Q055::19
Part3/outputs/answers_llama32_3b.csv,answers_llama32_3b,Q056,D,Plants,0,dandelion,dandelion,1,0,1,Q056::0
Part3/outputs/answers_llama32_3b.csv,answers_llama32_3b,Q056,D,Plants,1,daisy,daisy,1,1,0,Q056::1
Part3/outputs/answers_llama32_3b.csv,answers_llama32_3b,Q056,D,Plants,2,dandelion,dandelion,1,0,1,Q056::2
Part3/outputs/answers_llama32_3b.csv,answers_llama32_3b,Q056,D,Plants,3,dandelion,dandelion,1,0,1,Q056::3
Part3/outputs/answers_llama32_3b.csv,answers_llama32_3b,Q056,D,Plants,4,dandelion,dandelion,1,0,1,Q056::4
Part3/outputs/answers_llama32_3b.csv,answers_llama32_3b,Q056,D,Plants,5,daisy,daisy,1,0,1,Q056::5
Part3/outputs/answers_llama32_3b.csv,answers_llama32_3b,Q056,D,Plants,6,daisy,daisy,1,1,0,Q056::6
Part3/outputs/answers_llama32_3b.csv,answers_llama32_3b,Q056,D,Plants,7,daisy,daisy,1,1,0,Q056::7
Part3/outputs/answers_llama32_3b.csv,answers_llama32_3b,Q056,D,Plants,8,daisy,daisy,1,1,0,Q056::8
Part3/outputs/answers_llama32_3b.csv,answers_llama32_3b,Q056,D,Plants,9,daisy,daisy,1,0,1,Q056::9
Part3/outputs/answers_llama32_3b.csv,answers_llama32_3b,Q056,D,Plants,10,daisy,daisy,1,1,0,Q056::10
Part3/outputs/answers_llama32_3b.csv,answers_llama32_3b,Q056,D,Plants,11,dandelion,dandelion,1,0,1,Q056::11
Part3/outputs/answers_llama32_3b.csv,answers_llama32_3b,Q056,D,Plants,12,dandelion,dandelion,1,0,1,Q056::12
Part3/outputs/answers_llama32_3b.csv,answers_llama32_3b,Q056,D,Plants,13,daisy,daisy,1,1,0,Q056::13
Part3/outputs/answers_llama32_3b.csv,answers_llama32_3b,Q056,D,Plants,14,daisy,daisy,1,1,0,Q056::14
Part3/outputs/answers_llama32_3b.csv,answers_llama32_3b,Q056,D,Plants,15,dandelion,dandelion,1,0,1,Q056::15
Part3/outputs/answers_llama32_3b.csv,answers_llama32_3b,Q056,D,Plants,16,daisy,daisy,1,1,0,Q056::16
Part3/outputs/answers_llama32_3b.csv,answers_llama32_3b,Q056,D,Plants,17,dandelion,dandelion,1,0,1,Q056::17
Part3/outputs/answers_llama32_3b.csv,answers_llama32_3b,Q056,D,Plants,18,dandelion,dandelion,1,0,1,Q056::18
Part3/outputs/answers_llama32_3b.csv,answers_llama32_3b,Q056,D,Plants,19,daisy,daisy,1,1,0,Q056::19
Part3/outputs/answers_llama32_3b.csv,answers_llama32_3b,Q057,E,Companies,0,e bay,e bay,1,0,1,Q057::0
Part3/outputs/answers_llama32_3b.csv,answers_llama32_3b,Q057,E,Companies,1,e bay,e bay,1,0,1,Q057::1
Part3/outputs/answers_llama32_3b.csv,answers_llama32_3b,Q057,E,Companies,2,ebay,ebay,1,1,0,Q057::2
Part3/outputs/answers_llama32_3b.csv,answers_llama32_3b,Q057,E,Companies,3,easy internet,easy internet,0,0,0,Q057::3
Part3/outputs/answers_llama32_3b.csv,answers_llama32_3b,Q057,E,Companies,4,e bay,e bay,1,0,1,Q057::4
Part3/outputs/answers_llama32_3b.csv,answers_llama32_3b,Q057,E,Companies,5,e bay,e bay,1,0,1,Q057::5
Part3/outputs/answers_llama32_3b.csv,answers_llama32_3b,Q057,E,Companies,6,eastman,eastman,1,0,1,Q057::6
Part3/outputs/answers_llama32_3b.csv,answers_llama32_3b,Q057,E,Companies,7,e bay,e bay,1,1,0,Q057::7
Part3/outputs/answers_llama32_3b.csv,answers_llama32_3b,Q057,E,Companies,8,e bay,e bay,1,0,1,Q057::8
Part3/outputs/answers_llama32_3b.csv,answers_llama32_3b,Q057,E,Companies,9,eBay,ebay,1,1,0,Q057::9
Part3/outputs/answers_llama32_3b.csv,answers_llama32_3b,Q057,E,Companies,10,eBay,ebay,1,1,0,Q057::10
Part3/outputs/answers_llama32_3b.csv,answers_llama32_3b,Q057,E,Companies,11,e bay,e bay,1,0,1,Q057::11
Part3/outputs/answers_llama32_3b.csv,answers_llama32_3b,Q057,E,Companies,12,e bay,e bay,1,0,1,Q057::12
Part3/outputs/answers_llama32_3b.csv,answers_llama32_3b,Q057,E,Companies,13,eBay,ebay,1,1,0,Q057::13
Part3/outputs/answers_llama32_3b.csv,answers_llama32_3b,Q057,E,Companies,14,eBay,ebay,1,1,0,Q057::14
Part3/outputs/answers_llama32_3b.csv,answers_llama32_3b,Q057,E,Companies,15,amazon,amazon,0,0,0,Q057::15
Part3/outputs/answers_llama32_3b.csv,answers_llama32_3b,Q057,E,Companies,16,european car manufacturers,european car manufacturers,0,0,0,Q057::16
Part3/outputs/answers_llama32_3b.csv,answers_llama32_3b,Q057,E,Companies,17,e bay,e bay,1,0,1,Q057::17
Part3/outputs/answers_llama32_3b.csv,answers_llama32_3b,Q057,E,Companies,18,eaton,eaton,1,0,1,Q057::18
Part3/outputs/answers_llama32_3b.csv,answers_llama32_3b,Q057,E,Companies,19,e bay,e bay,1,0,1,Q057::19
Part3/outputs/answers_llama32_3b.csv,answers_llama32_3b,Q058,F,Movie characters,0,forrest gump,forrest gump,1,0,1,Q058::0
Part3/outputs/answers_llama32_3b.csv,answers_llama32_3b,Q058,F,Movie characters,1,frodo baggins,frodo baggins,1,0,1,Q058::1
Part3/outputs/answers_llama32_3b.csv,answers_llama32_3b,Q058,F,Movie characters,2,fred flintstone,fred flintstone,1,0,1,Q058::2
Part3/outputs/answers_llama32_3b.csv,answers_llama32_3b,Q058,F,Movie characters,3,frodo,frodo,1,0,1,Q058::3
Part3/outputs/answers_llama32_3b.csv,answers_llama32_3b,Q058,F,Movie characters,4,frankenstein,frankenstein,0,0,0,Q058::4
Part3/outputs/answers_llama32_3b.csv,answers_llama32_3b,Q058,F,Movie characters,5,frodo baggins,frodo baggins,1,0,1,Q058::5
Part3/outputs/answers_llama32_3b.csv,answers_llama32_3b,Q058,F,Movie characters,6,fiona,fiona,1,0,1,Q058::6
Part3/outputs/answers_llama32_3b.csv,answers_llama32_3b,Q058,F,Movie characters,7,frodo baggins,frodo baggins,1,0,1,Q058::7
Part3/outputs/answers_llama32_3b.csv,answers_llama32_3b,Q058,F,Movie characters,8,fred flintstone,fred flintstone,1,0,1,Q058::8
Part3/outputs/answers_llama32_3b.csv,answers_llama32_3b,Q058,F,Movie characters,9,frodo baggins,frodo baggins,1,0,1,Q058::9
Part3/outputs/answers_llama32_3b.csv,answers_llama32_3b,Q058,F,Movie characters,10,frankenstein's monster,frankenstein's monster,1,0,1,Q058::10
Part3/outputs/answers_llama32_3b.csv,answers_llama32_3b,Q058,F,Movie characters,11,frank underwood,frank underwood,1,0,1,Q058::11
Part3/outputs/answers_llama32_3b.csv,answers_llama32_3b,Q058,F,Movie characters,12,frodo baggins,frodo baggins,1,0,1,Q058::12
Part3/outputs/answers_llama32_3b.csv,answers_llama32_3b,Q058,F,Movie characters,13,ford prescott,ford prescott,0,0,0,Q058::13
Part3/outputs/answers_llama32_3b.csv,answers_llama32_3b,Q058,F,Movie characters,14,frank nitti,frank nitti,1,0,1,Q058::14
Part3/outputs/answers_llama32_3b.csv,answers_llama32_3b,Q058,F,Movie characters,15,frodo baggins,frodo baggins,1,1,0,Q058::15
Part3/outputs/answers_llama32_3b.csv,answers_llama32_3b,Q058,F,Movie characters,16,frodo baggins,frodo baggins,1,0,1,Q058::16
Part3/outputs/answers_llama32_3b.csv,answers_llama32_3b,Q058,F,Movie characters,17,frank reynolds,frank reynolds,1,0,1,Q058::17
Part3/outputs/answers_llama32_3b.csv,answers_llama32_3b,Q058,F,Movie characters,18,frodo,frodo,1,0,1,Q058::18
Part3/outputs/answers_llama32_3b.csv,answers_llama32_3b,Q058,F,Movie characters,19,forrest gump,forrest gump,1,0,1,Q058::19
Part3/outputs/answers_llama32_3b.csv,answers_llama32_3b,Q059,G,Things in a toolbox,0,glue,glue,0,0,0,Q059::0
Part3/outputs/answers_llama32_3b.csv,answers_llama32_3b,Q059,G,Things in a toolbox,1,hammer,hammer,1,1,0,Q059::1
Part3/outputs/answers_llama32_3b.csv,answers_llama32_3b,Q059,G,Things in a toolbox,2,drill bit,drill bit,1,0,1,Q059::2
Part3/outputs/answers_llama32_3b.csv,answers_llama32_3b,Q059,G,Things in a toolbox,3,glue,glue,0,0,0,Q059::3
Part3/outputs/answers_llama32_3b.csv,answers_llama32_3b,Q059,G,Things in a toolbox,4,glue stick,glue stick,0,0,0,Q059::4
Part3/outputs/answers_llama32_3b.csv,answers_llama32_3b,Q059,G,Things in a toolbox,5,drill bit,drill bit,1,0,1,Q059::5
Part3/outputs/answers_llama32_3b.csv,answers_llama32_3b,Q059,G,Things in a toolbox,6,hammer,hammer,1,1,0,Q059::6
Part3/outputs/answers_llama32_3b.csv,answers_llama32_3b,Q059,G,Things in a toolbox,7,glue stick,glue stick,0,0,0,Q059::7
Part3/outputs/answers_llama32_3b.csv,answers_llama32_3b,Q059,G,Things in a toolbox,8,hammer,hammer,1,1,0,Q059::8
Part3/outputs/answers_llama32_3b.csv,answers_llama32_3b,Q059,G,Things in a toolbox,9,glue stick,glue stick,0,0,0,Q059::9
Part3/outputs/answers_llama32_3b.csv,answers_llama32_3b,Q059,G,Things in a toolbox,10,glue,glue,0,0,0,Q059::10
Part3/outputs/answers_llama32_3b.csv,answers_llama32_3b,Q059,G,Things in a toolbox,11,drill bit,drill bit,1,0,1,Q059::11
Part3/outputs/answers_llama32_3b.csv,answers_llama32_3b,Q059,G,Things in a toolbox,12,glue stick,glue stick,0,0,0,Q059::12
Part3/outputs/answers_llama32_3b.csv,answers_llama32_3b,Q059,G,Things in a toolbox,13,glue,glue,0,0,0,Q059::13
Part3/outputs/answers_llama32_3b.csv,answers_llama32_3b,Q059,G,Things in a toolbox,14,glue stick,glue stick,0,0,0,Q059::14
Part3/outputs/answers_llama32_3b.csv,answers_llama32_3b,Q059,G,Things in a toolbox,15,glue,glue,0,0,0,Q059::15
Part3/outputs/answers_llama32_3b.csv,answers_llama32_3b,Q059,G,Things in a toolbox,16,wrench,wrench,1,0,1,Q059::16
Part3/outputs/answers_llama32_3b.csv,answers_llama32_3b,Q059,G,Things in a toolbox,17,glue,glue,0,0,0,Q059::17
Part3/outputs/answers_llama32_3b.csv,answers_llama32_3b,Q059,G,Things in a toolbox,18,wrench,wrench,1,0,1,Q059::18
Part3/outputs/answers_llama32_3b.csv,answers_llama32_3b,Q059,G,Things in a toolbox,19,glue stick,glue stick,0,0,0,Q059::19
Part3/outputs/answers_llama32_3b.csv,answers_llama32_3b,Q060,H,Countries,0,honduras,honduras,1,1,0,Q060::0
Part3/outputs/answers_llama32_3b.csv,answers_llama32_3b,Q060,H,Countries,1,hong kong,hong kong,0,0,0,Q060::1
Part3/outputs/answers_llama32_3b.csv,answers_llama32_3b,Q060,H,Countries,2,honduras,honduras,1,0,1,Q060::2
Part3/outputs/answers_llama32_3b.csv,answers_llama32_3b,Q060,H,Countries,3,honduras,honduras,1,0,1,Q060::3
Part3/outputs/answers_llama32_3b.csv,answers_llama32_3b,Q060,H,Countries,4,honduras,honduras,1,1,0,Q060::4
Part3/outputs/answers_llama32_3b.csv,answers_llama32_3b,Q060,H,Countries,5,hong kong,hong kong,0,0,0,Q060::5
Part3/outputs/answers_llama32_3b.csv,answers_llama32_3b,Q060,H,Countries,6,hong kong,hong kong,0,0,0,Q060::6
Part3/outputs/answers_llama32_3b.csv,answers_llama32_3b,Q060,H,Countries,7,hong kong,hong kong,0,0,0,Q060::7
Part3/outputs/answers_llama32_3b.csv,answers_llama32_3b,Q060,H,Countries,8,hong kong,hong kong,0,0,0,Q060::8
Part3/outputs/answers_llama32_3b.csv,answers_llama32_3b,Q060,H,Countries,9,honduras,honduras,1,0,1,Q060::9
Part3/outputs/answers_llama32_3b.csv,answers_llama32_3b,Q060,H,Countries,10,honduras,honduras,1,0,1,Q060::10
Part3/outputs/answers_llama32_3b.csv,answers_llama32_3b,Q060,H,Countries,11,hong kong,hong kong,0,0,0,Q060::11
Part3/outputs/answers_llama32_3b.csv,answers_llama32_3b,Q060,H,Countries,12,haiti,haiti,1,0,1,Q060::12
Part3/outputs/answers_llama32_3b.csv,answers_llama32_3b,Q060,H,Countries,13,hong kong,hong kong,0,0,0,Q060::13
Part3/outputs/answers_llama32_3b.csv,answers_llama32_3b,Q060,H,Countries,14,hong kong,hong kong,0,0,0,Q060::14
Part3/outputs/answers_llama32_3b.csv,answers_llama32_3b,Q060,H,Countries,15,honduras,honduras,1,1,0,Q060::15
Part3/outputs/answers_llama32_3b.csv,answers_llama32_3b,Q060,H,Countries,16,honduras,honduras,1,1,0,Q060::16
Part3/outputs/answers_llama32_3b.csv,answers_llama32_3b,Q060,H,Countries,17,honduras,honduras,1,0,1,Q060::17
Part3/outputs/answers_llama32_3b.csv,answers_llama32_3b,Q060,H,Countries,18,hong kong,hong kong,0,0,0,Q060::18
Part3/outputs/answers_llama32_3b.csv,answers_llama32_3b,Q060,H,Countries,19,honduras,honduras,1,0,1,Q060::19
Part3/outputs/answers_llama32_3b.csv,answers_llama32_3b,Q061,I,Musical artists,0,iggy pop,iggy pop,1,0,1,Q061::0
Part3/outputs/answers_llama32_3b.csv,answers_llama32_3b,Q061,I,Musical artists,1,ice cube,ice cube,0,0,0,Q061::1
Part3/outputs/answers_llama32_3b.csv,answers_llama32_3b,Q061,I,Musical artists,2,india martinetti,india martinetti,0,0,0,Q061::2
Part3/outputs/answers_llama32_3b.csv,answers_llama32_3b,Q061,I,Musical artists,3,i am a star,i am a star,0,0,0,Q061::3
Part3/outputs/answers_llama32_3b.csv,answers_llama32_3b,Q061,I,Musical artists,4,ice ice baby,ice ice baby,0,0,0,Q061::4
Part3/outputs/answers_llama32_3b.csv,answers_llama32_3b,Q061,I,Musical artists,5,ice cube,ice cube,0,0,0,Q061::5
Part3/outputs/answers_llama32_3b.csv,answers_llama32_3b,Q061,I,Musical artists,6,ice cube,ice cube,0,0,0,Q061::6
Part3/outputs/answers_llama32_3b.csv,answers_llama32_3b,Q061,I,Musical artists,7,il divo,il divo,0,0,0,Q061::7
Part3/outputs/answers_llama32_3b.csv,answers_llama32_3b,Q061,I,Musical artists,8,ian mcdonald,ian mcdonald,0,0,0,Q061::8
Part3/outputs/answers_llama32_3b.csv,answers_llama32_3b,Q061,I,Musical artists,9,iceland,iceland,0,0,0,Q061::9
Part3/outputs/answers_llama32_3b.csv,answers_llama32_3b,Q061,I,Musical artists,10,ice ice baby,ice ice baby,0,0,0,Q061::10
Part3/outputs/answers_llama32_3b.csv,answers_llama32_3b,Q061,I,Musical artists,11,ice cube,ice cube,0,0,0,Q061::11
Part3/outputs/answers_llama32_3b.csv,answers_llama32_3b,Q061,I,Musical artists,12,ice pop music artist,ice pop music artist,0,0,0,Q061::12
Part3/outputs/answers_llama32_3b.csv,answers_llama32_3b,Q061,I,Musical artists,13,iggy pop,iggy pop,1,0,1,Q061::13
Part3/outputs/answers_llama32_3b.csv,answers_llama32_3b,Q061,I,Musical artists,14,ice cube,ice cube,0,0,0,Q061::14
Part3/outputs/answers_llama32_3b.csv,answers_llama32_3b,Q061,I,Musical artists,15,iggy pop,iggy pop,1,0,1,Q061::15
Part3/outputs/answers_llama32_3b.csv,answers_llama32_3b,Q061,I,Musical artists,16,icelandic orchestra,icelandic orchestra,0,0,0,Q061::16
Part3/outputs/answers_llama32_3b.csv,answers_llama32_3b,Q061,I,Musical artists,17,iggy pop,iggy pop,1,0,1,Q061::17
Part3/outputs/answers_llama32_3b.csv,answers_llama32_3b,Q061,I,Musical artists,18,ian munsick,ian munsick,1,0,1,Q061::18
Part3/outputs/answers_llama32_3b.csv,answers_llama32_3b,Q061,I,Musical artists,19,ice cube,ice cube,0,0,0,Q061::19
Part3/outputs/answers_llama32_3b.csv,answers_llama32_3b,Q062,J,Things in a refrigerator,0,juice,juice,1,1,0,Q062::0
Part3/outputs/answers_llama32_3b.csv,answers_llama32_3b,Q062,J,Things in a refrigerator,1,juice,juice,1,1,0,Q062::1
Part3/outputs/answers_llama32_3b.csv,answers_llama32_3b,Q062,J,Things in a refrigerator,2,juice,juice,1,1,0,Q062::2
Part3/outputs/answers_llama32_3b.csv,answers_llama32_3b,Q062,J,Things in a refrigerator,3,juice,juice,1,1,0,Q062::3
Part3/outputs/answers_llama32_3b.csv,answers_llama32_3b,Q062,J,Things in a refrigerator,4,juice,juice,1,1,0,Q062::4
Part3/outputs/answers_llama32_3b.csv,answers_llama32_3b,Q062,J,Things in a refrigerator,5,juice,juice,1,1,0,Q062::5
Part3/outputs/answers_llama32_3b.csv,answers_llama32_3b,Q062,J,Things in a refrigerator,6,juice,juice,1,1,0,Q062::6
Part3/outputs/answers_llama32_3b.csv,answers_llama32_3b,Q062,J,Things in a refrigerator,7,jogurt,jogurt,1,0,1,Q062::7
Part3/outputs/answers_llama32_3b.csv,answers_llama32_3b,Q062,J,Things in a refrigerator,8,jam,jam,1,0,1,Q062::8
Part3/outputs/answers_llama32_3b.csv,answers_llama32_3b,Q062,J,Things in a refrigerator,9,jelly,jelly,1,0,1,Q062::9
Part3/outputs/answers_llama32_3b.csv,answers_llama32_3b,Q062,J,Things in a refrigerator,10,juice,juice,1,1,0,Q062::10
Part3/outputs/answers_llama32_3b.csv,answers_llama32_3b,Q062,J,Things in a refrigerator,11,juice,juice,1,1,0,Q062::11
Part3/outputs/answers_llama32_3b.csv,answers_llama32_3b,Q062,J,Things in a refrigerator,12,jams,jams,1,0,1,Q062::12
Part3/outputs/answers_llama32_3b.csv,answers_llama32_3b,Q062,J,Things in a refrigerator,13,jar,jar,1,0,1,Q062::13
Part3/outputs/answers_llama32_3b.csv,answers_llama32_3b,Q062,J,Things in a refrigerator,14,jelly,jelly,1,0,1,Q062::14
Part3/outputs/answers_llama32_3b.csv,answers_llama32_3b,Q062,J,Things in a refrigerator,15,juice,juice,1,1,0,Q062::15
Part3/outputs/answers_llama32_3b.csv,answers_llama32_3b,Q062,J,Things in a refrigerator,16,juice,juice,1,1,0,Q062::16
Part3/outputs/answers_llama32_3b.csv,answers_llama32_3b,Q062,J,Things in a refrigerator,17,juice,juice,1,1,0,Q062::17
Part3/outputs/answers_llama32_3b.csv,answers_llama32_3b,Q062,J,Things in a refrigerator,18,juice,juice,1,1,0,Q062::18
Part3/outputs/answers_llama32_3b.csv,answers_llama32_3b,Q062,J,Things in a refrigerator,19,jar,jar,1,0,1,Q062::19
Part3/outputs/answers_llama32_3b.csv,answers_llama32_3b,Q063,K,Cities,0,kuala Lumpur,kuala lumpur,1,0,1,Q063::0
Part3/outputs/answers_llama32_3b.csv,answers_llama32_3b,Q063,K,Cities,1,kansas city,kansas city,1,0,1,Q063::1
Part3/outputs/answers_llama32_3b.csv,answers_llama32_3b,Q063,K,Cities,2,kansas city,kansas city,1,0,1,Q063::2
Part3/outputs/answers_llama32_3b.csv,answers_llama32_3b,Q063,K,Cities,3,kansas city,kansas city,1,0,1,Q063::3
Part3/outputs/answers_llama32_3b.csv,answers_llama32_3b,Q063,K,Cities,4,kansas city,kansas city,1,0,1,Q063::4
Part3/outputs/answers_llama32_3b.csv,answers_llama32_3b,Q063,K,Cities,5,kansas city,kansas city,1,0,1,Q063::5
Part3/outputs/answers_llama32_3b.csv,answers_llama32_3b,Q063,K,Cities,6,kansas city,kansas city,1,1,0,Q063::6
Part3/outputs/answers_llama32_3b.csv,answers_llama32_3b,Q063,K,Cities,7,kansas city,kansas city,1,1,0,Q063::7
Part3/outputs/answers_llama32_3b.csv,answers_llama32_3b,Q063,K,Cities,8,kansas city,kansas city,1,0,1,Q063::8
Part3/outputs/answers_llama32_3b.csv,answers_llama32_3b,Q063,K,Cities,9,kansas city,kansas city,1,1,0,Q063::9
Part3/outputs/answers_llama32_3b.csv,answers_llama32_3b,Q063,K,Cities,10,kuala lumpsb,kuala lumpsb,0,0,0,Q063::10
Part3/outputs/answers_llama32_3b.csv,answers_llama32_3b,Q063,K,Cities,11,kuala lumpur,kuala lumpur,1,0,1,Q063::11
Part3/outputs/answers_llama32_3b.csv,answers_llama32_3b,Q063,K,Cities,12,kansas city,kansas city,1,0,1,Q063::12
Part3/outputs/answers_llama32_3b.csv,answers_llama32_3b,Q063,K,Cities,13,kansas city,kansas city,1,1,0,Q063::13
Part3/outputs/answers_llama32_3b.csv,answers_llama32_3b,Q063,K,Cities,14,kansas city,kansas city,1,0,1,Q063::14
Part3/outputs/answers_llama32_3b.csv,answers_llama32_3b,Q063,K,Cities,15,kansas city,kansas city,1,0,1,Q063::15
Part3/outputs/answers_llama32_3b.csv,answers_llama32_3b,Q063,K,Cities,16,kolkata,kolkata,1,0,1,Q063::16
Part3/outputs/answers_llama32_3b.csv,answers_llama32_3b,Q063,K,Cities,17,kyoto,kyoto,1,0,1,Q063::17
Part3/outputs/answers_llama32_3b.csv,answers_llama32_3b,Q063,K,Cities,18,kolkata,kolkata,1,0,1,Q063::18
Part3/outputs/answers_llama32_3b.csv,answers_llama32_3b,Q063,K,Cities,19,kansas city,kansas city,1,0,1,Q063::19
Part3/outputs/answers_llama32_3b.csv,answers_llama32_3b,Q064,L,Things in a library,0,local newspaper,local newspaper,1,0,1,Q064::0
Part3/outputs/answers_llama32_3b.csv,answers_llama32_3b,Q064,L,Things in a library,1,shelves,shelves,1,0,1,Q064::1
Part3/outputs/answers_llama32_3b.csv,answers_llama32_3b,Q064,L,Things in a library,2,bookshelves,bookshelves,1,0,1,Q064::2
Part3/outputs/answers_llama32_3b.csv,answers_llama32_3b,Q064,L,Things in a library,3,loans,loans,1,0,1,Q064::3
Part3/outputs/answers_llama32_3b.csv,answers_llama32_3b,Q064,L,Things in a library,4,large bookshelf,large bookshelf,1,0,1,Q064::4
Part3/outputs/answers_llama32_3b.csv,answers_llama32_3b,Q064,L,Things in a library,5,library card,library card,0,0,0,Q064::5
Part3/outputs/answers_llama32_3b.csv,answers_llama32_3b,Q064,L,Things in a library,6,library card,library card,0,0,0,Q064::6
Part3/outputs/answers_llama32_3b.csv,answers_llama32_3b,Q064,L,Things in a library,7,library catalog,library catalog,0,0,0,Q064::7
Part3/outputs/answers_llama32_3b.csv,answers_llama32_3b,Q064,L,Things in a library,8,local book collection,local book collection,0,0,0,Q064::8
Part3/outputs/answers_llama32_3b.csv,answers_llama32_3b,Q064,L,Things in a library,9,local history books,local history books,1,0,1,Q064::9
Part3/outputs/answers_llama32_3b.csv,answers_llama32_3b,Q064,L,Things in a library,10,large print books,large print books,1,0,1,Q064::10
Part3/outputs/answers_llama32_3b.csv,answers_llama32_3b,Q064,L,Things in a library,11,large print books,large print books,1,0,1,Q064::11
Part3/outputs/answers_llama32_3b.csv,answers_llama32_3b,Q064,L,Things in a library,12,lost volume,lost volume,0,0,0,Q064::12
Part3/outputs/answers_llama32_3b.csv,answers_llama32_3b,Q064,L,Things in a library,13,local government reports,local government reports,0,0,0,Q064::13
Part3/outputs/answers_llama32_3b.csv,answers_llama32_3b,Q064,L,Things in a library,14,library card,library card,0,0,0,Q064::14
Part3/outputs/answers_llama32_3b.csv,answers_llama32_3b,Q064,L,Things in a library,15,local library,local library,0,0,0,Q064::15
Part3/outputs/answers_llama32_3b.csv,answers_llama32_3b,Q064,L,Things in a library,16,loan book,loan book,1,0,1,Q064::16
Part3/outputs/answers_llama32_3b.csv,answers_llama32_3b,Q064,L,Things in a library,17,local library,local library,0,0,0,Q064::17
Part3/outputs/answers_llama32_3b.csv,answers_llama32_3b,Q064,L,Things in a library,18,local library,local library,0,0,0,Q064::18
Part3/outputs/answers_llama32_3b.csv,answers_llama32_3b,Q064,L,Things in a library,19,local library,local library,0,0,0,Q064::19
