task,model,temperature,sample_idx,prompt_id,raw,answer_norm
fruitb,qwen2.5:7b,0.0,0,scattergories,blueberry,blueberry
fruitb,qwen2.5:7b,0.0,1,scattergories,blueberry,blueberry
fruitb,qwen2.5:7b,0.0,2,scattergories,blueberry,blueberry
fruitb,qwen2.5:7b,0.0,3,scattergories,blueberry,blueberry
fruitb,qwen2.5:7b,0.0,4,scattergories,blueberry,blueberry
fruitb,qwen2.5:7b,0.0,5,scattergories,blueberry,blueberry
fruitb,qwen2.5:7b,0.0,6,scattergories,blueberry,blueberry
fruitb,qwen2.5:7b,0.0,7,scattergories,blueberry,blueberry
fruitb,qwen2.5:7b,0.0,8,scattergories,blueberry,blueberry
fruitb,qwen2.5:7b,0.0,9,scattergories,blueberry,blueberry
fruitb,qwen2.5:7b,0.0,10,scattergories,blueberry,blueberry
fruitb,qwen2.5:7b,0.0,11,scattergories,blueberry,blueberry
fruitb,qwen2.5:7b,0.0,12,scattergories,blueberry,blueberry
fruitb,qwen2.5:7b,0.0,13,scattergories,blueberry,blueberry
fruitb,qwen2.5:7b,0.0,14,scattergories,blueberry,blueberry
fruitb,qwen2.5:7b,0.0,15,scattergories,blueberry,blueberry
fruitb,qwen2.5:7b,0.0,16,scattergories,blueberry,blueberry
fruitb,qwen2.5:7b,0.0,17,scattergories,blueberry,blueberry
fruitb,qwen2.5:7b,0.0,18,scattergories,blueberry,blueberry
fruitb,qwen2.5:7b,0.0,19,scattergories,blueberry,blueberry
fruitb,qwen2.5:7b,0.0,20,scattergories,blueberry,blueberry
fruitb,qwen2.5:7b,0.0,21,scattergories,blueberry,blueberry
fruitb,qwen2.5:7b,0.0,22,scattergories,blueberry,blueberry
fruitb,qwen2.5:7b,0.0,23,scattergories,blueberry,blueberry
fruitb,qwen2.5:7b,0.0,24,scattergories,blueberry,blueberry
fruitb,qwen2.5:7b,0.0,25,scattergories,blueberry,blueberry
fruitb,qwen2.5:7b,0.0,26,scattergories,blueberry,blueberry
fruitb,qwen2.5:7b,0.0,27,scattergories,blueberry,blueberry
fruitb,qwen2.5:7b,0.0,28,scattergories,blueberry,blueberry
fruitb,qwen2.5:7b,0.0,29,scattergories,blueberry,blueberry
fruitb,qwen2.5:7b,0.0,30,scattergories,blueberry,blueberry
fruitb,qwen2.5:7b,0.0,31,scattergories,blueberry,blueberry
fruitb,qwen2.5:7b,0.0,32,scattergories,blueberry,blueberry
fruitb,qwen2.5:7b,0.0,33,scattergories,blueberry,blueberry
fruitb,qwen2.5:7b,0.0,34,scattergories,blueberry,blueberry
fruitb,qwen2.5:7b,0.0,35,scattergories,blueberry,blueberry
fruitb,qwen2.5:7b,0.0,36,scattergories,blueberry,blueberry
fruitb,qwen2.5:7b,0.0,37,scattergories,blueberry,blueberry
fruitb,qwen2.5:7b,0.0,38,scattergories,blueberry,blueberry
fruitb,qwen2.5:7b,0.0,39,scattergories,blueberry,blueberry
fruitb,qwen2.5:7b,0.0,40,scattergories,blueberry,blueberry
fruitb,qwen2.5:7b,0.0,41,scattergories,blueberry,blueberry
fruitb,qwen2.5:7b,0.0,42,scattergories,blueberry,blueberry
fruitb,qwen2.5:7b,0.0,43,scattergories,blueberry,blueberry
fruitb,qwen2.5:7b,0.0,44,scattergories,blueberry,blueberry
fruitb,qwen2.5:7b,0.0,45,scattergories,blueberry,blueberry
fruitb,qwen2.5:7b,0.0,46,scattergories,blueberry,blueberry
fruitb,qwen2.5:7b,0.0,47,scattergories,blueberry,blueberry
fruitb,qwen2.5:7b,0.0,48,scattergories,blueberry,blueberry
fruitb,qwen2.5:7b,0.0,49,scattergories,blueberry,blueberry
fruitb,qwen2.5:7b,0.0,50,scattergories,blueberry,blueberry
fruitb,qwen2.5:7b,0.0,51,scattergories,blueberry,blueberry
fruitb,qwen2.5:7b,0.0,52,scattergories,blueberry,blueberry
fruitb,qwen2.5:7b,0.0,53,scattergories,blueberry,blueberry
fruitb,qwen2.5:7b,0.0,54,scattergories,blueberry,blueberry
fruitb,qwen2.5:7b,0.0,55,scattergories,blueberry,blueberry
fruitb,qwen2.5:7b,0.0,56,scattergories,blueberry,blueberry
fruitb,qwen2.5:7b,0.0,57,scattergories,blueberry,blueberry
fruitb,qwen2.5:7b,0.0,58,scattergories,blueberry,blueberry
fruitb,qwen2.5:7b,0.0,59,scattergories,blueberry,blueberry
fruitb,qwen2.5:7b,0.0,60,scattergories,blueberry,blueberry
fruitb,qwen2.5:7b,0.0,61,scattergories,blueberry,blueberry
fruitb,qwen2.5:7b,0.0,62,scattergories,blueberry,blueberry
fruitb,qwen2.5:7b,0.0,63,scattergories,blueberry,blueberry
fruitb,qwen2.5:7b,0.0,64,scattergories,blueberry,blueberry
fruitb,qwen2.5:7b,0.0,65,scattergories,blueberry,blueberry
fruitb,qwen2.5:7b,0.0,66,scattergories,blueberry,blueberry
fruitb,qwen2.5:7b,0.0,67,scattergories,blueberry,blueberry
fruitb,qwen2.5:7b,0.0,68,scattergories,blueberry,blueberry
fruitb,qwen2.5:7b,0.0,69,scattergories,blueberry,blueberry
fruitb,qwen2.5:7b,0.0,70,scattergories,blueberry,blueberry
fruitb,qwen2.5:7b,0.0,71,scattergories,blueberry,blueberry
fruitb,qwen2.5:7b,0.0,72,scattergories,blueberry,blueberry
fruitb,qwen2.5:7b,0.0,73,scattergories,blueberry,blueberry
fruitb,qwen2.5:7b,0.0,74,scattergories,blueberry,blueberry
fruitb,qwen2.5:7b,0.0,75,scattergories,blueberry,blueberry
fruitb,qwen2.5:7b,0.0,76,scattergories,blueberry,blueberry
fruitb,qwen2.5:7b,0.0,77,scattergories,blueberry,blueberry
fruitb,qwen2.5:7b,0.0,78,scattergories,blueberry,blueberry
fruitb,qwen2.5:7b,0.0,79,scattergories,blueberry,blueberry
fruitb,qwen2.5:7b,0.0,80,scattergories,blueberry,blueberry
fruitb,qwen2.5:7b,0.0,81,scattergories,blueberry,blueberry
fruitb,qwen2.5:7b,0.0,82,scattergories,blueberry,blueberry
fruitb,qwen2.5:7b,0.0,83,scattergories,blueberry,blueberry
fruitb,qwen2.5:7b,0.0,84,scattergories,blueberry,blueberry
fruitb,qwen2.5:7b,0.0,85,scattergories,blueberry,blueberry
fruitb,qwen2.5:7b,0.0,86,scattergories,blueberry,blueberry
fruitb,qwen2.5:7b,0.0,87,scattergories,blueberry,blueberry
fruitb,qwen2.5:7b,0.0,88,scattergories,blueberry,blueberry
fruitb,qwen2.5:7b,0.0,89,scattergories,blueberry,blueberry
fruitb,qwen2.5:7b,0.0,90,scattergories,blueberry,blueberry
fruitb,qwen2.5:7b,0.0,91,scattergories,blueberry,blueberry
fruitb,qwen2.5:7b,0.0,92,scattergories,blueberry,blueberry
fruitb,qwen2.5:7b,0.0,93,scattergories,blueberry,blueberry
fruitb,qwen2.5:7b,0.0,94,scattergories,blueberry,blueberry
fruitb,qwen2.5:7b,0.0,95,scattergories,blueberry,blueberry
fruitb,qwen2.5:7b,0.0,96,scattergories,blueberry,blueberry
fruitb,qwen2.5:7b,0.0,97,scattergories,blueberry,blueberry
fruitb,qwen2.5:7b,0.0,98,scattergories,blueberry,blueberry
fruitb,qwen2.5:7b,0.0,99,scattergories,blueberry,blueberry
fruitb,qwen2.5:7b,0.0,100,scattergories,blueberry,blueberry
fruitb,qwen2.5:7b,0.0,101,scattergories,blueberry,blueberry
fruitb,qwen2.5:7b,0.0,102,scattergories,blueberry,blueberry
fruitb,qwen2.5:7b,0.0,103,scattergories,blueberry,blueberry
fruitb,qwen2.5:7b,0.0,104,scattergories,blueberry,blueberry
fruitb,qwen2.5:7b,0.0,105,scattergories,blueberry,blueberry
fruitb,qwen2.5:7b,0.0,106,scattergories,blueberry,blueberry
fruitb,qwen2.5:7b,0.0,107,scattergories,blueberry,blueberry
fruitb,qwen2.5:7b,0.0,108,scattergories,blueberry,blueberry
fruitb,qwen2.5:7b,0.0,109,scattergories,blueberry,blueberry
fruitb,qwen2.5:7b,0.0,110,scattergories,blueberry,blueberry
fruitb,qwen2.5:7b,0.0,111,scattergories,blueberry,blueberry
fruitb,qwen2.5:7b,0.0,112,scattergories,blueberry,blueberry
fruitb,qwen2.5:7b,0.0,113,scattergories,blueberry,blueberry
fruitb,qwen2.5:7b,0.0,114,scattergories,blueberry,blueberry
fruitb,qwen2.5:7b,0.0,115,scattergories,blueberry,blueberry
fruitb,qwen2.5:7b,0.0,116,scattergories,blueberry,blueberry
fruitb,qwen2.5:7b,0.0,117,scattergories,blueberry,blueberry
fruitb,qwen2.5:7b,0.0,118,scattergories,blueberry,blueberry
fruitb,qwen2.5:7b,0.0,119,scattergories,blueberry,blueberry
fruitb,qwen2.5:7b,0.0,120,scattergories,blueberry,blueberry
fruitb,qwen2.5:7b,0.0,121,scattergories,blueberry,blueberry
fruitb,qwen2.5:7b,0.0,122,scattergories,blueberry,blueberry
fruitb,qwen2.5:7b,0.0,123,scattergories,blueberry,blueberry
fruitb,qwen2.5:7b,0.0,124,scattergories,blueberry,blueberry
fruitb,qwen2.5:7b,0.0,125,scattergories,blueberry,blueberry
fruitb,qwen2.5:7b,0.0,126,scattergories,blueberry,blueberry
fruitb,qwen2.5:7b,0.0,127,scattergories,blueberry,blueberry
fruitb,qwen2.5:7b,0.0,128,scattergories,blueberry,blueberry
fruitb,qwen2.5:7b,0.0,129,scattergories,blueberry,blueberry
fruitb,qwen2.5:7b,0.0,130,scattergories,blueberry,blueberry
fruitb,qwen2.5:7b,0.0,131,scattergories,blueberry,blueberry
fruitb,qwen2.5:7b,0.0,132,scattergories,blueberry,blueberry
fruitb,qwen2.5:7b,0.0,133,scattergories,blueberry,blueberry
fruitb,qwen2.5:7b,0.0,134,scattergories,blueberry,blueberry
fruitb,qwen2.5:7b,0.0,135,scattergories,blueberry,blueberry
fruitb,qwen2.5:7b,0.0,136,scattergories,blueberry,blueberry
fruitb,qwen2.5:7b,0.0,137,scattergories,blueberry,blueberry
fruitb,qwen2.5:7b,0.0,138,scattergories,blueberry,blueberry
fruitb,qwen2.5:7b,0.0,139,scattergories,blueberry,blueberry
fruitb,qwen2.5:7b,0.0,140,scattergories,blueberry,blueberry
fruitb,qwen2.5:7b,0.0,141,scattergories,blueberry,blueberry
fruitb,qwen2.5:7b,0.0,142,scattergories,blueberry,blueberry
fruitb,qwen2.5:7b,0.0,143,scattergories,blueberry,blueberry
fruitb,qwen2.5:7b,0.0,144,scattergories,blueberry,blueberry
fruitb,qwen2.5:7b,0.0,145,scattergories,blueberry,blueberry
fruitb,qwen2.5:7b,0.0,146,scattergories,blueberry,blueberry
fruitb,qwen2.5:7b,0.0,147,scattergories,blueberry,blueberry
fruitb,qwen2.5:7b,0.0,148,scattergories,blueberry,blueberry
fruitb,qwen2.5:7b,0.0,149,scattergories,blueberry,blueberry
fruitb,qwen2.5:7b,0.0,150,scattergories,blueberry,blueberry
fruitb,qwen2.5:7b,0.0,151,scattergories,blueberry,blueberry
fruitb,qwen2.5:7b,0.0,152,scattergories,blueberry,blueberry
fruitb,qwen2.5:7b,0.0,153,scattergories,blueberry,blueberry
fruitb,qwen2.5:7b,0.0,154,scattergories,blueberry,blueberry
fruitb,qwen2.5:7b,0.0,155,scattergories,blueberry,blueberry
fruitb,qwen2.5:7b,0.0,156,scattergories,blueberry,blueberry
fruitb,qwen2.5:7b,0.0,157,scattergories,blueberry,blueberry
fruitb,qwen2.5:7b,0.0,158,scattergories,blueberry,blueberry
fruitb,qwen2.5:7b,0.0,159,scattergories,blueberry,blueberry
fruitb,qwen2.5:7b,0.0,160,scattergories,blueberry,blueberry
fruitb,qwen2.5:7b,0.0,161,scattergories,blueberry,blueberry
fruitb,qwen2.5:7b,0.0,162,scattergories,blueberry,blueberry
fruitb,qwen2.5:7b,0.0,163,scattergories,blueberry,blueberry
fruitb,qwen2.5:7b,0.0,164,scattergories,blueberry,blueberry
fruitb,qwen2.5:7b,0.0,165,scattergories,blueberry,blueberry
fruitb,qwen2.5:7b,0.0,166,scattergories,blueberry,blueberry
fruitb,qwen2.5:7b,0.0,167,scattergories,blueberry,blueberry
fruitb,qwen2.5:7b,0.0,168,scattergories,blueberry,blueberry
fruitb,qwen2.5:7b,0.0,169,scattergories,blueberry,blueberry
fruitb,qwen2.5:7b,0.0,170,scattergories,blueberry,blueberry
fruitb,qwen2.5:7b,0.0,171,scattergories,blueberry,blueberry
fruitb,qwen2.5:7b,0.0,172,scattergories,blueberry,blueberry
fruitb,qwen2.5:7b,0.0,173,scattergories,blueberry,blueberry
fruitb,qwen2.5:7b,0.0,174,scattergories,blueberry,blueberry
fruitb,qwen2.5:7b,0.0,175,scattergories,blueberry,blueberry
fruitb,qwen2.5:7b,0.0,176,scattergories,blueberry,blueberry
fruitb,qwen2.5:7b,0.0,177,scattergories,blueberry,blueberry
fruitb,qwen2.5:7b,0.0,178,scattergories,blueberry,blueberry
fruitb,qwen2.5:7b,0.0,179,scattergories,blueberry,blueberry
fruitb,qwen2.5:7b,0.0,180,scattergories,blueberry,blueberry
fruitb,qwen2.5:7b,0.0,181,scattergories,blueberry,blueberry
fruitb,qwen2.5:7b,0.0,182,scattergories,blueberry,blueberry
fruitb,qwen2.5:7b,0.0,183,scattergories,blueberry,blueberry
fruitb,qwen2.5:7b,0.0,184,scattergories,blueberry,blueberry
fruitb,qwen2.5:7b,0.0,185,scattergories,blueberry,blueberry
fruitb,qwen2.5:7b,0.0,186,scattergories,blueberry,blueberry
fruitb,qwen2.5:7b,0.0,187,scattergories,blueberry,blueberry
fruitb,qwen2.5:7b,0.0,188,scattergories,blueberry,blueberry
fruitb,qwen2.5:7b,0.0,189,scattergories,blueberry,blueberry
fruitb,qwen2.5:7b,0.0,190,scattergories,blueberry,blueberry
fruitb,qwen2.5:7b,0.0,191,scattergories,blueberry,blueberry
fruitb,qwen2.5:7b,0.0,192,scattergories,blueberry,blueberry
fruitb,qwen2.5:7b,0.0,193,scattergories,blueberry,blueberry
fruitb,qwen2.5:7b,0.0,194,scattergories,blueberry,blueberry
fruitb,qwen2.5:7b,0.0,195,scattergories,blueberry,blueberry
fruitb,qwen2.5:7b,0.0,196,scattergories,blueberry,blueberry
fruitb,qwen2.5:7b,0.0,197,scattergories,blueberry,blueberry
fruitb,qwen2.5:7b,0.0,198,scattergories,blueberry,blueberry
fruitb,qwen2.5:7b,0.0,199,scattergories,blueberry,blueberry
fruitb,qwen2.5:7b,0.0,200,scattergories,blueberry,blueberry
fruitb,qwen2.5:7b,0.0,201,scattergories,blueberry,blueberry
fruitb,qwen2.5:7b,0.0,202,scattergories,blueberry,blueberry
fruitb,qwen2.5:7b,0.0,203,scattergories,blueberry,blueberry
fruitb,qwen2.5:7b,0.0,204,scattergories,blueberry,blueberry
fruitb,qwen2.5:7b,0.0,205,scattergories,blueberry,blueberry
fruitb,qwen2.5:7b,0.0,206,scattergories,blueberry,blueberry
fruitb,qwen2.5:7b,0.0,207,scattergories,blueberry,blueberry
fruitb,qwen2.5:7b,0.0,208,scattergories,blueberry,blueberry
fruitb,qwen2.5:7b,0.0,209,scattergories,blueberry,blueberry
fruitb,qwen2.5:7b,0.0,210,scattergories,blueberry,blueberry
fruitb,qwen2.5:7b,0.0,211,scattergories,blueberry,blueberry
fruitb,qwen2.5:7b,0.0,212,scattergories,blueberry,blueberry
fruitb,qwen2.5:7b,0.0,213,scattergories,blueberry,blueberry
fruitb,qwen2.5:7b,0.0,214,scattergories,blueberry,blueberry
fruitb,qwen2.5:7b,0.0,215,scattergories,blueberry,blueberry
fruitb,qwen2.5:7b,0.0,216,scattergories,blueberry,blueberry
fruitb,qwen2.5:7b,0.0,217,scattergories,blueberry,blueberry
fruitb,qwen2.5:7b,0.0,218,scattergories,blueberry,blueberry
fruitb,qwen2.5:7b,0.0,219,scattergories,blueberry,blueberry
fruitb,qwen2.5:7b,0.0,220,scattergories,blueberry,blueberry
fruitb,qwen2.5:7b,0.0,221,scattergories,blueberry,blueberry
fruitb,qwen2.5:7b,0.0,222,scattergories,blueberry,blueberry
fruitb,qwen2.5:7b,0.0,223,scattergories,blueberry,blueberry
fruitb,qwen2.5:7b,0.0,224,scattergories,blueberry,blueberry
fruitb,qwen2.5:7b,0.0,225,scattergories,blueberry,blueberry
fruitb,qwen2.5:7b,0.0,226,scattergories,blueberry,blueberry
fruitb,qwen2.5:7b,0.0,227,scattergories,blueberry,blueberry
fruitb,qwen2.5:7b,0.0,228,scattergories,blueberry,blueberry
fruitb,qwen2.5:7b,0.0,229,scattergories,blueberry,blueberry
fruitb,qwen2.5:7b,0.0,230,scattergories,blueberry,blueberry
fruitb,qwen2.5:7b,0.0,231,scattergories,blueberry,blueberry
fruitb,qwen2.5:7b,0.0,232,scattergories,blueberry,blueberry
fruitb,qwen2.5:7b,0.0,233,scattergories,blueberry,blueberry
fruitb,qwen2.5:7b,0.0,234,scattergories,blueberry,blueberry
fruitb,qwen2.5:7b,0.0,235,scattergories,blueberry,blueberry
fruitb,qwen2.5:7b,0.0,236,scattergories,blueberry,blueberry
fruitb,qwen2.5:7b,0.0,237,scattergories,blueberry,blueberry
fruitb,qwen2.5:7b,0.0,238,scattergories,blueberry,blueberry
fruitb,qwen2.5:7b,0.0,239,scattergories,blueberry,blueberry
fruitb,qwen2.5:7b,0.0,240,scattergories,blueberry,blueberry
fruitb,qwen2.5:7b,0.0,241,scattergories,blueberry,blueberry
fruitb,qwen2.5:7b,0.0,242,scattergories,blueberry,blueberry
fruitb,qwen2.5:7b,0.0,243,scattergories,blueberry,blueberry
fruitb,qwen2.5:7b,0.0,244,scattergories,blueberry,blueberry
fruitb,qwen2.5:7b,0.0,245,scattergories,blueberry,blueberry
fruitb,qwen2.5:7b,0.0,246,scattergories,blueberry,blueberry
fruitb,qwen2.5:7b,0.0,247,scattergories,blueberry,blueberry
fruitb,qwen2.5:7b,0.0,248,scattergories,blueberry,blueberry
fruitb,qwen2.5:7b,0.0,249,scattergories,blueberry,blueberry
fruitb,qwen2.5:7b,0.0,250,scattergories,blueberry,blueberry
fruitb,qwen2.5:7b,0.0,251,scattergories,blueberry,blueberry
fruitb,qwen2.5:7b,0.0,252,scattergories,blueberry,blueberry
fruitb,qwen2.5:7b,0.0,253,scattergories,blueberry,blueberry
fruitb,qwen2.5:7b,0.0,254,scattergories,blueberry,blueberry
fruitb,qwen2.5:7b,0.0,255,scattergories,blueberry,blueberry
fruitb,qwen2.5:7b,0.0,256,scattergories,blueberry,blueberry
fruitb,qwen2.5:7b,0.0,257,scattergories,blueberry,blueberry
fruitb,qwen2.5:7b,0.0,258,scattergories,blueberry,blueberry
fruitb,qwen2.5:7b,0.0,259,scattergories,blueberry,blueberry
fruitb,qwen2.5:7b,0.0,260,scattergories,blueberry,blueberry
fruitb,qwen2.5:7b,0.0,261,scattergories,blueberry,blueberry
fruitb,qwen2.5:7b,0.0,262,scattergories,blueberry,blueberry
fruitb,qwen2.5:7b,0.0,263,scattergories,blueberry,blueberry
fruitb,qwen2.5:7b,0.0,264,scattergories,blueberry,blueberry
fruitb,qwen2.5:7b,0.0,265,scattergories,blueberry,blueberry
fruitb,qwen2.5:7b,0.0,266,scattergories,blueberry,blueberry
fruitb,qwen2.5:7b,0.0,267,scattergories,blueberry,blueberry
fruitb,qwen2.5:7b,0.0,268,scattergories,blueberry,blueberry
fruitb,qwen2.5:7b,0.0,269,scattergories,blueberry,blueberry
fruitb,qwen2.5:7b,0.0,270,scattergories,blueberry,blueberry
fruitb,qwen2.5:7b,0.0,271,scattergories,blueberry,blueberry
fruitb,qwen2.5:7b,0.0,272,scattergories,blueberry,blueberry
fruitb,qwen2.5:7b,0.0,273,scattergories,blueberry,blueberry
fruitb,qwen2.5:7b,0.0,274,scattergories,blueberry,blueberry
fruitb,qwen2.5:7b,0.0,275,scattergories,blueberry,blueberry
fruitb,qwen2.5:7b,0.0,276,scattergories,blueberry,blueberry
fruitb,qwen2.5:7b,0.0,277,scattergories,blueberry,blueberry
fruitb,qwen2.5:7b,0.0,278,scattergories,blueberry,blueberry
fruitb,qwen2.5:7b,0.0,279,scattergories,blueberry,blueberry
fruitb,qwen2.5:7b,0.0,280,scattergories,blueberry,blueberry
fruitb,qwen2.5:7b,0.0,281,scattergories,blueberry,blueberry
fruitb,qwen2.5:7b,0.0,282,scattergories,blueberry,blueberry
fruitb,qwen2.5:7b,0.0,283,scattergories,blueberry,blueberry
fruitb,qwen2.5:7b,0.0,284,scattergories,blueberry,blueberry
fruitb,qwen2.5:7b,0.0,285,scattergories,blueberry,blueberry
fruitb,qwen2.5:7b,0.0,286,scattergories,blueberry,blueberry
fruitb,qwen2.5:7b,0.0,287,scattergories,blueberry,blueberry
fruitb,qwen2.5:7b,0.0,288,scattergories,blueberry,blueberry
fruitb,qwen2.5:7b,0.0,289,scattergories,blueberry,blueberry
fruitb,qwen2.5:7b,0.0,290,scattergories,blueberry,blueberry
fruitb,qwen2.5:7b,0.0,291,scattergories,blueberry,blueberry
fruitb,qwen2.5:7b,0.0,292,scattergories,blueberry,blueberry
fruitb,qwen2.5:7b,0.0,293,scattergories,blueberry,blueberry
fruitb,qwen2.5:7b,0.0,294,scattergories,blueberry,blueberry
fruitb,qwen2.5:7b,0.0,295,scattergories,blueberry,blueberry
fruitb,qwen2.5:7b,0.0,296,scattergories,blueberry,blueberry
fruitb,qwen2.5:7b,0.0,297,scattergories,blueberry,blueberry
fruitb,qwen2.5:7b,0.0,298,scattergories,blueberry,blueberry
fruitb,qwen2.5:7b,0.0,299,scattergories,blueberry,blueberry
fruitb,qwen2.5:7b,0.0,300,scattergories,blueberry,blueberry
fruitb,qwen2.5:7b,0.0,301,scattergories,blueberry,blueberry
fruitb,qwen2.5:7b,0.0,302,scattergories,blueberry,blueberry
fruitb,qwen2.5:7b,0.0,303,scattergories,blueberry,blueberry
fruitb,qwen2.5:7b,0.0,304,scattergories,blueberry,blueberry
fruitb,qwen2.5:7b,0.0,305,scattergories,blueberry,blueberry
fruitb,qwen2.5:7b,0.0,306,scattergories,blueberry,blueberry
fruitb,qwen2.5:7b,0.0,307,scattergories,blueberry,blueberry
fruitb,qwen2.5:7b,0.0,308,scattergories,blueberry,blueberry
fruitb,qwen2.5:7b,0.0,309,scattergories,blueberry,blueberry
fruitb,qwen2.5:7b,0.0,310,scattergories,blueberry,blueberry
fruitb,qwen2.5:7b,0.0,311,scattergories,blueberry,blueberry
fruitb,qwen2.5:7b,0.0,312,scattergories,blueberry,blueberry
fruitb,qwen2.5:7b,0.0,313,scattergories,blueberry,blueberry
fruitb,qwen2.5:7b,0.0,314,scattergories,blueberry,blueberry
fruitb,qwen2.5:7b,0.0,315,scattergories,blueberry,blueberry
fruitb,qwen2.5:7b,0.0,316,scattergories,blueberry,blueberry
fruitb,qwen2.5:7b,0.0,317,scattergories,blueberry,blueberry
fruitb,qwen2.5:7b,0.0,318,scattergories,blueberry,blueberry
fruitb,qwen2.5:7b,0.0,319,scattergories,blueberry,blueberry
fruitb,qwen2.5:7b,0.0,320,scattergories,blueberry,blueberry
fruitb,qwen2.5:7b,0.0,321,scattergories,blueberry,blueberry
fruitb,qwen2.5:7b,0.0,322,scattergories,blueberry,blueberry
fruitb,qwen2.5:7b,0.0,323,scattergories,blueberry,blueberry
fruitb,qwen2.5:7b,0.0,324,scattergories,blueberry,blueberry
fruitb,qwen2.5:7b,0.0,325,scattergories,blueberry,blueberry
fruitb,qwen2.5:7b,0.0,326,scattergories,blueberry,blueberry
fruitb,qwen2.5:7b,0.0,327,scattergories,blueberry,blueberry
fruitb,qwen2.5:7b,0.0,328,scattergories,blueberry,blueberry
fruitb,qwen2.5:7b,0.0,329,scattergories,blueberry,blueberry
fruitb,qwen2.5:7b,0.0,330,scattergories,blueberry,blueberry
fruitb,qwen2.5:7b,0.0,331,scattergories,blueberry,blueberry
fruitb,qwen2.5:7b,0.0,332,scattergories,blueberry,blueberry
fruitb,qwen2.5:7b,0.0,333,scattergories,blueberry,blueberry
fruitb,qwen2.5:7b,0.0,334,scattergories,blueberry,blueberry
fruitb,qwen2.5:7b,0.0,335,scattergories,blueberry,blueberry
fruitb,qwen2.5:7b,0.0,336,scattergories,blueberry,blueberry
fruitb,qwen2.5:7b,0.0,337,scattergories,blueberry,blueberry
fruitb,qwen2.5:7b,0.0,338,scattergories,blueberry,blueberry
fruitb,qwen2.5:7b,0.0,339,scattergories,blueberry,blueberry
fruitb,qwen2.5:7b,0.0,340,scattergories,blueberry,blueberry
fruitb,qwen2.5:7b,0.0,341,scattergories,blueberry,blueberry
fruitb,qwen2.5:7b,0.0,342,scattergories,blueberry,blueberry
fruitb,qwen2.5:7b,0.0,343,scattergories,blueberry,blueberry
fruitb,qwen2.5:7b,0.0,344,scattergories,blueberry,blueberry
fruitb,qwen2.5:7b,0.0,345,scattergories,blueberry,blueberry
fruitb,qwen2.5:7b,0.0,346,scattergories,blueberry,blueberry
fruitb,qwen2.5:7b,0.0,347,scattergories,blueberry,blueberry
fruitb,qwen2.5:7b,0.0,348,scattergories,blueberry,blueberry
fruitb,qwen2.5:7b,0.0,349,scattergories,blueberry,blueberry
fruitb,qwen2.5:7b,0.0,350,scattergories,blueberry,blueberry
fruitb,qwen2.5:7b,0.0,351,scattergories,blueberry,blueberry
fruitb,qwen2.5:7b,0.0,352,scattergories,blueberry,blueberry
fruitb,qwen2.5:7b,0.0,353,scattergories,blueberry,blueberry
fruitb,qwen2.5:7b,0.0,354,scattergories,blueberry,blueberry
fruitb,qwen2.5:7b,0.0,355,scattergories,blueberry,blueberry
fruitb,qwen2.5:7b,0.0,356,scattergories,blueberry,blueberry
fruitb,qwen2.5:7b,0.0,357,scattergories,blueberry,blueberry
fruitb,qwen2.5:7b,0.0,358,scattergories,blueberry,blueberry
fruitb,qwen2.5:7b,0.0,359,scattergories,blueberry,blueberry
fruitb,qwen2.5:7b,0.0,360,scattergories,blueberry,blueberry
fruitb,qwen2.5:7b,0.0,361,scattergories,blueberry,blueberry
fruitb,qwen2.5:7b,0.0,362,scattergories,blueberry,blueberry
fruitb,qwen2.5:7b,0.0,363,scattergories,blueberry,blueberry
fruitb,qwen2.5:7b,0.0,364,scattergories,blueberry,blueberry
fruitb,qwen2.5:7b,0.0,365,scattergories,blueberry,blueberry
fruitb,qwen2.5:7b,0.0,366,scattergories,blueberry,blueberry
fruitb,qwen2.5:7b,0.0,367,scattergories,blueberry,blueberry
fruitb,qwen2.5:7b,0.0,368,scattergories,blueberry,blueberry
fruitb,qwen2.5:7b,0.0,369,scattergories,blueberry,blueberry
fruitb,qwen2.5:7b,0.0,370,scattergories,blueberry,blueberry
fruitb,qwen2.5:7b,0.0,371,scattergories,blueberry,blueberry
fruitb,qwen2.5:7b,0.0,372,scattergories,blueberry,blueberry
fruitb,qwen2.5:7b,0.0,373,scattergories,blueberry,blueberry
fruitb,qwen2.5:7b,0.0,374,scattergories,blueberry,blueberry
fruitb,qwen2.5:7b,0.0,375,scattergories,blueberry,blueberry
fruitb,qwen2.5:7b,0.0,376,scattergories,blueberry,blueberry
fruitb,qwen2.5:7b,0.0,377,scattergories,blueberry,blueberry
fruitb,qwen2.5:7b,0.0,378,scattergories,blueberry,blueberry
fruitb,qwen2.5:7b,0.0,379,scattergories,blueberry,blueberry
fruitb,qwen2.5:7b,0.0,380,scattergories,blueberry,blueberry
fruitb,qwen2.5:7b,0.0,381,scattergories,blueberry,blueberry
fruitb,qwen2.5:7b,0.0,382,scattergories,blueberry,blueberry
fruitb,qwen2.5:7b,0.0,383,scattergories,blueberry,blueberry
fruitb,qwen2.5:7b,0.0,384,scattergories,blueberry,blueberry
fruitb,qwen2.5:7b,0.0,385,scattergories,blueberry,blueberry
fruitb,qwen2.5:7b,0.0,386,scattergories,blueberry,blueberry
fruitb,qwen2.5:7b,0.0,387,scattergories,blueberry,blueberry
fruitb,qwen2.5:7b,0.0,388,scattergories,blueberry,blueberry
fruitb,qwen2.5:7b,0.0,389,scattergories,blueberry,blueberry
fruitb,qwen2.5:7b,0.0,390,scattergories,blueberry,blueberry
fruitb,qwen2.5:7b,0.0,391,scattergories,blueberry,blueberry
fruitb,qwen2.5:7b,0.0,392,scattergories,blueberry,blueberry
fruitb,qwen2.5:7b,0.0,393,scattergories,blueberry,blueberry
fruitb,qwen2.5:7b,0.0,394,scattergories,blueberry,blueberry
fruitb,qwen2.5:7b,0.0,395,scattergories,blueberry,blueberry
fruitb,qwen2.5:7b,0.0,396,scattergories,blueberry,blueberry
fruitb,qwen2.5:7b,0.0,397,scattergories,blueberry,blueberry
fruitb,qwen2.5:7b,0.0,398,scattergories,blueberry,blueberry
fruitb,qwen2.5:7b,0.0,399,scattergories,blueberry,blueberry
fruitb,qwen2.5:7b,0.0,400,scattergories,blueberry,blueberry
fruitb,qwen2.5:7b,0.0,401,scattergories,blueberry,blueberry
fruitb,qwen2.5:7b,0.0,402,scattergories,blueberry,blueberry
fruitb,qwen2.5:7b,0.0,403,scattergories,blueberry,blueberry
fruitb,qwen2.5:7b,0.0,404,scattergories,blueberry,blueberry
fruitb,qwen2.5:7b,0.0,405,scattergories,blueberry,blueberry
fruitb,qwen2.5:7b,0.0,406,scattergories,blueberry,blueberry
fruitb,qwen2.5:7b,0.0,407,scattergories,blueberry,blueberry
fruitb,qwen2.5:7b,0.0,408,scattergories,blueberry,blueberry
fruitb,qwen2.5:7b,0.0,409,scattergories,blueberry,blueberry
fruitb,qwen2.5:7b,0.0,410,scattergories,blueberry,blueberry
fruitb,qwen2.5:7b,0.0,411,scattergories,blueberry,blueberry
fruitb,qwen2.5:7b,0.0,412,scattergories,blueberry,blueberry
fruitb,qwen2.5:7b,0.0,413,scattergories,blueberry,blueberry
fruitb,qwen2.5:7b,0.0,414,scattergories,blueberry,blueberry
fruitb,qwen2.5:7b,0.0,415,scattergories,blueberry,blueberry
fruitb,qwen2.5:7b,0.0,416,scattergories,blueberry,blueberry
fruitb,qwen2.5:7b,0.0,417,scattergories,blueberry,blueberry
fruitb,qwen2.5:7b,0.0,418,scattergories,blueberry,blueberry
fruitb,qwen2.5:7b,0.0,419,scattergories,blueberry,blueberry
fruitb,qwen2.5:7b,0.0,420,scattergories,blueberry,blueberry
fruitb,qwen2.5:7b,0.0,421,scattergories,blueberry,blueberry
fruitb,qwen2.5:7b,0.0,422,scattergories,blueberry,blueberry
fruitb,qwen2.5:7b,0.0,423,scattergories,blueberry,blueberry
fruitb,qwen2.5:7b,0.0,424,scattergories,blueberry,blueberry
fruitb,qwen2.5:7b,0.0,425,scattergories,blueberry,blueberry
fruitb,qwen2.5:7b,0.0,426,scattergories,blueberry,blueberry
fruitb,qwen2.5:7b,0.0,427,scattergories,blueberry,blueberry
fruitb,qwen2.5:7b,0.0,428,scattergories,blueberry,blueberry
fruitb,qwen2.5:7b,0.0,429,scattergories,blueberry,blueberry
fruitb,qwen2.5:7b,0.0,430,scattergories,blueberry,blueberry
fruitb,qwen2.5:7b,0.0,431,scattergories,blueberry,blueberry
fruitb,qwen2.5:7b,0.0,432,scattergories,blueberry,blueberry
fruitb,qwen2.5:7b,0.0,433,scattergories,blueberry,blueberry
fruitb,qwen2.5:7b,0.0,434,scattergories,blueberry,blueberry
fruitb,qwen2.5:7b,0.0,435,scattergories,blueberry,blueberry
fruitb,qwen2.5:7b,0.0,436,scattergories,blueberry,blueberry
fruitb,qwen2.5:7b,0.0,437,scattergories,blueberry,blueberry
fruitb,qwen2.5:7b,0.0,438,scattergories,blueberry,blueberry
fruitb,qwen2.5:7b,0.0,439,scattergories,blueberry,blueberry
fruitb,qwen2.5:7b,0.0,440,scattergories,blueberry,blueberry
fruitb,qwen2.5:7b,0.0,441,scattergories,blueberry,blueberry
fruitb,qwen2.5:7b,0.0,442,scattergories,blueberry,blueberry
fruitb,qwen2.5:7b,0.0,443,scattergories,blueberry,blueberry
fruitb,qwen2.5:7b,0.0,444,scattergories,blueberry,blueberry
fruitb,qwen2.5:7b,0.0,445,scattergories,blueberry,blueberry
fruitb,qwen2.5:7b,0.0,446,scattergories,blueberry,blueberry
fruitb,qwen2.5:7b,0.0,447,scattergories,blueberry,blueberry
fruitb,qwen2.5:7b,0.0,448,scattergories,blueberry,blueberry
fruitb,qwen2.5:7b,0.0,449,scattergories,blueberry,blueberry
fruitb,qwen2.5:7b,0.0,450,scattergories,blueberry,blueberry
fruitb,qwen2.5:7b,0.0,451,scattergories,blueberry,blueberry
fruitb,qwen2.5:7b,0.0,452,scattergories,blueberry,blueberry
fruitb,qwen2.5:7b,0.0,453,scattergories,blueberry,blueberry
fruitb,qwen2.5:7b,0.0,454,scattergories,blueberry,blueberry
fruitb,qwen2.5:7b,0.0,455,scattergories,blueberry,blueberry
fruitb,qwen2.5:7b,0.0,456,scattergories,blueberry,blueberry
fruitb,qwen2.5:7b,0.0,457,scattergories,blueberry,blueberry
fruitb,qwen2.5:7b,0.0,458,scattergories,blueberry,blueberry
fruitb,qwen2.5:7b,0.0,459,scattergories,blueberry,blueberry
fruitb,qwen2.5:7b,0.0,460,scattergories,blueberry,blueberry
fruitb,qwen2.5:7b,0.0,461,scattergories,blueberry,blueberry
fruitb,qwen2.5:7b,0.0,462,scattergories,blueberry,blueberry
fruitb,qwen2.5:7b,0.0,463,scattergories,blueberry,blueberry
fruitb,qwen2.5:7b,0.0,464,scattergories,blueberry,blueberry
fruitb,qwen2.5:7b,0.0,465,scattergories,blueberry,blueberry
fruitb,qwen2.5:7b,0.0,466,scattergories,blueberry,blueberry
fruitb,qwen2.5:7b,0.0,467,scattergories,blueberry,blueberry
fruitb,qwen2.5:7b,0.0,468,scattergories,blueberry,blueberry
fruitb,qwen2.5:7b,0.0,469,scattergories,blueberry,blueberry
fruitb,qwen2.5:7b,0.0,470,scattergories,blueberry,blueberry
fruitb,qwen2.5:7b,0.0,471,scattergories,blueberry,blueberry
fruitb,qwen2.5:7b,0.0,472,scattergories,blueberry,blueberry
fruitb,qwen2.5:7b,0.0,473,scattergories,blueberry,blueberry
fruitb,qwen2.5:7b,0.0,474,scattergories,blueberry,blueberry
fruitb,qwen2.5:7b,0.0,475,scattergories,blueberry,blueberry
fruitb,qwen2.5:7b,0.0,476,scattergories,blueberry,blueberry
fruitb,qwen2.5:7b,0.0,477,scattergories,blueberry,blueberry
fruitb,qwen2.5:7b,0.0,478,scattergories,blueberry,blueberry
fruitb,qwen2.5:7b,0.0,479,scattergories,blueberry,blueberry
fruitb,qwen2.5:7b,0.0,480,scattergories,blueberry,blueberry
fruitb,qwen2.5:7b,0.0,481,scattergories,blueberry,blueberry
fruitb,qwen2.5:7b,0.0,482,scattergories,blueberry,blueberry
fruitb,qwen2.5:7b,0.0,483,scattergories,blueberry,blueberry
fruitb,qwen2.5:7b,0.0,484,scattergories,blueberry,blueberry
fruitb,qwen2.5:7b,0.0,485,scattergories,blueberry,blueberry
fruitb,qwen2.5:7b,0.0,486,scattergories,blueberry,blueberry
fruitb,qwen2.5:7b,0.0,487,scattergories,blueberry,blueberry
fruitb,qwen2.5:7b,0.0,488,scattergories,blueberry,blueberry
fruitb,qwen2.5:7b,0.0,489,scattergories,blueberry,blueberry
fruitb,qwen2.5:7b,0.0,490,scattergories,blueberry,blueberry
fruitb,qwen2.5:7b,0.0,491,scattergories,blueberry,blueberry
fruitb,qwen2.5:7b,0.0,492,scattergories,blueberry,blueberry
fruitb,qwen2.5:7b,0.0,493,scattergories,blueberry,blueberry
fruitb,qwen2.5:7b,0.0,494,scattergories,blueberry,blueberry
fruitb,qwen2.5:7b,0.0,495,scattergories,blueberry,blueberry
fruitb,qwen2.5:7b,0.0,496,scattergories,blueberry,blueberry
fruitb,qwen2.5:7b,0.0,497,scattergories,blueberry,blueberry
fruitb,qwen2.5:7b,0.0,498,scattergories,blueberry,blueberry
fruitb,qwen2.5:7b,0.0,499,scattergories,blueberry,blueberry
fruitb,qwen2.5:7b,0.5,0,scattergories,banana,banana
fruitb,qwen2.5:7b,0.5,1,scattergories,blueberry,blueberry
fruitb,qwen2.5:7b,0.5,2,scattergories,blueberry,blueberry
fruitb,qwen2.5:7b,0.5,3,scattergories,blueberry,blueberry
fruitb,qwen2.5:7b,0.5,4,scattergories,blueberry,blueberry
fruitb,qwen2.5:7b,0.5,5,scattergories,blueberry,blueberry
fruitb,qwen2.5:7b,0.5,6,scattergories,banana,banana
fruitb,qwen2.5:7b,0.5,7,scattergories,blueberry,blueberry
fruitb,qwen2.5:7b,0.5,8,scattergories,blueberry,blueberry
fruitb,qwen2.5:7b,0.5,9,scattergories,blueberry,blueberry
fruitb,qwen2.5:7b,0.5,10,scattergories,blueberry,blueberry
fruitb,qwen2.5:7b,0.5,11,scattergories,blueberry,blueberry
fruitb,qwen2.5:7b,0.5,12,scattergories,blueberry,blueberry
fruitb,qwen2.5:7b,0.5,13,scattergories,blueberry,blueberry
fruitb,qwen2.5:7b,0.5,14,scattergories,blueberry,blueberry
fruitb,qwen2.5:7b,0.5,15,scattergories,blueberry,blueberry
fruitb,qwen2.5:7b,0.5,16,scattergories,blueberry,blueberry
fruitb,qwen2.5:7b,0.5,17,scattergories,banana,banana
fruitb,qwen2.5:7b,0.5,18,scattergories,blueberry,blueberry
fruitb,qwen2.5:7b,0.5,19,scattergories,blueberry,blueberry
fruitb,qwen2.5:7b,0.5,20,scattergories,blueberry,blueberry
fruitb,qwen2.5:7b,0.5,21,scattergories,blueberry,blueberry
fruitb,qwen2.5:7b,0.5,22,scattergories,blueberry,blueberry
fruitb,qwen2.5:7b,0.5,23,scattergories,blueberry,blueberry
fruitb,qwen2.5:7b,0.5,24,scattergories,blueberry,blueberry
fruitb,qwen2.5:7b,0.5,25,scattergories,blueberry,blueberry
fruitb,qwen2.5:7b,0.5,26,scattergories,blueberry,blueberry
fruitb,qwen2.5:7b,0.5,27,scattergories,blueberry,blueberry
fruitb,qwen2.5:7b,0.5,28,scattergories,blueberry,blueberry
fruitb,qwen2.5:7b,0.5,29,scattergories,blueberry,blueberry
fruitb,qwen2.5:7b,0.5,30,scattergories,blueberry,blueberry
fruitb,qwen2.5:7b,0.5,31,scattergories,blueberry,blueberry
fruitb,qwen2.5:7b,0.5,32,scattergories,banana,banana
fruitb,qwen2.5:7b,0.5,33,scattergories,blueberry,blueberry
fruitb,qwen2.5:7b,0.5,34,scattergories,blueberry,blueberry
fruitb,qwen2.5:7b,0.5,35,scattergories,blueberry,blueberry
fruitb,qwen2.5:7b,0.5,36,scattergories,blueberry,blueberry
fruitb,qwen2.5:7b,0.5,37,scattergories,blueberry,blueberry
fruitb,qwen2.5:7b,0.5,38,scattergories,blueberry,blueberry
fruitb,qwen2.5:7b,0.5,39,scattergories,blueberry,blueberry
fruitb,qwen2.5:7b,0.5,40,scattergories,blueberry,blueberry
fruitb,qwen2.5:7b,0.5,41,scattergories,blueberry,blueberry
fruitb,qwen2.5:7b,0.5,42,scattergories,blueberry,blueberry
fruitb,qwen2.5:7b,0.5,43,scattergories,blueberry,blueberry
fruitb,qwen2.5:7b,0.5,44,scattergories,blueberry,blueberry
fruitb,qwen2.5:7b,0.5,45,scattergories,blueberry,blueberry
fruitb,qwen2.5:7b,0.5,46,scattergories,blueberry,blueberry
fruitb,qwen2.5:7b,0.5,47,scattergories,blueberry,blueberry
fruitb,qwen2.5:7b,0.5,48,scattergories,blueberry,blueberry
fruitb,qwen2.5:7b,0.5,49,scattergories,blueberry,blueberry
fruitb,qwen2.5:7b,0.5,50,scattergories,blueberry,blueberry
fruitb,qwen2.5:7b,0.5,51,scattergories,blueberry,blueberry
fruitb,qwen2.5:7b,0.5,52,scattergories,blueberry,blueberry
fruitb,qwen2.5:7b,0.5,53,scattergories,blueberry,blueberry
fruitb,qwen2.5:7b,0.5,54,scattergories,blueberry,blueberry
fruitb,qwen2.5:7b,0.5,55,scattergories,blueberry,blueberry
fruitb,qwen2.5:7b,0.5,56,scattergories,blueberry,blueberry
fruitb,qwen2.5:7b,0.5,57,scattergories,blueberry,blueberry
fruitb,qwen2.5:7b,0.5,58,scattergories,blueberry,blueberry
fruitb,qwen2.5:7b,0.5,59,scattergories,banana,banana
fruitb,qwen2.5:7b,0.5,60,scattergories,blueberry,blueberry
fruitb,qwen2.5:7b,0.5,61,scattergories,blueberry,blueberry
fruitb,qwen2.5:7b,0.5,62,scattergories,blueberry,blueberry
fruitb,qwen2.5:7b,0.5,63,scattergories,blueberry,blueberry
fruitb,qwen2.5:7b,0.5,64,scattergories,blueberry,blueberry
fruitb,qwen2.5:7b,0.5,65,scattergories,blueberry,blueberry
fruitb,qwen2.5:7b,0.5,66,scattergories,blueberry,blueberry
fruitb,qwen2.5:7b,0.5,67,scattergories,blueberry,blueberry
fruitb,qwen2.5:7b,0.5,68,scattergories,blueberry,blueberry
fruitb,qwen2.5:7b,0.5,69,scattergories,blueberry,blueberry
fruitb,qwen2.5:7b,0.5,70,scattergories,blueberry,blueberry
fruitb,qwen2.5:7b,0.5,71,scattergories,blueberry,blueberry
fruitb,qwen2.5:7b,0.5,72,scattergories,blueberry,blueberry
fruitb,qwen2.5:7b,0.5,73,scattergories,blueberry,blueberry
fruitb,qwen2.5:7b,0.5,74,scattergories,blueberry,blueberry
fruitb,qwen2.5:7b,0.5,75,scattergories,blueberry,blueberry
fruitb,qwen2.5:7b,0.5,76,scattergories,blueberry,blueberry
fruitb,qwen2.5:7b,0.5,77,scattergories,blueberry,blueberry
fruitb,qwen2.5:7b,0.5,78,scattergories,blueberry,blueberry
fruitb,qwen2.5:7b,0.5,79,scattergories,blueberry,blueberry
fruitb,qwen2.5:7b,0.5,80,scattergories,blueberry,blueberry
fruitb,qwen2.5:7b,0.5,81,scattergories,blueberry,blueberry
fruitb,qwen2.5:7b,0.5,82,scattergories,blueberry,blueberry
fruitb,qwen2.5:7b,0.5,83,scattergories,blueberry,blueberry
fruitb,qwen2.5:7b,0.5,84,scattergories,blueberry,blueberry
fruitb,qwen2.5:7b,0.5,85,scattergories,blueberry,blueberry
fruitb,qwen2.5:7b,0.5,86,scattergories,banana,banana
fruitb,qwen2.5:7b,0.5,87,scattergories,blueberry,blueberry
fruitb,qwen2.5:7b,0.5,88,scattergories,blueberry,blueberry
fruitb,qwen2.5:7b,0.5,89,scattergories,blueberry,blueberry
fruitb,qwen2.5:7b,0.5,90,scattergories,banana,banana
fruitb,qwen2.5:7b,0.5,91,scattergories,blueberry,blueberry
fruitb,qwen2.5:7b,0.5,92,scattergories,blueberry,blueberry
fruitb,qwen2.5:7b,0.5,93,scattergories,blueberry,blueberry
fruitb,qwen2.5:7b,0.5,94,scattergories,blueberry,blueberry
fruitb,qwen2.5:7b,0.5,95,scattergories,blueberry,blueberry
fruitb,qwen2.5:7b,0.5,96,scattergories,berry,berry
fruitb,qwen2.5:7b,0.5,97,scattergories,blueberry,blueberry
fruitb,qwen2.5:7b,0.5,98,scattergories,blueberry,blueberry
fruitb,qwen2.5:7b,0.5,99,scattergories,blueberry,blueberry
fruitb,qwen2.5:7b,0.5,100,scattergories,blueberry,blueberry
fruitb,qwen2.5:7b,0.5,101,scattergories,blueberry,blueberry
fruitb,qwen2.5:7b,0.5,102,scattergories,blueberry,blueberry
fruitb,qwen2.5:7b,0.5,103,scattergories,blueberry,blueberry
fruitb,qwen2.5:7b,0.5,104,scattergories,blueberry,blueberry
fruitb,qwen2.5:7b,0.5,105,scattergories,blueberry,blueberry
fruitb,qwen2.5:7b,0.5,106,scattergories,blueberry,blueberry
fruitb,qwen2.5:7b,0.5,107,scattergories,banana,banana
fruitb,qwen2.5:7b,0.5,108,scattergories,blueberry,blueberry
fruitb,qwen2.5:7b,0.5,109,scattergories,blueberry,blueberry
fruitb,qwen2.5:7b,0.5,110,scattergories,banana,banana
fruitb,qwen2.5:7b,0.5,111,scattergories,blueberry,blueberry
fruitb,qwen2.5:7b,0.5,112,scattergories,blueberry,blueberry
fruitb,qwen2.5:7b,0.5,113,scattergories,blueberry,blueberry
fruitb,qwen2.5:7b,0.5,114,scattergories,banana,banana
fruitb,qwen2.5:7b,0.5,115,scattergories,blueberry,blueberry
fruitb,qwen2.5:7b,0.5,116,scattergories,blueberry,blueberry
fruitb,qwen2.5:7b,0.5,117,scattergories,blueberry,blueberry
fruitb,qwen2.5:7b,0.5,118,scattergories,blueberry,blueberry
fruitb,qwen2.5:7b,0.5,119,scattergories,banana,banana
fruitb,qwen2.5:7b,0.5,120,scattergories,blueberry,blueberry
fruitb,qwen2.5:7b,0.5,121,scattergories,blueberry,blueberry
fruitb,qwen2.5:7b,0.5,122,scattergories,blueberry,blueberry
fruitb,qwen2.5:7b,0.5,123,scattergories,blueberry,blueberry
fruitb,qwen2.5:7b,0.5,124,scattergories,blueberry,blueberry
fruitb,qwen2.5:7b,0.5,125,scattergories,blueberry,blueberry
fruitb,qwen2.5:7b,0.5,126,scattergories,blueberry,blueberry
fruitb,qwen2.5:7b,0.5,127,scattergories,blueberry,blueberry
fruitb,qwen2.5:7b,0.5,128,scattergories,blueberry,blueberry
fruitb,qwen2.5:7b,0.5,129,scattergories,banana,banana
fruitb,qwen2.5:7b,0.5,130,scattergories,blueberry,blueberry
fruitb,qwen2.5:7b,0.5,131,scattergories,blueberry,blueberry
fruitb,qwen2.5:7b,0.5,132,scattergories,blueberry,blueberry
fruitb,qwen2.5:7b,0.5,133,scattergories,blueberry,blueberry
fruitb,qwen2.5:7b,0.5,134,scattergories,blueberry,blueberry
fruitb,qwen2.5:7b,0.5,135,scattergories,blueberry,blueberry
fruitb,qwen2.5:7b,0.5,136,scattergories,blueberry,blueberry
fruitb,qwen2.5:7b,0.5,137,scattergories,banana,banana
fruitb,qwen2.5:7b,0.5,138,scattergories,banana,banana
fruitb,qwen2.5:7b,0.5,139,scattergories,blueberry,blueberry
fruitb,qwen2.5:7b,0.5,140,scattergories,banana,banana
fruitb,qwen2.5:7b,0.5,141,scattergories,blueberry,blueberry
fruitb,qwen2.5:7b,0.5,142,scattergories,blueberry,blueberry
fruitb,qwen2.5:7b,0.5,143,scattergories,banana,banana
fruitb,qwen2.5:7b,0.5,144,scattergories,blueberry,blueberry
fruitb,qwen2.5:7b,0.5,145,scattergories,blueberry,blueberry
fruitb,qwen2.5:7b,0.5,146,scattergories,blueberry,blueberry
fruitb,qwen2.5:7b,0.5,147,scattergories,blueberry,blueberry
fruitb,qwen2.5:7b,0.5,148,scattergories,banana,banana
fruitb,qwen2.5:7b,0.5,149,scattergories,blueberry,blueberry
fruitb,qwen2.5:7b,0.5,150,scattergories,banana,banana
fruitb,qwen2.5:7b,0.5,151,scattergories,blueberry,blueberry
fruitb,qwen2.5:7b,0.5,152,scattergories,blueberry,blueberry
fruitb,qwen2.5:7b,0.5,153,scattergories,blueberry,blueberry
fruitb,qwen2.5:7b,0.5,154,scattergories,blueberry,blueberry
fruitb,qwen2.5:7b,0.5,155,scattergories,blueberry,blueberry
fruitb,qwen2.5:7b,0.5,156,scattergories,blueberry,blueberry
fruitb,qwen2.5:7b,0.5,157,scattergories,blueberry,blueberry
fruitb,qwen2.5:7b,0.5,158,scattergories,blueberry,blueberry
fruitb,qwen2.5:7b,0.5,159,scattergories,blueberry,blueberry
fruitb,qwen2.5:7b,0.5,160,scattergories,blueberry,blueberry
fruitb,qwen2.5:7b,0.5,161,scattergories,banana,banana
fruitb,qwen2.5:7b,0.5,162,scattergories,blueberry,blueberry
fruitb,qwen2.5:7b,0.5,163,scattergories,blueberry,blueberry
fruitb,qwen2.5:7b,0.5,164,scattergories,blueberry,blueberry
fruitb,qwen2.5:7b,0.5,165,scattergories,blueberry,blueberry
fruitb,qwen2.5:7b,0.5,166,scattergories,blueberry,blueberry
fruitb,qwen2.5:7b,0.5,167,scattergories,banana,banana
fruitb,qwen2.5:7b,0.5,168,scattergories,blueberry,blueberry
fruitb,qwen2.5:7b,0.5,169,scattergories,blueberry,blueberry
fruitb,qwen2.5:7b,0.5,170,scattergories,banana,banana
fruitb,qwen2.5:7b,0.5,171,scattergories,blueberry,blueberry
fruitb,qwen2.5:7b,0.5,172,scattergories,blueberry,blueberry
fruitb,qwen2.5:7b,0.5,173,scattergories,blueberry,blueberry
fruitb,qwen2.5:7b,0.5,174,scattergories,blueberry,blueberry
fruitb,qwen2.5:7b,0.5,175,scattergories,blueberry,blueberry
fruitb,qwen2.5:7b,0.5,176,scattergories,blueberry,blueberry
fruitb,qwen2.5:7b,0.5,177,scattergories,blueberry,blueberry
fruitb,qwen2.5:7b,0.5,178,scattergories,blueberry,blueberry
fruitb,qwen2.5:7b,0.5,179,scattergories,blueberry,blueberry
fruitb,qwen2.5:7b,0.5,180,scattergories,blueberry,blueberry
fruitb,qwen2.5:7b,0.5,181,scattergories,blueberry,blueberry
fruitb,qwen2.5:7b,0.5,182,scattergories,blueberry,blueberry
fruitb,qwen2.5:7b,0.5,183,scattergories,blueberry,blueberry
fruitb,qwen2.5:7b,0.5,184,scattergories,blueberry,blueberry
fruitb,qwen2.5:7b,0.5,185,scattergories,banana,banana
fruitb,qwen2.5:7b,0.5,186,scattergories,blueberry,blueberry
fruitb,qwen2.5:7b,0.5,187,scattergories,blueberry,blueberry
fruitb,qwen2.5:7b,0.5,188,scattergories,blueberry,blueberry
fruitb,qwen2.5:7b,0.5,189,scattergories,blueberry,blueberry
fruitb,qwen2.5:7b,0.5,190,scattergories,blueberry,blueberry
fruitb,qwen2.5:7b,0.5,191,scattergories,blueberry,blueberry
fruitb,qwen2.5:7b,0.5,192,scattergories,blueberry,blueberry
fruitb,qwen2.5:7b,0.5,193,scattergories,blueberry,blueberry
fruitb,qwen2.5:7b,0.5,194,scattergories,blueberry,blueberry
fruitb,qwen2.5:7b,0.5,195,scattergories,blueberry,blueberry
fruitb,qwen2.5:7b,0.5,196,scattergories,blueberry,blueberry
fruitb,qwen2.5:7b,0.5,197,scattergories,blueberry,blueberry
fruitb,qwen2.5:7b,0.5,198,scattergories,blueberry,blueberry
fruitb,qwen2.5:7b,0.5,199,scattergories,blueberry,blueberry
fruitb,qwen2.5:7b,0.5,200,scattergories,blueberry,blueberry
fruitb,qwen2.5:7b,0.5,201,scattergories,blueberry,blueberry
fruitb,qwen2.5:7b,0.5,202,scattergories,blueberry,blueberry
fruitb,qwen2.5:7b,0.5,203,scattergories,blueberry,blueberry
fruitb,qwen2.5:7b,0.5,204,scattergories,blueberry,blueberry
fruitb,qwen2.5:7b,0.5,205,scattergories,blueberry,blueberry
fruitb,qwen2.5:7b,0.5,206,scattergories,banana,banana
fruitb,qwen2.5:7b,0.5,207,scattergories,blueberry,blueberry
fruitb,qwen2.5:7b,0.5,208,scattergories,blueberry,blueberry
fruitb,qwen2.5:7b,0.5,209,scattergories,blueberry,blueberry
fruitb,qwen2.5:7b,0.5,210,scattergories,blueberry,blueberry
fruitb,qwen2.5:7b,0.5,211,scattergories,blueberry,blueberry
fruitb,qwen2.5:7b,0.5,212,scattergories,blueberry,blueberry
fruitb,qwen2.5:7b,0.5,213,scattergories,blueberry,blueberry
fruitb,qwen2.5:7b,0.5,214,scattergories,blueberry,blueberry
fruitb,qwen2.5:7b,0.5,215,scattergories,blueberry,blueberry
fruitb,qwen2.5:7b,0.5,216,scattergories,blueberry,blueberry
fruitb,qwen2.5:7b,0.5,217,scattergories,blueberry,blueberry
fruitb,qwen2.5:7b,0.5,218,scattergories,blueberry,blueberry
fruitb,qwen2.5:7b,0.5,219,scattergories,blueberry,blueberry
fruitb,qwen2.5:7b,0.5,220,scattergories,blueberry,blueberry
fruitb,qwen2.5:7b,0.5,221,scattergories,banana,banana
fruitb,qwen2.5:7b,0.5,222,scattergories,blueberry,blueberry
fruitb,qwen2.5:7b,0.5,223,scattergories,blueberry,blueberry
fruitb,qwen2.5:7b,0.5,224,scattergories,blueberry,blueberry
fruitb,qwen2.5:7b,0.5,225,scattergories,blueberry,blueberry
fruitb,qwen2.5:7b,0.5,226,scattergories,blueberry,blueberry
fruitb,qwen2.5:7b,0.5,227,scattergories,blueberry,blueberry
fruitb,qwen2.5:7b,0.5,228,scattergories,blueberry,blueberry
fruitb,qwen2.5:7b,0.5,229,scattergories,blueberry,blueberry
fruitb,qwen2.5:7b,0.5,230,scattergories,blueberry,blueberry
fruitb,qwen2.5:7b,0.5,231,scattergories,blueberry,blueberry
fruitb,qwen2.5:7b,0.5,232,scattergories,blueberry,blueberry
fruitb,qwen2.5:7b,0.5,233,scattergories,blueberry,blueberry
fruitb,qwen2.5:7b,0.5,234,scattergories,blueberry,blueberry
fruitb,qwen2.5:7b,0.5,235,scattergories,blueberry,blueberry
fruitb,qwen2.5:7b,0.5,236,scattergories,blueberry,blueberry
fruitb,qwen2.5:7b,0.5,237,scattergories,blueberry,blueberry
fruitb,qwen2.5:7b,0.5,238,scattergories,blueberry,blueberry
fruitb,qwen2.5:7b,0.5,239,scattergories,blueberry,blueberry
fruitb,qwen2.5:7b,0.5,240,scattergories,blueberry,blueberry
fruitb,qwen2.5:7b,0.5,241,scattergories,blueberry,blueberry
fruitb,qwen2.5:7b,0.5,242,scattergories,blueberry,blueberry
fruitb,qwen2.5:7b,0.5,243,scattergories,blueberry,blueberry
fruitb,qwen2.5:7b,0.5,244,scattergories,blueberry,blueberry
fruitb,qwen2.5:7b,0.5,245,scattergories,blueberry,blueberry
fruitb,qwen2.5:7b,0.5,246,scattergories,blueberry,blueberry
fruitb,qwen2.5:7b,0.5,247,scattergories,banana,banana
fruitb,qwen2.5:7b,0.5,248,scattergories,blueberry,blueberry
fruitb,qwen2.5:7b,0.5,249,scattergories,blueberry,blueberry
fruitb,qwen2.5:7b,0.5,250,scattergories,blueberry,blueberry
fruitb,qwen2.5:7b,0.5,251,scattergories,blueberry,blueberry
fruitb,qwen2.5:7b,0.5,252,scattergories,blueberry,blueberry
fruitb,qwen2.5:7b,0.5,253,scattergories,blueberry,blueberry
fruitb,qwen2.5:7b,0.5,254,scattergories,blueberry,blueberry
fruitb,qwen2.5:7b,0.5,255,scattergories,blueberry,blueberry
fruitb,qwen2.5:7b,0.5,256,scattergories,blueberry,blueberry
fruitb,qwen2.5:7b,0.5,257,scattergories,blueberry,blueberry
fruitb,qwen2.5:7b,0.5,258,scattergories,blueberry,blueberry
fruitb,qwen2.5:7b,0.5,259,scattergories,blueberry,blueberry
fruitb,qwen2.5:7b,0.5,260,scattergories,blueberry,blueberry
fruitb,qwen2.5:7b,0.5,261,scattergories,blueberry,blueberry
fruitb,qwen2.5:7b,0.5,262,scattergories,blueberry,blueberry
fruitb,qwen2.5:7b,0.5,263,scattergories,blueberry,blueberry
fruitb,qwen2.5:7b,0.5,264,scattergories,blueberry,blueberry
fruitb,qwen2.5:7b,0.5,265,scattergories,blueberry,blueberry
fruitb,qwen2.5:7b,0.5,266,scattergories,blueberry,blueberry
fruitb,qwen2.5:7b,0.5,267,scattergories,banana,banana
fruitb,qwen2.5:7b,0.5,268,scattergories,blueberry,blueberry
fruitb,qwen2.5:7b,0.5,269,scattergories,blueberry,blueberry
fruitb,qwen2.5:7b,0.5,270,scattergories,blueberry,blueberry
fruitb,qwen2.5:7b,0.5,271,scattergories,blueberry,blueberry
fruitb,qwen2.5:7b,0.5,272,scattergories,blueberry,blueberry
fruitb,qwen2.5:7b,0.5,273,scattergories,banana,banana
fruitb,qwen2.5:7b,0.5,274,scattergories,banana,banana
fruitb,qwen2.5:7b,0.5,275,scattergories,banana,banana
fruitb,qwen2.5:7b,0.5,276,scattergories,blueberry,blueberry
fruitb,qwen2.5:7b,0.5,277,scattergories,blueberry,blueberry
fruitb,qwen2.5:7b,0.5,278,scattergories,blueberry,blueberry
fruitb,qwen2.5:7b,0.5,279,scattergories,blueberry,blueberry
fruitb,qwen2.5:7b,0.5,280,scattergories,blueberry,blueberry
fruitb,qwen2.5:7b,0.5,281,scattergories,blueberry,blueberry
fruitb,qwen2.5:7b,0.5,282,scattergories,blueberry,blueberry
fruitb,qwen2.5:7b,0.5,283,scattergories,blueberry,blueberry
fruitb,qwen2.5:7b,0.5,284,scattergories,blueberry,blueberry
fruitb,qwen2.5:7b,0.5,285,scattergories,blueberry,blueberry
fruitb,qwen2.5:7b,0.5,286,scattergories,blueberry,blueberry
fruitb,qwen2.5:7b,0.5,287,scattergories,blueberry,blueberry
fruitb,qwen2.5:7b,0.5,288,scattergories,blueberry,blueberry
fruitb,qwen2.5:7b,0.5,289,scattergories,banana,banana
fruitb,qwen2.5:7b,0.5,290,scattergories,banana,banana
fruitb,qwen2.5:7b,0.5,291,scattergories,blueberry,blueberry
fruitb,qwen2.5:7b,0.5,292,scattergories,blueberry,blueberry
fruitb,qwen2.5:7b,0.5,293,scattergories,blueberry,blueberry
fruitb,qwen2.5:7b,0.5,294,scattergories,blueberry,blueberry
fruitb,qwen2.5:7b,0.5,295,scattergories,blueberry,blueberry
fruitb,qwen2.5:7b,0.5,296,scattergories,blueberry,blueberry
fruitb,qwen2.5:7b,0.5,297,scattergories,blueberry,blueberry
fruitb,qwen2.5:7b,0.5,298,scattergories,blueberry,blueberry
fruitb,qwen2.5:7b,0.5,299,scattergories,blueberry,blueberry
fruitb,qwen2.5:7b,0.5,300,scattergories,blueberry,blueberry
fruitb,qwen2.5:7b,0.5,301,scattergories,blueberry,blueberry
fruitb,qwen2.5:7b,0.5,302,scattergories,blueberry,blueberry
fruitb,qwen2.5:7b,0.5,303,scattergories,blueberry,blueberry
fruitb,qwen2.5:7b,0.5,304,scattergories,blueberry,blueberry
fruitb,qwen2.5:7b,0.5,305,scattergories,blueberry,blueberry
fruitb,qwen2.5:7b,0.5,306,scattergories,blueberry,blueberry
fruitb,qwen2.5:7b,0.5,307,scattergories,blueberry,blueberry
fruitb,qwen2.5:7b,0.5,308,scattergories,blueberry,blueberry
fruitb,qwen2.5:7b,0.5,309,scattergories,blueberry,blueberry
fruitb,qwen2.5:7b,0.5,310,scattergories,blueberry,blueberry
fruitb,qwen2.5:7b,0.5,311,scattergories,blueberry,blueberry
fruitb,qwen2.5:7b,0.5,312,scattergories,blueberry,blueberry
fruitb,qwen2.5:7b,0.5,313,scattergories,blueberry,blueberry
fruitb,qwen2.5:7b,0.5,314,scattergories,blueberry,blueberry
fruitb,qwen2.5:7b,0.5,315,scattergories,blueberry,blueberry
fruitb,qwen2.5:7b,0.5,316,scattergories,blueberry,blueberry
fruitb,qwen2.5:7b,0.5,317,scattergories,blueberry,blueberry
fruitb,qwen2.5:7b,0.5,318,scattergories,blueberry,blueberry
fruitb,qwen2.5:7b,0.5,319,scattergories,blueberry,blueberry
fruitb,qwen2.5:7b,0.5,320,scattergories,blueberry,blueberry
fruitb,qwen2.5:7b,0.5,321,scattergories,blueberry,blueberry
fruitb,qwen2.5:7b,0.5,322,scattergories,banana,banana
fruitb,qwen2.5:7b,0.5,323,scattergories,blueberry,blueberry
fruitb,qwen2.5:7b,0.5,324,scattergories,blueberry,blueberry
fruitb,qwen2.5:7b,0.5,325,scattergories,blueberry,blueberry
fruitb,qwen2.5:7b,0.5,326,scattergories,blueberry,blueberry
fruitb,qwen2.5:7b,0.5,327,scattergories,blueberry,blueberry
fruitb,qwen2.5:7b,0.5,328,scattergories,blueberry,blueberry
fruitb,qwen2.5:7b,0.5,329,scattergories,blueberry,blueberry
fruitb,qwen2.5:7b,0.5,330,scattergories,banana,banana
fruitb,qwen2.5:7b,0.5,331,scattergories,banana,banana
fruitb,qwen2.5:7b,0.5,332,scattergories,blueberry,blueberry
fruitb,qwen2.5:7b,0.5,333,scattergories,blueberry,blueberry
fruitb,qwen2.5:7b,0.5,334,scattergories,blueberry,blueberry
fruitb,qwen2.5:7b,0.5,335,scattergories,blueberry,blueberry
fruitb,qwen2.5:7b,0.5,336,scattergories,blueberry,blueberry
fruitb,qwen2.5:7b,0.5,337,scattergories,blueberry,blueberry
fruitb,qwen2.5:7b,0.5,338,scattergories,blueberry,blueberry
fruitb,qwen2.5:7b,0.5,339,scattergories,blueberry,blueberry
fruitb,qwen2.5:7b,0.5,340,scattergories,blueberry,blueberry
fruitb,qwen2.5:7b,0.5,341,scattergories,blueberry,blueberry
fruitb,qwen2.5:7b,0.5,342,scattergories,blueberry,blueberry
fruitb,qwen2.5:7b,0.5,343,scattergories,blueberry,blueberry
fruitb,qwen2.5:7b,0.5,344,scattergories,blueberry,blueberry
fruitb,qwen2.5:7b,0.5,345,scattergories,blueberry,blueberry
fruitb,qwen2.5:7b,0.5,346,scattergories,blueberry,blueberry
fruitb,qwen2.5:7b,0.5,347,scattergories,blueberry,blueberry
fruitb,qwen2.5:7b,0.5,348,scattergories,blueberry,blueberry
fruitb,qwen2.5:7b,0.5,349,scattergories,banana,banana
fruitb,qwen2.5:7b,0.5,350,scattergories,blueberry,blueberry
fruitb,qwen2.5:7b,0.5,351,scattergories,blueberry,blueberry
fruitb,qwen2.5:7b,0.5,352,scattergories,blueberry,blueberry
fruitb,qwen2.5:7b,0.5,353,scattergories,blueberry,blueberry
fruitb,qwen2.5:7b,0.5,354,scattergories,blueberry,blueberry
fruitb,qwen2.5:7b,0.5,355,scattergories,blueberry,blueberry
fruitb,qwen2.5:7b,0.5,356,scattergories,blueberry,blueberry
fruitb,qwen2.5:7b,0.5,357,scattergories,blueberry,blueberry
fruitb,qwen2.5:7b,0.5,358,scattergories,blueberry,blueberry
fruitb,qwen2.5:7b,0.5,359,scattergories,blueberry,blueberry
fruitb,qwen2.5:7b,0.5,360,scattergories,blueberry,blueberry
fruitb,qwen2.5:7b,0.5,361,scattergories,blueberry,blueberry
fruitb,qwen2.5:7b,0.5,362,scattergories,banana,banana
fruitb,qwen2.5:7b,0.5,363,scattergories,berry,berry
fruitb,qwen2.5:7b,0.5,364,scattergories,blueberry,blueberry
fruitb,qwen2.5:7b,0.5,365,scattergories,blueberry,blueberry
fruitb,qwen2.5:7b,0.5,366,scattergories,blueberry,blueberry
fruitb,qwen2.5:7b,0.5,367,scattergories,blueberry,blueberry
fruitb,qwen2.5:7b,0.5,368,scattergories,blueberry,blueberry
fruitb,qwen2.5:7b,0.5,369,scattergories,banana,banana
fruitb,qwen2.5:7b,0.5,370,scattergories,blueberry,blueberry
fruitb,qwen2.5:7b,0.5,371,scattergories,banana,banana
fruitb,qwen2.5:7b,0.5,372,scattergories,banana,banana
fruitb,qwen2.5:7b,0.5,373,scattergories,blueberry,blueberry
fruitb,qwen2.5:7b,0.5,374,scattergories,blueberry,blueberry
fruitb,qwen2.5:7b,0.5,375,scattergories,blueberry,blueberry
fruitb,qwen2.5:7b,0.5,376,scattergories,blueberry,blueberry
fruitb,qwen2.5:7b,0.5,377,scattergories,blueberry,blueberry
fruitb,qwen2.5:7b,0.5,378,scattergories,blueberry,blueberry
fruitb,qwen2.5:7b,0.5,379,scattergories,blueberry,blueberry
fruitb,qwen2.5:7b,0.5,380,scattergories,banana,banana
fruitb,qwen2.5:7b,0.5,381,scattergories,blueberry,blueberry
fruitb,qwen2.5:7b,0.5,382,scattergories,blueberry,blueberry
fruitb,qwen2.5:7b,0.5,383,scattergories,blueberry,blueberry
fruitb,qwen2.5:7b,0.5,384,scattergories,blueberry,blueberry
fruitb,qwen2.5:7b,0.5,385,scattergories,blueberry,blueberry
fruitb,qwen2.5:7b,0.5,386,scattergories,blueberry,blueberry
fruitb,qwen2.5:7b,0.5,387,scattergories,blueberry,blueberry
fruitb,qwen2.5:7b,0.5,388,scattergories,blueberry,blueberry
fruitb,qwen2.5:7b,0.5,389,scattergories,blueberry,blueberry
fruitb,qwen2.5:7b,0.5,390,scattergories,blueberry,blueberry
fruitb,qwen2.5:7b,0.5,391,scattergories,blueberry,blueberry
fruitb,qwen2.5:7b,0.5,392,scattergories,blueberry,blueberry
fruitb,qwen2.5:7b,0.5,393,scattergories,blueberry,blueberry
fruitb,qwen2.5:7b,0.5,394,scattergories,blueberry,blueberry
fruitb,qwen2.5:7b,0.5,395,scattergories,blueberry,blueberry
fruitb,qwen2.5:7b,0.5,396,scattergories,blueberry,blueberry
fruitb,qwen2.5:7b,0.5,397,scattergories,blueberry,blueberry
fruitb,qwen2.5:7b,0.5,398,scattergories,blueberry,blueberry
fruitb,qwen2.5:7b,0.5,399,scattergories,blueberry,blueberry
fruitb,qwen2.5:7b,0.5,400,scattergories,blueberry,blueberry
fruitb,qwen2.5:7b,0.5,401,scattergories,blueberry,blueberry
fruitb,qwen2.5:7b,0.5,402,scattergories,blueberry,blueberry
fruitb,qwen2.5:7b,0.5,403,scattergories,blueberry,blueberry
fruitb,qwen2.5:7b,0.5,404,scattergories,blueberry,blueberry
fruitb,qwen2.5:7b,0.5,405,scattergories,blueberry,blueberry
fruitb,qwen2.5:7b,0.5,406,scattergories,blueberry,blueberry
fruitb,qwen2.5:7b,0.5,407,scattergories,blueberry,blueberry
fruitb,qwen2.5:7b,0.5,408,scattergories,blueberry,blueberry
fruitb,qwen2.5:7b,0.5,409,scattergories,blueberry,blueberry
fruitb,qwen2.5:7b,0.5,410,scattergories,blueberry,blueberry
fruitb,qwen2.5:7b,0.5,411,scattergories,blueberry,blueberry
fruitb,qwen2.5:7b,0.5,412,scattergories,blueberry,blueberry
fruitb,qwen2.5:7b,0.5,413,scattergories,blueberry,blueberry
fruitb,qwen2.5:7b,0.5,414,scattergories,blueberry,blueberry
fruitb,qwen2.5:7b,0.5,415,scattergories,banana,banana
fruitb,qwen2.5:7b,0.5,416,scattergories,blueberry,blueberry
fruitb,qwen2.5:7b,0.5,417,scattergories,blueberry,blueberry
fruitb,qwen2.5:7b,0.5,418,scattergories,blueberry,blueberry
fruitb,qwen2.5:7b,0.5,419,scattergories,blueberry,blueberry
fruitb,qwen2.5:7b,0.5,420,scattergories,blueberry,blueberry
fruitb,qwen2.5:7b,0.5,421,scattergories,blueberry,blueberry
fruitb,qwen2.5:7b,0.5,422,scattergories,blueberry,blueberry
fruitb,qwen2.5:7b,0.5,423,scattergories,blueberry,blueberry
fruitb,qwen2.5:7b,0.5,424,scattergories,blueberry,blueberry
fruitb,qwen2.5:7b,0.5,425,scattergories,blueberry,blueberry
fruitb,qwen2.5:7b,0.5,426,scattergories,blueberry,blueberry
fruitb,qwen2.5:7b,0.5,427,scattergories,blueberry,blueberry
fruitb,qwen2.5:7b,0.5,428,scattergories,blueberry,blueberry
fruitb,qwen2.5:7b,0.5,429,scattergories,blueberry,blueberry
fruitb,qwen2.5:7b,0.5,430,scattergories,blueberry,blueberry
fruitb,qwen2.5:7b,0.5,431,scattergories,blueberry,blueberry
fruitb,qwen2.5:7b,0.5,432,scattergories,blueberry,blueberry
fruitb,qwen2.5:7b,0.5,433,scattergories,blueberry,blueberry
fruitb,qwen2.5:7b,0.5,434,scattergories,blueberry,blueberry
fruitb,qwen2.5:7b,0.5,435,scattergories,blueberry,blueberry
fruitb,qwen2.5:7b,0.5,436,scattergories,blueberry,blueberry
fruitb,qwen2.5:7b,0.5,437,scattergories,blueberry,blueberry
fruitb,qwen2.5:7b,0.5,438,scattergories,blueberry,blueberry
fruitb,qwen2.5:7b,0.5,439,scattergories,blueberry,blueberry
fruitb,qwen2.5:7b,0.5,440,scattergories,blueberry,blueberry
fruitb,qwen2.5:7b,0.5,441,scattergories,blueberry,blueberry
fruitb,qwen2.5:7b,0.5,442,scattergories,blueberry,blueberry
fruitb,qwen2.5:7b,0.5,443,scattergories,banana,banana
fruitb,qwen2.5:7b,0.5,444,scattergories,blueberry,blueberry
fruitb,qwen2.5:7b,0.5,445,scattergories,blueberry,blueberry
fruitb,qwen2.5:7b,0.5,446,scattergories,banana,banana
fruitb,qwen2.5:7b,0.5,447,scattergories,blueberry,blueberry
fruitb,qwen2.5:7b,0.5,448,scattergories,blueberry,blueberry
fruitb,qwen2.5:7b,0.5,449,scattergories,blueberry,blueberry
fruitb,qwen2.5:7b,0.5,450,scattergories,blueberry,blueberry
fruitb,qwen2.5:7b,0.5,451,scattergories,blueberry,blueberry
fruitb,qwen2.5:7b,0.5,452,scattergories,blueberry,blueberry
fruitb,qwen2.5:7b,0.5,453,scattergories,blueberry,blueberry
fruitb,qwen2.5:7b,0.5,454,scattergories,blueberry,blueberry
fruitb,qwen2.5:7b,0.5,455,scattergories,blueberry,blueberry
fruitb,qwen2.5:7b,0.5,456,scattergories,blueberry,blueberry
fruitb,qwen2.5:7b,0.5,457,scattergories,blueberry,blueberry
fruitb,qwen2.5:7b,0.5,458,scattergories,blueberry,blueberry
fruitb,qwen2.5:7b,0.5,459,scattergories,banana,banana
fruitb,qwen2.5:7b,0.5,460,scattergories,blueberry,blueberry
fruitb,qwen2.5:7b,0.5,461,scattergories,blueberry,blueberry
fruitb,qwen2.5:7b,0.5,462,scattergories,banana,banana
fruitb,qwen2.5:7b,0.5,463,scattergories,blueberry,blueberry
fruitb,qwen2.5:7b,0.5,464,scattergories,blueberry,blueberry
fruitb,qwen2.5:7b,0.5,465,scattergories,blueberry,blueberry
fruitb,qwen2.5:7b,0.5,466,scattergories,blueberry,blueberry
fruitb,qwen2.5:7b,0.5,467,scattergories,blueberry,blueberry
fruitb,qwen2.5:7b,0.5,468,scattergories,blueberry,blueberry
fruitb,qwen2.5:7b,0.5,469,scattergories,blueberry,blueberry
fruitb,qwen2.5:7b,0.5,470,scattergories,blueberry,blueberry
fruitb,qwen2.5:7b,0.5,471,scattergories,blueberry,blueberry
fruitb,qwen2.5:7b,0.5,472,scattergories,banana,banana
fruitb,qwen2.5:7b,0.5,473,scattergories,banana,banana
fruitb,qwen2.5:7b,0.5,474,scattergories,blueberry,blueberry
fruitb,qwen2.5:7b,0.5,475,scattergories,blueberry,blueberry
fruitb,qwen2.5:7b,0.5,476,scattergories,banana,banana
fruitb,qwen2.5:7b,0.5,477,scattergories,blueberry,blueberry
fruitb,qwen2.5:7b,0.5,478,scattergories,blueberry,blueberry
fruitb,qwen2.5:7b,0.5,479,scattergories,blueberry,blueberry
fruitb,qwen2.5:7b,0.5,480,scattergories,banana,banana
fruitb,qwen2.5:7b,0.5,481,scattergories,blueberry,blueberry
fruitb,qwen2.5:7b,0.5,482,scattergories,blueberry,blueberry
fruitb,qwen2.5:7b,0.5,483,scattergories,blueberry,blueberry
fruitb,qwen2.5:7b,0.5,484,scattergories,blueberry,blueberry
fruitb,qwen2.5:7b,0.5,485,scattergories,blueberry,blueberry
fruitb,qwen2.5:7b,0.5,486,scattergories,blueberry,blueberry
fruitb,qwen2.5:7b,0.5,487,scattergories,blueberry,blueberry
fruitb,qwen2.5:7b,0.5,488,scattergories,blueberry,blueberry
fruitb,qwen2.5:7b,0.5,489,scattergories,blueberry,blueberry
fruitb,qwen2.5:7b,0.5,490,scattergories,blueberry,blueberry
fruitb,qwen2.5:7b,0.5,491,scattergories,blueberry,blueberry
fruitb,qwen2.5:7b,0.5,492,scattergories,blueberry,blueberry
fruitb,qwen2.5:7b,0.5,493,scattergories,blueberry,blueberry
fruitb,qwen2.5:7b,0.5,494,scattergories,banana,banana
fruitb,qwen2.5:7b,0.5,495,scattergories,blueberry,blueberry
fruitb,qwen2.5:7b,0.5,496,scattergories,blueberry,blueberry
fruitb,qwen2.5:7b,0.5,497,scattergories,blueberry,blueberry
fruitb,qwen2.5:7b,0.5,498,scattergories,blueberry,blueberry
fruitb,qwen2.5:7b,0.5,499,scattergories,blueberry,blueberry
fruitb,qwen2.5:7b,1.0,0,scattergories,blueberry,blueberry
fruitb,qwen2.5:7b,1.0,1,scattergories,blueberry,blueberry
fruitb,qwen2.5:7b,1.0,2,scattergories,blueberry,blueberry
fruitb,qwen2.5:7b,1.0,3,scattergories,banana,banana
fruitb,qwen2.5:7b,1.0,4,scattergories,blueberry,blueberry
fruitb,qwen2.5:7b,1.0,5,scattergories,blueberry,blueberry
fruitb,qwen2.5:7b,1.0,6,scattergories,blueberry,blueberry
fruitb,qwen2.5:7b,1.0,7,scattergories,banana,banana
fruitb,qwen2.5:7b,1.0,8,scattergories,banana,banana
fruitb,qwen2.5:7b,1.0,9,scattergories,blueberry,blueberry
fruitb,qwen2.5:7b,1.0,10,scattergories,blueberry,blueberry
fruitb,qwen2.5:7b,1.0,11,scattergories,blueberry,blueberry
fruitb,qwen2.5:7b,1.0,12,scattergories,blueberry,blueberry
fruitb,qwen2.5:7b,1.0,13,scattergories,blueberry,blueberry
fruitb,qwen2.5:7b,1.0,14,scattergories,blueberry,blueberry
fruitb,qwen2.5:7b,1.0,15,scattergories,blueberry,blueberry
fruitb,qwen2.5:7b,1.0,16,scattergories,blueberry,blueberry
fruitb,qwen2.5:7b,1.0,17,scattergories,berry,berry
fruitb,qwen2.5:7b,1.0,18,scattergories,banana,banana
fruitb,qwen2.5:7b,1.0,19,scattergories,blueberry,blueberry
fruitb,qwen2.5:7b,1.0,20,scattergories,blueberry,blueberry
fruitb,qwen2.5:7b,1.0,21,scattergories,blueberry,blueberry
fruitb,qwen2.5:7b,1.0,22,scattergories,blueberry,blueberry
fruitb,qwen2.5:7b,1.0,23,scattergories,banana,banana
fruitb,qwen2.5:7b,1.0,24,scattergories,blueberry,blueberry
fruitb,qwen2.5:7b,1.0,25,scattergories,banana,banana
fruitb,qwen2.5:7b,1.0,26,scattergories,blueberry,blueberry
fruitb,qwen2.5:7b,1.0,27,scattergories,blueberry,blueberry
fruitb,qwen2.5:7b,1.0,28,scattergories,blueberry,blueberry
fruitb,qwen2.5:7b,1.0,29,scattergories,blueberry,blueberry
fruitb,qwen2.5:7b,1.0,30,scattergories,banana,banana
fruitb,qwen2.5:7b,1.0,31,scattergories,blueberry,blueberry
fruitb,qwen2.5:7b,1.0,32,scattergories,berry,berry
fruitb,qwen2.5:7b,1.0,33,scattergories,blueberry,blueberry
fruitb,qwen2.5:7b,1.0,34,scattergories,blueberry,blueberry
fruitb,qwen2.5:7b,1.0,35,scattergories,blueberry,blueberry
fruitb,qwen2.5:7b,1.0,36,scattergories,blueberry,blueberry
fruitb,qwen2.5:7b,1.0,37,scattergories,berry,berry
fruitb,qwen2.5:7b,1.0,38,scattergories,blueberry,blueberry
fruitb,qwen2.5:7b,1.0,39,scattergories,berry,berry
fruitb,qwen2.5:7b,1.0,40,scattergories,banana,banana
fruitb,qwen2.5:7b,1.0,41,scattergories,banana,banana
fruitb,qwen2.5:7b,1.0,42,scattergories,banana,banana
fruitb,qwen2.5:7b,1.0,43,scattergories,banana,banana
fruitb,qwen2.5:7b,1.0,44,scattergories,blueberry,blueberry
fruitb,qwen2.5:7b,1.0,45,scattergories,blueberry,blueberry
fruitb,qwen2.5:7b,1.0,46,scattergories,banana,banana
fruitb,qwen2.5:7b,1.0,47,scattergories,blueberry,blueberry
fruitb,qwen2.5:7b,1.0,48,scattergories,blueberry,blueberry
fruitb,qwen2.5:7b,1.0,49,scattergories,blueberry,blueberry
fruitb,qwen2.5:7b,1.0,50,scattergories,blueberry,blueberry
fruitb,qwen2.5:7b,1.0,51,scattergories,banana,banana
fruitb,qwen2.5:7b,1.0,52,scattergories,banana,banana
fruitb,qwen2.5:7b,1.0,53,scattergories,blueberry,blueberry
fruitb,qwen2.5:7b,1.0,54,scattergories,blueberry,blueberry
fruitb,qwen2.5:7b,1.0,55,scattergories,banana,banana
fruitb,qwen2.5:7b,1.0,56,scattergories,blueberry,blueberry
fruitb,qwen2.5:7b,1.0,57,scattergories,blueberry,blueberry
fruitb,qwen2.5:7b,1.0,58,scattergories,blueberry,blueberry
fruitb,qwen2.5:7b,1.0,59,scattergories,blueberry,blueberry
fruitb,qwen2.5:7b,1.0,60,scattergories,blueberry,blueberry
fruitb,qwen2.5:7b,1.0,61,scattergories,blueberry,blueberry
fruitb,qwen2.5:7b,1.0,62,scattergories,blueberry,blueberry
fruitb,qwen2.5:7b,1.0,63,scattergories,berry,berry
fruitb,qwen2.5:7b,1.0,64,scattergories,blueberry,blueberry
fruitb,qwen2.5:7b,1.0,65,scattergories,blueberry,blueberry
fruitb,qwen2.5:7b,1.0,66,scattergories,blueberry,blueberry
fruitb,qwen2.5:7b,1.0,67,scattergories,blueberry,blueberry
fruitb,qwen2.5:7b,1.0,68,scattergories,berry,berry
fruitb,qwen2.5:7b,1.0,69,scattergories,blueberry,blueberry
fruitb,qwen2.5:7b,1.0,70,scattergories,blueberry,blueberry
fruitb,qwen2.5:7b,1.0,71,scattergories,blueberry,blueberry
fruitb,qwen2.5:7b,1.0,72,scattergories,banana,banana
fruitb,qwen2.5:7b,1.0,73,scattergories,blueberry,blueberry
fruitb,qwen2.5:7b,1.0,74,scattergories,blueberry,blueberry
fruitb,qwen2.5:7b,1.0,75,scattergories,blueberry,blueberry
fruitb,qwen2.5:7b,1.0,76,scattergories,blueberry,blueberry
fruitb,qwen2.5:7b,1.0,77,scattergories,banana,banana
fruitb,qwen2.5:7b,1.0,78,scattergories,blueberry,blueberry
fruitb,qwen2.5:7b,1.0,79,scattergories,banana,banana
fruitb,qwen2.5:7b,1.0,80,scattergories,blueberry,blueberry
fruitb,qwen2.5:7b,1.0,81,scattergories,blueberry,blueberry
fruitb,qwen2.5:7b,1.0,82,scattergories,banana,banana
fruitb,qwen2.5:7b,1.0,83,scattergories,blueberry,blueberry
fruitb,qwen2.5:7b,1.0,84,scattergories,blueberry,blueberry
fruitb,qwen2.5:7b,1.0,85,scattergories,blueberry,blueberry
fruitb,qwen2.5:7b,1.0,86,scattergories,blueberry,blueberry
fruitb,qwen2.5:7b,1.0,87,scattergories,berry,berry
fruitb,qwen2.5:7b,1.0,88,scattergories,blueberry,blueberry
fruitb,qwen2.5:7b,1.0,89,scattergories,banana,banana
fruitb,qwen2.5:7b,1.0,90,scattergories,banana,banana
fruitb,qwen2.5:7b,1.0,91,scattergories,banana,banana
fruitb,qwen2.5:7b,1.0,92,scattergories,blueberry,blueberry
fruitb,qwen2.5:7b,1.0,93,scattergories,blueberry,blueberry
fruitb,qwen2.5:7b,1.0,94,scattergories,banana,banana
fruitb,qwen2.5:7b,1.0,95,scattergories,blueberry,blueberry
fruitb,qwen2.5:7b,1.0,96,scattergories,berry,berry
fruitb,qwen2.5:7b,1.0,97,scattergories,banana,banana
fruitb,qwen2.5:7b,1.0,98,scattergories,blueberry,blueberry
fruitb,qwen2.5:7b,1.0,99,scattergories,banana,banana
fruitb,qwen2.5:7b,1.0,100,scattergories,blueberry,blueberry
fruitb,qwen2.5:7b,1.0,101,scattergories,blueberry,blueberry
fruitb,qwen2.5:7b,1.0,102,scattergories,blueberry,blueberry
fruitb,qwen2.5:7b,1.0,103,scattergories,blueberry,blueberry
fruitb,qwen2.5:7b,1.0,104,scattergories,blueberry,blueberry
fruitb,qwen2.5:7b,1.0,105,scattergories,blueberry,blueberry
fruitb,qwen2.5:7b,1.0,106,scattergories,blueberry,blueberry
fruitb,qwen2.5:7b,1.0,107,scattergories,blueberry,blueberry
fruitb,qwen2.5:7b,1.0,108,scattergories,blueberry,blueberry
fruitb,qwen2.5:7b,1.0,109,scattergories,banana,banana
fruitb,qwen2.5:7b,1.0,110,scattergories,blueberry,blueberry
fruitb,qwen2.5:7b,1.0,111,scattergories,blueberry,blueberry
fruitb,qwen2.5:7b,1.0,112,scattergories,blueberry,blueberry
fruitb,qwen2.5:7b,1.0,113,scattergories,blueberry,blueberry
fruitb,qwen2.5:7b,1.0,114,scattergories,berry,berry
fruitb,qwen2.5:7b,1.0,115,scattergories,blueberry,blueberry
fruitb,qwen2.5:7b,1.0,116,scattergories,berry,berry
fruitb,qwen2.5:7b,1.0,117,scattergories,blueberry,blueberry
fruitb,qwen2.5:7b,1.0,118,scattergories,berry,berry
fruitb,qwen2.5:7b,1.0,119,scattergories,banana,banana
fruitb,qwen2.5:7b,1.0,120,scattergories,blueberry,blueberry
fruitb,qwen2.5:7b,1.0,121,scattergories,blueberry,blueberry
fruitb,qwen2.5:7b,1.0,122,scattergories,blueberry,blueberry
fruitb,qwen2.5:7b,1.0,123,scattergories,blueberry,blueberry
fruitb,qwen2.5:7b,1.0,124,scattergories,blueberry,blueberry
fruitb,qwen2.5:7b,1.0,125,scattergories,banana,banana
fruitb,qwen2.5:7b,1.0,126,scattergories,blueberry,blueberry
fruitb,qwen2.5:7b,1.0,127,scattergories,blueberry,blueberry
fruitb,qwen2.5:7b,1.0,128,scattergories,blueberry,blueberry
fruitb,qwen2.5:7b,1.0,129,scattergories,blueberry,blueberry
fruitb,qwen2.5:7b,1.0,130,scattergories,blueberry,blueberry
fruitb,qwen2.5:7b,1.0,131,scattergories,banana,banana
fruitb,qwen2.5:7b,1.0,132,scattergories,blueberry,blueberry
fruitb,qwen2.5:7b,1.0,133,scattergories,blueberry,blueberry
fruitb,qwen2.5:7b,1.0,134,scattergories,blueberry,blueberry
fruitb,qwen2.5:7b,1.0,135,scattergories,blueberry,blueberry
fruitb,qwen2.5:7b,1.0,136,scattergories,blueberry,blueberry
fruitb,qwen2.5:7b,1.0,137,scattergories,blueberry,blueberry
fruitb,qwen2.5:7b,1.0,138,scattergories,blueberry,blueberry
fruitb,qwen2.5:7b,1.0,139,scattergories,blueberry,blueberry
fruitb,qwen2.5:7b,1.0,140,scattergories,blueberry,blueberry
fruitb,qwen2.5:7b,1.0,141,scattergories,blueberry,blueberry
fruitb,qwen2.5:7b,1.0,142,scattergories,blueberry,blueberry
fruitb,qwen2.5:7b,1.0,143,scattergories,blueberry,blueberry
fruitb,qwen2.5:7b,1.0,144,scattergories,banana,banana
fruitb,qwen2.5:7b,1.0,145,scattergories,blueberry,blueberry
fruitb,qwen2.5:7b,1.0,146,scattergories,blueberry,blueberry
fruitb,qwen2.5:7b,1.0,147,scattergories,berry,berry
fruitb,qwen2.5:7b,1.0,148,scattergories,berry,berry
fruitb,qwen2.5:7b,1.0,149,scattergories,berry,berry
fruitb,qwen2.5:7b,1.0,150,scattergories,blueberry,blueberry
fruitb,qwen2.5:7b,1.0,151,scattergories,berry,berry
fruitb,qwen2.5:7b,1.0,152,scattergories,blueberry,blueberry
fruitb,qwen2.5:7b,1.0,153,scattergories,banana,banana
fruitb,qwen2.5:7b,1.0,154,scattergories,berry,berry
fruitb,qwen2.5:7b,1.0,155,scattergories,blueberry,blueberry
fruitb,qwen2.5:7b,1.0,156,scattergories,blueberry,blueberry
fruitb,qwen2.5:7b,1.0,157,scattergories,berry,berry
fruitb,qwen2.5:7b,1.0,158,scattergories,blueberry,blueberry
fruitb,qwen2.5:7b,1.0,159,scattergories,blueberry,blueberry
fruitb,qwen2.5:7b,1.0,160,scattergories,blueberry,blueberry
fruitb,qwen2.5:7b,1.0,161,scattergories,blueberry,blueberry
fruitb,qwen2.5:7b,1.0,162,scattergories,banana,banana
fruitb,qwen2.5:7b,1.0,163,scattergories,blueberry,blueberry
fruitb,qwen2.5:7b,1.0,164,scattergories,berry,berry
fruitb,qwen2.5:7b,1.0,165,scattergories,blueberry,blueberry
fruitb,qwen2.5:7b,1.0,166,scattergories,blueberry,blueberry
fruitb,qwen2.5:7b,1.0,167,scattergories,banana,banana
fruitb,qwen2.5:7b,1.0,168,scattergories,banana,banana
fruitb,qwen2.5:7b,1.0,169,scattergories,blueberry,blueberry
fruitb,qwen2.5:7b,1.0,170,scattergories,banana,banana
fruitb,qwen2.5:7b,1.0,171,scattergories,banana,banana
fruitb,qwen2.5:7b,1.0,172,scattergories,banana,banana
fruitb,qwen2.5:7b,1.0,173,scattergories,banana,banana
fruitb,qwen2.5:7b,1.0,174,scattergories,blueberry,blueberry
fruitb,qwen2.5:7b,1.0,175,scattergories,berry,berry
fruitb,qwen2.5:7b,1.0,176,scattergories,blueberry,blueberry
fruitb,qwen2.5:7b,1.0,177,scattergories,berry,berry
fruitb,qwen2.5:7b,1.0,178,scattergories,blueberry,blueberry
fruitb,qwen2.5:7b,1.0,179,scattergories,blueberry,blueberry
fruitb,qwen2.5:7b,1.0,180,scattergories,blueberry,blueberry
fruitb,qwen2.5:7b,1.0,181,scattergories,blueberry,blueberry
fruitb,qwen2.5:7b,1.0,182,scattergories,blueberry,blueberry
fruitb,qwen2.5:7b,1.0,183,scattergories,banana,banana
fruitb,qwen2.5:7b,1.0,184,scattergories,blueberry,blueberry
fruitb,qwen2.5:7b,1.0,185,scattergories,blueberry,blueberry
fruitb,qwen2.5:7b,1.0,186,scattergories,blueberry,blueberry
fruitb,qwen2.5:7b,1.0,187,scattergories,blueberry,blueberry
fruitb,qwen2.5:7b,1.0,188,scattergories,banana,banana
fruitb,qwen2.5:7b,1.0,189,scattergories,banana,banana
fruitb,qwen2.5:7b,1.0,190,scattergories,blueberry,blueberry
fruitb,qwen2.5:7b,1.0,191,scattergories,blueberry,blueberry
fruitb,qwen2.5:7b,1.0,192,scattergories,blueberry,blueberry
fruitb,qwen2.5:7b,1.0,193,scattergories,berry,berry
fruitb,qwen2.5:7b,1.0,194,scattergories,berry,berry
fruitb,qwen2.5:7b,1.0,195,scattergories,berry,berry
fruitb,qwen2.5:7b,1.0,196,scattergories,banana,banana
fruitb,qwen2.5:7b,1.0,197,scattergories,blueberry,blueberry
fruitb,qwen2.5:7b,1.0,198,scattergories,blueberry,blueberry
fruitb,qwen2.5:7b,1.0,199,scattergories,blueberry,blueberry
fruitb,qwen2.5:7b,1.0,200,scattergories,blueberry,blueberry
fruitb,qwen2.5:7b,1.0,201,scattergories,blueberry,blueberry
fruitb,qwen2.5:7b,1.0,202,scattergories,blueberry,blueberry
fruitb,qwen2.5:7b,1.0,203,scattergories,blueberry,blueberry
fruitb,qwen2.5:7b,1.0,204,scattergories,blueberry,blueberry
fruitb,qwen2.5:7b,1.0,205,scattergories,blueberry,blueberry
fruitb,qwen2.5:7b,1.0,206,scattergories,blueberry,blueberry
fruitb,qwen2.5:7b,1.0,207,scattergories,blueberry,blueberry
fruitb,qwen2.5:7b,1.0,208,scattergories,banana,banana
fruitb,qwen2.5:7b,1.0,209,scattergories,blueberry,blueberry
fruitb,qwen2.5:7b,1.0,210,scattergories,blueberry,blueberry
fruitb,qwen2.5:7b,1.0,211,scattergories,blueberry,blueberry
fruitb,qwen2.5:7b,1.0,212,scattergories,blueberry,blueberry
fruitb,qwen2.5:7b,1.0,213,scattergories,blueberry,blueberry
fruitb,qwen2.5:7b,1.0,214,scattergories,blueberry,blueberry
fruitb,qwen2.5:7b,1.0,215,scattergories,blueberry,blueberry
fruitb,qwen2.5:7b,1.0,216,scattergories,blueberry,blueberry
fruitb,qwen2.5:7b,1.0,217,scattergories,blueberry,blueberry
fruitb,qwen2.5:7b,1.0,218,scattergories,blueberry,blueberry
fruitb,qwen2.5:7b,1.0,219,scattergories,blueberry,blueberry
fruitb,qwen2.5:7b,1.0,220,scattergories,banana,banana
fruitb,qwen2.5:7b,1.0,221,scattergories,blueberry,blueberry
fruitb,qwen2.5:7b,1.0,222,scattergories,banana,banana
fruitb,qwen2.5:7b,1.0,223,scattergories,blueberry,blueberry
fruitb,qwen2.5:7b,1.0,224,scattergories,blueberry,blueberry
fruitb,qwen2.5:7b,1.0,225,scattergories,blueberry,blueberry
fruitb,qwen2.5:7b,1.0,226,scattergories,blueberry,blueberry
fruitb,qwen2.5:7b,1.0,227,scattergories,blueberry,blueberry
fruitb,qwen2.5:7b,1.0,228,scattergories,blueberry,blueberry
fruitb,qwen2.5:7b,1.0,229,scattergories,banana,banana
fruitb,qwen2.5:7b,1.0,230,scattergories,blueberry,blueberry
fruitb,qwen2.5:7b,1.0,231,scattergories,berry,berry
fruitb,qwen2.5:7b,1.0,232,scattergories,banana,banana
fruitb,qwen2.5:7b,1.0,233,scattergories,blueberry,blueberry
fruitb,qwen2.5:7b,1.0,234,scattergories,blueberry,blueberry
fruitb,qwen2.5:7b,1.0,235,scattergories,blueberry,blueberry
fruitb,qwen2.5:7b,1.0,236,scattergories,blueberry,blueberry
fruitb,qwen2.5:7b,1.0,237,scattergories,banana,banana
fruitb,qwen2.5:7b,1.0,238,scattergories,blueberry,blueberry
fruitb,qwen2.5:7b,1.0,239,scattergories,blueberry,blueberry
fruitb,qwen2.5:7b,1.0,240,scattergories,blueberry,blueberry
fruitb,qwen2.5:7b,1.0,241,scattergories,blueberry,blueberry
fruitb,qwen2.5:7b,1.0,242,scattergories,blueberry,blueberry
fruitb,qwen2.5:7b,1.0,243,scattergories,blueberry,blueberry
fruitb,qwen2.5:7b,1.0,244,scattergories,blueberry,blueberry
fruitb,qwen2.5:7b,1.0,245,scattergories,blueberry,blueberry
fruitb,qwen2.5:7b,1.0,246,scattergories,blueberry,blueberry
fruitb,qwen2.5:7b,1.0,247,scattergories,blueberry,blueberry
fruitb,qwen2.5:7b,1.0,248,scattergories,banana,banana
fruitb,qwen2.5:7b,1.0,249,scattergories,blueberry,blueberry
fruitb,qwen2.5:7b,1.0,250,scattergories,blueberry,blueberry
fruitb,qwen2.5:7b,1.0,251,scattergories,banana,banana
fruitb,qwen2.5:7b,1.0,252,scattergories,blueberry,blueberry
fruitb,qwen2.5:7b,1.0,253,scattergories,banana,banana
fruitb,qwen2.5:7b,1.0,254,scattergories,banana,banana
fruitb,qwen2.5:7b,1.0,255,scattergories,blueberry,blueberry
fruitb,qwen2.5:7b,1.0,256,scattergories,blueberry,blueberry
fruitb,qwen2.5:7b,1.0,257,scattergories,banana,banana
fruitb,qwen2.5:7b,1.0,258,scattergories,blueberry,blueberry
fruitb,qwen2.5:7b,1.0,259,scattergories,banana,banana
fruitb,qwen2.5:7b,1.0,260,scattergories,banana,banana
fruitb,qwen2.5:7b,1.0,261,scattergories,banana,banana
fruitb,qwen2.5:7b,1.0,262,scattergories,blueberry,blueberry
fruitb,qwen2.5:7b,1.0,263,scattergories,banana,banana
fruitb,qwen2.5:7b,1.0,264,scattergories,banana,banana
fruitb,qwen2.5:7b,1.0,265,scattergories,blueberry,blueberry
fruitb,qwen2.5:7b,1.0,266,scattergories,blueberry,blueberry
fruitb,qwen2.5:7b,1.0,267,scattergories,blueberry,blueberry
fruitb,qwen2.5:7b,1.0,268,scattergories,blueberry,blueberry
fruitb,qwen2.5:7b,1.0,269,scattergories,berry,berry
fruitb,qwen2.5:7b,1.0,270,scattergories,berry,berry
fruitb,qwen2.5:7b,1.0,271,scattergories,blueberry,blueberry
fruitb,qwen2.5:7b,1.0,272,scattergories,blueberry,blueberry
fruitb,qwen2.5:7b,1.0,273,scattergories,blueberry,blueberry
fruitb,qwen2.5:7b,1.0,274,scattergories,blueberry,blueberry
fruitb,qwen2.5:7b,1.0,275,scattergories,blueberry,blueberry
fruitb,qwen2.5:7b,1.0,276,scattergories,blueberry,blueberry
fruitb,qwen2.5:7b,1.0,277,scattergories,blueberry,blueberry
fruitb,qwen2.5:7b,1.0,278,scattergories,blueberry,blueberry
fruitb,qwen2.5:7b,1.0,279,scattergories,banana,banana
fruitb,qwen2.5:7b,1.0,280,scattergories,blueberry,blueberry
fruitb,qwen2.5:7b,1.0,281,scattergories,blueberry,blueberry
fruitb,qwen2.5:7b,1.0,282,scattergories,blueberry,blueberry
fruitb,qwen2.5:7b,1.0,283,scattergories,blueberry,blueberry
fruitb,qwen2.5:7b,1.0,284,scattergories,banana,banana
fruitb,qwen2.5:7b,1.0,285,scattergories,banana,banana
fruitb,qwen2.5:7b,1.0,286,scattergories,blueberry,blueberry
fruitb,qwen2.5:7b,1.0,287,scattergories,banana,banana
fruitb,qwen2.5:7b,1.0,288,scattergories,banana,banana
fruitb,qwen2.5:7b,1.0,289,scattergories,blueberry,blueberry
fruitb,qwen2.5:7b,1.0,290,scattergories,blueberry,blueberry
fruitb,qwen2.5:7b,1.0,291,scattergories,blueberry,blueberry
fruitb,qwen2.5:7b,1.0,292,scattergories,banana,banana
fruitb,qwen2.5:7b,1.0,293,scattergories,blueberry,blueberry
fruitb,qwen2.5:7b,1.0,294,scattergories,banana,banana
fruitb,qwen2.5:7b,1.0,295,scattergories,blueberry,blueberry
fruitb,qwen2.5:7b,1.0,296,scattergories,berry,berry
fruitb,qwen2.5:7b,1.0,297,scattergories,berry,berry
fruitb,qwen2.5:7b,1.0,298,scattergories,blueberry,blueberry
fruitb,qwen2.5:7b,1.0,299,scattergories,blueberry,blueberry
fruitb,qwen2.5:7b,1.0,300,scattergories,blueberry,blueberry
fruitb,qwen2.5:7b,1.0,301,scattergories,banana,banana
fruitb,qwen2.5:7b,1.0,302,scattergories,banana,banana
fruitb,qwen2.5:7b,1.0,303,scattergories,blueberry,blueberry
fruitb,qwen2.5:7b,1.0,304,scattergories,blueberry,blueberry
fruitb,qwen2.5:7b,1.0,305,scattergories,blueberry,blueberry
fruitb,qwen2.5:7b,1.0,306,scattergories,berry,berry
fruitb,qwen2.5:7b,1.0,307,scattergories,blueberry,blueberry
fruitb,qwen2.5:7b,1.0,308,scattergories,blueberry,blueberry
fruitb,qwen2.5:7b,1.0,309,scattergories,banana,banana
fruitb,qwen2.5:7b,1.0,310,scattergories,blueberry,blueberry
fruitb,qwen2.5:7b,1.0,311,scattergories,blueberry,blueberry
fruitb,qwen2.5:7b,1.0,312,scattergories,blueberry,blueberry
fruitb,qwen2.5:7b,1.0,313,scattergories,berry,berry
fruitb,qwen2.5:7b,1.0,314,scattergories,blueberry,blueberry
fruitb,qwen2.5:7b,1.0,315,scattergories,banana,banana
fruitb,qwen2.5:7b,1.0,316,scattergories,banana,banana
fruitb,qwen2.5:7b,1.0,317,scattergories,blueberry,blueberry
fruitb,qwen2.5:7b,1.0,318,scattergories,blueberry,blueberry
fruitb,qwen2.5:7b,1.0,319,scattergories,blueberry,blueberry
fruitb,qwen2.5:7b,1.0,320,scattergories,blueberry,blueberry
fruitb,qwen2.5:7b,1.0,321,scattergories,blueberry,blueberry
fruitb,qwen2.5:7b,1.0,322,scattergories,blueberry,blueberry
fruitb,qwen2.5:7b,1.0,323,scattergories,blueberry,blueberry
fruitb,qwen2.5:7b,1.0,324,scattergories,blueberry,blueberry
fruitb,qwen2.5:7b,1.0,325,scattergories,berry,berry
fruitb,qwen2.5:7b,1.0,326,scattergories,blueberry,blueberry
fruitb,qwen2.5:7b,1.0,327,scattergories,blueberry,blueberry
fruitb,qwen2.5:7b,1.0,328,scattergories,blueberry,blueberry
fruitb,qwen2.5:7b,1.0,329,scattergories,blueberry,blueberry
fruitb,qwen2.5:7b,1.0,330,scattergories,banana,banana
fruitb,qwen2.5:7b,1.0,331,scattergories,blueberry,blueberry
fruitb,qwen2.5:7b,1.0,332,scattergories,banana,banana
fruitb,qwen2.5:7b,1.0,333,scattergories,blueberry,blueberry
fruitb,qwen2.5:7b,1.0,334,scattergories,blueberry,blueberry
fruitb,qwen2.5:7b,1.0,335,scattergories,blueberry,blueberry
fruitb,qwen2.5:7b,1.0,336,scattergories,blueberry,blueberry
fruitb,qwen2.5:7b,1.0,337,scattergories,blueberry,blueberry
fruitb,qwen2.5:7b,1.0,338,scattergories,blueberry,blueberry
fruitb,qwen2.5:7b,1.0,339,scattergories,blueberry,blueberry
fruitb,qwen2.5:7b,1.0,340,scattergories,blueberry,blueberry
fruitb,qwen2.5:7b,1.0,341,scattergories,blueberry,blueberry
fruitb,qwen2.5:7b,1.0,342,scattergories,banana,banana
fruitb,qwen2.5:7b,1.0,343,scattergories,blueberry,blueberry
fruitb,qwen2.5:7b,1.0,344,scattergories,banana,banana
fruitb,qwen2.5:7b,1.0,345,scattergories,banana,banana
fruitb,qwen2.5:7b,1.0,346,scattergories,blueberry,blueberry
fruitb,qwen2.5:7b,1.0,347,scattergories,banana,banana
fruitb,qwen2.5:7b,1.0,348,scattergories,banana,banana
fruitb,qwen2.5:7b,1.0,349,scattergories,blueberry,blueberry
fruitb,qwen2.5:7b,1.0,350,scattergories,banana,banana
fruitb,qwen2.5:7b,1.0,351,scattergories,blueberry,blueberry
fruitb,qwen2.5:7b,1.0,352,scattergories,blueberry,blueberry
fruitb,qwen2.5:7b,1.0,353,scattergories,blueberry,blueberry
fruitb,qwen2.5:7b,1.0,354,scattergories,blueberry,blueberry
fruitb,qwen2.5:7b,1.0,355,scattergories,banana,banana
fruitb,qwen2.5:7b,1.0,356,scattergories,banana,banana
fruitb,qwen2.5:7b,1.0,357,scattergories,blueberry,blueberry
fruitb,qwen2.5:7b,1.0,358,scattergories,blueberry,blueberry
fruitb,qwen2.5:7b,1.0,359,scattergories,banana,banana
fruitb,qwen2.5:7b,1.0,360,scattergories,blueberry,blueberry
fruitb,qwen2.5:7b,1.0,361,scattergories,blueberry,blueberry
fruitb,qwen2.5:7b,1.0,362,scattergories,blueberry,blueberry
fruitb,qwen2.5:7b,1.0,363,scattergories,blueberry,blueberry
fruitb,qwen2.5:7b,1.0,364,scattergories,blueberry,blueberry
fruitb,qwen2.5:7b,1.0,365,scattergories,banana,banana
fruitb,qwen2.5:7b,1.0,366,scattergories,blueberry,blueberry
fruitb,qwen2.5:7b,1.0,367,scattergories,blueberry,blueberry
fruitb,qwen2.5:7b,1.0,368,scattergories,blueberry,blueberry
fruitb,qwen2.5:7b,1.0,369,scattergories,blueberry,blueberry
fruitb,qwen2.5:7b,1.0,370,scattergories,blueberry,blueberry
fruitb,qwen2.5:7b,1.0,371,scattergories,blueberry,blueberry
fruitb,qwen2.5:7b,1.0,372,scattergories,blueberry,blueberry
fruitb,qwen2.5:7b,1.0,373,scattergories,blueberry,blueberry
fruitb,qwen2.5:7b,1.0,374,scattergories,blueberry,blueberry
fruitb,qwen2.5:7b,1.0,375,scattergories,banana,banana
fruitb,qwen2.5:7b,1.0,376,scattergories,blueberry,blueberry
fruitb,qwen2.5:7b,1.0,377,scattergories,banana,banana
fruitb,qwen2.5:7b,1.0,378,scattergories,blueberry,blueberry
fruitb,qwen2.5:7b,1.0,379,scattergories,blueberry,blueberry
fruitb,qwen2.5:7b,1.0,380,scattergories,banana,banana
fruitb,qwen2.5:7b,1.0,381,scattergories,blueberry,blueberry
fruitb,qwen2.5:7b,1.0,382,scattergories,banana,banana
fruitb,qwen2.5:7b,1.0,383,scattergories,blueberry,blueberry
fruitb,qwen2.5:7b,1.0,384,scattergories,blueberry,blueberry
fruitb,qwen2.5:7b,1.0,385,scattergories,berry,berry
fruitb,qwen2.5:7b,1.0,386,scattergories,berry,berry
fruitb,qwen2.5:7b,1.0,387,scattergories,berry,berry
fruitb,qwen2.5:7b,1.0,388,scattergories,blueberry,blueberry
fruitb,qwen2.5:7b,1.0,389,scattergories,banana,banana
fruitb,qwen2.5:7b,1.0,390,scattergories,blueberry,blueberry
fruitb,qwen2.5:7b,1.0,391,scattergories,banana,banana
fruitb,qwen2.5:7b,1.0,392,scattergories,blueberry,blueberry
fruitb,qwen2.5:7b,1.0,393,scattergories,blueberry,blueberry
fruitb,qwen2.5:7b,1.0,394,scattergories,banana,banana
fruitb,qwen2.5:7b,1.0,395,scattergories,blueberry,blueberry
fruitb,qwen2.5:7b,1.0,396,scattergories,banana,banana
fruitb,qwen2.5:7b,1.0,397,scattergories,blueberry,blueberry
fruitb,qwen2.5:7b,1.0,398,scattergories,blueberry,blueberry
fruitb,qwen2.5:7b,1.0,399,scattergories,blueberry,blueberry
fruitb,qwen2.5:7b,1.0,400,scattergories,blueberry,blueberry
fruitb,qwen2.5:7b,1.0,401,scattergories,banana,banana
fruitb,qwen2.5:7b,1.0,402,scattergories,blueberry,blueberry
fruitb,qwen2.5:7b,1.0,403,scattergories,blueberry,blueberry
fruitb,qwen2.5:7b,1.0,404,scattergories,blueberry,blueberry
fruitb,qwen2.5:7b,1.0,405,scattergories,blueberry,blueberry
fruitb,qwen2.5:7b,1.0,406,scattergories,blueberry,blueberry
fruitb,qwen2.5:7b,1.0,407,scattergories,banana,banana
fruitb,qwen2.5:7b,1.0,408,scattergories,blueberry,blueberry
fruitb,qwen2.5:7b,1.0,409,scattergories,blueberry,blueberry
fruitb,qwen2.5:7b,1.0,410,scattergories,banana,banana
fruitb,qwen2.5:7b,1.0,411,scattergories,banana,banana
fruitb,qwen2.5:7b,1.0,412,scattergories,blueberry,blueberry
fruitb,qwen2.5:7b,1.0,413,scattergories,blueberry,blueberry
fruitb,qwen2.5:7b,1.0,414,scattergories,blueberry,blueberry
fruitb,qwen2.5:7b,1.0,415,scattergories,blueberry,blueberry
fruitb,qwen2.5:7b,1.0,416,scattergories,blueberry,blueberry
fruitb,qwen2.5:7b,1.0,417,scattergories,blueberry,blueberry
fruitb,qwen2.5:7b,1.0,418,scattergories,banana,banana
fruitb,qwen2.5:7b,1.0,419,scattergories,blueberry,blueberry
fruitb,qwen2.5:7b,1.0,420,scattergories,blueberry,blueberry
fruitb,qwen2.5:7b,1.0,421,scattergories,blueberry,blueberry
fruitb,qwen2.5:7b,1.0,422,scattergories,banana,banana
fruitb,qwen2.5:7b,1.0,423,scattergories,blueberry,blueberry
fruitb,qwen2.5:7b,1.0,424,scattergories,blueberry,blueberry
fruitb,qwen2.5:7b,1.0,425,scattergories,blueberry,blueberry
fruitb,qwen2.5:7b,1.0,426,scattergories,blueberry,blueberry
fruitb,qwen2.5:7b,1.0,427,scattergories,blueberry,blueberry
fruitb,qwen2.5:7b,1.0,428,scattergories,blueberry,blueberry
fruitb,qwen2.5:7b,1.0,429,scattergories,blueberry,blueberry
fruitb,qwen2.5:7b,1.0,430,scattergories,blueberry,blueberry
fruitb,qwen2.5:7b,1.0,431,scattergories,banana,banana
fruitb,qwen2.5:7b,1.0,432,scattergories,blueberry,blueberry
fruitb,qwen2.5:7b,1.0,433,scattergories,blueberry,blueberry
fruitb,qwen2.5:7b,1.0,434,scattergories,blueberry,blueberry
fruitb,qwen2.5:7b,1.0,435,scattergories,banana,banana
fruitb,qwen2.5:7b,1.0,436,scattergories,berry,berry
fruitb,qwen2.5:7b,1.0,437,scattergories,blueberry,blueberry
fruitb,qwen2.5:7b,1.0,438,scattergories,banana,banana
fruitb,qwen2.5:7b,1.0,439,scattergories,blueberry,blueberry
fruitb,qwen2.5:7b,1.0,440,scattergories,berry,berry
fruitb,qwen2.5:7b,1.0,441,scattergories,blueberry,blueberry
fruitb,qwen2.5:7b,1.0,442,scattergories,blueberry,blueberry
fruitb,qwen2.5:7b,1.0,443,scattergories,blueberry,blueberry
fruitb,qwen2.5:7b,1.0,444,scattergories,berry,berry
fruitb,qwen2.5:7b,1.0,445,scattergories,banana,banana
fruitb,qwen2.5:7b,1.0,446,scattergories,blueberry,blueberry
fruitb,qwen2.5:7b,1.0,447,scattergories,banana,banana
fruitb,qwen2.5:7b,1.0,448,scattergories,blueberry,blueberry
fruitb,qwen2.5:7b,1.0,449,scattergories,blueberry,blueberry
fruitb,qwen2.5:7b,1.0,450,scattergories,banana,banana
fruitb,qwen2.5:7b,1.0,451,scattergories,blueberry,blueberry
fruitb,qwen2.5:7b,1.0,452,scattergories,banana,banana
fruitb,qwen2.5:7b,1.0,453,scattergories,banana,banana
fruitb,qwen2.5:7b,1.0,454,scattergories,blueberry,blueberry
fruitb,qwen2.5:7b,1.0,455,scattergories,blueberry,blueberry
fruitb,qwen2.5:7b,1.0,456,scattergories,blueberry,blueberry
fruitb,qwen2.5:7b,1.0,457,scattergories,blueberry,blueberry
fruitb,qwen2.5:7b,1.0,458,scattergories,blueberry,blueberry
fruitb,qwen2.5:7b,1.0,459,scattergories,blueberry,blueberry
fruitb,qwen2.5:7b,1.0,460,scattergories,blueberry,blueberry
fruitb,qwen2.5:7b,1.0,461,scattergories,blueberry,blueberry
fruitb,qwen2.5:7b,1.0,462,scattergories,blueberry,blueberry
fruitb,qwen2.5:7b,1.0,463,scattergories,berry,berry
fruitb,qwen2.5:7b,1.0,464,scattergories,blueberry,blueberry
fruitb,qwen2.5:7b,1.0,465,scattergories,blueberry,blueberry
fruitb,qwen2.5:7b,1.0,466,scattergories,blueberry,blueberry
fruitb,qwen2.5:7b,1.0,467,scattergories,blueberry,blueberry
fruitb,qwen2.5:7b,1.0,468,scattergories,blueberry,blueberry
fruitb,qwen2.5:7b,1.0,469,scattergories,blueberry,blueberry
fruitb,qwen2.5:7b,1.0,470,scattergories,blueberry,blueberry
fruitb,qwen2.5:7b,1.0,471,scattergories,banana,banana
fruitb,qwen2.5:7b,1.0,472,scattergories,blueberry,blueberry
fruitb,qwen2.5:7b,1.0,473,scattergories,banana,banana
fruitb,qwen2.5:7b,1.0,474,scattergories,blueberry,blueberry
fruitb,qwen2.5:7b,1.0,475,scattergories,banana,banana
fruitb,qwen2.5:7b,1.0,476,scattergories,blueberry,blueberry
fruitb,qwen2.5:7b,1.0,477,scattergories,berry,berry
fruitb,qwen2.5:7b,1.0,478,scattergories,blueberry,blueberry
fruitb,qwen2.5:7b,1.0,479,scattergories,banana,banana
fruitb,qwen2.5:7b,1.0,480,scattergories,berry,berry
fruitb,qwen2.5:7b,1.0,481,scattergories,blueberry,blueberry
fruitb,qwen2.5:7b,1.0,482,scattergories,banana,banana
fruitb,qwen2.5:7b,1.0,483,scattergories,blueberry,blueberry
fruitb,qwen2.5:7b,1.0,484,scattergories,blueberry,blueberry
fruitb,qwen2.5:7b,1.0,485,scattergories,blueberry,blueberry
fruitb,qwen2.5:7b,1.0,486,scattergories,banana,banana
fruitb,qwen2.5:7b,1.0,487,scattergories,blueberry,blueberry
fruitb,qwen2.5:7b,1.0,488,scattergories,blueberry,blueberry
fruitb,qwen2.5:7b,1.0,489,scattergories,banana,banana
fruitb,qwen2.5:7b,1.0,490,scattergories,blueberry,blueberry
fruitb,qwen2.5:7b,1.0,491,scattergories,blueberry,blueberry
fruitb,qwen2.5:7b,1.0,492,scattergories,blueberry,blueberry
fruitb,qwen2.5:7b,1.0,493,scattergories,banana,banana
fruitb,qwen2.5:7b,1.0,494,scattergories,banana,banana
fruitb,qwen2.5:7b,1.0,495,scattergories,banana,banana
fruitb,qwen2.5:7b,1.0,496,scattergories,blueberry,blueberry
fruitb,qwen2.5:7b,1.0,497,scattergories,blueberry,blueberry
fruitb,qwen2.5:7b,1.0,498,scattergories,banana,banana
fruitb,qwen2.5:7b,1.0,499,scattergories,banana,banana
fruitb,qwen2.5:7b,1.5,0,scattergories,blueberry,blueberry
fruitb,qwen2.5:7b,1.5,1,scattergories,blueberry,blueberry
fruitb,qwen2.5:7b,1.5,2,scattergories,banana,banana
fruitb,qwen2.5:7b,1.5,3,scattergories,blueberry,blueberry
fruitb,qwen2.5:7b,1.5,4,scattergories,blueberry,blueberry
fruitb,qwen2.5:7b,1.5,5,scattergories,blueberry,blueberry
fruitb,qwen2.5:7b,1.5,6,scattergories,banana,banana
fruitb,qwen2.5:7b,1.5,7,scattergories,blueberry,blueberry
fruitb,qwen2.5:7b,1.5,8,scattergories,berry,berry
fruitb,qwen2.5:7b,1.5,9,scattergories,banana,banana
fruitb,qwen2.5:7b,1.5,10,scattergories,blueberry,blueberry
fruitb,qwen2.5:7b,1.5,11,scattergories,banana,banana
fruitb,qwen2.5:7b,1.5,12,scattergories,blueberry,blueberry
fruitb,qwen2.5:7b,1.5,13,scattergories,berry,berry
fruitb,qwen2.5:7b,1.5,14,scattergories,blueberry,blueberry
fruitb,qwen2.5:7b,1.5,15,scattergories,blueberry,blueberry
fruitb,qwen2.5:7b,1.5,16,scattergories,blueberry,blueberry
fruitb,qwen2.5:7b,1.5,17,scattergories,banana,banana
fruitb,qwen2.5:7b,1.5,18,scattergories,banana,banana
fruitb,qwen2.5:7b,1.5,19,scattergories,blueberry,blueberry
fruitb,qwen2.5:7b,1.5,20,scattergories,blueberry,blueberry
fruitb,qwen2.5:7b,1.5,21,scattergories,banana,banana
fruitb,qwen2.5:7b,1.5,22,scattergories,banana,banana
fruitb,qwen2.5:7b,1.5,23,scattergories,banana,banana
fruitb,qwen2.5:7b,1.5,24,scattergories,banana,banana
fruitb,qwen2.5:7b,1.5,25,scattergories,blueberry,blueberry
fruitb,qwen2.5:7b,1.5,26,scattergories,berry,berry
fruitb,qwen2.5:7b,1.5,27,scattergories,blueberry,blueberry
fruitb,qwen2.5:7b,1.5,28,scattergories,blueberry,blueberry
fruitb,qwen2.5:7b,1.5,29,scattergories,blueberry,blueberry
fruitb,qwen2.5:7b,1.5,30,scattergories,blueberry,blueberry
fruitb,qwen2.5:7b,1.5,31,scattergories,blueberry,blueberry
fruitb,qwen2.5:7b,1.5,32,scattergories,blueberry,blueberry
fruitb,qwen2.5:7b,1.5,33,scattergories,blueberry,blueberry
fruitb,qwen2.5:7b,1.5,34,scattergories,banana,banana
fruitb,qwen2.5:7b,1.5,35,scattergories,blueberry,blueberry
fruitb,qwen2.5:7b,1.5,36,scattergories,blueberry,blueberry
fruitb,qwen2.5:7b,1.5,37,scattergories,blueberry,blueberry
fruitb,qwen2.5:7b,1.5,38,scattergories,banana,banana
fruitb,qwen2.5:7b,1.5,39,scattergories,blueberry,blueberry
fruitb,qwen2.5:7b,1.5,40,scattergories,blueberry,blueberry
fruitb,qwen2.5:7b,1.5,41,scattergories,banana,banana
fruitb,qwen2.5:7b,1.5,42,scattergories,banana,banana
fruitb,qwen2.5:7b,1.5,43,scattergories,banana,banana
fruitb,qwen2.5:7b,1.5,44,scattergories,banana,banana
fruitb,qwen2.5:7b,1.5,45,scattergories,blueberry,blueberry
fruitb,qwen2.5:7b,1.5,46,scattergories,blueberry,blueberry
fruitb,qwen2.5:7b,1.5,47,scattergories,banana,banana
fruitb,qwen2.5:7b,1.5,48,scattergories,blueberry,blueberry
fruitb,qwen2.5:7b,1.5,49,scattergories,berry,berry
fruitb,qwen2.5:7b,1.5,50,scattergories,blueberry,blueberry
fruitb,qwen2.5:7b,1.5,51,scattergories,blueberry,blueberry
fruitb,qwen2.5:7b,1.5,52,scattergories,blueberry,blueberry
fruitb,qwen2.5:7b,1.5,53,scattergories,blueberry,blueberry
fruitb,qwen2.5:7b,1.5,54,scattergories,blueberry,blueberry
fruitb,qwen2.5:7b,1.5,55,scattergories,blueberry,blueberry
fruitb,qwen2.5:7b,1.5,56,scattergories,berry,berry
fruitb,qwen2.5:7b,1.5,57,scattergories,blueberry,blueberry
fruitb,qwen2.5:7b,1.5,58,scattergories,banana,banana
fruitb,qwen2.5:7b,1.5,59,scattergories,blueberry,blueberry
fruitb,qwen2.5:7b,1.5,60,scattergories,berry,berry
fruitb,qwen2.5:7b,1.5,61,scattergories,blueberry,blueberry
fruitb,qwen2.5:7b,1.5,62,scattergories,blueberry,blueberry
fruitb,qwen2.5:7b,1.5,63,scattergories,banana,banana
fruitb,qwen2.5:7b,1.5,64,scattergories,blueberry,blueberry
fruitb,qwen2.5:7b,1.5,65,scattergories,blueberry,blueberry
fruitb,qwen2.5:7b,1.5,66,scattergories,blueberry,blueberry
fruitb,qwen2.5:7b,1.5,67,scattergories,berry,berry
fruitb,qwen2.5:7b,1.5,68,scattergories,berry,berry
fruitb,qwen2.5:7b,1.5,69,scattergories,banana,banana
fruitb,qwen2.5:7b,1.5,70,scattergories,blueberry,blueberry
fruitb,qwen2.5:7b,1.5,71,scattergories,berry,berry
fruitb,qwen2.5:7b,1.5,72,scattergories,berry,berry
fruitb,qwen2.5:7b,1.5,73,scattergories,blueberry,blueberry
fruitb,qwen2.5:7b,1.5,74,scattergories,blueberry,blueberry
fruitb,qwen2.5:7b,1.5,75,scattergories,blueberry,blueberry
fruitb,qwen2.5:7b,1.5,76,scattergories,blueberry,blueberry
fruitb,qwen2.5:7b,1.5,77,scattergories,blueberry,blueberry
fruitb,qwen2.5:7b,1.5,78,scattergories,blueberry,blueberry
fruitb,qwen2.5:7b,1.5,79,scattergories,blueberry,blueberry
fruitb,qwen2.5:7b,1.5,80,scattergories,blueberry,blueberry
fruitb,qwen2.5:7b,1.5,81,scattergories,blueberry,blueberry
fruitb,qwen2.5:7b,1.5,82,scattergories,banana,banana
fruitb,qwen2.5:7b,1.5,83,scattergories,banana,banana
fruitb,qwen2.5:7b,1.5,84,scattergories,blueberry,blueberry
fruitb,qwen2.5:7b,1.5,85,scattergories,berry,berry
fruitb,qwen2.5:7b,1.5,86,scattergories,blueberry,blueberry
fruitb,qwen2.5:7b,1.5,87,scattergories,berry,berry
fruitb,qwen2.5:7b,1.5,88,scattergories,blueberry,blueberry
fruitb,qwen2.5:7b,1.5,89,scattergories,blueberry,blueberry
fruitb,qwen2.5:7b,1.5,90,scattergories,blueberry,blueberry
fruitb,qwen2.5:7b,1.5,91,scattergories,blueberry,blueberry
fruitb,qwen2.5:7b,1.5,92,scattergories,blueberry,blueberry
fruitb,qwen2.5:7b,1.5,93,scattergories,banana,banana
fruitb,qwen2.5:7b,1.5,94,scattergories,banana,banana
fruitb,qwen2.5:7b,1.5,95,scattergories,banana,banana
fruitb,qwen2.5:7b,1.5,96,scattergories,blueberry,blueberry
fruitb,qwen2.5:7b,1.5,97,scattergories,blueberry,blueberry
fruitb,qwen2.5:7b,1.5,98,scattergories,blueberry,blueberry
fruitb,qwen2.5:7b,1.5,99,scattergories,blueberry,blueberry
fruitb,qwen2.5:7b,1.5,100,scattergories,blueberry,blueberry
fruitb,qwen2.5:7b,1.5,101,scattergories,blueberry,blueberry
fruitb,qwen2.5:7b,1.5,102,scattergories,blueberry,blueberry
fruitb,qwen2.5:7b,1.5,103,scattergories,berry,berry
fruitb,qwen2.5:7b,1.5,104,scattergories,blueberry,blueberry
fruitb,qwen2.5:7b,1.5,105,scattergories,berry,berry
fruitb,qwen2.5:7b,1.5,106,scattergories,blueberry,blueberry
fruitb,qwen2.5:7b,1.5,107,scattergories,berry,berry
fruitb,qwen2.5:7b,1.5,108,scattergories,banana,banana
fruitb,qwen2.5:7b,1.5,109,scattergories,blueberry,blueberry
fruitb,qwen2.5:7b,1.5,110,scattergories,berry,berry
fruitb,qwen2.5:7b,1.5,111,scattergories,blueberry,blueberry
fruitb,qwen2.5:7b,1.5,112,scattergories,banana,banana
fruitb,qwen2.5:7b,1.5,113,scattergories,blueberry,blueberry
fruitb,qwen2.5:7b,1.5,114,scattergories,blueberry,blueberry
fruitb,qwen2.5:7b,1.5,115,scattergories,blueberry,blueberry
fruitb,qwen2.5:7b,1.5,116,scattergories,blueberry,blueberry
fruitb,qwen2.5:7b,1.5,117,scattergories,blueberry,blueberry
fruitb,qwen2.5:7b,1.5,118,scattergories,blueberry,blueberry
fruitb,qwen2.5:7b,1.5,119,scattergories,blueberry,blueberry
fruitb,qwen2.5:7b,1.5,120,scattergories,berry,berry
fruitb,qwen2.5:7b,1.5,121,scattergories,banana,banana
fruitb,qwen2.5:7b,1.5,122,scattergories,blueberry,blueberry
fruitb,qwen2.5:7b,1.5,123,scattergories,blueberry,blueberry
fruitb,qwen2.5:7b,1.5,124,scattergories,banana,banana
fruitb,qwen2.5:7b,1.5,125,scattergories,blueberry,blueberry
fruitb,qwen2.5:7b,1.5,126,scattergories,blueberry,blueberry
fruitb,qwen2.5:7b,1.5,127,scattergories,berry,berry
fruitb,qwen2.5:7b,1.5,128,scattergories,banana,banana
fruitb,qwen2.5:7b,1.5,129,scattergories,berry,berry
fruitb,qwen2.5:7b,1.5,130,scattergories,blueberry,blueberry
fruitb,qwen2.5:7b,1.5,131,scattergories,berry,berry
fruitb,qwen2.5:7b,1.5,132,scattergories,blueberry,blueberry
fruitb,qwen2.5:7b,1.5,133,scattergories,berry,berry
fruitb,qwen2.5:7b,1.5,134,scattergories,blueberry,blueberry
fruitb,qwen2.5:7b,1.5,135,scattergories,blueberry,blueberry
fruitb,qwen2.5:7b,1.5,136,scattergories,blueberry,blueberry
fruitb,qwen2.5:7b,1.5,137,scattergories,blueberry,blueberry
fruitb,qwen2.5:7b,1.5,138,scattergories,berry,berry
fruitb,qwen2.5:7b,1.5,139,scattergories,banana,banana
fruitb,qwen2.5:7b,1.5,140,scattergories,blueberry,blueberry
fruitb,qwen2.5:7b,1.5,141,scattergories,blueberry,blueberry
fruitb,qwen2.5:7b,1.5,142,scattergories,blueberry,blueberry
fruitb,qwen2.5:7b,1.5,143,scattergories,banana,banana
fruitb,qwen2.5:7b,1.5,144,scattergories,blueberry,blueberry
fruitb,qwen2.5:7b,1.5,145,scattergories,banana,banana
fruitb,qwen2.5:7b,1.5,146,scattergories,blueberry,blueberry
fruitb,qwen2.5:7b,1.5,147,scattergories,berry,berry
fruitb,qwen2.5:7b,1.5,148,scattergories,blueberry,blueberry
fruitb,qwen2.5:7b,1.5,149,scattergories,banana,banana
fruitb,qwen2.5:7b,1.5,150,scattergories,banana,banana
fruitb,qwen2.5:7b,1.5,151,scattergories,blueberry,blueberry
fruitb,qwen2.5:7b,1.5,152,scattergories,blueberry,blueberry
fruitb,qwen2.5:7b,1.5,153,scattergories,blueberry,blueberry
fruitb,qwen2.5:7b,1.5,154,scattergories,blueberry,blueberry
fruitb,qwen2.5:7b,1.5,155,scattergories,blueberry,blueberry
fruitb,qwen2.5:7b,1.5,156,scattergories,berry,berry
fruitb,qwen2.5:7b,1.5,157,scattergories,blueberry,blueberry
fruitb,qwen2.5:7b,1.5,158,scattergories,banana,banana
fruitb,qwen2.5:7b,1.5,159,scattergories,banana,banana
fruitb,qwen2.5:7b,1.5,160,scattergories,blueberry,blueberry
fruitb,qwen2.5:7b,1.5,161,scattergories,blueberry,blueberry
fruitb,qwen2.5:7b,1.5,162,scattergories,banana,banana
fruitb,qwen2.5:7b,1.5,163,scattergories,banana,banana
fruitb,qwen2.5:7b,1.5,164,scattergories,banana,banana
fruitb,qwen2.5:7b,1.5,165,scattergories,banana,banana
fruitb,qwen2.5:7b,1.5,166,scattergories,berry,berry
fruitb,qwen2.5:7b,1.5,167,scattergories,blueberry,blueberry
fruitb,qwen2.5:7b,1.5,168,scattergories,blueberry,blueberry
fruitb,qwen2.5:7b,1.5,169,scattergories,banana,banana
fruitb,qwen2.5:7b,1.5,170,scattergories,blueberry,blueberry
fruitb,qwen2.5:7b,1.5,171,scattergories,blueberry,blueberry
fruitb,qwen2.5:7b,1.5,172,scattergories,blueberry,blueberry
fruitb,qwen2.5:7b,1.5,173,scattergories,blueberry,blueberry
fruitb,qwen2.5:7b,1.5,174,scattergories,blueberry,blueberry
fruitb,qwen2.5:7b,1.5,175,scattergories,blueberry,blueberry
fruitb,qwen2.5:7b,1.5,176,scattergories,berry,berry
fruitb,qwen2.5:7b,1.5,177,scattergories,banana,banana
fruitb,qwen2.5:7b,1.5,178,scattergories,blueberry,blueberry
fruitb,qwen2.5:7b,1.5,179,scattergories,blueberry,blueberry
fruitb,qwen2.5:7b,1.5,180,scattergories,blueberry,blueberry
fruitb,qwen2.5:7b,1.5,181,scattergories,blueberry,blueberry
fruitb,qwen2.5:7b,1.5,182,scattergories,banana,banana
fruitb,qwen2.5:7b,1.5,183,scattergories,blueberry,blueberry
fruitb,qwen2.5:7b,1.5,184,scattergories,blueberry,blueberry
fruitb,qwen2.5:7b,1.5,185,scattergories,blueberry,blueberry
fruitb,qwen2.5:7b,1.5,186,scattergories,banana,banana
fruitb,qwen2.5:7b,1.5,187,scattergories,blueberry,blueberry
fruitb,qwen2.5:7b,1.5,188,scattergories,banana,banana
fruitb,qwen2.5:7b,1.5,189,scattergories,banana,banana
fruitb,qwen2.5:7b,1.5,190,scattergories,blueberry,blueberry
fruitb,qwen2.5:7b,1.5,191,scattergories,banana,banana
fruitb,qwen2.5:7b,1.5,192,scattergories,blueberry,blueberry
fruitb,qwen2.5:7b,1.5,193,scattergories,blueberry,blueberry
fruitb,qwen2.5:7b,1.5,194,scattergories,banana,banana
fruitb,qwen2.5:7b,1.5,195,scattergories,blueberry,blueberry
fruitb,qwen2.5:7b,1.5,196,scattergories,banana,banana
fruitb,qwen2.5:7b,1.5,197,scattergories,banana,banana
fruitb,qwen2.5:7b,1.5,198,scattergories,blueberry,blueberry
fruitb,qwen2.5:7b,1.5,199,scattergories,banana,banana
fruitb,qwen2.5:7b,1.5,200,scattergories,blueberry,blueberry
fruitb,qwen2.5:7b,1.5,201,scattergories,blueberry,blueberry
fruitb,qwen2.5:7b,1.5,202,scattergories,berry,berry
fruitb,qwen2.5:7b,1.5,203,scattergories,banana,banana
fruitb,qwen2.5:7b,1.5,204,scattergories,berry,berry
fruitb,qwen2.5:7b,1.5,205,scattergories,blueberry,blueberry
fruitb,qwen2.5:7b,1.5,206,scattergories,blueberry,blueberry
fruitb,qwen2.5:7b,1.5,207,scattergories,blueberry,blueberry
fruitb,qwen2.5:7b,1.5,208,scattergories,berry,berry
fruitb,qwen2.5:7b,1.5,209,scattergories,blueberry,blueberry
fruitb,qwen2.5:7b,1.5,210,scattergories,banana,banana
fruitb,qwen2.5:7b,1.5,211,scattergories,blueberry,blueberry
fruitb,qwen2.5:7b,1.5,212,scattergories,banana,banana
fruitb,qwen2.5:7b,1.5,213,scattergories,banana,banana
fruitb,qwen2.5:7b,1.5,214,scattergories,blueberry,blueberry
fruitb,qwen2.5:7b,1.5,215,scattergories,banana,banana
fruitb,qwen2.5:7b,1.5,216,scattergories,berry,berry
fruitb,qwen2.5:7b,1.5,217,scattergories,banana,banana
fruitb,qwen2.5:7b,1.5,218,scattergories,blueberry,blueberry
fruitb,qwen2.5:7b,1.5,219,scattergories,blueberry,blueberry
fruitb,qwen2.5:7b,1.5,220,scattergories,blueberry,blueberry
fruitb,qwen2.5:7b,1.5,221,scattergories,berry,berry
fruitb,qwen2.5:7b,1.5,222,scattergories,blueberry,blueberry
fruitb,qwen2.5:7b,1.5,223,scattergories,blueberry,blueberry
fruitb,qwen2.5:7b,1.5,224,scattergories,berry,berry
fruitb,qwen2.5:7b,1.5,225,scattergories,blueberry,blueberry
fruitb,qwen2.5:7b,1.5,226,scattergories,blueberry,blueberry
fruitb,qwen2.5:7b,1.5,227,scattergories,blueberry,blueberry
fruitb,qwen2.5:7b,1.5,228,scattergories,blueberry,blueberry
fruitb,qwen2.5:7b,1.5,229,scattergories,banana,banana
fruitb,qwen2.5:7b,1.5,230,scattergories,blueberry,blueberry
fruitb,qwen2.5:7b,1.5,231,scattergories,blueberry,blueberry
fruitb,qwen2.5:7b,1.5,232,scattergories,banana,banana
fruitb,qwen2.5:7b,1.5,233,scattergories,blueberry,blueberry
fruitb,qwen2.5:7b,1.5,234,scattergories,banana,banana
fruitb,qwen2.5:7b,1.5,235,scattergories,blueberry,blueberry
fruitb,qwen2.5:7b,1.5,236,scattergories,blueberry,blueberry
fruitb,qwen2.5:7b,1.5,237,scattergories,berry,berry
fruitb,qwen2.5:7b,1.5,238,scattergories,blueberry,blueberry
fruitb,qwen2.5:7b,1.5,239,scattergories,blueberry,blueberry
fruitb,qwen2.5:7b,1.5,240,scattergories,banana,banana
fruitb,qwen2.5:7b,1.5,241,scattergories,blueberry,blueberry
fruitb,qwen2.5:7b,1.5,242,scattergories,blueberry,blueberry
fruitb,qwen2.5:7b,1.5,243,scattergories,blueberry,blueberry
fruitb,qwen2.5:7b,1.5,244,scattergories,blueberry,blueberry
fruitb,qwen2.5:7b,1.5,245,scattergories,blueberry,blueberry
fruitb,qwen2.5:7b,1.5,246,scattergories,banana,banana
fruitb,qwen2.5:7b,1.5,247,scattergories,blueberry,blueberry
fruitb,qwen2.5:7b,1.5,248,scattergories,banana,banana
fruitb,qwen2.5:7b,1.5,249,scattergories,blueberry,blueberry
fruitb,qwen2.5:7b,1.5,250,scattergories,berry,berry
fruitb,qwen2.5:7b,1.5,251,scattergories,banana,banana
fruitb,qwen2.5:7b,1.5,252,scattergories,blueberry,blueberry
fruitb,qwen2.5:7b,1.5,253,scattergories,banana,banana
fruitb,qwen2.5:7b,1.5,254,scattergories,blueberry,blueberry
fruitb,qwen2.5:7b,1.5,255,scattergories,blueberry,blueberry
fruitb,qwen2.5:7b,1.5,256,scattergories,banana,banana
fruitb,qwen2.5:7b,1.5,257,scattergories,blueberry,blueberry
fruitb,qwen2.5:7b,1.5,258,scattergories,banana,banana
fruitb,qwen2.5:7b,1.5,259,scattergories,banana,banana
fruitb,qwen2.5:7b,1.5,260,scattergories,berry,berry
fruitb,qwen2.5:7b,1.5,261,scattergories,banana,banana
fruitb,qwen2.5:7b,1.5,262,scattergories,blueberry,blueberry
fruitb,qwen2.5:7b,1.5,263,scattergories,banana,banana
fruitb,qwen2.5:7b,1.5,264,scattergories,banana,banana
fruitb,qwen2.5:7b,1.5,265,scattergories,banana,banana
fruitb,qwen2.5:7b,1.5,266,scattergories,banana,banana
fruitb,qwen2.5:7b,1.5,267,scattergories,blueberry,blueberry
fruitb,qwen2.5:7b,1.5,268,scattergories,blueberry,blueberry
fruitb,qwen2.5:7b,1.5,269,scattergories,blueberry,blueberry
fruitb,qwen2.5:7b,1.5,270,scattergories,blueberry,blueberry
fruitb,qwen2.5:7b,1.5,271,scattergories,banana,banana
fruitb,qwen2.5:7b,1.5,272,scattergories,blueberry,blueberry
fruitb,qwen2.5:7b,1.5,273,scattergories,blueberry,blueberry
fruitb,qwen2.5:7b,1.5,274,scattergories,blueberry,blueberry
fruitb,qwen2.5:7b,1.5,275,scattergories,banana,banana
fruitb,qwen2.5:7b,1.5,276,scattergories,banana,banana
fruitb,qwen2.5:7b,1.5,277,scattergories,banana,banana
fruitb,qwen2.5:7b,1.5,278,scattergories,blueberry,blueberry
fruitb,qwen2.5:7b,1.5,279,scattergories,banana,banana
fruitb,qwen2.5:7b,1.5,280,scattergories,blueberry,blueberry
fruitb,qwen2.5:7b,1.5,281,scattergories,blueberry,blueberry
fruitb,qwen2.5:7b,1.5,282,scattergories,banana,banana
fruitb,qwen2.5:7b,1.5,283,scattergories,berry,berry
fruitb,qwen2.5:7b,1.5,284,scattergories,banana,banana
fruitb,qwen2.5:7b,1.5,285,scattergories,blueberry,blueberry
fruitb,qwen2.5:7b,1.5,286,scattergories,blueberry,blueberry
fruitb,qwen2.5:7b,1.5,287,scattergories,banana,banana
fruitb,qwen2.5:7b,1.5,288,scattergories,banana,banana
fruitb,qwen2.5:7b,1.5,289,scattergories,blueberry,blueberry
fruitb,qwen2.5:7b,1.5,290,scattergories,blueberry,blueberry
fruitb,qwen2.5:7b,1.5,291,scattergories,blueberry,blueberry
fruitb,qwen2.5:7b,1.5,292,scattergories,blueberry,blueberry
fruitb,qwen2.5:7b,1.5,293,scattergories,blueberry,blueberry
fruitb,qwen2.5:7b,1.5,294,scattergories,blueberry,blueberry
fruitb,qwen2.5:7b,1.5,295,scattergories,blueberry,blueberry
fruitb,qwen2.5:7b,1.5,296,scattergories,blueberry,blueberry
fruitb,qwen2.5:7b,1.5,297,scattergories,banana,banana
fruitb,qwen2.5:7b,1.5,298,scattergories,blueberry,blueberry
fruitb,qwen2.5:7b,1.5,299,scattergories,banana,banana
fruitb,qwen2.5:7b,1.5,300,scattergories,blueberry,blueberry
fruitb,qwen2.5:7b,1.5,301,scattergories,blueberry,blueberry
fruitb,qwen2.5:7b,1.5,302,scattergories,banana,banana
fruitb,qwen2.5:7b,1.5,303,scattergories,banana,banana
fruitb,qwen2.5:7b,1.5,304,scattergories,banana,banana
fruitb,qwen2.5:7b,1.5,305,scattergories,banana,banana
fruitb,qwen2.5:7b,1.5,306,scattergories,berry,berry
fruitb,qwen2.5:7b,1.5,307,scattergories,blueberry,blueberry
fruitb,qwen2.5:7b,1.5,308,scattergories,blueberry,blueberry
fruitb,qwen2.5:7b,1.5,309,scattergories,banana,banana
fruitb,qwen2.5:7b,1.5,310,scattergories,blueberry,blueberry
fruitb,qwen2.5:7b,1.5,311,scattergories,banana,banana
fruitb,qwen2.5:7b,1.5,312,scattergories,blueberry,blueberry
fruitb,qwen2.5:7b,1.5,313,scattergories,blueberry,blueberry
fruitb,qwen2.5:7b,1.5,314,scattergories,banana,banana
fruitb,qwen2.5:7b,1.5,315,scattergories,blueberry,blueberry
fruitb,qwen2.5:7b,1.5,316,scattergories,blueberry,blueberry
fruitb,qwen2.5:7b,1.5,317,scattergories,blueberry,blueberry
fruitb,qwen2.5:7b,1.5,318,scattergories,banana,banana
fruitb,qwen2.5:7b,1.5,319,scattergories,berry,berry
fruitb,qwen2.5:7b,1.5,320,scattergories,berry,berry
fruitb,qwen2.5:7b,1.5,321,scattergories,banana,banana
fruitb,qwen2.5:7b,1.5,322,scattergories,blueberry,blueberry
fruitb,qwen2.5:7b,1.5,323,scattergories,berry,berry
fruitb,qwen2.5:7b,1.5,324,scattergories,blueberry,blueberry
fruitb,qwen2.5:7b,1.5,325,scattergories,blueberry,blueberry
fruitb,qwen2.5:7b,1.5,326,scattergories,blueberry,blueberry
fruitb,qwen2.5:7b,1.5,327,scattergories,berry,berry
fruitb,qwen2.5:7b,1.5,328,scattergories,blueberry,blueberry
fruitb,qwen2.5:7b,1.5,329,scattergories,blueberry,blueberry
fruitb,qwen2.5:7b,1.5,330,scattergories,blueberry,blueberry
fruitb,qwen2.5:7b,1.5,331,scattergories,blueberry,blueberry
fruitb,qwen2.5:7b,1.5,332,scattergories,blueberry,blueberry
fruitb,qwen2.5:7b,1.5,333,scattergories,blueberry,blueberry
fruitb,qwen2.5:7b,1.5,334,scattergories,blueberry,blueberry
fruitb,qwen2.5:7b,1.5,335,scattergories,blueberry,blueberry
fruitb,qwen2.5:7b,1.5,336,scattergories,blueberry,blueberry
fruitb,qwen2.5:7b,1.5,337,scattergories,blueberry,blueberry
fruitb,qwen2.5:7b,1.5,338,scattergories,blueberry,blueberry
fruitb,qwen2.5:7b,1.5,339,scattergories,banana,banana
fruitb,qwen2.5:7b,1.5,340,scattergories,blueberry,blueberry
fruitb,qwen2.5:7b,1.5,341,scattergories,blueberry,blueberry
fruitb,qwen2.5:7b,1.5,342,scattergories,banana,banana
fruitb,qwen2.5:7b,1.5,343,scattergories,blueberry,blueberry
fruitb,qwen2.5:7b,1.5,344,scattergories,berry,berry
fruitb,qwen2.5:7b,1.5,345,scattergories,blueberry,blueberry
fruitb,qwen2.5:7b,1.5,346,scattergories,blueberry,blueberry
fruitb,qwen2.5:7b,1.5,347,scattergories,blueberry,blueberry
fruitb,qwen2.5:7b,1.5,348,scattergories,banana,banana
fruitb,qwen2.5:7b,1.5,349,scattergories,banana,banana
fruitb,qwen2.5:7b,1.5,350,scattergories,blueberry,blueberry
fruitb,qwen2.5:7b,1.5,351,scattergories,blueberry,blueberry
fruitb,qwen2.5:7b,1.5,352,scattergories,berry,berry
fruitb,qwen2.5:7b,1.5,353,scattergories,banana,banana
fruitb,qwen2.5:7b,1.5,354,scattergories,banana,banana
fruitb,qwen2.5:7b,1.5,355,scattergories,banana,banana
fruitb,qwen2.5:7b,1.5,356,scattergories,banana,banana
fruitb,qwen2.5:7b,1.5,357,scattergories,banana,banana
fruitb,qwen2.5:7b,1.5,358,scattergories,blueberry,blueberry
fruitb,qwen2.5:7b,1.5,359,scattergories,blueberry,blueberry
fruitb,qwen2.5:7b,1.5,360,scattergories,blueberry,blueberry
fruitb,qwen2.5:7b,1.5,361,scattergories,blueberry,blueberry
fruitb,qwen2.5:7b,1.5,362,scattergories,blueberry,blueberry
fruitb,qwen2.5:7b,1.5,363,scattergories,berry,berry
fruitb,qwen2.5:7b,1.5,364,scattergories,berry,berry
fruitb,qwen2.5:7b,1.5,365,scattergories,blueberry,blueberry
fruitb,qwen2.5:7b,1.5,366,scattergories,banana,banana
fruitb,qwen2.5:7b,1.5,367,scattergories,berry,berry
fruitb,qwen2.5:7b,1.5,368,scattergories,banana,banana
fruitb,qwen2.5:7b,1.5,369,scattergories,banana,banana
fruitb,qwen2.5:7b,1.5,370,scattergories,banana,banana
fruitb,qwen2.5:7b,1.5,371,scattergories,banana,banana
fruitb,qwen2.5:7b,1.5,372,scattergories,banana,banana
fruitb,qwen2.5:7b,1.5,373,scattergories,blueberry,blueberry
fruitb,qwen2.5:7b,1.5,374,scattergories,blueberry,blueberry
fruitb,qwen2.5:7b,1.5,375,scattergories,berry,berry
fruitb,qwen2.5:7b,1.5,376,scattergories,blueberry,blueberry
fruitb,qwen2.5:7b,1.5,377,scattergories,berry,berry
fruitb,qwen2.5:7b,1.5,378,scattergories,blueberry,blueberry
fruitb,qwen2.5:7b,1.5,379,scattergories,berry,berry
fruitb,qwen2.5:7b,1.5,380,scattergories,blueberry,blueberry
fruitb,qwen2.5:7b,1.5,381,scattergories,blueberry,blueberry
fruitb,qwen2.5:7b,1.5,382,scattergories,blueberry,blueberry
fruitb,qwen2.5:7b,1.5,383,scattergories,banana,banana
fruitb,qwen2.5:7b,1.5,384,scattergories,blueberry,blueberry
fruitb,qwen2.5:7b,1.5,385,scattergories,blueberry,blueberry
fruitb,qwen2.5:7b,1.5,386,scattergories,blueberry,blueberry
fruitb,qwen2.5:7b,1.5,387,scattergories,berry,berry
fruitb,qwen2.5:7b,1.5,388,scattergories,blueberry,blueberry
fruitb,qwen2.5:7b,1.5,389,scattergories,blueberry,blueberry
fruitb,qwen2.5:7b,1.5,390,scattergories,banana,banana
fruitb,qwen2.5:7b,1.5,391,scattergories,blueberry,blueberry
fruitb,qwen2.5:7b,1.5,392,scattergories,blueberry,blueberry
fruitb,qwen2.5:7b,1.5,393,scattergories,blueberry,blueberry
fruitb,qwen2.5:7b,1.5,394,scattergories,blueberry,blueberry
fruitb,qwen2.5:7b,1.5,395,scattergories,banana,banana
fruitb,qwen2.5:7b,1.5,396,scattergories,banana,banana
fruitb,qwen2.5:7b,1.5,397,scattergories,banana,banana
fruitb,qwen2.5:7b,1.5,398,scattergories,blueberry,blueberry
fruitb,qwen2.5:7b,1.5,399,scattergories,blueberry,blueberry
fruitb,qwen2.5:7b,1.5,400,scattergories,blueberry,blueberry
fruitb,qwen2.5:7b,1.5,401,scattergories,blueberry,blueberry
fruitb,qwen2.5:7b,1.5,402,scattergories,blueberry,blueberry
fruitb,qwen2.5:7b,1.5,403,scattergories,banana,banana
fruitb,qwen2.5:7b,1.5,404,scattergories,banana,banana
fruitb,qwen2.5:7b,1.5,405,scattergories,blueberry,blueberry
fruitb,qwen2.5:7b,1.5,406,scattergories,blueberry,blueberry
fruitb,qwen2.5:7b,1.5,407,scattergories,blueberry,blueberry
fruitb,qwen2.5:7b,1.5,408,scattergories,banana,banana
fruitb,qwen2.5:7b,1.5,409,scattergories,blueberry,blueberry
fruitb,qwen2.5:7b,1.5,410,scattergories,blueberry,blueberry
fruitb,qwen2.5:7b,1.5,411,scattergories,banana,banana
fruitb,qwen2.5:7b,1.5,412,scattergories,berry,berry
fruitb,qwen2.5:7b,1.5,413,scattergories,blueberry,blueberry
fruitb,qwen2.5:7b,1.5,414,scattergories,blueberry,blueberry
fruitb,qwen2.5:7b,1.5,415,scattergories,blueberry,blueberry
fruitb,qwen2.5:7b,1.5,416,scattergories,blueberry,blueberry
fruitb,qwen2.5:7b,1.5,417,scattergories,blueberry,blueberry
fruitb,qwen2.5:7b,1.5,418,scattergories,banana,banana
fruitb,qwen2.5:7b,1.5,419,scattergories,blueberry,blueberry
fruitb,qwen2.5:7b,1.5,420,scattergories,banana,banana
fruitb,qwen2.5:7b,1.5,421,scattergories,blueberry,blueberry
fruitb,qwen2.5:7b,1.5,422,scattergories,blueberry,blueberry
fruitb,qwen2.5:7b,1.5,423,scattergories,blueberry,blueberry
fruitb,qwen2.5:7b,1.5,424,scattergories,blueberry,blueberry
fruitb,qwen2.5:7b,1.5,425,scattergories,berry,berry
fruitb,qwen2.5:7b,1.5,426,scattergories,blueberry,blueberry
fruitb,qwen2.5:7b,1.5,427,scattergories,blueberry,blueberry
fruitb,qwen2.5:7b,1.5,428,scattergories,blueberry,blueberry
fruitb,qwen2.5:7b,1.5,429,scattergories,banana,banana
fruitb,qwen2.5:7b,1.5,430,scattergories,berry,berry
fruitb,qwen2.5:7b,1.5,431,scattergories,blueberry,blueberry
fruitb,qwen2.5:7b,1.5,432,scattergories,blueberry,blueberry
fruitb,qwen2.5:7b,1.5,433,scattergories,blueberry,blueberry
fruitb,qwen2.5:7b,1.5,434,scattergories,banana,banana
fruitb,qwen2.5:7b,1.5,435,scattergories,blueberry,blueberry
fruitb,qwen2.5:7b,1.5,436,scattergories,berry,berry
fruitb,qwen2.5:7b,1.5,437,scattergories,banana,banana
fruitb,qwen2.5:7b,1.5,438,scattergories,blueberry,blueberry
fruitb,qwen2.5:7b,1.5,439,scattergories,blueberry,blueberry
fruitb,qwen2.5:7b,1.5,440,scattergories,blueberry,blueberry
fruitb,qwen2.5:7b,1.5,441,scattergories,blueberry,blueberry
fruitb,qwen2.5:7b,1.5,442,scattergories,blueberry,blueberry
fruitb,qwen2.5:7b,1.5,443,scattergories,banana,banana
fruitb,qwen2.5:7b,1.5,444,scattergories,banana,banana
fruitb,qwen2.5:7b,1.5,445,scattergories,banana,banana
fruitb,qwen2.5:7b,1.5,446,scattergories,banana,banana
fruitb,qwen2.5:7b,1.5,447,scattergories,blueberry,blueberry
fruitb,qwen2.5:7b,1.5,448,scattergories,banana,banana
fruitb,qwen2.5:7b,1.5,449,scattergories,blueberry,blueberry
fruitb,qwen2.5:7b,1.5,450,scattergories,banana,banana
fruitb,qwen2.5:7b,1.5,451,scattergories,banana,banana
fruitb,qwen2.5:7b,1.5,452,scattergories,blueberry,blueberry
fruitb,qwen2.5:7b,1.5,453,scattergories,blueberry,blueberry
fruitb,qwen2.5:7b,1.5,454,scattergories,blueberry,blueberry
fruitb,qwen2.5:7b,1.5,455,scattergories,banana,banana
fruitb,qwen2.5:7b,1.5,456,scattergories,blueberry,blueberry
fruitb,qwen2.5:7b,1.5,457,scattergories,blueberry,blueberry
fruitb,qwen2.5:7b,1.5,458,scattergories,banana,banana
fruitb,qwen2.5:7b,1.5,459,scattergories,banana,banana
fruitb,qwen2.5:7b,1.5,460,scattergories,blueberry,blueberry
fruitb,qwen2.5:7b,1.5,461,scattergories,berry,berry
fruitb,qwen2.5:7b,1.5,462,scattergories,berry,berry
fruitb,qwen2.5:7b,1.5,463,scattergories,banana,banana
fruitb,qwen2.5:7b,1.5,464,scattergories,blueberry,blueberry
fruitb,qwen2.5:7b,1.5,465,scattergories,banana,banana
fruitb,qwen2.5:7b,1.5,466,scattergories,banana,banana
fruitb,qwen2.5:7b,1.5,467,scattergories,blueberry,blueberry
fruitb,qwen2.5:7b,1.5,468,scattergories,berry,berry
fruitb,qwen2.5:7b,1.5,469,scattergories,berry,berry
fruitb,qwen2.5:7b,1.5,470,scattergories,blueberry,blueberry
fruitb,qwen2.5:7b,1.5,471,scattergories,blueberry,blueberry
fruitb,qwen2.5:7b,1.5,472,scattergories,berry,berry
fruitb,qwen2.5:7b,1.5,473,scattergories,blueberry,blueberry
fruitb,qwen2.5:7b,1.5,474,scattergories,blueberry,blueberry
fruitb,qwen2.5:7b,1.5,475,scattergories,blueberry,blueberry
fruitb,qwen2.5:7b,1.5,476,scattergories,blueberry,blueberry
fruitb,qwen2.5:7b,1.5,477,scattergories,blueberry,blueberry
fruitb,qwen2.5:7b,1.5,478,scattergories,berry,berry
fruitb,qwen2.5:7b,1.5,479,scattergories,berry,berry
fruitb,qwen2.5:7b,1.5,480,scattergories,blueberry,blueberry
fruitb,qwen2.5:7b,1.5,481,scattergories,blueberry,blueberry
fruitb,qwen2.5:7b,1.5,482,scattergories,blueberry,blueberry
fruitb,qwen2.5:7b,1.5,483,scattergories,blueberry,blueberry
fruitb,qwen2.5:7b,1.5,484,scattergories,berry,berry
fruitb,qwen2.5:7b,1.5,485,scattergories,blueberry,blueberry
fruitb,qwen2.5:7b,1.5,486,scattergories,banana,banana
fruitb,qwen2.5:7b,1.5,487,scattergories,banana,banana
fruitb,qwen2.5:7b,1.5,488,scattergories,banana,banana
fruitb,qwen2.5:7b,1.5,489,scattergories,blueberry,blueberry
fruitb,qwen2.5:7b,1.5,490,scattergories,banana,banana
fruitb,qwen2.5:7b,1.5,491,scattergories,blueberry,blueberry
fruitb,qwen2.5:7b,1.5,492,scattergories,blueberry,blueberry
fruitb,qwen2.5:7b,1.5,493,scattergories,banana,banana
fruitb,qwen2.5:7b,1.5,494,scattergories,berry,berry
fruitb,qwen2.5:7b,1.5,495,scattergories,blueberry,blueberry
fruitb,qwen2.5:7b,1.5,496,scattergories,blueberry,blueberry
fruitb,qwen2.5:7b,1.5,497,scattergories,blueberry,blueberry
fruitb,qwen2.5:7b,1.5,498,scattergories,banana,banana
fruitb,qwen2.5:7b,1.5,499,scattergories,berry,berry
fruitb,qwen2.5:7b,2.0,0,scattergories,blueberry,blueberry
fruitb,qwen2.5:7b,2.0,1,scattergories,banana,banana
fruitb,qwen2.5:7b,2.0,2,scattergories,berry,berry
fruitb,qwen2.5:7b,2.0,3,scattergories,banana,banana
fruitb,qwen2.5:7b,2.0,4,scattergories,blueberry,blueberry
fruitb,qwen2.5:7b,2.0,5,scattergories,banana,banana
fruitb,qwen2.5:7b,2.0,6,scattergories,berry,berry
fruitb,qwen2.5:7b,2.0,7,scattergories,banana,banana
fruitb,qwen2.5:7b,2.0,8,scattergories,blueberry,blueberry
fruitb,qwen2.5:7b,2.0,9,scattergories,blueberry,blueberry
fruitb,qwen2.5:7b,2.0,10,scattergories,banana,banana
fruitb,qwen2.5:7b,2.0,11,scattergories,blueberry,blueberry
fruitb,qwen2.5:7b,2.0,12,scattergories,blueberry,blueberry
fruitb,qwen2.5:7b,2.0,13,scattergories,banana,banana
fruitb,qwen2.5:7b,2.0,14,scattergories,blueberry,blueberry
fruitb,qwen2.5:7b,2.0,15,scattergories,blueberry,blueberry
fruitb,qwen2.5:7b,2.0,16,scattergories,blueberry,blueberry
fruitb,qwen2.5:7b,2.0,17,scattergories,blueberry,blueberry
fruitb,qwen2.5:7b,2.0,18,scattergories,blueberry,blueberry
fruitb,qwen2.5:7b,2.0,19,scattergories,blueberry,blueberry
fruitb,qwen2.5:7b,2.0,20,scattergories,blueberry,blueberry
fruitb,qwen2.5:7b,2.0,21,scattergories,blueberry,blueberry
fruitb,qwen2.5:7b,2.0,22,scattergories,blueberry,blueberry
fruitb,qwen2.5:7b,2.0,23,scattergories,blueberry,blueberry
fruitb,qwen2.5:7b,2.0,24,scattergories,banana,banana
fruitb,qwen2.5:7b,2.0,25,scattergories,blueberry,blueberry
fruitb,qwen2.5:7b,2.0,26,scattergories,blueberry,blueberry
fruitb,qwen2.5:7b,2.0,27,scattergories,banana,banana
fruitb,qwen2.5:7b,2.0,28,scattergories,blueberry,blueberry
fruitb,qwen2.5:7b,2.0,29,scattergories,blueberry,blueberry
fruitb,qwen2.5:7b,2.0,30,scattergories,blueberry,blueberry
fruitb,qwen2.5:7b,2.0,31,scattergories,banana,banana
fruitb,qwen2.5:7b,2.0,32,scattergories,blueberry,blueberry
fruitb,qwen2.5:7b,2.0,33,scattergories,berry,berry
fruitb,qwen2.5:7b,2.0,34,scattergories,banana,banana
fruitb,qwen2.5:7b,2.0,35,scattergories,blueberry,blueberry
fruitb,qwen2.5:7b,2.0,36,scattergories,banana,banana
fruitb,qwen2.5:7b,2.0,37,scattergories,berry,berry
fruitb,qwen2.5:7b,2.0,38,scattergories,banana,banana
fruitb,qwen2.5:7b,2.0,39,scattergories,banana,banana
fruitb,qwen2.5:7b,2.0,40,scattergories,blueberry,blueberry
fruitb,qwen2.5:7b,2.0,41,scattergories,berry,berry
fruitb,qwen2.5:7b,2.0,42,scattergories,blueberry,blueberry
fruitb,qwen2.5:7b,2.0,43,scattergories,blueberry,blueberry
fruitb,qwen2.5:7b,2.0,44,scattergories,banana,banana
fruitb,qwen2.5:7b,2.0,45,scattergories,banana,banana
fruitb,qwen2.5:7b,2.0,46,scattergories,berry,berry
fruitb,qwen2.5:7b,2.0,47,scattergories,blueberry,blueberry
fruitb,qwen2.5:7b,2.0,48,scattergories,banana,banana
fruitb,qwen2.5:7b,2.0,49,scattergories,blueberry,blueberry
fruitb,qwen2.5:7b,2.0,50,scattergories,blueberry,blueberry
fruitb,qwen2.5:7b,2.0,51,scattergories,blueberry,blueberry
fruitb,qwen2.5:7b,2.0,52,scattergories,banana,banana
fruitb,qwen2.5:7b,2.0,53,scattergories,blueberry,blueberry
fruitb,qwen2.5:7b,2.0,54,scattergories,blueberry,blueberry
fruitb,qwen2.5:7b,2.0,55,scattergories,blueberry,blueberry
fruitb,qwen2.5:7b,2.0,56,scattergories,banana,banana
fruitb,qwen2.5:7b,2.0,57,scattergories,banana,banana
fruitb,qwen2.5:7b,2.0,58,scattergories,blueberry,blueberry
fruitb,qwen2.5:7b,2.0,59,scattergories,banana,banana
fruitb,qwen2.5:7b,2.0,60,scattergories,blueberry,blueberry
fruitb,qwen2.5:7b,2.0,61,scattergories,banana,banana
fruitb,qwen2.5:7b,2.0,62,scattergories,banana,banana
fruitb,qwen2.5:7b,2.0,63,scattergories,berry,berry
fruitb,qwen2.5:7b,2.0,64,scattergories,banana,banana
fruitb,qwen2.5:7b,2.0,65,scattergories,blueberry,blueberry
fruitb,qwen2.5:7b,2.0,66,scattergories,blueberry,blueberry
fruitb,qwen2.5:7b,2.0,67,scattergories,blueberry,blueberry
fruitb,qwen2.5:7b,2.0,68,scattergories,banana,banana
fruitb,qwen2.5:7b,2.0,69,scattergories,blueberry,blueberry
fruitb,qwen2.5:7b,2.0,70,scattergories,banana,banana
fruitb,qwen2.5:7b,2.0,71,scattergories,banana,banana
fruitb,qwen2.5:7b,2.0,72,scattergories,blueberry,blueberry
fruitb,qwen2.5:7b,2.0,73,scattergories,blueberry,blueberry
fruitb,qwen2.5:7b,2.0,74,scattergories,blueberry,blueberry
fruitb,qwen2.5:7b,2.0,75,scattergories,berry,berry
fruitb,qwen2.5:7b,2.0,76,scattergories,banana,banana
fruitb,qwen2.5:7b,2.0,77,scattergories,blueberry,blueberry
fruitb,qwen2.5:7b,2.0,78,scattergories,banana,banana
fruitb,qwen2.5:7b,2.0,79,scattergories,blueberry,blueberry
fruitb,qwen2.5:7b,2.0,80,scattergories,blueberry,blueberry
fruitb,qwen2.5:7b,2.0,81,scattergories,blueberry,blueberry
fruitb,qwen2.5:7b,2.0,82,scattergories,banana,banana
fruitb,qwen2.5:7b,2.0,83,scattergories,banana,banana
fruitb,qwen2.5:7b,2.0,84,scattergories,blueberry,blueberry
fruitb,qwen2.5:7b,2.0,85,scattergories,berry,berry
fruitb,qwen2.5:7b,2.0,86,scattergories,banana,banana
fruitb,qwen2.5:7b,2.0,87,scattergories,banana,banana
fruitb,qwen2.5:7b,2.0,88,scattergories,blueberry,blueberry
fruitb,qwen2.5:7b,2.0,89,scattergories,blueberry,blueberry
fruitb,qwen2.5:7b,2.0,90,scattergories,blueberry,blueberry
fruitb,qwen2.5:7b,2.0,91,scattergories,banana,banana
fruitb,qwen2.5:7b,2.0,92,scattergories,blueberry,blueberry
fruitb,qwen2.5:7b,2.0,93,scattergories,banana,banana
fruitb,qwen2.5:7b,2.0,94,scattergories,blueberry,blueberry
fruitb,qwen2.5:7b,2.0,95,scattergories,blueberry,blueberry
fruitb,qwen2.5:7b,2.0,96,scattergories,berry,berry
fruitb,qwen2.5:7b,2.0,97,scattergories,blueberry,blueberry
fruitb,qwen2.5:7b,2.0,98,scattergories,blueberry,blueberry
fruitb,qwen2.5:7b,2.0,99,scattergories,blueberry,blueberry
fruitb,qwen2.5:7b,2.0,100,scattergories,blueberry,blueberry
fruitb,qwen2.5:7b,2.0,101,scattergories,blueberry,blueberry
fruitb,qwen2.5:7b,2.0,102,scattergories,blueberry,blueberry
fruitb,qwen2.5:7b,2.0,103,scattergories,banana,banana
fruitb,qwen2.5:7b,2.0,104,scattergories,blueberry,blueberry
fruitb,qwen2.5:7b,2.0,105,scattergories,blueberry,blueberry
fruitb,qwen2.5:7b,2.0,106,scattergories,blueberry,blueberry
fruitb,qwen2.5:7b,2.0,107,scattergories,banana,banana
fruitb,qwen2.5:7b,2.0,108,scattergories,blueberry,blueberry
fruitb,qwen2.5:7b,2.0,109,scattergories,blueberry,blueberry
fruitb,qwen2.5:7b,2.0,110,scattergories,berry,berry
fruitb,qwen2.5:7b,2.0,111,scattergories,banana,banana
fruitb,qwen2.5:7b,2.0,112,scattergories,berry,berry
fruitb,qwen2.5:7b,2.0,113,scattergories,banana,banana
fruitb,qwen2.5:7b,2.0,114,scattergories,banana,banana
fruitb,qwen2.5:7b,2.0,115,scattergories,blueberry,blueberry
fruitb,qwen2.5:7b,2.0,116,scattergories,blueberry,blueberry
fruitb,qwen2.5:7b,2.0,117,scattergories,blueberry,blueberry
fruitb,qwen2.5:7b,2.0,118,scattergories,blueberry,blueberry
fruitb,qwen2.5:7b,2.0,119,scattergories,banana,banana
fruitb,qwen2.5:7b,2.0,120,scattergories,banana,banana
fruitb,qwen2.5:7b,2.0,121,scattergories,banana,banana
fruitb,qwen2.5:7b,2.0,122,scattergories,banana,banana
fruitb,qwen2.5:7b,2.0,123,scattergories,berry,berry
fruitb,qwen2.5:7b,2.0,124,scattergories,blueberry,blueberry
fruitb,qwen2.5:7b,2.0,125,scattergories,blueberry,blueberry
fruitb,qwen2.5:7b,2.0,126,scattergories,banana,banana
fruitb,qwen2.5:7b,2.0,127,scattergories,blueberry,blueberry
fruitb,qwen2.5:7b,2.0,128,scattergories,blueberry,blueberry
fruitb,qwen2.5:7b,2.0,129,scattergories,blueberry,blueberry
fruitb,qwen2.5:7b,2.0,130,scattergories,banana,banana
fruitb,qwen2.5:7b,2.0,131,scattergories,blueberry,blueberry
fruitb,qwen2.5:7b,2.0,132,scattergories,blueberry,blueberry
fruitb,qwen2.5:7b,2.0,133,scattergories,blueberry,blueberry
fruitb,qwen2.5:7b,2.0,134,scattergories,blueberry,blueberry
fruitb,qwen2.5:7b,2.0,135,scattergories,banana,banana
fruitb,qwen2.5:7b,2.0,136,scattergories,berry,berry
fruitb,qwen2.5:7b,2.0,137,scattergories,banana,banana
fruitb,qwen2.5:7b,2.0,138,scattergories,blueberry,blueberry
fruitb,qwen2.5:7b,2.0,139,scattergories,banana,banana
fruitb,qwen2.5:7b,2.0,140,scattergories,blueberry,blueberry
fruitb,qwen2.5:7b,2.0,141,scattergories,banana,banana
fruitb,qwen2.5:7b,2.0,142,scattergories,blueberry,blueberry
fruitb,qwen2.5:7b,2.0,143,scattergories,banana,banana
fruitb,qwen2.5:7b,2.0,144,scattergories,blueberry,blueberry
fruitb,qwen2.5:7b,2.0,145,scattergories,blueberry,blueberry
fruitb,qwen2.5:7b,2.0,146,scattergories,blueberry,blueberry
fruitb,qwen2.5:7b,2.0,147,scattergories,blueberry,blueberry
fruitb,qwen2.5:7b,2.0,148,scattergories,blueberry,blueberry
fruitb,qwen2.5:7b,2.0,149,scattergories,blueberry,blueberry
fruitb,qwen2.5:7b,2.0,150,scattergories,blueberry,blueberry
fruitb,qwen2.5:7b,2.0,151,scattergories,blueberry,blueberry
fruitb,qwen2.5:7b,2.0,152,scattergories,blueberry,blueberry
fruitb,qwen2.5:7b,2.0,153,scattergories,banana,banana
fruitb,qwen2.5:7b,2.0,154,scattergories,banana,banana
fruitb,qwen2.5:7b,2.0,155,scattergories,blueberry,blueberry
fruitb,qwen2.5:7b,2.0,156,scattergories,banana,banana
fruitb,qwen2.5:7b,2.0,157,scattergories,blueberry,blueberry
fruitb,qwen2.5:7b,2.0,158,scattergories,berry,berry
fruitb,qwen2.5:7b,2.0,159,scattergories,berry,berry
fruitb,qwen2.5:7b,2.0,160,scattergories,blueberry,blueberry
fruitb,qwen2.5:7b,2.0,161,scattergories,blueberry,blueberry
fruitb,qwen2.5:7b,2.0,162,scattergories,banana,banana
fruitb,qwen2.5:7b,2.0,163,scattergories,blueberry,blueberry
fruitb,qwen2.5:7b,2.0,164,scattergories,blueberry,blueberry
fruitb,qwen2.5:7b,2.0,165,scattergories,blueberry,blueberry
fruitb,qwen2.5:7b,2.0,166,scattergories,blueberry,blueberry
fruitb,qwen2.5:7b,2.0,167,scattergories,blueberry,blueberry
fruitb,qwen2.5:7b,2.0,168,scattergories,blueberry,blueberry
fruitb,qwen2.5:7b,2.0,169,scattergories,blueberry,blueberry
fruitb,qwen2.5:7b,2.0,170,scattergories,banana,banana
fruitb,qwen2.5:7b,2.0,171,scattergories,banana,banana
fruitb,qwen2.5:7b,2.0,172,scattergories,blueberry,blueberry
fruitb,qwen2.5:7b,2.0,173,scattergories,blueberry,blueberry
fruitb,qwen2.5:7b,2.0,174,scattergories,berry,berry
fruitb,qwen2.5:7b,2.0,175,scattergories,banana,banana
fruitb,qwen2.5:7b,2.0,176,scattergories,blueberry,blueberry
fruitb,qwen2.5:7b,2.0,177,scattergories,blueberry,blueberry
fruitb,qwen2.5:7b,2.0,178,scattergories,banana,banana
fruitb,qwen2.5:7b,2.0,179,scattergories,blueberry,blueberry
fruitb,qwen2.5:7b,2.0,180,scattergories,banana,banana
fruitb,qwen2.5:7b,2.0,181,scattergories,blueberry,blueberry
fruitb,qwen2.5:7b,2.0,182,scattergories,blueberry,blueberry
fruitb,qwen2.5:7b,2.0,183,scattergories,banana,banana
fruitb,qwen2.5:7b,2.0,184,scattergories,blueberry,blueberry
fruitb,qwen2.5:7b,2.0,185,scattergories,berry,berry
fruitb,qwen2.5:7b,2.0,186,scattergories,blueberry,blueberry
fruitb,qwen2.5:7b,2.0,187,scattergories,berry,berry
fruitb,qwen2.5:7b,2.0,188,scattergories,blueberry,blueberry
fruitb,qwen2.5:7b,2.0,189,scattergories,blueberry,blueberry
fruitb,qwen2.5:7b,2.0,190,scattergories,blueberry,blueberry
fruitb,qwen2.5:7b,2.0,191,scattergories,blueberry,blueberry
fruitb,qwen2.5:7b,2.0,192,scattergories,berry,berry
fruitb,qwen2.5:7b,2.0,193,scattergories,berry,berry
fruitb,qwen2.5:7b,2.0,194,scattergories,blueberry,blueberry
fruitb,qwen2.5:7b,2.0,195,scattergories,berry,berry
fruitb,qwen2.5:7b,2.0,196,scattergories,banana,banana
fruitb,qwen2.5:7b,2.0,197,scattergories,blueberry,blueberry
fruitb,qwen2.5:7b,2.0,198,scattergories,banana,banana
fruitb,qwen2.5:7b,2.0,199,scattergories,banana,banana
fruitb,qwen2.5:7b,2.0,200,scattergories,berry,berry
fruitb,qwen2.5:7b,2.0,201,scattergories,blueberry,blueberry
fruitb,qwen2.5:7b,2.0,202,scattergories,blueberry,blueberry
fruitb,qwen2.5:7b,2.0,203,scattergories,blueberry,blueberry
fruitb,qwen2.5:7b,2.0,204,scattergories,berry,berry
fruitb,qwen2.5:7b,2.0,205,scattergories,blueberry,blueberry
fruitb,qwen2.5:7b,2.0,206,scattergories,blueberry,blueberry
fruitb,qwen2.5:7b,2.0,207,scattergories,blueberry,blueberry
fruitb,qwen2.5:7b,2.0,208,scattergories,banana,banana
fruitb,qwen2.5:7b,2.0,209,scattergories,banana,banana
fruitb,qwen2.5:7b,2.0,210,scattergories,berry,berry
fruitb,qwen2.5:7b,2.0,211,scattergories,banana,banana
fruitb,qwen2.5:7b,2.0,212,scattergories,blueberry,blueberry
fruitb,qwen2.5:7b,2.0,213,scattergories,banana,banana
fruitb,qwen2.5:7b,2.0,214,scattergories,blueberry,blueberry
fruitb,qwen2.5:7b,2.0,215,scattergories,blueberry,blueberry
fruitb,qwen2.5:7b,2.0,216,scattergories,blueberry,blueberry
fruitb,qwen2.5:7b,2.0,217,scattergories,blueberry,blueberry
fruitb,qwen2.5:7b,2.0,218,scattergories,blueberry,blueberry
fruitb,qwen2.5:7b,2.0,219,scattergories,blueberry,blueberry
fruitb,qwen2.5:7b,2.0,220,scattergories,berry,berry
fruitb,qwen2.5:7b,2.0,221,scattergories,blueberry,blueberry
fruitb,qwen2.5:7b,2.0,222,scattergories,banana,banana
fruitb,qwen2.5:7b,2.0,223,scattergories,blueberry,blueberry
fruitb,qwen2.5:7b,2.0,224,scattergories,banana,banana
fruitb,qwen2.5:7b,2.0,225,scattergories,banana,banana
fruitb,qwen2.5:7b,2.0,226,scattergories,banana,banana
fruitb,qwen2.5:7b,2.0,227,scattergories,blueberry,blueberry
fruitb,qwen2.5:7b,2.0,228,scattergories,blueberry,blueberry
fruitb,qwen2.5:7b,2.0,229,scattergories,blueberry,blueberry
fruitb,qwen2.5:7b,2.0,230,scattergories,blueberry,blueberry
fruitb,qwen2.5:7b,2.0,231,scattergories,banana,banana
fruitb,qwen2.5:7b,2.0,232,scattergories,blueberry,blueberry
fruitb,qwen2.5:7b,2.0,233,scattergories,blueberry,blueberry
fruitb,qwen2.5:7b,2.0,234,scattergories,berry,berry
fruitb,qwen2.5:7b,2.0,235,scattergories,blueberry,blueberry
fruitb,qwen2.5:7b,2.0,236,scattergories,banana,banana
fruitb,qwen2.5:7b,2.0,237,scattergories,banana,banana
fruitb,qwen2.5:7b,2.0,238,scattergories,blueberry,blueberry
fruitb,qwen2.5:7b,2.0,239,scattergories,banana,banana
fruitb,qwen2.5:7b,2.0,240,scattergories,blueberry,blueberry
fruitb,qwen2.5:7b,2.0,241,scattergories,banana,banana
fruitb,qwen2.5:7b,2.0,242,scattergories,banana,banana
fruitb,qwen2.5:7b,2.0,243,scattergories,berry,berry
fruitb,qwen2.5:7b,2.0,244,scattergories,blueberry,blueberry
fruitb,qwen2.5:7b,2.0,245,scattergories,blueberry,blueberry
fruitb,qwen2.5:7b,2.0,246,scattergories,blueberry,blueberry
fruitb,qwen2.5:7b,2.0,247,scattergories,banana,banana
fruitb,qwen2.5:7b,2.0,248,scattergories,blueberry,blueberry
fruitb,qwen2.5:7b,2.0,249,scattergories,banana,banana
fruitb,qwen2.5:7b,2.0,250,scattergories,blueberry,blueberry
fruitb,qwen2.5:7b,2.0,251,scattergories,banana,banana
fruitb,qwen2.5:7b,2.0,252,scattergories,banana,banana
fruitb,qwen2.5:7b,2.0,253,scattergories,berry,berry
fruitb,qwen2.5:7b,2.0,254,scattergories,banana,banana
fruitb,qwen2.5:7b,2.0,255,scattergories,blueberry,blueberry
fruitb,qwen2.5:7b,2.0,256,scattergories,berry,berry
fruitb,qwen2.5:7b,2.0,257,scattergories,banana,banana
fruitb,qwen2.5:7b,2.0,258,scattergories,blueberry,blueberry
fruitb,qwen2.5:7b,2.0,259,scattergories,berry,berry
fruitb,qwen2.5:7b,2.0,260,scattergories,blueberry,blueberry
fruitb,qwen2.5:7b,2.0,261,scattergories,blueberry,blueberry
fruitb,qwen2.5:7b,2.0,262,scattergories,banana,banana
fruitb,qwen2.5:7b,2.0,263,scattergories,blueberry,blueberry
fruitb,qwen2.5:7b,2.0,264,scattergories,blueberry,blueberry
fruitb,qwen2.5:7b,2.0,265,scattergories,berry,berry
fruitb,qwen2.5:7b,2.0,266,scattergories,banana,banana
fruitb,qwen2.5:7b,2.0,267,scattergories,blueberry,blueberry
fruitb,qwen2.5:7b,2.0,268,scattergories,blueberry,blueberry
fruitb,qwen2.5:7b,2.0,269,scattergories,banana,banana
fruitb,qwen2.5:7b,2.0,270,scattergories,banana,banana
fruitb,qwen2.5:7b,2.0,271,scattergories,blueberry,blueberry
fruitb,qwen2.5:7b,2.0,272,scattergories,banana,banana
fruitb,qwen2.5:7b,2.0,273,scattergories,blueberry,blueberry
fruitb,qwen2.5:7b,2.0,274,scattergories,blueberry,blueberry
fruitb,qwen2.5:7b,2.0,275,scattergories,blueberry,blueberry
fruitb,qwen2.5:7b,2.0,276,scattergories,berry,berry
fruitb,qwen2.5:7b,2.0,277,scattergories,banana,banana
fruitb,qwen2.5:7b,2.0,278,scattergories,blueberry,blueberry
fruitb,qwen2.5:7b,2.0,279,scattergories,blueberry,blueberry
fruitb,qwen2.5:7b,2.0,280,scattergories,blueberry,blueberry
fruitb,qwen2.5:7b,2.0,281,scattergories,berry,berry
fruitb,qwen2.5:7b,2.0,282,scattergories,blueberry,blueberry
fruitb,qwen2.5:7b,2.0,283,scattergories,banana,banana
fruitb,qwen2.5:7b,2.0,284,scattergories,banana,banana
fruitb,qwen2.5:7b,2.0,285,scattergories,blueberry,blueberry
fruitb,qwen2.5:7b,2.0,286,scattergories,blueberry,blueberry
fruitb,qwen2.5:7b,2.0,287,scattergories,banana,banana
fruitb,qwen2.5:7b,2.0,288,scattergories,blueberry,blueberry
fruitb,qwen2.5:7b,2.0,289,scattergories,blueberry,blueberry
fruitb,qwen2.5:7b,2.0,290,scattergories,blueberry,blueberry
fruitb,qwen2.5:7b,2.0,291,scattergories,banana,banana
fruitb,qwen2.5:7b,2.0,292,scattergories,berry,berry
fruitb,qwen2.5:7b,2.0,293,scattergories,banana,banana
fruitb,qwen2.5:7b,2.0,294,scattergories,banana,banana
fruitb,qwen2.5:7b,2.0,295,scattergories,berry,berry
fruitb,qwen2.5:7b,2.0,296,scattergories,blueberry,blueberry
fruitb,qwen2.5:7b,2.0,297,scattergories,berry,berry
fruitb,qwen2.5:7b,2.0,298,scattergories,blueberry,blueberry
fruitb,qwen2.5:7b,2.0,299,scattergories,banana,banana
fruitb,qwen2.5:7b,2.0,300,scattergories,blueberry,blueberry
fruitb,qwen2.5:7b,2.0,301,scattergories,blueberry,blueberry
fruitb,qwen2.5:7b,2.0,302,scattergories,banana,banana
fruitb,qwen2.5:7b,2.0,303,scattergories,berry,berry
fruitb,qwen2.5:7b,2.0,304,scattergories,banana,banana
fruitb,qwen2.5:7b,2.0,305,scattergories,berry,berry
fruitb,qwen2.5:7b,2.0,306,scattergories,banana,banana
fruitb,qwen2.5:7b,2.0,307,scattergories,blueberry,blueberry
fruitb,qwen2.5:7b,2.0,308,scattergories,blueberry,blueberry
fruitb,qwen2.5:7b,2.0,309,scattergories,banana,banana
fruitb,qwen2.5:7b,2.0,310,scattergories,blueberry,blueberry
fruitb,qwen2.5:7b,2.0,311,scattergories,berry,berry
fruitb,qwen2.5:7b,2.0,312,scattergories,blueberry,blueberry
fruitb,qwen2.5:7b,2.0,313,scattergories,banana,banana
fruitb,qwen2.5:7b,2.0,314,scattergories,berry,berry
fruitb,qwen2.5:7b,2.0,315,scattergories,banana,banana
fruitb,qwen2.5:7b,2.0,316,scattergories,berry,berry
fruitb,qwen2.5:7b,2.0,317,scattergories,berry,berry
fruitb,qwen2.5:7b,2.0,318,scattergories,blueberry,blueberry
fruitb,qwen2.5:7b,2.0,319,scattergories,blueberry,blueberry
fruitb,qwen2.5:7b,2.0,320,scattergories,banana,banana
fruitb,qwen2.5:7b,2.0,321,scattergories,banana,banana
fruitb,qwen2.5:7b,2.0,322,scattergories,blueberry,blueberry
fruitb,qwen2.5:7b,2.0,323,scattergories,banana,banana
fruitb,qwen2.5:7b,2.0,324,scattergories,blueberry,blueberry
fruitb,qwen2.5:7b,2.0,325,scattergories,banana,banana
fruitb,qwen2.5:7b,2.0,326,scattergories,blueberry,blueberry
fruitb,qwen2.5:7b,2.0,327,scattergories,blueberry,blueberry
fruitb,qwen2.5:7b,2.0,328,scattergories,blueberry,blueberry
fruitb,qwen2.5:7b,2.0,329,scattergories,blueberry,blueberry
fruitb,qwen2.5:7b,2.0,330,scattergories,blueberry,blueberry
fruitb,qwen2.5:7b,2.0,331,scattergories,berry,berry
fruitb,qwen2.5:7b,2.0,332,scattergories,blueberry,blueberry
fruitb,qwen2.5:7b,2.0,333,scattergories,banana,banana
fruitb,qwen2.5:7b,2.0,334,scattergories,berry,berry
fruitb,qwen2.5:7b,2.0,335,scattergories,banana,banana
fruitb,qwen2.5:7b,2.0,336,scattergories,blueberry,blueberry
fruitb,qwen2.5:7b,2.0,337,scattergories,blueberry,blueberry
fruitb,qwen2.5:7b,2.0,338,scattergories,blueberry,blueberry
fruitb,qwen2.5:7b,2.0,339,scattergories,blueberry,blueberry
fruitb,qwen2.5:7b,2.0,340,scattergories,banana,banana
fruitb,qwen2.5:7b,2.0,341,scattergories,berry,berry
fruitb,qwen2.5:7b,2.0,342,scattergories,banana,banana
fruitb,qwen2.5:7b,2.0,343,scattergories,blueberry,blueberry
fruitb,qwen2.5:7b,2.0,344,scattergories,banana,banana
fruitb,qwen2.5:7b,2.0,345,scattergories,blueberry,blueberry
fruitb,qwen2.5:7b,2.0,346,scattergories,banana,banana
fruitb,qwen2.5:7b,2.0,347,scattergories,blueberry,blueberry
fruitb,qwen2.5:7b,2.0,348,scattergories,blueberry,blueberry
fruitb,qwen2.5:7b,2.0,349,scattergories,blueberry,blueberry
fruitb,qwen2.5:7b,2.0,350,scattergories,blueberry,blueberry
fruitb,qwen2.5:7b,2.0,351,scattergories,blueberry,blueberry
fruitb,qwen2.5:7b,2.0,352,scattergories,banana,banana
fruitb,qwen2.5:7b,2.0,353,scattergories,blueberry,blueberry
fruitb,qwen2.5:7b,2.0,354,scattergories,banana,banana
fruitb,qwen2.5:7b,2.0,355,scattergories,blueberry,blueberry
fruitb,qwen2.5:7b,2.0,356,scattergories,banana,banana
fruitb,qwen2.5:7b,2.0,357,scattergories,blueberry,blueberry
fruitb,qwen2.5:7b,2.0,358,scattergories,berry,berry
fruitb,qwen2.5:7b,2.0,359,scattergories,blueberry,blueberry
fruitb,qwen2.5:7b,2.0,360,scattergories,blueberry,blueberry
fruitb,qwen2.5:7b,2.0,361,scattergories,blueberry,blueberry
fruitb,qwen2.5:7b,2.0,362,scattergories,banana,banana
fruitb,qwen2.5:7b,2.0,363,scattergories,blueberry,blueberry
fruitb,qwen2.5:7b,2.0,364,scattergories,banana,banana
fruitb,qwen2.5:7b,2.0,365,scattergories,banana,banana
fruitb,qwen2.5:7b,2.0,366,scattergories,blueberry,blueberry
fruitb,qwen2.5:7b,2.0,367,scattergories,berry,berry
fruitb,qwen2.5:7b,2.0,368,scattergories,blueberry,blueberry
fruitb,qwen2.5:7b,2.0,369,scattergories,blueberry,blueberry
fruitb,qwen2.5:7b,2.0,370,scattergories,banana,banana
fruitb,qwen2.5:7b,2.0,371,scattergories,banana,banana
fruitb,qwen2.5:7b,2.0,372,scattergories,blueberry,blueberry
fruitb,qwen2.5:7b,2.0,373,scattergories,blueberry,blueberry
fruitb,qwen2.5:7b,2.0,374,scattergories,blueberry,blueberry
fruitb,qwen2.5:7b,2.0,375,scattergories,blueberry,blueberry
fruitb,qwen2.5:7b,2.0,376,scattergories,blueberry,blueberry
fruitb,qwen2.5:7b,2.0,377,scattergories,banana,banana
fruitb,qwen2.5:7b,2.0,378,scattergories,blueberry,blueberry
fruitb,qwen2.5:7b,2.0,379,scattergories,blueberry,blueberry
fruitb,qwen2.5:7b,2.0,380,scattergories,berry,berry
fruitb,qwen2.5:7b,2.0,381,scattergories,banana,banana
fruitb,qwen2.5:7b,2.0,382,scattergories,blueberry,blueberry
fruitb,qwen2.5:7b,2.0,383,scattergories,blueberry,blueberry
fruitb,qwen2.5:7b,2.0,384,scattergories,blueberry,blueberry
fruitb,qwen2.5:7b,2.0,385,scattergories,banana,banana
fruitb,qwen2.5:7b,2.0,386,scattergories,berry,berry
fruitb,qwen2.5:7b,2.0,387,scattergories,banana,banana
fruitb,qwen2.5:7b,2.0,388,scattergories,blueberry,blueberry
fruitb,qwen2.5:7b,2.0,389,scattergories,banana,banana
fruitb,qwen2.5:7b,2.0,390,scattergories,berry,berry
fruitb,qwen2.5:7b,2.0,391,scattergories,banana,banana
fruitb,qwen2.5:7b,2.0,392,scattergories,berry,berry
fruitb,qwen2.5:7b,2.0,393,scattergories,blueberry,blueberry
fruitb,qwen2.5:7b,2.0,394,scattergories,blueberry,blueberry
fruitb,qwen2.5:7b,2.0,395,scattergories,banana,banana
fruitb,qwen2.5:7b,2.0,396,scattergories,banana,banana
fruitb,qwen2.5:7b,2.0,397,scattergories,blueberry,blueberry
fruitb,qwen2.5:7b,2.0,398,scattergories,blueberry,blueberry
fruitb,qwen2.5:7b,2.0,399,scattergories,blueberry,blueberry
fruitb,qwen2.5:7b,2.0,400,scattergories,berry,berry
fruitb,qwen2.5:7b,2.0,401,scattergories,blueberry,blueberry
fruitb,qwen2.5:7b,2.0,402,scattergories,banana,banana
fruitb,qwen2.5:7b,2.0,403,scattergories,banana,banana
fruitb,qwen2.5:7b,2.0,404,scattergories,blueberry,blueberry
fruitb,qwen2.5:7b,2.0,405,scattergories,berry,berry
fruitb,qwen2.5:7b,2.0,406,scattergories,berry,berry
fruitb,qwen2.5:7b,2.0,407,scattergories,berry,berry
fruitb,qwen2.5:7b,2.0,408,scattergories,banana,banana
fruitb,qwen2.5:7b,2.0,409,scattergories,berry,berry
fruitb,qwen2.5:7b,2.0,410,scattergories,banana,banana
fruitb,qwen2.5:7b,2.0,411,scattergories,blueberry,blueberry
fruitb,qwen2.5:7b,2.0,412,scattergories,blueberry,blueberry
fruitb,qwen2.5:7b,2.0,413,scattergories,banana,banana
fruitb,qwen2.5:7b,2.0,414,scattergories,blueberry,blueberry
fruitb,qwen2.5:7b,2.0,415,scattergories,blueberry,blueberry
fruitb,qwen2.5:7b,2.0,416,scattergories,blueberry,blueberry
fruitb,qwen2.5:7b,2.0,417,scattergories,blueberry,blueberry
fruitb,qwen2.5:7b,2.0,418,scattergories,banana,banana
fruitb,qwen2.5:7b,2.0,419,scattergories,blueberry,blueberry
fruitb,qwen2.5:7b,2.0,420,scattergories,blueberry,blueberry
fruitb,qwen2.5:7b,2.0,421,scattergories,berry,berry
fruitb,qwen2.5:7b,2.0,422,scattergories,banana,banana
fruitb,qwen2.5:7b,2.0,423,scattergories,blueberry,blueberry
fruitb,qwen2.5:7b,2.0,424,scattergories,blueberry,blueberry
fruitb,qwen2.5:7b,2.0,425,scattergories,banana,banana
fruitb,qwen2.5:7b,2.0,426,scattergories,blueberry,blueberry
fruitb,qwen2.5:7b,2.0,427,scattergories,banana,banana
fruitb,qwen2.5:7b,2.0,428,scattergories,banana,banana
fruitb,qwen2.5:7b,2.0,429,scattergories,blueberry,blueberry
fruitb,qwen2.5:7b,2.0,430,scattergories,blueberry,blueberry
fruitb,qwen2.5:7b,2.0,431,scattergories,banana,banana
fruitb,qwen2.5:7b,2.0,432,scattergories,blueberry,blueberry
fruitb,qwen2.5:7b,2.0,433,scattergories,blueberry,blueberry
fruitb,qwen2.5:7b,2.0,434,scattergories,blueberry,blueberry
fruitb,qwen2.5:7b,2.0,435,scattergories,blueberry,blueberry
fruitb,qwen2.5:7b,2.0,436,scattergories,blueberry,blueberry
fruitb,qwen2.5:7b,2.0,437,scattergories,berry,berry
fruitb,qwen2.5:7b,2.0,438,scattergories,blueberry,blueberry
fruitb,qwen2.5:7b,2.0,439,scattergories,berry,berry
fruitb,qwen2.5:7b,2.0,440,scattergories,blueberry,blueberry
fruitb,qwen2.5:7b,2.0,441,scattergories,banana,banana
fruitb,qwen2.5:7b,2.0,442,scattergories,berry,berry
fruitb,qwen2.5:7b,2.0,443,scattergories,banana,banana
fruitb,qwen2.5:7b,2.0,444,scattergories,banana,banana
fruitb,qwen2.5:7b,2.0,445,scattergories,banana,banana
fruitb,qwen2.5:7b,2.0,446,scattergories,blueberry,blueberry
fruitb,qwen2.5:7b,2.0,447,scattergories,blueberry,blueberry
fruitb,qwen2.5:7b,2.0,448,scattergories,blueberry,blueberry
fruitb,qwen2.5:7b,2.0,449,scattergories,banana,banana
fruitb,qwen2.5:7b,2.0,450,scattergories,blueberry,blueberry
fruitb,qwen2.5:7b,2.0,451,scattergories,blueberry,blueberry
fruitb,qwen2.5:7b,2.0,452,scattergories,blueberry,blueberry
fruitb,qwen2.5:7b,2.0,453,scattergories,banana,banana
fruitb,qwen2.5:7b,2.0,454,scattergories,blueberry,blueberry
fruitb,qwen2.5:7b,2.0,455,scattergories,blueberry,blueberry
fruitb,qwen2.5:7b,2.0,456,scattergories,blueberry,blueberry
fruitb,qwen2.5:7b,2.0,457,scattergories,blueberry,blueberry
fruitb,qwen2.5:7b,2.0,458,scattergories,blueberry,blueberry
fruitb,qwen2.5:7b,2.0,459,scattergories,blueberry,blueberry
fruitb,qwen2.5:7b,2.0,460,scattergories,blueberry,blueberry
fruitb,qwen2.5:7b,2.0,461,scattergories,blueberry,blueberry
fruitb,qwen2.5:7b,2.0,462,scattergories,blueberry,blueberry
fruitb,qwen2.5:7b,2.0,463,scattergories,blueberry,blueberry
fruitb,qwen2.5:7b,2.0,464,scattergories,berry,berry
fruitb,qwen2.5:7b,2.0,465,scattergories,berry,berry
fruitb,qwen2.5:7b,2.0,466,scattergories,banana,banana
fruitb,qwen2.5:7b,2.0,467,scattergories,banana,banana
fruitb,qwen2.5:7b,2.0,468,scattergories,blueberry,blueberry
fruitb,qwen2.5:7b,2.0,469,scattergories,banana,banana
fruitb,qwen2.5:7b,2.0,470,scattergories,banana,banana
fruitb,qwen2.5:7b,2.0,471,scattergories,blueberry,blueberry
fruitb,qwen2.5:7b,2.0,472,scattergories,blueberry,blueberry
fruitb,qwen2.5:7b,2.0,473,scattergories,blueberry,blueberry
fruitb,qwen2.5:7b,2.0,474,scattergories,blueberry,blueberry
fruitb,qwen2.5:7b,2.0,475,scattergories,berry,berry
fruitb,qwen2.5:7b,2.0,476,scattergories,banana,banana
fruitb,qwen2.5:7b,2.0,477,scattergories,blueberry,blueberry
fruitb,qwen2.5:7b,2.0,478,scattergories,blueberry,blueberry
fruitb,qwen2.5:7b,2.0,479,scattergories,blueberry,blueberry
fruitb,qwen2.5:7b,2.0,480,scattergories,banana,banana
fruitb,qwen2.5:7b,2.0,481,scattergories,berry,berry
fruitb,qwen2.5:7b,2.0,482,scattergories,blueberry,blueberry
fruitb,qwen2.5:7b,2.0,483,scattergories,blueberry,blueberry
fruitb,qwen2.5:7b,2.0,484,scattergories,blueberry,blueberry
fruitb,qwen2.5:7b,2.0,485,scattergories,blueberry,blueberry
fruitb,qwen2.5:7b,2.0,486,scattergories,blueberry,blueberry
fruitb,qwen2.5:7b,2.0,487,scattergories,berry,berry
fruitb,qwen2.5:7b,2.0,488,scattergories,banana,banana
fruitb,qwen2.5:7b,2.0,489,scattergories,blueberry,blueberry
fruitb,qwen2.5:7b,2.0,490,scattergories,blueberry,blueberry
fruitb,qwen2.5:7b,2.0,491,scattergories,banana,banana
fruitb,qwen2.5:7b,2.0,492,scattergories,banana,banana
fruitb,qwen2.5:7b,2.0,493,scattergories,berry,berry
fruitb,qwen2.5:7b,2.0,494,scattergories,banana,banana
fruitb,qwen2.5:7b,2.0,495,scattergories,berry,berry
fruitb,qwen2.5:7b,2.0,496,scattergories,berry,berry
fruitb,qwen2.5:7b,2.0,497,scattergories,blueberry,blueberry
fruitb,qwen2.5:7b,2.0,498,scattergories,berry,berry
fruitb,qwen2.5:7b,2.0,499,scattergories,blueberry,blueberry
fruitb,qwen2.5:7b,3.0,0,scattergories,banana,banana
fruitb,qwen2.5:7b,3.0,1,scattergories,blueberry,blueberry
fruitb,qwen2.5:7b,3.0,2,scattergories,blueberry,blueberry
fruitb,qwen2.5:7b,3.0,3,scattergories,berry,berry
fruitb,qwen2.5:7b,3.0,4,scattergories,banana,banana
fruitb,qwen2.5:7b,3.0,5,scattergories,banana,banana
fruitb,qwen2.5:7b,3.0,6,scattergories,berry,berry
fruitb,qwen2.5:7b,3.0,7,scattergories,banana,banana
fruitb,qwen2.5:7b,3.0,8,scattergories,banana,banana
fruitb,qwen2.5:7b,3.0,9,scattergories,blueberry,blueberry
fruitb,qwen2.5:7b,3.0,10,scattergories,banana,banana
fruitb,qwen2.5:7b,3.0,11,scattergories,blueberry,blueberry
fruitb,qwen2.5:7b,3.0,12,scattergories,banana,banana
fruitb,qwen2.5:7b,3.0,13,scattergories,blueberry,blueberry
fruitb,qwen2.5:7b,3.0,14,scattergories,berry,berry
fruitb,qwen2.5:7b,3.0,15,scattergories,blueberry,blueberry
fruitb,qwen2.5:7b,3.0,16,scattergories,blueberry,blueberry
fruitb,qwen2.5:7b,3.0,17,scattergories,blueberry,blueberry
fruitb,qwen2.5:7b,3.0,18,scattergories,blueberry,blueberry
fruitb,qwen2.5:7b,3.0,19,scattergories,berry,berry
fruitb,qwen2.5:7b,3.0,20,scattergories,banana,banana
fruitb,qwen2.5:7b,3.0,21,scattergories,banana,banana
fruitb,qwen2.5:7b,3.0,22,scattergories,banana,banana
fruitb,qwen2.5:7b,3.0,23,scattergories,banana,banana
fruitb,qwen2.5:7b,3.0,24,scattergories,banana,banana
fruitb,qwen2.5:7b,3.0,25,scattergories,blueberry,blueberry
fruitb,qwen2.5:7b,3.0,26,scattergories,banana,banana
fruitb,qwen2.5:7b,3.0,27,scattergories,blueberry,blueberry
fruitb,qwen2.5:7b,3.0,28,scattergories,banana,banana
fruitb,qwen2.5:7b,3.0,29,scattergories,blueberry,blueberry
fruitb,qwen2.5:7b,3.0,30,scattergories,banana,banana
fruitb,qwen2.5:7b,3.0,31,scattergories,banana,banana
fruitb,qwen2.5:7b,3.0,32,scattergories,blueberry,blueberry
fruitb,qwen2.5:7b,3.0,33,scattergories,banana,banana
fruitb,qwen2.5:7b,3.0,34,scattergories,banana,banana
fruitb,qwen2.5:7b,3.0,35,scattergories,berry,berry
fruitb,qwen2.5:7b,3.0,36,scattergories,blueberry,blueberry
fruitb,qwen2.5:7b,3.0,37,scattergories,blueberry,blueberry
fruitb,qwen2.5:7b,3.0,38,scattergories,berry,berry
fruitb,qwen2.5:7b,3.0,39,scattergories,banana,banana
fruitb,qwen2.5:7b,3.0,40,scattergories,banana,banana
fruitb,qwen2.5:7b,3.0,41,scattergories,banana,banana
fruitb,qwen2.5:7b,3.0,42,scattergories,blueberry,blueberry
fruitb,qwen2.5:7b,3.0,43,scattergories,blueberry,blueberry
fruitb,qwen2.5:7b,3.0,44,scattergories,berry,berry
fruitb,qwen2.5:7b,3.0,45,scattergories,blueberry,blueberry
fruitb,qwen2.5:7b,3.0,46,scattergories,blueberry,blueberry
fruitb,qwen2.5:7b,3.0,47,scattergories,berry,berry
fruitb,qwen2.5:7b,3.0,48,scattergories,blueberry,blueberry
fruitb,qwen2.5:7b,3.0,49,scattergories,blueberry,blueberry
fruitb,qwen2.5:7b,3.0,50,scattergories,banana,banana
fruitb,qwen2.5:7b,3.0,51,scattergories,banana,banana
fruitb,qwen2.5:7b,3.0,52,scattergories,banana,banana
fruitb,qwen2.5:7b,3.0,53,scattergories,banana,banana
fruitb,qwen2.5:7b,3.0,54,scattergories,blueberry,blueberry
fruitb,qwen2.5:7b,3.0,55,scattergories,banana,banana
fruitb,qwen2.5:7b,3.0,56,scattergories,blueberry,blueberry
fruitb,qwen2.5:7b,3.0,57,scattergories,berry,berry
fruitb,qwen2.5:7b,3.0,58,scattergories,banana,banana
fruitb,qwen2.5:7b,3.0,59,scattergories,berry,berry
fruitb,qwen2.5:7b,3.0,60,scattergories,berry,berry
fruitb,qwen2.5:7b,3.0,61,scattergories,berry,berry
fruitb,qwen2.5:7b,3.0,62,scattergories,blueberry,blueberry
fruitb,qwen2.5:7b,3.0,63,scattergories,blueberry,blueberry
fruitb,qwen2.5:7b,3.0,64,scattergories,banana,banana
fruitb,qwen2.5:7b,3.0,65,scattergories,banana,banana
fruitb,qwen2.5:7b,3.0,66,scattergories,berry,berry
fruitb,qwen2.5:7b,3.0,67,scattergories,berry,berry
fruitb,qwen2.5:7b,3.0,68,scattergories,blueberry,blueberry
fruitb,qwen2.5:7b,3.0,69,scattergories,blueberry,blueberry
fruitb,qwen2.5:7b,3.0,70,scattergories,berry,berry
fruitb,qwen2.5:7b,3.0,71,scattergories,blueberry,blueberry
fruitb,qwen2.5:7b,3.0,72,scattergories,berry,berry
fruitb,qwen2.5:7b,3.0,73,scattergories,banana,banana
fruitb,qwen2.5:7b,3.0,74,scattergories,blueberry,blueberry
fruitb,qwen2.5:7b,3.0,75,scattergories,berry,berry
fruitb,qwen2.5:7b,3.0,76,scattergories,berry,berry
fruitb,qwen2.5:7b,3.0,77,scattergories,berry,berry
fruitb,qwen2.5:7b,3.0,78,scattergories,blueberry,blueberry
fruitb,qwen2.5:7b,3.0,79,scattergories,blueberry,blueberry
fruitb,qwen2.5:7b,3.0,80,scattergories,blueberry,blueberry
fruitb,qwen2.5:7b,3.0,81,scattergories,blueberry,blueberry
fruitb,qwen2.5:7b,3.0,82,scattergories,blueberry,blueberry
fruitb,qwen2.5:7b,3.0,83,scattergories,berry,berry
fruitb,qwen2.5:7b,3.0,84,scattergories,blueberry,blueberry
fruitb,qwen2.5:7b,3.0,85,scattergories,blueberry,blueberry
fruitb,qwen2.5:7b,3.0,86,scattergories,berry,berry
fruitb,qwen2.5:7b,3.0,87,scattergories,blueberry,blueberry
fruitb,qwen2.5:7b,3.0,88,scattergories,banana,banana
fruitb,qwen2.5:7b,3.0,89,scattergories,blueberry,blueberry
fruitb,qwen2.5:7b,3.0,90,scattergories,banana,banana
fruitb,qwen2.5:7b,3.0,91,scattergories,berry,berry
fruitb,qwen2.5:7b,3.0,92,scattergories,berry,berry
fruitb,qwen2.5:7b,3.0,93,scattergories,blueberry,blueberry
fruitb,qwen2.5:7b,3.0,94,scattergories,blueberry,blueberry
fruitb,qwen2.5:7b,3.0,95,scattergories,berry,berry
fruitb,qwen2.5:7b,3.0,96,scattergories,banana,banana
fruitb,qwen2.5:7b,3.0,97,scattergories,banana,banana
fruitb,qwen2.5:7b,3.0,98,scattergories,blueberry,blueberry
fruitb,qwen2.5:7b,3.0,99,scattergories,banana,banana
fruitb,qwen2.5:7b,3.0,100,scattergories,blueberry,blueberry
fruitb,qwen2.5:7b,3.0,101,scattergories,blueberry,blueberry
fruitb,qwen2.5:7b,3.0,102,scattergories,blueberry,blueberry
fruitb,qwen2.5:7b,3.0,103,scattergories,blueberry,blueberry
fruitb,qwen2.5:7b,3.0,104,scattergories,blueberry,blueberry
fruitb,qwen2.5:7b,3.0,105,scattergories,banana,banana
fruitb,qwen2.5:7b,3.0,106,scattergories,berry,berry
fruitb,qwen2.5:7b,3.0,107,scattergories,blueberry,blueberry
fruitb,qwen2.5:7b,3.0,108,scattergories,banana,banana
fruitb,qwen2.5:7b,3.0,109,scattergories,blueberry,blueberry
fruitb,qwen2.5:7b,3.0,110,scattergories,blueberry,blueberry
fruitb,qwen2.5:7b,3.0,111,scattergories,blueberry,blueberry
fruitb,qwen2.5:7b,3.0,112,scattergories,berry,berry
fruitb,qwen2.5:7b,3.0,113,scattergories,banana,banana
fruitb,qwen2.5:7b,3.0,114,scattergories,banana,banana
fruitb,qwen2.5:7b,3.0,115,scattergories,berry,berry
fruitb,qwen2.5:7b,3.0,116,scattergories,banana,banana
fruitb,qwen2.5:7b,3.0,117,scattergories,banana,banana
fruitb,qwen2.5:7b,3.0,118,scattergories,banana,banana
fruitb,qwen2.5:7b,3.0,119,scattergories,banana,banana
fruitb,qwen2.5:7b,3.0,120,scattergories,blueberry,blueberry
fruitb,qwen2.5:7b,3.0,121,scattergories,banana,banana
fruitb,qwen2.5:7b,3.0,122,scattergories,blueberry,blueberry
fruitb,qwen2.5:7b,3.0,123,scattergories,banana,banana
fruitb,qwen2.5:7b,3.0,124,scattergories,blueberry,blueberry
fruitb,qwen2.5:7b,3.0,125,scattergories,berry,berry
fruitb,qwen2.5:7b,3.0,126,scattergories,blueberry,blueberry
fruitb,qwen2.5:7b,3.0,127,scattergories,banana,banana
fruitb,qwen2.5:7b,3.0,128,scattergories,berry,berry
fruitb,qwen2.5:7b,3.0,129,scattergories,berry,berry
fruitb,qwen2.5:7b,3.0,130,scattergories,berry,berry
fruitb,qwen2.5:7b,3.0,131,scattergories,banana,banana
fruitb,qwen2.5:7b,3.0,132,scattergories,banana,banana
fruitb,qwen2.5:7b,3.0,133,scattergories,banana,banana
fruitb,qwen2.5:7b,3.0,134,scattergories,blueberry,blueberry
fruitb,qwen2.5:7b,3.0,135,scattergories,blueberry,blueberry
fruitb,qwen2.5:7b,3.0,136,scattergories,banana,banana
fruitb,qwen2.5:7b,3.0,137,scattergories,blueberry,blueberry
fruitb,qwen2.5:7b,3.0,138,scattergories,berry,berry
fruitb,qwen2.5:7b,3.0,139,scattergories,blueberry,blueberry
fruitb,qwen2.5:7b,3.0,140,scattergories,blueberry,blueberry
fruitb,qwen2.5:7b,3.0,141,scattergories,berry,berry
fruitb,qwen2.5:7b,3.0,142,scattergories,blueberry,blueberry
fruitb,qwen2.5:7b,3.0,143,scattergories,blueberry,blueberry
fruitb,qwen2.5:7b,3.0,144,scattergories,blueberry,blueberry
fruitb,qwen2.5:7b,3.0,145,scattergories,banana,banana
fruitb,qwen2.5:7b,3.0,146,scattergories,banana,banana
fruitb,qwen2.5:7b,3.0,147,scattergories,banana,banana
fruitb,qwen2.5:7b,3.0,148,scattergories,blueberry,blueberry
fruitb,qwen2.5:7b,3.0,149,scattergories,blueberry,blueberry
fruitb,qwen2.5:7b,3.0,150,scattergories,blueberry,blueberry
fruitb,qwen2.5:7b,3.0,151,scattergories,banana,banana
fruitb,qwen2.5:7b,3.0,152,scattergories,berry,berry
fruitb,qwen2.5:7b,3.0,153,scattergories,banana,banana
fruitb,qwen2.5:7b,3.0,154,scattergories,banana,banana
fruitb,qwen2.5:7b,3.0,155,scattergories,banana,banana
fruitb,qwen2.5:7b,3.0,156,scattergories,banana,banana
fruitb,qwen2.5:7b,3.0,157,scattergories,berry,berry
fruitb,qwen2.5:7b,3.0,158,scattergories,blueberry,blueberry
fruitb,qwen2.5:7b,3.0,159,scattergories,blueberry,blueberry
fruitb,qwen2.5:7b,3.0,160,scattergories,banana,banana
fruitb,qwen2.5:7b,3.0,161,scattergories,berry,berry
fruitb,qwen2.5:7b,3.0,162,scattergories,blueberry,blueberry
fruitb,qwen2.5:7b,3.0,163,scattergories,blueberry,blueberry
fruitb,qwen2.5:7b,3.0,164,scattergories,blueberry,blueberry
fruitb,qwen2.5:7b,3.0,165,scattergories,blueberry,blueberry
fruitb,qwen2.5:7b,3.0,166,scattergories,blueberry,blueberry
fruitb,qwen2.5:7b,3.0,167,scattergories,blueberry,blueberry
fruitb,qwen2.5:7b,3.0,168,scattergories,berry,berry
fruitb,qwen2.5:7b,3.0,169,scattergories,blueberry,blueberry
fruitb,qwen2.5:7b,3.0,170,scattergories,banana,banana
fruitb,qwen2.5:7b,3.0,171,scattergories,banana,banana
fruitb,qwen2.5:7b,3.0,172,scattergories,blueberry,blueberry
fruitb,qwen2.5:7b,3.0,173,scattergories,blueberry,blueberry
fruitb,qwen2.5:7b,3.0,174,scattergories,blueberry,blueberry
fruitb,qwen2.5:7b,3.0,175,scattergories,banana,banana
fruitb,qwen2.5:7b,3.0,176,scattergories,banana,banana
fruitb,qwen2.5:7b,3.0,177,scattergories,blueberry,blueberry
fruitb,qwen2.5:7b,3.0,178,scattergories,berry,berry
fruitb,qwen2.5:7b,3.0,179,scattergories,banana,banana
fruitb,qwen2.5:7b,3.0,180,scattergories,blueberry,blueberry
fruitb,qwen2.5:7b,3.0,181,scattergories,berry,berry
fruitb,qwen2.5:7b,3.0,182,scattergories,blueberry,blueberry
fruitb,qwen2.5:7b,3.0,183,scattergories,banana,banana
fruitb,qwen2.5:7b,3.0,184,scattergories,blueberry,blueberry
fruitb,qwen2.5:7b,3.0,185,scattergories,blueberry,blueberry
fruitb,qwen2.5:7b,3.0,186,scattergories,blueberry,blueberry
fruitb,qwen2.5:7b,3.0,187,scattergories,banana,banana
fruitb,qwen2.5:7b,3.0,188,scattergories,berry,berry
fruitb,qwen2.5:7b,3.0,189,scattergories,blueberry,blueberry
fruitb,qwen2.5:7b,3.0,190,scattergories,banana,banana
fruitb,qwen2.5:7b,3.0,191,scattergories,blueberry,blueberry
fruitb,qwen2.5:7b,3.0,192,scattergories,banana,banana
fruitb,qwen2.5:7b,3.0,193,scattergories,banana,banana
fruitb,qwen2.5:7b,3.0,194,scattergories,banana,banana
fruitb,qwen2.5:7b,3.0,195,scattergories,berry,berry
fruitb,qwen2.5:7b,3.0,196,scattergories,blueberry,blueberry
fruitb,qwen2.5:7b,3.0,197,scattergories,berry,berry
fruitb,qwen2.5:7b,3.0,198,scattergories,banana,banana
fruitb,qwen2.5:7b,3.0,199,scattergories,berry,berry
fruitb,qwen2.5:7b,3.0,200,scattergories,blueberry,blueberry
fruitb,qwen2.5:7b,3.0,201,scattergories,banana,banana
fruitb,qwen2.5:7b,3.0,202,scattergories,blueberry,blueberry
fruitb,qwen2.5:7b,3.0,203,scattergories,blueberry,blueberry
fruitb,qwen2.5:7b,3.0,204,scattergories,blueberry,blueberry
fruitb,qwen2.5:7b,3.0,205,scattergories,blueberry,blueberry
fruitb,qwen2.5:7b,3.0,206,scattergories,blueberry,blueberry
fruitb,qwen2.5:7b,3.0,207,scattergories,banana,banana
fruitb,qwen2.5:7b,3.0,208,scattergories,banana,banana
fruitb,qwen2.5:7b,3.0,209,scattergories,blueberry,blueberry
fruitb,qwen2.5:7b,3.0,210,scattergories,blueberry,blueberry
fruitb,qwen2.5:7b,3.0,211,scattergories,blueberry,blueberry
fruitb,qwen2.5:7b,3.0,212,scattergories,blueberry,blueberry
fruitb,qwen2.5:7b,3.0,213,scattergories,banana,banana
fruitb,qwen2.5:7b,3.0,214,scattergories,banana,banana
fruitb,qwen2.5:7b,3.0,215,scattergories,berry,berry
fruitb,qwen2.5:7b,3.0,216,scattergories,blueberry,blueberry
fruitb,qwen2.5:7b,3.0,217,scattergories,blueberry,blueberry
fruitb,qwen2.5:7b,3.0,218,scattergories,blueberry,blueberry
fruitb,qwen2.5:7b,3.0,219,scattergories,blueberry,blueberry
fruitb,qwen2.5:7b,3.0,220,scattergories,banana,banana
fruitb,qwen2.5:7b,3.0,221,scattergories,blueberry,blueberry
fruitb,qwen2.5:7b,3.0,222,scattergories,blueberry,blueberry
fruitb,qwen2.5:7b,3.0,223,scattergories,blueberry,blueberry
fruitb,qwen2.5:7b,3.0,224,scattergories,blueberry,blueberry
fruitb,qwen2.5:7b,3.0,225,scattergories,banana,banana
fruitb,qwen2.5:7b,3.0,226,scattergories,banana,banana
fruitb,qwen2.5:7b,3.0,227,scattergories,blueberry,blueberry
fruitb,qwen2.5:7b,3.0,228,scattergories,blueberry,blueberry
fruitb,qwen2.5:7b,3.0,229,scattergories,banana,banana
fruitb,qwen2.5:7b,3.0,230,scattergories,blueberry,blueberry
fruitb,qwen2.5:7b,3.0,231,scattergories,blueberry,blueberry
fruitb,qwen2.5:7b,3.0,232,scattergories,banana,banana
fruitb,qwen2.5:7b,3.0,233,scattergories,blueberry,blueberry
fruitb,qwen2.5:7b,3.0,234,scattergories,berry,berry
fruitb,qwen2.5:7b,3.0,235,scattergories,berry,berry
fruitb,qwen2.5:7b,3.0,236,scattergories,banana,banana
fruitb,qwen2.5:7b,3.0,237,scattergories,blueberry,blueberry
fruitb,qwen2.5:7b,3.0,238,scattergories,berry,berry
fruitb,qwen2.5:7b,3.0,239,scattergories,blueberry,blueberry
fruitb,qwen2.5:7b,3.0,240,scattergories,blueberry,blueberry
fruitb,qwen2.5:7b,3.0,241,scattergories,blueberry,blueberry
fruitb,qwen2.5:7b,3.0,242,scattergories,banana,banana
fruitb,qwen2.5:7b,3.0,243,scattergories,blueberry,blueberry
fruitb,qwen2.5:7b,3.0,244,scattergories,banana,banana
fruitb,qwen2.5:7b,3.0,245,scattergories,banana,banana
fruitb,qwen2.5:7b,3.0,246,scattergories,banana,banana
fruitb,qwen2.5:7b,3.0,247,scattergories,banana,banana
fruitb,qwen2.5:7b,3.0,248,scattergories,berry,berry
fruitb,qwen2.5:7b,3.0,249,scattergories,blueberry,blueberry
fruitb,qwen2.5:7b,3.0,250,scattergories,berry,berry
fruitb,qwen2.5:7b,3.0,251,scattergories,blueberry,blueberry
fruitb,qwen2.5:7b,3.0,252,scattergories,banana,banana
fruitb,qwen2.5:7b,3.0,253,scattergories,blueberry,blueberry
fruitb,qwen2.5:7b,3.0,254,scattergories,banana,banana
fruitb,qwen2.5:7b,3.0,255,scattergories,banana,banana
fruitb,qwen2.5:7b,3.0,256,scattergories,blueberry,blueberry
fruitb,qwen2.5:7b,3.0,257,scattergories,berry,berry
fruitb,qwen2.5:7b,3.0,258,scattergories,blueberry,blueberry
fruitb,qwen2.5:7b,3.0,259,scattergories,berry,berry
fruitb,qwen2.5:7b,3.0,260,scattergories,berry,berry
fruitb,qwen2.5:7b,3.0,261,scattergories,banana,banana
fruitb,qwen2.5:7b,3.0,262,scattergories,blueberry,blueberry
fruitb,qwen2.5:7b,3.0,263,scattergories,berry,berry
fruitb,qwen2.5:7b,3.0,264,scattergories,banana,banana
fruitb,qwen2.5:7b,3.0,265,scattergories,blueberry,blueberry
fruitb,qwen2.5:7b,3.0,266,scattergories,blueberry,blueberry
fruitb,qwen2.5:7b,3.0,267,scattergories,banana,banana
fruitb,qwen2.5:7b,3.0,268,scattergories,banana,banana
fruitb,qwen2.5:7b,3.0,269,scattergories,blueberry,blueberry
fruitb,qwen2.5:7b,3.0,270,scattergories,berry,berry
fruitb,qwen2.5:7b,3.0,271,scattergories,blueberry,blueberry
fruitb,qwen2.5:7b,3.0,272,scattergories,blueberry,blueberry
fruitb,qwen2.5:7b,3.0,273,scattergories,banana,banana
fruitb,qwen2.5:7b,3.0,274,scattergories,banana,banana
fruitb,qwen2.5:7b,3.0,275,scattergories,banana,banana
fruitb,qwen2.5:7b,3.0,276,scattergories,berry,berry
fruitb,qwen2.5:7b,3.0,277,scattergories,berry,berry
fruitb,qwen2.5:7b,3.0,278,scattergories,blueberry,blueberry
fruitb,qwen2.5:7b,3.0,279,scattergories,banana,banana
fruitb,qwen2.5:7b,3.0,280,scattergories,banana,banana
fruitb,qwen2.5:7b,3.0,281,scattergories,blueberry,blueberry
fruitb,qwen2.5:7b,3.0,282,scattergories,blueberry,blueberry
fruitb,qwen2.5:7b,3.0,283,scattergories,blueberry,blueberry
fruitb,qwen2.5:7b,3.0,284,scattergories,blueberry,blueberry
fruitb,qwen2.5:7b,3.0,285,scattergories,banana,banana
fruitb,qwen2.5:7b,3.0,286,scattergories,banana,banana
fruitb,qwen2.5:7b,3.0,287,scattergories,blueberry,blueberry
fruitb,qwen2.5:7b,3.0,288,scattergories,blueberry,blueberry
fruitb,qwen2.5:7b,3.0,289,scattergories,banana,banana
fruitb,qwen2.5:7b,3.0,290,scattergories,berry,berry
fruitb,qwen2.5:7b,3.0,291,scattergories,berry,berry
fruitb,qwen2.5:7b,3.0,292,scattergories,blueberry,blueberry
fruitb,qwen2.5:7b,3.0,293,scattergories,berry,berry
fruitb,qwen2.5:7b,3.0,294,scattergories,berry,berry
fruitb,qwen2.5:7b,3.0,295,scattergories,banana,banana
fruitb,qwen2.5:7b,3.0,296,scattergories,berry,berry
fruitb,qwen2.5:7b,3.0,297,scattergories,blueberry,blueberry
fruitb,qwen2.5:7b,3.0,298,scattergories,blueberry,blueberry
fruitb,qwen2.5:7b,3.0,299,scattergories,banana,banana
fruitb,qwen2.5:7b,3.0,300,scattergories,blueberry,blueberry
fruitb,qwen2.5:7b,3.0,301,scattergories,banana,banana
fruitb,qwen2.5:7b,3.0,302,scattergories,blueberry,blueberry
fruitb,qwen2.5:7b,3.0,303,scattergories,banana,banana
fruitb,qwen2.5:7b,3.0,304,scattergories,blueberry,blueberry
fruitb,qwen2.5:7b,3.0,305,scattergories,blueberry,blueberry
fruitb,qwen2.5:7b,3.0,306,scattergories,berry,berry
fruitb,qwen2.5:7b,3.0,307,scattergories,banana,banana
fruitb,qwen2.5:7b,3.0,308,scattergories,banana,banana
fruitb,qwen2.5:7b,3.0,309,scattergories,berry,berry
fruitb,qwen2.5:7b,3.0,310,scattergories,banana,banana
fruitb,qwen2.5:7b,3.0,311,scattergories,blueberry,blueberry
fruitb,qwen2.5:7b,3.0,312,scattergories,blueberry,blueberry
fruitb,qwen2.5:7b,3.0,313,scattergories,blueberry,blueberry
fruitb,qwen2.5:7b,3.0,314,scattergories,banana,banana
fruitb,qwen2.5:7b,3.0,315,scattergories,blueberry,blueberry
fruitb,qwen2.5:7b,3.0,316,scattergories,blueberry,blueberry
fruitb,qwen2.5:7b,3.0,317,scattergories,banana,banana
fruitb,qwen2.5:7b,3.0,318,scattergories,blueberry,blueberry
fruitb,qwen2.5:7b,3.0,319,scattergories,banana,banana
fruitb,qwen2.5:7b,3.0,320,scattergories,blueberry,blueberry
fruitb,qwen2.5:7b,3.0,321,scattergories,berry,berry
fruitb,qwen2.5:7b,3.0,322,scattergories,blueberry,blueberry
fruitb,qwen2.5:7b,3.0,323,scattergories,banana,banana
fruitb,qwen2.5:7b,3.0,324,scattergories,banana,banana
fruitb,qwen2.5:7b,3.0,325,scattergories,banana,banana
fruitb,qwen2.5:7b,3.0,326,scattergories,banana,banana
fruitb,qwen2.5:7b,3.0,327,scattergories,banana,banana
fruitb,qwen2.5:7b,3.0,328,scattergories,blueberry,blueberry
fruitb,qwen2.5:7b,3.0,329,scattergories,blueberry,blueberry
fruitb,qwen2.5:7b,3.0,330,scattergories,blueberry,blueberry
fruitb,qwen2.5:7b,3.0,331,scattergories,berry,berry
fruitb,qwen2.5:7b,3.0,332,scattergories,banana,banana
fruitb,qwen2.5:7b,3.0,333,scattergories,blueberry,blueberry
fruitb,qwen2.5:7b,3.0,334,scattergories,berry,berry
fruitb,qwen2.5:7b,3.0,335,scattergories,blueberry,blueberry
fruitb,qwen2.5:7b,3.0,336,scattergories,blueberry,blueberry
fruitb,qwen2.5:7b,3.0,337,scattergories,blueberry,blueberry
fruitb,qwen2.5:7b,3.0,338,scattergories,blueberry,blueberry
fruitb,qwen2.5:7b,3.0,339,scattergories,blueberry,blueberry
fruitb,qwen2.5:7b,3.0,340,scattergories,berry,berry
fruitb,qwen2.5:7b,3.0,341,scattergories,berry,berry
fruitb,qwen2.5:7b,3.0,342,scattergories,blueberry,blueberry
fruitb,qwen2.5:7b,3.0,343,scattergories,blueberry,blueberry
fruitb,qwen2.5:7b,3.0,344,scattergories,banana,banana
fruitb,qwen2.5:7b,3.0,345,scattergories,blueberry,blueberry
fruitb,qwen2.5:7b,3.0,346,scattergories,blueberry,blueberry
fruitb,qwen2.5:7b,3.0,347,scattergories,blueberry,blueberry
fruitb,qwen2.5:7b,3.0,348,scattergories,banana,banana
fruitb,qwen2.5:7b,3.0,349,scattergories,banana,banana
fruitb,qwen2.5:7b,3.0,350,scattergories,blueberry,blueberry
fruitb,qwen2.5:7b,3.0,351,scattergories,blueberry,blueberry
fruitb,qwen2.5:7b,3.0,352,scattergories,blueberry,blueberry
fruitb,qwen2.5:7b,3.0,353,scattergories,blueberry,blueberry
fruitb,qwen2.5:7b,3.0,354,scattergories,blueberry,blueberry
fruitb,qwen2.5:7b,3.0,355,scattergories,berry,berry
fruitb,qwen2.5:7b,3.0,356,scattergories,blueberry,blueberry
fruitb,qwen2.5:7b,3.0,357,scattergories,banana,banana
fruitb,qwen2.5:7b,3.0,358,scattergories,blueberry,blueberry
fruitb,qwen2.5:7b,3.0,359,scattergories,blueberry,blueberry
fruitb,qwen2.5:7b,3.0,360,scattergories,blueberry,blueberry
fruitb,qwen2.5:7b,3.0,361,scattergories,banana,banana
fruitb,qwen2.5:7b,3.0,362,scattergories,berry,berry
fruitb,qwen2.5:7b,3.0,363,scattergories,blueberry,blueberry
fruitb,qwen2.5:7b,3.0,364,scattergories,berry,berry
fruitb,qwen2.5:7b,3.0,365,scattergories,blueberry,blueberry
fruitb,qwen2.5:7b,3.0,366,scattergories,banana,banana
fruitb,qwen2.5:7b,3.0,367,scattergories,blueberry,blueberry
fruitb,qwen2.5:7b,3.0,368,scattergories,berry,berry
fruitb,qwen2.5:7b,3.0,369,scattergories,blueberry,blueberry
fruitb,qwen2.5:7b,3.0,370,scattergories,berry,berry
fruitb,qwen2.5:7b,3.0,371,scattergories,blueberry,blueberry
fruitb,qwen2.5:7b,3.0,372,scattergories,banana,banana
fruitb,qwen2.5:7b,3.0,373,scattergories,berry,berry
fruitb,qwen2.5:7b,3.0,374,scattergories,blueberry,blueberry
fruitb,qwen2.5:7b,3.0,375,scattergories,blueberry,blueberry
fruitb,qwen2.5:7b,3.0,376,scattergories,banana,banana
fruitb,qwen2.5:7b,3.0,377,scattergories,blueberry,blueberry
fruitb,qwen2.5:7b,3.0,378,scattergories,banana,banana
fruitb,qwen2.5:7b,3.0,379,scattergories,banana,banana
fruitb,qwen2.5:7b,3.0,380,scattergories,blueberry,blueberry
fruitb,qwen2.5:7b,3.0,381,scattergories,blueberry,blueberry
fruitb,qwen2.5:7b,3.0,382,scattergories,berry,berry
fruitb,qwen2.5:7b,3.0,383,scattergories,blueberry,blueberry
fruitb,qwen2.5:7b,3.0,384,scattergories,blueberry,blueberry
fruitb,qwen2.5:7b,3.0,385,scattergories,banana,banana
fruitb,qwen2.5:7b,3.0,386,scattergories,blueberry,blueberry
fruitb,qwen2.5:7b,3.0,387,scattergories,berry,berry
fruitb,qwen2.5:7b,3.0,388,scattergories,blueberry,blueberry
fruitb,qwen2.5:7b,3.0,389,scattergories,blueberry,blueberry
fruitb,qwen2.5:7b,3.0,390,scattergories,blueberry,blueberry
fruitb,qwen2.5:7b,3.0,391,scattergories,blueberry,blueberry
fruitb,qwen2.5:7b,3.0,392,scattergories,blueberry,blueberry
fruitb,qwen2.5:7b,3.0,393,scattergories,blueberry,blueberry
fruitb,qwen2.5:7b,3.0,394,scattergories,banana,banana
fruitb,qwen2.5:7b,3.0,395,scattergories,blueberry,blueberry
fruitb,qwen2.5:7b,3.0,396,scattergories,banana,banana
fruitb,qwen2.5:7b,3.0,397,scattergories,blueberry,blueberry
fruitb,qwen2.5:7b,3.0,398,scattergories,blueberry,blueberry
fruitb,qwen2.5:7b,3.0,399,scattergories,blueberry,blueberry
fruitb,qwen2.5:7b,3.0,400,scattergories,blueberry,blueberry
fruitb,qwen2.5:7b,3.0,401,scattergories,blueberry,blueberry
fruitb,qwen2.5:7b,3.0,402,scattergories,blueberry,blueberry
fruitb,qwen2.5:7b,3.0,403,scattergories,banana,banana
fruitb,qwen2.5:7b,3.0,404,scattergories,banana,banana
fruitb,qwen2.5:7b,3.0,405,scattergories,blueberry,blueberry
fruitb,qwen2.5:7b,3.0,406,scattergories,blueberry,blueberry
fruitb,qwen2.5:7b,3.0,407,scattergories,blueberry,blueberry
fruitb,qwen2.5:7b,3.0,408,scattergories,banana,banana
fruitb,qwen2.5:7b,3.0,409,scattergories,blueberry,blueberry
fruitb,qwen2.5:7b,3.0,410,scattergories,blueberry,blueberry
fruitb,qwen2.5:7b,3.0,411,scattergories,banana,banana
fruitb,qwen2.5:7b,3.0,412,scattergories,banana,banana
fruitb,qwen2.5:7b,3.0,413,scattergories,blueberry,blueberry
fruitb,qwen2.5:7b,3.0,414,scattergories,blueberry,blueberry
fruitb,qwen2.5:7b,3.0,415,scattergories,banana,banana
fruitb,qwen2.5:7b,3.0,416,scattergories,blueberry,blueberry
fruitb,qwen2.5:7b,3.0,417,scattergories,blueberry,blueberry
fruitb,qwen2.5:7b,3.0,418,scattergories,banana,banana
fruitb,qwen2.5:7b,3.0,419,scattergories,banana,banana
fruitb,qwen2.5:7b,3.0,420,scattergories,banana,banana
fruitb,qwen2.5:7b,3.0,421,scattergories,banana,banana
fruitb,qwen2.5:7b,3.0,422,scattergories,banana,banana
fruitb,qwen2.5:7b,3.0,423,scattergories,banana,banana
fruitb,qwen2.5:7b,3.0,424,scattergories,blueberry,blueberry
fruitb,qwen2.5:7b,3.0,425,scattergories,banana,banana
fruitb,qwen2.5:7b,3.0,426,scattergories,blueberry,blueberry
fruitb,qwen2.5:7b,3.0,427,scattergories,banana,banana
fruitb,qwen2.5:7b,3.0,428,scattergories,banana,banana
fruitb,qwen2.5:7b,3.0,429,scattergories,blueberry,blueberry
fruitb,qwen2.5:7b,3.0,430,scattergories,banana,banana
fruitb,qwen2.5:7b,3.0,431,scattergories,blueberry,blueberry
fruitb,qwen2.5:7b,3.0,432,scattergories,banana,banana
fruitb,qwen2.5:7b,3.0,433,scattergories,banana,banana
fruitb,qwen2.5:7b,3.0,434,scattergories,blueberry,blueberry
fruitb,qwen2.5:7b,3.0,435,scattergories,blueberry,blueberry
fruitb,qwen2.5:7b,3.0,436,scattergories,blueberry,blueberry
fruitb,qwen2.5:7b,3.0,437,scattergories,berry,berry
fruitb,qwen2.5:7b,3.0,438,scattergories,blueberry,blueberry
fruitb,qwen2.5:7b,3.0,439,scattergories,banana,banana
fruitb,qwen2.5:7b,3.0,440,scattergories,blueberry,blueberry
fruitb,qwen2.5:7b,3.0,441,scattergories,blueberry,blueberry
fruitb,qwen2.5:7b,3.0,442,scattergories,blueberry,blueberry
fruitb,qwen2.5:7b,3.0,443,scattergories,banana,banana
fruitb,qwen2.5:7b,3.0,444,scattergories,banana,banana
fruitb,qwen2.5:7b,3.0,445,scattergories,banana,banana
fruitb,qwen2.5:7b,3.0,446,scattergories,berry,berry
fruitb,qwen2.5:7b,3.0,447,scattergories,blueberry,blueberry
fruitb,qwen2.5:7b,3.0,448,scattergories,banana,banana
fruitb,qwen2.5:7b,3.0,449,scattergories,berry,berry
fruitb,qwen2.5:7b,3.0,450,scattergories,berry,berry
fruitb,qwen2.5:7b,3.0,451,scattergories,banana,banana
fruitb,qwen2.5:7b,3.0,452,scattergories,blueberry,blueberry
fruitb,qwen2.5:7b,3.0,453,scattergories,blueberry,blueberry
fruitb,qwen2.5:7b,3.0,454,scattergories,banana,banana
fruitb,qwen2.5:7b,3.0,455,scattergories,blueberry,blueberry
fruitb,qwen2.5:7b,3.0,456,scattergories,berry,berry
fruitb,qwen2.5:7b,3.0,457,scattergories,blueberry,blueberry
fruitb,qwen2.5:7b,3.0,458,scattergories,blueberry,blueberry
fruitb,qwen2.5:7b,3.0,459,scattergories,banana,banana
fruitb,qwen2.5:7b,3.0,460,scattergories,blueberry,blueberry
fruitb,qwen2.5:7b,3.0,461,scattergories,banana,banana
fruitb,qwen2.5:7b,3.0,462,scattergories,berry,berry
fruitb,qwen2.5:7b,3.0,463,scattergories,blueberry,blueberry
fruitb,qwen2.5:7b,3.0,464,scattergories,banana,banana
fruitb,qwen2.5:7b,3.0,465,scattergories,berry,berry
fruitb,qwen2.5:7b,3.0,466,scattergories,banana,banana
fruitb,qwen2.5:7b,3.0,467,scattergories,berry,berry
fruitb,qwen2.5:7b,3.0,468,scattergories,banana,banana
fruitb,qwen2.5:7b,3.0,469,scattergories,blueberry,blueberry
fruitb,qwen2.5:7b,3.0,470,scattergories,berry,berry
fruitb,qwen2.5:7b,3.0,471,scattergories,berry,berry
fruitb,qwen2.5:7b,3.0,472,scattergories,blueberry,blueberry
fruitb,qwen2.5:7b,3.0,473,scattergories,berry,berry
fruitb,qwen2.5:7b,3.0,474,scattergories,blueberry,blueberry
fruitb,qwen2.5:7b,3.0,475,scattergories,blueberry,blueberry
fruitb,qwen2.5:7b,3.0,476,scattergories,banana,banana
fruitb,qwen2.5:7b,3.0,477,scattergories,berry,berry
fruitb,qwen2.5:7b,3.0,478,scattergories,berry,berry
fruitb,qwen2.5:7b,3.0,479,scattergories,banana,banana
fruitb,qwen2.5:7b,3.0,480,scattergories,banana,banana
fruitb,qwen2.5:7b,3.0,481,scattergories,banana,banana
fruitb,qwen2.5:7b,3.0,482,scattergories,blueberry,blueberry
fruitb,qwen2.5:7b,3.0,483,scattergories,banana,banana
fruitb,qwen2.5:7b,3.0,484,scattergories,blueberry,blueberry
fruitb,qwen2.5:7b,3.0,485,scattergories,berry,berry
fruitb,qwen2.5:7b,3.0,486,scattergories,banana,banana
fruitb,qwen2.5:7b,3.0,487,scattergories,blueberry,blueberry
fruitb,qwen2.5:7b,3.0,488,scattergories,blueberry,blueberry
fruitb,qwen2.5:7b,3.0,489,scattergories,blueberry,blueberry
fruitb,qwen2.5:7b,3.0,490,scattergories,berry,berry
fruitb,qwen2.5:7b,3.0,491,scattergories,banana,banana
fruitb,qwen2.5:7b,3.0,492,scattergories,blueberry,blueberry
fruitb,qwen2.5:7b,3.0,493,scattergories,banana,banana
fruitb,qwen2.5:7b,3.0,494,scattergories,blueberry,blueberry
fruitb,qwen2.5:7b,3.0,495,scattergories,banana,banana
fruitb,qwen2.5:7b,3.0,496,scattergories,blueberry,blueberry
fruitb,qwen2.5:7b,3.0,497,scattergories,blueberry,blueberry
fruitb,qwen2.5:7b,3.0,498,scattergories,blueberry,blueberry
fruitb,qwen2.5:7b,3.0,499,scattergories,blueberry,blueberry
fruitb,qwen2.5:7b,4.0,0,scattergories,blueberry,blueberry
fruitb,qwen2.5:7b,4.0,1,scattergories,blueberry,blueberry
fruitb,qwen2.5:7b,4.0,2,scattergories,berry,berry
fruitb,qwen2.5:7b,4.0,3,scattergories,blueberry,blueberry
fruitb,qwen2.5:7b,4.0,4,scattergories,berry,berry
fruitb,qwen2.5:7b,4.0,5,scattergories,blueberry,blueberry
fruitb,qwen2.5:7b,4.0,6,scattergories,berry,berry
fruitb,qwen2.5:7b,4.0,7,scattergories,banana,banana
fruitb,qwen2.5:7b,4.0,8,scattergories,banana,banana
fruitb,qwen2.5:7b,4.0,9,scattergories,banana,banana
fruitb,qwen2.5:7b,4.0,10,scattergories,berry,berry
fruitb,qwen2.5:7b,4.0,11,scattergories,berry,berry
fruitb,qwen2.5:7b,4.0,12,scattergories,banana,banana
fruitb,qwen2.5:7b,4.0,13,scattergories,berry,berry
fruitb,qwen2.5:7b,4.0,14,scattergories,banana,banana
fruitb,qwen2.5:7b,4.0,15,scattergories,banana,banana
fruitb,qwen2.5:7b,4.0,16,scattergories,blueberry,blueberry
fruitb,qwen2.5:7b,4.0,17,scattergories,blueberry,blueberry
fruitb,qwen2.5:7b,4.0,18,scattergories,blueberry,blueberry
fruitb,qwen2.5:7b,4.0,19,scattergories,blueberry,blueberry
fruitb,qwen2.5:7b,4.0,20,scattergories,blueberry,blueberry
fruitb,qwen2.5:7b,4.0,21,scattergories,banana,banana
fruitb,qwen2.5:7b,4.0,22,scattergories,blueberry,blueberry
fruitb,qwen2.5:7b,4.0,23,scattergories,blueberry,blueberry
fruitb,qwen2.5:7b,4.0,24,scattergories,blueberry,blueberry
fruitb,qwen2.5:7b,4.0,25,scattergories,blueberry,blueberry
fruitb,qwen2.5:7b,4.0,26,scattergories,blueberry,blueberry
fruitb,qwen2.5:7b,4.0,27,scattergories,berry,berry
fruitb,qwen2.5:7b,4.0,28,scattergories,blueberry,blueberry
fruitb,qwen2.5:7b,4.0,29,scattergories,berry,berry
fruitb,qwen2.5:7b,4.0,30,scattergories,blueberry,blueberry
fruitb,qwen2.5:7b,4.0,31,scattergories,blueberry,blueberry
fruitb,qwen2.5:7b,4.0,32,scattergories,blueberry,blueberry
fruitb,qwen2.5:7b,4.0,33,scattergories,blueberry,blueberry
fruitb,qwen2.5:7b,4.0,34,scattergories,banana,banana
fruitb,qwen2.5:7b,4.0,35,scattergories,banana,banana
fruitb,qwen2.5:7b,4.0,36,scattergories,banana,banana
fruitb,qwen2.5:7b,4.0,37,scattergories,banana,banana
fruitb,qwen2.5:7b,4.0,38,scattergories,blueberry,blueberry
fruitb,qwen2.5:7b,4.0,39,scattergories,banana,banana
fruitb,qwen2.5:7b,4.0,40,scattergories,banana,banana
fruitb,qwen2.5:7b,4.0,41,scattergories,berry,berry
fruitb,qwen2.5:7b,4.0,42,scattergories,banana,banana
fruitb,qwen2.5:7b,4.0,43,scattergories,blueberry,blueberry
fruitb,qwen2.5:7b,4.0,44,scattergories,blueberry,blueberry
fruitb,qwen2.5:7b,4.0,45,scattergories,banana,banana
fruitb,qwen2.5:7b,4.0,46,scattergories,blueberry,blueberry
fruitb,qwen2.5:7b,4.0,47,scattergories,blueberry,blueberry
fruitb,qwen2.5:7b,4.0,48,scattergories,berry,berry
fruitb,qwen2.5:7b,4.0,49,scattergories,blueberry,blueberry
fruitb,qwen2.5:7b,4.0,50,scattergories,banana,banana
fruitb,qwen2.5:7b,4.0,51,scattergories,blueberry,blueberry
fruitb,qwen2.5:7b,4.0,52,scattergories,banana,banana
fruitb,qwen2.5:7b,4.0,53,scattergories,banana,banana
fruitb,qwen2.5:7b,4.0,54,scattergories,blueberry,blueberry
fruitb,qwen2.5:7b,4.0,55,scattergories,banana,banana
fruitb,qwen2.5:7b,4.0,56,scattergories,blueberry,blueberry
fruitb,qwen2.5:7b,4.0,57,scattergories,banana,banana
fruitb,qwen2.5:7b,4.0,58,scattergories,berry,berry
fruitb,qwen2.5:7b,4.0,59,scattergories,blueberry,blueberry
fruitb,qwen2.5:7b,4.0,60,scattergories,banana,banana
fruitb,qwen2.5:7b,4.0,61,scattergories,banana,banana
fruitb,qwen2.5:7b,4.0,62,scattergories,berry,berry
fruitb,qwen2.5:7b,4.0,63,scattergories,banana,banana
fruitb,qwen2.5:7b,4.0,64,scattergories,banana,banana
fruitb,qwen2.5:7b,4.0,65,scattergories,blueberry,blueberry
fruitb,qwen2.5:7b,4.0,66,scattergories,banana,banana
fruitb,qwen2.5:7b,4.0,67,scattergories,blueberry,blueberry
fruitb,qwen2.5:7b,4.0,68,scattergories,blueberry,blueberry
fruitb,qwen2.5:7b,4.0,69,scattergories,blueberry,blueberry
fruitb,qwen2.5:7b,4.0,70,scattergories,blueberry,blueberry
fruitb,qwen2.5:7b,4.0,71,scattergories,berry,berry
fruitb,qwen2.5:7b,4.0,72,scattergories,berry,berry
fruitb,qwen2.5:7b,4.0,73,scattergories,berry,berry
fruitb,qwen2.5:7b,4.0,74,scattergories,banana,banana
fruitb,qwen2.5:7b,4.0,75,scattergories,berry,berry
fruitb,qwen2.5:7b,4.0,76,scattergories,blueberry,blueberry
fruitb,qwen2.5:7b,4.0,77,scattergories,blueberry,blueberry
fruitb,qwen2.5:7b,4.0,78,scattergories,banana,banana
fruitb,qwen2.5:7b,4.0,79,scattergories,banana,banana
fruitb,qwen2.5:7b,4.0,80,scattergories,banana,banana
fruitb,qwen2.5:7b,4.0,81,scattergories,blueberry,blueberry
fruitb,qwen2.5:7b,4.0,82,scattergories,blueberry,blueberry
fruitb,qwen2.5:7b,4.0,83,scattergories,banana,banana
fruitb,qwen2.5:7b,4.0,84,scattergories,banana,banana
fruitb,qwen2.5:7b,4.0,85,scattergories,blueberry,blueberry
fruitb,qwen2.5:7b,4.0,86,scattergories,berry,berry
fruitb,qwen2.5:7b,4.0,87,scattergories,berry,berry
fruitb,qwen2.5:7b,4.0,88,scattergories,blueberry,blueberry
fruitb,qwen2.5:7b,4.0,89,scattergories,blueberry,blueberry
fruitb,qwen2.5:7b,4.0,90,scattergories,berry,berry
fruitb,qwen2.5:7b,4.0,91,scattergories,banana,banana
fruitb,qwen2.5:7b,4.0,92,scattergories,blueberry,blueberry
fruitb,qwen2.5:7b,4.0,93,scattergories,banana,banana
fruitb,qwen2.5:7b,4.0,94,scattergories,blueberry,blueberry
fruitb,qwen2.5:7b,4.0,95,scattergories,berry,berry
fruitb,qwen2.5:7b,4.0,96,scattergories,banana,banana
fruitb,qwen2.5:7b,4.0,97,scattergories,blueberry,blueberry
fruitb,qwen2.5:7b,4.0,98,scattergories,banana,banana
fruitb,qwen2.5:7b,4.0,99,scattergories,blueberry,blueberry
fruitb,qwen2.5:7b,4.0,100,scattergories,blueberry,blueberry
fruitb,qwen2.5:7b,4.0,101,scattergories,blueberry,blueberry
fruitb,qwen2.5:7b,4.0,102,scattergories,blueberry,blueberry
fruitb,qwen2.5:7b,4.0,103,scattergories,berry,berry
fruitb,qwen2.5:7b,4.0,104,scattergories,berry,berry
fruitb,qwen2.5:7b,4.0,105,scattergories,banana,banana
fruitb,qwen2.5:7b,4.0,106,scattergories,berry,berry
fruitb,qwen2.5:7b,4.0,107,scattergories,banana,banana
fruitb,qwen2.5:7b,4.0,108,scattergories,berry,berry
fruitb,qwen2.5:7b,4.0,109,scattergories,berry,berry
fruitb,qwen2.5:7b,4.0,110,scattergories,blueberry,blueberry
fruitb,qwen2.5:7b,4.0,111,scattergories,blueberry,blueberry
fruitb,qwen2.5:7b,4.0,112,scattergories,berry,berry
fruitb,qwen2.5:7b,4.0,113,scattergories,banana,banana
fruitb,qwen2.5:7b,4.0,114,scattergories,banana,banana
fruitb,qwen2.5:7b,4.0,115,scattergories,berry,berry
fruitb,qwen2.5:7b,4.0,116,scattergories,banana,banana
fruitb,qwen2.5:7b,4.0,117,scattergories,banana,banana
fruitb,qwen2.5:7b,4.0,118,scattergories,blueberry,blueberry
fruitb,qwen2.5:7b,4.0,119,scattergories,banana,banana
fruitb,qwen2.5:7b,4.0,120,scattergories,blueberry,blueberry
fruitb,qwen2.5:7b,4.0,121,scattergories,banana,banana
fruitb,qwen2.5:7b,4.0,122,scattergories,blueberry,blueberry
fruitb,qwen2.5:7b,4.0,123,scattergories,banana,banana
fruitb,qwen2.5:7b,4.0,124,scattergories,blueberry,blueberry
fruitb,qwen2.5:7b,4.0,125,scattergories,banana,banana
fruitb,qwen2.5:7b,4.0,126,scattergories,blueberry,blueberry
fruitb,qwen2.5:7b,4.0,127,scattergories,banana,banana
fruitb,qwen2.5:7b,4.0,128,scattergories,blueberry,blueberry
fruitb,qwen2.5:7b,4.0,129,scattergories,blueberry,blueberry
fruitb,qwen2.5:7b,4.0,130,scattergories,blueberry,blueberry
fruitb,qwen2.5:7b,4.0,131,scattergories,banana,banana
fruitb,qwen2.5:7b,4.0,132,scattergories,berry,berry
fruitb,qwen2.5:7b,4.0,133,scattergories,blueberry,blueberry
fruitb,qwen2.5:7b,4.0,134,scattergories,blueberry,blueberry
fruitb,qwen2.5:7b,4.0,135,scattergories,blueberry,blueberry
fruitb,qwen2.5:7b,4.0,136,scattergories,banana,banana
fruitb,qwen2.5:7b,4.0,137,scattergories,berry,berry
fruitb,qwen2.5:7b,4.0,138,scattergories,banana,banana
fruitb,qwen2.5:7b,4.0,139,scattergories,banana,banana
fruitb,qwen2.5:7b,4.0,140,scattergories,blueberry,blueberry
fruitb,qwen2.5:7b,4.0,141,scattergories,blueberry,blueberry
fruitb,qwen2.5:7b,4.0,142,scattergories,blueberry,blueberry
fruitb,qwen2.5:7b,4.0,143,scattergories,blueberry,blueberry
fruitb,qwen2.5:7b,4.0,144,scattergories,berry,berry
fruitb,qwen2.5:7b,4.0,145,scattergories,blueberry,blueberry
fruitb,qwen2.5:7b,4.0,146,scattergories,banana,banana
fruitb,qwen2.5:7b,4.0,147,scattergories,blueberry,blueberry
fruitb,qwen2.5:7b,4.0,148,scattergories,banana,banana
fruitb,qwen2.5:7b,4.0,149,scattergories,banana,banana
fruitb,qwen2.5:7b,4.0,150,scattergories,berry,berry
fruitb,qwen2.5:7b,4.0,151,scattergories,berry,berry
fruitb,qwen2.5:7b,4.0,152,scattergories,blueberry,blueberry
fruitb,qwen2.5:7b,4.0,153,scattergories,blueberry,blueberry
fruitb,qwen2.5:7b,4.0,154,scattergories,blueberry,blueberry
fruitb,qwen2.5:7b,4.0,155,scattergories,banana,banana
fruitb,qwen2.5:7b,4.0,156,scattergories,berry,berry
fruitb,qwen2.5:7b,4.0,157,scattergories,banana,banana
fruitb,qwen2.5:7b,4.0,158,scattergories,blueberry,blueberry
fruitb,qwen2.5:7b,4.0,159,scattergories,blueberry,blueberry
fruitb,qwen2.5:7b,4.0,160,scattergories,banana,banana
fruitb,qwen2.5:7b,4.0,161,scattergories,blueberry,blueberry
fruitb,qwen2.5:7b,4.0,162,scattergories,blueberry,blueberry
fruitb,qwen2.5:7b,4.0,163,scattergories,blueberry,blueberry
fruitb,qwen2.5:7b,4.0,164,scattergories,banana,banana
fruitb,qwen2.5:7b,4.0,165,scattergories,berry,berry
fruitb,qwen2.5:7b,4.0,166,scattergories,berry,berry
fruitb,qwen2.5:7b,4.0,167,scattergories,banana,banana
fruitb,qwen2.5:7b,4.0,168,scattergories,banana,banana
fruitb,qwen2.5:7b,4.0,169,scattergories,blueberry,blueberry
fruitb,qwen2.5:7b,4.0,170,scattergories,banana,banana
fruitb,qwen2.5:7b,4.0,171,scattergories,banana,banana
fruitb,qwen2.5:7b,4.0,172,scattergories,banana,banana
fruitb,qwen2.5:7b,4.0,173,scattergories,berry,berry
fruitb,qwen2.5:7b,4.0,174,scattergories,blueberry,blueberry
fruitb,qwen2.5:7b,4.0,175,scattergories,blueberry,blueberry
fruitb,qwen2.5:7b,4.0,176,scattergories,blueberry,blueberry
fruitb,qwen2.5:7b,4.0,177,scattergories,berry,berry
fruitb,qwen2.5:7b,4.0,178,scattergories,banana,banana
fruitb,qwen2.5:7b,4.0,179,scattergories,berry,berry
fruitb,qwen2.5:7b,4.0,180,scattergories,berry,berry
fruitb,qwen2.5:7b,4.0,181,scattergories,blueberry,blueberry
fruitb,qwen2.5:7b,4.0,182,scattergories,banana,banana
fruitb,qwen2.5:7b,4.0,183,scattergories,banana,banana
fruitb,qwen2.5:7b,4.0,184,scattergories,berry,berry
fruitb,qwen2.5:7b,4.0,185,scattergories,blueberry,blueberry
fruitb,qwen2.5:7b,4.0,186,scattergories,berry,berry
fruitb,qwen2.5:7b,4.0,187,scattergories,banana,banana
fruitb,qwen2.5:7b,4.0,188,scattergories,berry,berry
fruitb,qwen2.5:7b,4.0,189,scattergories,berry,berry
fruitb,qwen2.5:7b,4.0,190,scattergories,banana,banana
fruitb,qwen2.5:7b,4.0,191,scattergories,blueberry,blueberry
fruitb,qwen2.5:7b,4.0,192,scattergories,berry,berry
fruitb,qwen2.5:7b,4.0,193,scattergories,banana,banana
fruitb,qwen2.5:7b,4.0,194,scattergories,banana,banana
fruitb,qwen2.5:7b,4.0,195,scattergories,blueberry,blueberry
fruitb,qwen2.5:7b,4.0,196,scattergories,banana,banana
fruitb,qwen2.5:7b,4.0,197,scattergories,blueberry,blueberry
fruitb,qwen2.5:7b,4.0,198,scattergories,banana,banana
fruitb,qwen2.5:7b,4.0,199,scattergories,blueberry,blueberry
fruitb,qwen2.5:7b,4.0,200,scattergories,banana,banana
fruitb,qwen2.5:7b,4.0,201,scattergories,berry,berry
fruitb,qwen2.5:7b,4.0,202,scattergories,banana,banana
fruitb,qwen2.5:7b,4.0,203,scattergories,berry,berry
fruitb,qwen2.5:7b,4.0,204,scattergories,banana,banana
fruitb,qwen2.5:7b,4.0,205,scattergories,blueberry,blueberry
fruitb,qwen2.5:7b,4.0,206,scattergories,berry,berry
fruitb,qwen2.5:7b,4.0,207,scattergories,blueberry,blueberry
fruitb,qwen2.5:7b,4.0,208,scattergories,banana,banana
fruitb,qwen2.5:7b,4.0,209,scattergories,banana,banana
fruitb,qwen2.5:7b,4.0,210,scattergories,blueberry,blueberry
fruitb,qwen2.5:7b,4.0,211,scattergories,berry,berry
fruitb,qwen2.5:7b,4.0,212,scattergories,berry,berry
fruitb,qwen2.5:7b,4.0,213,scattergories,banana,banana
fruitb,qwen2.5:7b,4.0,214,scattergories,banana,banana
fruitb,qwen2.5:7b,4.0,215,scattergories,blueberry,blueberry
fruitb,qwen2.5:7b,4.0,216,scattergories,berry,berry
fruitb,qwen2.5:7b,4.0,217,scattergories,banana,banana
fruitb,qwen2.5:7b,4.0,218,scattergories,berry,berry
fruitb,qwen2.5:7b,4.0,219,scattergories,blueberry,blueberry
fruitb,qwen2.5:7b,4.0,220,scattergories,berry,berry
fruitb,qwen2.5:7b,4.0,221,scattergories,blueberry,blueberry
fruitb,qwen2.5:7b,4.0,222,scattergories,blueberry,blueberry
fruitb,qwen2.5:7b,4.0,223,scattergories,blueberry,blueberry
fruitb,qwen2.5:7b,4.0,224,scattergories,blueberry,blueberry
fruitb,qwen2.5:7b,4.0,225,scattergories,berry,berry
fruitb,qwen2.5:7b,4.0,226,scattergories,banana,banana
fruitb,qwen2.5:7b,4.0,227,scattergories,berry,berry
fruitb,qwen2.5:7b,4.0,228,scattergories,banana,banana
fruitb,qwen2.5:7b,4.0,229,scattergories,blueberry,blueberry
fruitb,qwen2.5:7b,4.0,230,scattergories,blueberry,blueberry
fruitb,qwen2.5:7b,4.0,231,scattergories,banana,banana
fruitb,qwen2.5:7b,4.0,232,scattergories,banana,banana
fruitb,qwen2.5:7b,4.0,233,scattergories,banana,banana
fruitb,qwen2.5:7b,4.0,234,scattergories,blueberry,blueberry
fruitb,qwen2.5:7b,4.0,235,scattergories,banana,banana
fruitb,qwen2.5:7b,4.0,236,scattergories,blueberry,blueberry
fruitb,qwen2.5:7b,4.0,237,scattergories,berry,berry
fruitb,qwen2.5:7b,4.0,238,scattergories,blueberry,blueberry
fruitb,qwen2.5:7b,4.0,239,scattergories,blueberry,blueberry
fruitb,qwen2.5:7b,4.0,240,scattergories,banana,banana
fruitb,qwen2.5:7b,4.0,241,scattergories,blueberry,blueberry
fruitb,qwen2.5:7b,4.0,242,scattergories,blueberry,blueberry
fruitb,qwen2.5:7b,4.0,243,scattergories,blueberry,blueberry
fruitb,qwen2.5:7b,4.0,244,scattergories,banana,banana
fruitb,qwen2.5:7b,4.0,245,scattergories,blueberry,blueberry
fruitb,qwen2.5:7b,4.0,246,scattergories,banana,banana
fruitb,qwen2.5:7b,4.0,247,scattergories,blueberry,blueberry
fruitb,qwen2.5:7b,4.0,248,scattergories,blueberry,blueberry
fruitb,qwen2.5:7b,4.0,249,scattergories,blueberry,blueberry
fruitb,qwen2.5:7b,4.0,250,scattergories,banana,banana
fruitb,qwen2.5:7b,4.0,251,scattergories,berry,berry
fruitb,qwen2.5:7b,4.0,252,scattergories,banana,banana
fruitb,qwen2.5:7b,4.0,253,scattergories,blueberry,blueberry
fruitb,qwen2.5:7b,4.0,254,scattergories,banana,banana
fruitb,qwen2.5:7b,4.0,255,scattergories,banana,banana
fruitb,qwen2.5:7b,4.0,256,scattergories,blueberry,blueberry
fruitb,qwen2.5:7b,4.0,257,scattergories,blueberry,blueberry
fruitb,qwen2.5:7b,4.0,258,scattergories,banana,banana
fruitb,qwen2.5:7b,4.0,259,scattergories,berry,berry
fruitb,qwen2.5:7b,4.0,260,scattergories,banana,banana
fruitb,qwen2.5:7b,4.0,261,scattergories,blueberry,blueberry
fruitb,qwen2.5:7b,4.0,262,scattergories,banana,banana
fruitb,qwen2.5:7b,4.0,263,scattergories,banana,banana
fruitb,qwen2.5:7b,4.0,264,scattergories,blueberry,blueberry
fruitb,qwen2.5:7b,4.0,265,scattergories,blueberry,blueberry
fruitb,qwen2.5:7b,4.0,266,scattergories,banana,banana
fruitb,qwen2.5:7b,4.0,267,scattergories,banana,banana
fruitb,qwen2.5:7b,4.0,268,scattergories,banana,banana
fruitb,qwen2.5:7b,4.0,269,scattergories,blueberry,blueberry
fruitb,qwen2.5:7b,4.0,270,scattergories,blueberry,blueberry
fruitb,qwen2.5:7b,4.0,271,scattergories,blueberry,blueberry
fruitb,qwen2.5:7b,4.0,272,scattergories,blueberry,blueberry
fruitb,qwen2.5:7b,4.0,273,scattergories,blueberry,blueberry
fruitb,qwen2.5:7b,4.0,274,scattergories,blueberry,blueberry
fruitb,qwen2.5:7b,4.0,275,scattergories,blueberry,blueberry
fruitb,qwen2.5:7b,4.0,276,scattergories,blueberry,blueberry
fruitb,qwen2.5:7b,4.0,277,scattergories,blueberry,blueberry
fruitb,qwen2.5:7b,4.0,278,scattergories,blueberry,blueberry
fruitb,qwen2.5:7b,4.0,279,scattergories,banana,banana
fruitb,qwen2.5:7b,4.0,280,scattergories,blueberry,blueberry
fruitb,qwen2.5:7b,4.0,281,scattergories,blueberry,blueberry
fruitb,qwen2.5:7b,4.0,282,scattergories,berry,berry
fruitb,qwen2.5:7b,4.0,283,scattergories,berry,berry
fruitb,qwen2.5:7b,4.0,284,scattergories,berry,berry
fruitb,qwen2.5:7b,4.0,285,scattergories,blueberry,blueberry
fruitb,qwen2.5:7b,4.0,286,scattergories,banana,banana
fruitb,qwen2.5:7b,4.0,287,scattergories,berry,berry
fruitb,qwen2.5:7b,4.0,288,scattergories,berry,berry
fruitb,qwen2.5:7b,4.0,289,scattergories,blueberry,blueberry
fruitb,qwen2.5:7b,4.0,290,scattergories,blueberry,blueberry
fruitb,qwen2.5:7b,4.0,291,scattergories,banana,banana
fruitb,qwen2.5:7b,4.0,292,scattergories,banana,banana
fruitb,qwen2.5:7b,4.0,293,scattergories,berry,berry
fruitb,qwen2.5:7b,4.0,294,scattergories,berry,berry
fruitb,qwen2.5:7b,4.0,295,scattergories,blueberry,blueberry
fruitb,qwen2.5:7b,4.0,296,scattergories,banana,banana
fruitb,qwen2.5:7b,4.0,297,scattergories,blueberry,blueberry
fruitb,qwen2.5:7b,4.0,298,scattergories,blueberry,blueberry
fruitb,qwen2.5:7b,4.0,299,scattergories,blueberry,blueberry
fruitb,qwen2.5:7b,4.0,300,scattergories,blueberry,blueberry
fruitb,qwen2.5:7b,4.0,301,scattergories,banana,banana
fruitb,qwen2.5:7b,4.0,302,scattergories,blueberry,blueberry
fruitb,qwen2.5:7b,4.0,303,scattergories,blueberry,blueberry
fruitb,qwen2.5:7b,4.0,304,scattergories,banana,banana
fruitb,qwen2.5:7b,4.0,305,scattergories,blueberry,blueberry
fruitb,qwen2.5:7b,4.0,306,scattergories,blueberry,blueberry
fruitb,qwen2.5:7b,4.0,307,scattergories,blueberry,blueberry
fruitb,qwen2.5:7b,4.0,308,scattergories,banana,banana
fruitb,qwen2.5:7b,4.0,309,scattergories,blueberry,blueberry
fruitb,qwen2.5:7b,4.0,310,scattergories,blueberry,blueberry
fruitb,qwen2.5:7b,4.0,311,scattergories,banana,banana
fruitb,qwen2.5:7b,4.0,312,scattergories,blueberry,blueberry
fruitb,qwen2.5:7b,4.0,313,scattergories,blueberry,blueberry
fruitb,qwen2.5:7b,4.0,314,scattergories,banana,banana
fruitb,qwen2.5:7b,4.0,315,scattergories,blueberry,blueberry
fruitb,qwen2.5:7b,4.0,316,scattergories,blueberry,blueberry
fruitb,qwen2.5:7b,4.0,317,scattergories,berry,berry
fruitb,qwen2.5:7b,4.0,318,scattergories,blueberry,blueberry
fruitb,qwen2.5:7b,4.0,319,scattergories,blueberry,blueberry
fruitb,qwen2.5:7b,4.0,320,scattergories,banana,banana
fruitb,qwen2.5:7b,4.0,321,scattergories,banana,banana
fruitb,qwen2.5:7b,4.0,322,scattergories,banana,banana
fruitb,qwen2.5:7b,4.0,323,scattergories,blueberry,blueberry
fruitb,qwen2.5:7b,4.0,324,scattergories,banana,banana
fruitb,qwen2.5:7b,4.0,325,scattergories,banana,banana
fruitb,qwen2.5:7b,4.0,326,scattergories,berry,berry
fruitb,qwen2.5:7b,4.0,327,scattergories,blueberry,blueberry
fruitb,qwen2.5:7b,4.0,328,scattergories,banana,banana
fruitb,qwen2.5:7b,4.0,329,scattergories,banana,banana
fruitb,qwen2.5:7b,4.0,330,scattergories,berry,berry
fruitb,qwen2.5:7b,4.0,331,scattergories,banana,banana
fruitb,qwen2.5:7b,4.0,332,scattergories,blueberry,blueberry
fruitb,qwen2.5:7b,4.0,333,scattergories,banana,banana
fruitb,qwen2.5:7b,4.0,334,scattergories,berry,berry
fruitb,qwen2.5:7b,4.0,335,scattergories,blueberry,blueberry
fruitb,qwen2.5:7b,4.0,336,scattergories,blueberry,blueberry
fruitb,qwen2.5:7b,4.0,337,scattergories,berry,berry
fruitb,qwen2.5:7b,4.0,338,scattergories,berry,berry
fruitb,qwen2.5:7b,4.0,339,scattergories,berry,berry
fruitb,qwen2.5:7b,4.0,340,scattergories,blueberry,blueberry
fruitb,qwen2.5:7b,4.0,341,scattergories,berry,berry
fruitb,qwen2.5:7b,4.0,342,scattergories,berry,berry
fruitb,qwen2.5:7b,4.0,343,scattergories,banana,banana
fruitb,qwen2.5:7b,4.0,344,scattergories,blueberry,blueberry
fruitb,qwen2.5:7b,4.0,345,scattergories,blueberry,blueberry
fruitb,qwen2.5:7b,4.0,346,scattergories,banana,banana
fruitb,qwen2.5:7b,4.0,347,scattergories,blueberry,blueberry
fruitb,qwen2.5:7b,4.0,348,scattergories,banana,banana
fruitb,qwen2.5:7b,4.0,349,scattergories,berry,berry
fruitb,qwen2.5:7b,4.0,350,scattergories,blueberry,blueberry
fruitb,qwen2.5:7b,4.0,351,scattergories,blueberry,blueberry
fruitb,qwen2.5:7b,4.0,352,scattergories,blueberry,blueberry
fruitb,qwen2.5:7b,4.0,353,scattergories,banana,banana
fruitb,qwen2.5:7b,4.0,354,scattergories,blueberry,blueberry
fruitb,qwen2.5:7b,4.0,355,scattergories,blueberry,blueberry
fruitb,qwen2.5:7b,4.0,356,scattergories,berry,berry
fruitb,qwen2.5:7b,4.0,357,scattergories,banana,banana
fruitb,qwen2.5:7b,4.0,358,scattergories,blueberry,blueberry
fruitb,qwen2.5:7b,4.0,359,scattergories,berry,berry
fruitb,qwen2.5:7b,4.0,360,scattergories,blueberry,blueberry
fruitb,qwen2.5:7b,4.0,361,scattergories,blueberry,blueberry
fruitb,qwen2.5:7b,4.0,362,scattergories,berry,berry
fruitb,qwen2.5:7b,4.0,363,scattergories,blueberry,blueberry
fruitb,qwen2.5:7b,4.0,364,scattergories,berry,berry
fruitb,qwen2.5:7b,4.0,365,scattergories,banana,banana
fruitb,qwen2.5:7b,4.0,366,scattergories,berry,berry
fruitb,qwen2.5:7b,4.0,367,scattergories,blueberry,blueberry
fruitb,qwen2.5:7b,4.0,368,scattergories,berry,berry
fruitb,qwen2.5:7b,4.0,369,scattergories,banana,banana
fruitb,qwen2.5:7b,4.0,370,scattergories,blueberry,blueberry
fruitb,qwen2.5:7b,4.0,371,scattergories,berry,berry
fruitb,qwen2.5:7b,4.0,372,scattergories,berry,berry
fruitb,qwen2.5:7b,4.0,373,scattergories,banana,banana
fruitb,qwen2.5:7b,4.0,374,scattergories,blueberry,blueberry
fruitb,qwen2.5:7b,4.0,375,scattergories,berry,berry
fruitb,qwen2.5:7b,4.0,376,scattergories,blueberry,blueberry
fruitb,qwen2.5:7b,4.0,377,scattergories,blueberry,blueberry
fruitb,qwen2.5:7b,4.0,378,scattergories,banana,banana
fruitb,qwen2.5:7b,4.0,379,scattergories,berry,berry
fruitb,qwen2.5:7b,4.0,380,scattergories,blueberry,blueberry
fruitb,qwen2.5:7b,4.0,381,scattergories,blueberry,blueberry
fruitb,qwen2.5:7b,4.0,382,scattergories,banana,banana
fruitb,qwen2.5:7b,4.0,383,scattergories,banana,banana
fruitb,qwen2.5:7b,4.0,384,scattergories,banana,banana
fruitb,qwen2.5:7b,4.0,385,scattergories,banana,banana
fruitb,qwen2.5:7b,4.0,386,scattergories,blueberry,blueberry
fruitb,qwen2.5:7b,4.0,387,scattergories,berry,berry
fruitb,qwen2.5:7b,4.0,388,scattergories,blueberry,blueberry
fruitb,qwen2.5:7b,4.0,389,scattergories,blueberry,blueberry
fruitb,qwen2.5:7b,4.0,390,scattergories,banana,banana
fruitb,qwen2.5:7b,4.0,391,scattergories,blueberry,blueberry
fruitb,qwen2.5:7b,4.0,392,scattergories,berry,berry
fruitb,qwen2.5:7b,4.0,393,scattergories,blueberry,blueberry
fruitb,qwen2.5:7b,4.0,394,scattergories,blueberry,blueberry
fruitb,qwen2.5:7b,4.0,395,scattergories,blueberry,blueberry
fruitb,qwen2.5:7b,4.0,396,scattergories,blueberry,blueberry
fruitb,qwen2.5:7b,4.0,397,scattergories,banana,banana
fruitb,qwen2.5:7b,4.0,398,scattergories,blueberry,blueberry
fruitb,qwen2.5:7b,4.0,399,scattergories,berry,berry
fruitb,qwen2.5:7b,4.0,400,scattergories,blueberry,blueberry
fruitb,qwen2.5:7b,4.0,401,scattergories,blueberry,blueberry
fruitb,qwen2.5:7b,4.0,402,scattergories,blueberry,blueberry
fruitb,qwen2.5:7b,4.0,403,scattergories,banana,banana
fruitb,qwen2.5:7b,4.0,404,scattergories,berry,berry
fruitb,qwen2.5:7b,4.0,405,scattergories,blueberry,blueberry
fruitb,qwen2.5:7b,4.0,406,scattergories,blueberry,blueberry
fruitb,qwen2.5:7b,4.0,407,scattergories,banana,banana
fruitb,qwen2.5:7b,4.0,408,scattergories,banana,banana
fruitb,qwen2.5:7b,4.0,409,scattergories,blueberry,blueberry
fruitb,qwen2.5:7b,4.0,410,scattergories,blueberry,blueberry
fruitb,qwen2.5:7b,4.0,411,scattergories,blueberry,blueberry
fruitb,qwen2.5:7b,4.0,412,scattergories,blueberry,blueberry
fruitb,qwen2.5:7b,4.0,413,scattergories,banana,banana
fruitb,qwen2.5:7b,4.0,414,scattergories,blueberry,blueberry
fruitb,qwen2.5:7b,4.0,415,scattergories,berry,berry
fruitb,qwen2.5:7b,4.0,416,scattergories,berry,berry
fruitb,qwen2.5:7b,4.0,417,scattergories,berry,berry
fruitb,qwen2.5:7b,4.0,418,scattergories,berry,berry
fruitb,qwen2.5:7b,4.0,419,scattergories,berry,berry
fruitb,qwen2.5:7b,4.0,420,scattergories,banana,banana
fruitb,qwen2.5:7b,4.0,421,scattergories,berry,berry
fruitb,qwen2.5:7b,4.0,422,scattergories,banana,banana
fruitb,qwen2.5:7b,4.0,423,scattergories,berry,berry
fruitb,qwen2.5:7b,4.0,424,scattergories,berry,berry
fruitb,qwen2.5:7b,4.0,425,scattergories,blueberry,blueberry
fruitb,qwen2.5:7b,4.0,426,scattergories,blueberry,blueberry
fruitb,qwen2.5:7b,4.0,427,scattergories,blueberry,blueberry
fruitb,qwen2.5:7b,4.0,428,scattergories,banana,banana
fruitb,qwen2.5:7b,4.0,429,scattergories,banana,banana
fruitb,qwen2.5:7b,4.0,430,scattergories,banana,banana
fruitb,qwen2.5:7b,4.0,431,scattergories,blueberry,blueberry
fruitb,qwen2.5:7b,4.0,432,scattergories,banana,banana
fruitb,qwen2.5:7b,4.0,433,scattergories,berry,berry
fruitb,qwen2.5:7b,4.0,434,scattergories,blueberry,blueberry
fruitb,qwen2.5:7b,4.0,435,scattergories,blueberry,blueberry
fruitb,qwen2.5:7b,4.0,436,scattergories,blueberry,blueberry
fruitb,qwen2.5:7b,4.0,437,scattergories,banana,banana
fruitb,qwen2.5:7b,4.0,438,scattergories,banana,banana
fruitb,qwen2.5:7b,4.0,439,scattergories,blueberry,blueberry
fruitb,qwen2.5:7b,4.0,440,scattergories,banana,banana
fruitb,qwen2.5:7b,4.0,441,scattergories,berry,berry
fruitb,qwen2.5:7b,4.0,442,scattergories,blueberry,blueberry
fruitb,qwen2.5:7b,4.0,443,scattergories,berry,berry
fruitb,qwen2.5:7b,4.0,444,scattergories,banana,banana
fruitb,qwen2.5:7b,4.0,445,scattergories,berry,berry
fruitb,qwen2.5:7b,4.0,446,scattergories,blueberry,blueberry
fruitb,qwen2.5:7b,4.0,447,scattergories,banana,banana
fruitb,qwen2.5:7b,4.0,448,scattergories,blueberry,blueberry
fruitb,qwen2.5:7b,4.0,449,scattergories,blueberry,blueberry
fruitb,qwen2.5:7b,4.0,450,scattergories,banana,banana
fruitb,qwen2.5:7b,4.0,451,scattergories,blueberry,blueberry
fruitb,qwen2.5:7b,4.0,452,scattergories,berry,berry
fruitb,qwen2.5:7b,4.0,453,scattergories,banana,banana
fruitb,qwen2.5:7b,4.0,454,scattergories,blueberry,blueberry
fruitb,qwen2.5:7b,4.0,455,scattergories,blueberry,blueberry
fruitb,qwen2.5:7b,4.0,456,scattergories,banana,banana
fruitb,qwen2.5:7b,4.0,457,scattergories,berry,berry
fruitb,qwen2.5:7b,4.0,458,scattergories,banana,banana
fruitb,qwen2.5:7b,4.0,459,scattergories,blueberry,blueberry
fruitb,qwen2.5:7b,4.0,460,scattergories,banana,banana
fruitb,qwen2.5:7b,4.0,461,scattergories,banana,banana
fruitb,qwen2.5:7b,4.0,462,scattergories,blueberry,blueberry
fruitb,qwen2.5:7b,4.0,463,scattergories,berry,berry
fruitb,qwen2.5:7b,4.0,464,scattergories,blueberry,blueberry
fruitb,qwen2.5:7b,4.0,465,scattergories,blueberry,blueberry
fruitb,qwen2.5:7b,4.0,466,scattergories,banana,banana
fruitb,qwen2.5:7b,4.0,467,scattergories,banana,banana
fruitb,qwen2.5:7b,4.0,468,scattergories,banana,banana
fruitb,qwen2.5:7b,4.0,469,scattergories,blueberry,blueberry
fruitb,qwen2.5:7b,4.0,470,scattergories,banana,banana
fruitb,qwen2.5:7b,4.0,471,scattergories,blueberry,blueberry
fruitb,qwen2.5:7b,4.0,472,scattergories,banana,banana
fruitb,qwen2.5:7b,4.0,473,scattergories,berry,berry
fruitb,qwen2.5:7b,4.0,474,scattergories,banana,banana
fruitb,qwen2.5:7b,4.0,475,scattergories,banana,banana
fruitb,qwen2.5:7b,4.0,476,scattergories,berry,berry
fruitb,qwen2.5:7b,4.0,477,scattergories,berry,berry
fruitb,qwen2.5:7b,4.0,478,scattergories,banana,banana
fruitb,qwen2.5:7b,4.0,479,scattergories,banana,banana
fruitb,qwen2.5:7b,4.0,480,scattergories,banana,banana
fruitb,qwen2.5:7b,4.0,481,scattergories,berry,berry
fruitb,qwen2.5:7b,4.0,482,scattergories,blueberry,blueberry
fruitb,qwen2.5:7b,4.0,483,scattergories,banana,banana
fruitb,qwen2.5:7b,4.0,484,scattergories,berry,berry
fruitb,qwen2.5:7b,4.0,485,scattergories,berry,berry
fruitb,qwen2.5:7b,4.0,486,scattergories,berry,berry
fruitb,qwen2.5:7b,4.0,487,scattergories,berry,berry
fruitb,qwen2.5:7b,4.0,488,scattergories,banana,banana
fruitb,qwen2.5:7b,4.0,489,scattergories,banana,banana
fruitb,qwen2.5:7b,4.0,490,scattergories,blueberry,blueberry
fruitb,qwen2.5:7b,4.0,491,scattergories,berry,berry
fruitb,qwen2.5:7b,4.0,492,scattergories,blueberry,blueberry
fruitb,qwen2.5:7b,4.0,493,scattergories,banana,banana
fruitb,qwen2.5:7b,4.0,494,scattergories,blueberry,blueberry
fruitb,qwen2.5:7b,4.0,495,scattergories,blueberry,blueberry
fruitb,qwen2.5:7b,4.0,496,scattergories,banana,banana
fruitb,qwen2.5:7b,4.0,497,scattergories,banana,banana
fruitb,qwen2.5:7b,4.0,498,scattergories,blueberry,blueberry
fruitb,qwen2.5:7b,4.0,499,scattergories,blueberry,blueberry
fruitb,qwen2.5:7b,5.0,0,scattergories,banana,banana
fruitb,qwen2.5:7b,5.0,1,scattergories,banana,banana
fruitb,qwen2.5:7b,5.0,2,scattergories,banana,banana
fruitb,qwen2.5:7b,5.0,3,scattergories,banana,banana
fruitb,qwen2.5:7b,5.0,4,scattergories,banana,banana
fruitb,qwen2.5:7b,5.0,5,scattergories,banana,banana
fruitb,qwen2.5:7b,5.0,6,scattergories,berry,berry
fruitb,qwen2.5:7b,5.0,7,scattergories,blueberry,blueberry
fruitb,qwen2.5:7b,5.0,8,scattergories,banana,banana
fruitb,qwen2.5:7b,5.0,9,scattergories,blueberry,blueberry
fruitb,qwen2.5:7b,5.0,10,scattergories,berry,berry
fruitb,qwen2.5:7b,5.0,11,scattergories,banana,banana
fruitb,qwen2.5:7b,5.0,12,scattergories,blueberry,blueberry
fruitb,qwen2.5:7b,5.0,13,scattergories,blueberry,blueberry
fruitb,qwen2.5:7b,5.0,14,scattergories,blueberry,blueberry
fruitb,qwen2.5:7b,5.0,15,scattergories,banana,banana
fruitb,qwen2.5:7b,5.0,16,scattergories,berry,berry
fruitb,qwen2.5:7b,5.0,17,scattergories,banana,banana
fruitb,qwen2.5:7b,5.0,18,scattergories,blueberry,blueberry
fruitb,qwen2.5:7b,5.0,19,scattergories,blueberry,blueberry
fruitb,qwen2.5:7b,5.0,20,scattergories,banana,banana
fruitb,qwen2.5:7b,5.0,21,scattergories,banana,banana
fruitb,qwen2.5:7b,5.0,22,scattergories,blueberry,blueberry
fruitb,qwen2.5:7b,5.0,23,scattergories,blueberry,blueberry
fruitb,qwen2.5:7b,5.0,24,scattergories,blueberry,blueberry
fruitb,qwen2.5:7b,5.0,25,scattergories,blueberry,blueberry
fruitb,qwen2.5:7b,5.0,26,scattergories,berry,berry
fruitb,qwen2.5:7b,5.0,27,scattergories,banana,banana
fruitb,qwen2.5:7b,5.0,28,scattergories,berry,berry
fruitb,qwen2.5:7b,5.0,29,scattergories,banana,banana
fruitb,qwen2.5:7b,5.0,30,scattergories,banana,banana
fruitb,qwen2.5:7b,5.0,31,scattergories,banana,banana
fruitb,qwen2.5:7b,5.0,32,scattergories,berry,berry
fruitb,qwen2.5:7b,5.0,33,scattergories,blueberry,blueberry
fruitb,qwen2.5:7b,5.0,34,scattergories,berry,berry
fruitb,qwen2.5:7b,5.0,35,scattergories,berry,berry
fruitb,qwen2.5:7b,5.0,36,scattergories,berry,berry
fruitb,qwen2.5:7b,5.0,37,scattergories,berry,berry
fruitb,qwen2.5:7b,5.0,38,scattergories,blueberry,blueberry
fruitb,qwen2.5:7b,5.0,39,scattergories,blueberry,blueberry
fruitb,qwen2.5:7b,5.0,40,scattergories,berry,berry
fruitb,qwen2.5:7b,5.0,41,scattergories,blueberry,blueberry
fruitb,qwen2.5:7b,5.0,42,scattergories,blueberry,blueberry
fruitb,qwen2.5:7b,5.0,43,scattergories,blueberry,blueberry
fruitb,qwen2.5:7b,5.0,44,scattergories,banana,banana
fruitb,qwen2.5:7b,5.0,45,scattergories,banana,banana
fruitb,qwen2.5:7b,5.0,46,scattergories,berry,berry
fruitb,qwen2.5:7b,5.0,47,scattergories,banana,banana
fruitb,qwen2.5:7b,5.0,48,scattergories,berry,berry
fruitb,qwen2.5:7b,5.0,49,scattergories,banana,banana
fruitb,qwen2.5:7b,5.0,50,scattergories,banana,banana
fruitb,qwen2.5:7b,5.0,51,scattergories,berry,berry
fruitb,qwen2.5:7b,5.0,52,scattergories,blueberry,blueberry
fruitb,qwen2.5:7b,5.0,53,scattergories,banana,banana
fruitb,qwen2.5:7b,5.0,54,scattergories,berry,berry
fruitb,qwen2.5:7b,5.0,55,scattergories,blueberry,blueberry
fruitb,qwen2.5:7b,5.0,56,scattergories,berry,berry
fruitb,qwen2.5:7b,5.0,57,scattergories,blueberry,blueberry
fruitb,qwen2.5:7b,5.0,58,scattergories,banana,banana
fruitb,qwen2.5:7b,5.0,59,scattergories,blueberry,blueberry
fruitb,qwen2.5:7b,5.0,60,scattergories,banana,banana
fruitb,qwen2.5:7b,5.0,61,scattergories,banana,banana
fruitb,qwen2.5:7b,5.0,62,scattergories,blueberry,blueberry
fruitb,qwen2.5:7b,5.0,63,scattergories,berry,berry
fruitb,qwen2.5:7b,5.0,64,scattergories,berry,berry
fruitb,qwen2.5:7b,5.0,65,scattergories,blueberry,blueberry
fruitb,qwen2.5:7b,5.0,66,scattergories,banana,banana
fruitb,qwen2.5:7b,5.0,67,scattergories,berry,berry
fruitb,qwen2.5:7b,5.0,68,scattergories,blueberry,blueberry
fruitb,qwen2.5:7b,5.0,69,scattergories,banana,banana
fruitb,qwen2.5:7b,5.0,70,scattergories,blueberry,blueberry
fruitb,qwen2.5:7b,5.0,71,scattergories,blueberry,blueberry
fruitb,qwen2.5:7b,5.0,72,scattergories,blueberry,blueberry
fruitb,qwen2.5:7b,5.0,73,scattergories,banana,banana
fruitb,qwen2.5:7b,5.0,74,scattergories,banana,banana
fruitb,qwen2.5:7b,5.0,75,scattergories,banana,banana
fruitb,qwen2.5:7b,5.0,76,scattergories,blueberry,blueberry
fruitb,qwen2.5:7b,5.0,77,scattergories,berry,berry
fruitb,qwen2.5:7b,5.0,78,scattergories,banana,banana
fruitb,qwen2.5:7b,5.0,79,scattergories,blueberry,blueberry
fruitb,qwen2.5:7b,5.0,80,scattergories,berry,berry
fruitb,qwen2.5:7b,5.0,81,scattergories,blueberry,blueberry
fruitb,qwen2.5:7b,5.0,82,scattergories,berry,berry
fruitb,qwen2.5:7b,5.0,83,scattergories,berry,berry
fruitb,qwen2.5:7b,5.0,84,scattergories,blueberry,blueberry
fruitb,qwen2.5:7b,5.0,85,scattergories,blueberry,blueberry
fruitb,qwen2.5:7b,5.0,86,scattergories,banana,banana
fruitb,qwen2.5:7b,5.0,87,scattergories,blueberry,blueberry
fruitb,qwen2.5:7b,5.0,88,scattergories,banana,banana
fruitb,qwen2.5:7b,5.0,89,scattergories,blueberry,blueberry
fruitb,qwen2.5:7b,5.0,90,scattergories,blueberry,blueberry
fruitb,qwen2.5:7b,5.0,91,scattergories,blueberry,blueberry
fruitb,qwen2.5:7b,5.0,92,scattergories,blueberry,blueberry
fruitb,qwen2.5:7b,5.0,93,scattergories,blueberry,blueberry
fruitb,qwen2.5:7b,5.0,94,scattergories,banana,banana
fruitb,qwen2.5:7b,5.0,95,scattergories,banana,banana
fruitb,qwen2.5:7b,5.0,96,scattergories,banana,banana
fruitb,qwen2.5:7b,5.0,97,scattergories,berry,berry
fruitb,qwen2.5:7b,5.0,98,scattergories,banana,banana
fruitb,qwen2.5:7b,5.0,99,scattergories,blueberry,blueberry
fruitb,qwen2.5:7b,5.0,100,scattergories,banana,banana
fruitb,qwen2.5:7b,5.0,101,scattergories,blueberry,blueberry
fruitb,qwen2.5:7b,5.0,102,scattergories,banana,banana
fruitb,qwen2.5:7b,5.0,103,scattergories,banana,banana
fruitb,qwen2.5:7b,5.0,104,scattergories,berry,berry
fruitb,qwen2.5:7b,5.0,105,scattergories,blueberry,blueberry
fruitb,qwen2.5:7b,5.0,106,scattergories,berry,berry
fruitb,qwen2.5:7b,5.0,107,scattergories,banana,banana
fruitb,qwen2.5:7b,5.0,108,scattergories,blueberry,blueberry
fruitb,qwen2.5:7b,5.0,109,scattergories,banana,banana
fruitb,qwen2.5:7b,5.0,110,scattergories,berry,berry
fruitb,qwen2.5:7b,5.0,111,scattergories,banana,banana
fruitb,qwen2.5:7b,5.0,112,scattergories,banana,banana
fruitb,qwen2.5:7b,5.0,113,scattergories,blueberry,blueberry
fruitb,qwen2.5:7b,5.0,114,scattergories,berry,berry
fruitb,qwen2.5:7b,5.0,115,scattergories,banana,banana
fruitb,qwen2.5:7b,5.0,116,scattergories,blueberry,blueberry
fruitb,qwen2.5:7b,5.0,117,scattergories,banana,banana
fruitb,qwen2.5:7b,5.0,118,scattergories,blueberry,blueberry
fruitb,qwen2.5:7b,5.0,119,scattergories,blueberry,blueberry
fruitb,qwen2.5:7b,5.0,120,scattergories,banana,banana
fruitb,qwen2.5:7b,5.0,121,scattergories,banana,banana
fruitb,qwen2.5:7b,5.0,122,scattergories,blueberry,blueberry
fruitb,qwen2.5:7b,5.0,123,scattergories,berry,berry
fruitb,qwen2.5:7b,5.0,124,scattergories,banana,banana
fruitb,qwen2.5:7b,5.0,125,scattergories,berry,berry
fruitb,qwen2.5:7b,5.0,126,scattergories,blueberry,blueberry
fruitb,qwen2.5:7b,5.0,127,scattergories,blueberry,blueberry
fruitb,qwen2.5:7b,5.0,128,scattergories,berry,berry
fruitb,qwen2.5:7b,5.0,129,scattergories,berry,berry
fruitb,qwen2.5:7b,5.0,130,scattergories,blueberry,blueberry
fruitb,qwen2.5:7b,5.0,131,scattergories,blueberry,blueberry
fruitb,qwen2.5:7b,5.0,132,scattergories,banana,banana
fruitb,qwen2.5:7b,5.0,133,scattergories,berry,berry
fruitb,qwen2.5:7b,5.0,134,scattergories,berry,berry
fruitb,qwen2.5:7b,5.0,135,scattergories,blueberry,blueberry
fruitb,qwen2.5:7b,5.0,136,scattergories,banana,banana
fruitb,qwen2.5:7b,5.0,137,scattergories,berry,berry
fruitb,qwen2.5:7b,5.0,138,scattergories,berry,berry
fruitb,qwen2.5:7b,5.0,139,scattergories,blueberry,blueberry
fruitb,qwen2.5:7b,5.0,140,scattergories,berry,berry
fruitb,qwen2.5:7b,5.0,141,scattergories,berry,berry
fruitb,qwen2.5:7b,5.0,142,scattergories,berry,berry
fruitb,qwen2.5:7b,5.0,143,scattergories,banana,banana
fruitb,qwen2.5:7b,5.0,144,scattergories,berry,berry
fruitb,qwen2.5:7b,5.0,145,scattergories,blueberry,blueberry
fruitb,qwen2.5:7b,5.0,146,scattergories,blueberry,blueberry
fruitb,qwen2.5:7b,5.0,147,scattergories,blueberry,blueberry
fruitb,qwen2.5:7b,5.0,148,scattergories,blueberry,blueberry
fruitb,qwen2.5:7b,5.0,149,scattergories,blueberry,blueberry
fruitb,qwen2.5:7b,5.0,150,scattergories,banana,banana
fruitb,qwen2.5:7b,5.0,151,scattergories,blueberry,blueberry
fruitb,qwen2.5:7b,5.0,152,scattergories,berry,berry
fruitb,qwen2.5:7b,5.0,153,scattergories,blueberry,blueberry
fruitb,qwen2.5:7b,5.0,154,scattergories,blueberry,blueberry
fruitb,qwen2.5:7b,5.0,155,scattergories,banana,banana
fruitb,qwen2.5:7b,5.0,156,scattergories,berry,berry
fruitb,qwen2.5:7b,5.0,157,scattergories,blueberry,blueberry
fruitb,qwen2.5:7b,5.0,158,scattergories,blueberry,blueberry
fruitb,qwen2.5:7b,5.0,159,scattergories,banana,banana
fruitb,qwen2.5:7b,5.0,160,scattergories,berry,berry
fruitb,qwen2.5:7b,5.0,161,scattergories,blueberry,blueberry
fruitb,qwen2.5:7b,5.0,162,scattergories,blueberry,blueberry
fruitb,qwen2.5:7b,5.0,163,scattergories,blueberry,blueberry
fruitb,qwen2.5:7b,5.0,164,scattergories,blueberry,blueberry
fruitb,qwen2.5:7b,5.0,165,scattergories,blueberry,blueberry
fruitb,qwen2.5:7b,5.0,166,scattergories,blueberry,blueberry
fruitb,qwen2.5:7b,5.0,167,scattergories,banana,banana
fruitb,qwen2.5:7b,5.0,168,scattergories,banana,banana
fruitb,qwen2.5:7b,5.0,169,scattergories,berry,berry
fruitb,qwen2.5:7b,5.0,170,scattergories,berry,berry
fruitb,qwen2.5:7b,5.0,171,scattergories,banana,banana
fruitb,qwen2.5:7b,5.0,172,scattergories,blueberry,blueberry
fruitb,qwen2.5:7b,5.0,173,scattergories,banana,banana
fruitb,qwen2.5:7b,5.0,174,scattergories,berry,berry
fruitb,qwen2.5:7b,5.0,175,scattergories,banana,banana
fruitb,qwen2.5:7b,5.0,176,scattergories,blueberry,blueberry
fruitb,qwen2.5:7b,5.0,177,scattergories,blueberry,blueberry
fruitb,qwen2.5:7b,5.0,178,scattergories,blueberry,blueberry
fruitb,qwen2.5:7b,5.0,179,scattergories,blueberry,blueberry
fruitb,qwen2.5:7b,5.0,180,scattergories,banana,banana
fruitb,qwen2.5:7b,5.0,181,scattergories,banana,banana
fruitb,qwen2.5:7b,5.0,182,scattergories,banana,banana
fruitb,qwen2.5:7b,5.0,183,scattergories,banana,banana
fruitb,qwen2.5:7b,5.0,184,scattergories,blueberry,blueberry
fruitb,qwen2.5:7b,5.0,185,scattergories,blueberry,blueberry
fruitb,qwen2.5:7b,5.0,186,scattergories,banana,banana
fruitb,qwen2.5:7b,5.0,187,scattergories,berry,berry
fruitb,qwen2.5:7b,5.0,188,scattergories,banana,banana
fruitb,qwen2.5:7b,5.0,189,scattergories,blueberry,blueberry
fruitb,qwen2.5:7b,5.0,190,scattergories,banana,banana
fruitb,qwen2.5:7b,5.0,191,scattergories,blueberry,blueberry
fruitb,qwen2.5:7b,5.0,192,scattergories,blueberry,blueberry
fruitb,qwen2.5:7b,5.0,193,scattergories,blueberry,blueberry
fruitb,qwen2.5:7b,5.0,194,scattergories,blueberry,blueberry
fruitb,qwen2.5:7b,5.0,195,scattergories,blueberry,blueberry
fruitb,qwen2.5:7b,5.0,196,scattergories,banana,banana
fruitb,qwen2.5:7b,5.0,197,scattergories,blueberry,blueberry
fruitb,qwen2.5:7b,5.0,198,scattergories,berry,berry
fruitb,qwen2.5:7b,5.0,199,scattergories,blueberry,blueberry
fruitb,qwen2.5:7b,5.0,200,scattergories,blueberry,blueberry
fruitb,qwen2.5:7b,5.0,201,scattergories,blueberry,blueberry
fruitb,qwen2.5:7b,5.0,202,scattergories,berry,berry
fruitb,qwen2.5:7b,5.0,203,scattergories,banana,banana
fruitb,qwen2.5:7b,5.0,204,scattergories,berry,berry
fruitb,qwen2.5:7b,5.0,205,scattergories,banana,banana
fruitb,qwen2.5:7b,5.0,206,scattergories,blueberry,blueberry
fruitb,qwen2.5:7b,5.0,207,scattergories,banana,banana
fruitb,qwen2.5:7b,5.0,208,scattergories,berry,berry
fruitb,qwen2.5:7b,5.0,209,scattergories,blueberry,blueberry
fruitb,qwen2.5:7b,5.0,210,scattergories,blueberry,blueberry
fruitb,qwen2.5:7b,5.0,211,scattergories,berry,berry
fruitb,qwen2.5:7b,5.0,212,scattergories,berry,berry
fruitb,qwen2.5:7b,5.0,213,scattergories,berry,berry
fruitb,qwen2.5:7b,5.0,214,scattergories,berry,berry
fruitb,qwen2.5:7b,5.0,215,scattergories,berry,berry
fruitb,qwen2.5:7b,5.0,216,scattergories,banana,banana
fruitb,qwen2.5:7b,5.0,217,scattergories,blueberry,blueberry
fruitb,qwen2.5:7b,5.0,218,scattergories,blueberry,blueberry
fruitb,qwen2.5:7b,5.0,219,scattergories,berry,berry
fruitb,qwen2.5:7b,5.0,220,scattergories,banana,banana
fruitb,qwen2.5:7b,5.0,221,scattergories,berry,berry
fruitb,qwen2.5:7b,5.0,222,scattergories,blueberry,blueberry
fruitb,qwen2.5:7b,5.0,223,scattergories,blueberry,blueberry
fruitb,qwen2.5:7b,5.0,224,scattergories,blueberry,blueberry
fruitb,qwen2.5:7b,5.0,225,scattergories,banana,banana
fruitb,qwen2.5:7b,5.0,226,scattergories,blueberry,blueberry
fruitb,qwen2.5:7b,5.0,227,scattergories,blueberry,blueberry
fruitb,qwen2.5:7b,5.0,228,scattergories,banana,banana
fruitb,qwen2.5:7b,5.0,229,scattergories,banana,banana
fruitb,qwen2.5:7b,5.0,230,scattergories,blueberry,blueberry
fruitb,qwen2.5:7b,5.0,231,scattergories,banana,banana
fruitb,qwen2.5:7b,5.0,232,scattergories,banana,banana
fruitb,qwen2.5:7b,5.0,233,scattergories,berry,berry
fruitb,qwen2.5:7b,5.0,234,scattergories,blueberry,blueberry
fruitb,qwen2.5:7b,5.0,235,scattergories,banana,banana
fruitb,qwen2.5:7b,5.0,236,scattergories,blueberry,blueberry
fruitb,qwen2.5:7b,5.0,237,scattergories,berry,berry
fruitb,qwen2.5:7b,5.0,238,scattergories,berry,berry
fruitb,qwen2.5:7b,5.0,239,scattergories,banana,banana
fruitb,qwen2.5:7b,5.0,240,scattergories,blueberry,blueberry
fruitb,qwen2.5:7b,5.0,241,scattergories,berry,berry
fruitb,qwen2.5:7b,5.0,242,scattergories,banana,banana
fruitb,qwen2.5:7b,5.0,243,scattergories,banana,banana
fruitb,qwen2.5:7b,5.0,244,scattergories,blueberry,blueberry
fruitb,qwen2.5:7b,5.0,245,scattergories,blueberry,blueberry
fruitb,qwen2.5:7b,5.0,246,scattergories,banana,banana
fruitb,qwen2.5:7b,5.0,247,scattergories,berry,berry
fruitb,qwen2.5:7b,5.0,248,scattergories,berry,berry
fruitb,qwen2.5:7b,5.0,249,scattergories,blueberry,blueberry
fruitb,qwen2.5:7b,5.0,250,scattergories,banana,banana
fruitb,qwen2.5:7b,5.0,251,scattergories,blueberry,blueberry
fruitb,qwen2.5:7b,5.0,252,scattergories,banana,banana
fruitb,qwen2.5:7b,5.0,253,scattergories,banana,banana
fruitb,qwen2.5:7b,5.0,254,scattergories,blueberry,blueberry
fruitb,qwen2.5:7b,5.0,255,scattergories,banana,banana
fruitb,qwen2.5:7b,5.0,256,scattergories,blueberry,blueberry
fruitb,qwen2.5:7b,5.0,257,scattergories,banana,banana
fruitb,qwen2.5:7b,5.0,258,scattergories,berry,berry
fruitb,qwen2.5:7b,5.0,259,scattergories,berry,berry
fruitb,qwen2.5:7b,5.0,260,scattergories,blueberry,blueberry
fruitb,qwen2.5:7b,5.0,261,scattergories,blueberry,blueberry
fruitb,qwen2.5:7b,5.0,262,scattergories,blueberry,blueberry
fruitb,qwen2.5:7b,5.0,263,scattergories,blueberry,blueberry
fruitb,qwen2.5:7b,5.0,264,scattergories,banana,banana
fruitb,qwen2.5:7b,5.0,265,scattergories,berry,berry
fruitb,qwen2.5:7b,5.0,266,scattergories,berry,berry
fruitb,qwen2.5:7b,5.0,267,scattergories,berry,berry
fruitb,qwen2.5:7b,5.0,268,scattergories,blueberry,blueberry
fruitb,qwen2.5:7b,5.0,269,scattergories,blueberry,blueberry
fruitb,qwen2.5:7b,5.0,270,scattergories,berry,berry
fruitb,qwen2.5:7b,5.0,271,scattergories,berry,berry
fruitb,qwen2.5:7b,5.0,272,scattergories,berry,berry
fruitb,qwen2.5:7b,5.0,273,scattergories,blueberry,blueberry
fruitb,qwen2.5:7b,5.0,274,scattergories,blueberry,blueberry
fruitb,qwen2.5:7b,5.0,275,scattergories,berry,berry
fruitb,qwen2.5:7b,5.0,276,scattergories,banana,banana
fruitb,qwen2.5:7b,5.0,277,scattergories,berry,berry
fruitb,qwen2.5:7b,5.0,278,scattergories,blueberry,blueberry
fruitb,qwen2.5:7b,5.0,279,scattergories,banana,banana
fruitb,qwen2.5:7b,5.0,280,scattergories,blueberry,blueberry
fruitb,qwen2.5:7b,5.0,281,scattergories,blueberry,blueberry
fruitb,qwen2.5:7b,5.0,282,scattergories,berry,berry
fruitb,qwen2.5:7b,5.0,283,scattergories,berry,berry
fruitb,qwen2.5:7b,5.0,284,scattergories,berry,berry
fruitb,qwen2.5:7b,5.0,285,scattergories,blueberry,blueberry
fruitb,qwen2.5:7b,5.0,286,scattergories,blueberry,blueberry
fruitb,qwen2.5:7b,5.0,287,scattergories,berry,berry
fruitb,qwen2.5:7b,5.0,288,scattergories,blueberry,blueberry
fruitb,qwen2.5:7b,5.0,289,scattergories,banana,banana
fruitb,qwen2.5:7b,5.0,290,scattergories,berry,berry
fruitb,qwen2.5:7b,5.0,291,scattergories,banana,banana
fruitb,qwen2.5:7b,5.0,292,scattergories,berry,berry
fruitb,qwen2.5:7b,5.0,293,scattergories,banana,banana
fruitb,qwen2.5:7b,5.0,294,scattergories,berry,berry
fruitb,qwen2.5:7b,5.0,295,scattergories,banana,banana
fruitb,qwen2.5:7b,5.0,296,scattergories,banana,banana
fruitb,qwen2.5:7b,5.0,297,scattergories,blueberry,blueberry
fruitb,qwen2.5:7b,5.0,298,scattergories,banana,banana
fruitb,qwen2.5:7b,5.0,299,scattergories,banana,banana
fruitb,qwen2.5:7b,5.0,300,scattergories,blueberry,blueberry
fruitb,qwen2.5:7b,5.0,301,scattergories,berry,berry
fruitb,qwen2.5:7b,5.0,302,scattergories,banana,banana
fruitb,qwen2.5:7b,5.0,303,scattergories,blueberry,blueberry
fruitb,qwen2.5:7b,5.0,304,scattergories,berry,berry
fruitb,qwen2.5:7b,5.0,305,scattergories,berry,berry
fruitb,qwen2.5:7b,5.0,306,scattergories,berry,berry
fruitb,qwen2.5:7b,5.0,307,scattergories,banana,banana
fruitb,qwen2.5:7b,5.0,308,scattergories,blueberry,blueberry
fruitb,qwen2.5:7b,5.0,309,scattergories,blueberry,blueberry
fruitb,qwen2.5:7b,5.0,310,scattergories,blueberry,blueberry
fruitb,qwen2.5:7b,5.0,311,scattergories,banana,banana
fruitb,qwen2.5:7b,5.0,312,scattergories,blueberry,blueberry
fruitb,qwen2.5:7b,5.0,313,scattergories,banana,banana
fruitb,qwen2.5:7b,5.0,314,scattergories,blueberry,blueberry
fruitb,qwen2.5:7b,5.0,315,scattergories,berry,berry
fruitb,qwen2.5:7b,5.0,316,scattergories,blueberry,blueberry
fruitb,qwen2.5:7b,5.0,317,scattergories,banana,banana
fruitb,qwen2.5:7b,5.0,318,scattergories,banana,banana
fruitb,qwen2.5:7b,5.0,319,scattergories,berry,berry
fruitb,qwen2.5:7b,5.0,320,scattergories,blueberry,blueberry
fruitb,qwen2.5:7b,5.0,321,scattergories,banana,banana
fruitb,qwen2.5:7b,5.0,322,scattergories,banana,banana
fruitb,qwen2.5:7b,5.0,323,scattergories,blueberry,blueberry
fruitb,qwen2.5:7b,5.0,324,scattergories,blueberry,blueberry
fruitb,qwen2.5:7b,5.0,325,scattergories,blueberry,blueberry
fruitb,qwen2.5:7b,5.0,326,scattergories,blueberry,blueberry
fruitb,qwen2.5:7b,5.0,327,scattergories,berry,berry
fruitb,qwen2.5:7b,5.0,328,scattergories,banana,banana
fruitb,qwen2.5:7b,5.0,329,scattergories,blueberry,blueberry
fruitb,qwen2.5:7b,5.0,330,scattergories,blueberry,blueberry
fruitb,qwen2.5:7b,5.0,331,scattergories,banana,banana
fruitb,qwen2.5:7b,5.0,332,scattergories,berry,berry
fruitb,qwen2.5:7b,5.0,333,scattergories,banana,banana
fruitb,qwen2.5:7b,5.0,334,scattergories,blueberry,blueberry
fruitb,qwen2.5:7b,5.0,335,scattergories,banana,banana
fruitb,qwen2.5:7b,5.0,336,scattergories,banana,banana
fruitb,qwen2.5:7b,5.0,337,scattergories,blueberry,blueberry
fruitb,qwen2.5:7b,5.0,338,scattergories,banana,banana
fruitb,qwen2.5:7b,5.0,339,scattergories,berry,berry
fruitb,qwen2.5:7b,5.0,340,scattergories,blueberry,blueberry
fruitb,qwen2.5:7b,5.0,341,scattergories,blueberry,blueberry
fruitb,qwen2.5:7b,5.0,342,scattergories,banana,banana
fruitb,qwen2.5:7b,5.0,343,scattergories,banana,banana
fruitb,qwen2.5:7b,5.0,344,scattergories,banana,banana
fruitb,qwen2.5:7b,5.0,345,scattergories,berry,berry
fruitb,qwen2.5:7b,5.0,346,scattergories,banana,banana
fruitb,qwen2.5:7b,5.0,347,scattergories,banana,banana
fruitb,qwen2.5:7b,5.0,348,scattergories,blueberry,blueberry
fruitb,qwen2.5:7b,5.0,349,scattergories,berry,berry
fruitb,qwen2.5:7b,5.0,350,scattergories,banana,banana
fruitb,qwen2.5:7b,5.0,351,scattergories,blueberry,blueberry
fruitb,qwen2.5:7b,5.0,352,scattergories,banana,banana
fruitb,qwen2.5:7b,5.0,353,scattergories,berry,berry
fruitb,qwen2.5:7b,5.0,354,scattergories,berry,berry
fruitb,qwen2.5:7b,5.0,355,scattergories,blueberry,blueberry
fruitb,qwen2.5:7b,5.0,356,scattergories,blueberry,blueberry
fruitb,qwen2.5:7b,5.0,357,scattergories,berry,berry
fruitb,qwen2.5:7b,5.0,358,scattergories,berry,berry
fruitb,qwen2.5:7b,5.0,359,scattergories,blueberry,blueberry
fruitb,qwen2.5:7b,5.0,360,scattergories,berry,berry
fruitb,qwen2.5:7b,5.0,361,scattergories,banana,banana
fruitb,qwen2.5:7b,5.0,362,scattergories,banana,banana
fruitb,qwen2.5:7b,5.0,363,scattergories,banana,banana
fruitb,qwen2.5:7b,5.0,364,scattergories,blueberry,blueberry
fruitb,qwen2.5:7b,5.0,365,scattergories,blueberry,blueberry
fruitb,qwen2.5:7b,5.0,366,scattergories,banana,banana
fruitb,qwen2.5:7b,5.0,367,scattergories,banana,banana
fruitb,qwen2.5:7b,5.0,368,scattergories,blueberry,blueberry
fruitb,qwen2.5:7b,5.0,369,scattergories,banana,banana
fruitb,qwen2.5:7b,5.0,370,scattergories,blueberry,blueberry
fruitb,qwen2.5:7b,5.0,371,scattergories,blueberry,blueberry
fruitb,qwen2.5:7b,5.0,372,scattergories,banana,banana
fruitb,qwen2.5:7b,5.0,373,scattergories,banana,banana
fruitb,qwen2.5:7b,5.0,374,scattergories,blueberry,blueberry
fruitb,qwen2.5:7b,5.0,375,scattergories,banana,banana
fruitb,qwen2.5:7b,5.0,376,scattergories,banana,banana
fruitb,qwen2.5:7b,5.0,377,scattergories,banana,banana
fruitb,qwen2.5:7b,5.0,378,scattergories,berry,berry
fruitb,qwen2.5:7b,5.0,379,scattergories,banana,banana
fruitb,qwen2.5:7b,5.0,380,scattergories,banana,banana
fruitb,qwen2.5:7b,5.0,381,scattergories,blueberry,blueberry
fruitb,qwen2.5:7b,5.0,382,scattergories,blueberry,blueberry
fruitb,qwen2.5:7b,5.0,383,scattergories,banana,banana
fruitb,qwen2.5:7b,5.0,384,scattergories,blueberry,blueberry
fruitb,qwen2.5:7b,5.0,385,scattergories,blueberry,blueberry
fruitb,qwen2.5:7b,5.0,386,scattergories,blueberry,blueberry
fruitb,qwen2.5:7b,5.0,387,scattergories,berry,berry
fruitb,qwen2.5:7b,5.0,388,scattergories,berry,berry
fruitb,qwen2.5:7b,5.0,389,scattergories,blueberry,blueberry
fruitb,qwen2.5:7b,5.0,390,scattergories,banana,banana
fruitb,qwen2.5:7b,5.0,391,scattergories,blueberry,blueberry
fruitb,qwen2.5:7b,5.0,392,scattergories,banana,banana
fruitb,qwen2.5:7b,5.0,393,scattergories,blueberry,blueberry
fruitb,qwen2.5:7b,5.0,394,scattergories,banana,banana
fruitb,qwen2.5:7b,5.0,395,scattergories,blueberry,blueberry
fruitb,qwen2.5:7b,5.0,396,scattergories,banana,banana
fruitb,qwen2.5:7b,5.0,397,scattergories,blueberry,blueberry
fruitb,qwen2.5:7b,5.0,398,scattergories,blueberry,blueberry
fruitb,qwen2.5:7b,5.0,399,scattergories,berry,berry
fruitb,qwen2.5:7b,5.0,400,scattergories,blueberry,blueberry
fruitb,qwen2.5:7b,5.0,401,scattergories,blueberry,blueberry
fruitb,qwen2.5:7b,5.0,402,scattergories,berry,berry
fruitb,qwen2.5:7b,5.0,403,scattergories,berry,berry
fruitb,qwen2.5:7b,5.0,404,scattergories,blueberry,blueberry
fruitb,qwen2.5:7b,5.0,405,scattergories,banana,banana
fruitb,qwen2.5:7b,5.0,406,scattergories,blueberry,blueberry
fruitb,qwen2.5:7b,5.0,407,scattergories,blueberry,blueberry
fruitb,qwen2.5:7b,5.0,408,scattergories,blueberry,blueberry
fruitb,qwen2.5:7b,5.0,409,scattergories,berry,berry
fruitb,qwen2.5:7b,5.0,410,scattergories,blueberry,blueberry
fruitb,qwen2.5:7b,5.0,411,scattergories,blueberry,blueberry
fruitb,qwen2.5:7b,5.0,412,scattergories,berry,berry
fruitb,qwen2.5:7b,5.0,413,scattergories,banana,banana
fruitb,qwen2.5:7b,5.0,414,scattergories,berry,berry
fruitb,qwen2.5:7b,5.0,415,scattergories,banana,banana
fruitb,qwen2.5:7b,5.0,416,scattergories,banana,banana
fruitb,qwen2.5:7b,5.0,417,scattergories,blueberry,blueberry
fruitb,qwen2.5:7b,5.0,418,scattergories,blueberry,blueberry
fruitb,qwen2.5:7b,5.0,419,scattergories,banana,banana
fruitb,qwen2.5:7b,5.0,420,scattergories,blueberry,blueberry
fruitb,qwen2.5:7b,5.0,421,scattergories,blueberry,blueberry
fruitb,qwen2.5:7b,5.0,422,scattergories,banana,banana
fruitb,qwen2.5:7b,5.0,423,scattergories,blueberry,blueberry
fruitb,qwen2.5:7b,5.0,424,scattergories,berry,berry
fruitb,qwen2.5:7b,5.0,425,scattergories,blueberry,blueberry
fruitb,qwen2.5:7b,5.0,426,scattergories,blueberry,blueberry
fruitb,qwen2.5:7b,5.0,427,scattergories,banana,banana
fruitb,qwen2.5:7b,5.0,428,scattergories,blueberry,blueberry
fruitb,qwen2.5:7b,5.0,429,scattergories,berry,berry
fruitb,qwen2.5:7b,5.0,430,scattergories,blueberry,blueberry
fruitb,qwen2.5:7b,5.0,431,scattergories,berry,berry
fruitb,qwen2.5:7b,5.0,432,scattergories,blueberry,blueberry
fruitb,qwen2.5:7b,5.0,433,scattergories,blueberry,blueberry
fruitb,qwen2.5:7b,5.0,434,scattergories,blueberry,blueberry
fruitb,qwen2.5:7b,5.0,435,scattergories,blueberry,blueberry
fruitb,qwen2.5:7b,5.0,436,scattergories,blueberry,blueberry
fruitb,qwen2.5:7b,5.0,437,scattergories,banana,banana
fruitb,qwen2.5:7b,5.0,438,scattergories,berry,berry
fruitb,qwen2.5:7b,5.0,439,scattergories,blueberry,blueberry
fruitb,qwen2.5:7b,5.0,440,scattergories,berry,berry
fruitb,qwen2.5:7b,5.0,441,scattergories,blueberry,blueberry
fruitb,qwen2.5:7b,5.0,442,scattergories,blueberry,blueberry
fruitb,qwen2.5:7b,5.0,443,scattergories,blueberry,blueberry
fruitb,qwen2.5:7b,5.0,444,scattergories,blueberry,blueberry
fruitb,qwen2.5:7b,5.0,445,scattergories,banana,banana
fruitb,qwen2.5:7b,5.0,446,scattergories,banana,banana
fruitb,qwen2.5:7b,5.0,447,scattergories,blueberry,blueberry
fruitb,qwen2.5:7b,5.0,448,scattergories,berry,berry
fruitb,qwen2.5:7b,5.0,449,scattergories,banana,banana
fruitb,qwen2.5:7b,5.0,450,scattergories,banana,banana
fruitb,qwen2.5:7b,5.0,451,scattergories,blueberry,blueberry
fruitb,qwen2.5:7b,5.0,452,scattergories,blueberry,blueberry
fruitb,qwen2.5:7b,5.0,453,scattergories,banana,banana
fruitb,qwen2.5:7b,5.0,454,scattergories,banana,banana
fruitb,qwen2.5:7b,5.0,455,scattergories,berry,berry
fruitb,qwen2.5:7b,5.0,456,scattergories,berry,berry
fruitb,qwen2.5:7b,5.0,457,scattergories,berry,berry
fruitb,qwen2.5:7b,5.0,458,scattergories,blueberry,blueberry
fruitb,qwen2.5:7b,5.0,459,scattergories,blueberry,blueberry
fruitb,qwen2.5:7b,5.0,460,scattergories,berry,berry
fruitb,qwen2.5:7b,5.0,461,scattergories,berry,berry
fruitb,qwen2.5:7b,5.0,462,scattergories,berry,berry
fruitb,qwen2.5:7b,5.0,463,scattergories,blueberry,blueberry
fruitb,qwen2.5:7b,5.0,464,scattergories,blueberry,blueberry
fruitb,qwen2.5:7b,5.0,465,scattergories,berry,berry
fruitb,qwen2.5:7b,5.0,466,scattergories,blueberry,blueberry
fruitb,qwen2.5:7b,5.0,467,scattergories,blueberry,blueberry
fruitb,qwen2.5:7b,5.0,468,scattergories,banana,banana
fruitb,qwen2.5:7b,5.0,469,scattergories,berry,berry
fruitb,qwen2.5:7b,5.0,470,scattergories,blueberry,blueberry
fruitb,qwen2.5:7b,5.0,471,scattergories,blueberry,blueberry
fruitb,qwen2.5:7b,5.0,472,scattergories,berry,berry
fruitb,qwen2.5:7b,5.0,473,scattergories,berry,berry
fruitb,qwen2.5:7b,5.0,474,scattergories,berry,berry
fruitb,qwen2.5:7b,5.0,475,scattergories,blueberry,blueberry
fruitb,qwen2.5:7b,5.0,476,scattergories,blueberry,blueberry
fruitb,qwen2.5:7b,5.0,477,scattergories,banana,banana
fruitb,qwen2.5:7b,5.0,478,scattergories,banana,banana
fruitb,qwen2.5:7b,5.0,479,scattergories,blueberry,blueberry
fruitb,qwen2.5:7b,5.0,480,scattergories,banana,banana
fruitb,qwen2.5:7b,5.0,481,scattergories,banana,banana
fruitb,qwen2.5:7b,5.0,482,scattergories,berry,berry
fruitb,qwen2.5:7b,5.0,483,scattergories,blueberry,blueberry
fruitb,qwen2.5:7b,5.0,484,scattergories,blueberry,blueberry
fruitb,qwen2.5:7b,5.0,485,scattergories,blueberry,blueberry
fruitb,qwen2.5:7b,5.0,486,scattergories,berry,berry
fruitb,qwen2.5:7b,5.0,487,scattergories,banana,banana
fruitb,qwen2.5:7b,5.0,488,scattergories,blueberry,blueberry
fruitb,qwen2.5:7b,5.0,489,scattergories,banana,banana
fruitb,qwen2.5:7b,5.0,490,scattergories,berry,berry
fruitb,qwen2.5:7b,5.0,491,scattergories,blueberry,blueberry
fruitb,qwen2.5:7b,5.0,492,scattergories,banana,banana
fruitb,qwen2.5:7b,5.0,493,scattergories,berry,berry
fruitb,qwen2.5:7b,5.0,494,scattergories,banana,banana
fruitb,qwen2.5:7b,5.0,495,scattergories,banana,banana
fruitb,qwen2.5:7b,5.0,496,scattergories,banana,banana
fruitb,qwen2.5:7b,5.0,497,scattergories,berry,berry
fruitb,qwen2.5:7b,5.0,498,scattergories,berry,berry
fruitb,qwen2.5:7b,5.0,499,scattergories,banana,banana
fruitb,qwen2.5:7b,7.5,0,scattergories,banana,banana
fruitb,qwen2.5:7b,7.5,1,scattergories,blueberry,blueberry
fruitb,qwen2.5:7b,7.5,2,scattergories,blueberry,blueberry
fruitb,qwen2.5:7b,7.5,3,scattergories,blueberry,blueberry
fruitb,qwen2.5:7b,7.5,4,scattergories,blueberry,blueberry
fruitb,qwen2.5:7b,7.5,5,scattergories,berry,berry
fruitb,qwen2.5:7b,7.5,6,scattergories,blueberry,blueberry
fruitb,qwen2.5:7b,7.5,7,scattergories,banana,banana
fruitb,qwen2.5:7b,7.5,8,scattergories,banana,banana
fruitb,qwen2.5:7b,7.5,9,scattergories,blueberry,blueberry
fruitb,qwen2.5:7b,7.5,10,scattergories,berry,berry
fruitb,qwen2.5:7b,7.5,11,scattergories,blueberry,blueberry
fruitb,qwen2.5:7b,7.5,12,scattergories,blueberry,blueberry
fruitb,qwen2.5:7b,7.5,13,scattergories,blueberry,blueberry
fruitb,qwen2.5:7b,7.5,14,scattergories,banana,banana
fruitb,qwen2.5:7b,7.5,15,scattergories,banana,banana
fruitb,qwen2.5:7b,7.5,16,scattergories,blueberry,blueberry
fruitb,qwen2.5:7b,7.5,17,scattergories,banana,banana
fruitb,qwen2.5:7b,7.5,18,scattergories,blueberry,blueberry
fruitb,qwen2.5:7b,7.5,19,scattergories,banana,banana
fruitb,qwen2.5:7b,7.5,20,scattergories,berry,berry
fruitb,qwen2.5:7b,7.5,21,scattergories,berry,berry
fruitb,qwen2.5:7b,7.5,22,scattergories,banana,banana
fruitb,qwen2.5:7b,7.5,23,scattergories,banana,banana
fruitb,qwen2.5:7b,7.5,24,scattergories,blueberry,blueberry
fruitb,qwen2.5:7b,7.5,25,scattergories,blueberry,blueberry
fruitb,qwen2.5:7b,7.5,26,scattergories,banana,banana
fruitb,qwen2.5:7b,7.5,27,scattergories,banana,banana
fruitb,qwen2.5:7b,7.5,28,scattergories,banana,banana
fruitb,qwen2.5:7b,7.5,29,scattergories,berry,berry
fruitb,qwen2.5:7b,7.5,30,scattergories,blueberry,blueberry
fruitb,qwen2.5:7b,7.5,31,scattergories,banana,banana
fruitb,qwen2.5:7b,7.5,32,scattergories,banana,banana
fruitb,qwen2.5:7b,7.5,33,scattergories,berry,berry
fruitb,qwen2.5:7b,7.5,34,scattergories,blueberry,blueberry
fruitb,qwen2.5:7b,7.5,35,scattergories,blueberry,blueberry
fruitb,qwen2.5:7b,7.5,36,scattergories,banana,banana
fruitb,qwen2.5:7b,7.5,37,scattergories,berry,berry
fruitb,qwen2.5:7b,7.5,38,scattergories,banana,banana
fruitb,qwen2.5:7b,7.5,39,scattergories,banana,banana
fruitb,qwen2.5:7b,7.5,40,scattergories,blueberry,blueberry
fruitb,qwen2.5:7b,7.5,41,scattergories,berry,berry
fruitb,qwen2.5:7b,7.5,42,scattergories,banana,banana
fruitb,qwen2.5:7b,7.5,43,scattergories,blueberry,blueberry
fruitb,qwen2.5:7b,7.5,44,scattergories,banana,banana
fruitb,qwen2.5:7b,7.5,45,scattergories,blueberry,blueberry
fruitb,qwen2.5:7b,7.5,46,scattergories,blueberry,blueberry
fruitb,qwen2.5:7b,7.5,47,scattergories,berry,berry
fruitb,qwen2.5:7b,7.5,48,scattergories,berry,berry
fruitb,qwen2.5:7b,7.5,49,scattergories,blueberry,blueberry
fruitb,qwen2.5:7b,7.5,50,scattergories,berry,berry
fruitb,qwen2.5:7b,7.5,51,scattergories,blueberry,blueberry
fruitb,qwen2.5:7b,7.5,52,scattergories,banana,banana
fruitb,qwen2.5:7b,7.5,53,scattergories,banana,banana
fruitb,qwen2.5:7b,7.5,54,scattergories,berry,berry
fruitb,qwen2.5:7b,7.5,55,scattergories,berry,berry
fruitb,qwen2.5:7b,7.5,56,scattergories,berry,berry
fruitb,qwen2.5:7b,7.5,57,scattergories,blueberry,blueberry
fruitb,qwen2.5:7b,7.5,58,scattergories,banana,banana
fruitb,qwen2.5:7b,7.5,59,scattergories,blueberry,blueberry
fruitb,qwen2.5:7b,7.5,60,scattergories,banana,banana
fruitb,qwen2.5:7b,7.5,61,scattergories,banana,banana
fruitb,qwen2.5:7b,7.5,62,scattergories,blueberry,blueberry
fruitb,qwen2.5:7b,7.5,63,scattergories,blueberry,blueberry
fruitb,qwen2.5:7b,7.5,64,scattergories,banana,banana
fruitb,qwen2.5:7b,7.5,65,scattergories,blueberry,blueberry
fruitb,qwen2.5:7b,7.5,66,scattergories,banana,banana
fruitb,qwen2.5:7b,7.5,67,scattergories,berry,berry
fruitb,qwen2.5:7b,7.5,68,scattergories,berry,berry
fruitb,qwen2.5:7b,7.5,69,scattergories,blueberry,blueberry
fruitb,qwen2.5:7b,7.5,70,scattergories,blueberry,blueberry
fruitb,qwen2.5:7b,7.5,71,scattergories,blueberry,blueberry
fruitb,qwen2.5:7b,7.5,72,scattergories,berry,berry
fruitb,qwen2.5:7b,7.5,73,scattergories,blueberry,blueberry
fruitb,qwen2.5:7b,7.5,74,scattergories,blueberry,blueberry
fruitb,qwen2.5:7b,7.5,75,scattergories,berry,berry
fruitb,qwen2.5:7b,7.5,76,scattergories,berry,berry
fruitb,qwen2.5:7b,7.5,77,scattergories,blueberry,blueberry
fruitb,qwen2.5:7b,7.5,78,scattergories,banana,banana
fruitb,qwen2.5:7b,7.5,79,scattergories,berry,berry
fruitb,qwen2.5:7b,7.5,80,scattergories,banana,banana
fruitb,qwen2.5:7b,7.5,81,scattergories,blueberry,blueberry
fruitb,qwen2.5:7b,7.5,82,scattergories,blueberry,blueberry
fruitb,qwen2.5:7b,7.5,83,scattergories,blueberry,blueberry
fruitb,qwen2.5:7b,7.5,84,scattergories,banana,banana
fruitb,qwen2.5:7b,7.5,85,scattergories,berry,berry
fruitb,qwen2.5:7b,7.5,86,scattergories,banana,banana
fruitb,qwen2.5:7b,7.5,87,scattergories,blueberry,blueberry
fruitb,qwen2.5:7b,7.5,88,scattergories,blueberry,blueberry
fruitb,qwen2.5:7b,7.5,89,scattergories,banana,banana
fruitb,qwen2.5:7b,7.5,90,scattergories,banana,banana
fruitb,qwen2.5:7b,7.5,91,scattergories,banana,banana
fruitb,qwen2.5:7b,7.5,92,scattergories,banana,banana
fruitb,qwen2.5:7b,7.5,93,scattergories,banana,banana
fruitb,qwen2.5:7b,7.5,94,scattergories,blueberry,blueberry
fruitb,qwen2.5:7b,7.5,95,scattergories,berry,berry
fruitb,qwen2.5:7b,7.5,96,scattergories,banana,banana
fruitb,qwen2.5:7b,7.5,97,scattergories,berry,berry
fruitb,qwen2.5:7b,7.5,98,scattergories,berry,berry
fruitb,qwen2.5:7b,7.5,99,scattergories,blueberry,blueberry
fruitb,qwen2.5:7b,7.5,100,scattergories,banana,banana
fruitb,qwen2.5:7b,7.5,101,scattergories,banana,banana
fruitb,qwen2.5:7b,7.5,102,scattergories,banana,banana
fruitb,qwen2.5:7b,7.5,103,scattergories,banana,banana
fruitb,qwen2.5:7b,7.5,104,scattergories,banana,banana
fruitb,qwen2.5:7b,7.5,105,scattergories,berry,berry
fruitb,qwen2.5:7b,7.5,106,scattergories,berry,berry
fruitb,qwen2.5:7b,7.5,107,scattergories,blueberry,blueberry
fruitb,qwen2.5:7b,7.5,108,scattergories,berry,berry
fruitb,qwen2.5:7b,7.5,109,scattergories,blueberry,blueberry
fruitb,qwen2.5:7b,7.5,110,scattergories,blueberry,blueberry
fruitb,qwen2.5:7b,7.5,111,scattergories,berry,berry
fruitb,qwen2.5:7b,7.5,112,scattergories,berry,berry
fruitb,qwen2.5:7b,7.5,113,scattergories,banana,banana
fruitb,qwen2.5:7b,7.5,114,scattergories,banana,banana
fruitb,qwen2.5:7b,7.5,115,scattergories,berry,berry
fruitb,qwen2.5:7b,7.5,116,scattergories,banana,banana
fruitb,qwen2.5:7b,7.5,117,scattergories,berry,berry
fruitb,qwen2.5:7b,7.5,118,scattergories,blueberry,blueberry
fruitb,qwen2.5:7b,7.5,119,scattergories,blueberry,blueberry
fruitb,qwen2.5:7b,7.5,120,scattergories,blueberry,blueberry
fruitb,qwen2.5:7b,7.5,121,scattergories,berry,berry
fruitb,qwen2.5:7b,7.5,122,scattergories,blueberry,blueberry
fruitb,qwen2.5:7b,7.5,123,scattergories,blueberry,blueberry
fruitb,qwen2.5:7b,7.5,124,scattergories,berry,berry
fruitb,qwen2.5:7b,7.5,125,scattergories,banana,banana
fruitb,qwen2.5:7b,7.5,126,scattergories,blueberry,blueberry
fruitb,qwen2.5:7b,7.5,127,scattergories,blueberry,blueberry
fruitb,qwen2.5:7b,7.5,128,scattergories,berry,berry
fruitb,qwen2.5:7b,7.5,129,scattergories,berry,berry
fruitb,qwen2.5:7b,7.5,130,scattergories,blueberry,blueberry
fruitb,qwen2.5:7b,7.5,131,scattergories,blueberry,blueberry
fruitb,qwen2.5:7b,7.5,132,scattergories,blueberry,blueberry
fruitb,qwen2.5:7b,7.5,133,scattergories,blueberry,blueberry
fruitb,qwen2.5:7b,7.5,134,scattergories,banana,banana
fruitb,qwen2.5:7b,7.5,135,scattergories,blueberry,blueberry
fruitb,qwen2.5:7b,7.5,136,scattergories,banana,banana
fruitb,qwen2.5:7b,7.5,137,scattergories,berry,berry
fruitb,qwen2.5:7b,7.5,138,scattergories,banana,banana
fruitb,qwen2.5:7b,7.5,139,scattergories,berry,berry
fruitb,qwen2.5:7b,7.5,140,scattergories,berry,berry
fruitb,qwen2.5:7b,7.5,141,scattergories,banana,banana
fruitb,qwen2.5:7b,7.5,142,scattergories,banana,banana
fruitb,qwen2.5:7b,7.5,143,scattergories,berry,berry
fruitb,qwen2.5:7b,7.5,144,scattergories,blueberry,blueberry
fruitb,qwen2.5:7b,7.5,145,scattergories,blueberry,blueberry
fruitb,qwen2.5:7b,7.5,146,scattergories,blueberry,blueberry
fruitb,qwen2.5:7b,7.5,147,scattergories,banana,banana
fruitb,qwen2.5:7b,7.5,148,scattergories,berry,berry
fruitb,qwen2.5:7b,7.5,149,scattergories,blueberry,blueberry
fruitb,qwen2.5:7b,7.5,150,scattergories,blueberry,blueberry
fruitb,qwen2.5:7b,7.5,151,scattergories,berry,berry
fruitb,qwen2.5:7b,7.5,152,scattergories,banana,banana
fruitb,qwen2.5:7b,7.5,153,scattergories,blueberry,blueberry
fruitb,qwen2.5:7b,7.5,154,scattergories,berry,berry
fruitb,qwen2.5:7b,7.5,155,scattergories,berry,berry
fruitb,qwen2.5:7b,7.5,156,scattergories,blueberry,blueberry
fruitb,qwen2.5:7b,7.5,157,scattergories,blueberry,blueberry
fruitb,qwen2.5:7b,7.5,158,scattergories,berry,berry
fruitb,qwen2.5:7b,7.5,159,scattergories,blueberry,blueberry
fruitb,qwen2.5:7b,7.5,160,scattergories,blueberry,blueberry
fruitb,qwen2.5:7b,7.5,161,scattergories,blueberry,blueberry
fruitb,qwen2.5:7b,7.5,162,scattergories,blueberry,blueberry
fruitb,qwen2.5:7b,7.5,163,scattergories,berry,berry
fruitb,qwen2.5:7b,7.5,164,scattergories,banana,banana
fruitb,qwen2.5:7b,7.5,165,scattergories,banana,banana
fruitb,qwen2.5:7b,7.5,166,scattergories,berry,berry
fruitb,qwen2.5:7b,7.5,167,scattergories,berry,berry
fruitb,qwen2.5:7b,7.5,168,scattergories,berry,berry
fruitb,qwen2.5:7b,7.5,169,scattergories,banana,banana
fruitb,qwen2.5:7b,7.5,170,scattergories,blueberry,blueberry
fruitb,qwen2.5:7b,7.5,171,scattergories,berry,berry
fruitb,qwen2.5:7b,7.5,172,scattergories,blueberry,blueberry
fruitb,qwen2.5:7b,7.5,173,scattergories,berry,berry
fruitb,qwen2.5:7b,7.5,174,scattergories,banana,banana
fruitb,qwen2.5:7b,7.5,175,scattergories,banana,banana
fruitb,qwen2.5:7b,7.5,176,scattergories,blueberry,blueberry
fruitb,qwen2.5:7b,7.5,177,scattergories,berry,berry
fruitb,qwen2.5:7b,7.5,178,scattergories,blueberry,blueberry
fruitb,qwen2.5:7b,7.5,179,scattergories,blueberry,blueberry
fruitb,qwen2.5:7b,7.5,180,scattergories,blueberry,blueberry
fruitb,qwen2.5:7b,7.5,181,scattergories,berry,berry
fruitb,qwen2.5:7b,7.5,182,scattergories,berry,berry
fruitb,qwen2.5:7b,7.5,183,scattergories,blueberry,blueberry
fruitb,qwen2.5:7b,7.5,184,scattergories,blueberry,blueberry
fruitb,qwen2.5:7b,7.5,185,scattergories,blueberry,blueberry
fruitb,qwen2.5:7b,7.5,186,scattergories,banana,banana
fruitb,qwen2.5:7b,7.5,187,scattergories,banana,banana
fruitb,qwen2.5:7b,7.5,188,scattergories,blueberry,blueberry
fruitb,qwen2.5:7b,7.5,189,scattergories,blueberry,blueberry
fruitb,qwen2.5:7b,7.5,190,scattergories,banana,banana
fruitb,qwen2.5:7b,7.5,191,scattergories,berry,berry
fruitb,qwen2.5:7b,7.5,192,scattergories,blueberry,blueberry
fruitb,qwen2.5:7b,7.5,193,scattergories,banana,banana
fruitb,qwen2.5:7b,7.5,194,scattergories,blueberry,blueberry
fruitb,qwen2.5:7b,7.5,195,scattergories,berry,berry
fruitb,qwen2.5:7b,7.5,196,scattergories,blueberry,blueberry
fruitb,qwen2.5:7b,7.5,197,scattergories,blueberry,blueberry
fruitb,qwen2.5:7b,7.5,198,scattergories,blueberry,blueberry
fruitb,qwen2.5:7b,7.5,199,scattergories,banana,banana
fruitb,qwen2.5:7b,7.5,200,scattergories,banana,banana
fruitb,qwen2.5:7b,7.5,201,scattergories,berry,berry
fruitb,qwen2.5:7b,7.5,202,scattergories,banana,banana
fruitb,qwen2.5:7b,7.5,203,scattergories,blueberry,blueberry
fruitb,qwen2.5:7b,7.5,204,scattergories,banana,banana
fruitb,qwen2.5:7b,7.5,205,scattergories,banana,banana
fruitb,qwen2.5:7b,7.5,206,scattergories,berry,berry
fruitb,qwen2.5:7b,7.5,207,scattergories,berry,berry
fruitb,qwen2.5:7b,7.5,208,scattergories,blueberry,blueberry
fruitb,qwen2.5:7b,7.5,209,scattergories,blueberry,blueberry
fruitb,qwen2.5:7b,7.5,210,scattergories,berry,berry
fruitb,qwen2.5:7b,7.5,211,scattergories,berry,berry
fruitb,qwen2.5:7b,7.5,212,scattergories,blueberry,blueberry
fruitb,qwen2.5:7b,7.5,213,scattergories,berry,berry
fruitb,qwen2.5:7b,7.5,214,scattergories,banana,banana
fruitb,qwen2.5:7b,7.5,215,scattergories,blueberry,blueberry
fruitb,qwen2.5:7b,7.5,216,scattergories,berry,berry
fruitb,qwen2.5:7b,7.5,217,scattergories,blueberry,blueberry
fruitb,qwen2.5:7b,7.5,218,scattergories,berry,berry
fruitb,qwen2.5:7b,7.5,219,scattergories,blueberry,blueberry
fruitb,qwen2.5:7b,7.5,220,scattergories,blueberry,blueberry
fruitb,qwen2.5:7b,7.5,221,scattergories,berry,berry
fruitb,qwen2.5:7b,7.5,222,scattergories,banana,banana
fruitb,qwen2.5:7b,7.5,223,scattergories,berry,berry
fruitb,qwen2.5:7b,7.5,224,scattergories,blueberry,blueberry
fruitb,qwen2.5:7b,7.5,225,scattergories,banana,banana
fruitb,qwen2.5:7b,7.5,226,scattergories,banana,banana
fruitb,qwen2.5:7b,7.5,227,scattergories,banana,banana
fruitb,qwen2.5:7b,7.5,228,scattergories,blueberry,blueberry
fruitb,qwen2.5:7b,7.5,229,scattergories,berry,berry
fruitb,qwen2.5:7b,7.5,230,scattergories,berry,berry
fruitb,qwen2.5:7b,7.5,231,scattergories,banana,banana
fruitb,qwen2.5:7b,7.5,232,scattergories,berry,berry
fruitb,qwen2.5:7b,7.5,233,scattergories,banana,banana
fruitb,qwen2.5:7b,7.5,234,scattergories,banana,banana
fruitb,qwen2.5:7b,7.5,235,scattergories,banana,banana
fruitb,qwen2.5:7b,7.5,236,scattergories,berry,berry
fruitb,qwen2.5:7b,7.5,237,scattergories,blueberry,blueberry
fruitb,qwen2.5:7b,7.5,238,scattergories,blueberry,blueberry
fruitb,qwen2.5:7b,7.5,239,scattergories,blueberry,blueberry
fruitb,qwen2.5:7b,7.5,240,scattergories,blueberry,blueberry
fruitb,qwen2.5:7b,7.5,241,scattergories,berry,berry
fruitb,qwen2.5:7b,7.5,242,scattergories,berry,berry
fruitb,qwen2.5:7b,7.5,243,scattergories,blueberry,blueberry
fruitb,qwen2.5:7b,7.5,244,scattergories,blueberry,blueberry
fruitb,qwen2.5:7b,7.5,245,scattergories,berry,berry
fruitb,qwen2.5:7b,7.5,246,scattergories,blueberry,blueberry
fruitb,qwen2.5:7b,7.5,247,scattergories,banana,banana
fruitb,qwen2.5:7b,7.5,248,scattergories,banana,banana
fruitb,qwen2.5:7b,7.5,249,scattergories,banana,banana
fruitb,qwen2.5:7b,7.5,250,scattergories,blueberry,blueberry
fruitb,qwen2.5:7b,7.5,251,scattergories,banana,banana
fruitb,qwen2.5:7b,7.5,252,scattergories,blueberry,blueberry
fruitb,qwen2.5:7b,7.5,253,scattergories,banana,banana
fruitb,qwen2.5:7b,7.5,254,scattergories,berry,berry
fruitb,qwen2.5:7b,7.5,255,scattergories,blueberry,blueberry
fruitb,qwen2.5:7b,7.5,256,scattergories,banana,banana
fruitb,qwen2.5:7b,7.5,257,scattergories,blueberry,blueberry
fruitb,qwen2.5:7b,7.5,258,scattergories,berry,berry
fruitb,qwen2.5:7b,7.5,259,scattergories,berry,berry
fruitb,qwen2.5:7b,7.5,260,scattergories,berry,berry
fruitb,qwen2.5:7b,7.5,261,scattergories,blueberry,blueberry
fruitb,qwen2.5:7b,7.5,262,scattergories,banana,banana
fruitb,qwen2.5:7b,7.5,263,scattergories,banana,banana
fruitb,qwen2.5:7b,7.5,264,scattergories,blueberry,blueberry
fruitb,qwen2.5:7b,7.5,265,scattergories,blueberry,blueberry
fruitb,qwen2.5:7b,7.5,266,scattergories,blueberry,blueberry
fruitb,qwen2.5:7b,7.5,267,scattergories,banana,banana
fruitb,qwen2.5:7b,7.5,268,scattergories,banana,banana
fruitb,qwen2.5:7b,7.5,269,scattergories,blueberry,blueberry
fruitb,qwen2.5:7b,7.5,270,scattergories,berry,berry
fruitb,qwen2.5:7b,7.5,271,scattergories,banana,banana
fruitb,qwen2.5:7b,7.5,272,scattergories,banana,banana
fruitb,qwen2.5:7b,7.5,273,scattergories,berry,berry
fruitb,qwen2.5:7b,7.5,274,scattergories,blueberry,blueberry
fruitb,qwen2.5:7b,7.5,275,scattergories,berry,berry
fruitb,qwen2.5:7b,7.5,276,scattergories,banana,banana
fruitb,qwen2.5:7b,7.5,277,scattergories,blueberry,blueberry
fruitb,qwen2.5:7b,7.5,278,scattergories,banana,banana
fruitb,qwen2.5:7b,7.5,279,scattergories,blueberry,blueberry
fruitb,qwen2.5:7b,7.5,280,scattergories,berry,berry
fruitb,qwen2.5:7b,7.5,281,scattergories,blueberry,blueberry
fruitb,qwen2.5:7b,7.5,282,scattergories,blueberry,blueberry
fruitb,qwen2.5:7b,7.5,283,scattergories,berry,berry
fruitb,qwen2.5:7b,7.5,284,scattergories,banana,banana
fruitb,qwen2.5:7b,7.5,285,scattergories,blueberry,blueberry
fruitb,qwen2.5:7b,7.5,286,scattergories,blueberry,blueberry
fruitb,qwen2.5:7b,7.5,287,scattergories,banana,banana
fruitb,qwen2.5:7b,7.5,288,scattergories,banana,banana
fruitb,qwen2.5:7b,7.5,289,scattergories,banana,banana
fruitb,qwen2.5:7b,7.5,290,scattergories,blueberry,blueberry
fruitb,qwen2.5:7b,7.5,291,scattergories,blueberry,blueberry
fruitb,qwen2.5:7b,7.5,292,scattergories,berry,berry
fruitb,qwen2.5:7b,7.5,293,scattergories,blueberry,blueberry
fruitb,qwen2.5:7b,7.5,294,scattergories,banana,banana
fruitb,qwen2.5:7b,7.5,295,scattergories,blueberry,blueberry
fruitb,qwen2.5:7b,7.5,296,scattergories,blueberry,blueberry
fruitb,qwen2.5:7b,7.5,297,scattergories,blueberry,blueberry
fruitb,qwen2.5:7b,7.5,298,scattergories,blueberry,blueberry
fruitb,qwen2.5:7b,7.5,299,scattergories,berry,berry
fruitb,qwen2.5:7b,7.5,300,scattergories,banana,banana
fruitb,qwen2.5:7b,7.5,301,scattergories,banana,banana
fruitb,qwen2.5:7b,7.5,302,scattergories,banana,banana
fruitb,qwen2.5:7b,7.5,303,scattergories,blueberry,blueberry
fruitb,qwen2.5:7b,7.5,304,scattergories,berry,berry
fruitb,qwen2.5:7b,7.5,305,scattergories,blueberry,blueberry
fruitb,qwen2.5:7b,7.5,306,scattergories,berry,berry
fruitb,qwen2.5:7b,7.5,307,scattergories,banana,banana
fruitb,qwen2.5:7b,7.5,308,scattergories,blueberry,blueberry
fruitb,qwen2.5:7b,7.5,309,scattergories,banana,banana
fruitb,qwen2.5:7b,7.5,310,scattergories,berry,berry
fruitb,qwen2.5:7b,7.5,311,scattergories,banana,banana
fruitb,qwen2.5:7b,7.5,312,scattergories,banana,banana
fruitb,qwen2.5:7b,7.5,313,scattergories,banana,banana
fruitb,qwen2.5:7b,7.5,314,scattergories,banana,banana
fruitb,qwen2.5:7b,7.5,315,scattergories,berry,berry
fruitb,qwen2.5:7b,7.5,316,scattergories,blueberry,blueberry
fruitb,qwen2.5:7b,7.5,317,scattergories,banana,banana
fruitb,qwen2.5:7b,7.5,318,scattergories,berry,berry
fruitb,qwen2.5:7b,7.5,319,scattergories,berry,berry
fruitb,qwen2.5:7b,7.5,320,scattergories,blueberry,blueberry
fruitb,qwen2.5:7b,7.5,321,scattergories,banana,banana
fruitb,qwen2.5:7b,7.5,322,scattergories,banana,banana
fruitb,qwen2.5:7b,7.5,323,scattergories,blueberry,blueberry
fruitb,qwen2.5:7b,7.5,324,scattergories,banana,banana
fruitb,qwen2.5:7b,7.5,325,scattergories,banana,banana
fruitb,qwen2.5:7b,7.5,326,scattergories,blueberry,blueberry
fruitb,qwen2.5:7b,7.5,327,scattergories,blueberry,blueberry
fruitb,qwen2.5:7b,7.5,328,scattergories,banana,banana
fruitb,qwen2.5:7b,7.5,329,scattergories,blueberry,blueberry
fruitb,qwen2.5:7b,7.5,330,scattergories,banana,banana
fruitb,qwen2.5:7b,7.5,331,scattergories,blueberry,blueberry
fruitb,qwen2.5:7b,7.5,332,scattergories,berry,berry
fruitb,qwen2.5:7b,7.5,333,scattergories,blueberry,blueberry
fruitb,qwen2.5:7b,7.5,334,scattergories,blueberry,blueberry
fruitb,qwen2.5:7b,7.5,335,scattergories,blueberry,blueberry
fruitb,qwen2.5:7b,7.5,336,scattergories,banana,banana
fruitb,qwen2.5:7b,7.5,337,scattergories,blueberry,blueberry
fruitb,qwen2.5:7b,7.5,338,scattergories,berry,berry
fruitb,qwen2.5:7b,7.5,339,scattergories,blueberry,blueberry
fruitb,qwen2.5:7b,7.5,340,scattergories,blueberry,blueberry
fruitb,qwen2.5:7b,7.5,341,scattergories,berry,berry
fruitb,qwen2.5:7b,7.5,342,scattergories,berry,berry
fruitb,qwen2.5:7b,7.5,343,scattergories,blueberry,blueberry
fruitb,qwen2.5:7b,7.5,344,scattergories,blueberry,blueberry
fruitb,qwen2.5:7b,7.5,345,scattergories,banana,banana
fruitb,qwen2.5:7b,7.5,346,scattergories,berry,berry
fruitb,qwen2.5:7b,7.5,347,scattergories,banana,banana
fruitb,qwen2.5:7b,7.5,348,scattergories,banana,banana
fruitb,qwen2.5:7b,7.5,349,scattergories,berry,berry
fruitb,qwen2.5:7b,7.5,350,scattergories,banana,banana
fruitb,qwen2.5:7b,7.5,351,scattergories,berry,berry
fruitb,qwen2.5:7b,7.5,352,scattergories,blueberry,blueberry
fruitb,qwen2.5:7b,7.5,353,scattergories,banana,banana
fruitb,qwen2.5:7b,7.5,354,scattergories,banana,banana
fruitb,qwen2.5:7b,7.5,355,scattergories,banana,banana
fruitb,qwen2.5:7b,7.5,356,scattergories,banana,banana
fruitb,qwen2.5:7b,7.5,357,scattergories,berry,berry
fruitb,qwen2.5:7b,7.5,358,scattergories,berry,berry
fruitb,qwen2.5:7b,7.5,359,scattergories,berry,berry
fruitb,qwen2.5:7b,7.5,360,scattergories,berry,berry
fruitb,qwen2.5:7b,7.5,361,scattergories,blueberry,blueberry
fruitb,qwen2.5:7b,7.5,362,scattergories,blueberry,blueberry
fruitb,qwen2.5:7b,7.5,363,scattergories,berry,berry
fruitb,qwen2.5:7b,7.5,364,scattergories,banana,banana
fruitb,qwen2.5:7b,7.5,365,scattergories,banana,banana
fruitb,qwen2.5:7b,7.5,366,scattergories,banana,banana
fruitb,qwen2.5:7b,7.5,367,scattergories,blueberry,blueberry
fruitb,qwen2.5:7b,7.5,368,scattergories,berry,berry
fruitb,qwen2.5:7b,7.5,369,scattergories,berry,berry
fruitb,qwen2.5:7b,7.5,370,scattergories,berry,berry
fruitb,qwen2.5:7b,7.5,371,scattergories,blueberry,blueberry
fruitb,qwen2.5:7b,7.5,372,scattergories,banana,banana
fruitb,qwen2.5:7b,7.5,373,scattergories,berry,berry
fruitb,qwen2.5:7b,7.5,374,scattergories,banana,banana
fruitb,qwen2.5:7b,7.5,375,scattergories,berry,berry
fruitb,qwen2.5:7b,7.5,376,scattergories,berry,berry
fruitb,qwen2.5:7b,7.5,377,scattergories,blueberry,blueberry
fruitb,qwen2.5:7b,7.5,378,scattergories,blueberry,blueberry
fruitb,qwen2.5:7b,7.5,379,scattergories,blueberry,blueberry
fruitb,qwen2.5:7b,7.5,380,scattergories,banana,banana
fruitb,qwen2.5:7b,7.5,381,scattergories,blueberry,blueberry
fruitb,qwen2.5:7b,7.5,382,scattergories,blueberry,blueberry
fruitb,qwen2.5:7b,7.5,383,scattergories,banana,banana
fruitb,qwen2.5:7b,7.5,384,scattergories,blueberry,blueberry
fruitb,qwen2.5:7b,7.5,385,scattergories,banana,banana
fruitb,qwen2.5:7b,7.5,386,scattergories,blueberry,blueberry
fruitb,qwen2.5:7b,7.5,387,scattergories,berry,berry
fruitb,qwen2.5:7b,7.5,388,scattergories,banana,banana
fruitb,qwen2.5:7b,7.5,389,scattergories,blueberry,blueberry
fruitb,qwen2.5:7b,7.5,390,scattergories,berry,berry
fruitb,qwen2.5:7b,7.5,391,scattergories,blueberry,blueberry
fruitb,qwen2.5:7b,7.5,392,scattergories,banana,banana
fruitb,qwen2.5:7b,7.5,393,scattergories,banana,banana
fruitb,qwen2.5:7b,7.5,394,scattergories,banana,banana
fruitb,qwen2.5:7b,7.5,395,scattergories,berry,berry
fruitb,qwen2.5:7b,7.5,396,scattergories,banana,banana
fruitb,qwen2.5:7b,7.5,397,scattergories,berry,berry
fruitb,qwen2.5:7b,7.5,398,scattergories,banana,banana
fruitb,qwen2.5:7b,7.5,399,scattergories,berry,berry
fruitb,qwen2.5:7b,7.5,400,scattergories,blueberry,blueberry
fruitb,qwen2.5:7b,7.5,401,scattergories,banana,banana
fruitb,qwen2.5:7b,7.5,402,scattergories,berry,berry
fruitb,qwen2.5:7b,7.5,403,scattergories,berry,berry
fruitb,qwen2.5:7b,7.5,404,scattergories,banana,banana
fruitb,qwen2.5:7b,7.5,405,scattergories,blueberry,blueberry
fruitb,qwen2.5:7b,7.5,406,scattergories,banana,banana
fruitb,qwen2.5:7b,7.5,407,scattergories,berry,berry
fruitb,qwen2.5:7b,7.5,408,scattergories,blueberry,blueberry
fruitb,qwen2.5:7b,7.5,409,scattergories,berry,berry
fruitb,qwen2.5:7b,7.5,410,scattergories,banana,banana
fruitb,qwen2.5:7b,7.5,411,scattergories,banana,banana
fruitb,qwen2.5:7b,7.5,412,scattergories,blueberry,blueberry
fruitb,qwen2.5:7b,7.5,413,scattergories,berry,berry
fruitb,qwen2.5:7b,7.5,414,scattergories,blueberry,blueberry
fruitb,qwen2.5:7b,7.5,415,scattergories,banana,banana
fruitb,qwen2.5:7b,7.5,416,scattergories,blueberry,blueberry
fruitb,qwen2.5:7b,7.5,417,scattergories,blueberry,blueberry
fruitb,qwen2.5:7b,7.5,418,scattergories,berry,berry
fruitb,qwen2.5:7b,7.5,419,scattergories,banana,banana
fruitb,qwen2.5:7b,7.5,420,scattergories,banana,banana
fruitb,qwen2.5:7b,7.5,421,scattergories,blueberry,blueberry
fruitb,qwen2.5:7b,7.5,422,scattergories,banana,banana
fruitb,qwen2.5:7b,7.5,423,scattergories,berry,berry
fruitb,qwen2.5:7b,7.5,424,scattergories,berry,berry
fruitb,qwen2.5:7b,7.5,425,scattergories,banana,banana
fruitb,qwen2.5:7b,7.5,426,scattergories,blueberry,blueberry
fruitb,qwen2.5:7b,7.5,427,scattergories,berry,berry
fruitb,qwen2.5:7b,7.5,428,scattergories,blueberry,blueberry
fruitb,qwen2.5:7b,7.5,429,scattergories,berry,berry
fruitb,qwen2.5:7b,7.5,430,scattergories,banana,banana
fruitb,qwen2.5:7b,7.5,431,scattergories,banana,banana
fruitb,qwen2.5:7b,7.5,432,scattergories,banana,banana
fruitb,qwen2.5:7b,7.5,433,scattergories,banana,banana
fruitb,qwen2.5:7b,7.5,434,scattergories,blueberry,blueberry
fruitb,qwen2.5:7b,7.5,435,scattergories,banana,banana
fruitb,qwen2.5:7b,7.5,436,scattergories,blueberry,blueberry
fruitb,qwen2.5:7b,7.5,437,scattergories,banana,banana
fruitb,qwen2.5:7b,7.5,438,scattergories,blueberry,blueberry
fruitb,qwen2.5:7b,7.5,439,scattergories,blueberry,blueberry
fruitb,qwen2.5:7b,7.5,440,scattergories,berry,berry
fruitb,qwen2.5:7b,7.5,441,scattergories,banana,banana
fruitb,qwen2.5:7b,7.5,442,scattergories,banana,banana
fruitb,qwen2.5:7b,7.5,443,scattergories,banana,banana
fruitb,qwen2.5:7b,7.5,444,scattergories,blueberry,blueberry
fruitb,qwen2.5:7b,7.5,445,scattergories,blueberry,blueberry
fruitb,qwen2.5:7b,7.5,446,scattergories,blueberry,blueberry
fruitb,qwen2.5:7b,7.5,447,scattergories,blueberry,blueberry
fruitb,qwen2.5:7b,7.5,448,scattergories,banana,banana
fruitb,qwen2.5:7b,7.5,449,scattergories,berry,berry
fruitb,qwen2.5:7b,7.5,450,scattergories,blueberry,blueberry
fruitb,qwen2.5:7b,7.5,451,scattergories,blueberry,blueberry
fruitb,qwen2.5:7b,7.5,452,scattergories,berry,berry
fruitb,qwen2.5:7b,7.5,453,scattergories,berry,berry
fruitb,qwen2.5:7b,7.5,454,scattergories,berry,berry
fruitb,qwen2.5:7b,7.5,455,scattergories,blueberry,blueberry
fruitb,qwen2.5:7b,7.5,456,scattergories,banana,banana
fruitb,qwen2.5:7b,7.5,457,scattergories,banana,banana
fruitb,qwen2.5:7b,7.5,458,scattergories,banana,banana
fruitb,qwen2.5:7b,7.5,459,scattergories,banana,banana
fruitb,qwen2.5:7b,7.5,460,scattergories,banana,banana
fruitb,qwen2.5:7b,7.5,461,scattergories,blueberry,blueberry
fruitb,qwen2.5:7b,7.5,462,scattergories,blueberry,blueberry
fruitb,qwen2.5:7b,7.5,463,scattergories,blueberry,blueberry
fruitb,qwen2.5:7b,7.5,464,scattergories,berry,berry
fruitb,qwen2.5:7b,7.5,465,scattergories,blueberry,blueberry
fruitb,qwen2.5:7b,7.5,466,scattergories,berry,berry
fruitb,qwen2.5:7b,7.5,467,scattergories,banana,banana
fruitb,qwen2.5:7b,7.5,468,scattergories,banana,banana
fruitb,qwen2.5:7b,7.5,469,scattergories,blueberry,blueberry
fruitb,qwen2.5:7b,7.5,470,scattergories,berry,berry
fruitb,qwen2.5:7b,7.5,471,scattergories,blueberry,blueberry
fruitb,qwen2.5:7b,7.5,472,scattergories,berry,berry
fruitb,qwen2.5:7b,7.5,473,scattergories,blueberry,blueberry
fruitb,qwen2.5:7b,7.5,474,scattergories,berry,berry
fruitb,qwen2.5:7b,7.5,475,scattergories,berry,berry
fruitb,qwen2.5:7b,7.5,476,scattergories,blueberry,blueberry
fruitb,qwen2.5:7b,7.5,477,scattergories,banana,banana
fruitb,qwen2.5:7b,7.5,478,scattergories,banana,banana
fruitb,qwen2.5:7b,7.5,479,scattergories,blueberry,blueberry
fruitb,qwen2.5:7b,7.5,480,scattergories,berry,berry
fruitb,qwen2.5:7b,7.5,481,scattergories,blueberry,blueberry
fruitb,qwen2.5:7b,7.5,482,scattergories,blueberry,blueberry
fruitb,qwen2.5:7b,7.5,483,scattergories,blueberry,blueberry
fruitb,qwen2.5:7b,7.5,484,scattergories,berry,berry
fruitb,qwen2.5:7b,7.5,485,scattergories,banana,banana
fruitb,qwen2.5:7b,7.5,486,scattergories,berry,berry
fruitb,qwen2.5:7b,7.5,487,scattergories,banana,banana
fruitb,qwen2.5:7b,7.5,488,scattergories,banana,banana
fruitb,qwen2.5:7b,7.5,489,scattergories,berry,berry
fruitb,qwen2.5:7b,7.5,490,scattergories,blueberry,blueberry
fruitb,qwen2.5:7b,7.5,491,scattergories,banana,banana
fruitb,qwen2.5:7b,7.5,492,scattergories,banana,banana
fruitb,qwen2.5:7b,7.5,493,scattergories,berry,berry
fruitb,qwen2.5:7b,7.5,494,scattergories,banana,banana
fruitb,qwen2.5:7b,7.5,495,scattergories,blueberry,blueberry
fruitb,qwen2.5:7b,7.5,496,scattergories,berry,berry
fruitb,qwen2.5:7b,7.5,497,scattergories,blueberry,blueberry
fruitb,qwen2.5:7b,7.5,498,scattergories,banana,banana
fruitb,qwen2.5:7b,7.5,499,scattergories,blueberry,blueberry
fruitb,qwen2.5:7b,10.0,0,scattergories,blueberry,blueberry
fruitb,qwen2.5:7b,10.0,1,scattergories,blueberry,blueberry
fruitb,qwen2.5:7b,10.0,2,scattergories,berry,berry
fruitb,qwen2.5:7b,10.0,3,scattergories,blueberry,blueberry
fruitb,qwen2.5:7b,10.0,4,scattergories,banana,banana
fruitb,qwen2.5:7b,10.0,5,scattergories,berry,berry
fruitb,qwen2.5:7b,10.0,6,scattergories,blueberry,blueberry
fruitb,qwen2.5:7b,10.0,7,scattergories,berry,berry
fruitb,qwen2.5:7b,10.0,8,scattergories,blueberry,blueberry
fruitb,qwen2.5:7b,10.0,9,scattergories,blueberry,blueberry
fruitb,qwen2.5:7b,10.0,10,scattergories,banana,banana
fruitb,qwen2.5:7b,10.0,11,scattergories,banana,banana
fruitb,qwen2.5:7b,10.0,12,scattergories,banana,banana
fruitb,qwen2.5:7b,10.0,13,scattergories,berry,berry
fruitb,qwen2.5:7b,10.0,14,scattergories,berry,berry
fruitb,qwen2.5:7b,10.0,15,scattergories,berry,berry
fruitb,qwen2.5:7b,10.0,16,scattergories,banana,banana
fruitb,qwen2.5:7b,10.0,17,scattergories,berry,berry
fruitb,qwen2.5:7b,10.0,18,scattergories,berry,berry
fruitb,qwen2.5:7b,10.0,19,scattergories,berry,berry
fruitb,qwen2.5:7b,10.0,20,scattergories,berry,berry
fruitb,qwen2.5:7b,10.0,21,scattergories,banana,banana
fruitb,qwen2.5:7b,10.0,22,scattergories,blueberry,blueberry
fruitb,qwen2.5:7b,10.0,23,scattergories,banana,banana
fruitb,qwen2.5:7b,10.0,24,scattergories,berry,berry
fruitb,qwen2.5:7b,10.0,25,scattergories,blueberry,blueberry
fruitb,qwen2.5:7b,10.0,26,scattergories,banana,banana
fruitb,qwen2.5:7b,10.0,27,scattergories,banana,banana
fruitb,qwen2.5:7b,10.0,28,scattergories,berry,berry
fruitb,qwen2.5:7b,10.0,29,scattergories,banana,banana
fruitb,qwen2.5:7b,10.0,30,scattergories,banana,banana
fruitb,qwen2.5:7b,10.0,31,scattergories,blueberry,blueberry
fruitb,qwen2.5:7b,10.0,32,scattergories,banana,banana
fruitb,qwen2.5:7b,10.0,33,scattergories,berry,berry
fruitb,qwen2.5:7b,10.0,34,scattergories,berry,berry
fruitb,qwen2.5:7b,10.0,35,scattergories,banana,banana
fruitb,qwen2.5:7b,10.0,36,scattergories,banana,banana
fruitb,qwen2.5:7b,10.0,37,scattergories,blueberry,blueberry
fruitb,qwen2.5:7b,10.0,38,scattergories,berry,berry
fruitb,qwen2.5:7b,10.0,39,scattergories,banana,banana
fruitb,qwen2.5:7b,10.0,40,scattergories,banana,banana
fruitb,qwen2.5:7b,10.0,41,scattergories,banana,banana
fruitb,qwen2.5:7b,10.0,42,scattergories,berry,berry
fruitb,qwen2.5:7b,10.0,43,scattergories,blueberry,blueberry
fruitb,qwen2.5:7b,10.0,44,scattergories,blueberry,blueberry
fruitb,qwen2.5:7b,10.0,45,scattergories,berry,berry
fruitb,qwen2.5:7b,10.0,46,scattergories,banana,banana
fruitb,qwen2.5:7b,10.0,47,scattergories,berry,berry
fruitb,qwen2.5:7b,10.0,48,scattergories,banana,banana
fruitb,qwen2.5:7b,10.0,49,scattergories,blueberry,blueberry
fruitb,qwen2.5:7b,10.0,50,scattergories,berry,berry
fruitb,qwen2.5:7b,10.0,51,scattergories,banana,banana
fruitb,qwen2.5:7b,10.0,52,scattergories,blueberry,blueberry
fruitb,qwen2.5:7b,10.0,53,scattergories,berry,berry
fruitb,qwen2.5:7b,10.0,54,scattergories,banana,banana
fruitb,qwen2.5:7b,10.0,55,scattergories,banana,banana
fruitb,qwen2.5:7b,10.0,56,scattergories,blueberry,blueberry
fruitb,qwen2.5:7b,10.0,57,scattergories,berry,berry
fruitb,qwen2.5:7b,10.0,58,scattergories,blueberry,blueberry
fruitb,qwen2.5:7b,10.0,59,scattergories,berry,berry
fruitb,qwen2.5:7b,10.0,60,scattergories,banana,banana
fruitb,qwen2.5:7b,10.0,61,scattergories,berry,berry
fruitb,qwen2.5:7b,10.0,62,scattergories,blueberry,blueberry
fruitb,qwen2.5:7b,10.0,63,scattergories,banana,banana
fruitb,qwen2.5:7b,10.0,64,scattergories,berry,berry
fruitb,qwen2.5:7b,10.0,65,scattergories,banana,banana
fruitb,qwen2.5:7b,10.0,66,scattergories,berry,berry
fruitb,qwen2.5:7b,10.0,67,scattergories,banana,banana
fruitb,qwen2.5:7b,10.0,68,scattergories,berry,berry
fruitb,qwen2.5:7b,10.0,69,scattergories,blueberry,blueberry
fruitb,qwen2.5:7b,10.0,70,scattergories,berry,berry
fruitb,qwen2.5:7b,10.0,71,scattergories,blueberry,blueberry
fruitb,qwen2.5:7b,10.0,72,scattergories,banana,banana
fruitb,qwen2.5:7b,10.0,73,scattergories,blueberry,blueberry
fruitb,qwen2.5:7b,10.0,74,scattergories,blueberry,blueberry
fruitb,qwen2.5:7b,10.0,75,scattergories,blueberry,blueberry
fruitb,qwen2.5:7b,10.0,76,scattergories,berry,berry
fruitb,qwen2.5:7b,10.0,77,scattergories,blueberry,blueberry
fruitb,qwen2.5:7b,10.0,78,scattergories,blueberry,blueberry
fruitb,qwen2.5:7b,10.0,79,scattergories,blueberry,blueberry
fruitb,qwen2.5:7b,10.0,80,scattergories,berry,berry
fruitb,qwen2.5:7b,10.0,81,scattergories,banana,banana
fruitb,qwen2.5:7b,10.0,82,scattergories,blueberry,blueberry
fruitb,qwen2.5:7b,10.0,83,scattergories,blueberry,blueberry
fruitb,qwen2.5:7b,10.0,84,scattergories,berry,berry
fruitb,qwen2.5:7b,10.0,85,scattergories,berry,berry
fruitb,qwen2.5:7b,10.0,86,scattergories,berry,berry
fruitb,qwen2.5:7b,10.0,87,scattergories,berry,berry
fruitb,qwen2.5:7b,10.0,88,scattergories,banana,banana
fruitb,qwen2.5:7b,10.0,89,scattergories,berry,berry
fruitb,qwen2.5:7b,10.0,90,scattergories,blueberry,blueberry
fruitb,qwen2.5:7b,10.0,91,scattergories,banana,banana
fruitb,qwen2.5:7b,10.0,92,scattergories,blueberry,blueberry
fruitb,qwen2.5:7b,10.0,93,scattergories,berry,berry
fruitb,qwen2.5:7b,10.0,94,scattergories,berry,berry
fruitb,qwen2.5:7b,10.0,95,scattergories,banana,banana
fruitb,qwen2.5:7b,10.0,96,scattergories,banana,banana
fruitb,qwen2.5:7b,10.0,97,scattergories,berry,berry
fruitb,qwen2.5:7b,10.0,98,scattergories,blueberry,blueberry
fruitb,qwen2.5:7b,10.0,99,scattergories,banana,banana
fruitb,qwen2.5:7b,10.0,100,scattergories,blueberry,blueberry
fruitb,qwen2.5:7b,10.0,101,scattergories,blueberry,blueberry
fruitb,qwen2.5:7b,10.0,102,scattergories,banana,banana
fruitb,qwen2.5:7b,10.0,103,scattergories,berry,berry
fruitb,qwen2.5:7b,10.0,104,scattergories,berry,berry
fruitb,qwen2.5:7b,10.0,105,scattergories,berry,berry
fruitb,qwen2.5:7b,10.0,106,scattergories,banana,banana
fruitb,qwen2.5:7b,10.0,107,scattergories,berry,berry
fruitb,qwen2.5:7b,10.0,108,scattergories,banana,banana
fruitb,qwen2.5:7b,10.0,109,scattergories,berry,berry
fruitb,qwen2.5:7b,10.0,110,scattergories,blueberry,blueberry
fruitb,qwen2.5:7b,10.0,111,scattergories,banana,banana
fruitb,qwen2.5:7b,10.0,112,scattergories,blueberry,blueberry
fruitb,qwen2.5:7b,10.0,113,scattergories,blueberry,blueberry
fruitb,qwen2.5:7b,10.0,114,scattergories,blueberry,blueberry
fruitb,qwen2.5:7b,10.0,115,scattergories,banana,banana
fruitb,qwen2.5:7b,10.0,116,scattergories,berry,berry
fruitb,qwen2.5:7b,10.0,117,scattergories,blueberry,blueberry
fruitb,qwen2.5:7b,10.0,118,scattergories,banana,banana
fruitb,qwen2.5:7b,10.0,119,scattergories,blueberry,blueberry
fruitb,qwen2.5:7b,10.0,120,scattergories,banana,banana
fruitb,qwen2.5:7b,10.0,121,scattergories,berry,berry
fruitb,qwen2.5:7b,10.0,122,scattergories,blueberry,blueberry
fruitb,qwen2.5:7b,10.0,123,scattergories,berry,berry
fruitb,qwen2.5:7b,10.0,124,scattergories,blueberry,blueberry
fruitb,qwen2.5:7b,10.0,125,scattergories,banana,banana
fruitb,qwen2.5:7b,10.0,126,scattergories,berry,berry
fruitb,qwen2.5:7b,10.0,127,scattergories,berry,berry
fruitb,qwen2.5:7b,10.0,128,scattergories,berry,berry
fruitb,qwen2.5:7b,10.0,129,scattergories,banana,banana
fruitb,qwen2.5:7b,10.0,130,scattergories,blueberry,blueberry
fruitb,qwen2.5:7b,10.0,131,scattergories,berry,berry
fruitb,qwen2.5:7b,10.0,132,scattergories,blueberry,blueberry
fruitb,qwen2.5:7b,10.0,133,scattergories,banana,banana
fruitb,qwen2.5:7b,10.0,134,scattergories,blueberry,blueberry
fruitb,qwen2.5:7b,10.0,135,scattergories,berry,berry
fruitb,qwen2.5:7b,10.0,136,scattergories,banana,banana
fruitb,qwen2.5:7b,10.0,137,scattergories,berry,berry
fruitb,qwen2.5:7b,10.0,138,scattergories,banana,banana
fruitb,qwen2.5:7b,10.0,139,scattergories,blueberry,blueberry
fruitb,qwen2.5:7b,10.0,140,scattergories,berry,berry
fruitb,qwen2.5:7b,10.0,141,scattergories,berry,berry
fruitb,qwen2.5:7b,10.0,142,scattergories,berry,berry
fruitb,qwen2.5:7b,10.0,143,scattergories,blueberry,blueberry
fruitb,qwen2.5:7b,10.0,144,scattergories,banana,banana
fruitb,qwen2.5:7b,10.0,145,scattergories,blueberry,blueberry
fruitb,qwen2.5:7b,10.0,146,scattergories,berry,berry
fruitb,qwen2.5:7b,10.0,147,scattergories,blueberry,blueberry
fruitb,qwen2.5:7b,10.0,148,scattergories,berry,berry
fruitb,qwen2.5:7b,10.0,149,scattergories,banana,banana
fruitb,qwen2.5:7b,10.0,150,scattergories,blueberry,blueberry
fruitb,qwen2.5:7b,10.0,151,scattergories,berry,berry
fruitb,qwen2.5:7b,10.0,152,scattergories,blueberry,blueberry
fruitb,qwen2.5:7b,10.0,153,scattergories,berry,berry
fruitb,qwen2.5:7b,10.0,154,scattergories,blueberry,blueberry
fruitb,qwen2.5:7b,10.0,155,scattergories,banana,banana
fruitb,qwen2.5:7b,10.0,156,scattergories,blueberry,blueberry
fruitb,qwen2.5:7b,10.0,157,scattergories,blueberry,blueberry
fruitb,qwen2.5:7b,10.0,158,scattergories,blueberry,blueberry
fruitb,qwen2.5:7b,10.0,159,scattergories,blueberry,blueberry
fruitb,qwen2.5:7b,10.0,160,scattergories,banana,banana
fruitb,qwen2.5:7b,10.0,161,scattergories,berry,berry
fruitb,qwen2.5:7b,10.0,162,scattergories,banana,banana
fruitb,qwen2.5:7b,10.0,163,scattergories,blueberry,blueberry
fruitb,qwen2.5:7b,10.0,164,scattergories,berry,berry
fruitb,qwen2.5:7b,10.0,165,scattergories,banana,banana
fruitb,qwen2.5:7b,10.0,166,scattergories,banana,banana
fruitb,qwen2.5:7b,10.0,167,scattergories,berry,berry
fruitb,qwen2.5:7b,10.0,168,scattergories,blueberry,blueberry
fruitb,qwen2.5:7b,10.0,169,scattergories,banana,banana
fruitb,qwen2.5:7b,10.0,170,scattergories,banana,banana
fruitb,qwen2.5:7b,10.0,171,scattergories,blueberry,blueberry
fruitb,qwen2.5:7b,10.0,172,scattergories,banana,banana
fruitb,qwen2.5:7b,10.0,173,scattergories,banana,banana
fruitb,qwen2.5:7b,10.0,174,scattergories,berry,berry
fruitb,qwen2.5:7b,10.0,175,scattergories,banana,banana
fruitb,qwen2.5:7b,10.0,176,scattergories,banana,banana
fruitb,qwen2.5:7b,10.0,177,scattergories,blueberry,blueberry
fruitb,qwen2.5:7b,10.0,178,scattergories,blueberry,blueberry
fruitb,qwen2.5:7b,10.0,179,scattergories,berry,berry
fruitb,qwen2.5:7b,10.0,180,scattergories,blueberry,blueberry
fruitb,qwen2.5:7b,10.0,181,scattergories,berry,berry
fruitb,qwen2.5:7b,10.0,182,scattergories,blueberry,blueberry
fruitb,qwen2.5:7b,10.0,183,scattergories,blueberry,blueberry
fruitb,qwen2.5:7b,10.0,184,scattergories,berry,berry
fruitb,qwen2.5:7b,10.0,185,scattergories,blueberry,blueberry
fruitb,qwen2.5:7b,10.0,186,scattergories,banana,banana
fruitb,qwen2.5:7b,10.0,187,scattergories,blueberry,blueberry
fruitb,qwen2.5:7b,10.0,188,scattergories,berry,berry
fruitb,qwen2.5:7b,10.0,189,scattergories,berry,berry
fruitb,qwen2.5:7b,10.0,190,scattergories,blueberry,blueberry
fruitb,qwen2.5:7b,10.0,191,scattergories,berry,berry
fruitb,qwen2.5:7b,10.0,192,scattergories,blueberry,blueberry
fruitb,qwen2.5:7b,10.0,193,scattergories,banana,banana
fruitb,qwen2.5:7b,10.0,194,scattergories,blueberry,blueberry
fruitb,qwen2.5:7b,10.0,195,scattergories,berry,berry
fruitb,qwen2.5:7b,10.0,196,scattergories,blueberry,blueberry
fruitb,qwen2.5:7b,10.0,197,scattergories,berry,berry
fruitb,qwen2.5:7b,10.0,198,scattergories,banana,banana
fruitb,qwen2.5:7b,10.0,199,scattergories,banana,banana
fruitb,qwen2.5:7b,10.0,200,scattergories,berry,berry
fruitb,qwen2.5:7b,10.0,201,scattergories,banana,banana
fruitb,qwen2.5:7b,10.0,202,scattergories,blueberry,blueberry
fruitb,qwen2.5:7b,10.0,203,scattergories,blueberry,blueberry
fruitb,qwen2.5:7b,10.0,204,scattergories,blueberry,blueberry
fruitb,qwen2.5:7b,10.0,205,scattergories,berry,berry
fruitb,qwen2.5:7b,10.0,206,scattergories,berry,berry
fruitb,qwen2.5:7b,10.0,207,scattergories,berry,berry
fruitb,qwen2.5:7b,10.0,208,scattergories,banana,banana
fruitb,qwen2.5:7b,10.0,209,scattergories,banana,banana
fruitb,qwen2.5:7b,10.0,210,scattergories,blueberry,blueberry
fruitb,qwen2.5:7b,10.0,211,scattergories,banana,banana
fruitb,qwen2.5:7b,10.0,212,scattergories,berry,berry
fruitb,qwen2.5:7b,10.0,213,scattergories,banana,banana
fruitb,qwen2.5:7b,10.0,214,scattergories,berry,berry
fruitb,qwen2.5:7b,10.0,215,scattergories,blueberry,blueberry
fruitb,qwen2.5:7b,10.0,216,scattergories,banana,banana
fruitb,qwen2.5:7b,10.0,217,scattergories,berry,berry
fruitb,qwen2.5:7b,10.0,218,scattergories,berry,berry
fruitb,qwen2.5:7b,10.0,219,scattergories,berry,berry
fruitb,qwen2.5:7b,10.0,220,scattergories,blueberry,blueberry
fruitb,qwen2.5:7b,10.0,221,scattergories,blueberry,blueberry
fruitb,qwen2.5:7b,10.0,222,scattergories,blueberry,blueberry
fruitb,qwen2.5:7b,10.0,223,scattergories,berry,berry
fruitb,qwen2.5:7b,10.0,224,scattergories,blueberry,blueberry
fruitb,qwen2.5:7b,10.0,225,scattergories,blueberry,blueberry
fruitb,qwen2.5:7b,10.0,226,scattergories,berry,berry
fruitb,qwen2.5:7b,10.0,227,scattergories,blueberry,blueberry
fruitb,qwen2.5:7b,10.0,228,scattergories,berry,berry
fruitb,qwen2.5:7b,10.0,229,scattergories,blueberry,blueberry
fruitb,qwen2.5:7b,10.0,230,scattergories,banana,banana
fruitb,qwen2.5:7b,10.0,231,scattergories,berry,berry
fruitb,qwen2.5:7b,10.0,232,scattergories,blueberry,blueberry
fruitb,qwen2.5:7b,10.0,233,scattergories,berry,berry
fruitb,qwen2.5:7b,10.0,234,scattergories,blueberry,blueberry
fruitb,qwen2.5:7b,10.0,235,scattergories,blueberry,blueberry
fruitb,qwen2.5:7b,10.0,236,scattergories,blueberry,blueberry
fruitb,qwen2.5:7b,10.0,237,scattergories,banana,banana
fruitb,qwen2.5:7b,10.0,238,scattergories,berry,berry
fruitb,qwen2.5:7b,10.0,239,scattergories,banana,banana
fruitb,qwen2.5:7b,10.0,240,scattergories,blueberry,blueberry
fruitb,qwen2.5:7b,10.0,241,scattergories,blueberry,blueberry
fruitb,qwen2.5:7b,10.0,242,scattergories,blueberry,blueberry
fruitb,qwen2.5:7b,10.0,243,scattergories,banana,banana
fruitb,qwen2.5:7b,10.0,244,scattergories,banana,banana
fruitb,qwen2.5:7b,10.0,245,scattergories,banana,banana
fruitb,qwen2.5:7b,10.0,246,scattergories,blueberry,blueberry
fruitb,qwen2.5:7b,10.0,247,scattergories,blueberry,blueberry
fruitb,qwen2.5:7b,10.0,248,scattergories,blueberry,blueberry
fruitb,qwen2.5:7b,10.0,249,scattergories,blueberry,blueberry
fruitb,qwen2.5:7b,10.0,250,scattergories,berry,berry
fruitb,qwen2.5:7b,10.0,251,scattergories,berry,berry
fruitb,qwen2.5:7b,10.0,252,scattergories,banana,banana
fruitb,qwen2.5:7b,10.0,253,scattergories,blueberry,blueberry
fruitb,qwen2.5:7b,10.0,254,scattergories,blueberry,blueberry
fruitb,qwen2.5:7b,10.0,255,scattergories,banana,banana
fruitb,qwen2.5:7b,10.0,256,scattergories,banana,banana
fruitb,qwen2.5:7b,10.0,257,scattergories,blueberry,blueberry
fruitb,qwen2.5:7b,10.0,258,scattergories,banana,banana
fruitb,qwen2.5:7b,10.0,259,scattergories,blueberry,blueberry
fruitb,qwen2.5:7b,10.0,260,scattergories,blueberry,blueberry
fruitb,qwen2.5:7b,10.0,261,scattergories,berry,berry
fruitb,qwen2.5:7b,10.0,262,scattergories,berry,berry
fruitb,qwen2.5:7b,10.0,263,scattergories,banana,banana
fruitb,qwen2.5:7b,10.0,264,scattergories,banana,banana
fruitb,qwen2.5:7b,10.0,265,scattergories,banana,banana
fruitb,qwen2.5:7b,10.0,266,scattergories,banana,banana
fruitb,qwen2.5:7b,10.0,267,scattergories,blueberry,blueberry
fruitb,qwen2.5:7b,10.0,268,scattergories,berry,berry
fruitb,qwen2.5:7b,10.0,269,scattergories,banana,banana
fruitb,qwen2.5:7b,10.0,270,scattergories,blueberry,blueberry
fruitb,qwen2.5:7b,10.0,271,scattergories,berry,berry
fruitb,qwen2.5:7b,10.0,272,scattergories,blueberry,blueberry
fruitb,qwen2.5:7b,10.0,273,scattergories,berry,berry
fruitb,qwen2.5:7b,10.0,274,scattergories,berry,berry
fruitb,qwen2.5:7b,10.0,275,scattergories,banana,banana
fruitb,qwen2.5:7b,10.0,276,scattergories,berry,berry
fruitb,qwen2.5:7b,10.0,277,scattergories,blueberry,blueberry
fruitb,qwen2.5:7b,10.0,278,scattergories,berry,berry
fruitb,qwen2.5:7b,10.0,279,scattergories,blueberry,blueberry
fruitb,qwen2.5:7b,10.0,280,scattergories,blueberry,blueberry
fruitb,qwen2.5:7b,10.0,281,scattergories,berry,berry
fruitb,qwen2.5:7b,10.0,282,scattergories,blueberry,blueberry
fruitb,qwen2.5:7b,10.0,283,scattergories,banana,banana
fruitb,qwen2.5:7b,10.0,284,scattergories,banana,banana
fruitb,qwen2.5:7b,10.0,285,scattergories,banana,banana
fruitb,qwen2.5:7b,10.0,286,scattergories,blueberry,blueberry
fruitb,qwen2.5:7b,10.0,287,scattergories,berry,berry
fruitb,qwen2.5:7b,10.0,288,scattergories,berry,berry
fruitb,qwen2.5:7b,10.0,289,scattergories,blueberry,blueberry
fruitb,qwen2.5:7b,10.0,290,scattergories,banana,banana
fruitb,qwen2.5:7b,10.0,291,scattergories,blueberry,blueberry
fruitb,qwen2.5:7b,10.0,292,scattergories,berry,berry
fruitb,qwen2.5:7b,10.0,293,scattergories,blueberry,blueberry
fruitb,qwen2.5:7b,10.0,294,scattergories,banana,banana
fruitb,qwen2.5:7b,10.0,295,scattergories,banana,banana
fruitb,qwen2.5:7b,10.0,296,scattergories,berry,berry
fruitb,qwen2.5:7b,10.0,297,scattergories,banana,banana
fruitb,qwen2.5:7b,10.0,298,scattergories,berry,berry
fruitb,qwen2.5:7b,10.0,299,scattergories,berry,berry
fruitb,qwen2.5:7b,10.0,300,scattergories,banana,banana
fruitb,qwen2.5:7b,10.0,301,scattergories,blueberry,blueberry
fruitb,qwen2.5:7b,10.0,302,scattergories,banana,banana
fruitb,qwen2.5:7b,10.0,303,scattergories,banana,banana
fruitb,qwen2.5:7b,10.0,304,scattergories,berry,berry
fruitb,qwen2.5:7b,10.0,305,scattergories,berry,berry
fruitb,qwen2.5:7b,10.0,306,scattergories,banana,banana
fruitb,qwen2.5:7b,10.0,307,scattergories,berry,berry
fruitb,qwen2.5:7b,10.0,308,scattergories,banana,banana
fruitb,qwen2.5:7b,10.0,309,scattergories,blueberry,blueberry
fruitb,qwen2.5:7b,10.0,310,scattergories,berry,berry
fruitb,qwen2.5:7b,10.0,311,scattergories,blueberry,blueberry
fruitb,qwen2.5:7b,10.0,312,scattergories,blueberry,blueberry
fruitb,qwen2.5:7b,10.0,313,scattergories,blueberry,blueberry
fruitb,qwen2.5:7b,10.0,314,scattergories,banana,banana
fruitb,qwen2.5:7b,10.0,315,scattergories,blueberry,blueberry
fruitb,qwen2.5:7b,10.0,316,scattergories,berry,berry
fruitb,qwen2.5:7b,10.0,317,scattergories,berry,berry
fruitb,qwen2.5:7b,10.0,318,scattergories,berry,berry
fruitb,qwen2.5:7b,10.0,319,scattergories,blueberry,blueberry
fruitb,qwen2.5:7b,10.0,320,scattergories,blueberry,blueberry
fruitb,qwen2.5:7b,10.0,321,scattergories,banana,banana
fruitb,qwen2.5:7b,10.0,322,scattergories,banana,banana
fruitb,qwen2.5:7b,10.0,323,scattergories,blueberry,blueberry
fruitb,qwen2.5:7b,10.0,324,scattergories,blueberry,blueberry
fruitb,qwen2.5:7b,10.0,325,scattergories,banana,banana
fruitb,qwen2.5:7b,10.0,326,scattergories,blueberry,blueberry
fruitb,qwen2.5:7b,10.0,327,scattergories,berry,berry
fruitb,qwen2.5:7b,10.0,328,scattergories,blueberry,blueberry
fruitb,qwen2.5:7b,10.0,329,scattergories,blueberry,blueberry
fruitb,qwen2.5:7b,10.0,330,scattergories,berry,berry
fruitb,qwen2.5:7b,10.0,331,scattergories,berry,berry
fruitb,qwen2.5:7b,10.0,332,scattergories,berry,berry
fruitb,qwen2.5:7b,10.0,333,scattergories,banana,banana
fruitb,qwen2.5:7b,10.0,334,scattergories,banana,banana
fruitb,qwen2.5:7b,10.0,335,scattergories,banana,banana
fruitb,qwen2.5:7b,10.0,336,scattergories,banana,banana
fruitb,qwen2.5:7b,10.0,337,scattergories,blueberry,blueberry
fruitb,qwen2.5:7b,10.0,338,scattergories,blueberry,blueberry
fruitb,qwen2.5:7b,10.0,339,scattergories,banana,banana
fruitb,qwen2.5:7b,10.0,340,scattergories,blueberry,blueberry
fruitb,qwen2.5:7b,10.0,341,scattergories,banana,banana
fruitb,qwen2.5:7b,10.0,342,scattergories,blueberry,blueberry
fruitb,qwen2.5:7b,10.0,343,scattergories,berry,berry
fruitb,qwen2.5:7b,10.0,344,scattergories,blueberry,blueberry
fruitb,qwen2.5:7b,10.0,345,scattergories,blueberry,blueberry
fruitb,qwen2.5:7b,10.0,346,scattergories,berry,berry
fruitb,qwen2.5:7b,10.0,347,scattergories,banana,banana
fruitb,qwen2.5:7b,10.0,348,scattergories,banana,banana
fruitb,qwen2.5:7b,10.0,349,scattergories,berry,berry
fruitb,qwen2.5:7b,10.0,350,scattergories,banana,banana
fruitb,qwen2.5:7b,10.0,351,scattergories,banana,banana
fruitb,qwen2.5:7b,10.0,352,scattergories,banana,banana
fruitb,qwen2.5:7b,10.0,353,scattergories,berry,berry
fruitb,qwen2.5:7b,10.0,354,scattergories,berry,berry
fruitb,qwen2.5:7b,10.0,355,scattergories,banana,banana
fruitb,qwen2.5:7b,10.0,356,scattergories,blueberry,blueberry
fruitb,qwen2.5:7b,10.0,357,scattergories,blueberry,blueberry
fruitb,qwen2.5:7b,10.0,358,scattergories,banana,banana
fruitb,qwen2.5:7b,10.0,359,scattergories,blueberry,blueberry
fruitb,qwen2.5:7b,10.0,360,scattergories,banana,banana
fruitb,qwen2.5:7b,10.0,361,scattergories,banana,banana
fruitb,qwen2.5:7b,10.0,362,scattergories,berry,berry
fruitb,qwen2.5:7b,10.0,363,scattergories,banana,banana
fruitb,qwen2.5:7b,10.0,364,scattergories,banana,banana
fruitb,qwen2.5:7b,10.0,365,scattergories,banana,banana
fruitb,qwen2.5:7b,10.0,366,scattergories,berry,berry
fruitb,qwen2.5:7b,10.0,367,scattergories,blueberry,blueberry
fruitb,qwen2.5:7b,10.0,368,scattergories,blueberry,blueberry
fruitb,qwen2.5:7b,10.0,369,scattergories,berry,berry
fruitb,qwen2.5:7b,10.0,370,scattergories,banana,banana
fruitb,qwen2.5:7b,10.0,371,scattergories,blueberry,blueberry
fruitb,qwen2.5:7b,10.0,372,scattergories,blueberry,blueberry
fruitb,qwen2.5:7b,10.0,373,scattergories,berry,berry
fruitb,qwen2.5:7b,10.0,374,scattergories,banana,banana
fruitb,qwen2.5:7b,10.0,375,scattergories,banana,banana
fruitb,qwen2.5:7b,10.0,376,scattergories,berry,berry
fruitb,qwen2.5:7b,10.0,377,scattergories,banana,banana
fruitb,qwen2.5:7b,10.0,378,scattergories,banana,banana
fruitb,qwen2.5:7b,10.0,379,scattergories,berry,berry
fruitb,qwen2.5:7b,10.0,380,scattergories,blueberry,blueberry
fruitb,qwen2.5:7b,10.0,381,scattergories,banana,banana
fruitb,qwen2.5:7b,10.0,382,scattergories,blueberry,blueberry
fruitb,qwen2.5:7b,10.0,383,scattergories,banana,banana
fruitb,qwen2.5:7b,10.0,384,scattergories,banana,banana
fruitb,qwen2.5:7b,10.0,385,scattergories,banana,banana
fruitb,qwen2.5:7b,10.0,386,scattergories,berry,berry
fruitb,qwen2.5:7b,10.0,387,scattergories,banana,banana
fruitb,qwen2.5:7b,10.0,388,scattergories,blueberry,blueberry
fruitb,qwen2.5:7b,10.0,389,scattergories,banana,banana
fruitb,qwen2.5:7b,10.0,390,scattergories,blueberry,blueberry
fruitb,qwen2.5:7b,10.0,391,scattergories,blueberry,blueberry
fruitb,qwen2.5:7b,10.0,392,scattergories,berry,berry
fruitb,qwen2.5:7b,10.0,393,scattergories,blueberry,blueberry
fruitb,qwen2.5:7b,10.0,394,scattergories,berry,berry
fruitb,qwen2.5:7b,10.0,395,scattergories,blueberry,blueberry
fruitb,qwen2.5:7b,10.0,396,scattergories,banana,banana
fruitb,qwen2.5:7b,10.0,397,scattergories,berry,berry
fruitb,qwen2.5:7b,10.0,398,scattergories,berry,berry
fruitb,qwen2.5:7b,10.0,399,scattergories,banana,banana
fruitb,qwen2.5:7b,10.0,400,scattergories,banana,banana
fruitb,qwen2.5:7b,10.0,401,scattergories,banana,banana
fruitb,qwen2.5:7b,10.0,402,scattergories,berry,berry
fruitb,qwen2.5:7b,10.0,403,scattergories,banana,banana
fruitb,qwen2.5:7b,10.0,404,scattergories,banana,banana
fruitb,qwen2.5:7b,10.0,405,scattergories,blueberry,blueberry
fruitb,qwen2.5:7b,10.0,406,scattergories,berry,berry
fruitb,qwen2.5:7b,10.0,407,scattergories,berry,berry
fruitb,qwen2.5:7b,10.0,408,scattergories,banana,banana
fruitb,qwen2.5:7b,10.0,409,scattergories,blueberry,blueberry
fruitb,qwen2.5:7b,10.0,410,scattergories,blueberry,blueberry
fruitb,qwen2.5:7b,10.0,411,scattergories,blueberry,blueberry
fruitb,qwen2.5:7b,10.0,412,scattergories,banana,banana
fruitb,qwen2.5:7b,10.0,413,scattergories,banana,banana
fruitb,qwen2.5:7b,10.0,414,scattergories,blueberry,blueberry
fruitb,qwen2.5:7b,10.0,415,scattergories,banana,banana
fruitb,qwen2.5:7b,10.0,416,scattergories,berry,berry
fruitb,qwen2.5:7b,10.0,417,scattergories,banana,banana
fruitb,qwen2.5:7b,10.0,418,scattergories,berry,berry
fruitb,qwen2.5:7b,10.0,419,scattergories,blueberry,blueberry
fruitb,qwen2.5:7b,10.0,420,scattergories,banana,banana
fruitb,qwen2.5:7b,10.0,421,scattergories,blueberry,blueberry
fruitb,qwen2.5:7b,10.0,422,scattergories,blueberry,blueberry
fruitb,qwen2.5:7b,10.0,423,scattergories,banana,banana
fruitb,qwen2.5:7b,10.0,424,scattergories,blueberry,blueberry
fruitb,qwen2.5:7b,10.0,425,scattergories,berry,berry
fruitb,qwen2.5:7b,10.0,426,scattergories,blueberry,blueberry
fruitb,qwen2.5:7b,10.0,427,scattergories,banana,banana
fruitb,qwen2.5:7b,10.0,428,scattergories,blueberry,blueberry
fruitb,qwen2.5:7b,10.0,429,scattergories,berry,berry
fruitb,qwen2.5:7b,10.0,430,scattergories,berry,berry
fruitb,qwen2.5:7b,10.0,431,scattergories,blueberry,blueberry
fruitb,qwen2.5:7b,10.0,432,scattergories,berry,berry
fruitb,qwen2.5:7b,10.0,433,scattergories,banana,banana
fruitb,qwen2.5:7b,10.0,434,scattergories,banana,banana
fruitb,qwen2.5:7b,10.0,435,scattergories,berry,berry
fruitb,qwen2.5:7b,10.0,436,scattergories,berry,berry
fruitb,qwen2.5:7b,10.0,437,scattergories,blueberry,blueberry
fruitb,qwen2.5:7b,10.0,438,scattergories,berry,berry
fruitb,qwen2.5:7b,10.0,439,scattergories,berry,berry
fruitb,qwen2.5:7b,10.0,440,scattergories,banana,banana
fruitb,qwen2.5:7b,10.0,441,scattergories,berry,berry
fruitb,qwen2.5:7b,10.0,442,scattergories,banana,banana
fruitb,qwen2.5:7b,10.0,443,scattergories,berry,berry
fruitb,qwen2.5:7b,10.0,444,scattergories,berry,berry
fruitb,qwen2.5:7b,10.0,445,scattergories,berry,berry
fruitb,qwen2.5:7b,10.0,446,scattergories,banana,banana
fruitb,qwen2.5:7b,10.0,447,scattergories,banana,banana
fruitb,qwen2.5:7b,10.0,448,scattergories,berry,berry
fruitb,qwen2.5:7b,10.0,449,scattergories,berry,berry
fruitb,qwen2.5:7b,10.0,450,scattergories,blueberry,blueberry
fruitb,qwen2.5:7b,10.0,451,scattergories,blueberry,blueberry
fruitb,qwen2.5:7b,10.0,452,scattergories,berry,berry
fruitb,qwen2.5:7b,10.0,453,scattergories,blueberry,blueberry
fruitb,qwen2.5:7b,10.0,454,scattergories,banana,banana
fruitb,qwen2.5:7b,10.0,455,scattergories,banana,banana
fruitb,qwen2.5:7b,10.0,456,scattergories,berry,berry
fruitb,qwen2.5:7b,10.0,457,scattergories,berry,berry
fruitb,qwen2.5:7b,10.0,458,scattergories,blueberry,blueberry
fruitb,qwen2.5:7b,10.0,459,scattergories,berry,berry
fruitb,qwen2.5:7b,10.0,460,scattergories,blueberry,blueberry
fruitb,qwen2.5:7b,10.0,461,scattergories,berry,berry
fruitb,qwen2.5:7b,10.0,462,scattergories,blueberry,blueberry
fruitb,qwen2.5:7b,10.0,463,scattergories,blueberry,blueberry
fruitb,qwen2.5:7b,10.0,464,scattergories,blueberry,blueberry
fruitb,qwen2.5:7b,10.0,465,scattergories,banana,banana
fruitb,qwen2.5:7b,10.0,466,scattergories,berry,berry
fruitb,qwen2.5:7b,10.0,467,scattergories,banana,banana
fruitb,qwen2.5:7b,10.0,468,scattergories,berry,berry
fruitb,qwen2.5:7b,10.0,469,scattergories,blueberry,blueberry
fruitb,qwen2.5:7b,10.0,470,scattergories,berry,berry
fruitb,qwen2.5:7b,10.0,471,scattergories,blueberry,blueberry
fruitb,qwen2.5:7b,10.0,472,scattergories,banana,banana
fruitb,qwen2.5:7b,10.0,473,scattergories,blueberry,blueberry
fruitb,qwen2.5:7b,10.0,474,scattergories,banana,banana
fruitb,qwen2.5:7b,10.0,475,scattergories,blueberry,blueberry
fruitb,qwen2.5:7b,10.0,476,scattergories,blueberry,blueberry
fruitb,qwen2.5:7b,10.0,477,scattergories,berry,berry
fruitb,qwen2.5:7b,10.0,478,scattergories,banana,banana
fruitb,qwen2.5:7b,10.0,479,scattergories,blueberry,blueberry
fruitb,qwen2.5:7b,10.0,480,scattergories,banana,banana
fruitb,qwen2.5:7b,10.0,481,scattergories,banana,banana
fruitb,qwen2.5:7b,10.0,482,scattergories,blueberry,blueberry
fruitb,qwen2.5:7b,10.0,483,scattergories,berry,berry
fruitb,qwen2.5:7b,10.0,484,scattergories,berry,berry
fruitb,qwen2.5:7b,10.0,485,scattergories,berry,berry
fruitb,qwen2.5:7b,10.0,486,scattergories,blueberry,blueberry
fruitb,qwen2.5:7b,10.0,487,scattergories,banana,banana
fruitb,qwen2.5:7b,10.0,488,scattergories,berry,berry
fruitb,qwen2.5:7b,10.0,489,scattergories,banana,banana
fruitb,qwen2.5:7b,10.0,490,scattergories,berry,berry
fruitb,qwen2.5:7b,10.0,491,scattergories,blueberry,blueberry
fruitb,qwen2.5:7b,10.0,492,scattergories,blueberry,blueberry
fruitb,qwen2.5:7b,10.0,493,scattergories,blueberry,blueberry
fruitb,qwen2.5:7b,10.0,494,scattergories,blueberry,blueberry
fruitb,qwen2.5:7b,10.0,495,scattergories,banana,banana
fruitb,qwen2.5:7b,10.0,496,scattergories,berry,berry
fruitb,qwen2.5:7b,10.0,497,scattergories,banana,banana
fruitb,qwen2.5:7b,10.0,498,scattergories,blueberry,blueberry
fruitb,qwen2.5:7b,10.0,499,scattergories,blueberry,blueberry
